Handle,Title,Body (HTML),Vendor,Product Type,Tags,Published,Option1 Name,Option1 Value,Option2 Name,Option2 Value,Variant SKU,Variant Price,Variant Compare At Price,Variant Inventory Qty
twessie-na-op-0101,Minimalist Crinkled Seersucker One-Piece,<p>A statement piece in Crinkled Seersucker. This one-piece combines anti-fashion statement design with impeccable craftsmanship. Available in Chalk White with Stone Gray detailing. Not loud. Not obvious. Unmistakably Twessie.</p>,Twessie,One-Piece,"Crinkled Seersucker bikini, minimalist luxury, minimalist one-piece, high-end swimwear, luxury Chalk White swimwear",TRUE,Color,Chalk White,Size,XS,TWESSIE_NA_OP_0101-Chalk White-XS,168.0,,10
twessie-na-op-0101,Minimalist Crinkled Seersucker One-Piece,<p>A statement piece in Crinkled Seersucker. This one-piece combines anti-fashion statement design with impeccable craftsmanship. Available in Chalk White with Stone Gray detailing. Not loud. Not obvious. Unmistakably Twessie.</p>,Twessie,One-Piece,"Crinkled Seersucker bikini, minimalist luxury, minimalist one-piece, high-end swimwear, luxury Chalk White swimwear",TRUE,Color,Chalk White,Size,S,TWESSIE_NA_OP_0101-Chalk White-S,168.0,,10
twessie-na-op-0101,Minimalist Crinkled Seersucker One-Piece,<p>A statement piece in Crinkled Seersucker. This one-piece combines anti-fashion statement design with impeccable craftsmanship. Available in Chalk White with Stone Gray detailing. Not loud. Not obvious. Unmistakably Twessie.</p>,Twessie,One-Piece,"Crinkled Seersucker bikini, minimalist luxury, minimalist one-piece, high-end swimwear, luxury Chalk White swimwear",TRUE,Color,Chalk White,Size,M,TWESSIE_NA_OP_0101-Chalk White-M,168.0,,10
twessie-na-op-0101,Minimalist Crinkled Seersucker One-Piece,<p>A statement piece in Crinkled Seersucker. This one-piece combines anti-fashion statement design with impeccable craftsmanship. Available in Chalk White with Stone Gray detailing. Not loud. Not obvious. Unmistakably Twessie.</p>,Twessie,One-Piece,"Crinkled Seersucker bikini, minimalist luxury, minimalist one-piece, high-end swimwear, luxury Chalk White swimwear",TRUE,Color,Chalk White,Size,L,TWESSIE_NA_OP_0101-Chalk White-L,168.0,,10
twessie-na-op-0101,Minimalist Crinkled Seersucker One-Piece,<p>A statement piece in Crinkled Seersucker. This one-piece combines anti-fashion statement design with impeccable craftsmanship. Available in Chalk White with Stone Gray detailing. Not loud. Not obvious. Unmistakably Twessie.</p>,Twessie,One-Piece,"Crinkled Seersucker bikini, minimalist luxury, minimalist one-piece, high-end swimwear, luxury Chalk White swimwear",TRUE,Color,Chalk White,Size,XL,TWESSIE_NA_OP_0101-Chalk White-XL,168.0,,10
twessie-na-op-0101,Minimalist Crinkled Seersucker One-Piece,<p>A statement piece in Crinkled Seersucker. This one-piece combines anti-fashion statement design with impeccable craftsmanship. Available in Chalk White with Stone Gray detailing. Not loud. Not obvious. Unmistakably Twessie.</p>,Twessie,One-Piece,"Crinkled Seersucker bikini, minimalist luxury, minimalist one-piece, high-end swimwear, luxury Chalk White swimwear",TRUE,Color,Chalk White,Size,XXL,TWESSIE_NA_OP_0101-Chalk White-XXL,168.0,,10
twessie-na-op-0101,Minimalist Crinkled Seersucker One-Piece,<p>A statement piece in Crinkled Seersucker. This one-piece combines anti-fashion statement design with impeccable craftsmanship. Available in Chalk White with Stone Gray detailing. Not loud. Not obvious. Unmistakably Twessie.</p>,Twessie,One-Piece,"Crinkled Seersucker bikini, minimalist luxury, minimalist one-piece, high-end swimwear, luxury Chalk White swimwear",TRUE,Color,Stone Gray,Size,XS,TWESSIE_NA_OP_0101-Stone Gray-XS,168.0,,10
twessie-na-op-0101,Minimalist Crinkled Seersucker One-Piece,<p>A statement piece in Crinkled Seersucker. This one-piece combines anti-fashion statement design with impeccable craftsmanship. Available in Chalk White with Stone Gray detailing. Not loud. Not obvious. Unmistakably Twessie.</p>,Twessie,One-Piece,"Crinkled Seersucker bikini, minimalist luxury, minimalist one-piece, high-end swimwear, luxury Chalk White swimwear",TRUE,Color,Stone Gray,Size,S,TWESSIE_NA_OP_0101-Stone Gray-S,168.0,,10
twessie-na-op-0101,Minimalist Crinkled Seersucker One-Piece,<p>A statement piece in Crinkled Seersucker. This one-piece combines anti-fashion statement design with impeccable craftsmanship. Available in Chalk White with Stone Gray detailing. Not loud. Not obvious. Unmistakably Twessie.</p>,Twessie,One-Piece,"Crinkled Seersucker bikini, minimalist luxury, minimalist one-piece, high-end swimwear, luxury Chalk White swimwear",TRUE,Color,Stone Gray,Size,M,TWESSIE_NA_OP_0101-Stone Gray-M,168.0,,10
twessie-na-op-0101,Minimalist Crinkled Seersucker One-Piece,<p>A statement piece in Crinkled Seersucker. This one-piece combines anti-fashion statement design with impeccable craftsmanship. Available in Chalk White with Stone Gray detailing. Not loud. Not obvious. Unmistakably Twessie.</p>,Twessie,One-Piece,"Crinkled Seersucker bikini, minimalist luxury, minimalist one-piece, high-end swimwear, luxury Chalk White swimwear",TRUE,Color,Stone Gray,Size,L,TWESSIE_NA_OP_0101-Stone Gray-L,168.0,,10
twessie-na-op-0101,Minimalist Crinkled Seersucker One-Piece,<p>A statement piece in Crinkled Seersucker. This one-piece combines anti-fashion statement design with impeccable craftsmanship. Available in Chalk White with Stone Gray detailing. Not loud. Not obvious. Unmistakably Twessie.</p>,Twessie,One-Piece,"Crinkled Seersucker bikini, minimalist luxury, minimalist one-piece, high-end swimwear, luxury Chalk White swimwear",TRUE,Color,Stone Gray,Size,XL,TWESSIE_NA_OP_0101-Stone Gray-XL,168.0,,10
twessie-na-op-0101,Minimalist Crinkled Seersucker One-Piece,<p>A statement piece in Crinkled Seersucker. This one-piece combines anti-fashion statement design with impeccable craftsmanship. Available in Chalk White with Stone Gray detailing. Not loud. Not obvious. Unmistakably Twessie.</p>,Twessie,One-Piece,"Crinkled Seersucker bikini, minimalist luxury, minimalist one-piece, high-end swimwear, luxury Chalk White swimwear",TRUE,Color,Stone Gray,Size,XXL,TWESSIE_NA_OP_0101-Stone Gray-XXL,168.0,,10
twessie-au-bt-0102,Matte Ribbed Knit High-Waist Bikini Top in Burnt Terracotta,<p>A statement piece in Matte Ribbed Knit. This bikini top combines anti-fashion statement design with impeccable craftsmanship. Available in Burnt Terracotta with Olive Drab detailing. Not loud. Not obvious. Unmistakably Twessie.</p>,Twessie,Bikini Top,"minimalist luxury, minimalist bikini top, high-end swimwear, independent fashion, luxury Burnt Terracotta swimwear",TRUE,Color,Burnt Terracotta,Size,XS,TWESSIE_AU_BT_0102-Burnt Terracotta-XS,168.0,,10
twessie-au-bt-0102,Matte Ribbed Knit High-Waist Bikini Top in Burnt Terracotta,<p>A statement piece in Matte Ribbed Knit. This bikini top combines anti-fashion statement design with impeccable craftsmanship. Available in Burnt Terracotta with Olive Drab detailing. Not loud. Not obvious. Unmistakably Twessie.</p>,Twessie,Bikini Top,"minimalist luxury, minimalist bikini top, high-end swimwear, independent fashion, luxury Burnt Terracotta swimwear",TRUE,Color,Burnt Terracotta,Size,S,TWESSIE_AU_BT_0102-Burnt Terracotta-S,168.0,,10
twessie-au-bt-0102,Matte Ribbed Knit High-Waist Bikini Top in Burnt Terracotta,<p>A statement piece in Matte Ribbed Knit. This bikini top combines anti-fashion statement design with impeccable craftsmanship. Available in Burnt Terracotta with Olive Drab detailing. Not loud. Not obvious. Unmistakably Twessie.</p>,Twessie,Bikini Top,"minimalist luxury, minimalist bikini top, high-end swimwear, independent fashion, luxury Burnt Terracotta swimwear",TRUE,Color,Burnt Terracotta,Size,M,TWESSIE_AU_BT_0102-Burnt Terracotta-M,168.0,,10
twessie-au-bt-0102,Matte Ribbed Knit High-Waist Bikini Top in Burnt Terracotta,<p>A statement piece in Matte Ribbed Knit. This bikini top combines anti-fashion statement design with impeccable craftsmanship. Available in Burnt Terracotta with Olive Drab detailing. Not loud. Not obvious. Unmistakably Twessie.</p>,Twessie,Bikini Top,"minimalist luxury, minimalist bikini top, high-end swimwear, independent fashion, luxury Burnt Terracotta swimwear",TRUE,Color,Burnt Terracotta,Size,L,TWESSIE_AU_BT_0102-Burnt Terracotta-L,168.0,,10
twessie-au-bt-0102,Matte Ribbed Knit High-Waist Bikini Top in Burnt Terracotta,<p>A statement piece in Matte Ribbed Knit. This bikini top combines anti-fashion statement design with impeccable craftsmanship. Available in Burnt Terracotta with Olive Drab detailing. Not loud. Not obvious. Unmistakably Twessie.</p>,Twessie,Bikini Top,"minimalist luxury, minimalist bikini top, high-end swimwear, independent fashion, luxury Burnt Terracotta swimwear",TRUE,Color,Burnt Terracotta,Size,XL,TWESSIE_AU_BT_0102-Burnt Terracotta-XL,168.0,,10
twessie-au-bt-0102,Matte Ribbed Knit High-Waist Bikini Top in Burnt Terracotta,<p>A statement piece in Matte Ribbed Knit. This bikini top combines anti-fashion statement design with impeccable craftsmanship. Available in Burnt Terracotta with Olive Drab detailing. Not loud. Not obvious. Unmistakably Twessie.</p>,Twessie,Bikini Top,"minimalist luxury, minimalist bikini top, high-end swimwear, independent fashion, luxury Burnt Terracotta swimwear",TRUE,Color,Burnt Terracotta,Size,XXL,TWESSIE_AU_BT_0102-Burnt Terracotta-XXL,168.0,,10
twessie-au-bt-0102,Matte Ribbed Knit High-Waist Bikini Top in Burnt Terracotta,<p>A statement piece in Matte Ribbed Knit. This bikini top combines anti-fashion statement design with impeccable craftsmanship. Available in Burnt Terracotta with Olive Drab detailing. Not loud. Not obvious. Unmistakably Twessie.</p>,Twessie,Bikini Top,"minimalist luxury, minimalist bikini top, high-end swimwear, independent fashion, luxury Burnt Terracotta swimwear",TRUE,Color,Olive Drab,Size,XS,TWESSIE_AU_BT_0102-Olive Drab-XS,168.0,,10
twessie-au-bt-0102,Matte Ribbed Knit High-Waist Bikini Top in Burnt Terracotta,<p>A statement piece in Matte Ribbed Knit. This bikini top combines anti-fashion statement design with impeccable craftsmanship. Available in Burnt Terracotta with Olive Drab detailing. Not loud. Not obvious. Unmistakably Twessie.</p>,Twessie,Bikini Top,"minimalist luxury, minimalist bikini top, high-end swimwear, independent fashion, luxury Burnt Terracotta swimwear",TRUE,Color,Olive Drab,Size,S,TWESSIE_AU_BT_0102-Olive Drab-S,168.0,,10
twessie-au-bt-0102,Matte Ribbed Knit High-Waist Bikini Top in Burnt Terracotta,<p>A statement piece in Matte Ribbed Knit. This bikini top combines anti-fashion statement design with impeccable craftsmanship. Available in Burnt Terracotta with Olive Drab detailing. Not loud. Not obvious. Unmistakably Twessie.</p>,Twessie,Bikini Top,"minimalist luxury, minimalist bikini top, high-end swimwear, independent fashion, luxury Burnt Terracotta swimwear",TRUE,Color,Olive Drab,Size,M,TWESSIE_AU_BT_0102-Olive Drab-M,168.0,,10
twessie-au-bt-0102,Matte Ribbed Knit High-Waist Bikini Top in Burnt Terracotta,<p>A statement piece in Matte Ribbed Knit. This bikini top combines anti-fashion statement design with impeccable craftsmanship. Available in Burnt Terracotta with Olive Drab detailing. Not loud. Not obvious. Unmistakably Twessie.</p>,Twessie,Bikini Top,"minimalist luxury, minimalist bikini top, high-end swimwear, independent fashion, luxury Burnt Terracotta swimwear",TRUE,Color,Olive Drab,Size,L,TWESSIE_AU_BT_0102-Olive Drab-L,168.0,,10
twessie-au-bt-0102,Matte Ribbed Knit High-Waist Bikini Top in Burnt Terracotta,<p>A statement piece in Matte Ribbed Knit. This bikini top combines anti-fashion statement design with impeccable craftsmanship. Available in Burnt Terracotta with Olive Drab detailing. Not loud. Not obvious. Unmistakably Twessie.</p>,Twessie,Bikini Top,"minimalist luxury, minimalist bikini top, high-end swimwear, independent fashion, luxury Burnt Terracotta swimwear",TRUE,Color,Olive Drab,Size,XL,TWESSIE_AU_BT_0102-Olive Drab-XL,168.0,,10
twessie-au-bt-0102,Matte Ribbed Knit High-Waist Bikini Top in Burnt Terracotta,<p>A statement piece in Matte Ribbed Knit. This bikini top combines anti-fashion statement design with impeccable craftsmanship. Available in Burnt Terracotta with Olive Drab detailing. Not loud. Not obvious. Unmistakably Twessie.</p>,Twessie,Bikini Top,"minimalist luxury, minimalist bikini top, high-end swimwear, independent fashion, luxury Burnt Terracotta swimwear",TRUE,Color,Olive Drab,Size,XXL,TWESSIE_AU_BT_0102-Olive Drab-XXL,168.0,,10
twessie-eu-op-0103,Minimalist Matte Ribbed Knit One-Piece,<p>Crafted in premium Matte Ribbed Knit with Econyl Sleek Satin accents. This one-piece epitomizes minimalist luxury luxury. Featuring color-blocking in Olive Drab and Burnt Terracotta. Perfect for the discerning swimmer who refuses the obvious.</p>,Twessie,One-Piece,"high-end swimwear, minimalist one-piece, minimalist luxury, architectural swimsuit, luxury Olive Drab swimwear",TRUE,Color,Olive Drab,Size,XS,TWESSIE_EU_OP_0103-Olive Drab-XS,168.0,,10
twessie-eu-op-0103,Minimalist Matte Ribbed Knit One-Piece,<p>Crafted in premium Matte Ribbed Knit with Econyl Sleek Satin accents. This one-piece epitomizes minimalist luxury luxury. Featuring color-blocking in Olive Drab and Burnt Terracotta. Perfect for the discerning swimmer who refuses the obvious.</p>,Twessie,One-Piece,"high-end swimwear, minimalist one-piece, minimalist luxury, architectural swimsuit, luxury Olive Drab swimwear",TRUE,Color,Olive Drab,Size,S,TWESSIE_EU_OP_0103-Olive Drab-S,168.0,,10
twessie-eu-op-0103,Minimalist Matte Ribbed Knit One-Piece,<p>Crafted in premium Matte Ribbed Knit with Econyl Sleek Satin accents. This one-piece epitomizes minimalist luxury luxury. Featuring color-blocking in Olive Drab and Burnt Terracotta. Perfect for the discerning swimmer who refuses the obvious.</p>,Twessie,One-Piece,"high-end swimwear, minimalist one-piece, minimalist luxury, architectural swimsuit, luxury Olive Drab swimwear",TRUE,Color,Olive Drab,Size,M,TWESSIE_EU_OP_0103-Olive Drab-M,168.0,,10
twessie-eu-op-0103,Minimalist Matte Ribbed Knit One-Piece,<p>Crafted in premium Matte Ribbed Knit with Econyl Sleek Satin accents. This one-piece epitomizes minimalist luxury luxury. Featuring color-blocking in Olive Drab and Burnt Terracotta. Perfect for the discerning swimmer who refuses the obvious.</p>,Twessie,One-Piece,"high-end swimwear, minimalist one-piece, minimalist luxury, architectural swimsuit, luxury Olive Drab swimwear",TRUE,Color,Olive Drab,Size,L,TWESSIE_EU_OP_0103-Olive Drab-L,168.0,,10
twessie-eu-op-0103,Minimalist Matte Ribbed Knit One-Piece,<p>Crafted in premium Matte Ribbed Knit with Econyl Sleek Satin accents. This one-piece epitomizes minimalist luxury luxury. Featuring color-blocking in Olive Drab and Burnt Terracotta. Perfect for the discerning swimmer who refuses the obvious.</p>,Twessie,One-Piece,"high-end swimwear, minimalist one-piece, minimalist luxury, architectural swimsuit, luxury Olive Drab swimwear",TRUE,Color,Olive Drab,Size,XL,TWESSIE_EU_OP_0103-Olive Drab-XL,168.0,,10
twessie-eu-op-0103,Minimalist Matte Ribbed Knit One-Piece,<p>Crafted in premium Matte Ribbed Knit with Econyl Sleek Satin accents. This one-piece epitomizes minimalist luxury luxury. Featuring color-blocking in Olive Drab and Burnt Terracotta. Perfect for the discerning swimmer who refuses the obvious.</p>,Twessie,One-Piece,"high-end swimwear, minimalist one-piece, minimalist luxury, architectural swimsuit, luxury Olive Drab swimwear",TRUE,Color,Olive Drab,Size,XXL,TWESSIE_EU_OP_0103-Olive Drab-XXL,168.0,,10
twessie-eu-op-0103,Minimalist Matte Ribbed Knit One-Piece,<p>Crafted in premium Matte Ribbed Knit with Econyl Sleek Satin accents. This one-piece epitomizes minimalist luxury luxury. Featuring color-blocking in Olive Drab and Burnt Terracotta. Perfect for the discerning swimmer who refuses the obvious.</p>,Twessie,One-Piece,"high-end swimwear, minimalist one-piece, minimalist luxury, architectural swimsuit, luxury Olive Drab swimwear",TRUE,Color,Burnt Terracotta,Size,XS,TWESSIE_EU_OP_0103-Burnt Terracotta-XS,168.0,,10
twessie-eu-op-0103,Minimalist Matte Ribbed Knit One-Piece,<p>Crafted in premium Matte Ribbed Knit with Econyl Sleek Satin accents. This one-piece epitomizes minimalist luxury luxury. Featuring color-blocking in Olive Drab and Burnt Terracotta. Perfect for the discerning swimmer who refuses the obvious.</p>,Twessie,One-Piece,"high-end swimwear, minimalist one-piece, minimalist luxury, architectural swimsuit, luxury Olive Drab swimwear",TRUE,Color,Burnt Terracotta,Size,S,TWESSIE_EU_OP_0103-Burnt Terracotta-S,168.0,,10
twessie-eu-op-0103,Minimalist Matte Ribbed Knit One-Piece,<p>Crafted in premium Matte Ribbed Knit with Econyl Sleek Satin accents. This one-piece epitomizes minimalist luxury luxury. Featuring color-blocking in Olive Drab and Burnt Terracotta. Perfect for the discerning swimmer who refuses the obvious.</p>,Twessie,One-Piece,"high-end swimwear, minimalist one-piece, minimalist luxury, architectural swimsuit, luxury Olive Drab swimwear",TRUE,Color,Burnt Terracotta,Size,M,TWESSIE_EU_OP_0103-Burnt Terracotta-M,168.0,,10
twessie-eu-op-0103,Minimalist Matte Ribbed Knit One-Piece,<p>Crafted in premium Matte Ribbed Knit with Econyl Sleek Satin accents. This one-piece epitomizes minimalist luxury luxury. Featuring color-blocking in Olive Drab and Burnt Terracotta. Perfect for the discerning swimmer who refuses the obvious.</p>,Twessie,One-Piece,"high-end swimwear, minimalist one-piece, minimalist luxury, architectural swimsuit, luxury Olive Drab swimwear",TRUE,Color,Burnt Terracotta,Size,L,TWESSIE_EU_OP_0103-Burnt Terracotta-L,168.0,,10
twessie-eu-op-0103,Minimalist Matte Ribbed Knit One-Piece,<p>Crafted in premium Matte Ribbed Knit with Econyl Sleek Satin accents. This one-piece epitomizes minimalist luxury luxury. Featuring color-blocking in Olive Drab and Burnt Terracotta. Perfect for the discerning swimmer who refuses the obvious.</p>,Twessie,One-Piece,"high-end swimwear, minimalist one-piece, minimalist luxury, architectural swimsuit, luxury Olive Drab swimwear",TRUE,Color,Burnt Terracotta,Size,XL,TWESSIE_EU_OP_0103-Burnt Terracotta-XL,168.0,,10
twessie-eu-op-0103,Minimalist Matte Ribbed Knit One-Piece,<p>Crafted in premium Matte Ribbed Knit with Econyl Sleek Satin accents. This one-piece epitomizes minimalist luxury luxury. Featuring color-blocking in Olive Drab and Burnt Terracotta. Perfect for the discerning swimmer who refuses the obvious.</p>,Twessie,One-Piece,"high-end swimwear, minimalist one-piece, minimalist luxury, architectural swimsuit, luxury Olive Drab swimwear",TRUE,Color,Burnt Terracotta,Size,XXL,TWESSIE_EU_OP_0103-Burnt Terracotta-XXL,168.0,,10
twessie-sg-bb-0104,Chalk White Minimalist Crinkled Seersucker Bikini Bottom,"<p>Crinkled Seersucker construction meets architectural precision in this bikini bottom. Designed for the intelligent, independent woman. The Chalk White colorway with Stone Gray accents creates a sophisticated palette. Pure architectural elegance elegance.</p>",Twessie,Bikini Bottom,"architectural swimsuit, minimalist luxury, minimalist bikini bottom, luxury Chalk White swimwear, high-end swimwear",TRUE,Color,Chalk White,Size,XS,TWESSIE_SG_BB_0104-Chalk White-XS,168.0,,10
twessie-sg-bb-0104,Chalk White Minimalist Crinkled Seersucker Bikini Bottom,"<p>Crinkled Seersucker construction meets architectural precision in this bikini bottom. Designed for the intelligent, independent woman. The Chalk White colorway with Stone Gray accents creates a sophisticated palette. Pure architectural elegance elegance.</p>",Twessie,Bikini Bottom,"architectural swimsuit, minimalist luxury, minimalist bikini bottom, luxury Chalk White swimwear, high-end swimwear",TRUE,Color,Chalk White,Size,S,TWESSIE_SG_BB_0104-Chalk White-S,168.0,,10
twessie-sg-bb-0104,Chalk White Minimalist Crinkled Seersucker Bikini Bottom,"<p>Crinkled Seersucker construction meets architectural precision in this bikini bottom. Designed for the intelligent, independent woman. The Chalk White colorway with Stone Gray accents creates a sophisticated palette. Pure architectural elegance elegance.</p>",Twessie,Bikini Bottom,"architectural swimsuit, minimalist luxury, minimalist bikini bottom, luxury Chalk White swimwear, high-end swimwear",TRUE,Color,Chalk White,Size,M,TWESSIE_SG_BB_0104-Chalk White-M,168.0,,10
twessie-sg-bb-0104,Chalk White Minimalist Crinkled Seersucker Bikini Bottom,"<p>Crinkled Seersucker construction meets architectural precision in this bikini bottom. Designed for the intelligent, independent woman. The Chalk White colorway with Stone Gray accents creates a sophisticated palette. Pure architectural elegance elegance.</p>",Twessie,Bikini Bottom,"architectural swimsuit, minimalist luxury, minimalist bikini bottom, luxury Chalk White swimwear, high-end swimwear",TRUE,Color,Chalk White,Size,L,TWESSIE_SG_BB_0104-Chalk White-L,168.0,,10
twessie-sg-bb-0104,Chalk White Minimalist Crinkled Seersucker Bikini Bottom,"<p>Crinkled Seersucker construction meets architectural precision in this bikini bottom. Designed for the intelligent, independent woman. The Chalk White colorway with Stone Gray accents creates a sophisticated palette. Pure architectural elegance elegance.</p>",Twessie,Bikini Bottom,"architectural swimsuit, minimalist luxury, minimalist bikini bottom, luxury Chalk White swimwear, high-end swimwear",TRUE,Color,Chalk White,Size,XL,TWESSIE_SG_BB_0104-Chalk White-XL,168.0,,10
twessie-sg-bb-0104,Chalk White Minimalist Crinkled Seersucker Bikini Bottom,"<p>Crinkled Seersucker construction meets architectural precision in this bikini bottom. Designed for the intelligent, independent woman. The Chalk White colorway with Stone Gray accents creates a sophisticated palette. Pure architectural elegance elegance.</p>",Twessie,Bikini Bottom,"architectural swimsuit, minimalist luxury, minimalist bikini bottom, luxury Chalk White swimwear, high-end swimwear",TRUE,Color,Chalk White,Size,XXL,TWESSIE_SG_BB_0104-Chalk White-XXL,168.0,,10
twessie-sg-bb-0104,Chalk White Minimalist Crinkled Seersucker Bikini Bottom,"<p>Crinkled Seersucker construction meets architectural precision in this bikini bottom. Designed for the intelligent, independent woman. The Chalk White colorway with Stone Gray accents creates a sophisticated palette. Pure architectural elegance elegance.</p>",Twessie,Bikini Bottom,"architectural swimsuit, minimalist luxury, minimalist bikini bottom, luxury Chalk White swimwear, high-end swimwear",TRUE,Color,Stone Gray,Size,XS,TWESSIE_SG_BB_0104-Stone Gray-XS,168.0,,10
twessie-sg-bb-0104,Chalk White Minimalist Crinkled Seersucker Bikini Bottom,"<p>Crinkled Seersucker construction meets architectural precision in this bikini bottom. Designed for the intelligent, independent woman. The Chalk White colorway with Stone Gray accents creates a sophisticated palette. Pure architectural elegance elegance.</p>",Twessie,Bikini Bottom,"architectural swimsuit, minimalist luxury, minimalist bikini bottom, luxury Chalk White swimwear, high-end swimwear",TRUE,Color,Stone Gray,Size,S,TWESSIE_SG_BB_0104-Stone Gray-S,168.0,,10
twessie-sg-bb-0104,Chalk White Minimalist Crinkled Seersucker Bikini Bottom,"<p>Crinkled Seersucker construction meets architectural precision in this bikini bottom. Designed for the intelligent, independent woman. The Chalk White colorway with Stone Gray accents creates a sophisticated palette. Pure architectural elegance elegance.</p>",Twessie,Bikini Bottom,"architectural swimsuit, minimalist luxury, minimalist bikini bottom, luxury Chalk White swimwear, high-end swimwear",TRUE,Color,Stone Gray,Size,M,TWESSIE_SG_BB_0104-Stone Gray-M,168.0,,10
twessie-sg-bb-0104,Chalk White Minimalist Crinkled Seersucker Bikini Bottom,"<p>Crinkled Seersucker construction meets architectural precision in this bikini bottom. Designed for the intelligent, independent woman. The Chalk White colorway with Stone Gray accents creates a sophisticated palette. Pure architectural elegance elegance.</p>",Twessie,Bikini Bottom,"architectural swimsuit, minimalist luxury, minimalist bikini bottom, luxury Chalk White swimwear, high-end swimwear",TRUE,Color,Stone Gray,Size,L,TWESSIE_SG_BB_0104-Stone Gray-L,168.0,,10
twessie-sg-bb-0104,Chalk White Minimalist Crinkled Seersucker Bikini Bottom,"<p>Crinkled Seersucker construction meets architectural precision in this bikini bottom. Designed for the intelligent, independent woman. The Chalk White colorway with Stone Gray accents creates a sophisticated palette. Pure architectural elegance elegance.</p>",Twessie,Bikini Bottom,"architectural swimsuit, minimalist luxury, minimalist bikini bottom, luxury Chalk White swimwear, high-end swimwear",TRUE,Color,Stone Gray,Size,XL,TWESSIE_SG_BB_0104-Stone Gray-XL,168.0,,10
twessie-sg-bb-0104,Chalk White Minimalist Crinkled Seersucker Bikini Bottom,"<p>Crinkled Seersucker construction meets architectural precision in this bikini bottom. Designed for the intelligent, independent woman. The Chalk White colorway with Stone Gray accents creates a sophisticated palette. Pure architectural elegance elegance.</p>",Twessie,Bikini Bottom,"architectural swimsuit, minimalist luxury, minimalist bikini bottom, luxury Chalk White swimwear, high-end swimwear",TRUE,Color,Stone Gray,Size,XXL,TWESSIE_SG_BB_0104-Stone Gray-XXL,168.0,,10
twessie-jp-bt-0105,Chalk White Sculptural Crinkled Seersucker Bikini Top,<p>A statement piece in Crinkled Seersucker. This bikini top combines architectural elegance design with impeccable craftsmanship. Available in Chalk White with Stone Gray detailing. Not loud. Not obvious. Unmistakably Twessie.</p>,Twessie,Bikini Top,"Crinkled Seersucker bikini, minimalist bikini top, high-end swimwear, luxury Chalk White swimwear, independent fashion",TRUE,Color,Chalk White,Size,XS,TWESSIE_JP_BT_0105-Chalk White-XS,168.0,,10
twessie-jp-bt-0105,Chalk White Sculptural Crinkled Seersucker Bikini Top,<p>A statement piece in Crinkled Seersucker. This bikini top combines architectural elegance design with impeccable craftsmanship. Available in Chalk White with Stone Gray detailing. Not loud. Not obvious. Unmistakably Twessie.</p>,Twessie,Bikini Top,"Crinkled Seersucker bikini, minimalist bikini top, high-end swimwear, luxury Chalk White swimwear, independent fashion",TRUE,Color,Chalk White,Size,S,TWESSIE_JP_BT_0105-Chalk White-S,168.0,,10
twessie-jp-bt-0105,Chalk White Sculptural Crinkled Seersucker Bikini Top,<p>A statement piece in Crinkled Seersucker. This bikini top combines architectural elegance design with impeccable craftsmanship. Available in Chalk White with Stone Gray detailing. Not loud. Not obvious. Unmistakably Twessie.</p>,Twessie,Bikini Top,"Crinkled Seersucker bikini, minimalist bikini top, high-end swimwear, luxury Chalk White swimwear, independent fashion",TRUE,Color,Chalk White,Size,M,TWESSIE_JP_BT_0105-Chalk White-M,168.0,,10
twessie-jp-bt-0105,Chalk White Sculptural Crinkled Seersucker Bikini Top,<p>A statement piece in Crinkled Seersucker. This bikini top combines architectural elegance design with impeccable craftsmanship. Available in Chalk White with Stone Gray detailing. Not loud. Not obvious. Unmistakably Twessie.</p>,Twessie,Bikini Top,"Crinkled Seersucker bikini, minimalist bikini top, high-end swimwear, luxury Chalk White swimwear, independent fashion",TRUE,Color,Chalk White,Size,L,TWESSIE_JP_BT_0105-Chalk White-L,168.0,,10
twessie-jp-bt-0105,Chalk White Sculptural Crinkled Seersucker Bikini Top,<p>A statement piece in Crinkled Seersucker. This bikini top combines architectural elegance design with impeccable craftsmanship. Available in Chalk White with Stone Gray detailing. Not loud. Not obvious. Unmistakably Twessie.</p>,Twessie,Bikini Top,"Crinkled Seersucker bikini, minimalist bikini top, high-end swimwear, luxury Chalk White swimwear, independent fashion",TRUE,Color,Chalk White,Size,XL,TWESSIE_JP_BT_0105-Chalk White-XL,168.0,,10
twessie-jp-bt-0105,Chalk White Sculptural Crinkled Seersucker Bikini Top,<p>A statement piece in Crinkled Seersucker. This bikini top combines architectural elegance design with impeccable craftsmanship. Available in Chalk White with Stone Gray detailing. Not loud. Not obvious. Unmistakably Twessie.</p>,Twessie,Bikini Top,"Crinkled Seersucker bikini, minimalist bikini top, high-end swimwear, luxury Chalk White swimwear, independent fashion",TRUE,Color,Chalk White,Size,XXL,TWESSIE_JP_BT_0105-Chalk White-XXL,168.0,,10
twessie-jp-bt-0105,Chalk White Sculptural Crinkled Seersucker Bikini Top,<p>A statement piece in Crinkled Seersucker. This bikini top combines architectural elegance design with impeccable craftsmanship. Available in Chalk White with Stone Gray detailing. Not loud. Not obvious. Unmistakably Twessie.</p>,Twessie,Bikini Top,"Crinkled Seersucker bikini, minimalist bikini top, high-end swimwear, luxury Chalk White swimwear, independent fashion",TRUE,Color,Stone Gray,Size,XS,TWESSIE_JP_BT_0105-Stone Gray-XS,168.0,,10
twessie-jp-bt-0105,Chalk White Sculptural Crinkled Seersucker Bikini Top,<p>A statement piece in Crinkled Seersucker. This bikini top combines architectural elegance design with impeccable craftsmanship. Available in Chalk White with Stone Gray detailing. Not loud. Not obvious. Unmistakably Twessie.</p>,Twessie,Bikini Top,"Crinkled Seersucker bikini, minimalist bikini top, high-end swimwear, luxury Chalk White swimwear, independent fashion",TRUE,Color,Stone Gray,Size,S,TWESSIE_JP_BT_0105-Stone Gray-S,168.0,,10
twessie-jp-bt-0105,Chalk White Sculptural Crinkled Seersucker Bikini Top,<p>A statement piece in Crinkled Seersucker. This bikini top combines architectural elegance design with impeccable craftsmanship. Available in Chalk White with Stone Gray detailing. Not loud. Not obvious. Unmistakably Twessie.</p>,Twessie,Bikini Top,"Crinkled Seersucker bikini, minimalist bikini top, high-end swimwear, luxury Chalk White swimwear, independent fashion",TRUE,Color,Stone Gray,Size,M,TWESSIE_JP_BT_0105-Stone Gray-M,168.0,,10
twessie-jp-bt-0105,Chalk White Sculptural Crinkled Seersucker Bikini Top,<p>A statement piece in Crinkled Seersucker. This bikini top combines architectural elegance design with impeccable craftsmanship. Available in Chalk White with Stone Gray detailing. Not loud. Not obvious. Unmistakably Twessie.</p>,Twessie,Bikini Top,"Crinkled Seersucker bikini, minimalist bikini top, high-end swimwear, luxury Chalk White swimwear, independent fashion",TRUE,Color,Stone Gray,Size,L,TWESSIE_JP_BT_0105-Stone Gray-L,168.0,,10
twessie-jp-bt-0105,Chalk White Sculptural Crinkled Seersucker Bikini Top,<p>A statement piece in Crinkled Seersucker. This bikini top combines architectural elegance design with impeccable craftsmanship. Available in Chalk White with Stone Gray detailing. Not loud. Not obvious. Unmistakably Twessie.</p>,Twessie,Bikini Top,"Crinkled Seersucker bikini, minimalist bikini top, high-end swimwear, luxury Chalk White swimwear, independent fashion",TRUE,Color,Stone Gray,Size,XL,TWESSIE_JP_BT_0105-Stone Gray-XL,168.0,,10
twessie-jp-bt-0105,Chalk White Sculptural Crinkled Seersucker Bikini Top,<p>A statement piece in Crinkled Seersucker. This bikini top combines architectural elegance design with impeccable craftsmanship. Available in Chalk White with Stone Gray detailing. Not loud. Not obvious. Unmistakably Twessie.</p>,Twessie,Bikini Top,"Crinkled Seersucker bikini, minimalist bikini top, high-end swimwear, luxury Chalk White swimwear, independent fashion",TRUE,Color,Stone Gray,Size,XXL,TWESSIE_JP_BT_0105-Stone Gray-XXL,168.0,,10
twessie-jp-bb-0106,Obsidian Black Minimalist Econyl Sleek Satin Bikini Bottom,"<p>Econyl Sleek Satin construction meets architectural precision in this bikini bottom. Designed for the intelligent, independent woman. The Obsidian Black colorway with Burnt Terracotta accents creates a sophisticated palette. Pure architectural elegance elegance.</p>",Twessie,Bikini Bottom,"architectural swimsuit, minimalist bikini bottom, minimalist luxury, Econyl Sleek Satin bikini, high-end swimwear",TRUE,Color,Obsidian Black,Size,XS,TWESSIE_JP_BB_0106-Obsidian Black-XS,168.0,,10
twessie-jp-bb-0106,Obsidian Black Minimalist Econyl Sleek Satin Bikini Bottom,"<p>Econyl Sleek Satin construction meets architectural precision in this bikini bottom. Designed for the intelligent, independent woman. The Obsidian Black colorway with Burnt Terracotta accents creates a sophisticated palette. Pure architectural elegance elegance.</p>",Twessie,Bikini Bottom,"architectural swimsuit, minimalist bikini bottom, minimalist luxury, Econyl Sleek Satin bikini, high-end swimwear",TRUE,Color,Obsidian Black,Size,S,TWESSIE_JP_BB_0106-Obsidian Black-S,168.0,,10
twessie-jp-bb-0106,Obsidian Black Minimalist Econyl Sleek Satin Bikini Bottom,"<p>Econyl Sleek Satin construction meets architectural precision in this bikini bottom. Designed for the intelligent, independent woman. The Obsidian Black colorway with Burnt Terracotta accents creates a sophisticated palette. Pure architectural elegance elegance.</p>",Twessie,Bikini Bottom,"architectural swimsuit, minimalist bikini bottom, minimalist luxury, Econyl Sleek Satin bikini, high-end swimwear",TRUE,Color,Obsidian Black,Size,M,TWESSIE_JP_BB_0106-Obsidian Black-M,168.0,,10
twessie-jp-bb-0106,Obsidian Black Minimalist Econyl Sleek Satin Bikini Bottom,"<p>Econyl Sleek Satin construction meets architectural precision in this bikini bottom. Designed for the intelligent, independent woman. The Obsidian Black colorway with Burnt Terracotta accents creates a sophisticated palette. Pure architectural elegance elegance.</p>",Twessie,Bikini Bottom,"architectural swimsuit, minimalist bikini bottom, minimalist luxury, Econyl Sleek Satin bikini, high-end swimwear",TRUE,Color,Obsidian Black,Size,L,TWESSIE_JP_BB_0106-Obsidian Black-L,168.0,,10
twessie-jp-bb-0106,Obsidian Black Minimalist Econyl Sleek Satin Bikini Bottom,"<p>Econyl Sleek Satin construction meets architectural precision in this bikini bottom. Designed for the intelligent, independent woman. The Obsidian Black colorway with Burnt Terracotta accents creates a sophisticated palette. Pure architectural elegance elegance.</p>",Twessie,Bikini Bottom,"architectural swimsuit, minimalist bikini bottom, minimalist luxury, Econyl Sleek Satin bikini, high-end swimwear",TRUE,Color,Obsidian Black,Size,XL,TWESSIE_JP_BB_0106-Obsidian Black-XL,168.0,,10
twessie-jp-bb-0106,Obsidian Black Minimalist Econyl Sleek Satin Bikini Bottom,"<p>Econyl Sleek Satin construction meets architectural precision in this bikini bottom. Designed for the intelligent, independent woman. The Obsidian Black colorway with Burnt Terracotta accents creates a sophisticated palette. Pure architectural elegance elegance.</p>",Twessie,Bikini Bottom,"architectural swimsuit, minimalist bikini bottom, minimalist luxury, Econyl Sleek Satin bikini, high-end swimwear",TRUE,Color,Obsidian Black,Size,XXL,TWESSIE_JP_BB_0106-Obsidian Black-XXL,168.0,,10
twessie-jp-bb-0106,Obsidian Black Minimalist Econyl Sleek Satin Bikini Bottom,"<p>Econyl Sleek Satin construction meets architectural precision in this bikini bottom. Designed for the intelligent, independent woman. The Obsidian Black colorway with Burnt Terracotta accents creates a sophisticated palette. Pure architectural elegance elegance.</p>",Twessie,Bikini Bottom,"architectural swimsuit, minimalist bikini bottom, minimalist luxury, Econyl Sleek Satin bikini, high-end swimwear",TRUE,Color,Burnt Terracotta,Size,XS,TWESSIE_JP_BB_0106-Burnt Terracotta-XS,168.0,,10
twessie-jp-bb-0106,Obsidian Black Minimalist Econyl Sleek Satin Bikini Bottom,"<p>Econyl Sleek Satin construction meets architectural precision in this bikini bottom. Designed for the intelligent, independent woman. The Obsidian Black colorway with Burnt Terracotta accents creates a sophisticated palette. Pure architectural elegance elegance.</p>",Twessie,Bikini Bottom,"architectural swimsuit, minimalist bikini bottom, minimalist luxury, Econyl Sleek Satin bikini, high-end swimwear",TRUE,Color,Burnt Terracotta,Size,S,TWESSIE_JP_BB_0106-Burnt Terracotta-S,168.0,,10
twessie-jp-bb-0106,Obsidian Black Minimalist Econyl Sleek Satin Bikini Bottom,"<p>Econyl Sleek Satin construction meets architectural precision in this bikini bottom. Designed for the intelligent, independent woman. The Obsidian Black colorway with Burnt Terracotta accents creates a sophisticated palette. Pure architectural elegance elegance.</p>",Twessie,Bikini Bottom,"architectural swimsuit, minimalist bikini bottom, minimalist luxury, Econyl Sleek Satin bikini, high-end swimwear",TRUE,Color,Burnt Terracotta,Size,M,TWESSIE_JP_BB_0106-Burnt Terracotta-M,168.0,,10
twessie-jp-bb-0106,Obsidian Black Minimalist Econyl Sleek Satin Bikini Bottom,"<p>Econyl Sleek Satin construction meets architectural precision in this bikini bottom. Designed for the intelligent, independent woman. The Obsidian Black colorway with Burnt Terracotta accents creates a sophisticated palette. Pure architectural elegance elegance.</p>",Twessie,Bikini Bottom,"architectural swimsuit, minimalist bikini bottom, minimalist luxury, Econyl Sleek Satin bikini, high-end swimwear",TRUE,Color,Burnt Terracotta,Size,L,TWESSIE_JP_BB_0106-Burnt Terracotta-L,168.0,,10
twessie-jp-bb-0106,Obsidian Black Minimalist Econyl Sleek Satin Bikini Bottom,"<p>Econyl Sleek Satin construction meets architectural precision in this bikini bottom. Designed for the intelligent, independent woman. The Obsidian Black colorway with Burnt Terracotta accents creates a sophisticated palette. Pure architectural elegance elegance.</p>",Twessie,Bikini Bottom,"architectural swimsuit, minimalist bikini bottom, minimalist luxury, Econyl Sleek Satin bikini, high-end swimwear",TRUE,Color,Burnt Terracotta,Size,XL,TWESSIE_JP_BB_0106-Burnt Terracotta-XL,168.0,,10
twessie-jp-bb-0106,Obsidian Black Minimalist Econyl Sleek Satin Bikini Bottom,"<p>Econyl Sleek Satin construction meets architectural precision in this bikini bottom. Designed for the intelligent, independent woman. The Obsidian Black colorway with Burnt Terracotta accents creates a sophisticated palette. Pure architectural elegance elegance.</p>",Twessie,Bikini Bottom,"architectural swimsuit, minimalist bikini bottom, minimalist luxury, Econyl Sleek Satin bikini, high-end swimwear",TRUE,Color,Burnt Terracotta,Size,XXL,TWESSIE_JP_BB_0106-Burnt Terracotta-XXL,168.0,,10
twessie-eu-bt-0107,Architecture-Cut Stone Gray Bikini Top,<p>Crafted in premium Crinkled Seersucker with Econyl Sleek Satin accents. This bikini top epitomizes anti-fashion statement luxury. Featuring color-blocking in Stone Gray and Chalk White. Perfect for the discerning swimmer who refuses the obvious.</p>,Twessie,Bikini Top,"minimalist luxury, minimalist bikini top, Crinkled Seersucker bikini, luxury Stone Gray swimwear, high-end swimwear",TRUE,Color,Stone Gray,Size,XS,TWESSIE_EU_BT_0107-Stone Gray-XS,168.0,,10
twessie-eu-bt-0107,Architecture-Cut Stone Gray Bikini Top,<p>Crafted in premium Crinkled Seersucker with Econyl Sleek Satin accents. This bikini top epitomizes anti-fashion statement luxury. Featuring color-blocking in Stone Gray and Chalk White. Perfect for the discerning swimmer who refuses the obvious.</p>,Twessie,Bikini Top,"minimalist luxury, minimalist bikini top, Crinkled Seersucker bikini, luxury Stone Gray swimwear, high-end swimwear",TRUE,Color,Stone Gray,Size,S,TWESSIE_EU_BT_0107-Stone Gray-S,168.0,,10
twessie-eu-bt-0107,Architecture-Cut Stone Gray Bikini Top,<p>Crafted in premium Crinkled Seersucker with Econyl Sleek Satin accents. This bikini top epitomizes anti-fashion statement luxury. Featuring color-blocking in Stone Gray and Chalk White. Perfect for the discerning swimmer who refuses the obvious.</p>,Twessie,Bikini Top,"minimalist luxury, minimalist bikini top, Crinkled Seersucker bikini, luxury Stone Gray swimwear, high-end swimwear",TRUE,Color,Stone Gray,Size,M,TWESSIE_EU_BT_0107-Stone Gray-M,168.0,,10
twessie-eu-bt-0107,Architecture-Cut Stone Gray Bikini Top,<p>Crafted in premium Crinkled Seersucker with Econyl Sleek Satin accents. This bikini top epitomizes anti-fashion statement luxury. Featuring color-blocking in Stone Gray and Chalk White. Perfect for the discerning swimmer who refuses the obvious.</p>,Twessie,Bikini Top,"minimalist luxury, minimalist bikini top, Crinkled Seersucker bikini, luxury Stone Gray swimwear, high-end swimwear",TRUE,Color,Stone Gray,Size,L,TWESSIE_EU_BT_0107-Stone Gray-L,168.0,,10
twessie-eu-bt-0107,Architecture-Cut Stone Gray Bikini Top,<p>Crafted in premium Crinkled Seersucker with Econyl Sleek Satin accents. This bikini top epitomizes anti-fashion statement luxury. Featuring color-blocking in Stone Gray and Chalk White. Perfect for the discerning swimmer who refuses the obvious.</p>,Twessie,Bikini Top,"minimalist luxury, minimalist bikini top, Crinkled Seersucker bikini, luxury Stone Gray swimwear, high-end swimwear",TRUE,Color,Stone Gray,Size,XL,TWESSIE_EU_BT_0107-Stone Gray-XL,168.0,,10
twessie-eu-bt-0107,Architecture-Cut Stone Gray Bikini Top,<p>Crafted in premium Crinkled Seersucker with Econyl Sleek Satin accents. This bikini top epitomizes anti-fashion statement luxury. Featuring color-blocking in Stone Gray and Chalk White. Perfect for the discerning swimmer who refuses the obvious.</p>,Twessie,Bikini Top,"minimalist luxury, minimalist bikini top, Crinkled Seersucker bikini, luxury Stone Gray swimwear, high-end swimwear",TRUE,Color,Stone Gray,Size,XXL,TWESSIE_EU_BT_0107-Stone Gray-XXL,168.0,,10
twessie-eu-bt-0107,Architecture-Cut Stone Gray Bikini Top,<p>Crafted in premium Crinkled Seersucker with Econyl Sleek Satin accents. This bikini top epitomizes anti-fashion statement luxury. Featuring color-blocking in Stone Gray and Chalk White. Perfect for the discerning swimmer who refuses the obvious.</p>,Twessie,Bikini Top,"minimalist luxury, minimalist bikini top, Crinkled Seersucker bikini, luxury Stone Gray swimwear, high-end swimwear",TRUE,Color,Chalk White,Size,XS,TWESSIE_EU_BT_0107-Chalk White-XS,168.0,,10
twessie-eu-bt-0107,Architecture-Cut Stone Gray Bikini Top,<p>Crafted in premium Crinkled Seersucker with Econyl Sleek Satin accents. This bikini top epitomizes anti-fashion statement luxury. Featuring color-blocking in Stone Gray and Chalk White. Perfect for the discerning swimmer who refuses the obvious.</p>,Twessie,Bikini Top,"minimalist luxury, minimalist bikini top, Crinkled Seersucker bikini, luxury Stone Gray swimwear, high-end swimwear",TRUE,Color,Chalk White,Size,S,TWESSIE_EU_BT_0107-Chalk White-S,168.0,,10
twessie-eu-bt-0107,Architecture-Cut Stone Gray Bikini Top,<p>Crafted in premium Crinkled Seersucker with Econyl Sleek Satin accents. This bikini top epitomizes anti-fashion statement luxury. Featuring color-blocking in Stone Gray and Chalk White. Perfect for the discerning swimmer who refuses the obvious.</p>,Twessie,Bikini Top,"minimalist luxury, minimalist bikini top, Crinkled Seersucker bikini, luxury Stone Gray swimwear, high-end swimwear",TRUE,Color,Chalk White,Size,M,TWESSIE_EU_BT_0107-Chalk White-M,168.0,,10
twessie-eu-bt-0107,Architecture-Cut Stone Gray Bikini Top,<p>Crafted in premium Crinkled Seersucker with Econyl Sleek Satin accents. This bikini top epitomizes anti-fashion statement luxury. Featuring color-blocking in Stone Gray and Chalk White. Perfect for the discerning swimmer who refuses the obvious.</p>,Twessie,Bikini Top,"minimalist luxury, minimalist bikini top, Crinkled Seersucker bikini, luxury Stone Gray swimwear, high-end swimwear",TRUE,Color,Chalk White,Size,L,TWESSIE_EU_BT_0107-Chalk White-L,168.0,,10
twessie-eu-bt-0107,Architecture-Cut Stone Gray Bikini Top,<p>Crafted in premium Crinkled Seersucker with Econyl Sleek Satin accents. This bikini top epitomizes anti-fashion statement luxury. Featuring color-blocking in Stone Gray and Chalk White. Perfect for the discerning swimmer who refuses the obvious.</p>,Twessie,Bikini Top,"minimalist luxury, minimalist bikini top, Crinkled Seersucker bikini, luxury Stone Gray swimwear, high-end swimwear",TRUE,Color,Chalk White,Size,XL,TWESSIE_EU_BT_0107-Chalk White-XL,168.0,,10
twessie-eu-bt-0107,Architecture-Cut Stone Gray Bikini Top,<p>Crafted in premium Crinkled Seersucker with Econyl Sleek Satin accents. This bikini top epitomizes anti-fashion statement luxury. Featuring color-blocking in Stone Gray and Chalk White. Perfect for the discerning swimmer who refuses the obvious.</p>,Twessie,Bikini Top,"minimalist luxury, minimalist bikini top, Crinkled Seersucker bikini, luxury Stone Gray swimwear, high-end swimwear",TRUE,Color,Chalk White,Size,XXL,TWESSIE_EU_BT_0107-Chalk White-XXL,168.0,,10
twessie-au-bt-0108,Matte Ribbed Knit High-Waist Bikini Top in Burnt Terracotta,<p>Crafted in premium Matte Ribbed Knit with Econyl Sleek Satin accents. This bikini top epitomizes architectural elegance luxury. Featuring color-blocking in Burnt Terracotta and Olive Drab. Perfect for the discerning swimmer who refuses the obvious.</p>,Twessie,Bikini Top,"luxury Burnt Terracotta swimwear, Matte Ribbed Knit bikini, minimalist luxury, architectural swimsuit, minimalist bikini top",TRUE,Color,Burnt Terracotta,Size,XS,TWESSIE_AU_BT_0108-Burnt Terracotta-XS,168.0,,10
twessie-au-bt-0108,Matte Ribbed Knit High-Waist Bikini Top in Burnt Terracotta,<p>Crafted in premium Matte Ribbed Knit with Econyl Sleek Satin accents. This bikini top epitomizes architectural elegance luxury. Featuring color-blocking in Burnt Terracotta and Olive Drab. Perfect for the discerning swimmer who refuses the obvious.</p>,Twessie,Bikini Top,"luxury Burnt Terracotta swimwear, Matte Ribbed Knit bikini, minimalist luxury, architectural swimsuit, minimalist bikini top",TRUE,Color,Burnt Terracotta,Size,S,TWESSIE_AU_BT_0108-Burnt Terracotta-S,168.0,,10
twessie-au-bt-0108,Matte Ribbed Knit High-Waist Bikini Top in Burnt Terracotta,<p>Crafted in premium Matte Ribbed Knit with Econyl Sleek Satin accents. This bikini top epitomizes architectural elegance luxury. Featuring color-blocking in Burnt Terracotta and Olive Drab. Perfect for the discerning swimmer who refuses the obvious.</p>,Twessie,Bikini Top,"luxury Burnt Terracotta swimwear, Matte Ribbed Knit bikini, minimalist luxury, architectural swimsuit, minimalist bikini top",TRUE,Color,Burnt Terracotta,Size,M,TWESSIE_AU_BT_0108-Burnt Terracotta-M,168.0,,10
twessie-au-bt-0108,Matte Ribbed Knit High-Waist Bikini Top in Burnt Terracotta,<p>Crafted in premium Matte Ribbed Knit with Econyl Sleek Satin accents. This bikini top epitomizes architectural elegance luxury. Featuring color-blocking in Burnt Terracotta and Olive Drab. Perfect for the discerning swimmer who refuses the obvious.</p>,Twessie,Bikini Top,"luxury Burnt Terracotta swimwear, Matte Ribbed Knit bikini, minimalist luxury, architectural swimsuit, minimalist bikini top",TRUE,Color,Burnt Terracotta,Size,L,TWESSIE_AU_BT_0108-Burnt Terracotta-L,168.0,,10
twessie-au-bt-0108,Matte Ribbed Knit High-Waist Bikini Top in Burnt Terracotta,<p>Crafted in premium Matte Ribbed Knit with Econyl Sleek Satin accents. This bikini top epitomizes architectural elegance luxury. Featuring color-blocking in Burnt Terracotta and Olive Drab. Perfect for the discerning swimmer who refuses the obvious.</p>,Twessie,Bikini Top,"luxury Burnt Terracotta swimwear, Matte Ribbed Knit bikini, minimalist luxury, architectural swimsuit, minimalist bikini top",TRUE,Color,Burnt Terracotta,Size,XL,TWESSIE_AU_BT_0108-Burnt Terracotta-XL,168.0,,10
twessie-au-bt-0108,Matte Ribbed Knit High-Waist Bikini Top in Burnt Terracotta,<p>Crafted in premium Matte Ribbed Knit with Econyl Sleek Satin accents. This bikini top epitomizes architectural elegance luxury. Featuring color-blocking in Burnt Terracotta and Olive Drab. Perfect for the discerning swimmer who refuses the obvious.</p>,Twessie,Bikini Top,"luxury Burnt Terracotta swimwear, Matte Ribbed Knit bikini, minimalist luxury, architectural swimsuit, minimalist bikini top",TRUE,Color,Burnt Terracotta,Size,XXL,TWESSIE_AU_BT_0108-Burnt Terracotta-XXL,168.0,,10
twessie-au-bt-0108,Matte Ribbed Knit High-Waist Bikini Top in Burnt Terracotta,<p>Crafted in premium Matte Ribbed Knit with Econyl Sleek Satin accents. This bikini top epitomizes architectural elegance luxury. Featuring color-blocking in Burnt Terracotta and Olive Drab. Perfect for the discerning swimmer who refuses the obvious.</p>,Twessie,Bikini Top,"luxury Burnt Terracotta swimwear, Matte Ribbed Knit bikini, minimalist luxury, architectural swimsuit, minimalist bikini top",TRUE,Color,Olive Drab,Size,XS,TWESSIE_AU_BT_0108-Olive Drab-XS,168.0,,10
twessie-au-bt-0108,Matte Ribbed Knit High-Waist Bikini Top in Burnt Terracotta,<p>Crafted in premium Matte Ribbed Knit with Econyl Sleek Satin accents. This bikini top epitomizes architectural elegance luxury. Featuring color-blocking in Burnt Terracotta and Olive Drab. Perfect for the discerning swimmer who refuses the obvious.</p>,Twessie,Bikini Top,"luxury Burnt Terracotta swimwear, Matte Ribbed Knit bikini, minimalist luxury, architectural swimsuit, minimalist bikini top",TRUE,Color,Olive Drab,Size,S,TWESSIE_AU_BT_0108-Olive Drab-S,168.0,,10
twessie-au-bt-0108,Matte Ribbed Knit High-Waist Bikini Top in Burnt Terracotta,<p>Crafted in premium Matte Ribbed Knit with Econyl Sleek Satin accents. This bikini top epitomizes architectural elegance luxury. Featuring color-blocking in Burnt Terracotta and Olive Drab. Perfect for the discerning swimmer who refuses the obvious.</p>,Twessie,Bikini Top,"luxury Burnt Terracotta swimwear, Matte Ribbed Knit bikini, minimalist luxury, architectural swimsuit, minimalist bikini top",TRUE,Color,Olive Drab,Size,M,TWESSIE_AU_BT_0108-Olive Drab-M,168.0,,10
twessie-au-bt-0108,Matte Ribbed Knit High-Waist Bikini Top in Burnt Terracotta,<p>Crafted in premium Matte Ribbed Knit with Econyl Sleek Satin accents. This bikini top epitomizes architectural elegance luxury. Featuring color-blocking in Burnt Terracotta and Olive Drab. Perfect for the discerning swimmer who refuses the obvious.</p>,Twessie,Bikini Top,"luxury Burnt Terracotta swimwear, Matte Ribbed Knit bikini, minimalist luxury, architectural swimsuit, minimalist bikini top",TRUE,Color,Olive Drab,Size,L,TWESSIE_AU_BT_0108-Olive Drab-L,168.0,,10
twessie-au-bt-0108,Matte Ribbed Knit High-Waist Bikini Top in Burnt Terracotta,<p>Crafted in premium Matte Ribbed Knit with Econyl Sleek Satin accents. This bikini top epitomizes architectural elegance luxury. Featuring color-blocking in Burnt Terracotta and Olive Drab. Perfect for the discerning swimmer who refuses the obvious.</p>,Twessie,Bikini Top,"luxury Burnt Terracotta swimwear, Matte Ribbed Knit bikini, minimalist luxury, architectural swimsuit, minimalist bikini top",TRUE,Color,Olive Drab,Size,XL,TWESSIE_AU_BT_0108-Olive Drab-XL,168.0,,10
twessie-au-bt-0108,Matte Ribbed Knit High-Waist Bikini Top in Burnt Terracotta,<p>Crafted in premium Matte Ribbed Knit with Econyl Sleek Satin accents. This bikini top epitomizes architectural elegance luxury. Featuring color-blocking in Burnt Terracotta and Olive Drab. Perfect for the discerning swimmer who refuses the obvious.</p>,Twessie,Bikini Top,"luxury Burnt Terracotta swimwear, Matte Ribbed Knit bikini, minimalist luxury, architectural swimsuit, minimalist bikini top",TRUE,Color,Olive Drab,Size,XXL,TWESSIE_AU_BT_0108-Olive Drab-XXL,168.0,,10
twessie-au-op-0109,Stone Gray Architectural One-Piece Swimsuit,<p>Crafted in premium Crinkled Seersucker with Matte Ribbed Knit accents. This one-piece epitomizes minimalist luxury luxury. Featuring color-blocking in Stone Gray and Chalk White. Perfect for the discerning swimmer who refuses the obvious.</p>,Twessie,One-Piece,"minimalist luxury, minimalist one-piece, independent fashion, luxury Stone Gray swimwear, architectural swimsuit",TRUE,Color,Stone Gray,Size,XS,TWESSIE_AU_OP_0109-Stone Gray-XS,168.0,,10
twessie-au-op-0109,Stone Gray Architectural One-Piece Swimsuit,<p>Crafted in premium Crinkled Seersucker with Matte Ribbed Knit accents. This one-piece epitomizes minimalist luxury luxury. Featuring color-blocking in Stone Gray and Chalk White. Perfect for the discerning swimmer who refuses the obvious.</p>,Twessie,One-Piece,"minimalist luxury, minimalist one-piece, independent fashion, luxury Stone Gray swimwear, architectural swimsuit",TRUE,Color,Stone Gray,Size,S,TWESSIE_AU_OP_0109-Stone Gray-S,168.0,,10
twessie-au-op-0109,Stone Gray Architectural One-Piece Swimsuit,<p>Crafted in premium Crinkled Seersucker with Matte Ribbed Knit accents. This one-piece epitomizes minimalist luxury luxury. Featuring color-blocking in Stone Gray and Chalk White. Perfect for the discerning swimmer who refuses the obvious.</p>,Twessie,One-Piece,"minimalist luxury, minimalist one-piece, independent fashion, luxury Stone Gray swimwear, architectural swimsuit",TRUE,Color,Stone Gray,Size,M,TWESSIE_AU_OP_0109-Stone Gray-M,168.0,,10
twessie-au-op-0109,Stone Gray Architectural One-Piece Swimsuit,<p>Crafted in premium Crinkled Seersucker with Matte Ribbed Knit accents. This one-piece epitomizes minimalist luxury luxury. Featuring color-blocking in Stone Gray and Chalk White. Perfect for the discerning swimmer who refuses the obvious.</p>,Twessie,One-Piece,"minimalist luxury, minimalist one-piece, independent fashion, luxury Stone Gray swimwear, architectural swimsuit",TRUE,Color,Stone Gray,Size,L,TWESSIE_AU_OP_0109-Stone Gray-L,168.0,,10
twessie-au-op-0109,Stone Gray Architectural One-Piece Swimsuit,<p>Crafted in premium Crinkled Seersucker with Matte Ribbed Knit accents. This one-piece epitomizes minimalist luxury luxury. Featuring color-blocking in Stone Gray and Chalk White. Perfect for the discerning swimmer who refuses the obvious.</p>,Twessie,One-Piece,"minimalist luxury, minimalist one-piece, independent fashion, luxury Stone Gray swimwear, architectural swimsuit",TRUE,Color,Stone Gray,Size,XL,TWESSIE_AU_OP_0109-Stone Gray-XL,168.0,,10
twessie-au-op-0109,Stone Gray Architectural One-Piece Swimsuit,<p>Crafted in premium Crinkled Seersucker with Matte Ribbed Knit accents. This one-piece epitomizes minimalist luxury luxury. Featuring color-blocking in Stone Gray and Chalk White. Perfect for the discerning swimmer who refuses the obvious.</p>,Twessie,One-Piece,"minimalist luxury, minimalist one-piece, independent fashion, luxury Stone Gray swimwear, architectural swimsuit",TRUE,Color,Stone Gray,Size,XXL,TWESSIE_AU_OP_0109-Stone Gray-XXL,168.0,,10
twessie-au-op-0109,Stone Gray Architectural One-Piece Swimsuit,<p>Crafted in premium Crinkled Seersucker with Matte Ribbed Knit accents. This one-piece epitomizes minimalist luxury luxury. Featuring color-blocking in Stone Gray and Chalk White. Perfect for the discerning swimmer who refuses the obvious.</p>,Twessie,One-Piece,"minimalist luxury, minimalist one-piece, independent fashion, luxury Stone Gray swimwear, architectural swimsuit",TRUE,Color,Chalk White,Size,XS,TWESSIE_AU_OP_0109-Chalk White-XS,168.0,,10
twessie-au-op-0109,Stone Gray Architectural One-Piece Swimsuit,<p>Crafted in premium Crinkled Seersucker with Matte Ribbed Knit accents. This one-piece epitomizes minimalist luxury luxury. Featuring color-blocking in Stone Gray and Chalk White. Perfect for the discerning swimmer who refuses the obvious.</p>,Twessie,One-Piece,"minimalist luxury, minimalist one-piece, independent fashion, luxury Stone Gray swimwear, architectural swimsuit",TRUE,Color,Chalk White,Size,S,TWESSIE_AU_OP_0109-Chalk White-S,168.0,,10
twessie-au-op-0109,Stone Gray Architectural One-Piece Swimsuit,<p>Crafted in premium Crinkled Seersucker with Matte Ribbed Knit accents. This one-piece epitomizes minimalist luxury luxury. Featuring color-blocking in Stone Gray and Chalk White. Perfect for the discerning swimmer who refuses the obvious.</p>,Twessie,One-Piece,"minimalist luxury, minimalist one-piece, independent fashion, luxury Stone Gray swimwear, architectural swimsuit",TRUE,Color,Chalk White,Size,M,TWESSIE_AU_OP_0109-Chalk White-M,168.0,,10
twessie-au-op-0109,Stone Gray Architectural One-Piece Swimsuit,<p>Crafted in premium Crinkled Seersucker with Matte Ribbed Knit accents. This one-piece epitomizes minimalist luxury luxury. Featuring color-blocking in Stone Gray and Chalk White. Perfect for the discerning swimmer who refuses the obvious.</p>,Twessie,One-Piece,"minimalist luxury, minimalist one-piece, independent fashion, luxury Stone Gray swimwear, architectural swimsuit",TRUE,Color,Chalk White,Size,L,TWESSIE_AU_OP_0109-Chalk White-L,168.0,,10
twessie-au-op-0109,Stone Gray Architectural One-Piece Swimsuit,<p>Crafted in premium Crinkled Seersucker with Matte Ribbed Knit accents. This one-piece epitomizes minimalist luxury luxury. Featuring color-blocking in Stone Gray and Chalk White. Perfect for the discerning swimmer who refuses the obvious.</p>,Twessie,One-Piece,"minimalist luxury, minimalist one-piece, independent fashion, luxury Stone Gray swimwear, architectural swimsuit",TRUE,Color,Chalk White,Size,XL,TWESSIE_AU_OP_0109-Chalk White-XL,168.0,,10
twessie-au-op-0109,Stone Gray Architectural One-Piece Swimsuit,<p>Crafted in premium Crinkled Seersucker with Matte Ribbed Knit accents. This one-piece epitomizes minimalist luxury luxury. Featuring color-blocking in Stone Gray and Chalk White. Perfect for the discerning swimmer who refuses the obvious.</p>,Twessie,One-Piece,"minimalist luxury, minimalist one-piece, independent fashion, luxury Stone Gray swimwear, architectural swimsuit",TRUE,Color,Chalk White,Size,XXL,TWESSIE_AU_OP_0109-Chalk White-XXL,168.0,,10
twessie-eu-ha-0110,Architectural Halter Strap System - Chalk White,<p>A statement piece in Crinkled Seersucker. This halter strap accessory combines minimalist luxury design with impeccable craftsmanship. Available in Chalk White with Stone Gray detailing. Not loud. Not obvious. Unmistakably Twessie.</p>,Twessie,Halter Strap Accessory,"minimalist halter strap accessory, Crinkled Seersucker bikini, architectural swimsuit, high-end swimwear, luxury Chalk White swimwear",TRUE,Color,Chalk White,Size,XS,TWESSIE_EU_HA_0110-Chalk White-XS,168.0,,10
twessie-eu-ha-0110,Architectural Halter Strap System - Chalk White,<p>A statement piece in Crinkled Seersucker. This halter strap accessory combines minimalist luxury design with impeccable craftsmanship. Available in Chalk White with Stone Gray detailing. Not loud. Not obvious. Unmistakably Twessie.</p>,Twessie,Halter Strap Accessory,"minimalist halter strap accessory, Crinkled Seersucker bikini, architectural swimsuit, high-end swimwear, luxury Chalk White swimwear",TRUE,Color,Chalk White,Size,S,TWESSIE_EU_HA_0110-Chalk White-S,168.0,,10
twessie-eu-ha-0110,Architectural Halter Strap System - Chalk White,<p>A statement piece in Crinkled Seersucker. This halter strap accessory combines minimalist luxury design with impeccable craftsmanship. Available in Chalk White with Stone Gray detailing. Not loud. Not obvious. Unmistakably Twessie.</p>,Twessie,Halter Strap Accessory,"minimalist halter strap accessory, Crinkled Seersucker bikini, architectural swimsuit, high-end swimwear, luxury Chalk White swimwear",TRUE,Color,Chalk White,Size,M,TWESSIE_EU_HA_0110-Chalk White-M,168.0,,10
twessie-eu-ha-0110,Architectural Halter Strap System - Chalk White,<p>A statement piece in Crinkled Seersucker. This halter strap accessory combines minimalist luxury design with impeccable craftsmanship. Available in Chalk White with Stone Gray detailing. Not loud. Not obvious. Unmistakably Twessie.</p>,Twessie,Halter Strap Accessory,"minimalist halter strap accessory, Crinkled Seersucker bikini, architectural swimsuit, high-end swimwear, luxury Chalk White swimwear",TRUE,Color,Chalk White,Size,L,TWESSIE_EU_HA_0110-Chalk White-L,168.0,,10
twessie-eu-ha-0110,Architectural Halter Strap System - Chalk White,<p>A statement piece in Crinkled Seersucker. This halter strap accessory combines minimalist luxury design with impeccable craftsmanship. Available in Chalk White with Stone Gray detailing. Not loud. Not obvious. Unmistakably Twessie.</p>,Twessie,Halter Strap Accessory,"minimalist halter strap accessory, Crinkled Seersucker bikini, architectural swimsuit, high-end swimwear, luxury Chalk White swimwear",TRUE,Color,Chalk White,Size,XL,TWESSIE_EU_HA_0110-Chalk White-XL,168.0,,10
twessie-eu-ha-0110,Architectural Halter Strap System - Chalk White,<p>A statement piece in Crinkled Seersucker. This halter strap accessory combines minimalist luxury design with impeccable craftsmanship. Available in Chalk White with Stone Gray detailing. Not loud. Not obvious. Unmistakably Twessie.</p>,Twessie,Halter Strap Accessory,"minimalist halter strap accessory, Crinkled Seersucker bikini, architectural swimsuit, high-end swimwear, luxury Chalk White swimwear",TRUE,Color,Chalk White,Size,XXL,TWESSIE_EU_HA_0110-Chalk White-XXL,168.0,,10
twessie-eu-ha-0110,Architectural Halter Strap System - Chalk White,<p>A statement piece in Crinkled Seersucker. This halter strap accessory combines minimalist luxury design with impeccable craftsmanship. Available in Chalk White with Stone Gray detailing. Not loud. Not obvious. Unmistakably Twessie.</p>,Twessie,Halter Strap Accessory,"minimalist halter strap accessory, Crinkled Seersucker bikini, architectural swimsuit, high-end swimwear, luxury Chalk White swimwear",TRUE,Color,Stone Gray,Size,XS,TWESSIE_EU_HA_0110-Stone Gray-XS,168.0,,10
twessie-eu-ha-0110,Architectural Halter Strap System - Chalk White,<p>A statement piece in Crinkled Seersucker. This halter strap accessory combines minimalist luxury design with impeccable craftsmanship. Available in Chalk White with Stone Gray detailing. Not loud. Not obvious. Unmistakably Twessie.</p>,Twessie,Halter Strap Accessory,"minimalist halter strap accessory, Crinkled Seersucker bikini, architectural swimsuit, high-end swimwear, luxury Chalk White swimwear",TRUE,Color,Stone Gray,Size,S,TWESSIE_EU_HA_0110-Stone Gray-S,168.0,,10
twessie-eu-ha-0110,Architectural Halter Strap System - Chalk White,<p>A statement piece in Crinkled Seersucker. This halter strap accessory combines minimalist luxury design with impeccable craftsmanship. Available in Chalk White with Stone Gray detailing. Not loud. Not obvious. Unmistakably Twessie.</p>,Twessie,Halter Strap Accessory,"minimalist halter strap accessory, Crinkled Seersucker bikini, architectural swimsuit, high-end swimwear, luxury Chalk White swimwear",TRUE,Color,Stone Gray,Size,M,TWESSIE_EU_HA_0110-Stone Gray-M,168.0,,10
twessie-eu-ha-0110,Architectural Halter Strap System - Chalk White,<p>A statement piece in Crinkled Seersucker. This halter strap accessory combines minimalist luxury design with impeccable craftsmanship. Available in Chalk White with Stone Gray detailing. Not loud. Not obvious. Unmistakably Twessie.</p>,Twessie,Halter Strap Accessory,"minimalist halter strap accessory, Crinkled Seersucker bikini, architectural swimsuit, high-end swimwear, luxury Chalk White swimwear",TRUE,Color,Stone Gray,Size,L,TWESSIE_EU_HA_0110-Stone Gray-L,168.0,,10
twessie-eu-ha-0110,Architectural Halter Strap System - Chalk White,<p>A statement piece in Crinkled Seersucker. This halter strap accessory combines minimalist luxury design with impeccable craftsmanship. Available in Chalk White with Stone Gray detailing. Not loud. Not obvious. Unmistakably Twessie.</p>,Twessie,Halter Strap Accessory,"minimalist halter strap accessory, Crinkled Seersucker bikini, architectural swimsuit, high-end swimwear, luxury Chalk White swimwear",TRUE,Color,Stone Gray,Size,XL,TWESSIE_EU_HA_0110-Stone Gray-XL,168.0,,10
twessie-eu-ha-0110,Architectural Halter Strap System - Chalk White,<p>A statement piece in Crinkled Seersucker. This halter strap accessory combines minimalist luxury design with impeccable craftsmanship. Available in Chalk White with Stone Gray detailing. Not loud. Not obvious. Unmistakably Twessie.</p>,Twessie,Halter Strap Accessory,"minimalist halter strap accessory, Crinkled Seersucker bikini, architectural swimsuit, high-end swimwear, luxury Chalk White swimwear",TRUE,Color,Stone Gray,Size,XXL,TWESSIE_EU_HA_0110-Stone Gray-XXL,168.0,,10
twessie-au-bb-0201,Olive Drab Minimalist Matte Ribbed Knit Bikini Bottom,"<p>Matte Ribbed Knit construction meets architectural precision in this bikini bottom. Designed for the intelligent, independent woman. The Olive Drab colorway with Burnt Terracotta accents creates a sophisticated palette. Pure architectural elegance elegance.</p>",Twessie,Bikini Bottom,"minimalist luxury, Matte Ribbed Knit bikini, independent fashion, luxury Olive Drab swimwear, minimalist bikini bottom",TRUE,Color,Olive Drab,Size,XS,TWESSIE_AU_BB_0201-Olive Drab-XS,168.0,,10
twessie-au-bb-0201,Olive Drab Minimalist Matte Ribbed Knit Bikini Bottom,"<p>Matte Ribbed Knit construction meets architectural precision in this bikini bottom. Designed for the intelligent, independent woman. The Olive Drab colorway with Burnt Terracotta accents creates a sophisticated palette. Pure architectural elegance elegance.</p>",Twessie,Bikini Bottom,"minimalist luxury, Matte Ribbed Knit bikini, independent fashion, luxury Olive Drab swimwear, minimalist bikini bottom",TRUE,Color,Olive Drab,Size,S,TWESSIE_AU_BB_0201-Olive Drab-S,168.0,,10
twessie-au-bb-0201,Olive Drab Minimalist Matte Ribbed Knit Bikini Bottom,"<p>Matte Ribbed Knit construction meets architectural precision in this bikini bottom. Designed for the intelligent, independent woman. The Olive Drab colorway with Burnt Terracotta accents creates a sophisticated palette. Pure architectural elegance elegance.</p>",Twessie,Bikini Bottom,"minimalist luxury, Matte Ribbed Knit bikini, independent fashion, luxury Olive Drab swimwear, minimalist bikini bottom",TRUE,Color,Olive Drab,Size,M,TWESSIE_AU_BB_0201-Olive Drab-M,168.0,,10
twessie-au-bb-0201,Olive Drab Minimalist Matte Ribbed Knit Bikini Bottom,"<p>Matte Ribbed Knit construction meets architectural precision in this bikini bottom. Designed for the intelligent, independent woman. The Olive Drab colorway with Burnt Terracotta accents creates a sophisticated palette. Pure architectural elegance elegance.</p>",Twessie,Bikini Bottom,"minimalist luxury, Matte Ribbed Knit bikini, independent fashion, luxury Olive Drab swimwear, minimalist bikini bottom",TRUE,Color,Olive Drab,Size,L,TWESSIE_AU_BB_0201-Olive Drab-L,168.0,,10
twessie-au-bb-0201,Olive Drab Minimalist Matte Ribbed Knit Bikini Bottom,"<p>Matte Ribbed Knit construction meets architectural precision in this bikini bottom. Designed for the intelligent, independent woman. The Olive Drab colorway with Burnt Terracotta accents creates a sophisticated palette. Pure architectural elegance elegance.</p>",Twessie,Bikini Bottom,"minimalist luxury, Matte Ribbed Knit bikini, independent fashion, luxury Olive Drab swimwear, minimalist bikini bottom",TRUE,Color,Olive Drab,Size,XL,TWESSIE_AU_BB_0201-Olive Drab-XL,168.0,,10
twessie-au-bb-0201,Olive Drab Minimalist Matte Ribbed Knit Bikini Bottom,"<p>Matte Ribbed Knit construction meets architectural precision in this bikini bottom. Designed for the intelligent, independent woman. The Olive Drab colorway with Burnt Terracotta accents creates a sophisticated palette. Pure architectural elegance elegance.</p>",Twessie,Bikini Bottom,"minimalist luxury, Matte Ribbed Knit bikini, independent fashion, luxury Olive Drab swimwear, minimalist bikini bottom",TRUE,Color,Olive Drab,Size,XXL,TWESSIE_AU_BB_0201-Olive Drab-XXL,168.0,,10
twessie-au-bb-0201,Olive Drab Minimalist Matte Ribbed Knit Bikini Bottom,"<p>Matte Ribbed Knit construction meets architectural precision in this bikini bottom. Designed for the intelligent, independent woman. The Olive Drab colorway with Burnt Terracotta accents creates a sophisticated palette. Pure architectural elegance elegance.</p>",Twessie,Bikini Bottom,"minimalist luxury, Matte Ribbed Knit bikini, independent fashion, luxury Olive Drab swimwear, minimalist bikini bottom",TRUE,Color,Burnt Terracotta,Size,XS,TWESSIE_AU_BB_0201-Burnt Terracotta-XS,168.0,,10
twessie-au-bb-0201,Olive Drab Minimalist Matte Ribbed Knit Bikini Bottom,"<p>Matte Ribbed Knit construction meets architectural precision in this bikini bottom. Designed for the intelligent, independent woman. The Olive Drab colorway with Burnt Terracotta accents creates a sophisticated palette. Pure architectural elegance elegance.</p>",Twessie,Bikini Bottom,"minimalist luxury, Matte Ribbed Knit bikini, independent fashion, luxury Olive Drab swimwear, minimalist bikini bottom",TRUE,Color,Burnt Terracotta,Size,S,TWESSIE_AU_BB_0201-Burnt Terracotta-S,168.0,,10
twessie-au-bb-0201,Olive Drab Minimalist Matte Ribbed Knit Bikini Bottom,"<p>Matte Ribbed Knit construction meets architectural precision in this bikini bottom. Designed for the intelligent, independent woman. The Olive Drab colorway with Burnt Terracotta accents creates a sophisticated palette. Pure architectural elegance elegance.</p>",Twessie,Bikini Bottom,"minimalist luxury, Matte Ribbed Knit bikini, independent fashion, luxury Olive Drab swimwear, minimalist bikini bottom",TRUE,Color,Burnt Terracotta,Size,M,TWESSIE_AU_BB_0201-Burnt Terracotta-M,168.0,,10
twessie-au-bb-0201,Olive Drab Minimalist Matte Ribbed Knit Bikini Bottom,"<p>Matte Ribbed Knit construction meets architectural precision in this bikini bottom. Designed for the intelligent, independent woman. The Olive Drab colorway with Burnt Terracotta accents creates a sophisticated palette. Pure architectural elegance elegance.</p>",Twessie,Bikini Bottom,"minimalist luxury, Matte Ribbed Knit bikini, independent fashion, luxury Olive Drab swimwear, minimalist bikini bottom",TRUE,Color,Burnt Terracotta,Size,L,TWESSIE_AU_BB_0201-Burnt Terracotta-L,168.0,,10
twessie-au-bb-0201,Olive Drab Minimalist Matte Ribbed Knit Bikini Bottom,"<p>Matte Ribbed Knit construction meets architectural precision in this bikini bottom. Designed for the intelligent, independent woman. The Olive Drab colorway with Burnt Terracotta accents creates a sophisticated palette. Pure architectural elegance elegance.</p>",Twessie,Bikini Bottom,"minimalist luxury, Matte Ribbed Knit bikini, independent fashion, luxury Olive Drab swimwear, minimalist bikini bottom",TRUE,Color,Burnt Terracotta,Size,XL,TWESSIE_AU_BB_0201-Burnt Terracotta-XL,168.0,,10
twessie-au-bb-0201,Olive Drab Minimalist Matte Ribbed Knit Bikini Bottom,"<p>Matte Ribbed Knit construction meets architectural precision in this bikini bottom. Designed for the intelligent, independent woman. The Olive Drab colorway with Burnt Terracotta accents creates a sophisticated palette. Pure architectural elegance elegance.</p>",Twessie,Bikini Bottom,"minimalist luxury, Matte Ribbed Knit bikini, independent fashion, luxury Olive Drab swimwear, minimalist bikini bottom",TRUE,Color,Burnt Terracotta,Size,XXL,TWESSIE_AU_BB_0201-Burnt Terracotta-XXL,168.0,,10
twessie-au-bb-0202,High-Cut Olive Drab Bikini Brief,<p>Crafted in premium Matte Ribbed Knit with Crinkled Seersucker accents. This bikini bottom epitomizes rebellious yet refined luxury. Featuring color-blocking in Olive Drab and Burnt Terracotta. Perfect for the discerning swimmer who refuses the obvious.</p>,Twessie,Bikini Bottom,"high-end swimwear, luxury Olive Drab swimwear, minimalist luxury, independent fashion, architectural swimsuit",TRUE,Color,Olive Drab,Size,XS,TWESSIE_AU_BB_0202-Olive Drab-XS,168.0,,10
twessie-au-bb-0202,High-Cut Olive Drab Bikini Brief,<p>Crafted in premium Matte Ribbed Knit with Crinkled Seersucker accents. This bikini bottom epitomizes rebellious yet refined luxury. Featuring color-blocking in Olive Drab and Burnt Terracotta. Perfect for the discerning swimmer who refuses the obvious.</p>,Twessie,Bikini Bottom,"high-end swimwear, luxury Olive Drab swimwear, minimalist luxury, independent fashion, architectural swimsuit",TRUE,Color,Olive Drab,Size,S,TWESSIE_AU_BB_0202-Olive Drab-S,168.0,,10
twessie-au-bb-0202,High-Cut Olive Drab Bikini Brief,<p>Crafted in premium Matte Ribbed Knit with Crinkled Seersucker accents. This bikini bottom epitomizes rebellious yet refined luxury. Featuring color-blocking in Olive Drab and Burnt Terracotta. Perfect for the discerning swimmer who refuses the obvious.</p>,Twessie,Bikini Bottom,"high-end swimwear, luxury Olive Drab swimwear, minimalist luxury, independent fashion, architectural swimsuit",TRUE,Color,Olive Drab,Size,M,TWESSIE_AU_BB_0202-Olive Drab-M,168.0,,10
twessie-au-bb-0202,High-Cut Olive Drab Bikini Brief,<p>Crafted in premium Matte Ribbed Knit with Crinkled Seersucker accents. This bikini bottom epitomizes rebellious yet refined luxury. Featuring color-blocking in Olive Drab and Burnt Terracotta. Perfect for the discerning swimmer who refuses the obvious.</p>,Twessie,Bikini Bottom,"high-end swimwear, luxury Olive Drab swimwear, minimalist luxury, independent fashion, architectural swimsuit",TRUE,Color,Olive Drab,Size,L,TWESSIE_AU_BB_0202-Olive Drab-L,168.0,,10
twessie-au-bb-0202,High-Cut Olive Drab Bikini Brief,<p>Crafted in premium Matte Ribbed Knit with Crinkled Seersucker accents. This bikini bottom epitomizes rebellious yet refined luxury. Featuring color-blocking in Olive Drab and Burnt Terracotta. Perfect for the discerning swimmer who refuses the obvious.</p>,Twessie,Bikini Bottom,"high-end swimwear, luxury Olive Drab swimwear, minimalist luxury, independent fashion, architectural swimsuit",TRUE,Color,Olive Drab,Size,XL,TWESSIE_AU_BB_0202-Olive Drab-XL,168.0,,10
twessie-au-bb-0202,High-Cut Olive Drab Bikini Brief,<p>Crafted in premium Matte Ribbed Knit with Crinkled Seersucker accents. This bikini bottom epitomizes rebellious yet refined luxury. Featuring color-blocking in Olive Drab and Burnt Terracotta. Perfect for the discerning swimmer who refuses the obvious.</p>,Twessie,Bikini Bottom,"high-end swimwear, luxury Olive Drab swimwear, minimalist luxury, independent fashion, architectural swimsuit",TRUE,Color,Olive Drab,Size,XXL,TWESSIE_AU_BB_0202-Olive Drab-XXL,168.0,,10
twessie-au-bb-0202,High-Cut Olive Drab Bikini Brief,<p>Crafted in premium Matte Ribbed Knit with Crinkled Seersucker accents. This bikini bottom epitomizes rebellious yet refined luxury. Featuring color-blocking in Olive Drab and Burnt Terracotta. Perfect for the discerning swimmer who refuses the obvious.</p>,Twessie,Bikini Bottom,"high-end swimwear, luxury Olive Drab swimwear, minimalist luxury, independent fashion, architectural swimsuit",TRUE,Color,Burnt Terracotta,Size,XS,TWESSIE_AU_BB_0202-Burnt Terracotta-XS,168.0,,10
twessie-au-bb-0202,High-Cut Olive Drab Bikini Brief,<p>Crafted in premium Matte Ribbed Knit with Crinkled Seersucker accents. This bikini bottom epitomizes rebellious yet refined luxury. Featuring color-blocking in Olive Drab and Burnt Terracotta. Perfect for the discerning swimmer who refuses the obvious.</p>,Twessie,Bikini Bottom,"high-end swimwear, luxury Olive Drab swimwear, minimalist luxury, independent fashion, architectural swimsuit",TRUE,Color,Burnt Terracotta,Size,S,TWESSIE_AU_BB_0202-Burnt Terracotta-S,168.0,,10
twessie-au-bb-0202,High-Cut Olive Drab Bikini Brief,<p>Crafted in premium Matte Ribbed Knit with Crinkled Seersucker accents. This bikini bottom epitomizes rebellious yet refined luxury. Featuring color-blocking in Olive Drab and Burnt Terracotta. Perfect for the discerning swimmer who refuses the obvious.</p>,Twessie,Bikini Bottom,"high-end swimwear, luxury Olive Drab swimwear, minimalist luxury, independent fashion, architectural swimsuit",TRUE,Color,Burnt Terracotta,Size,M,TWESSIE_AU_BB_0202-Burnt Terracotta-M,168.0,,10
twessie-au-bb-0202,High-Cut Olive Drab Bikini Brief,<p>Crafted in premium Matte Ribbed Knit with Crinkled Seersucker accents. This bikini bottom epitomizes rebellious yet refined luxury. Featuring color-blocking in Olive Drab and Burnt Terracotta. Perfect for the discerning swimmer who refuses the obvious.</p>,Twessie,Bikini Bottom,"high-end swimwear, luxury Olive Drab swimwear, minimalist luxury, independent fashion, architectural swimsuit",TRUE,Color,Burnt Terracotta,Size,L,TWESSIE_AU_BB_0202-Burnt Terracotta-L,168.0,,10
twessie-au-bb-0202,High-Cut Olive Drab Bikini Brief,<p>Crafted in premium Matte Ribbed Knit with Crinkled Seersucker accents. This bikini bottom epitomizes rebellious yet refined luxury. Featuring color-blocking in Olive Drab and Burnt Terracotta. Perfect for the discerning swimmer who refuses the obvious.</p>,Twessie,Bikini Bottom,"high-end swimwear, luxury Olive Drab swimwear, minimalist luxury, independent fashion, architectural swimsuit",TRUE,Color,Burnt Terracotta,Size,XL,TWESSIE_AU_BB_0202-Burnt Terracotta-XL,168.0,,10
twessie-au-bb-0202,High-Cut Olive Drab Bikini Brief,<p>Crafted in premium Matte Ribbed Knit with Crinkled Seersucker accents. This bikini bottom epitomizes rebellious yet refined luxury. Featuring color-blocking in Olive Drab and Burnt Terracotta. Perfect for the discerning swimmer who refuses the obvious.</p>,Twessie,Bikini Bottom,"high-end swimwear, luxury Olive Drab swimwear, minimalist luxury, independent fashion, architectural swimsuit",TRUE,Color,Burnt Terracotta,Size,XXL,TWESSIE_AU_BB_0202-Burnt Terracotta-XXL,168.0,,10
twessie-jp-bt-0203,Olive Drab Sculptural Matte Ribbed Knit Bikini Top,"<p>Matte Ribbed Knit construction meets architectural precision in this bikini top. Designed for the intelligent, independent woman. The Olive Drab colorway with Burnt Terracotta accents creates a sophisticated palette. Pure minimalist luxury elegance.</p>",Twessie,Bikini Top,"Matte Ribbed Knit bikini, high-end swimwear, minimalist bikini top, minimalist luxury, luxury Olive Drab swimwear",TRUE,Color,Olive Drab,Size,XS,TWESSIE_JP_BT_0203-Olive Drab-XS,168.0,,10
twessie-jp-bt-0203,Olive Drab Sculptural Matte Ribbed Knit Bikini Top,"<p>Matte Ribbed Knit construction meets architectural precision in this bikini top. Designed for the intelligent, independent woman. The Olive Drab colorway with Burnt Terracotta accents creates a sophisticated palette. Pure minimalist luxury elegance.</p>",Twessie,Bikini Top,"Matte Ribbed Knit bikini, high-end swimwear, minimalist bikini top, minimalist luxury, luxury Olive Drab swimwear",TRUE,Color,Olive Drab,Size,S,TWESSIE_JP_BT_0203-Olive Drab-S,168.0,,10
twessie-jp-bt-0203,Olive Drab Sculptural Matte Ribbed Knit Bikini Top,"<p>Matte Ribbed Knit construction meets architectural precision in this bikini top. Designed for the intelligent, independent woman. The Olive Drab colorway with Burnt Terracotta accents creates a sophisticated palette. Pure minimalist luxury elegance.</p>",Twessie,Bikini Top,"Matte Ribbed Knit bikini, high-end swimwear, minimalist bikini top, minimalist luxury, luxury Olive Drab swimwear",TRUE,Color,Olive Drab,Size,M,TWESSIE_JP_BT_0203-Olive Drab-M,168.0,,10
twessie-jp-bt-0203,Olive Drab Sculptural Matte Ribbed Knit Bikini Top,"<p>Matte Ribbed Knit construction meets architectural precision in this bikini top. Designed for the intelligent, independent woman. The Olive Drab colorway with Burnt Terracotta accents creates a sophisticated palette. Pure minimalist luxury elegance.</p>",Twessie,Bikini Top,"Matte Ribbed Knit bikini, high-end swimwear, minimalist bikini top, minimalist luxury, luxury Olive Drab swimwear",TRUE,Color,Olive Drab,Size,L,TWESSIE_JP_BT_0203-Olive Drab-L,168.0,,10
twessie-jp-bt-0203,Olive Drab Sculptural Matte Ribbed Knit Bikini Top,"<p>Matte Ribbed Knit construction meets architectural precision in this bikini top. Designed for the intelligent, independent woman. The Olive Drab colorway with Burnt Terracotta accents creates a sophisticated palette. Pure minimalist luxury elegance.</p>",Twessie,Bikini Top,"Matte Ribbed Knit bikini, high-end swimwear, minimalist bikini top, minimalist luxury, luxury Olive Drab swimwear",TRUE,Color,Olive Drab,Size,XL,TWESSIE_JP_BT_0203-Olive Drab-XL,168.0,,10
twessie-jp-bt-0203,Olive Drab Sculptural Matte Ribbed Knit Bikini Top,"<p>Matte Ribbed Knit construction meets architectural precision in this bikini top. Designed for the intelligent, independent woman. The Olive Drab colorway with Burnt Terracotta accents creates a sophisticated palette. Pure minimalist luxury elegance.</p>",Twessie,Bikini Top,"Matte Ribbed Knit bikini, high-end swimwear, minimalist bikini top, minimalist luxury, luxury Olive Drab swimwear",TRUE,Color,Olive Drab,Size,XXL,TWESSIE_JP_BT_0203-Olive Drab-XXL,168.0,,10
twessie-jp-bt-0203,Olive Drab Sculptural Matte Ribbed Knit Bikini Top,"<p>Matte Ribbed Knit construction meets architectural precision in this bikini top. Designed for the intelligent, independent woman. The Olive Drab colorway with Burnt Terracotta accents creates a sophisticated palette. Pure minimalist luxury elegance.</p>",Twessie,Bikini Top,"Matte Ribbed Knit bikini, high-end swimwear, minimalist bikini top, minimalist luxury, luxury Olive Drab swimwear",TRUE,Color,Burnt Terracotta,Size,XS,TWESSIE_JP_BT_0203-Burnt Terracotta-XS,168.0,,10
twessie-jp-bt-0203,Olive Drab Sculptural Matte Ribbed Knit Bikini Top,"<p>Matte Ribbed Knit construction meets architectural precision in this bikini top. Designed for the intelligent, independent woman. The Olive Drab colorway with Burnt Terracotta accents creates a sophisticated palette. Pure minimalist luxury elegance.</p>",Twessie,Bikini Top,"Matte Ribbed Knit bikini, high-end swimwear, minimalist bikini top, minimalist luxury, luxury Olive Drab swimwear",TRUE,Color,Burnt Terracotta,Size,S,TWESSIE_JP_BT_0203-Burnt Terracotta-S,168.0,,10
twessie-jp-bt-0203,Olive Drab Sculptural Matte Ribbed Knit Bikini Top,"<p>Matte Ribbed Knit construction meets architectural precision in this bikini top. Designed for the intelligent, independent woman. The Olive Drab colorway with Burnt Terracotta accents creates a sophisticated palette. Pure minimalist luxury elegance.</p>",Twessie,Bikini Top,"Matte Ribbed Knit bikini, high-end swimwear, minimalist bikini top, minimalist luxury, luxury Olive Drab swimwear",TRUE,Color,Burnt Terracotta,Size,M,TWESSIE_JP_BT_0203-Burnt Terracotta-M,168.0,,10
twessie-jp-bt-0203,Olive Drab Sculptural Matte Ribbed Knit Bikini Top,"<p>Matte Ribbed Knit construction meets architectural precision in this bikini top. Designed for the intelligent, independent woman. The Olive Drab colorway with Burnt Terracotta accents creates a sophisticated palette. Pure minimalist luxury elegance.</p>",Twessie,Bikini Top,"Matte Ribbed Knit bikini, high-end swimwear, minimalist bikini top, minimalist luxury, luxury Olive Drab swimwear",TRUE,Color,Burnt Terracotta,Size,L,TWESSIE_JP_BT_0203-Burnt Terracotta-L,168.0,,10
twessie-jp-bt-0203,Olive Drab Sculptural Matte Ribbed Knit Bikini Top,"<p>Matte Ribbed Knit construction meets architectural precision in this bikini top. Designed for the intelligent, independent woman. The Olive Drab colorway with Burnt Terracotta accents creates a sophisticated palette. Pure minimalist luxury elegance.</p>",Twessie,Bikini Top,"Matte Ribbed Knit bikini, high-end swimwear, minimalist bikini top, minimalist luxury, luxury Olive Drab swimwear",TRUE,Color,Burnt Terracotta,Size,XL,TWESSIE_JP_BT_0203-Burnt Terracotta-XL,168.0,,10
twessie-jp-bt-0203,Olive Drab Sculptural Matte Ribbed Knit Bikini Top,"<p>Matte Ribbed Knit construction meets architectural precision in this bikini top. Designed for the intelligent, independent woman. The Olive Drab colorway with Burnt Terracotta accents creates a sophisticated palette. Pure minimalist luxury elegance.</p>",Twessie,Bikini Top,"Matte Ribbed Knit bikini, high-end swimwear, minimalist bikini top, minimalist luxury, luxury Olive Drab swimwear",TRUE,Color,Burnt Terracotta,Size,XXL,TWESSIE_JP_BT_0203-Burnt Terracotta-XXL,168.0,,10
twessie-na-bb-0204,Burnt Terracotta Minimalist Matte Ribbed Knit Bikini Bottom,"<p>Matte Ribbed Knit construction meets architectural precision in this bikini bottom. Designed for the intelligent, independent woman. The Burnt Terracotta colorway with Olive Drab accents creates a sophisticated palette. Pure architectural elegance elegance.</p>",Twessie,Bikini Bottom,"independent fashion, Matte Ribbed Knit bikini, high-end swimwear, luxury Burnt Terracotta swimwear, minimalist bikini bottom",TRUE,Color,Burnt Terracotta,Size,XS,TWESSIE_NA_BB_0204-Burnt Terracotta-XS,168.0,,10
twessie-na-bb-0204,Burnt Terracotta Minimalist Matte Ribbed Knit Bikini Bottom,"<p>Matte Ribbed Knit construction meets architectural precision in this bikini bottom. Designed for the intelligent, independent woman. The Burnt Terracotta colorway with Olive Drab accents creates a sophisticated palette. Pure architectural elegance elegance.</p>",Twessie,Bikini Bottom,"independent fashion, Matte Ribbed Knit bikini, high-end swimwear, luxury Burnt Terracotta swimwear, minimalist bikini bottom",TRUE,Color,Burnt Terracotta,Size,S,TWESSIE_NA_BB_0204-Burnt Terracotta-S,168.0,,10
twessie-na-bb-0204,Burnt Terracotta Minimalist Matte Ribbed Knit Bikini Bottom,"<p>Matte Ribbed Knit construction meets architectural precision in this bikini bottom. Designed for the intelligent, independent woman. The Burnt Terracotta colorway with Olive Drab accents creates a sophisticated palette. Pure architectural elegance elegance.</p>",Twessie,Bikini Bottom,"independent fashion, Matte Ribbed Knit bikini, high-end swimwear, luxury Burnt Terracotta swimwear, minimalist bikini bottom",TRUE,Color,Burnt Terracotta,Size,M,TWESSIE_NA_BB_0204-Burnt Terracotta-M,168.0,,10
twessie-na-bb-0204,Burnt Terracotta Minimalist Matte Ribbed Knit Bikini Bottom,"<p>Matte Ribbed Knit construction meets architectural precision in this bikini bottom. Designed for the intelligent, independent woman. The Burnt Terracotta colorway with Olive Drab accents creates a sophisticated palette. Pure architectural elegance elegance.</p>",Twessie,Bikini Bottom,"independent fashion, Matte Ribbed Knit bikini, high-end swimwear, luxury Burnt Terracotta swimwear, minimalist bikini bottom",TRUE,Color,Burnt Terracotta,Size,L,TWESSIE_NA_BB_0204-Burnt Terracotta-L,168.0,,10
twessie-na-bb-0204,Burnt Terracotta Minimalist Matte Ribbed Knit Bikini Bottom,"<p>Matte Ribbed Knit construction meets architectural precision in this bikini bottom. Designed for the intelligent, independent woman. The Burnt Terracotta colorway with Olive Drab accents creates a sophisticated palette. Pure architectural elegance elegance.</p>",Twessie,Bikini Bottom,"independent fashion, Matte Ribbed Knit bikini, high-end swimwear, luxury Burnt Terracotta swimwear, minimalist bikini bottom",TRUE,Color,Burnt Terracotta,Size,XL,TWESSIE_NA_BB_0204-Burnt Terracotta-XL,168.0,,10
twessie-na-bb-0204,Burnt Terracotta Minimalist Matte Ribbed Knit Bikini Bottom,"<p>Matte Ribbed Knit construction meets architectural precision in this bikini bottom. Designed for the intelligent, independent woman. The Burnt Terracotta colorway with Olive Drab accents creates a sophisticated palette. Pure architectural elegance elegance.</p>",Twessie,Bikini Bottom,"independent fashion, Matte Ribbed Knit bikini, high-end swimwear, luxury Burnt Terracotta swimwear, minimalist bikini bottom",TRUE,Color,Burnt Terracotta,Size,XXL,TWESSIE_NA_BB_0204-Burnt Terracotta-XXL,168.0,,10
twessie-na-bb-0204,Burnt Terracotta Minimalist Matte Ribbed Knit Bikini Bottom,"<p>Matte Ribbed Knit construction meets architectural precision in this bikini bottom. Designed for the intelligent, independent woman. The Burnt Terracotta colorway with Olive Drab accents creates a sophisticated palette. Pure architectural elegance elegance.</p>",Twessie,Bikini Bottom,"independent fashion, Matte Ribbed Knit bikini, high-end swimwear, luxury Burnt Terracotta swimwear, minimalist bikini bottom",TRUE,Color,Olive Drab,Size,XS,TWESSIE_NA_BB_0204-Olive Drab-XS,168.0,,10
twessie-na-bb-0204,Burnt Terracotta Minimalist Matte Ribbed Knit Bikini Bottom,"<p>Matte Ribbed Knit construction meets architectural precision in this bikini bottom. Designed for the intelligent, independent woman. The Burnt Terracotta colorway with Olive Drab accents creates a sophisticated palette. Pure architectural elegance elegance.</p>",Twessie,Bikini Bottom,"independent fashion, Matte Ribbed Knit bikini, high-end swimwear, luxury Burnt Terracotta swimwear, minimalist bikini bottom",TRUE,Color,Olive Drab,Size,S,TWESSIE_NA_BB_0204-Olive Drab-S,168.0,,10
twessie-na-bb-0204,Burnt Terracotta Minimalist Matte Ribbed Knit Bikini Bottom,"<p>Matte Ribbed Knit construction meets architectural precision in this bikini bottom. Designed for the intelligent, independent woman. The Burnt Terracotta colorway with Olive Drab accents creates a sophisticated palette. Pure architectural elegance elegance.</p>",Twessie,Bikini Bottom,"independent fashion, Matte Ribbed Knit bikini, high-end swimwear, luxury Burnt Terracotta swimwear, minimalist bikini bottom",TRUE,Color,Olive Drab,Size,M,TWESSIE_NA_BB_0204-Olive Drab-M,168.0,,10
twessie-na-bb-0204,Burnt Terracotta Minimalist Matte Ribbed Knit Bikini Bottom,"<p>Matte Ribbed Knit construction meets architectural precision in this bikini bottom. Designed for the intelligent, independent woman. The Burnt Terracotta colorway with Olive Drab accents creates a sophisticated palette. Pure architectural elegance elegance.</p>",Twessie,Bikini Bottom,"independent fashion, Matte Ribbed Knit bikini, high-end swimwear, luxury Burnt Terracotta swimwear, minimalist bikini bottom",TRUE,Color,Olive Drab,Size,L,TWESSIE_NA_BB_0204-Olive Drab-L,168.0,,10
twessie-na-bb-0204,Burnt Terracotta Minimalist Matte Ribbed Knit Bikini Bottom,"<p>Matte Ribbed Knit construction meets architectural precision in this bikini bottom. Designed for the intelligent, independent woman. The Burnt Terracotta colorway with Olive Drab accents creates a sophisticated palette. Pure architectural elegance elegance.</p>",Twessie,Bikini Bottom,"independent fashion, Matte Ribbed Knit bikini, high-end swimwear, luxury Burnt Terracotta swimwear, minimalist bikini bottom",TRUE,Color,Olive Drab,Size,XL,TWESSIE_NA_BB_0204-Olive Drab-XL,168.0,,10
twessie-na-bb-0204,Burnt Terracotta Minimalist Matte Ribbed Knit Bikini Bottom,"<p>Matte Ribbed Knit construction meets architectural precision in this bikini bottom. Designed for the intelligent, independent woman. The Burnt Terracotta colorway with Olive Drab accents creates a sophisticated palette. Pure architectural elegance elegance.</p>",Twessie,Bikini Bottom,"independent fashion, Matte Ribbed Knit bikini, high-end swimwear, luxury Burnt Terracotta swimwear, minimalist bikini bottom",TRUE,Color,Olive Drab,Size,XXL,TWESSIE_NA_BB_0204-Olive Drab-XXL,168.0,,10
twessie-au-bt-0205,Matte Ribbed Knit High-Waist Bikini Top in Burnt Terracotta,<p>Crafted in premium Matte Ribbed Knit with Crinkled Seersucker accents. This bikini top epitomizes intelligent aesthetic luxury. Featuring color-blocking in Burnt Terracotta and Olive Drab. Perfect for the discerning swimmer who refuses the obvious.</p>,Twessie,Bikini Top,"architectural swimsuit, independent fashion, Matte Ribbed Knit bikini, minimalist luxury, minimalist bikini top",TRUE,Color,Burnt Terracotta,Size,XS,TWESSIE_AU_BT_0205-Burnt Terracotta-XS,168.0,,10
twessie-au-bt-0205,Matte Ribbed Knit High-Waist Bikini Top in Burnt Terracotta,<p>Crafted in premium Matte Ribbed Knit with Crinkled Seersucker accents. This bikini top epitomizes intelligent aesthetic luxury. Featuring color-blocking in Burnt Terracotta and Olive Drab. Perfect for the discerning swimmer who refuses the obvious.</p>,Twessie,Bikini Top,"architectural swimsuit, independent fashion, Matte Ribbed Knit bikini, minimalist luxury, minimalist bikini top",TRUE,Color,Burnt Terracotta,Size,S,TWESSIE_AU_BT_0205-Burnt Terracotta-S,168.0,,10
twessie-au-bt-0205,Matte Ribbed Knit High-Waist Bikini Top in Burnt Terracotta,<p>Crafted in premium Matte Ribbed Knit with Crinkled Seersucker accents. This bikini top epitomizes intelligent aesthetic luxury. Featuring color-blocking in Burnt Terracotta and Olive Drab. Perfect for the discerning swimmer who refuses the obvious.</p>,Twessie,Bikini Top,"architectural swimsuit, independent fashion, Matte Ribbed Knit bikini, minimalist luxury, minimalist bikini top",TRUE,Color,Burnt Terracotta,Size,M,TWESSIE_AU_BT_0205-Burnt Terracotta-M,168.0,,10
twessie-au-bt-0205,Matte Ribbed Knit High-Waist Bikini Top in Burnt Terracotta,<p>Crafted in premium Matte Ribbed Knit with Crinkled Seersucker accents. This bikini top epitomizes intelligent aesthetic luxury. Featuring color-blocking in Burnt Terracotta and Olive Drab. Perfect for the discerning swimmer who refuses the obvious.</p>,Twessie,Bikini Top,"architectural swimsuit, independent fashion, Matte Ribbed Knit bikini, minimalist luxury, minimalist bikini top",TRUE,Color,Burnt Terracotta,Size,L,TWESSIE_AU_BT_0205-Burnt Terracotta-L,168.0,,10
twessie-au-bt-0205,Matte Ribbed Knit High-Waist Bikini Top in Burnt Terracotta,<p>Crafted in premium Matte Ribbed Knit with Crinkled Seersucker accents. This bikini top epitomizes intelligent aesthetic luxury. Featuring color-blocking in Burnt Terracotta and Olive Drab. Perfect for the discerning swimmer who refuses the obvious.</p>,Twessie,Bikini Top,"architectural swimsuit, independent fashion, Matte Ribbed Knit bikini, minimalist luxury, minimalist bikini top",TRUE,Color,Burnt Terracotta,Size,XL,TWESSIE_AU_BT_0205-Burnt Terracotta-XL,168.0,,10
twessie-au-bt-0205,Matte Ribbed Knit High-Waist Bikini Top in Burnt Terracotta,<p>Crafted in premium Matte Ribbed Knit with Crinkled Seersucker accents. This bikini top epitomizes intelligent aesthetic luxury. Featuring color-blocking in Burnt Terracotta and Olive Drab. Perfect for the discerning swimmer who refuses the obvious.</p>,Twessie,Bikini Top,"architectural swimsuit, independent fashion, Matte Ribbed Knit bikini, minimalist luxury, minimalist bikini top",TRUE,Color,Burnt Terracotta,Size,XXL,TWESSIE_AU_BT_0205-Burnt Terracotta-XXL,168.0,,10
twessie-au-bt-0205,Matte Ribbed Knit High-Waist Bikini Top in Burnt Terracotta,<p>Crafted in premium Matte Ribbed Knit with Crinkled Seersucker accents. This bikini top epitomizes intelligent aesthetic luxury. Featuring color-blocking in Burnt Terracotta and Olive Drab. Perfect for the discerning swimmer who refuses the obvious.</p>,Twessie,Bikini Top,"architectural swimsuit, independent fashion, Matte Ribbed Knit bikini, minimalist luxury, minimalist bikini top",TRUE,Color,Olive Drab,Size,XS,TWESSIE_AU_BT_0205-Olive Drab-XS,168.0,,10
twessie-au-bt-0205,Matte Ribbed Knit High-Waist Bikini Top in Burnt Terracotta,<p>Crafted in premium Matte Ribbed Knit with Crinkled Seersucker accents. This bikini top epitomizes intelligent aesthetic luxury. Featuring color-blocking in Burnt Terracotta and Olive Drab. Perfect for the discerning swimmer who refuses the obvious.</p>,Twessie,Bikini Top,"architectural swimsuit, independent fashion, Matte Ribbed Knit bikini, minimalist luxury, minimalist bikini top",TRUE,Color,Olive Drab,Size,S,TWESSIE_AU_BT_0205-Olive Drab-S,168.0,,10
twessie-au-bt-0205,Matte Ribbed Knit High-Waist Bikini Top in Burnt Terracotta,<p>Crafted in premium Matte Ribbed Knit with Crinkled Seersucker accents. This bikini top epitomizes intelligent aesthetic luxury. Featuring color-blocking in Burnt Terracotta and Olive Drab. Perfect for the discerning swimmer who refuses the obvious.</p>,Twessie,Bikini Top,"architectural swimsuit, independent fashion, Matte Ribbed Knit bikini, minimalist luxury, minimalist bikini top",TRUE,Color,Olive Drab,Size,M,TWESSIE_AU_BT_0205-Olive Drab-M,168.0,,10
twessie-au-bt-0205,Matte Ribbed Knit High-Waist Bikini Top in Burnt Terracotta,<p>Crafted in premium Matte Ribbed Knit with Crinkled Seersucker accents. This bikini top epitomizes intelligent aesthetic luxury. Featuring color-blocking in Burnt Terracotta and Olive Drab. Perfect for the discerning swimmer who refuses the obvious.</p>,Twessie,Bikini Top,"architectural swimsuit, independent fashion, Matte Ribbed Knit bikini, minimalist luxury, minimalist bikini top",TRUE,Color,Olive Drab,Size,L,TWESSIE_AU_BT_0205-Olive Drab-L,168.0,,10
twessie-au-bt-0205,Matte Ribbed Knit High-Waist Bikini Top in Burnt Terracotta,<p>Crafted in premium Matte Ribbed Knit with Crinkled Seersucker accents. This bikini top epitomizes intelligent aesthetic luxury. Featuring color-blocking in Burnt Terracotta and Olive Drab. Perfect for the discerning swimmer who refuses the obvious.</p>,Twessie,Bikini Top,"architectural swimsuit, independent fashion, Matte Ribbed Knit bikini, minimalist luxury, minimalist bikini top",TRUE,Color,Olive Drab,Size,XL,TWESSIE_AU_BT_0205-Olive Drab-XL,168.0,,10
twessie-au-bt-0205,Matte Ribbed Knit High-Waist Bikini Top in Burnt Terracotta,<p>Crafted in premium Matte Ribbed Knit with Crinkled Seersucker accents. This bikini top epitomizes intelligent aesthetic luxury. Featuring color-blocking in Burnt Terracotta and Olive Drab. Perfect for the discerning swimmer who refuses the obvious.</p>,Twessie,Bikini Top,"architectural swimsuit, independent fashion, Matte Ribbed Knit bikini, minimalist luxury, minimalist bikini top",TRUE,Color,Olive Drab,Size,XXL,TWESSIE_AU_BT_0205-Olive Drab-XXL,168.0,,10
twessie-sg-bt-0206,Econyl Sleek Satin High-Waist Bikini Top in Obsidian Black,"<p>Econyl Sleek Satin construction meets architectural precision in this bikini top. Designed for the intelligent, independent woman. The Obsidian Black colorway with Olive Drab accents creates a sophisticated palette. Pure architectural elegance elegance.</p>",Twessie,Bikini Top,"architectural swimsuit, minimalist bikini top, luxury Obsidian Black swimwear, Econyl Sleek Satin bikini, minimalist luxury",TRUE,Color,Obsidian Black,Size,XS,TWESSIE_SG_BT_0206-Obsidian Black-XS,168.0,,10
twessie-sg-bt-0206,Econyl Sleek Satin High-Waist Bikini Top in Obsidian Black,"<p>Econyl Sleek Satin construction meets architectural precision in this bikini top. Designed for the intelligent, independent woman. The Obsidian Black colorway with Olive Drab accents creates a sophisticated palette. Pure architectural elegance elegance.</p>",Twessie,Bikini Top,"architectural swimsuit, minimalist bikini top, luxury Obsidian Black swimwear, Econyl Sleek Satin bikini, minimalist luxury",TRUE,Color,Obsidian Black,Size,S,TWESSIE_SG_BT_0206-Obsidian Black-S,168.0,,10
twessie-sg-bt-0206,Econyl Sleek Satin High-Waist Bikini Top in Obsidian Black,"<p>Econyl Sleek Satin construction meets architectural precision in this bikini top. Designed for the intelligent, independent woman. The Obsidian Black colorway with Olive Drab accents creates a sophisticated palette. Pure architectural elegance elegance.</p>",Twessie,Bikini Top,"architectural swimsuit, minimalist bikini top, luxury Obsidian Black swimwear, Econyl Sleek Satin bikini, minimalist luxury",TRUE,Color,Obsidian Black,Size,M,TWESSIE_SG_BT_0206-Obsidian Black-M,168.0,,10
twessie-sg-bt-0206,Econyl Sleek Satin High-Waist Bikini Top in Obsidian Black,"<p>Econyl Sleek Satin construction meets architectural precision in this bikini top. Designed for the intelligent, independent woman. The Obsidian Black colorway with Olive Drab accents creates a sophisticated palette. Pure architectural elegance elegance.</p>",Twessie,Bikini Top,"architectural swimsuit, minimalist bikini top, luxury Obsidian Black swimwear, Econyl Sleek Satin bikini, minimalist luxury",TRUE,Color,Obsidian Black,Size,L,TWESSIE_SG_BT_0206-Obsidian Black-L,168.0,,10
twessie-sg-bt-0206,Econyl Sleek Satin High-Waist Bikini Top in Obsidian Black,"<p>Econyl Sleek Satin construction meets architectural precision in this bikini top. Designed for the intelligent, independent woman. The Obsidian Black colorway with Olive Drab accents creates a sophisticated palette. Pure architectural elegance elegance.</p>",Twessie,Bikini Top,"architectural swimsuit, minimalist bikini top, luxury Obsidian Black swimwear, Econyl Sleek Satin bikini, minimalist luxury",TRUE,Color,Obsidian Black,Size,XL,TWESSIE_SG_BT_0206-Obsidian Black-XL,168.0,,10
twessie-sg-bt-0206,Econyl Sleek Satin High-Waist Bikini Top in Obsidian Black,"<p>Econyl Sleek Satin construction meets architectural precision in this bikini top. Designed for the intelligent, independent woman. The Obsidian Black colorway with Olive Drab accents creates a sophisticated palette. Pure architectural elegance elegance.</p>",Twessie,Bikini Top,"architectural swimsuit, minimalist bikini top, luxury Obsidian Black swimwear, Econyl Sleek Satin bikini, minimalist luxury",TRUE,Color,Obsidian Black,Size,XXL,TWESSIE_SG_BT_0206-Obsidian Black-XXL,168.0,,10
twessie-sg-bt-0206,Econyl Sleek Satin High-Waist Bikini Top in Obsidian Black,"<p>Econyl Sleek Satin construction meets architectural precision in this bikini top. Designed for the intelligent, independent woman. The Obsidian Black colorway with Olive Drab accents creates a sophisticated palette. Pure architectural elegance elegance.</p>",Twessie,Bikini Top,"architectural swimsuit, minimalist bikini top, luxury Obsidian Black swimwear, Econyl Sleek Satin bikini, minimalist luxury",TRUE,Color,Olive Drab,Size,XS,TWESSIE_SG_BT_0206-Olive Drab-XS,168.0,,10
twessie-sg-bt-0206,Econyl Sleek Satin High-Waist Bikini Top in Obsidian Black,"<p>Econyl Sleek Satin construction meets architectural precision in this bikini top. Designed for the intelligent, independent woman. The Obsidian Black colorway with Olive Drab accents creates a sophisticated palette. Pure architectural elegance elegance.</p>",Twessie,Bikini Top,"architectural swimsuit, minimalist bikini top, luxury Obsidian Black swimwear, Econyl Sleek Satin bikini, minimalist luxury",TRUE,Color,Olive Drab,Size,S,TWESSIE_SG_BT_0206-Olive Drab-S,168.0,,10
twessie-sg-bt-0206,Econyl Sleek Satin High-Waist Bikini Top in Obsidian Black,"<p>Econyl Sleek Satin construction meets architectural precision in this bikini top. Designed for the intelligent, independent woman. The Obsidian Black colorway with Olive Drab accents creates a sophisticated palette. Pure architectural elegance elegance.</p>",Twessie,Bikini Top,"architectural swimsuit, minimalist bikini top, luxury Obsidian Black swimwear, Econyl Sleek Satin bikini, minimalist luxury",TRUE,Color,Olive Drab,Size,M,TWESSIE_SG_BT_0206-Olive Drab-M,168.0,,10
twessie-sg-bt-0206,Econyl Sleek Satin High-Waist Bikini Top in Obsidian Black,"<p>Econyl Sleek Satin construction meets architectural precision in this bikini top. Designed for the intelligent, independent woman. The Obsidian Black colorway with Olive Drab accents creates a sophisticated palette. Pure architectural elegance elegance.</p>",Twessie,Bikini Top,"architectural swimsuit, minimalist bikini top, luxury Obsidian Black swimwear, Econyl Sleek Satin bikini, minimalist luxury",TRUE,Color,Olive Drab,Size,L,TWESSIE_SG_BT_0206-Olive Drab-L,168.0,,10
twessie-sg-bt-0206,Econyl Sleek Satin High-Waist Bikini Top in Obsidian Black,"<p>Econyl Sleek Satin construction meets architectural precision in this bikini top. Designed for the intelligent, independent woman. The Obsidian Black colorway with Olive Drab accents creates a sophisticated palette. Pure architectural elegance elegance.</p>",Twessie,Bikini Top,"architectural swimsuit, minimalist bikini top, luxury Obsidian Black swimwear, Econyl Sleek Satin bikini, minimalist luxury",TRUE,Color,Olive Drab,Size,XL,TWESSIE_SG_BT_0206-Olive Drab-XL,168.0,,10
twessie-sg-bt-0206,Econyl Sleek Satin High-Waist Bikini Top in Obsidian Black,"<p>Econyl Sleek Satin construction meets architectural precision in this bikini top. Designed for the intelligent, independent woman. The Obsidian Black colorway with Olive Drab accents creates a sophisticated palette. Pure architectural elegance elegance.</p>",Twessie,Bikini Top,"architectural swimsuit, minimalist bikini top, luxury Obsidian Black swimwear, Econyl Sleek Satin bikini, minimalist luxury",TRUE,Color,Olive Drab,Size,XXL,TWESSIE_SG_BT_0206-Olive Drab-XXL,168.0,,10
twessie-au-bb-0207,High-Cut Burnt Terracotta Bikini Brief,<p>Crafted in premium Matte Ribbed Knit with Econyl Sleek Satin accents. This bikini bottom epitomizes minimalist luxury luxury. Featuring color-blocking in Burnt Terracotta and Olive Drab. Perfect for the discerning swimmer who refuses the obvious.</p>,Twessie,Bikini Bottom,"minimalist bikini bottom, independent fashion, Matte Ribbed Knit bikini, luxury Burnt Terracotta swimwear, high-end swimwear",TRUE,Color,Burnt Terracotta,Size,XS,TWESSIE_AU_BB_0207-Burnt Terracotta-XS,168.0,,10
twessie-au-bb-0207,High-Cut Burnt Terracotta Bikini Brief,<p>Crafted in premium Matte Ribbed Knit with Econyl Sleek Satin accents. This bikini bottom epitomizes minimalist luxury luxury. Featuring color-blocking in Burnt Terracotta and Olive Drab. Perfect for the discerning swimmer who refuses the obvious.</p>,Twessie,Bikini Bottom,"minimalist bikini bottom, independent fashion, Matte Ribbed Knit bikini, luxury Burnt Terracotta swimwear, high-end swimwear",TRUE,Color,Burnt Terracotta,Size,S,TWESSIE_AU_BB_0207-Burnt Terracotta-S,168.0,,10
twessie-au-bb-0207,High-Cut Burnt Terracotta Bikini Brief,<p>Crafted in premium Matte Ribbed Knit with Econyl Sleek Satin accents. This bikini bottom epitomizes minimalist luxury luxury. Featuring color-blocking in Burnt Terracotta and Olive Drab. Perfect for the discerning swimmer who refuses the obvious.</p>,Twessie,Bikini Bottom,"minimalist bikini bottom, independent fashion, Matte Ribbed Knit bikini, luxury Burnt Terracotta swimwear, high-end swimwear",TRUE,Color,Burnt Terracotta,Size,M,TWESSIE_AU_BB_0207-Burnt Terracotta-M,168.0,,10
twessie-au-bb-0207,High-Cut Burnt Terracotta Bikini Brief,<p>Crafted in premium Matte Ribbed Knit with Econyl Sleek Satin accents. This bikini bottom epitomizes minimalist luxury luxury. Featuring color-blocking in Burnt Terracotta and Olive Drab. Perfect for the discerning swimmer who refuses the obvious.</p>,Twessie,Bikini Bottom,"minimalist bikini bottom, independent fashion, Matte Ribbed Knit bikini, luxury Burnt Terracotta swimwear, high-end swimwear",TRUE,Color,Burnt Terracotta,Size,L,TWESSIE_AU_BB_0207-Burnt Terracotta-L,168.0,,10
twessie-au-bb-0207,High-Cut Burnt Terracotta Bikini Brief,<p>Crafted in premium Matte Ribbed Knit with Econyl Sleek Satin accents. This bikini bottom epitomizes minimalist luxury luxury. Featuring color-blocking in Burnt Terracotta and Olive Drab. Perfect for the discerning swimmer who refuses the obvious.</p>,Twessie,Bikini Bottom,"minimalist bikini bottom, independent fashion, Matte Ribbed Knit bikini, luxury Burnt Terracotta swimwear, high-end swimwear",TRUE,Color,Burnt Terracotta,Size,XL,TWESSIE_AU_BB_0207-Burnt Terracotta-XL,168.0,,10
twessie-au-bb-0207,High-Cut Burnt Terracotta Bikini Brief,<p>Crafted in premium Matte Ribbed Knit with Econyl Sleek Satin accents. This bikini bottom epitomizes minimalist luxury luxury. Featuring color-blocking in Burnt Terracotta and Olive Drab. Perfect for the discerning swimmer who refuses the obvious.</p>,Twessie,Bikini Bottom,"minimalist bikini bottom, independent fashion, Matte Ribbed Knit bikini, luxury Burnt Terracotta swimwear, high-end swimwear",TRUE,Color,Burnt Terracotta,Size,XXL,TWESSIE_AU_BB_0207-Burnt Terracotta-XXL,168.0,,10
twessie-au-bb-0207,High-Cut Burnt Terracotta Bikini Brief,<p>Crafted in premium Matte Ribbed Knit with Econyl Sleek Satin accents. This bikini bottom epitomizes minimalist luxury luxury. Featuring color-blocking in Burnt Terracotta and Olive Drab. Perfect for the discerning swimmer who refuses the obvious.</p>,Twessie,Bikini Bottom,"minimalist bikini bottom, independent fashion, Matte Ribbed Knit bikini, luxury Burnt Terracotta swimwear, high-end swimwear",TRUE,Color,Olive Drab,Size,XS,TWESSIE_AU_BB_0207-Olive Drab-XS,168.0,,10
twessie-au-bb-0207,High-Cut Burnt Terracotta Bikini Brief,<p>Crafted in premium Matte Ribbed Knit with Econyl Sleek Satin accents. This bikini bottom epitomizes minimalist luxury luxury. Featuring color-blocking in Burnt Terracotta and Olive Drab. Perfect for the discerning swimmer who refuses the obvious.</p>,Twessie,Bikini Bottom,"minimalist bikini bottom, independent fashion, Matte Ribbed Knit bikini, luxury Burnt Terracotta swimwear, high-end swimwear",TRUE,Color,Olive Drab,Size,S,TWESSIE_AU_BB_0207-Olive Drab-S,168.0,,10
twessie-au-bb-0207,High-Cut Burnt Terracotta Bikini Brief,<p>Crafted in premium Matte Ribbed Knit with Econyl Sleek Satin accents. This bikini bottom epitomizes minimalist luxury luxury. Featuring color-blocking in Burnt Terracotta and Olive Drab. Perfect for the discerning swimmer who refuses the obvious.</p>,Twessie,Bikini Bottom,"minimalist bikini bottom, independent fashion, Matte Ribbed Knit bikini, luxury Burnt Terracotta swimwear, high-end swimwear",TRUE,Color,Olive Drab,Size,M,TWESSIE_AU_BB_0207-Olive Drab-M,168.0,,10
twessie-au-bb-0207,High-Cut Burnt Terracotta Bikini Brief,<p>Crafted in premium Matte Ribbed Knit with Econyl Sleek Satin accents. This bikini bottom epitomizes minimalist luxury luxury. Featuring color-blocking in Burnt Terracotta and Olive Drab. Perfect for the discerning swimmer who refuses the obvious.</p>,Twessie,Bikini Bottom,"minimalist bikini bottom, independent fashion, Matte Ribbed Knit bikini, luxury Burnt Terracotta swimwear, high-end swimwear",TRUE,Color,Olive Drab,Size,L,TWESSIE_AU_BB_0207-Olive Drab-L,168.0,,10
twessie-au-bb-0207,High-Cut Burnt Terracotta Bikini Brief,<p>Crafted in premium Matte Ribbed Knit with Econyl Sleek Satin accents. This bikini bottom epitomizes minimalist luxury luxury. Featuring color-blocking in Burnt Terracotta and Olive Drab. Perfect for the discerning swimmer who refuses the obvious.</p>,Twessie,Bikini Bottom,"minimalist bikini bottom, independent fashion, Matte Ribbed Knit bikini, luxury Burnt Terracotta swimwear, high-end swimwear",TRUE,Color,Olive Drab,Size,XL,TWESSIE_AU_BB_0207-Olive Drab-XL,168.0,,10
twessie-au-bb-0207,High-Cut Burnt Terracotta Bikini Brief,<p>Crafted in premium Matte Ribbed Knit with Econyl Sleek Satin accents. This bikini bottom epitomizes minimalist luxury luxury. Featuring color-blocking in Burnt Terracotta and Olive Drab. Perfect for the discerning swimmer who refuses the obvious.</p>,Twessie,Bikini Bottom,"minimalist bikini bottom, independent fashion, Matte Ribbed Knit bikini, luxury Burnt Terracotta swimwear, high-end swimwear",TRUE,Color,Olive Drab,Size,XXL,TWESSIE_AU_BB_0207-Olive Drab-XXL,168.0,,10
twessie-jp-bt-0208,Obsidian Black Sculptural Econyl Sleek Satin Bikini Top,"<p>Econyl Sleek Satin construction meets architectural precision in this bikini top. Designed for the intelligent, independent woman. The Obsidian Black colorway with Burnt Terracotta accents creates a sophisticated palette. Pure architectural elegance elegance.</p>",Twessie,Bikini Top,"minimalist bikini top, high-end swimwear, independent fashion, minimalist luxury, luxury Obsidian Black swimwear",TRUE,Color,Obsidian Black,Size,XS,TWESSIE_JP_BT_0208-Obsidian Black-XS,168.0,,10
twessie-jp-bt-0208,Obsidian Black Sculptural Econyl Sleek Satin Bikini Top,"<p>Econyl Sleek Satin construction meets architectural precision in this bikini top. Designed for the intelligent, independent woman. The Obsidian Black colorway with Burnt Terracotta accents creates a sophisticated palette. Pure architectural elegance elegance.</p>",Twessie,Bikini Top,"minimalist bikini top, high-end swimwear, independent fashion, minimalist luxury, luxury Obsidian Black swimwear",TRUE,Color,Obsidian Black,Size,S,TWESSIE_JP_BT_0208-Obsidian Black-S,168.0,,10
twessie-jp-bt-0208,Obsidian Black Sculptural Econyl Sleek Satin Bikini Top,"<p>Econyl Sleek Satin construction meets architectural precision in this bikini top. Designed for the intelligent, independent woman. The Obsidian Black colorway with Burnt Terracotta accents creates a sophisticated palette. Pure architectural elegance elegance.</p>",Twessie,Bikini Top,"minimalist bikini top, high-end swimwear, independent fashion, minimalist luxury, luxury Obsidian Black swimwear",TRUE,Color,Obsidian Black,Size,M,TWESSIE_JP_BT_0208-Obsidian Black-M,168.0,,10
twessie-jp-bt-0208,Obsidian Black Sculptural Econyl Sleek Satin Bikini Top,"<p>Econyl Sleek Satin construction meets architectural precision in this bikini top. Designed for the intelligent, independent woman. The Obsidian Black colorway with Burnt Terracotta accents creates a sophisticated palette. Pure architectural elegance elegance.</p>",Twessie,Bikini Top,"minimalist bikini top, high-end swimwear, independent fashion, minimalist luxury, luxury Obsidian Black swimwear",TRUE,Color,Obsidian Black,Size,L,TWESSIE_JP_BT_0208-Obsidian Black-L,168.0,,10
twessie-jp-bt-0208,Obsidian Black Sculptural Econyl Sleek Satin Bikini Top,"<p>Econyl Sleek Satin construction meets architectural precision in this bikini top. Designed for the intelligent, independent woman. The Obsidian Black colorway with Burnt Terracotta accents creates a sophisticated palette. Pure architectural elegance elegance.</p>",Twessie,Bikini Top,"minimalist bikini top, high-end swimwear, independent fashion, minimalist luxury, luxury Obsidian Black swimwear",TRUE,Color,Obsidian Black,Size,XL,TWESSIE_JP_BT_0208-Obsidian Black-XL,168.0,,10
twessie-jp-bt-0208,Obsidian Black Sculptural Econyl Sleek Satin Bikini Top,"<p>Econyl Sleek Satin construction meets architectural precision in this bikini top. Designed for the intelligent, independent woman. The Obsidian Black colorway with Burnt Terracotta accents creates a sophisticated palette. Pure architectural elegance elegance.</p>",Twessie,Bikini Top,"minimalist bikini top, high-end swimwear, independent fashion, minimalist luxury, luxury Obsidian Black swimwear",TRUE,Color,Obsidian Black,Size,XXL,TWESSIE_JP_BT_0208-Obsidian Black-XXL,168.0,,10
twessie-jp-bt-0208,Obsidian Black Sculptural Econyl Sleek Satin Bikini Top,"<p>Econyl Sleek Satin construction meets architectural precision in this bikini top. Designed for the intelligent, independent woman. The Obsidian Black colorway with Burnt Terracotta accents creates a sophisticated palette. Pure architectural elegance elegance.</p>",Twessie,Bikini Top,"minimalist bikini top, high-end swimwear, independent fashion, minimalist luxury, luxury Obsidian Black swimwear",TRUE,Color,Burnt Terracotta,Size,XS,TWESSIE_JP_BT_0208-Burnt Terracotta-XS,168.0,,10
twessie-jp-bt-0208,Obsidian Black Sculptural Econyl Sleek Satin Bikini Top,"<p>Econyl Sleek Satin construction meets architectural precision in this bikini top. Designed for the intelligent, independent woman. The Obsidian Black colorway with Burnt Terracotta accents creates a sophisticated palette. Pure architectural elegance elegance.</p>",Twessie,Bikini Top,"minimalist bikini top, high-end swimwear, independent fashion, minimalist luxury, luxury Obsidian Black swimwear",TRUE,Color,Burnt Terracotta,Size,S,TWESSIE_JP_BT_0208-Burnt Terracotta-S,168.0,,10
twessie-jp-bt-0208,Obsidian Black Sculptural Econyl Sleek Satin Bikini Top,"<p>Econyl Sleek Satin construction meets architectural precision in this bikini top. Designed for the intelligent, independent woman. The Obsidian Black colorway with Burnt Terracotta accents creates a sophisticated palette. Pure architectural elegance elegance.</p>",Twessie,Bikini Top,"minimalist bikini top, high-end swimwear, independent fashion, minimalist luxury, luxury Obsidian Black swimwear",TRUE,Color,Burnt Terracotta,Size,M,TWESSIE_JP_BT_0208-Burnt Terracotta-M,168.0,,10
twessie-jp-bt-0208,Obsidian Black Sculptural Econyl Sleek Satin Bikini Top,"<p>Econyl Sleek Satin construction meets architectural precision in this bikini top. Designed for the intelligent, independent woman. The Obsidian Black colorway with Burnt Terracotta accents creates a sophisticated palette. Pure architectural elegance elegance.</p>",Twessie,Bikini Top,"minimalist bikini top, high-end swimwear, independent fashion, minimalist luxury, luxury Obsidian Black swimwear",TRUE,Color,Burnt Terracotta,Size,L,TWESSIE_JP_BT_0208-Burnt Terracotta-L,168.0,,10
twessie-jp-bt-0208,Obsidian Black Sculptural Econyl Sleek Satin Bikini Top,"<p>Econyl Sleek Satin construction meets architectural precision in this bikini top. Designed for the intelligent, independent woman. The Obsidian Black colorway with Burnt Terracotta accents creates a sophisticated palette. Pure architectural elegance elegance.</p>",Twessie,Bikini Top,"minimalist bikini top, high-end swimwear, independent fashion, minimalist luxury, luxury Obsidian Black swimwear",TRUE,Color,Burnt Terracotta,Size,XL,TWESSIE_JP_BT_0208-Burnt Terracotta-XL,168.0,,10
twessie-jp-bt-0208,Obsidian Black Sculptural Econyl Sleek Satin Bikini Top,"<p>Econyl Sleek Satin construction meets architectural precision in this bikini top. Designed for the intelligent, independent woman. The Obsidian Black colorway with Burnt Terracotta accents creates a sophisticated palette. Pure architectural elegance elegance.</p>",Twessie,Bikini Top,"minimalist bikini top, high-end swimwear, independent fashion, minimalist luxury, luxury Obsidian Black swimwear",TRUE,Color,Burnt Terracotta,Size,XXL,TWESSIE_JP_BT_0208-Burnt Terracotta-XXL,168.0,,10
twessie-au-bb-0209,Raw-Edge Olive Drab Bikini Bottom,"<p>Matte Ribbed Knit construction meets architectural precision in this bikini bottom. Designed for the intelligent, independent woman. The Olive Drab colorway with Burnt Terracotta accents creates a sophisticated palette. Pure rebellious yet refined elegance.</p>",Twessie,Bikini Bottom,"minimalist bikini bottom, architectural swimsuit, independent fashion, high-end swimwear, Matte Ribbed Knit bikini",TRUE,Color,Olive Drab,Size,XS,TWESSIE_AU_BB_0209-Olive Drab-XS,168.0,,10
twessie-au-bb-0209,Raw-Edge Olive Drab Bikini Bottom,"<p>Matte Ribbed Knit construction meets architectural precision in this bikini bottom. Designed for the intelligent, independent woman. The Olive Drab colorway with Burnt Terracotta accents creates a sophisticated palette. Pure rebellious yet refined elegance.</p>",Twessie,Bikini Bottom,"minimalist bikini bottom, architectural swimsuit, independent fashion, high-end swimwear, Matte Ribbed Knit bikini",TRUE,Color,Olive Drab,Size,S,TWESSIE_AU_BB_0209-Olive Drab-S,168.0,,10
twessie-au-bb-0209,Raw-Edge Olive Drab Bikini Bottom,"<p>Matte Ribbed Knit construction meets architectural precision in this bikini bottom. Designed for the intelligent, independent woman. The Olive Drab colorway with Burnt Terracotta accents creates a sophisticated palette. Pure rebellious yet refined elegance.</p>",Twessie,Bikini Bottom,"minimalist bikini bottom, architectural swimsuit, independent fashion, high-end swimwear, Matte Ribbed Knit bikini",TRUE,Color,Olive Drab,Size,M,TWESSIE_AU_BB_0209-Olive Drab-M,168.0,,10
twessie-au-bb-0209,Raw-Edge Olive Drab Bikini Bottom,"<p>Matte Ribbed Knit construction meets architectural precision in this bikini bottom. Designed for the intelligent, independent woman. The Olive Drab colorway with Burnt Terracotta accents creates a sophisticated palette. Pure rebellious yet refined elegance.</p>",Twessie,Bikini Bottom,"minimalist bikini bottom, architectural swimsuit, independent fashion, high-end swimwear, Matte Ribbed Knit bikini",TRUE,Color,Olive Drab,Size,L,TWESSIE_AU_BB_0209-Olive Drab-L,168.0,,10
twessie-au-bb-0209,Raw-Edge Olive Drab Bikini Bottom,"<p>Matte Ribbed Knit construction meets architectural precision in this bikini bottom. Designed for the intelligent, independent woman. The Olive Drab colorway with Burnt Terracotta accents creates a sophisticated palette. Pure rebellious yet refined elegance.</p>",Twessie,Bikini Bottom,"minimalist bikini bottom, architectural swimsuit, independent fashion, high-end swimwear, Matte Ribbed Knit bikini",TRUE,Color,Olive Drab,Size,XL,TWESSIE_AU_BB_0209-Olive Drab-XL,168.0,,10
twessie-au-bb-0209,Raw-Edge Olive Drab Bikini Bottom,"<p>Matte Ribbed Knit construction meets architectural precision in this bikini bottom. Designed for the intelligent, independent woman. The Olive Drab colorway with Burnt Terracotta accents creates a sophisticated palette. Pure rebellious yet refined elegance.</p>",Twessie,Bikini Bottom,"minimalist bikini bottom, architectural swimsuit, independent fashion, high-end swimwear, Matte Ribbed Knit bikini",TRUE,Color,Olive Drab,Size,XXL,TWESSIE_AU_BB_0209-Olive Drab-XXL,168.0,,10
twessie-au-bb-0209,Raw-Edge Olive Drab Bikini Bottom,"<p>Matte Ribbed Knit construction meets architectural precision in this bikini bottom. Designed for the intelligent, independent woman. The Olive Drab colorway with Burnt Terracotta accents creates a sophisticated palette. Pure rebellious yet refined elegance.</p>",Twessie,Bikini Bottom,"minimalist bikini bottom, architectural swimsuit, independent fashion, high-end swimwear, Matte Ribbed Knit bikini",TRUE,Color,Burnt Terracotta,Size,XS,TWESSIE_AU_BB_0209-Burnt Terracotta-XS,168.0,,10
twessie-au-bb-0209,Raw-Edge Olive Drab Bikini Bottom,"<p>Matte Ribbed Knit construction meets architectural precision in this bikini bottom. Designed for the intelligent, independent woman. The Olive Drab colorway with Burnt Terracotta accents creates a sophisticated palette. Pure rebellious yet refined elegance.</p>",Twessie,Bikini Bottom,"minimalist bikini bottom, architectural swimsuit, independent fashion, high-end swimwear, Matte Ribbed Knit bikini",TRUE,Color,Burnt Terracotta,Size,S,TWESSIE_AU_BB_0209-Burnt Terracotta-S,168.0,,10
twessie-au-bb-0209,Raw-Edge Olive Drab Bikini Bottom,"<p>Matte Ribbed Knit construction meets architectural precision in this bikini bottom. Designed for the intelligent, independent woman. The Olive Drab colorway with Burnt Terracotta accents creates a sophisticated palette. Pure rebellious yet refined elegance.</p>",Twessie,Bikini Bottom,"minimalist bikini bottom, architectural swimsuit, independent fashion, high-end swimwear, Matte Ribbed Knit bikini",TRUE,Color,Burnt Terracotta,Size,M,TWESSIE_AU_BB_0209-Burnt Terracotta-M,168.0,,10
twessie-au-bb-0209,Raw-Edge Olive Drab Bikini Bottom,"<p>Matte Ribbed Knit construction meets architectural precision in this bikini bottom. Designed for the intelligent, independent woman. The Olive Drab colorway with Burnt Terracotta accents creates a sophisticated palette. Pure rebellious yet refined elegance.</p>",Twessie,Bikini Bottom,"minimalist bikini bottom, architectural swimsuit, independent fashion, high-end swimwear, Matte Ribbed Knit bikini",TRUE,Color,Burnt Terracotta,Size,L,TWESSIE_AU_BB_0209-Burnt Terracotta-L,168.0,,10
twessie-au-bb-0209,Raw-Edge Olive Drab Bikini Bottom,"<p>Matte Ribbed Knit construction meets architectural precision in this bikini bottom. Designed for the intelligent, independent woman. The Olive Drab colorway with Burnt Terracotta accents creates a sophisticated palette. Pure rebellious yet refined elegance.</p>",Twessie,Bikini Bottom,"minimalist bikini bottom, architectural swimsuit, independent fashion, high-end swimwear, Matte Ribbed Knit bikini",TRUE,Color,Burnt Terracotta,Size,XL,TWESSIE_AU_BB_0209-Burnt Terracotta-XL,168.0,,10
twessie-au-bb-0209,Raw-Edge Olive Drab Bikini Bottom,"<p>Matte Ribbed Knit construction meets architectural precision in this bikini bottom. Designed for the intelligent, independent woman. The Olive Drab colorway with Burnt Terracotta accents creates a sophisticated palette. Pure rebellious yet refined elegance.</p>",Twessie,Bikini Bottom,"minimalist bikini bottom, architectural swimsuit, independent fashion, high-end swimwear, Matte Ribbed Knit bikini",TRUE,Color,Burnt Terracotta,Size,XXL,TWESSIE_AU_BB_0209-Burnt Terracotta-XXL,168.0,,10
twessie-eu-bb-0210,Structural Matte Ribbed Knit Bikini Bottom,<p>A statement piece in Matte Ribbed Knit. This bikini bottom combines rebellious yet refined design with impeccable craftsmanship. Available in Olive Drab with Burnt Terracotta detailing. Not loud. Not obvious. Unmistakably Twessie.</p>,Twessie,Bikini Bottom,"architectural swimsuit, Matte Ribbed Knit bikini, luxury Olive Drab swimwear, high-end swimwear, minimalist luxury",TRUE,Color,Olive Drab,Size,XS,TWESSIE_EU_BB_0210-Olive Drab-XS,168.0,,10
twessie-eu-bb-0210,Structural Matte Ribbed Knit Bikini Bottom,<p>A statement piece in Matte Ribbed Knit. This bikini bottom combines rebellious yet refined design with impeccable craftsmanship. Available in Olive Drab with Burnt Terracotta detailing. Not loud. Not obvious. Unmistakably Twessie.</p>,Twessie,Bikini Bottom,"architectural swimsuit, Matte Ribbed Knit bikini, luxury Olive Drab swimwear, high-end swimwear, minimalist luxury",TRUE,Color,Olive Drab,Size,S,TWESSIE_EU_BB_0210-Olive Drab-S,168.0,,10
twessie-eu-bb-0210,Structural Matte Ribbed Knit Bikini Bottom,<p>A statement piece in Matte Ribbed Knit. This bikini bottom combines rebellious yet refined design with impeccable craftsmanship. Available in Olive Drab with Burnt Terracotta detailing. Not loud. Not obvious. Unmistakably Twessie.</p>,Twessie,Bikini Bottom,"architectural swimsuit, Matte Ribbed Knit bikini, luxury Olive Drab swimwear, high-end swimwear, minimalist luxury",TRUE,Color,Olive Drab,Size,M,TWESSIE_EU_BB_0210-Olive Drab-M,168.0,,10
twessie-eu-bb-0210,Structural Matte Ribbed Knit Bikini Bottom,<p>A statement piece in Matte Ribbed Knit. This bikini bottom combines rebellious yet refined design with impeccable craftsmanship. Available in Olive Drab with Burnt Terracotta detailing. Not loud. Not obvious. Unmistakably Twessie.</p>,Twessie,Bikini Bottom,"architectural swimsuit, Matte Ribbed Knit bikini, luxury Olive Drab swimwear, high-end swimwear, minimalist luxury",TRUE,Color,Olive Drab,Size,L,TWESSIE_EU_BB_0210-Olive Drab-L,168.0,,10
twessie-eu-bb-0210,Structural Matte Ribbed Knit Bikini Bottom,<p>A statement piece in Matte Ribbed Knit. This bikini bottom combines rebellious yet refined design with impeccable craftsmanship. Available in Olive Drab with Burnt Terracotta detailing. Not loud. Not obvious. Unmistakably Twessie.</p>,Twessie,Bikini Bottom,"architectural swimsuit, Matte Ribbed Knit bikini, luxury Olive Drab swimwear, high-end swimwear, minimalist luxury",TRUE,Color,Olive Drab,Size,XL,TWESSIE_EU_BB_0210-Olive Drab-XL,168.0,,10
twessie-eu-bb-0210,Structural Matte Ribbed Knit Bikini Bottom,<p>A statement piece in Matte Ribbed Knit. This bikini bottom combines rebellious yet refined design with impeccable craftsmanship. Available in Olive Drab with Burnt Terracotta detailing. Not loud. Not obvious. Unmistakably Twessie.</p>,Twessie,Bikini Bottom,"architectural swimsuit, Matte Ribbed Knit bikini, luxury Olive Drab swimwear, high-end swimwear, minimalist luxury",TRUE,Color,Olive Drab,Size,XXL,TWESSIE_EU_BB_0210-Olive Drab-XXL,168.0,,10
twessie-eu-bb-0210,Structural Matte Ribbed Knit Bikini Bottom,<p>A statement piece in Matte Ribbed Knit. This bikini bottom combines rebellious yet refined design with impeccable craftsmanship. Available in Olive Drab with Burnt Terracotta detailing. Not loud. Not obvious. Unmistakably Twessie.</p>,Twessie,Bikini Bottom,"architectural swimsuit, Matte Ribbed Knit bikini, luxury Olive Drab swimwear, high-end swimwear, minimalist luxury",TRUE,Color,Burnt Terracotta,Size,XS,TWESSIE_EU_BB_0210-Burnt Terracotta-XS,168.0,,10
twessie-eu-bb-0210,Structural Matte Ribbed Knit Bikini Bottom,<p>A statement piece in Matte Ribbed Knit. This bikini bottom combines rebellious yet refined design with impeccable craftsmanship. Available in Olive Drab with Burnt Terracotta detailing. Not loud. Not obvious. Unmistakably Twessie.</p>,Twessie,Bikini Bottom,"architectural swimsuit, Matte Ribbed Knit bikini, luxury Olive Drab swimwear, high-end swimwear, minimalist luxury",TRUE,Color,Burnt Terracotta,Size,S,TWESSIE_EU_BB_0210-Burnt Terracotta-S,168.0,,10
twessie-eu-bb-0210,Structural Matte Ribbed Knit Bikini Bottom,<p>A statement piece in Matte Ribbed Knit. This bikini bottom combines rebellious yet refined design with impeccable craftsmanship. Available in Olive Drab with Burnt Terracotta detailing. Not loud. Not obvious. Unmistakably Twessie.</p>,Twessie,Bikini Bottom,"architectural swimsuit, Matte Ribbed Knit bikini, luxury Olive Drab swimwear, high-end swimwear, minimalist luxury",TRUE,Color,Burnt Terracotta,Size,M,TWESSIE_EU_BB_0210-Burnt Terracotta-M,168.0,,10
twessie-eu-bb-0210,Structural Matte Ribbed Knit Bikini Bottom,<p>A statement piece in Matte Ribbed Knit. This bikini bottom combines rebellious yet refined design with impeccable craftsmanship. Available in Olive Drab with Burnt Terracotta detailing. Not loud. Not obvious. Unmistakably Twessie.</p>,Twessie,Bikini Bottom,"architectural swimsuit, Matte Ribbed Knit bikini, luxury Olive Drab swimwear, high-end swimwear, minimalist luxury",TRUE,Color,Burnt Terracotta,Size,L,TWESSIE_EU_BB_0210-Burnt Terracotta-L,168.0,,10
twessie-eu-bb-0210,Structural Matte Ribbed Knit Bikini Bottom,<p>A statement piece in Matte Ribbed Knit. This bikini bottom combines rebellious yet refined design with impeccable craftsmanship. Available in Olive Drab with Burnt Terracotta detailing. Not loud. Not obvious. Unmistakably Twessie.</p>,Twessie,Bikini Bottom,"architectural swimsuit, Matte Ribbed Knit bikini, luxury Olive Drab swimwear, high-end swimwear, minimalist luxury",TRUE,Color,Burnt Terracotta,Size,XL,TWESSIE_EU_BB_0210-Burnt Terracotta-XL,168.0,,10
twessie-eu-bb-0210,Structural Matte Ribbed Knit Bikini Bottom,<p>A statement piece in Matte Ribbed Knit. This bikini bottom combines rebellious yet refined design with impeccable craftsmanship. Available in Olive Drab with Burnt Terracotta detailing. Not loud. Not obvious. Unmistakably Twessie.</p>,Twessie,Bikini Bottom,"architectural swimsuit, Matte Ribbed Knit bikini, luxury Olive Drab swimwear, high-end swimwear, minimalist luxury",TRUE,Color,Burnt Terracotta,Size,XXL,TWESSIE_EU_BB_0210-Burnt Terracotta-XXL,168.0,,10
twessie-eu-bt-0301,Chalk White Sculptural Crinkled Seersucker Bikini Top,"<p>Crinkled Seersucker construction meets architectural precision in this bikini top. Designed for the intelligent, independent woman. The Chalk White colorway with Stone Gray accents creates a sophisticated palette. Pure intelligent aesthetic elegance.</p>",Twessie,Bikini Top,"luxury Chalk White swimwear, independent fashion, minimalist bikini top, Crinkled Seersucker bikini, high-end swimwear",TRUE,Color,Chalk White,Size,XS,TWESSIE_EU_BT_0301-Chalk White-XS,168.0,,10
twessie-eu-bt-0301,Chalk White Sculptural Crinkled Seersucker Bikini Top,"<p>Crinkled Seersucker construction meets architectural precision in this bikini top. Designed for the intelligent, independent woman. The Chalk White colorway with Stone Gray accents creates a sophisticated palette. Pure intelligent aesthetic elegance.</p>",Twessie,Bikini Top,"luxury Chalk White swimwear, independent fashion, minimalist bikini top, Crinkled Seersucker bikini, high-end swimwear",TRUE,Color,Chalk White,Size,S,TWESSIE_EU_BT_0301-Chalk White-S,168.0,,10
twessie-eu-bt-0301,Chalk White Sculptural Crinkled Seersucker Bikini Top,"<p>Crinkled Seersucker construction meets architectural precision in this bikini top. Designed for the intelligent, independent woman. The Chalk White colorway with Stone Gray accents creates a sophisticated palette. Pure intelligent aesthetic elegance.</p>",Twessie,Bikini Top,"luxury Chalk White swimwear, independent fashion, minimalist bikini top, Crinkled Seersucker bikini, high-end swimwear",TRUE,Color,Chalk White,Size,M,TWESSIE_EU_BT_0301-Chalk White-M,168.0,,10
twessie-eu-bt-0301,Chalk White Sculptural Crinkled Seersucker Bikini Top,"<p>Crinkled Seersucker construction meets architectural precision in this bikini top. Designed for the intelligent, independent woman. The Chalk White colorway with Stone Gray accents creates a sophisticated palette. Pure intelligent aesthetic elegance.</p>",Twessie,Bikini Top,"luxury Chalk White swimwear, independent fashion, minimalist bikini top, Crinkled Seersucker bikini, high-end swimwear",TRUE,Color,Chalk White,Size,L,TWESSIE_EU_BT_0301-Chalk White-L,168.0,,10
twessie-eu-bt-0301,Chalk White Sculptural Crinkled Seersucker Bikini Top,"<p>Crinkled Seersucker construction meets architectural precision in this bikini top. Designed for the intelligent, independent woman. The Chalk White colorway with Stone Gray accents creates a sophisticated palette. Pure intelligent aesthetic elegance.</p>",Twessie,Bikini Top,"luxury Chalk White swimwear, independent fashion, minimalist bikini top, Crinkled Seersucker bikini, high-end swimwear",TRUE,Color,Chalk White,Size,XL,TWESSIE_EU_BT_0301-Chalk White-XL,168.0,,10
twessie-eu-bt-0301,Chalk White Sculptural Crinkled Seersucker Bikini Top,"<p>Crinkled Seersucker construction meets architectural precision in this bikini top. Designed for the intelligent, independent woman. The Chalk White colorway with Stone Gray accents creates a sophisticated palette. Pure intelligent aesthetic elegance.</p>",Twessie,Bikini Top,"luxury Chalk White swimwear, independent fashion, minimalist bikini top, Crinkled Seersucker bikini, high-end swimwear",TRUE,Color,Chalk White,Size,XXL,TWESSIE_EU_BT_0301-Chalk White-XXL,168.0,,10
twessie-eu-bt-0301,Chalk White Sculptural Crinkled Seersucker Bikini Top,"<p>Crinkled Seersucker construction meets architectural precision in this bikini top. Designed for the intelligent, independent woman. The Chalk White colorway with Stone Gray accents creates a sophisticated palette. Pure intelligent aesthetic elegance.</p>",Twessie,Bikini Top,"luxury Chalk White swimwear, independent fashion, minimalist bikini top, Crinkled Seersucker bikini, high-end swimwear",TRUE,Color,Stone Gray,Size,XS,TWESSIE_EU_BT_0301-Stone Gray-XS,168.0,,10
twessie-eu-bt-0301,Chalk White Sculptural Crinkled Seersucker Bikini Top,"<p>Crinkled Seersucker construction meets architectural precision in this bikini top. Designed for the intelligent, independent woman. The Chalk White colorway with Stone Gray accents creates a sophisticated palette. Pure intelligent aesthetic elegance.</p>",Twessie,Bikini Top,"luxury Chalk White swimwear, independent fashion, minimalist bikini top, Crinkled Seersucker bikini, high-end swimwear",TRUE,Color,Stone Gray,Size,S,TWESSIE_EU_BT_0301-Stone Gray-S,168.0,,10
twessie-eu-bt-0301,Chalk White Sculptural Crinkled Seersucker Bikini Top,"<p>Crinkled Seersucker construction meets architectural precision in this bikini top. Designed for the intelligent, independent woman. The Chalk White colorway with Stone Gray accents creates a sophisticated palette. Pure intelligent aesthetic elegance.</p>",Twessie,Bikini Top,"luxury Chalk White swimwear, independent fashion, minimalist bikini top, Crinkled Seersucker bikini, high-end swimwear",TRUE,Color,Stone Gray,Size,M,TWESSIE_EU_BT_0301-Stone Gray-M,168.0,,10
twessie-eu-bt-0301,Chalk White Sculptural Crinkled Seersucker Bikini Top,"<p>Crinkled Seersucker construction meets architectural precision in this bikini top. Designed for the intelligent, independent woman. The Chalk White colorway with Stone Gray accents creates a sophisticated palette. Pure intelligent aesthetic elegance.</p>",Twessie,Bikini Top,"luxury Chalk White swimwear, independent fashion, minimalist bikini top, Crinkled Seersucker bikini, high-end swimwear",TRUE,Color,Stone Gray,Size,L,TWESSIE_EU_BT_0301-Stone Gray-L,168.0,,10
twessie-eu-bt-0301,Chalk White Sculptural Crinkled Seersucker Bikini Top,"<p>Crinkled Seersucker construction meets architectural precision in this bikini top. Designed for the intelligent, independent woman. The Chalk White colorway with Stone Gray accents creates a sophisticated palette. Pure intelligent aesthetic elegance.</p>",Twessie,Bikini Top,"luxury Chalk White swimwear, independent fashion, minimalist bikini top, Crinkled Seersucker bikini, high-end swimwear",TRUE,Color,Stone Gray,Size,XL,TWESSIE_EU_BT_0301-Stone Gray-XL,168.0,,10
twessie-eu-bt-0301,Chalk White Sculptural Crinkled Seersucker Bikini Top,"<p>Crinkled Seersucker construction meets architectural precision in this bikini top. Designed for the intelligent, independent woman. The Chalk White colorway with Stone Gray accents creates a sophisticated palette. Pure intelligent aesthetic elegance.</p>",Twessie,Bikini Top,"luxury Chalk White swimwear, independent fashion, minimalist bikini top, Crinkled Seersucker bikini, high-end swimwear",TRUE,Color,Stone Gray,Size,XXL,TWESSIE_EU_BT_0301-Stone Gray-XXL,168.0,,10
twessie-eu-bb-0302,Obsidian Black Minimalist Econyl Sleek Satin Bikini Bottom,<p>A statement piece in Econyl Sleek Satin. This bikini bottom combines architectural elegance design with impeccable craftsmanship. Available in Obsidian Black with Stone Gray detailing. Not loud. Not obvious. Unmistakably Twessie.</p>,Twessie,Bikini Bottom,"minimalist luxury, minimalist bikini bottom, Econyl Sleek Satin bikini, high-end swimwear, independent fashion",TRUE,Color,Obsidian Black,Size,XS,TWESSIE_EU_BB_0302-Obsidian Black-XS,168.0,,10
twessie-eu-bb-0302,Obsidian Black Minimalist Econyl Sleek Satin Bikini Bottom,<p>A statement piece in Econyl Sleek Satin. This bikini bottom combines architectural elegance design with impeccable craftsmanship. Available in Obsidian Black with Stone Gray detailing. Not loud. Not obvious. Unmistakably Twessie.</p>,Twessie,Bikini Bottom,"minimalist luxury, minimalist bikini bottom, Econyl Sleek Satin bikini, high-end swimwear, independent fashion",TRUE,Color,Obsidian Black,Size,S,TWESSIE_EU_BB_0302-Obsidian Black-S,168.0,,10
twessie-eu-bb-0302,Obsidian Black Minimalist Econyl Sleek Satin Bikini Bottom,<p>A statement piece in Econyl Sleek Satin. This bikini bottom combines architectural elegance design with impeccable craftsmanship. Available in Obsidian Black with Stone Gray detailing. Not loud. Not obvious. Unmistakably Twessie.</p>,Twessie,Bikini Bottom,"minimalist luxury, minimalist bikini bottom, Econyl Sleek Satin bikini, high-end swimwear, independent fashion",TRUE,Color,Obsidian Black,Size,M,TWESSIE_EU_BB_0302-Obsidian Black-M,168.0,,10
twessie-eu-bb-0302,Obsidian Black Minimalist Econyl Sleek Satin Bikini Bottom,<p>A statement piece in Econyl Sleek Satin. This bikini bottom combines architectural elegance design with impeccable craftsmanship. Available in Obsidian Black with Stone Gray detailing. Not loud. Not obvious. Unmistakably Twessie.</p>,Twessie,Bikini Bottom,"minimalist luxury, minimalist bikini bottom, Econyl Sleek Satin bikini, high-end swimwear, independent fashion",TRUE,Color,Obsidian Black,Size,L,TWESSIE_EU_BB_0302-Obsidian Black-L,168.0,,10
twessie-eu-bb-0302,Obsidian Black Minimalist Econyl Sleek Satin Bikini Bottom,<p>A statement piece in Econyl Sleek Satin. This bikini bottom combines architectural elegance design with impeccable craftsmanship. Available in Obsidian Black with Stone Gray detailing. Not loud. Not obvious. Unmistakably Twessie.</p>,Twessie,Bikini Bottom,"minimalist luxury, minimalist bikini bottom, Econyl Sleek Satin bikini, high-end swimwear, independent fashion",TRUE,Color,Obsidian Black,Size,XL,TWESSIE_EU_BB_0302-Obsidian Black-XL,168.0,,10
twessie-eu-bb-0302,Obsidian Black Minimalist Econyl Sleek Satin Bikini Bottom,<p>A statement piece in Econyl Sleek Satin. This bikini bottom combines architectural elegance design with impeccable craftsmanship. Available in Obsidian Black with Stone Gray detailing. Not loud. Not obvious. Unmistakably Twessie.</p>,Twessie,Bikini Bottom,"minimalist luxury, minimalist bikini bottom, Econyl Sleek Satin bikini, high-end swimwear, independent fashion",TRUE,Color,Obsidian Black,Size,XXL,TWESSIE_EU_BB_0302-Obsidian Black-XXL,168.0,,10
twessie-eu-bb-0302,Obsidian Black Minimalist Econyl Sleek Satin Bikini Bottom,<p>A statement piece in Econyl Sleek Satin. This bikini bottom combines architectural elegance design with impeccable craftsmanship. Available in Obsidian Black with Stone Gray detailing. Not loud. Not obvious. Unmistakably Twessie.</p>,Twessie,Bikini Bottom,"minimalist luxury, minimalist bikini bottom, Econyl Sleek Satin bikini, high-end swimwear, independent fashion",TRUE,Color,Stone Gray,Size,XS,TWESSIE_EU_BB_0302-Stone Gray-XS,168.0,,10
twessie-eu-bb-0302,Obsidian Black Minimalist Econyl Sleek Satin Bikini Bottom,<p>A statement piece in Econyl Sleek Satin. This bikini bottom combines architectural elegance design with impeccable craftsmanship. Available in Obsidian Black with Stone Gray detailing. Not loud. Not obvious. Unmistakably Twessie.</p>,Twessie,Bikini Bottom,"minimalist luxury, minimalist bikini bottom, Econyl Sleek Satin bikini, high-end swimwear, independent fashion",TRUE,Color,Stone Gray,Size,S,TWESSIE_EU_BB_0302-Stone Gray-S,168.0,,10
twessie-eu-bb-0302,Obsidian Black Minimalist Econyl Sleek Satin Bikini Bottom,<p>A statement piece in Econyl Sleek Satin. This bikini bottom combines architectural elegance design with impeccable craftsmanship. Available in Obsidian Black with Stone Gray detailing. Not loud. Not obvious. Unmistakably Twessie.</p>,Twessie,Bikini Bottom,"minimalist luxury, minimalist bikini bottom, Econyl Sleek Satin bikini, high-end swimwear, independent fashion",TRUE,Color,Stone Gray,Size,M,TWESSIE_EU_BB_0302-Stone Gray-M,168.0,,10
twessie-eu-bb-0302,Obsidian Black Minimalist Econyl Sleek Satin Bikini Bottom,<p>A statement piece in Econyl Sleek Satin. This bikini bottom combines architectural elegance design with impeccable craftsmanship. Available in Obsidian Black with Stone Gray detailing. Not loud. Not obvious. Unmistakably Twessie.</p>,Twessie,Bikini Bottom,"minimalist luxury, minimalist bikini bottom, Econyl Sleek Satin bikini, high-end swimwear, independent fashion",TRUE,Color,Stone Gray,Size,L,TWESSIE_EU_BB_0302-Stone Gray-L,168.0,,10
twessie-eu-bb-0302,Obsidian Black Minimalist Econyl Sleek Satin Bikini Bottom,<p>A statement piece in Econyl Sleek Satin. This bikini bottom combines architectural elegance design with impeccable craftsmanship. Available in Obsidian Black with Stone Gray detailing. Not loud. Not obvious. Unmistakably Twessie.</p>,Twessie,Bikini Bottom,"minimalist luxury, minimalist bikini bottom, Econyl Sleek Satin bikini, high-end swimwear, independent fashion",TRUE,Color,Stone Gray,Size,XL,TWESSIE_EU_BB_0302-Stone Gray-XL,168.0,,10
twessie-eu-bb-0302,Obsidian Black Minimalist Econyl Sleek Satin Bikini Bottom,<p>A statement piece in Econyl Sleek Satin. This bikini bottom combines architectural elegance design with impeccable craftsmanship. Available in Obsidian Black with Stone Gray detailing. Not loud. Not obvious. Unmistakably Twessie.</p>,Twessie,Bikini Bottom,"minimalist luxury, minimalist bikini bottom, Econyl Sleek Satin bikini, high-end swimwear, independent fashion",TRUE,Color,Stone Gray,Size,XXL,TWESSIE_EU_BB_0302-Stone Gray-XXL,168.0,,10
twessie-sg-bt-0303,Minimalist Obsidian Black Textured Bikini Top,<p>A statement piece in Econyl Sleek Satin. This bikini top combines minimalist luxury design with impeccable craftsmanship. Available in Obsidian Black with Chalk White detailing. Not loud. Not obvious. Unmistakably Twessie.</p>,Twessie,Bikini Top,"independent fashion, minimalist bikini top, luxury Obsidian Black swimwear, high-end swimwear, minimalist luxury",TRUE,Color,Obsidian Black,Size,XS,TWESSIE_SG_BT_0303-Obsidian Black-XS,168.0,,10
twessie-sg-bt-0303,Minimalist Obsidian Black Textured Bikini Top,<p>A statement piece in Econyl Sleek Satin. This bikini top combines minimalist luxury design with impeccable craftsmanship. Available in Obsidian Black with Chalk White detailing. Not loud. Not obvious. Unmistakably Twessie.</p>,Twessie,Bikini Top,"independent fashion, minimalist bikini top, luxury Obsidian Black swimwear, high-end swimwear, minimalist luxury",TRUE,Color,Obsidian Black,Size,S,TWESSIE_SG_BT_0303-Obsidian Black-S,168.0,,10
twessie-sg-bt-0303,Minimalist Obsidian Black Textured Bikini Top,<p>A statement piece in Econyl Sleek Satin. This bikini top combines minimalist luxury design with impeccable craftsmanship. Available in Obsidian Black with Chalk White detailing. Not loud. Not obvious. Unmistakably Twessie.</p>,Twessie,Bikini Top,"independent fashion, minimalist bikini top, luxury Obsidian Black swimwear, high-end swimwear, minimalist luxury",TRUE,Color,Obsidian Black,Size,M,TWESSIE_SG_BT_0303-Obsidian Black-M,168.0,,10
twessie-sg-bt-0303,Minimalist Obsidian Black Textured Bikini Top,<p>A statement piece in Econyl Sleek Satin. This bikini top combines minimalist luxury design with impeccable craftsmanship. Available in Obsidian Black with Chalk White detailing. Not loud. Not obvious. Unmistakably Twessie.</p>,Twessie,Bikini Top,"independent fashion, minimalist bikini top, luxury Obsidian Black swimwear, high-end swimwear, minimalist luxury",TRUE,Color,Obsidian Black,Size,L,TWESSIE_SG_BT_0303-Obsidian Black-L,168.0,,10
twessie-sg-bt-0303,Minimalist Obsidian Black Textured Bikini Top,<p>A statement piece in Econyl Sleek Satin. This bikini top combines minimalist luxury design with impeccable craftsmanship. Available in Obsidian Black with Chalk White detailing. Not loud. Not obvious. Unmistakably Twessie.</p>,Twessie,Bikini Top,"independent fashion, minimalist bikini top, luxury Obsidian Black swimwear, high-end swimwear, minimalist luxury",TRUE,Color,Obsidian Black,Size,XL,TWESSIE_SG_BT_0303-Obsidian Black-XL,168.0,,10
twessie-sg-bt-0303,Minimalist Obsidian Black Textured Bikini Top,<p>A statement piece in Econyl Sleek Satin. This bikini top combines minimalist luxury design with impeccable craftsmanship. Available in Obsidian Black with Chalk White detailing. Not loud. Not obvious. Unmistakably Twessie.</p>,Twessie,Bikini Top,"independent fashion, minimalist bikini top, luxury Obsidian Black swimwear, high-end swimwear, minimalist luxury",TRUE,Color,Obsidian Black,Size,XXL,TWESSIE_SG_BT_0303-Obsidian Black-XXL,168.0,,10
twessie-sg-bt-0303,Minimalist Obsidian Black Textured Bikini Top,<p>A statement piece in Econyl Sleek Satin. This bikini top combines minimalist luxury design with impeccable craftsmanship. Available in Obsidian Black with Chalk White detailing. Not loud. Not obvious. Unmistakably Twessie.</p>,Twessie,Bikini Top,"independent fashion, minimalist bikini top, luxury Obsidian Black swimwear, high-end swimwear, minimalist luxury",TRUE,Color,Chalk White,Size,XS,TWESSIE_SG_BT_0303-Chalk White-XS,168.0,,10
twessie-sg-bt-0303,Minimalist Obsidian Black Textured Bikini Top,<p>A statement piece in Econyl Sleek Satin. This bikini top combines minimalist luxury design with impeccable craftsmanship. Available in Obsidian Black with Chalk White detailing. Not loud. Not obvious. Unmistakably Twessie.</p>,Twessie,Bikini Top,"independent fashion, minimalist bikini top, luxury Obsidian Black swimwear, high-end swimwear, minimalist luxury",TRUE,Color,Chalk White,Size,S,TWESSIE_SG_BT_0303-Chalk White-S,168.0,,10
twessie-sg-bt-0303,Minimalist Obsidian Black Textured Bikini Top,<p>A statement piece in Econyl Sleek Satin. This bikini top combines minimalist luxury design with impeccable craftsmanship. Available in Obsidian Black with Chalk White detailing. Not loud. Not obvious. Unmistakably Twessie.</p>,Twessie,Bikini Top,"independent fashion, minimalist bikini top, luxury Obsidian Black swimwear, high-end swimwear, minimalist luxury",TRUE,Color,Chalk White,Size,M,TWESSIE_SG_BT_0303-Chalk White-M,168.0,,10
twessie-sg-bt-0303,Minimalist Obsidian Black Textured Bikini Top,<p>A statement piece in Econyl Sleek Satin. This bikini top combines minimalist luxury design with impeccable craftsmanship. Available in Obsidian Black with Chalk White detailing. Not loud. Not obvious. Unmistakably Twessie.</p>,Twessie,Bikini Top,"independent fashion, minimalist bikini top, luxury Obsidian Black swimwear, high-end swimwear, minimalist luxury",TRUE,Color,Chalk White,Size,L,TWESSIE_SG_BT_0303-Chalk White-L,168.0,,10
twessie-sg-bt-0303,Minimalist Obsidian Black Textured Bikini Top,<p>A statement piece in Econyl Sleek Satin. This bikini top combines minimalist luxury design with impeccable craftsmanship. Available in Obsidian Black with Chalk White detailing. Not loud. Not obvious. Unmistakably Twessie.</p>,Twessie,Bikini Top,"independent fashion, minimalist bikini top, luxury Obsidian Black swimwear, high-end swimwear, minimalist luxury",TRUE,Color,Chalk White,Size,XL,TWESSIE_SG_BT_0303-Chalk White-XL,168.0,,10
twessie-sg-bt-0303,Minimalist Obsidian Black Textured Bikini Top,<p>A statement piece in Econyl Sleek Satin. This bikini top combines minimalist luxury design with impeccable craftsmanship. Available in Obsidian Black with Chalk White detailing. Not loud. Not obvious. Unmistakably Twessie.</p>,Twessie,Bikini Top,"independent fashion, minimalist bikini top, luxury Obsidian Black swimwear, high-end swimwear, minimalist luxury",TRUE,Color,Chalk White,Size,XXL,TWESSIE_SG_BT_0303-Chalk White-XXL,168.0,,10
twessie-eu-bb-0304,Structural Crinkled Seersucker Bikini Bottom,<p>A statement piece in Crinkled Seersucker. This bikini bottom combines intelligent aesthetic design with impeccable craftsmanship. Available in Stone Gray with Chalk White detailing. Not loud. Not obvious. Unmistakably Twessie.</p>,Twessie,Bikini Bottom,"independent fashion, minimalist bikini bottom, high-end swimwear, minimalist luxury, architectural swimsuit",TRUE,Color,Stone Gray,Size,XS,TWESSIE_EU_BB_0304-Stone Gray-XS,168.0,,10
twessie-eu-bb-0304,Structural Crinkled Seersucker Bikini Bottom,<p>A statement piece in Crinkled Seersucker. This bikini bottom combines intelligent aesthetic design with impeccable craftsmanship. Available in Stone Gray with Chalk White detailing. Not loud. Not obvious. Unmistakably Twessie.</p>,Twessie,Bikini Bottom,"independent fashion, minimalist bikini bottom, high-end swimwear, minimalist luxury, architectural swimsuit",TRUE,Color,Stone Gray,Size,S,TWESSIE_EU_BB_0304-Stone Gray-S,168.0,,10
twessie-eu-bb-0304,Structural Crinkled Seersucker Bikini Bottom,<p>A statement piece in Crinkled Seersucker. This bikini bottom combines intelligent aesthetic design with impeccable craftsmanship. Available in Stone Gray with Chalk White detailing. Not loud. Not obvious. Unmistakably Twessie.</p>,Twessie,Bikini Bottom,"independent fashion, minimalist bikini bottom, high-end swimwear, minimalist luxury, architectural swimsuit",TRUE,Color,Stone Gray,Size,M,TWESSIE_EU_BB_0304-Stone Gray-M,168.0,,10
twessie-eu-bb-0304,Structural Crinkled Seersucker Bikini Bottom,<p>A statement piece in Crinkled Seersucker. This bikini bottom combines intelligent aesthetic design with impeccable craftsmanship. Available in Stone Gray with Chalk White detailing. Not loud. Not obvious. Unmistakably Twessie.</p>,Twessie,Bikini Bottom,"independent fashion, minimalist bikini bottom, high-end swimwear, minimalist luxury, architectural swimsuit",TRUE,Color,Stone Gray,Size,L,TWESSIE_EU_BB_0304-Stone Gray-L,168.0,,10
twessie-eu-bb-0304,Structural Crinkled Seersucker Bikini Bottom,<p>A statement piece in Crinkled Seersucker. This bikini bottom combines intelligent aesthetic design with impeccable craftsmanship. Available in Stone Gray with Chalk White detailing. Not loud. Not obvious. Unmistakably Twessie.</p>,Twessie,Bikini Bottom,"independent fashion, minimalist bikini bottom, high-end swimwear, minimalist luxury, architectural swimsuit",TRUE,Color,Stone Gray,Size,XL,TWESSIE_EU_BB_0304-Stone Gray-XL,168.0,,10
twessie-eu-bb-0304,Structural Crinkled Seersucker Bikini Bottom,<p>A statement piece in Crinkled Seersucker. This bikini bottom combines intelligent aesthetic design with impeccable craftsmanship. Available in Stone Gray with Chalk White detailing. Not loud. Not obvious. Unmistakably Twessie.</p>,Twessie,Bikini Bottom,"independent fashion, minimalist bikini bottom, high-end swimwear, minimalist luxury, architectural swimsuit",TRUE,Color,Stone Gray,Size,XXL,TWESSIE_EU_BB_0304-Stone Gray-XXL,168.0,,10
twessie-eu-bb-0304,Structural Crinkled Seersucker Bikini Bottom,<p>A statement piece in Crinkled Seersucker. This bikini bottom combines intelligent aesthetic design with impeccable craftsmanship. Available in Stone Gray with Chalk White detailing. Not loud. Not obvious. Unmistakably Twessie.</p>,Twessie,Bikini Bottom,"independent fashion, minimalist bikini bottom, high-end swimwear, minimalist luxury, architectural swimsuit",TRUE,Color,Chalk White,Size,XS,TWESSIE_EU_BB_0304-Chalk White-XS,168.0,,10
twessie-eu-bb-0304,Structural Crinkled Seersucker Bikini Bottom,<p>A statement piece in Crinkled Seersucker. This bikini bottom combines intelligent aesthetic design with impeccable craftsmanship. Available in Stone Gray with Chalk White detailing. Not loud. Not obvious. Unmistakably Twessie.</p>,Twessie,Bikini Bottom,"independent fashion, minimalist bikini bottom, high-end swimwear, minimalist luxury, architectural swimsuit",TRUE,Color,Chalk White,Size,S,TWESSIE_EU_BB_0304-Chalk White-S,168.0,,10
twessie-eu-bb-0304,Structural Crinkled Seersucker Bikini Bottom,<p>A statement piece in Crinkled Seersucker. This bikini bottom combines intelligent aesthetic design with impeccable craftsmanship. Available in Stone Gray with Chalk White detailing. Not loud. Not obvious. Unmistakably Twessie.</p>,Twessie,Bikini Bottom,"independent fashion, minimalist bikini bottom, high-end swimwear, minimalist luxury, architectural swimsuit",TRUE,Color,Chalk White,Size,M,TWESSIE_EU_BB_0304-Chalk White-M,168.0,,10
twessie-eu-bb-0304,Structural Crinkled Seersucker Bikini Bottom,<p>A statement piece in Crinkled Seersucker. This bikini bottom combines intelligent aesthetic design with impeccable craftsmanship. Available in Stone Gray with Chalk White detailing. Not loud. Not obvious. Unmistakably Twessie.</p>,Twessie,Bikini Bottom,"independent fashion, minimalist bikini bottom, high-end swimwear, minimalist luxury, architectural swimsuit",TRUE,Color,Chalk White,Size,L,TWESSIE_EU_BB_0304-Chalk White-L,168.0,,10
twessie-eu-bb-0304,Structural Crinkled Seersucker Bikini Bottom,<p>A statement piece in Crinkled Seersucker. This bikini bottom combines intelligent aesthetic design with impeccable craftsmanship. Available in Stone Gray with Chalk White detailing. Not loud. Not obvious. Unmistakably Twessie.</p>,Twessie,Bikini Bottom,"independent fashion, minimalist bikini bottom, high-end swimwear, minimalist luxury, architectural swimsuit",TRUE,Color,Chalk White,Size,XL,TWESSIE_EU_BB_0304-Chalk White-XL,168.0,,10
twessie-eu-bb-0304,Structural Crinkled Seersucker Bikini Bottom,<p>A statement piece in Crinkled Seersucker. This bikini bottom combines intelligent aesthetic design with impeccable craftsmanship. Available in Stone Gray with Chalk White detailing. Not loud. Not obvious. Unmistakably Twessie.</p>,Twessie,Bikini Bottom,"independent fashion, minimalist bikini bottom, high-end swimwear, minimalist luxury, architectural swimsuit",TRUE,Color,Chalk White,Size,XXL,TWESSIE_EU_BB_0304-Chalk White-XXL,168.0,,10
twessie-jp-bt-0305,Minimalist Stone Gray Textured Bikini Top,<p>A statement piece in Crinkled Seersucker. This bikini top combines rebellious yet refined design with impeccable craftsmanship. Available in Stone Gray with Chalk White detailing. Not loud. Not obvious. Unmistakably Twessie.</p>,Twessie,Bikini Top,"luxury Stone Gray swimwear, Crinkled Seersucker bikini, minimalist bikini top, architectural swimsuit, high-end swimwear",TRUE,Color,Stone Gray,Size,XS,TWESSIE_JP_BT_0305-Stone Gray-XS,168.0,,10
twessie-jp-bt-0305,Minimalist Stone Gray Textured Bikini Top,<p>A statement piece in Crinkled Seersucker. This bikini top combines rebellious yet refined design with impeccable craftsmanship. Available in Stone Gray with Chalk White detailing. Not loud. Not obvious. Unmistakably Twessie.</p>,Twessie,Bikini Top,"luxury Stone Gray swimwear, Crinkled Seersucker bikini, minimalist bikini top, architectural swimsuit, high-end swimwear",TRUE,Color,Stone Gray,Size,S,TWESSIE_JP_BT_0305-Stone Gray-S,168.0,,10
twessie-jp-bt-0305,Minimalist Stone Gray Textured Bikini Top,<p>A statement piece in Crinkled Seersucker. This bikini top combines rebellious yet refined design with impeccable craftsmanship. Available in Stone Gray with Chalk White detailing. Not loud. Not obvious. Unmistakably Twessie.</p>,Twessie,Bikini Top,"luxury Stone Gray swimwear, Crinkled Seersucker bikini, minimalist bikini top, architectural swimsuit, high-end swimwear",TRUE,Color,Stone Gray,Size,M,TWESSIE_JP_BT_0305-Stone Gray-M,168.0,,10
twessie-jp-bt-0305,Minimalist Stone Gray Textured Bikini Top,<p>A statement piece in Crinkled Seersucker. This bikini top combines rebellious yet refined design with impeccable craftsmanship. Available in Stone Gray with Chalk White detailing. Not loud. Not obvious. Unmistakably Twessie.</p>,Twessie,Bikini Top,"luxury Stone Gray swimwear, Crinkled Seersucker bikini, minimalist bikini top, architectural swimsuit, high-end swimwear",TRUE,Color,Stone Gray,Size,L,TWESSIE_JP_BT_0305-Stone Gray-L,168.0,,10
twessie-jp-bt-0305,Minimalist Stone Gray Textured Bikini Top,<p>A statement piece in Crinkled Seersucker. This bikini top combines rebellious yet refined design with impeccable craftsmanship. Available in Stone Gray with Chalk White detailing. Not loud. Not obvious. Unmistakably Twessie.</p>,Twessie,Bikini Top,"luxury Stone Gray swimwear, Crinkled Seersucker bikini, minimalist bikini top, architectural swimsuit, high-end swimwear",TRUE,Color,Stone Gray,Size,XL,TWESSIE_JP_BT_0305-Stone Gray-XL,168.0,,10
twessie-jp-bt-0305,Minimalist Stone Gray Textured Bikini Top,<p>A statement piece in Crinkled Seersucker. This bikini top combines rebellious yet refined design with impeccable craftsmanship. Available in Stone Gray with Chalk White detailing. Not loud. Not obvious. Unmistakably Twessie.</p>,Twessie,Bikini Top,"luxury Stone Gray swimwear, Crinkled Seersucker bikini, minimalist bikini top, architectural swimsuit, high-end swimwear",TRUE,Color,Stone Gray,Size,XXL,TWESSIE_JP_BT_0305-Stone Gray-XXL,168.0,,10
twessie-jp-bt-0305,Minimalist Stone Gray Textured Bikini Top,<p>A statement piece in Crinkled Seersucker. This bikini top combines rebellious yet refined design with impeccable craftsmanship. Available in Stone Gray with Chalk White detailing. Not loud. Not obvious. Unmistakably Twessie.</p>,Twessie,Bikini Top,"luxury Stone Gray swimwear, Crinkled Seersucker bikini, minimalist bikini top, architectural swimsuit, high-end swimwear",TRUE,Color,Chalk White,Size,XS,TWESSIE_JP_BT_0305-Chalk White-XS,168.0,,10
twessie-jp-bt-0305,Minimalist Stone Gray Textured Bikini Top,<p>A statement piece in Crinkled Seersucker. This bikini top combines rebellious yet refined design with impeccable craftsmanship. Available in Stone Gray with Chalk White detailing. Not loud. Not obvious. Unmistakably Twessie.</p>,Twessie,Bikini Top,"luxury Stone Gray swimwear, Crinkled Seersucker bikini, minimalist bikini top, architectural swimsuit, high-end swimwear",TRUE,Color,Chalk White,Size,S,TWESSIE_JP_BT_0305-Chalk White-S,168.0,,10
twessie-jp-bt-0305,Minimalist Stone Gray Textured Bikini Top,<p>A statement piece in Crinkled Seersucker. This bikini top combines rebellious yet refined design with impeccable craftsmanship. Available in Stone Gray with Chalk White detailing. Not loud. Not obvious. Unmistakably Twessie.</p>,Twessie,Bikini Top,"luxury Stone Gray swimwear, Crinkled Seersucker bikini, minimalist bikini top, architectural swimsuit, high-end swimwear",TRUE,Color,Chalk White,Size,M,TWESSIE_JP_BT_0305-Chalk White-M,168.0,,10
twessie-jp-bt-0305,Minimalist Stone Gray Textured Bikini Top,<p>A statement piece in Crinkled Seersucker. This bikini top combines rebellious yet refined design with impeccable craftsmanship. Available in Stone Gray with Chalk White detailing. Not loud. Not obvious. Unmistakably Twessie.</p>,Twessie,Bikini Top,"luxury Stone Gray swimwear, Crinkled Seersucker bikini, minimalist bikini top, architectural swimsuit, high-end swimwear",TRUE,Color,Chalk White,Size,L,TWESSIE_JP_BT_0305-Chalk White-L,168.0,,10
twessie-jp-bt-0305,Minimalist Stone Gray Textured Bikini Top,<p>A statement piece in Crinkled Seersucker. This bikini top combines rebellious yet refined design with impeccable craftsmanship. Available in Stone Gray with Chalk White detailing. Not loud. Not obvious. Unmistakably Twessie.</p>,Twessie,Bikini Top,"luxury Stone Gray swimwear, Crinkled Seersucker bikini, minimalist bikini top, architectural swimsuit, high-end swimwear",TRUE,Color,Chalk White,Size,XL,TWESSIE_JP_BT_0305-Chalk White-XL,168.0,,10
twessie-jp-bt-0305,Minimalist Stone Gray Textured Bikini Top,<p>A statement piece in Crinkled Seersucker. This bikini top combines rebellious yet refined design with impeccable craftsmanship. Available in Stone Gray with Chalk White detailing. Not loud. Not obvious. Unmistakably Twessie.</p>,Twessie,Bikini Top,"luxury Stone Gray swimwear, Crinkled Seersucker bikini, minimalist bikini top, architectural swimsuit, high-end swimwear",TRUE,Color,Chalk White,Size,XXL,TWESSIE_JP_BT_0305-Chalk White-XXL,168.0,,10
twessie-na-bb-0306,Raw-Edge Chalk White Bikini Bottom,<p>A statement piece in Crinkled Seersucker. This bikini bottom combines minimalist luxury design with impeccable craftsmanship. Available in Chalk White with Stone Gray detailing. Not loud. Not obvious. Unmistakably Twessie.</p>,Twessie,Bikini Bottom,"architectural swimsuit, luxury Chalk White swimwear, minimalist luxury, minimalist bikini bottom, high-end swimwear",TRUE,Color,Chalk White,Size,XS,TWESSIE_NA_BB_0306-Chalk White-XS,168.0,,10
twessie-na-bb-0306,Raw-Edge Chalk White Bikini Bottom,<p>A statement piece in Crinkled Seersucker. This bikini bottom combines minimalist luxury design with impeccable craftsmanship. Available in Chalk White with Stone Gray detailing. Not loud. Not obvious. Unmistakably Twessie.</p>,Twessie,Bikini Bottom,"architectural swimsuit, luxury Chalk White swimwear, minimalist luxury, minimalist bikini bottom, high-end swimwear",TRUE,Color,Chalk White,Size,S,TWESSIE_NA_BB_0306-Chalk White-S,168.0,,10
twessie-na-bb-0306,Raw-Edge Chalk White Bikini Bottom,<p>A statement piece in Crinkled Seersucker. This bikini bottom combines minimalist luxury design with impeccable craftsmanship. Available in Chalk White with Stone Gray detailing. Not loud. Not obvious. Unmistakably Twessie.</p>,Twessie,Bikini Bottom,"architectural swimsuit, luxury Chalk White swimwear, minimalist luxury, minimalist bikini bottom, high-end swimwear",TRUE,Color,Chalk White,Size,M,TWESSIE_NA_BB_0306-Chalk White-M,168.0,,10
twessie-na-bb-0306,Raw-Edge Chalk White Bikini Bottom,<p>A statement piece in Crinkled Seersucker. This bikini bottom combines minimalist luxury design with impeccable craftsmanship. Available in Chalk White with Stone Gray detailing. Not loud. Not obvious. Unmistakably Twessie.</p>,Twessie,Bikini Bottom,"architectural swimsuit, luxury Chalk White swimwear, minimalist luxury, minimalist bikini bottom, high-end swimwear",TRUE,Color,Chalk White,Size,L,TWESSIE_NA_BB_0306-Chalk White-L,168.0,,10
twessie-na-bb-0306,Raw-Edge Chalk White Bikini Bottom,<p>A statement piece in Crinkled Seersucker. This bikini bottom combines minimalist luxury design with impeccable craftsmanship. Available in Chalk White with Stone Gray detailing. Not loud. Not obvious. Unmistakably Twessie.</p>,Twessie,Bikini Bottom,"architectural swimsuit, luxury Chalk White swimwear, minimalist luxury, minimalist bikini bottom, high-end swimwear",TRUE,Color,Chalk White,Size,XL,TWESSIE_NA_BB_0306-Chalk White-XL,168.0,,10
twessie-na-bb-0306,Raw-Edge Chalk White Bikini Bottom,<p>A statement piece in Crinkled Seersucker. This bikini bottom combines minimalist luxury design with impeccable craftsmanship. Available in Chalk White with Stone Gray detailing. Not loud. Not obvious. Unmistakably Twessie.</p>,Twessie,Bikini Bottom,"architectural swimsuit, luxury Chalk White swimwear, minimalist luxury, minimalist bikini bottom, high-end swimwear",TRUE,Color,Chalk White,Size,XXL,TWESSIE_NA_BB_0306-Chalk White-XXL,168.0,,10
twessie-na-bb-0306,Raw-Edge Chalk White Bikini Bottom,<p>A statement piece in Crinkled Seersucker. This bikini bottom combines minimalist luxury design with impeccable craftsmanship. Available in Chalk White with Stone Gray detailing. Not loud. Not obvious. Unmistakably Twessie.</p>,Twessie,Bikini Bottom,"architectural swimsuit, luxury Chalk White swimwear, minimalist luxury, minimalist bikini bottom, high-end swimwear",TRUE,Color,Stone Gray,Size,XS,TWESSIE_NA_BB_0306-Stone Gray-XS,168.0,,10
twessie-na-bb-0306,Raw-Edge Chalk White Bikini Bottom,<p>A statement piece in Crinkled Seersucker. This bikini bottom combines minimalist luxury design with impeccable craftsmanship. Available in Chalk White with Stone Gray detailing. Not loud. Not obvious. Unmistakably Twessie.</p>,Twessie,Bikini Bottom,"architectural swimsuit, luxury Chalk White swimwear, minimalist luxury, minimalist bikini bottom, high-end swimwear",TRUE,Color,Stone Gray,Size,S,TWESSIE_NA_BB_0306-Stone Gray-S,168.0,,10
twessie-na-bb-0306,Raw-Edge Chalk White Bikini Bottom,<p>A statement piece in Crinkled Seersucker. This bikini bottom combines minimalist luxury design with impeccable craftsmanship. Available in Chalk White with Stone Gray detailing. Not loud. Not obvious. Unmistakably Twessie.</p>,Twessie,Bikini Bottom,"architectural swimsuit, luxury Chalk White swimwear, minimalist luxury, minimalist bikini bottom, high-end swimwear",TRUE,Color,Stone Gray,Size,M,TWESSIE_NA_BB_0306-Stone Gray-M,168.0,,10
twessie-na-bb-0306,Raw-Edge Chalk White Bikini Bottom,<p>A statement piece in Crinkled Seersucker. This bikini bottom combines minimalist luxury design with impeccable craftsmanship. Available in Chalk White with Stone Gray detailing. Not loud. Not obvious. Unmistakably Twessie.</p>,Twessie,Bikini Bottom,"architectural swimsuit, luxury Chalk White swimwear, minimalist luxury, minimalist bikini bottom, high-end swimwear",TRUE,Color,Stone Gray,Size,L,TWESSIE_NA_BB_0306-Stone Gray-L,168.0,,10
twessie-na-bb-0306,Raw-Edge Chalk White Bikini Bottom,<p>A statement piece in Crinkled Seersucker. This bikini bottom combines minimalist luxury design with impeccable craftsmanship. Available in Chalk White with Stone Gray detailing. Not loud. Not obvious. Unmistakably Twessie.</p>,Twessie,Bikini Bottom,"architectural swimsuit, luxury Chalk White swimwear, minimalist luxury, minimalist bikini bottom, high-end swimwear",TRUE,Color,Stone Gray,Size,XL,TWESSIE_NA_BB_0306-Stone Gray-XL,168.0,,10
twessie-na-bb-0306,Raw-Edge Chalk White Bikini Bottom,<p>A statement piece in Crinkled Seersucker. This bikini bottom combines minimalist luxury design with impeccable craftsmanship. Available in Chalk White with Stone Gray detailing. Not loud. Not obvious. Unmistakably Twessie.</p>,Twessie,Bikini Bottom,"architectural swimsuit, luxury Chalk White swimwear, minimalist luxury, minimalist bikini bottom, high-end swimwear",TRUE,Color,Stone Gray,Size,XXL,TWESSIE_NA_BB_0306-Stone Gray-XXL,168.0,,10
twessie-sg-op-0307,Obsidian Black Architectural One-Piece Swimsuit,"<p>Econyl Sleek Satin construction meets architectural precision in this one-piece. Designed for the intelligent, independent woman. The Obsidian Black colorway with Chalk White accents creates a sophisticated palette. Pure minimalist luxury elegance.</p>",Twessie,One-Piece,"minimalist luxury, architectural swimsuit, Econyl Sleek Satin bikini, independent fashion, high-end swimwear",TRUE,Color,Obsidian Black,Size,XS,TWESSIE_SG_OP_0307-Obsidian Black-XS,168.0,,10
twessie-sg-op-0307,Obsidian Black Architectural One-Piece Swimsuit,"<p>Econyl Sleek Satin construction meets architectural precision in this one-piece. Designed for the intelligent, independent woman. The Obsidian Black colorway with Chalk White accents creates a sophisticated palette. Pure minimalist luxury elegance.</p>",Twessie,One-Piece,"minimalist luxury, architectural swimsuit, Econyl Sleek Satin bikini, independent fashion, high-end swimwear",TRUE,Color,Obsidian Black,Size,S,TWESSIE_SG_OP_0307-Obsidian Black-S,168.0,,10
twessie-sg-op-0307,Obsidian Black Architectural One-Piece Swimsuit,"<p>Econyl Sleek Satin construction meets architectural precision in this one-piece. Designed for the intelligent, independent woman. The Obsidian Black colorway with Chalk White accents creates a sophisticated palette. Pure minimalist luxury elegance.</p>",Twessie,One-Piece,"minimalist luxury, architectural swimsuit, Econyl Sleek Satin bikini, independent fashion, high-end swimwear",TRUE,Color,Obsidian Black,Size,M,TWESSIE_SG_OP_0307-Obsidian Black-M,168.0,,10
twessie-sg-op-0307,Obsidian Black Architectural One-Piece Swimsuit,"<p>Econyl Sleek Satin construction meets architectural precision in this one-piece. Designed for the intelligent, independent woman. The Obsidian Black colorway with Chalk White accents creates a sophisticated palette. Pure minimalist luxury elegance.</p>",Twessie,One-Piece,"minimalist luxury, architectural swimsuit, Econyl Sleek Satin bikini, independent fashion, high-end swimwear",TRUE,Color,Obsidian Black,Size,L,TWESSIE_SG_OP_0307-Obsidian Black-L,168.0,,10
twessie-sg-op-0307,Obsidian Black Architectural One-Piece Swimsuit,"<p>Econyl Sleek Satin construction meets architectural precision in this one-piece. Designed for the intelligent, independent woman. The Obsidian Black colorway with Chalk White accents creates a sophisticated palette. Pure minimalist luxury elegance.</p>",Twessie,One-Piece,"minimalist luxury, architectural swimsuit, Econyl Sleek Satin bikini, independent fashion, high-end swimwear",TRUE,Color,Obsidian Black,Size,XL,TWESSIE_SG_OP_0307-Obsidian Black-XL,168.0,,10
twessie-sg-op-0307,Obsidian Black Architectural One-Piece Swimsuit,"<p>Econyl Sleek Satin construction meets architectural precision in this one-piece. Designed for the intelligent, independent woman. The Obsidian Black colorway with Chalk White accents creates a sophisticated palette. Pure minimalist luxury elegance.</p>",Twessie,One-Piece,"minimalist luxury, architectural swimsuit, Econyl Sleek Satin bikini, independent fashion, high-end swimwear",TRUE,Color,Obsidian Black,Size,XXL,TWESSIE_SG_OP_0307-Obsidian Black-XXL,168.0,,10
twessie-sg-op-0307,Obsidian Black Architectural One-Piece Swimsuit,"<p>Econyl Sleek Satin construction meets architectural precision in this one-piece. Designed for the intelligent, independent woman. The Obsidian Black colorway with Chalk White accents creates a sophisticated palette. Pure minimalist luxury elegance.</p>",Twessie,One-Piece,"minimalist luxury, architectural swimsuit, Econyl Sleek Satin bikini, independent fashion, high-end swimwear",TRUE,Color,Chalk White,Size,XS,TWESSIE_SG_OP_0307-Chalk White-XS,168.0,,10
twessie-sg-op-0307,Obsidian Black Architectural One-Piece Swimsuit,"<p>Econyl Sleek Satin construction meets architectural precision in this one-piece. Designed for the intelligent, independent woman. The Obsidian Black colorway with Chalk White accents creates a sophisticated palette. Pure minimalist luxury elegance.</p>",Twessie,One-Piece,"minimalist luxury, architectural swimsuit, Econyl Sleek Satin bikini, independent fashion, high-end swimwear",TRUE,Color,Chalk White,Size,S,TWESSIE_SG_OP_0307-Chalk White-S,168.0,,10
twessie-sg-op-0307,Obsidian Black Architectural One-Piece Swimsuit,"<p>Econyl Sleek Satin construction meets architectural precision in this one-piece. Designed for the intelligent, independent woman. The Obsidian Black colorway with Chalk White accents creates a sophisticated palette. Pure minimalist luxury elegance.</p>",Twessie,One-Piece,"minimalist luxury, architectural swimsuit, Econyl Sleek Satin bikini, independent fashion, high-end swimwear",TRUE,Color,Chalk White,Size,M,TWESSIE_SG_OP_0307-Chalk White-M,168.0,,10
twessie-sg-op-0307,Obsidian Black Architectural One-Piece Swimsuit,"<p>Econyl Sleek Satin construction meets architectural precision in this one-piece. Designed for the intelligent, independent woman. The Obsidian Black colorway with Chalk White accents creates a sophisticated palette. Pure minimalist luxury elegance.</p>",Twessie,One-Piece,"minimalist luxury, architectural swimsuit, Econyl Sleek Satin bikini, independent fashion, high-end swimwear",TRUE,Color,Chalk White,Size,L,TWESSIE_SG_OP_0307-Chalk White-L,168.0,,10
twessie-sg-op-0307,Obsidian Black Architectural One-Piece Swimsuit,"<p>Econyl Sleek Satin construction meets architectural precision in this one-piece. Designed for the intelligent, independent woman. The Obsidian Black colorway with Chalk White accents creates a sophisticated palette. Pure minimalist luxury elegance.</p>",Twessie,One-Piece,"minimalist luxury, architectural swimsuit, Econyl Sleek Satin bikini, independent fashion, high-end swimwear",TRUE,Color,Chalk White,Size,XL,TWESSIE_SG_OP_0307-Chalk White-XL,168.0,,10
twessie-sg-op-0307,Obsidian Black Architectural One-Piece Swimsuit,"<p>Econyl Sleek Satin construction meets architectural precision in this one-piece. Designed for the intelligent, independent woman. The Obsidian Black colorway with Chalk White accents creates a sophisticated palette. Pure minimalist luxury elegance.</p>",Twessie,One-Piece,"minimalist luxury, architectural swimsuit, Econyl Sleek Satin bikini, independent fashion, high-end swimwear",TRUE,Color,Chalk White,Size,XXL,TWESSIE_SG_OP_0307-Chalk White-XXL,168.0,,10
twessie-na-bt-0308,Minimalist Burnt Terracotta Textured Bikini Top,"<p>Matte Ribbed Knit construction meets architectural precision in this bikini top. Designed for the intelligent, independent woman. The Burnt Terracotta colorway with Olive Drab accents creates a sophisticated palette. Pure architectural elegance elegance.</p>",Twessie,Bikini Top,"minimalist bikini top, independent fashion, architectural swimsuit, luxury Burnt Terracotta swimwear, high-end swimwear",TRUE,Color,Burnt Terracotta,Size,XS,TWESSIE_NA_BT_0308-Burnt Terracotta-XS,168.0,,10
twessie-na-bt-0308,Minimalist Burnt Terracotta Textured Bikini Top,"<p>Matte Ribbed Knit construction meets architectural precision in this bikini top. Designed for the intelligent, independent woman. The Burnt Terracotta colorway with Olive Drab accents creates a sophisticated palette. Pure architectural elegance elegance.</p>",Twessie,Bikini Top,"minimalist bikini top, independent fashion, architectural swimsuit, luxury Burnt Terracotta swimwear, high-end swimwear",TRUE,Color,Burnt Terracotta,Size,S,TWESSIE_NA_BT_0308-Burnt Terracotta-S,168.0,,10
twessie-na-bt-0308,Minimalist Burnt Terracotta Textured Bikini Top,"<p>Matte Ribbed Knit construction meets architectural precision in this bikini top. Designed for the intelligent, independent woman. The Burnt Terracotta colorway with Olive Drab accents creates a sophisticated palette. Pure architectural elegance elegance.</p>",Twessie,Bikini Top,"minimalist bikini top, independent fashion, architectural swimsuit, luxury Burnt Terracotta swimwear, high-end swimwear",TRUE,Color,Burnt Terracotta,Size,M,TWESSIE_NA_BT_0308-Burnt Terracotta-M,168.0,,10
twessie-na-bt-0308,Minimalist Burnt Terracotta Textured Bikini Top,"<p>Matte Ribbed Knit construction meets architectural precision in this bikini top. Designed for the intelligent, independent woman. The Burnt Terracotta colorway with Olive Drab accents creates a sophisticated palette. Pure architectural elegance elegance.</p>",Twessie,Bikini Top,"minimalist bikini top, independent fashion, architectural swimsuit, luxury Burnt Terracotta swimwear, high-end swimwear",TRUE,Color,Burnt Terracotta,Size,L,TWESSIE_NA_BT_0308-Burnt Terracotta-L,168.0,,10
twessie-na-bt-0308,Minimalist Burnt Terracotta Textured Bikini Top,"<p>Matte Ribbed Knit construction meets architectural precision in this bikini top. Designed for the intelligent, independent woman. The Burnt Terracotta colorway with Olive Drab accents creates a sophisticated palette. Pure architectural elegance elegance.</p>",Twessie,Bikini Top,"minimalist bikini top, independent fashion, architectural swimsuit, luxury Burnt Terracotta swimwear, high-end swimwear",TRUE,Color,Burnt Terracotta,Size,XL,TWESSIE_NA_BT_0308-Burnt Terracotta-XL,168.0,,10
twessie-na-bt-0308,Minimalist Burnt Terracotta Textured Bikini Top,"<p>Matte Ribbed Knit construction meets architectural precision in this bikini top. Designed for the intelligent, independent woman. The Burnt Terracotta colorway with Olive Drab accents creates a sophisticated palette. Pure architectural elegance elegance.</p>",Twessie,Bikini Top,"minimalist bikini top, independent fashion, architectural swimsuit, luxury Burnt Terracotta swimwear, high-end swimwear",TRUE,Color,Burnt Terracotta,Size,XXL,TWESSIE_NA_BT_0308-Burnt Terracotta-XXL,168.0,,10
twessie-na-bt-0308,Minimalist Burnt Terracotta Textured Bikini Top,"<p>Matte Ribbed Knit construction meets architectural precision in this bikini top. Designed for the intelligent, independent woman. The Burnt Terracotta colorway with Olive Drab accents creates a sophisticated palette. Pure architectural elegance elegance.</p>",Twessie,Bikini Top,"minimalist bikini top, independent fashion, architectural swimsuit, luxury Burnt Terracotta swimwear, high-end swimwear",TRUE,Color,Olive Drab,Size,XS,TWESSIE_NA_BT_0308-Olive Drab-XS,168.0,,10
twessie-na-bt-0308,Minimalist Burnt Terracotta Textured Bikini Top,"<p>Matte Ribbed Knit construction meets architectural precision in this bikini top. Designed for the intelligent, independent woman. The Burnt Terracotta colorway with Olive Drab accents creates a sophisticated palette. Pure architectural elegance elegance.</p>",Twessie,Bikini Top,"minimalist bikini top, independent fashion, architectural swimsuit, luxury Burnt Terracotta swimwear, high-end swimwear",TRUE,Color,Olive Drab,Size,S,TWESSIE_NA_BT_0308-Olive Drab-S,168.0,,10
twessie-na-bt-0308,Minimalist Burnt Terracotta Textured Bikini Top,"<p>Matte Ribbed Knit construction meets architectural precision in this bikini top. Designed for the intelligent, independent woman. The Burnt Terracotta colorway with Olive Drab accents creates a sophisticated palette. Pure architectural elegance elegance.</p>",Twessie,Bikini Top,"minimalist bikini top, independent fashion, architectural swimsuit, luxury Burnt Terracotta swimwear, high-end swimwear",TRUE,Color,Olive Drab,Size,M,TWESSIE_NA_BT_0308-Olive Drab-M,168.0,,10
twessie-na-bt-0308,Minimalist Burnt Terracotta Textured Bikini Top,"<p>Matte Ribbed Knit construction meets architectural precision in this bikini top. Designed for the intelligent, independent woman. The Burnt Terracotta colorway with Olive Drab accents creates a sophisticated palette. Pure architectural elegance elegance.</p>",Twessie,Bikini Top,"minimalist bikini top, independent fashion, architectural swimsuit, luxury Burnt Terracotta swimwear, high-end swimwear",TRUE,Color,Olive Drab,Size,L,TWESSIE_NA_BT_0308-Olive Drab-L,168.0,,10
twessie-na-bt-0308,Minimalist Burnt Terracotta Textured Bikini Top,"<p>Matte Ribbed Knit construction meets architectural precision in this bikini top. Designed for the intelligent, independent woman. The Burnt Terracotta colorway with Olive Drab accents creates a sophisticated palette. Pure architectural elegance elegance.</p>",Twessie,Bikini Top,"minimalist bikini top, independent fashion, architectural swimsuit, luxury Burnt Terracotta swimwear, high-end swimwear",TRUE,Color,Olive Drab,Size,XL,TWESSIE_NA_BT_0308-Olive Drab-XL,168.0,,10
twessie-na-bt-0308,Minimalist Burnt Terracotta Textured Bikini Top,"<p>Matte Ribbed Knit construction meets architectural precision in this bikini top. Designed for the intelligent, independent woman. The Burnt Terracotta colorway with Olive Drab accents creates a sophisticated palette. Pure architectural elegance elegance.</p>",Twessie,Bikini Top,"minimalist bikini top, independent fashion, architectural swimsuit, luxury Burnt Terracotta swimwear, high-end swimwear",TRUE,Color,Olive Drab,Size,XXL,TWESSIE_NA_BT_0308-Olive Drab-XXL,168.0,,10
twessie-sg-bt-0309,Minimalist Burnt Terracotta Textured Bikini Top,<p>A statement piece in Matte Ribbed Knit. This bikini top combines minimalist luxury design with impeccable craftsmanship. Available in Burnt Terracotta with Olive Drab detailing. Not loud. Not obvious. Unmistakably Twessie.</p>,Twessie,Bikini Top,"independent fashion, high-end swimwear, minimalist bikini top, architectural swimsuit, Matte Ribbed Knit bikini",TRUE,Color,Burnt Terracotta,Size,XS,TWESSIE_SG_BT_0309-Burnt Terracotta-XS,168.0,,10
twessie-sg-bt-0309,Minimalist Burnt Terracotta Textured Bikini Top,<p>A statement piece in Matte Ribbed Knit. This bikini top combines minimalist luxury design with impeccable craftsmanship. Available in Burnt Terracotta with Olive Drab detailing. Not loud. Not obvious. Unmistakably Twessie.</p>,Twessie,Bikini Top,"independent fashion, high-end swimwear, minimalist bikini top, architectural swimsuit, Matte Ribbed Knit bikini",TRUE,Color,Burnt Terracotta,Size,S,TWESSIE_SG_BT_0309-Burnt Terracotta-S,168.0,,10
twessie-sg-bt-0309,Minimalist Burnt Terracotta Textured Bikini Top,<p>A statement piece in Matte Ribbed Knit. This bikini top combines minimalist luxury design with impeccable craftsmanship. Available in Burnt Terracotta with Olive Drab detailing. Not loud. Not obvious. Unmistakably Twessie.</p>,Twessie,Bikini Top,"independent fashion, high-end swimwear, minimalist bikini top, architectural swimsuit, Matte Ribbed Knit bikini",TRUE,Color,Burnt Terracotta,Size,M,TWESSIE_SG_BT_0309-Burnt Terracotta-M,168.0,,10
twessie-sg-bt-0309,Minimalist Burnt Terracotta Textured Bikini Top,<p>A statement piece in Matte Ribbed Knit. This bikini top combines minimalist luxury design with impeccable craftsmanship. Available in Burnt Terracotta with Olive Drab detailing. Not loud. Not obvious. Unmistakably Twessie.</p>,Twessie,Bikini Top,"independent fashion, high-end swimwear, minimalist bikini top, architectural swimsuit, Matte Ribbed Knit bikini",TRUE,Color,Burnt Terracotta,Size,L,TWESSIE_SG_BT_0309-Burnt Terracotta-L,168.0,,10
twessie-sg-bt-0309,Minimalist Burnt Terracotta Textured Bikini Top,<p>A statement piece in Matte Ribbed Knit. This bikini top combines minimalist luxury design with impeccable craftsmanship. Available in Burnt Terracotta with Olive Drab detailing. Not loud. Not obvious. Unmistakably Twessie.</p>,Twessie,Bikini Top,"independent fashion, high-end swimwear, minimalist bikini top, architectural swimsuit, Matte Ribbed Knit bikini",TRUE,Color,Burnt Terracotta,Size,XL,TWESSIE_SG_BT_0309-Burnt Terracotta-XL,168.0,,10
twessie-sg-bt-0309,Minimalist Burnt Terracotta Textured Bikini Top,<p>A statement piece in Matte Ribbed Knit. This bikini top combines minimalist luxury design with impeccable craftsmanship. Available in Burnt Terracotta with Olive Drab detailing. Not loud. Not obvious. Unmistakably Twessie.</p>,Twessie,Bikini Top,"independent fashion, high-end swimwear, minimalist bikini top, architectural swimsuit, Matte Ribbed Knit bikini",TRUE,Color,Burnt Terracotta,Size,XXL,TWESSIE_SG_BT_0309-Burnt Terracotta-XXL,168.0,,10
twessie-sg-bt-0309,Minimalist Burnt Terracotta Textured Bikini Top,<p>A statement piece in Matte Ribbed Knit. This bikini top combines minimalist luxury design with impeccable craftsmanship. Available in Burnt Terracotta with Olive Drab detailing. Not loud. Not obvious. Unmistakably Twessie.</p>,Twessie,Bikini Top,"independent fashion, high-end swimwear, minimalist bikini top, architectural swimsuit, Matte Ribbed Knit bikini",TRUE,Color,Olive Drab,Size,XS,TWESSIE_SG_BT_0309-Olive Drab-XS,168.0,,10
twessie-sg-bt-0309,Minimalist Burnt Terracotta Textured Bikini Top,<p>A statement piece in Matte Ribbed Knit. This bikini top combines minimalist luxury design with impeccable craftsmanship. Available in Burnt Terracotta with Olive Drab detailing. Not loud. Not obvious. Unmistakably Twessie.</p>,Twessie,Bikini Top,"independent fashion, high-end swimwear, minimalist bikini top, architectural swimsuit, Matte Ribbed Knit bikini",TRUE,Color,Olive Drab,Size,S,TWESSIE_SG_BT_0309-Olive Drab-S,168.0,,10
twessie-sg-bt-0309,Minimalist Burnt Terracotta Textured Bikini Top,<p>A statement piece in Matte Ribbed Knit. This bikini top combines minimalist luxury design with impeccable craftsmanship. Available in Burnt Terracotta with Olive Drab detailing. Not loud. Not obvious. Unmistakably Twessie.</p>,Twessie,Bikini Top,"independent fashion, high-end swimwear, minimalist bikini top, architectural swimsuit, Matte Ribbed Knit bikini",TRUE,Color,Olive Drab,Size,M,TWESSIE_SG_BT_0309-Olive Drab-M,168.0,,10
twessie-sg-bt-0309,Minimalist Burnt Terracotta Textured Bikini Top,<p>A statement piece in Matte Ribbed Knit. This bikini top combines minimalist luxury design with impeccable craftsmanship. Available in Burnt Terracotta with Olive Drab detailing. Not loud. Not obvious. Unmistakably Twessie.</p>,Twessie,Bikini Top,"independent fashion, high-end swimwear, minimalist bikini top, architectural swimsuit, Matte Ribbed Knit bikini",TRUE,Color,Olive Drab,Size,L,TWESSIE_SG_BT_0309-Olive Drab-L,168.0,,10
twessie-sg-bt-0309,Minimalist Burnt Terracotta Textured Bikini Top,<p>A statement piece in Matte Ribbed Knit. This bikini top combines minimalist luxury design with impeccable craftsmanship. Available in Burnt Terracotta with Olive Drab detailing. Not loud. Not obvious. Unmistakably Twessie.</p>,Twessie,Bikini Top,"independent fashion, high-end swimwear, minimalist bikini top, architectural swimsuit, Matte Ribbed Knit bikini",TRUE,Color,Olive Drab,Size,XL,TWESSIE_SG_BT_0309-Olive Drab-XL,168.0,,10
twessie-sg-bt-0309,Minimalist Burnt Terracotta Textured Bikini Top,<p>A statement piece in Matte Ribbed Knit. This bikini top combines minimalist luxury design with impeccable craftsmanship. Available in Burnt Terracotta with Olive Drab detailing. Not loud. Not obvious. Unmistakably Twessie.</p>,Twessie,Bikini Top,"independent fashion, high-end swimwear, minimalist bikini top, architectural swimsuit, Matte Ribbed Knit bikini",TRUE,Color,Olive Drab,Size,XXL,TWESSIE_SG_BT_0309-Olive Drab-XXL,168.0,,10
twessie-au-bb-0310,Obsidian Black Minimalist Econyl Sleek Satin Bikini Bottom,<p>A statement piece in Econyl Sleek Satin. This bikini bottom combines architectural elegance design with impeccable craftsmanship. Available in Obsidian Black with Chalk White detailing. Not loud. Not obvious. Unmistakably Twessie.</p>,Twessie,Bikini Bottom,"high-end swimwear, minimalist bikini bottom, independent fashion, Econyl Sleek Satin bikini, architectural swimsuit",TRUE,Color,Obsidian Black,Size,XS,TWESSIE_AU_BB_0310-Obsidian Black-XS,168.0,,10
twessie-au-bb-0310,Obsidian Black Minimalist Econyl Sleek Satin Bikini Bottom,<p>A statement piece in Econyl Sleek Satin. This bikini bottom combines architectural elegance design with impeccable craftsmanship. Available in Obsidian Black with Chalk White detailing. Not loud. Not obvious. Unmistakably Twessie.</p>,Twessie,Bikini Bottom,"high-end swimwear, minimalist bikini bottom, independent fashion, Econyl Sleek Satin bikini, architectural swimsuit",TRUE,Color,Obsidian Black,Size,S,TWESSIE_AU_BB_0310-Obsidian Black-S,168.0,,10
twessie-au-bb-0310,Obsidian Black Minimalist Econyl Sleek Satin Bikini Bottom,<p>A statement piece in Econyl Sleek Satin. This bikini bottom combines architectural elegance design with impeccable craftsmanship. Available in Obsidian Black with Chalk White detailing. Not loud. Not obvious. Unmistakably Twessie.</p>,Twessie,Bikini Bottom,"high-end swimwear, minimalist bikini bottom, independent fashion, Econyl Sleek Satin bikini, architectural swimsuit",TRUE,Color,Obsidian Black,Size,M,TWESSIE_AU_BB_0310-Obsidian Black-M,168.0,,10
twessie-au-bb-0310,Obsidian Black Minimalist Econyl Sleek Satin Bikini Bottom,<p>A statement piece in Econyl Sleek Satin. This bikini bottom combines architectural elegance design with impeccable craftsmanship. Available in Obsidian Black with Chalk White detailing. Not loud. Not obvious. Unmistakably Twessie.</p>,Twessie,Bikini Bottom,"high-end swimwear, minimalist bikini bottom, independent fashion, Econyl Sleek Satin bikini, architectural swimsuit",TRUE,Color,Obsidian Black,Size,L,TWESSIE_AU_BB_0310-Obsidian Black-L,168.0,,10
twessie-au-bb-0310,Obsidian Black Minimalist Econyl Sleek Satin Bikini Bottom,<p>A statement piece in Econyl Sleek Satin. This bikini bottom combines architectural elegance design with impeccable craftsmanship. Available in Obsidian Black with Chalk White detailing. Not loud. Not obvious. Unmistakably Twessie.</p>,Twessie,Bikini Bottom,"high-end swimwear, minimalist bikini bottom, independent fashion, Econyl Sleek Satin bikini, architectural swimsuit",TRUE,Color,Obsidian Black,Size,XL,TWESSIE_AU_BB_0310-Obsidian Black-XL,168.0,,10
twessie-au-bb-0310,Obsidian Black Minimalist Econyl Sleek Satin Bikini Bottom,<p>A statement piece in Econyl Sleek Satin. This bikini bottom combines architectural elegance design with impeccable craftsmanship. Available in Obsidian Black with Chalk White detailing. Not loud. Not obvious. Unmistakably Twessie.</p>,Twessie,Bikini Bottom,"high-end swimwear, minimalist bikini bottom, independent fashion, Econyl Sleek Satin bikini, architectural swimsuit",TRUE,Color,Obsidian Black,Size,XXL,TWESSIE_AU_BB_0310-Obsidian Black-XXL,168.0,,10
twessie-au-bb-0310,Obsidian Black Minimalist Econyl Sleek Satin Bikini Bottom,<p>A statement piece in Econyl Sleek Satin. This bikini bottom combines architectural elegance design with impeccable craftsmanship. Available in Obsidian Black with Chalk White detailing. Not loud. Not obvious. Unmistakably Twessie.</p>,Twessie,Bikini Bottom,"high-end swimwear, minimalist bikini bottom, independent fashion, Econyl Sleek Satin bikini, architectural swimsuit",TRUE,Color,Chalk White,Size,XS,TWESSIE_AU_BB_0310-Chalk White-XS,168.0,,10
twessie-au-bb-0310,Obsidian Black Minimalist Econyl Sleek Satin Bikini Bottom,<p>A statement piece in Econyl Sleek Satin. This bikini bottom combines architectural elegance design with impeccable craftsmanship. Available in Obsidian Black with Chalk White detailing. Not loud. Not obvious. Unmistakably Twessie.</p>,Twessie,Bikini Bottom,"high-end swimwear, minimalist bikini bottom, independent fashion, Econyl Sleek Satin bikini, architectural swimsuit",TRUE,Color,Chalk White,Size,S,TWESSIE_AU_BB_0310-Chalk White-S,168.0,,10
twessie-au-bb-0310,Obsidian Black Minimalist Econyl Sleek Satin Bikini Bottom,<p>A statement piece in Econyl Sleek Satin. This bikini bottom combines architectural elegance design with impeccable craftsmanship. Available in Obsidian Black with Chalk White detailing. Not loud. Not obvious. Unmistakably Twessie.</p>,Twessie,Bikini Bottom,"high-end swimwear, minimalist bikini bottom, independent fashion, Econyl Sleek Satin bikini, architectural swimsuit",TRUE,Color,Chalk White,Size,M,TWESSIE_AU_BB_0310-Chalk White-M,168.0,,10
twessie-au-bb-0310,Obsidian Black Minimalist Econyl Sleek Satin Bikini Bottom,<p>A statement piece in Econyl Sleek Satin. This bikini bottom combines architectural elegance design with impeccable craftsmanship. Available in Obsidian Black with Chalk White detailing. Not loud. Not obvious. Unmistakably Twessie.</p>,Twessie,Bikini Bottom,"high-end swimwear, minimalist bikini bottom, independent fashion, Econyl Sleek Satin bikini, architectural swimsuit",TRUE,Color,Chalk White,Size,L,TWESSIE_AU_BB_0310-Chalk White-L,168.0,,10
twessie-au-bb-0310,Obsidian Black Minimalist Econyl Sleek Satin Bikini Bottom,<p>A statement piece in Econyl Sleek Satin. This bikini bottom combines architectural elegance design with impeccable craftsmanship. Available in Obsidian Black with Chalk White detailing. Not loud. Not obvious. Unmistakably Twessie.</p>,Twessie,Bikini Bottom,"high-end swimwear, minimalist bikini bottom, independent fashion, Econyl Sleek Satin bikini, architectural swimsuit",TRUE,Color,Chalk White,Size,XL,TWESSIE_AU_BB_0310-Chalk White-XL,168.0,,10
twessie-au-bb-0310,Obsidian Black Minimalist Econyl Sleek Satin Bikini Bottom,<p>A statement piece in Econyl Sleek Satin. This bikini bottom combines architectural elegance design with impeccable craftsmanship. Available in Obsidian Black with Chalk White detailing. Not loud. Not obvious. Unmistakably Twessie.</p>,Twessie,Bikini Bottom,"high-end swimwear, minimalist bikini bottom, independent fashion, Econyl Sleek Satin bikini, architectural swimsuit",TRUE,Color,Chalk White,Size,XXL,TWESSIE_AU_BB_0310-Chalk White-XXL,168.0,,10
twessie-eu-bt-0401,Matte Ribbed Knit High-Waist Bikini Top in Burnt Terracotta,<p>A statement piece in Matte Ribbed Knit. This bikini top combines rebellious yet refined design with impeccable craftsmanship. Available in Burnt Terracotta with Olive Drab detailing. Not loud. Not obvious. Unmistakably Twessie.</p>,Twessie,Bikini Top,"Matte Ribbed Knit bikini, minimalist luxury, high-end swimwear, independent fashion, architectural swimsuit",TRUE,Color,Burnt Terracotta,Size,XS,TWESSIE_EU_BT_0401-Burnt Terracotta-XS,168.0,,10
twessie-eu-bt-0401,Matte Ribbed Knit High-Waist Bikini Top in Burnt Terracotta,<p>A statement piece in Matte Ribbed Knit. This bikini top combines rebellious yet refined design with impeccable craftsmanship. Available in Burnt Terracotta with Olive Drab detailing. Not loud. Not obvious. Unmistakably Twessie.</p>,Twessie,Bikini Top,"Matte Ribbed Knit bikini, minimalist luxury, high-end swimwear, independent fashion, architectural swimsuit",TRUE,Color,Burnt Terracotta,Size,S,TWESSIE_EU_BT_0401-Burnt Terracotta-S,168.0,,10
twessie-eu-bt-0401,Matte Ribbed Knit High-Waist Bikini Top in Burnt Terracotta,<p>A statement piece in Matte Ribbed Knit. This bikini top combines rebellious yet refined design with impeccable craftsmanship. Available in Burnt Terracotta with Olive Drab detailing. Not loud. Not obvious. Unmistakably Twessie.</p>,Twessie,Bikini Top,"Matte Ribbed Knit bikini, minimalist luxury, high-end swimwear, independent fashion, architectural swimsuit",TRUE,Color,Burnt Terracotta,Size,M,TWESSIE_EU_BT_0401-Burnt Terracotta-M,168.0,,10
twessie-eu-bt-0401,Matte Ribbed Knit High-Waist Bikini Top in Burnt Terracotta,<p>A statement piece in Matte Ribbed Knit. This bikini top combines rebellious yet refined design with impeccable craftsmanship. Available in Burnt Terracotta with Olive Drab detailing. Not loud. Not obvious. Unmistakably Twessie.</p>,Twessie,Bikini Top,"Matte Ribbed Knit bikini, minimalist luxury, high-end swimwear, independent fashion, architectural swimsuit",TRUE,Color,Burnt Terracotta,Size,L,TWESSIE_EU_BT_0401-Burnt Terracotta-L,168.0,,10
twessie-eu-bt-0401,Matte Ribbed Knit High-Waist Bikini Top in Burnt Terracotta,<p>A statement piece in Matte Ribbed Knit. This bikini top combines rebellious yet refined design with impeccable craftsmanship. Available in Burnt Terracotta with Olive Drab detailing. Not loud. Not obvious. Unmistakably Twessie.</p>,Twessie,Bikini Top,"Matte Ribbed Knit bikini, minimalist luxury, high-end swimwear, independent fashion, architectural swimsuit",TRUE,Color,Burnt Terracotta,Size,XL,TWESSIE_EU_BT_0401-Burnt Terracotta-XL,168.0,,10
twessie-eu-bt-0401,Matte Ribbed Knit High-Waist Bikini Top in Burnt Terracotta,<p>A statement piece in Matte Ribbed Knit. This bikini top combines rebellious yet refined design with impeccable craftsmanship. Available in Burnt Terracotta with Olive Drab detailing. Not loud. Not obvious. Unmistakably Twessie.</p>,Twessie,Bikini Top,"Matte Ribbed Knit bikini, minimalist luxury, high-end swimwear, independent fashion, architectural swimsuit",TRUE,Color,Burnt Terracotta,Size,XXL,TWESSIE_EU_BT_0401-Burnt Terracotta-XXL,168.0,,10
twessie-eu-bt-0401,Matte Ribbed Knit High-Waist Bikini Top in Burnt Terracotta,<p>A statement piece in Matte Ribbed Knit. This bikini top combines rebellious yet refined design with impeccable craftsmanship. Available in Burnt Terracotta with Olive Drab detailing. Not loud. Not obvious. Unmistakably Twessie.</p>,Twessie,Bikini Top,"Matte Ribbed Knit bikini, minimalist luxury, high-end swimwear, independent fashion, architectural swimsuit",TRUE,Color,Olive Drab,Size,XS,TWESSIE_EU_BT_0401-Olive Drab-XS,168.0,,10
twessie-eu-bt-0401,Matte Ribbed Knit High-Waist Bikini Top in Burnt Terracotta,<p>A statement piece in Matte Ribbed Knit. This bikini top combines rebellious yet refined design with impeccable craftsmanship. Available in Burnt Terracotta with Olive Drab detailing. Not loud. Not obvious. Unmistakably Twessie.</p>,Twessie,Bikini Top,"Matte Ribbed Knit bikini, minimalist luxury, high-end swimwear, independent fashion, architectural swimsuit",TRUE,Color,Olive Drab,Size,S,TWESSIE_EU_BT_0401-Olive Drab-S,168.0,,10
twessie-eu-bt-0401,Matte Ribbed Knit High-Waist Bikini Top in Burnt Terracotta,<p>A statement piece in Matte Ribbed Knit. This bikini top combines rebellious yet refined design with impeccable craftsmanship. Available in Burnt Terracotta with Olive Drab detailing. Not loud. Not obvious. Unmistakably Twessie.</p>,Twessie,Bikini Top,"Matte Ribbed Knit bikini, minimalist luxury, high-end swimwear, independent fashion, architectural swimsuit",TRUE,Color,Olive Drab,Size,M,TWESSIE_EU_BT_0401-Olive Drab-M,168.0,,10
twessie-eu-bt-0401,Matte Ribbed Knit High-Waist Bikini Top in Burnt Terracotta,<p>A statement piece in Matte Ribbed Knit. This bikini top combines rebellious yet refined design with impeccable craftsmanship. Available in Burnt Terracotta with Olive Drab detailing. Not loud. Not obvious. Unmistakably Twessie.</p>,Twessie,Bikini Top,"Matte Ribbed Knit bikini, minimalist luxury, high-end swimwear, independent fashion, architectural swimsuit",TRUE,Color,Olive Drab,Size,L,TWESSIE_EU_BT_0401-Olive Drab-L,168.0,,10
twessie-eu-bt-0401,Matte Ribbed Knit High-Waist Bikini Top in Burnt Terracotta,<p>A statement piece in Matte Ribbed Knit. This bikini top combines rebellious yet refined design with impeccable craftsmanship. Available in Burnt Terracotta with Olive Drab detailing. Not loud. Not obvious. Unmistakably Twessie.</p>,Twessie,Bikini Top,"Matte Ribbed Knit bikini, minimalist luxury, high-end swimwear, independent fashion, architectural swimsuit",TRUE,Color,Olive Drab,Size,XL,TWESSIE_EU_BT_0401-Olive Drab-XL,168.0,,10
twessie-eu-bt-0401,Matte Ribbed Knit High-Waist Bikini Top in Burnt Terracotta,<p>A statement piece in Matte Ribbed Knit. This bikini top combines rebellious yet refined design with impeccable craftsmanship. Available in Burnt Terracotta with Olive Drab detailing. Not loud. Not obvious. Unmistakably Twessie.</p>,Twessie,Bikini Top,"Matte Ribbed Knit bikini, minimalist luxury, high-end swimwear, independent fashion, architectural swimsuit",TRUE,Color,Olive Drab,Size,XXL,TWESSIE_EU_BT_0401-Olive Drab-XXL,168.0,,10
twessie-eu-bt-0402,Crinkled Seersucker High-Waist Bikini Top in Stone Gray,<p>Crafted in premium Crinkled Seersucker with Econyl Sleek Satin accents. This bikini top epitomizes anti-fashion statement luxury. Featuring color-blocking in Stone Gray and Chalk White. Perfect for the discerning swimmer who refuses the obvious.</p>,Twessie,Bikini Top,"independent fashion, minimalist bikini top, architectural swimsuit, minimalist luxury, luxury Stone Gray swimwear",TRUE,Color,Stone Gray,Size,XS,TWESSIE_EU_BT_0402-Stone Gray-XS,168.0,,10
twessie-eu-bt-0402,Crinkled Seersucker High-Waist Bikini Top in Stone Gray,<p>Crafted in premium Crinkled Seersucker with Econyl Sleek Satin accents. This bikini top epitomizes anti-fashion statement luxury. Featuring color-blocking in Stone Gray and Chalk White. Perfect for the discerning swimmer who refuses the obvious.</p>,Twessie,Bikini Top,"independent fashion, minimalist bikini top, architectural swimsuit, minimalist luxury, luxury Stone Gray swimwear",TRUE,Color,Stone Gray,Size,S,TWESSIE_EU_BT_0402-Stone Gray-S,168.0,,10
twessie-eu-bt-0402,Crinkled Seersucker High-Waist Bikini Top in Stone Gray,<p>Crafted in premium Crinkled Seersucker with Econyl Sleek Satin accents. This bikini top epitomizes anti-fashion statement luxury. Featuring color-blocking in Stone Gray and Chalk White. Perfect for the discerning swimmer who refuses the obvious.</p>,Twessie,Bikini Top,"independent fashion, minimalist bikini top, architectural swimsuit, minimalist luxury, luxury Stone Gray swimwear",TRUE,Color,Stone Gray,Size,M,TWESSIE_EU_BT_0402-Stone Gray-M,168.0,,10
twessie-eu-bt-0402,Crinkled Seersucker High-Waist Bikini Top in Stone Gray,<p>Crafted in premium Crinkled Seersucker with Econyl Sleek Satin accents. This bikini top epitomizes anti-fashion statement luxury. Featuring color-blocking in Stone Gray and Chalk White. Perfect for the discerning swimmer who refuses the obvious.</p>,Twessie,Bikini Top,"independent fashion, minimalist bikini top, architectural swimsuit, minimalist luxury, luxury Stone Gray swimwear",TRUE,Color,Stone Gray,Size,L,TWESSIE_EU_BT_0402-Stone Gray-L,168.0,,10
twessie-eu-bt-0402,Crinkled Seersucker High-Waist Bikini Top in Stone Gray,<p>Crafted in premium Crinkled Seersucker with Econyl Sleek Satin accents. This bikini top epitomizes anti-fashion statement luxury. Featuring color-blocking in Stone Gray and Chalk White. Perfect for the discerning swimmer who refuses the obvious.</p>,Twessie,Bikini Top,"independent fashion, minimalist bikini top, architectural swimsuit, minimalist luxury, luxury Stone Gray swimwear",TRUE,Color,Stone Gray,Size,XL,TWESSIE_EU_BT_0402-Stone Gray-XL,168.0,,10
twessie-eu-bt-0402,Crinkled Seersucker High-Waist Bikini Top in Stone Gray,<p>Crafted in premium Crinkled Seersucker with Econyl Sleek Satin accents. This bikini top epitomizes anti-fashion statement luxury. Featuring color-blocking in Stone Gray and Chalk White. Perfect for the discerning swimmer who refuses the obvious.</p>,Twessie,Bikini Top,"independent fashion, minimalist bikini top, architectural swimsuit, minimalist luxury, luxury Stone Gray swimwear",TRUE,Color,Stone Gray,Size,XXL,TWESSIE_EU_BT_0402-Stone Gray-XXL,168.0,,10
twessie-eu-bt-0402,Crinkled Seersucker High-Waist Bikini Top in Stone Gray,<p>Crafted in premium Crinkled Seersucker with Econyl Sleek Satin accents. This bikini top epitomizes anti-fashion statement luxury. Featuring color-blocking in Stone Gray and Chalk White. Perfect for the discerning swimmer who refuses the obvious.</p>,Twessie,Bikini Top,"independent fashion, minimalist bikini top, architectural swimsuit, minimalist luxury, luxury Stone Gray swimwear",TRUE,Color,Chalk White,Size,XS,TWESSIE_EU_BT_0402-Chalk White-XS,168.0,,10
twessie-eu-bt-0402,Crinkled Seersucker High-Waist Bikini Top in Stone Gray,<p>Crafted in premium Crinkled Seersucker with Econyl Sleek Satin accents. This bikini top epitomizes anti-fashion statement luxury. Featuring color-blocking in Stone Gray and Chalk White. Perfect for the discerning swimmer who refuses the obvious.</p>,Twessie,Bikini Top,"independent fashion, minimalist bikini top, architectural swimsuit, minimalist luxury, luxury Stone Gray swimwear",TRUE,Color,Chalk White,Size,S,TWESSIE_EU_BT_0402-Chalk White-S,168.0,,10
twessie-eu-bt-0402,Crinkled Seersucker High-Waist Bikini Top in Stone Gray,<p>Crafted in premium Crinkled Seersucker with Econyl Sleek Satin accents. This bikini top epitomizes anti-fashion statement luxury. Featuring color-blocking in Stone Gray and Chalk White. Perfect for the discerning swimmer who refuses the obvious.</p>,Twessie,Bikini Top,"independent fashion, minimalist bikini top, architectural swimsuit, minimalist luxury, luxury Stone Gray swimwear",TRUE,Color,Chalk White,Size,M,TWESSIE_EU_BT_0402-Chalk White-M,168.0,,10
twessie-eu-bt-0402,Crinkled Seersucker High-Waist Bikini Top in Stone Gray,<p>Crafted in premium Crinkled Seersucker with Econyl Sleek Satin accents. This bikini top epitomizes anti-fashion statement luxury. Featuring color-blocking in Stone Gray and Chalk White. Perfect for the discerning swimmer who refuses the obvious.</p>,Twessie,Bikini Top,"independent fashion, minimalist bikini top, architectural swimsuit, minimalist luxury, luxury Stone Gray swimwear",TRUE,Color,Chalk White,Size,L,TWESSIE_EU_BT_0402-Chalk White-L,168.0,,10
twessie-eu-bt-0402,Crinkled Seersucker High-Waist Bikini Top in Stone Gray,<p>Crafted in premium Crinkled Seersucker with Econyl Sleek Satin accents. This bikini top epitomizes anti-fashion statement luxury. Featuring color-blocking in Stone Gray and Chalk White. Perfect for the discerning swimmer who refuses the obvious.</p>,Twessie,Bikini Top,"independent fashion, minimalist bikini top, architectural swimsuit, minimalist luxury, luxury Stone Gray swimwear",TRUE,Color,Chalk White,Size,XL,TWESSIE_EU_BT_0402-Chalk White-XL,168.0,,10
twessie-eu-bt-0402,Crinkled Seersucker High-Waist Bikini Top in Stone Gray,<p>Crafted in premium Crinkled Seersucker with Econyl Sleek Satin accents. This bikini top epitomizes anti-fashion statement luxury. Featuring color-blocking in Stone Gray and Chalk White. Perfect for the discerning swimmer who refuses the obvious.</p>,Twessie,Bikini Top,"independent fashion, minimalist bikini top, architectural swimsuit, minimalist luxury, luxury Stone Gray swimwear",TRUE,Color,Chalk White,Size,XXL,TWESSIE_EU_BT_0402-Chalk White-XXL,168.0,,10
twessie-sg-bt-0403,Crinkled Seersucker High-Waist Bikini Top in Chalk White,<p>A statement piece in Crinkled Seersucker. This bikini top combines anti-fashion statement design with impeccable craftsmanship. Available in Chalk White with Stone Gray detailing. Not loud. Not obvious. Unmistakably Twessie.</p>,Twessie,Bikini Top,"high-end swimwear, minimalist luxury, independent fashion, luxury Chalk White swimwear, architectural swimsuit",TRUE,Color,Chalk White,Size,XS,TWESSIE_SG_BT_0403-Chalk White-XS,168.0,,10
twessie-sg-bt-0403,Crinkled Seersucker High-Waist Bikini Top in Chalk White,<p>A statement piece in Crinkled Seersucker. This bikini top combines anti-fashion statement design with impeccable craftsmanship. Available in Chalk White with Stone Gray detailing. Not loud. Not obvious. Unmistakably Twessie.</p>,Twessie,Bikini Top,"high-end swimwear, minimalist luxury, independent fashion, luxury Chalk White swimwear, architectural swimsuit",TRUE,Color,Chalk White,Size,S,TWESSIE_SG_BT_0403-Chalk White-S,168.0,,10
twessie-sg-bt-0403,Crinkled Seersucker High-Waist Bikini Top in Chalk White,<p>A statement piece in Crinkled Seersucker. This bikini top combines anti-fashion statement design with impeccable craftsmanship. Available in Chalk White with Stone Gray detailing. Not loud. Not obvious. Unmistakably Twessie.</p>,Twessie,Bikini Top,"high-end swimwear, minimalist luxury, independent fashion, luxury Chalk White swimwear, architectural swimsuit",TRUE,Color,Chalk White,Size,M,TWESSIE_SG_BT_0403-Chalk White-M,168.0,,10
twessie-sg-bt-0403,Crinkled Seersucker High-Waist Bikini Top in Chalk White,<p>A statement piece in Crinkled Seersucker. This bikini top combines anti-fashion statement design with impeccable craftsmanship. Available in Chalk White with Stone Gray detailing. Not loud. Not obvious. Unmistakably Twessie.</p>,Twessie,Bikini Top,"high-end swimwear, minimalist luxury, independent fashion, luxury Chalk White swimwear, architectural swimsuit",TRUE,Color,Chalk White,Size,L,TWESSIE_SG_BT_0403-Chalk White-L,168.0,,10
twessie-sg-bt-0403,Crinkled Seersucker High-Waist Bikini Top in Chalk White,<p>A statement piece in Crinkled Seersucker. This bikini top combines anti-fashion statement design with impeccable craftsmanship. Available in Chalk White with Stone Gray detailing. Not loud. Not obvious. Unmistakably Twessie.</p>,Twessie,Bikini Top,"high-end swimwear, minimalist luxury, independent fashion, luxury Chalk White swimwear, architectural swimsuit",TRUE,Color,Chalk White,Size,XL,TWESSIE_SG_BT_0403-Chalk White-XL,168.0,,10
twessie-sg-bt-0403,Crinkled Seersucker High-Waist Bikini Top in Chalk White,<p>A statement piece in Crinkled Seersucker. This bikini top combines anti-fashion statement design with impeccable craftsmanship. Available in Chalk White with Stone Gray detailing. Not loud. Not obvious. Unmistakably Twessie.</p>,Twessie,Bikini Top,"high-end swimwear, minimalist luxury, independent fashion, luxury Chalk White swimwear, architectural swimsuit",TRUE,Color,Chalk White,Size,XXL,TWESSIE_SG_BT_0403-Chalk White-XXL,168.0,,10
twessie-sg-bt-0403,Crinkled Seersucker High-Waist Bikini Top in Chalk White,<p>A statement piece in Crinkled Seersucker. This bikini top combines anti-fashion statement design with impeccable craftsmanship. Available in Chalk White with Stone Gray detailing. Not loud. Not obvious. Unmistakably Twessie.</p>,Twessie,Bikini Top,"high-end swimwear, minimalist luxury, independent fashion, luxury Chalk White swimwear, architectural swimsuit",TRUE,Color,Stone Gray,Size,XS,TWESSIE_SG_BT_0403-Stone Gray-XS,168.0,,10
twessie-sg-bt-0403,Crinkled Seersucker High-Waist Bikini Top in Chalk White,<p>A statement piece in Crinkled Seersucker. This bikini top combines anti-fashion statement design with impeccable craftsmanship. Available in Chalk White with Stone Gray detailing. Not loud. Not obvious. Unmistakably Twessie.</p>,Twessie,Bikini Top,"high-end swimwear, minimalist luxury, independent fashion, luxury Chalk White swimwear, architectural swimsuit",TRUE,Color,Stone Gray,Size,S,TWESSIE_SG_BT_0403-Stone Gray-S,168.0,,10
twessie-sg-bt-0403,Crinkled Seersucker High-Waist Bikini Top in Chalk White,<p>A statement piece in Crinkled Seersucker. This bikini top combines anti-fashion statement design with impeccable craftsmanship. Available in Chalk White with Stone Gray detailing. Not loud. Not obvious. Unmistakably Twessie.</p>,Twessie,Bikini Top,"high-end swimwear, minimalist luxury, independent fashion, luxury Chalk White swimwear, architectural swimsuit",TRUE,Color,Stone Gray,Size,M,TWESSIE_SG_BT_0403-Stone Gray-M,168.0,,10
twessie-sg-bt-0403,Crinkled Seersucker High-Waist Bikini Top in Chalk White,<p>A statement piece in Crinkled Seersucker. This bikini top combines anti-fashion statement design with impeccable craftsmanship. Available in Chalk White with Stone Gray detailing. Not loud. Not obvious. Unmistakably Twessie.</p>,Twessie,Bikini Top,"high-end swimwear, minimalist luxury, independent fashion, luxury Chalk White swimwear, architectural swimsuit",TRUE,Color,Stone Gray,Size,L,TWESSIE_SG_BT_0403-Stone Gray-L,168.0,,10
twessie-sg-bt-0403,Crinkled Seersucker High-Waist Bikini Top in Chalk White,<p>A statement piece in Crinkled Seersucker. This bikini top combines anti-fashion statement design with impeccable craftsmanship. Available in Chalk White with Stone Gray detailing. Not loud. Not obvious. Unmistakably Twessie.</p>,Twessie,Bikini Top,"high-end swimwear, minimalist luxury, independent fashion, luxury Chalk White swimwear, architectural swimsuit",TRUE,Color,Stone Gray,Size,XL,TWESSIE_SG_BT_0403-Stone Gray-XL,168.0,,10
twessie-sg-bt-0403,Crinkled Seersucker High-Waist Bikini Top in Chalk White,<p>A statement piece in Crinkled Seersucker. This bikini top combines anti-fashion statement design with impeccable craftsmanship. Available in Chalk White with Stone Gray detailing. Not loud. Not obvious. Unmistakably Twessie.</p>,Twessie,Bikini Top,"high-end swimwear, minimalist luxury, independent fashion, luxury Chalk White swimwear, architectural swimsuit",TRUE,Color,Stone Gray,Size,XXL,TWESSIE_SG_BT_0403-Stone Gray-XXL,168.0,,10
twessie-eu-bb-0404,High-Cut Obsidian Black Bikini Brief,<p>A statement piece in Econyl Sleek Satin. This bikini bottom combines anti-fashion statement design with impeccable craftsmanship. Available in Obsidian Black with Chalk White detailing. Not loud. Not obvious. Unmistakably Twessie.</p>,Twessie,Bikini Bottom,"minimalist luxury, high-end swimwear, luxury Obsidian Black swimwear, minimalist bikini bottom, architectural swimsuit",TRUE,Color,Obsidian Black,Size,XS,TWESSIE_EU_BB_0404-Obsidian Black-XS,168.0,,10
twessie-eu-bb-0404,High-Cut Obsidian Black Bikini Brief,<p>A statement piece in Econyl Sleek Satin. This bikini bottom combines anti-fashion statement design with impeccable craftsmanship. Available in Obsidian Black with Chalk White detailing. Not loud. Not obvious. Unmistakably Twessie.</p>,Twessie,Bikini Bottom,"minimalist luxury, high-end swimwear, luxury Obsidian Black swimwear, minimalist bikini bottom, architectural swimsuit",TRUE,Color,Obsidian Black,Size,S,TWESSIE_EU_BB_0404-Obsidian Black-S,168.0,,10
twessie-eu-bb-0404,High-Cut Obsidian Black Bikini Brief,<p>A statement piece in Econyl Sleek Satin. This bikini bottom combines anti-fashion statement design with impeccable craftsmanship. Available in Obsidian Black with Chalk White detailing. Not loud. Not obvious. Unmistakably Twessie.</p>,Twessie,Bikini Bottom,"minimalist luxury, high-end swimwear, luxury Obsidian Black swimwear, minimalist bikini bottom, architectural swimsuit",TRUE,Color,Obsidian Black,Size,M,TWESSIE_EU_BB_0404-Obsidian Black-M,168.0,,10
twessie-eu-bb-0404,High-Cut Obsidian Black Bikini Brief,<p>A statement piece in Econyl Sleek Satin. This bikini bottom combines anti-fashion statement design with impeccable craftsmanship. Available in Obsidian Black with Chalk White detailing. Not loud. Not obvious. Unmistakably Twessie.</p>,Twessie,Bikini Bottom,"minimalist luxury, high-end swimwear, luxury Obsidian Black swimwear, minimalist bikini bottom, architectural swimsuit",TRUE,Color,Obsidian Black,Size,L,TWESSIE_EU_BB_0404-Obsidian Black-L,168.0,,10
twessie-eu-bb-0404,High-Cut Obsidian Black Bikini Brief,<p>A statement piece in Econyl Sleek Satin. This bikini bottom combines anti-fashion statement design with impeccable craftsmanship. Available in Obsidian Black with Chalk White detailing. Not loud. Not obvious. Unmistakably Twessie.</p>,Twessie,Bikini Bottom,"minimalist luxury, high-end swimwear, luxury Obsidian Black swimwear, minimalist bikini bottom, architectural swimsuit",TRUE,Color,Obsidian Black,Size,XL,TWESSIE_EU_BB_0404-Obsidian Black-XL,168.0,,10
twessie-eu-bb-0404,High-Cut Obsidian Black Bikini Brief,<p>A statement piece in Econyl Sleek Satin. This bikini bottom combines anti-fashion statement design with impeccable craftsmanship. Available in Obsidian Black with Chalk White detailing. Not loud. Not obvious. Unmistakably Twessie.</p>,Twessie,Bikini Bottom,"minimalist luxury, high-end swimwear, luxury Obsidian Black swimwear, minimalist bikini bottom, architectural swimsuit",TRUE,Color,Obsidian Black,Size,XXL,TWESSIE_EU_BB_0404-Obsidian Black-XXL,168.0,,10
twessie-eu-bb-0404,High-Cut Obsidian Black Bikini Brief,<p>A statement piece in Econyl Sleek Satin. This bikini bottom combines anti-fashion statement design with impeccable craftsmanship. Available in Obsidian Black with Chalk White detailing. Not loud. Not obvious. Unmistakably Twessie.</p>,Twessie,Bikini Bottom,"minimalist luxury, high-end swimwear, luxury Obsidian Black swimwear, minimalist bikini bottom, architectural swimsuit",TRUE,Color,Chalk White,Size,XS,TWESSIE_EU_BB_0404-Chalk White-XS,168.0,,10
twessie-eu-bb-0404,High-Cut Obsidian Black Bikini Brief,<p>A statement piece in Econyl Sleek Satin. This bikini bottom combines anti-fashion statement design with impeccable craftsmanship. Available in Obsidian Black with Chalk White detailing. Not loud. Not obvious. Unmistakably Twessie.</p>,Twessie,Bikini Bottom,"minimalist luxury, high-end swimwear, luxury Obsidian Black swimwear, minimalist bikini bottom, architectural swimsuit",TRUE,Color,Chalk White,Size,S,TWESSIE_EU_BB_0404-Chalk White-S,168.0,,10
twessie-eu-bb-0404,High-Cut Obsidian Black Bikini Brief,<p>A statement piece in Econyl Sleek Satin. This bikini bottom combines anti-fashion statement design with impeccable craftsmanship. Available in Obsidian Black with Chalk White detailing. Not loud. Not obvious. Unmistakably Twessie.</p>,Twessie,Bikini Bottom,"minimalist luxury, high-end swimwear, luxury Obsidian Black swimwear, minimalist bikini bottom, architectural swimsuit",TRUE,Color,Chalk White,Size,M,TWESSIE_EU_BB_0404-Chalk White-M,168.0,,10
twessie-eu-bb-0404,High-Cut Obsidian Black Bikini Brief,<p>A statement piece in Econyl Sleek Satin. This bikini bottom combines anti-fashion statement design with impeccable craftsmanship. Available in Obsidian Black with Chalk White detailing. Not loud. Not obvious. Unmistakably Twessie.</p>,Twessie,Bikini Bottom,"minimalist luxury, high-end swimwear, luxury Obsidian Black swimwear, minimalist bikini bottom, architectural swimsuit",TRUE,Color,Chalk White,Size,L,TWESSIE_EU_BB_0404-Chalk White-L,168.0,,10
twessie-eu-bb-0404,High-Cut Obsidian Black Bikini Brief,<p>A statement piece in Econyl Sleek Satin. This bikini bottom combines anti-fashion statement design with impeccable craftsmanship. Available in Obsidian Black with Chalk White detailing. Not loud. Not obvious. Unmistakably Twessie.</p>,Twessie,Bikini Bottom,"minimalist luxury, high-end swimwear, luxury Obsidian Black swimwear, minimalist bikini bottom, architectural swimsuit",TRUE,Color,Chalk White,Size,XL,TWESSIE_EU_BB_0404-Chalk White-XL,168.0,,10
twessie-eu-bb-0404,High-Cut Obsidian Black Bikini Brief,<p>A statement piece in Econyl Sleek Satin. This bikini bottom combines anti-fashion statement design with impeccable craftsmanship. Available in Obsidian Black with Chalk White detailing. Not loud. Not obvious. Unmistakably Twessie.</p>,Twessie,Bikini Bottom,"minimalist luxury, high-end swimwear, luxury Obsidian Black swimwear, minimalist bikini bottom, architectural swimsuit",TRUE,Color,Chalk White,Size,XXL,TWESSIE_EU_BB_0404-Chalk White-XXL,168.0,,10
twessie-na-bb-0405,Structural Matte Ribbed Knit Bikini Bottom,<p>A statement piece in Matte Ribbed Knit. This bikini bottom combines intelligent aesthetic design with impeccable craftsmanship. Available in Burnt Terracotta with Olive Drab detailing. Not loud. Not obvious. Unmistakably Twessie.</p>,Twessie,Bikini Bottom,"high-end swimwear, minimalist bikini bottom, luxury Burnt Terracotta swimwear, Matte Ribbed Knit bikini, minimalist luxury",TRUE,Color,Burnt Terracotta,Size,XS,TWESSIE_NA_BB_0405-Burnt Terracotta-XS,168.0,,10
twessie-na-bb-0405,Structural Matte Ribbed Knit Bikini Bottom,<p>A statement piece in Matte Ribbed Knit. This bikini bottom combines intelligent aesthetic design with impeccable craftsmanship. Available in Burnt Terracotta with Olive Drab detailing. Not loud. Not obvious. Unmistakably Twessie.</p>,Twessie,Bikini Bottom,"high-end swimwear, minimalist bikini bottom, luxury Burnt Terracotta swimwear, Matte Ribbed Knit bikini, minimalist luxury",TRUE,Color,Burnt Terracotta,Size,S,TWESSIE_NA_BB_0405-Burnt Terracotta-S,168.0,,10
twessie-na-bb-0405,Structural Matte Ribbed Knit Bikini Bottom,<p>A statement piece in Matte Ribbed Knit. This bikini bottom combines intelligent aesthetic design with impeccable craftsmanship. Available in Burnt Terracotta with Olive Drab detailing. Not loud. Not obvious. Unmistakably Twessie.</p>,Twessie,Bikini Bottom,"high-end swimwear, minimalist bikini bottom, luxury Burnt Terracotta swimwear, Matte Ribbed Knit bikini, minimalist luxury",TRUE,Color,Burnt Terracotta,Size,M,TWESSIE_NA_BB_0405-Burnt Terracotta-M,168.0,,10
twessie-na-bb-0405,Structural Matte Ribbed Knit Bikini Bottom,<p>A statement piece in Matte Ribbed Knit. This bikini bottom combines intelligent aesthetic design with impeccable craftsmanship. Available in Burnt Terracotta with Olive Drab detailing. Not loud. Not obvious. Unmistakably Twessie.</p>,Twessie,Bikini Bottom,"high-end swimwear, minimalist bikini bottom, luxury Burnt Terracotta swimwear, Matte Ribbed Knit bikini, minimalist luxury",TRUE,Color,Burnt Terracotta,Size,L,TWESSIE_NA_BB_0405-Burnt Terracotta-L,168.0,,10
twessie-na-bb-0405,Structural Matte Ribbed Knit Bikini Bottom,<p>A statement piece in Matte Ribbed Knit. This bikini bottom combines intelligent aesthetic design with impeccable craftsmanship. Available in Burnt Terracotta with Olive Drab detailing. Not loud. Not obvious. Unmistakably Twessie.</p>,Twessie,Bikini Bottom,"high-end swimwear, minimalist bikini bottom, luxury Burnt Terracotta swimwear, Matte Ribbed Knit bikini, minimalist luxury",TRUE,Color,Burnt Terracotta,Size,XL,TWESSIE_NA_BB_0405-Burnt Terracotta-XL,168.0,,10
twessie-na-bb-0405,Structural Matte Ribbed Knit Bikini Bottom,<p>A statement piece in Matte Ribbed Knit. This bikini bottom combines intelligent aesthetic design with impeccable craftsmanship. Available in Burnt Terracotta with Olive Drab detailing. Not loud. Not obvious. Unmistakably Twessie.</p>,Twessie,Bikini Bottom,"high-end swimwear, minimalist bikini bottom, luxury Burnt Terracotta swimwear, Matte Ribbed Knit bikini, minimalist luxury",TRUE,Color,Burnt Terracotta,Size,XXL,TWESSIE_NA_BB_0405-Burnt Terracotta-XXL,168.0,,10
twessie-na-bb-0405,Structural Matte Ribbed Knit Bikini Bottom,<p>A statement piece in Matte Ribbed Knit. This bikini bottom combines intelligent aesthetic design with impeccable craftsmanship. Available in Burnt Terracotta with Olive Drab detailing. Not loud. Not obvious. Unmistakably Twessie.</p>,Twessie,Bikini Bottom,"high-end swimwear, minimalist bikini bottom, luxury Burnt Terracotta swimwear, Matte Ribbed Knit bikini, minimalist luxury",TRUE,Color,Olive Drab,Size,XS,TWESSIE_NA_BB_0405-Olive Drab-XS,168.0,,10
twessie-na-bb-0405,Structural Matte Ribbed Knit Bikini Bottom,<p>A statement piece in Matte Ribbed Knit. This bikini bottom combines intelligent aesthetic design with impeccable craftsmanship. Available in Burnt Terracotta with Olive Drab detailing. Not loud. Not obvious. Unmistakably Twessie.</p>,Twessie,Bikini Bottom,"high-end swimwear, minimalist bikini bottom, luxury Burnt Terracotta swimwear, Matte Ribbed Knit bikini, minimalist luxury",TRUE,Color,Olive Drab,Size,S,TWESSIE_NA_BB_0405-Olive Drab-S,168.0,,10
twessie-na-bb-0405,Structural Matte Ribbed Knit Bikini Bottom,<p>A statement piece in Matte Ribbed Knit. This bikini bottom combines intelligent aesthetic design with impeccable craftsmanship. Available in Burnt Terracotta with Olive Drab detailing. Not loud. Not obvious. Unmistakably Twessie.</p>,Twessie,Bikini Bottom,"high-end swimwear, minimalist bikini bottom, luxury Burnt Terracotta swimwear, Matte Ribbed Knit bikini, minimalist luxury",TRUE,Color,Olive Drab,Size,M,TWESSIE_NA_BB_0405-Olive Drab-M,168.0,,10
twessie-na-bb-0405,Structural Matte Ribbed Knit Bikini Bottom,<p>A statement piece in Matte Ribbed Knit. This bikini bottom combines intelligent aesthetic design with impeccable craftsmanship. Available in Burnt Terracotta with Olive Drab detailing. Not loud. Not obvious. Unmistakably Twessie.</p>,Twessie,Bikini Bottom,"high-end swimwear, minimalist bikini bottom, luxury Burnt Terracotta swimwear, Matte Ribbed Knit bikini, minimalist luxury",TRUE,Color,Olive Drab,Size,L,TWESSIE_NA_BB_0405-Olive Drab-L,168.0,,10
twessie-na-bb-0405,Structural Matte Ribbed Knit Bikini Bottom,<p>A statement piece in Matte Ribbed Knit. This bikini bottom combines intelligent aesthetic design with impeccable craftsmanship. Available in Burnt Terracotta with Olive Drab detailing. Not loud. Not obvious. Unmistakably Twessie.</p>,Twessie,Bikini Bottom,"high-end swimwear, minimalist bikini bottom, luxury Burnt Terracotta swimwear, Matte Ribbed Knit bikini, minimalist luxury",TRUE,Color,Olive Drab,Size,XL,TWESSIE_NA_BB_0405-Olive Drab-XL,168.0,,10
twessie-na-bb-0405,Structural Matte Ribbed Knit Bikini Bottom,<p>A statement piece in Matte Ribbed Knit. This bikini bottom combines intelligent aesthetic design with impeccable craftsmanship. Available in Burnt Terracotta with Olive Drab detailing. Not loud. Not obvious. Unmistakably Twessie.</p>,Twessie,Bikini Bottom,"high-end swimwear, minimalist bikini bottom, luxury Burnt Terracotta swimwear, Matte Ribbed Knit bikini, minimalist luxury",TRUE,Color,Olive Drab,Size,XXL,TWESSIE_NA_BB_0405-Olive Drab-XXL,168.0,,10
twessie-eu-bb-0406,High-Cut Obsidian Black Bikini Brief,<p>A statement piece in Econyl Sleek Satin. This bikini bottom combines rebellious yet refined design with impeccable craftsmanship. Available in Obsidian Black with Stone Gray detailing. Not loud. Not obvious. Unmistakably Twessie.</p>,Twessie,Bikini Bottom,"luxury Obsidian Black swimwear, architectural swimsuit, high-end swimwear, minimalist luxury, minimalist bikini bottom",TRUE,Color,Obsidian Black,Size,XS,TWESSIE_EU_BB_0406-Obsidian Black-XS,168.0,,10
twessie-eu-bb-0406,High-Cut Obsidian Black Bikini Brief,<p>A statement piece in Econyl Sleek Satin. This bikini bottom combines rebellious yet refined design with impeccable craftsmanship. Available in Obsidian Black with Stone Gray detailing. Not loud. Not obvious. Unmistakably Twessie.</p>,Twessie,Bikini Bottom,"luxury Obsidian Black swimwear, architectural swimsuit, high-end swimwear, minimalist luxury, minimalist bikini bottom",TRUE,Color,Obsidian Black,Size,S,TWESSIE_EU_BB_0406-Obsidian Black-S,168.0,,10
twessie-eu-bb-0406,High-Cut Obsidian Black Bikini Brief,<p>A statement piece in Econyl Sleek Satin. This bikini bottom combines rebellious yet refined design with impeccable craftsmanship. Available in Obsidian Black with Stone Gray detailing. Not loud. Not obvious. Unmistakably Twessie.</p>,Twessie,Bikini Bottom,"luxury Obsidian Black swimwear, architectural swimsuit, high-end swimwear, minimalist luxury, minimalist bikini bottom",TRUE,Color,Obsidian Black,Size,M,TWESSIE_EU_BB_0406-Obsidian Black-M,168.0,,10
twessie-eu-bb-0406,High-Cut Obsidian Black Bikini Brief,<p>A statement piece in Econyl Sleek Satin. This bikini bottom combines rebellious yet refined design with impeccable craftsmanship. Available in Obsidian Black with Stone Gray detailing. Not loud. Not obvious. Unmistakably Twessie.</p>,Twessie,Bikini Bottom,"luxury Obsidian Black swimwear, architectural swimsuit, high-end swimwear, minimalist luxury, minimalist bikini bottom",TRUE,Color,Obsidian Black,Size,L,TWESSIE_EU_BB_0406-Obsidian Black-L,168.0,,10
twessie-eu-bb-0406,High-Cut Obsidian Black Bikini Brief,<p>A statement piece in Econyl Sleek Satin. This bikini bottom combines rebellious yet refined design with impeccable craftsmanship. Available in Obsidian Black with Stone Gray detailing. Not loud. Not obvious. Unmistakably Twessie.</p>,Twessie,Bikini Bottom,"luxury Obsidian Black swimwear, architectural swimsuit, high-end swimwear, minimalist luxury, minimalist bikini bottom",TRUE,Color,Obsidian Black,Size,XL,TWESSIE_EU_BB_0406-Obsidian Black-XL,168.0,,10
twessie-eu-bb-0406,High-Cut Obsidian Black Bikini Brief,<p>A statement piece in Econyl Sleek Satin. This bikini bottom combines rebellious yet refined design with impeccable craftsmanship. Available in Obsidian Black with Stone Gray detailing. Not loud. Not obvious. Unmistakably Twessie.</p>,Twessie,Bikini Bottom,"luxury Obsidian Black swimwear, architectural swimsuit, high-end swimwear, minimalist luxury, minimalist bikini bottom",TRUE,Color,Obsidian Black,Size,XXL,TWESSIE_EU_BB_0406-Obsidian Black-XXL,168.0,,10
twessie-eu-bb-0406,High-Cut Obsidian Black Bikini Brief,<p>A statement piece in Econyl Sleek Satin. This bikini bottom combines rebellious yet refined design with impeccable craftsmanship. Available in Obsidian Black with Stone Gray detailing. Not loud. Not obvious. Unmistakably Twessie.</p>,Twessie,Bikini Bottom,"luxury Obsidian Black swimwear, architectural swimsuit, high-end swimwear, minimalist luxury, minimalist bikini bottom",TRUE,Color,Stone Gray,Size,XS,TWESSIE_EU_BB_0406-Stone Gray-XS,168.0,,10
twessie-eu-bb-0406,High-Cut Obsidian Black Bikini Brief,<p>A statement piece in Econyl Sleek Satin. This bikini bottom combines rebellious yet refined design with impeccable craftsmanship. Available in Obsidian Black with Stone Gray detailing. Not loud. Not obvious. Unmistakably Twessie.</p>,Twessie,Bikini Bottom,"luxury Obsidian Black swimwear, architectural swimsuit, high-end swimwear, minimalist luxury, minimalist bikini bottom",TRUE,Color,Stone Gray,Size,S,TWESSIE_EU_BB_0406-Stone Gray-S,168.0,,10
twessie-eu-bb-0406,High-Cut Obsidian Black Bikini Brief,<p>A statement piece in Econyl Sleek Satin. This bikini bottom combines rebellious yet refined design with impeccable craftsmanship. Available in Obsidian Black with Stone Gray detailing. Not loud. Not obvious. Unmistakably Twessie.</p>,Twessie,Bikini Bottom,"luxury Obsidian Black swimwear, architectural swimsuit, high-end swimwear, minimalist luxury, minimalist bikini bottom",TRUE,Color,Stone Gray,Size,M,TWESSIE_EU_BB_0406-Stone Gray-M,168.0,,10
twessie-eu-bb-0406,High-Cut Obsidian Black Bikini Brief,<p>A statement piece in Econyl Sleek Satin. This bikini bottom combines rebellious yet refined design with impeccable craftsmanship. Available in Obsidian Black with Stone Gray detailing. Not loud. Not obvious. Unmistakably Twessie.</p>,Twessie,Bikini Bottom,"luxury Obsidian Black swimwear, architectural swimsuit, high-end swimwear, minimalist luxury, minimalist bikini bottom",TRUE,Color,Stone Gray,Size,L,TWESSIE_EU_BB_0406-Stone Gray-L,168.0,,10
twessie-eu-bb-0406,High-Cut Obsidian Black Bikini Brief,<p>A statement piece in Econyl Sleek Satin. This bikini bottom combines rebellious yet refined design with impeccable craftsmanship. Available in Obsidian Black with Stone Gray detailing. Not loud. Not obvious. Unmistakably Twessie.</p>,Twessie,Bikini Bottom,"luxury Obsidian Black swimwear, architectural swimsuit, high-end swimwear, minimalist luxury, minimalist bikini bottom",TRUE,Color,Stone Gray,Size,XL,TWESSIE_EU_BB_0406-Stone Gray-XL,168.0,,10
twessie-eu-bb-0406,High-Cut Obsidian Black Bikini Brief,<p>A statement piece in Econyl Sleek Satin. This bikini bottom combines rebellious yet refined design with impeccable craftsmanship. Available in Obsidian Black with Stone Gray detailing. Not loud. Not obvious. Unmistakably Twessie.</p>,Twessie,Bikini Bottom,"luxury Obsidian Black swimwear, architectural swimsuit, high-end swimwear, minimalist luxury, minimalist bikini bottom",TRUE,Color,Stone Gray,Size,XXL,TWESSIE_EU_BB_0406-Stone Gray-XXL,168.0,,10
twessie-na-op-0407,Minimalist Crinkled Seersucker One-Piece,"<p>Crinkled Seersucker construction meets architectural precision in this one-piece. Designed for the intelligent, independent woman. The Chalk White colorway with Stone Gray accents creates a sophisticated palette. Pure rebellious yet refined elegance.</p>",Twessie,One-Piece,"luxury Chalk White swimwear, independent fashion, high-end swimwear, minimalist luxury, minimalist one-piece",TRUE,Color,Chalk White,Size,XS,TWESSIE_NA_OP_0407-Chalk White-XS,168.0,,10
twessie-na-op-0407,Minimalist Crinkled Seersucker One-Piece,"<p>Crinkled Seersucker construction meets architectural precision in this one-piece. Designed for the intelligent, independent woman. The Chalk White colorway with Stone Gray accents creates a sophisticated palette. Pure rebellious yet refined elegance.</p>",Twessie,One-Piece,"luxury Chalk White swimwear, independent fashion, high-end swimwear, minimalist luxury, minimalist one-piece",TRUE,Color,Chalk White,Size,S,TWESSIE_NA_OP_0407-Chalk White-S,168.0,,10
twessie-na-op-0407,Minimalist Crinkled Seersucker One-Piece,"<p>Crinkled Seersucker construction meets architectural precision in this one-piece. Designed for the intelligent, independent woman. The Chalk White colorway with Stone Gray accents creates a sophisticated palette. Pure rebellious yet refined elegance.</p>",Twessie,One-Piece,"luxury Chalk White swimwear, independent fashion, high-end swimwear, minimalist luxury, minimalist one-piece",TRUE,Color,Chalk White,Size,M,TWESSIE_NA_OP_0407-Chalk White-M,168.0,,10
twessie-na-op-0407,Minimalist Crinkled Seersucker One-Piece,"<p>Crinkled Seersucker construction meets architectural precision in this one-piece. Designed for the intelligent, independent woman. The Chalk White colorway with Stone Gray accents creates a sophisticated palette. Pure rebellious yet refined elegance.</p>",Twessie,One-Piece,"luxury Chalk White swimwear, independent fashion, high-end swimwear, minimalist luxury, minimalist one-piece",TRUE,Color,Chalk White,Size,L,TWESSIE_NA_OP_0407-Chalk White-L,168.0,,10
twessie-na-op-0407,Minimalist Crinkled Seersucker One-Piece,"<p>Crinkled Seersucker construction meets architectural precision in this one-piece. Designed for the intelligent, independent woman. The Chalk White colorway with Stone Gray accents creates a sophisticated palette. Pure rebellious yet refined elegance.</p>",Twessie,One-Piece,"luxury Chalk White swimwear, independent fashion, high-end swimwear, minimalist luxury, minimalist one-piece",TRUE,Color,Chalk White,Size,XL,TWESSIE_NA_OP_0407-Chalk White-XL,168.0,,10
twessie-na-op-0407,Minimalist Crinkled Seersucker One-Piece,"<p>Crinkled Seersucker construction meets architectural precision in this one-piece. Designed for the intelligent, independent woman. The Chalk White colorway with Stone Gray accents creates a sophisticated palette. Pure rebellious yet refined elegance.</p>",Twessie,One-Piece,"luxury Chalk White swimwear, independent fashion, high-end swimwear, minimalist luxury, minimalist one-piece",TRUE,Color,Chalk White,Size,XXL,TWESSIE_NA_OP_0407-Chalk White-XXL,168.0,,10
twessie-na-op-0407,Minimalist Crinkled Seersucker One-Piece,"<p>Crinkled Seersucker construction meets architectural precision in this one-piece. Designed for the intelligent, independent woman. The Chalk White colorway with Stone Gray accents creates a sophisticated palette. Pure rebellious yet refined elegance.</p>",Twessie,One-Piece,"luxury Chalk White swimwear, independent fashion, high-end swimwear, minimalist luxury, minimalist one-piece",TRUE,Color,Stone Gray,Size,XS,TWESSIE_NA_OP_0407-Stone Gray-XS,168.0,,10
twessie-na-op-0407,Minimalist Crinkled Seersucker One-Piece,"<p>Crinkled Seersucker construction meets architectural precision in this one-piece. Designed for the intelligent, independent woman. The Chalk White colorway with Stone Gray accents creates a sophisticated palette. Pure rebellious yet refined elegance.</p>",Twessie,One-Piece,"luxury Chalk White swimwear, independent fashion, high-end swimwear, minimalist luxury, minimalist one-piece",TRUE,Color,Stone Gray,Size,S,TWESSIE_NA_OP_0407-Stone Gray-S,168.0,,10
twessie-na-op-0407,Minimalist Crinkled Seersucker One-Piece,"<p>Crinkled Seersucker construction meets architectural precision in this one-piece. Designed for the intelligent, independent woman. The Chalk White colorway with Stone Gray accents creates a sophisticated palette. Pure rebellious yet refined elegance.</p>",Twessie,One-Piece,"luxury Chalk White swimwear, independent fashion, high-end swimwear, minimalist luxury, minimalist one-piece",TRUE,Color,Stone Gray,Size,M,TWESSIE_NA_OP_0407-Stone Gray-M,168.0,,10
twessie-na-op-0407,Minimalist Crinkled Seersucker One-Piece,"<p>Crinkled Seersucker construction meets architectural precision in this one-piece. Designed for the intelligent, independent woman. The Chalk White colorway with Stone Gray accents creates a sophisticated palette. Pure rebellious yet refined elegance.</p>",Twessie,One-Piece,"luxury Chalk White swimwear, independent fashion, high-end swimwear, minimalist luxury, minimalist one-piece",TRUE,Color,Stone Gray,Size,L,TWESSIE_NA_OP_0407-Stone Gray-L,168.0,,10
twessie-na-op-0407,Minimalist Crinkled Seersucker One-Piece,"<p>Crinkled Seersucker construction meets architectural precision in this one-piece. Designed for the intelligent, independent woman. The Chalk White colorway with Stone Gray accents creates a sophisticated palette. Pure rebellious yet refined elegance.</p>",Twessie,One-Piece,"luxury Chalk White swimwear, independent fashion, high-end swimwear, minimalist luxury, minimalist one-piece",TRUE,Color,Stone Gray,Size,XL,TWESSIE_NA_OP_0407-Stone Gray-XL,168.0,,10
twessie-na-op-0407,Minimalist Crinkled Seersucker One-Piece,"<p>Crinkled Seersucker construction meets architectural precision in this one-piece. Designed for the intelligent, independent woman. The Chalk White colorway with Stone Gray accents creates a sophisticated palette. Pure rebellious yet refined elegance.</p>",Twessie,One-Piece,"luxury Chalk White swimwear, independent fashion, high-end swimwear, minimalist luxury, minimalist one-piece",TRUE,Color,Stone Gray,Size,XXL,TWESSIE_NA_OP_0407-Stone Gray-XXL,168.0,,10
twessie-eu-bt-0408,Burnt Terracotta Sculptural Matte Ribbed Knit Bikini Top,<p>Crafted in premium Matte Ribbed Knit with Crinkled Seersucker accents. This bikini top epitomizes intelligent aesthetic luxury. Featuring color-blocking in Burnt Terracotta and Olive Drab. Perfect for the discerning swimmer who refuses the obvious.</p>,Twessie,Bikini Top,"minimalist luxury, minimalist bikini top, independent fashion, high-end swimwear, Matte Ribbed Knit bikini",TRUE,Color,Burnt Terracotta,Size,XS,TWESSIE_EU_BT_0408-Burnt Terracotta-XS,168.0,,10
twessie-eu-bt-0408,Burnt Terracotta Sculptural Matte Ribbed Knit Bikini Top,<p>Crafted in premium Matte Ribbed Knit with Crinkled Seersucker accents. This bikini top epitomizes intelligent aesthetic luxury. Featuring color-blocking in Burnt Terracotta and Olive Drab. Perfect for the discerning swimmer who refuses the obvious.</p>,Twessie,Bikini Top,"minimalist luxury, minimalist bikini top, independent fashion, high-end swimwear, Matte Ribbed Knit bikini",TRUE,Color,Burnt Terracotta,Size,S,TWESSIE_EU_BT_0408-Burnt Terracotta-S,168.0,,10
twessie-eu-bt-0408,Burnt Terracotta Sculptural Matte Ribbed Knit Bikini Top,<p>Crafted in premium Matte Ribbed Knit with Crinkled Seersucker accents. This bikini top epitomizes intelligent aesthetic luxury. Featuring color-blocking in Burnt Terracotta and Olive Drab. Perfect for the discerning swimmer who refuses the obvious.</p>,Twessie,Bikini Top,"minimalist luxury, minimalist bikini top, independent fashion, high-end swimwear, Matte Ribbed Knit bikini",TRUE,Color,Burnt Terracotta,Size,M,TWESSIE_EU_BT_0408-Burnt Terracotta-M,168.0,,10
twessie-eu-bt-0408,Burnt Terracotta Sculptural Matte Ribbed Knit Bikini Top,<p>Crafted in premium Matte Ribbed Knit with Crinkled Seersucker accents. This bikini top epitomizes intelligent aesthetic luxury. Featuring color-blocking in Burnt Terracotta and Olive Drab. Perfect for the discerning swimmer who refuses the obvious.</p>,Twessie,Bikini Top,"minimalist luxury, minimalist bikini top, independent fashion, high-end swimwear, Matte Ribbed Knit bikini",TRUE,Color,Burnt Terracotta,Size,L,TWESSIE_EU_BT_0408-Burnt Terracotta-L,168.0,,10
twessie-eu-bt-0408,Burnt Terracotta Sculptural Matte Ribbed Knit Bikini Top,<p>Crafted in premium Matte Ribbed Knit with Crinkled Seersucker accents. This bikini top epitomizes intelligent aesthetic luxury. Featuring color-blocking in Burnt Terracotta and Olive Drab. Perfect for the discerning swimmer who refuses the obvious.</p>,Twessie,Bikini Top,"minimalist luxury, minimalist bikini top, independent fashion, high-end swimwear, Matte Ribbed Knit bikini",TRUE,Color,Burnt Terracotta,Size,XL,TWESSIE_EU_BT_0408-Burnt Terracotta-XL,168.0,,10
twessie-eu-bt-0408,Burnt Terracotta Sculptural Matte Ribbed Knit Bikini Top,<p>Crafted in premium Matte Ribbed Knit with Crinkled Seersucker accents. This bikini top epitomizes intelligent aesthetic luxury. Featuring color-blocking in Burnt Terracotta and Olive Drab. Perfect for the discerning swimmer who refuses the obvious.</p>,Twessie,Bikini Top,"minimalist luxury, minimalist bikini top, independent fashion, high-end swimwear, Matte Ribbed Knit bikini",TRUE,Color,Burnt Terracotta,Size,XXL,TWESSIE_EU_BT_0408-Burnt Terracotta-XXL,168.0,,10
twessie-eu-bt-0408,Burnt Terracotta Sculptural Matte Ribbed Knit Bikini Top,<p>Crafted in premium Matte Ribbed Knit with Crinkled Seersucker accents. This bikini top epitomizes intelligent aesthetic luxury. Featuring color-blocking in Burnt Terracotta and Olive Drab. Perfect for the discerning swimmer who refuses the obvious.</p>,Twessie,Bikini Top,"minimalist luxury, minimalist bikini top, independent fashion, high-end swimwear, Matte Ribbed Knit bikini",TRUE,Color,Olive Drab,Size,XS,TWESSIE_EU_BT_0408-Olive Drab-XS,168.0,,10
twessie-eu-bt-0408,Burnt Terracotta Sculptural Matte Ribbed Knit Bikini Top,<p>Crafted in premium Matte Ribbed Knit with Crinkled Seersucker accents. This bikini top epitomizes intelligent aesthetic luxury. Featuring color-blocking in Burnt Terracotta and Olive Drab. Perfect for the discerning swimmer who refuses the obvious.</p>,Twessie,Bikini Top,"minimalist luxury, minimalist bikini top, independent fashion, high-end swimwear, Matte Ribbed Knit bikini",TRUE,Color,Olive Drab,Size,S,TWESSIE_EU_BT_0408-Olive Drab-S,168.0,,10
twessie-eu-bt-0408,Burnt Terracotta Sculptural Matte Ribbed Knit Bikini Top,<p>Crafted in premium Matte Ribbed Knit with Crinkled Seersucker accents. This bikini top epitomizes intelligent aesthetic luxury. Featuring color-blocking in Burnt Terracotta and Olive Drab. Perfect for the discerning swimmer who refuses the obvious.</p>,Twessie,Bikini Top,"minimalist luxury, minimalist bikini top, independent fashion, high-end swimwear, Matte Ribbed Knit bikini",TRUE,Color,Olive Drab,Size,M,TWESSIE_EU_BT_0408-Olive Drab-M,168.0,,10
twessie-eu-bt-0408,Burnt Terracotta Sculptural Matte Ribbed Knit Bikini Top,<p>Crafted in premium Matte Ribbed Knit with Crinkled Seersucker accents. This bikini top epitomizes intelligent aesthetic luxury. Featuring color-blocking in Burnt Terracotta and Olive Drab. Perfect for the discerning swimmer who refuses the obvious.</p>,Twessie,Bikini Top,"minimalist luxury, minimalist bikini top, independent fashion, high-end swimwear, Matte Ribbed Knit bikini",TRUE,Color,Olive Drab,Size,L,TWESSIE_EU_BT_0408-Olive Drab-L,168.0,,10
twessie-eu-bt-0408,Burnt Terracotta Sculptural Matte Ribbed Knit Bikini Top,<p>Crafted in premium Matte Ribbed Knit with Crinkled Seersucker accents. This bikini top epitomizes intelligent aesthetic luxury. Featuring color-blocking in Burnt Terracotta and Olive Drab. Perfect for the discerning swimmer who refuses the obvious.</p>,Twessie,Bikini Top,"minimalist luxury, minimalist bikini top, independent fashion, high-end swimwear, Matte Ribbed Knit bikini",TRUE,Color,Olive Drab,Size,XL,TWESSIE_EU_BT_0408-Olive Drab-XL,168.0,,10
twessie-eu-bt-0408,Burnt Terracotta Sculptural Matte Ribbed Knit Bikini Top,<p>Crafted in premium Matte Ribbed Knit with Crinkled Seersucker accents. This bikini top epitomizes intelligent aesthetic luxury. Featuring color-blocking in Burnt Terracotta and Olive Drab. Perfect for the discerning swimmer who refuses the obvious.</p>,Twessie,Bikini Top,"minimalist luxury, minimalist bikini top, independent fashion, high-end swimwear, Matte Ribbed Knit bikini",TRUE,Color,Olive Drab,Size,XXL,TWESSIE_EU_BT_0408-Olive Drab-XXL,168.0,,10
twessie-na-bb-0409,Raw-Edge Stone Gray Bikini Bottom,<p>A statement piece in Crinkled Seersucker. This bikini bottom combines architectural elegance design with impeccable craftsmanship. Available in Stone Gray with Chalk White detailing. Not loud. Not obvious. Unmistakably Twessie.</p>,Twessie,Bikini Bottom,"independent fashion, minimalist bikini bottom, high-end swimwear, Crinkled Seersucker bikini, minimalist luxury",TRUE,Color,Stone Gray,Size,XS,TWESSIE_NA_BB_0409-Stone Gray-XS,168.0,,10
twessie-na-bb-0409,Raw-Edge Stone Gray Bikini Bottom,<p>A statement piece in Crinkled Seersucker. This bikini bottom combines architectural elegance design with impeccable craftsmanship. Available in Stone Gray with Chalk White detailing. Not loud. Not obvious. Unmistakably Twessie.</p>,Twessie,Bikini Bottom,"independent fashion, minimalist bikini bottom, high-end swimwear, Crinkled Seersucker bikini, minimalist luxury",TRUE,Color,Stone Gray,Size,S,TWESSIE_NA_BB_0409-Stone Gray-S,168.0,,10
twessie-na-bb-0409,Raw-Edge Stone Gray Bikini Bottom,<p>A statement piece in Crinkled Seersucker. This bikini bottom combines architectural elegance design with impeccable craftsmanship. Available in Stone Gray with Chalk White detailing. Not loud. Not obvious. Unmistakably Twessie.</p>,Twessie,Bikini Bottom,"independent fashion, minimalist bikini bottom, high-end swimwear, Crinkled Seersucker bikini, minimalist luxury",TRUE,Color,Stone Gray,Size,M,TWESSIE_NA_BB_0409-Stone Gray-M,168.0,,10
twessie-na-bb-0409,Raw-Edge Stone Gray Bikini Bottom,<p>A statement piece in Crinkled Seersucker. This bikini bottom combines architectural elegance design with impeccable craftsmanship. Available in Stone Gray with Chalk White detailing. Not loud. Not obvious. Unmistakably Twessie.</p>,Twessie,Bikini Bottom,"independent fashion, minimalist bikini bottom, high-end swimwear, Crinkled Seersucker bikini, minimalist luxury",TRUE,Color,Stone Gray,Size,L,TWESSIE_NA_BB_0409-Stone Gray-L,168.0,,10
twessie-na-bb-0409,Raw-Edge Stone Gray Bikini Bottom,<p>A statement piece in Crinkled Seersucker. This bikini bottom combines architectural elegance design with impeccable craftsmanship. Available in Stone Gray with Chalk White detailing. Not loud. Not obvious. Unmistakably Twessie.</p>,Twessie,Bikini Bottom,"independent fashion, minimalist bikini bottom, high-end swimwear, Crinkled Seersucker bikini, minimalist luxury",TRUE,Color,Stone Gray,Size,XL,TWESSIE_NA_BB_0409-Stone Gray-XL,168.0,,10
twessie-na-bb-0409,Raw-Edge Stone Gray Bikini Bottom,<p>A statement piece in Crinkled Seersucker. This bikini bottom combines architectural elegance design with impeccable craftsmanship. Available in Stone Gray with Chalk White detailing. Not loud. Not obvious. Unmistakably Twessie.</p>,Twessie,Bikini Bottom,"independent fashion, minimalist bikini bottom, high-end swimwear, Crinkled Seersucker bikini, minimalist luxury",TRUE,Color,Stone Gray,Size,XXL,TWESSIE_NA_BB_0409-Stone Gray-XXL,168.0,,10
twessie-na-bb-0409,Raw-Edge Stone Gray Bikini Bottom,<p>A statement piece in Crinkled Seersucker. This bikini bottom combines architectural elegance design with impeccable craftsmanship. Available in Stone Gray with Chalk White detailing. Not loud. Not obvious. Unmistakably Twessie.</p>,Twessie,Bikini Bottom,"independent fashion, minimalist bikini bottom, high-end swimwear, Crinkled Seersucker bikini, minimalist luxury",TRUE,Color,Chalk White,Size,XS,TWESSIE_NA_BB_0409-Chalk White-XS,168.0,,10
twessie-na-bb-0409,Raw-Edge Stone Gray Bikini Bottom,<p>A statement piece in Crinkled Seersucker. This bikini bottom combines architectural elegance design with impeccable craftsmanship. Available in Stone Gray with Chalk White detailing. Not loud. Not obvious. Unmistakably Twessie.</p>,Twessie,Bikini Bottom,"independent fashion, minimalist bikini bottom, high-end swimwear, Crinkled Seersucker bikini, minimalist luxury",TRUE,Color,Chalk White,Size,S,TWESSIE_NA_BB_0409-Chalk White-S,168.0,,10
twessie-na-bb-0409,Raw-Edge Stone Gray Bikini Bottom,<p>A statement piece in Crinkled Seersucker. This bikini bottom combines architectural elegance design with impeccable craftsmanship. Available in Stone Gray with Chalk White detailing. Not loud. Not obvious. Unmistakably Twessie.</p>,Twessie,Bikini Bottom,"independent fashion, minimalist bikini bottom, high-end swimwear, Crinkled Seersucker bikini, minimalist luxury",TRUE,Color,Chalk White,Size,M,TWESSIE_NA_BB_0409-Chalk White-M,168.0,,10
twessie-na-bb-0409,Raw-Edge Stone Gray Bikini Bottom,<p>A statement piece in Crinkled Seersucker. This bikini bottom combines architectural elegance design with impeccable craftsmanship. Available in Stone Gray with Chalk White detailing. Not loud. Not obvious. Unmistakably Twessie.</p>,Twessie,Bikini Bottom,"independent fashion, minimalist bikini bottom, high-end swimwear, Crinkled Seersucker bikini, minimalist luxury",TRUE,Color,Chalk White,Size,L,TWESSIE_NA_BB_0409-Chalk White-L,168.0,,10
twessie-na-bb-0409,Raw-Edge Stone Gray Bikini Bottom,<p>A statement piece in Crinkled Seersucker. This bikini bottom combines architectural elegance design with impeccable craftsmanship. Available in Stone Gray with Chalk White detailing. Not loud. Not obvious. Unmistakably Twessie.</p>,Twessie,Bikini Bottom,"independent fashion, minimalist bikini bottom, high-end swimwear, Crinkled Seersucker bikini, minimalist luxury",TRUE,Color,Chalk White,Size,XL,TWESSIE_NA_BB_0409-Chalk White-XL,168.0,,10
twessie-na-bb-0409,Raw-Edge Stone Gray Bikini Bottom,<p>A statement piece in Crinkled Seersucker. This bikini bottom combines architectural elegance design with impeccable craftsmanship. Available in Stone Gray with Chalk White detailing. Not loud. Not obvious. Unmistakably Twessie.</p>,Twessie,Bikini Bottom,"independent fashion, minimalist bikini bottom, high-end swimwear, Crinkled Seersucker bikini, minimalist luxury",TRUE,Color,Chalk White,Size,XXL,TWESSIE_NA_BB_0409-Chalk White-XXL,168.0,,10
twessie-jp-op-0410,Sculptural Obsidian Black Monokini,"<p>Econyl Sleek Satin construction meets architectural precision in this one-piece. Designed for the intelligent, independent woman. The Obsidian Black colorway with Olive Drab accents creates a sophisticated palette. Pure anti-fashion statement elegance.</p>",Twessie,One-Piece,"minimalist one-piece, architectural swimsuit, high-end swimwear, Econyl Sleek Satin bikini, minimalist luxury",TRUE,Color,Obsidian Black,Size,XS,TWESSIE_JP_OP_0410-Obsidian Black-XS,168.0,,10
twessie-jp-op-0410,Sculptural Obsidian Black Monokini,"<p>Econyl Sleek Satin construction meets architectural precision in this one-piece. Designed for the intelligent, independent woman. The Obsidian Black colorway with Olive Drab accents creates a sophisticated palette. Pure anti-fashion statement elegance.</p>",Twessie,One-Piece,"minimalist one-piece, architectural swimsuit, high-end swimwear, Econyl Sleek Satin bikini, minimalist luxury",TRUE,Color,Obsidian Black,Size,S,TWESSIE_JP_OP_0410-Obsidian Black-S,168.0,,10
twessie-jp-op-0410,Sculptural Obsidian Black Monokini,"<p>Econyl Sleek Satin construction meets architectural precision in this one-piece. Designed for the intelligent, independent woman. The Obsidian Black colorway with Olive Drab accents creates a sophisticated palette. Pure anti-fashion statement elegance.</p>",Twessie,One-Piece,"minimalist one-piece, architectural swimsuit, high-end swimwear, Econyl Sleek Satin bikini, minimalist luxury",TRUE,Color,Obsidian Black,Size,M,TWESSIE_JP_OP_0410-Obsidian Black-M,168.0,,10
twessie-jp-op-0410,Sculptural Obsidian Black Monokini,"<p>Econyl Sleek Satin construction meets architectural precision in this one-piece. Designed for the intelligent, independent woman. The Obsidian Black colorway with Olive Drab accents creates a sophisticated palette. Pure anti-fashion statement elegance.</p>",Twessie,One-Piece,"minimalist one-piece, architectural swimsuit, high-end swimwear, Econyl Sleek Satin bikini, minimalist luxury",TRUE,Color,Obsidian Black,Size,L,TWESSIE_JP_OP_0410-Obsidian Black-L,168.0,,10
twessie-jp-op-0410,Sculptural Obsidian Black Monokini,"<p>Econyl Sleek Satin construction meets architectural precision in this one-piece. Designed for the intelligent, independent woman. The Obsidian Black colorway with Olive Drab accents creates a sophisticated palette. Pure anti-fashion statement elegance.</p>",Twessie,One-Piece,"minimalist one-piece, architectural swimsuit, high-end swimwear, Econyl Sleek Satin bikini, minimalist luxury",TRUE,Color,Obsidian Black,Size,XL,TWESSIE_JP_OP_0410-Obsidian Black-XL,168.0,,10
twessie-jp-op-0410,Sculptural Obsidian Black Monokini,"<p>Econyl Sleek Satin construction meets architectural precision in this one-piece. Designed for the intelligent, independent woman. The Obsidian Black colorway with Olive Drab accents creates a sophisticated palette. Pure anti-fashion statement elegance.</p>",Twessie,One-Piece,"minimalist one-piece, architectural swimsuit, high-end swimwear, Econyl Sleek Satin bikini, minimalist luxury",TRUE,Color,Obsidian Black,Size,XXL,TWESSIE_JP_OP_0410-Obsidian Black-XXL,168.0,,10
twessie-jp-op-0410,Sculptural Obsidian Black Monokini,"<p>Econyl Sleek Satin construction meets architectural precision in this one-piece. Designed for the intelligent, independent woman. The Obsidian Black colorway with Olive Drab accents creates a sophisticated palette. Pure anti-fashion statement elegance.</p>",Twessie,One-Piece,"minimalist one-piece, architectural swimsuit, high-end swimwear, Econyl Sleek Satin bikini, minimalist luxury",TRUE,Color,Olive Drab,Size,XS,TWESSIE_JP_OP_0410-Olive Drab-XS,168.0,,10
twessie-jp-op-0410,Sculptural Obsidian Black Monokini,"<p>Econyl Sleek Satin construction meets architectural precision in this one-piece. Designed for the intelligent, independent woman. The Obsidian Black colorway with Olive Drab accents creates a sophisticated palette. Pure anti-fashion statement elegance.</p>",Twessie,One-Piece,"minimalist one-piece, architectural swimsuit, high-end swimwear, Econyl Sleek Satin bikini, minimalist luxury",TRUE,Color,Olive Drab,Size,S,TWESSIE_JP_OP_0410-Olive Drab-S,168.0,,10
twessie-jp-op-0410,Sculptural Obsidian Black Monokini,"<p>Econyl Sleek Satin construction meets architectural precision in this one-piece. Designed for the intelligent, independent woman. The Obsidian Black colorway with Olive Drab accents creates a sophisticated palette. Pure anti-fashion statement elegance.</p>",Twessie,One-Piece,"minimalist one-piece, architectural swimsuit, high-end swimwear, Econyl Sleek Satin bikini, minimalist luxury",TRUE,Color,Olive Drab,Size,M,TWESSIE_JP_OP_0410-Olive Drab-M,168.0,,10
twessie-jp-op-0410,Sculptural Obsidian Black Monokini,"<p>Econyl Sleek Satin construction meets architectural precision in this one-piece. Designed for the intelligent, independent woman. The Obsidian Black colorway with Olive Drab accents creates a sophisticated palette. Pure anti-fashion statement elegance.</p>",Twessie,One-Piece,"minimalist one-piece, architectural swimsuit, high-end swimwear, Econyl Sleek Satin bikini, minimalist luxury",TRUE,Color,Olive Drab,Size,L,TWESSIE_JP_OP_0410-Olive Drab-L,168.0,,10
twessie-jp-op-0410,Sculptural Obsidian Black Monokini,"<p>Econyl Sleek Satin construction meets architectural precision in this one-piece. Designed for the intelligent, independent woman. The Obsidian Black colorway with Olive Drab accents creates a sophisticated palette. Pure anti-fashion statement elegance.</p>",Twessie,One-Piece,"minimalist one-piece, architectural swimsuit, high-end swimwear, Econyl Sleek Satin bikini, minimalist luxury",TRUE,Color,Olive Drab,Size,XL,TWESSIE_JP_OP_0410-Olive Drab-XL,168.0,,10
twessie-jp-op-0410,Sculptural Obsidian Black Monokini,"<p>Econyl Sleek Satin construction meets architectural precision in this one-piece. Designed for the intelligent, independent woman. The Obsidian Black colorway with Olive Drab accents creates a sophisticated palette. Pure anti-fashion statement elegance.</p>",Twessie,One-Piece,"minimalist one-piece, architectural swimsuit, high-end swimwear, Econyl Sleek Satin bikini, minimalist luxury",TRUE,Color,Olive Drab,Size,XXL,TWESSIE_JP_OP_0410-Olive Drab-XXL,168.0,,10
twessie-sg-op-0501,Obsidian Black Architectural One-Piece Swimsuit,<p>A statement piece in Econyl Sleek Satin. This one-piece combines intelligent aesthetic design with impeccable craftsmanship. Available in Obsidian Black with Burnt Terracotta detailing. Not loud. Not obvious. Unmistakably Twessie.</p>,Twessie,One-Piece,"independent fashion, Econyl Sleek Satin bikini, minimalist luxury, luxury Obsidian Black swimwear, high-end swimwear",TRUE,Color,Obsidian Black,Size,XS,TWESSIE_SG_OP_0501-Obsidian Black-XS,168.0,,10
twessie-sg-op-0501,Obsidian Black Architectural One-Piece Swimsuit,<p>A statement piece in Econyl Sleek Satin. This one-piece combines intelligent aesthetic design with impeccable craftsmanship. Available in Obsidian Black with Burnt Terracotta detailing. Not loud. Not obvious. Unmistakably Twessie.</p>,Twessie,One-Piece,"independent fashion, Econyl Sleek Satin bikini, minimalist luxury, luxury Obsidian Black swimwear, high-end swimwear",TRUE,Color,Obsidian Black,Size,S,TWESSIE_SG_OP_0501-Obsidian Black-S,168.0,,10
twessie-sg-op-0501,Obsidian Black Architectural One-Piece Swimsuit,<p>A statement piece in Econyl Sleek Satin. This one-piece combines intelligent aesthetic design with impeccable craftsmanship. Available in Obsidian Black with Burnt Terracotta detailing. Not loud. Not obvious. Unmistakably Twessie.</p>,Twessie,One-Piece,"independent fashion, Econyl Sleek Satin bikini, minimalist luxury, luxury Obsidian Black swimwear, high-end swimwear",TRUE,Color,Obsidian Black,Size,M,TWESSIE_SG_OP_0501-Obsidian Black-M,168.0,,10
twessie-sg-op-0501,Obsidian Black Architectural One-Piece Swimsuit,<p>A statement piece in Econyl Sleek Satin. This one-piece combines intelligent aesthetic design with impeccable craftsmanship. Available in Obsidian Black with Burnt Terracotta detailing. Not loud. Not obvious. Unmistakably Twessie.</p>,Twessie,One-Piece,"independent fashion, Econyl Sleek Satin bikini, minimalist luxury, luxury Obsidian Black swimwear, high-end swimwear",TRUE,Color,Obsidian Black,Size,L,TWESSIE_SG_OP_0501-Obsidian Black-L,168.0,,10
twessie-sg-op-0501,Obsidian Black Architectural One-Piece Swimsuit,<p>A statement piece in Econyl Sleek Satin. This one-piece combines intelligent aesthetic design with impeccable craftsmanship. Available in Obsidian Black with Burnt Terracotta detailing. Not loud. Not obvious. Unmistakably Twessie.</p>,Twessie,One-Piece,"independent fashion, Econyl Sleek Satin bikini, minimalist luxury, luxury Obsidian Black swimwear, high-end swimwear",TRUE,Color,Obsidian Black,Size,XL,TWESSIE_SG_OP_0501-Obsidian Black-XL,168.0,,10
twessie-sg-op-0501,Obsidian Black Architectural One-Piece Swimsuit,<p>A statement piece in Econyl Sleek Satin. This one-piece combines intelligent aesthetic design with impeccable craftsmanship. Available in Obsidian Black with Burnt Terracotta detailing. Not loud. Not obvious. Unmistakably Twessie.</p>,Twessie,One-Piece,"independent fashion, Econyl Sleek Satin bikini, minimalist luxury, luxury Obsidian Black swimwear, high-end swimwear",TRUE,Color,Obsidian Black,Size,XXL,TWESSIE_SG_OP_0501-Obsidian Black-XXL,168.0,,10
twessie-sg-op-0501,Obsidian Black Architectural One-Piece Swimsuit,<p>A statement piece in Econyl Sleek Satin. This one-piece combines intelligent aesthetic design with impeccable craftsmanship. Available in Obsidian Black with Burnt Terracotta detailing. Not loud. Not obvious. Unmistakably Twessie.</p>,Twessie,One-Piece,"independent fashion, Econyl Sleek Satin bikini, minimalist luxury, luxury Obsidian Black swimwear, high-end swimwear",TRUE,Color,Burnt Terracotta,Size,XS,TWESSIE_SG_OP_0501-Burnt Terracotta-XS,168.0,,10
twessie-sg-op-0501,Obsidian Black Architectural One-Piece Swimsuit,<p>A statement piece in Econyl Sleek Satin. This one-piece combines intelligent aesthetic design with impeccable craftsmanship. Available in Obsidian Black with Burnt Terracotta detailing. Not loud. Not obvious. Unmistakably Twessie.</p>,Twessie,One-Piece,"independent fashion, Econyl Sleek Satin bikini, minimalist luxury, luxury Obsidian Black swimwear, high-end swimwear",TRUE,Color,Burnt Terracotta,Size,S,TWESSIE_SG_OP_0501-Burnt Terracotta-S,168.0,,10
twessie-sg-op-0501,Obsidian Black Architectural One-Piece Swimsuit,<p>A statement piece in Econyl Sleek Satin. This one-piece combines intelligent aesthetic design with impeccable craftsmanship. Available in Obsidian Black with Burnt Terracotta detailing. Not loud. Not obvious. Unmistakably Twessie.</p>,Twessie,One-Piece,"independent fashion, Econyl Sleek Satin bikini, minimalist luxury, luxury Obsidian Black swimwear, high-end swimwear",TRUE,Color,Burnt Terracotta,Size,M,TWESSIE_SG_OP_0501-Burnt Terracotta-M,168.0,,10
twessie-sg-op-0501,Obsidian Black Architectural One-Piece Swimsuit,<p>A statement piece in Econyl Sleek Satin. This one-piece combines intelligent aesthetic design with impeccable craftsmanship. Available in Obsidian Black with Burnt Terracotta detailing. Not loud. Not obvious. Unmistakably Twessie.</p>,Twessie,One-Piece,"independent fashion, Econyl Sleek Satin bikini, minimalist luxury, luxury Obsidian Black swimwear, high-end swimwear",TRUE,Color,Burnt Terracotta,Size,L,TWESSIE_SG_OP_0501-Burnt Terracotta-L,168.0,,10
twessie-sg-op-0501,Obsidian Black Architectural One-Piece Swimsuit,<p>A statement piece in Econyl Sleek Satin. This one-piece combines intelligent aesthetic design with impeccable craftsmanship. Available in Obsidian Black with Burnt Terracotta detailing. Not loud. Not obvious. Unmistakably Twessie.</p>,Twessie,One-Piece,"independent fashion, Econyl Sleek Satin bikini, minimalist luxury, luxury Obsidian Black swimwear, high-end swimwear",TRUE,Color,Burnt Terracotta,Size,XL,TWESSIE_SG_OP_0501-Burnt Terracotta-XL,168.0,,10
twessie-sg-op-0501,Obsidian Black Architectural One-Piece Swimsuit,<p>A statement piece in Econyl Sleek Satin. This one-piece combines intelligent aesthetic design with impeccable craftsmanship. Available in Obsidian Black with Burnt Terracotta detailing. Not loud. Not obvious. Unmistakably Twessie.</p>,Twessie,One-Piece,"independent fashion, Econyl Sleek Satin bikini, minimalist luxury, luxury Obsidian Black swimwear, high-end swimwear",TRUE,Color,Burnt Terracotta,Size,XXL,TWESSIE_SG_OP_0501-Burnt Terracotta-XXL,168.0,,10
twessie-eu-op-0502,High-Fashion Stone Gray One-Piece Suit,<p>A statement piece in Crinkled Seersucker. This one-piece combines intelligent aesthetic design with impeccable craftsmanship. Available in Stone Gray with Chalk White detailing. Not loud. Not obvious. Unmistakably Twessie.</p>,Twessie,One-Piece,"architectural swimsuit, independent fashion, minimalist luxury, high-end swimwear, minimalist one-piece",TRUE,Color,Stone Gray,Size,XS,TWESSIE_EU_OP_0502-Stone Gray-XS,168.0,,10
twessie-eu-op-0502,High-Fashion Stone Gray One-Piece Suit,<p>A statement piece in Crinkled Seersucker. This one-piece combines intelligent aesthetic design with impeccable craftsmanship. Available in Stone Gray with Chalk White detailing. Not loud. Not obvious. Unmistakably Twessie.</p>,Twessie,One-Piece,"architectural swimsuit, independent fashion, minimalist luxury, high-end swimwear, minimalist one-piece",TRUE,Color,Stone Gray,Size,S,TWESSIE_EU_OP_0502-Stone Gray-S,168.0,,10
twessie-eu-op-0502,High-Fashion Stone Gray One-Piece Suit,<p>A statement piece in Crinkled Seersucker. This one-piece combines intelligent aesthetic design with impeccable craftsmanship. Available in Stone Gray with Chalk White detailing. Not loud. Not obvious. Unmistakably Twessie.</p>,Twessie,One-Piece,"architectural swimsuit, independent fashion, minimalist luxury, high-end swimwear, minimalist one-piece",TRUE,Color,Stone Gray,Size,M,TWESSIE_EU_OP_0502-Stone Gray-M,168.0,,10
twessie-eu-op-0502,High-Fashion Stone Gray One-Piece Suit,<p>A statement piece in Crinkled Seersucker. This one-piece combines intelligent aesthetic design with impeccable craftsmanship. Available in Stone Gray with Chalk White detailing. Not loud. Not obvious. Unmistakably Twessie.</p>,Twessie,One-Piece,"architectural swimsuit, independent fashion, minimalist luxury, high-end swimwear, minimalist one-piece",TRUE,Color,Stone Gray,Size,L,TWESSIE_EU_OP_0502-Stone Gray-L,168.0,,10
twessie-eu-op-0502,High-Fashion Stone Gray One-Piece Suit,<p>A statement piece in Crinkled Seersucker. This one-piece combines intelligent aesthetic design with impeccable craftsmanship. Available in Stone Gray with Chalk White detailing. Not loud. Not obvious. Unmistakably Twessie.</p>,Twessie,One-Piece,"architectural swimsuit, independent fashion, minimalist luxury, high-end swimwear, minimalist one-piece",TRUE,Color,Stone Gray,Size,XL,TWESSIE_EU_OP_0502-Stone Gray-XL,168.0,,10
twessie-eu-op-0502,High-Fashion Stone Gray One-Piece Suit,<p>A statement piece in Crinkled Seersucker. This one-piece combines intelligent aesthetic design with impeccable craftsmanship. Available in Stone Gray with Chalk White detailing. Not loud. Not obvious. Unmistakably Twessie.</p>,Twessie,One-Piece,"architectural swimsuit, independent fashion, minimalist luxury, high-end swimwear, minimalist one-piece",TRUE,Color,Stone Gray,Size,XXL,TWESSIE_EU_OP_0502-Stone Gray-XXL,168.0,,10
twessie-eu-op-0502,High-Fashion Stone Gray One-Piece Suit,<p>A statement piece in Crinkled Seersucker. This one-piece combines intelligent aesthetic design with impeccable craftsmanship. Available in Stone Gray with Chalk White detailing. Not loud. Not obvious. Unmistakably Twessie.</p>,Twessie,One-Piece,"architectural swimsuit, independent fashion, minimalist luxury, high-end swimwear, minimalist one-piece",TRUE,Color,Chalk White,Size,XS,TWESSIE_EU_OP_0502-Chalk White-XS,168.0,,10
twessie-eu-op-0502,High-Fashion Stone Gray One-Piece Suit,<p>A statement piece in Crinkled Seersucker. This one-piece combines intelligent aesthetic design with impeccable craftsmanship. Available in Stone Gray with Chalk White detailing. Not loud. Not obvious. Unmistakably Twessie.</p>,Twessie,One-Piece,"architectural swimsuit, independent fashion, minimalist luxury, high-end swimwear, minimalist one-piece",TRUE,Color,Chalk White,Size,S,TWESSIE_EU_OP_0502-Chalk White-S,168.0,,10
twessie-eu-op-0502,High-Fashion Stone Gray One-Piece Suit,<p>A statement piece in Crinkled Seersucker. This one-piece combines intelligent aesthetic design with impeccable craftsmanship. Available in Stone Gray with Chalk White detailing. Not loud. Not obvious. Unmistakably Twessie.</p>,Twessie,One-Piece,"architectural swimsuit, independent fashion, minimalist luxury, high-end swimwear, minimalist one-piece",TRUE,Color,Chalk White,Size,M,TWESSIE_EU_OP_0502-Chalk White-M,168.0,,10
twessie-eu-op-0502,High-Fashion Stone Gray One-Piece Suit,<p>A statement piece in Crinkled Seersucker. This one-piece combines intelligent aesthetic design with impeccable craftsmanship. Available in Stone Gray with Chalk White detailing. Not loud. Not obvious. Unmistakably Twessie.</p>,Twessie,One-Piece,"architectural swimsuit, independent fashion, minimalist luxury, high-end swimwear, minimalist one-piece",TRUE,Color,Chalk White,Size,L,TWESSIE_EU_OP_0502-Chalk White-L,168.0,,10
twessie-eu-op-0502,High-Fashion Stone Gray One-Piece Suit,<p>A statement piece in Crinkled Seersucker. This one-piece combines intelligent aesthetic design with impeccable craftsmanship. Available in Stone Gray with Chalk White detailing. Not loud. Not obvious. Unmistakably Twessie.</p>,Twessie,One-Piece,"architectural swimsuit, independent fashion, minimalist luxury, high-end swimwear, minimalist one-piece",TRUE,Color,Chalk White,Size,XL,TWESSIE_EU_OP_0502-Chalk White-XL,168.0,,10
twessie-eu-op-0502,High-Fashion Stone Gray One-Piece Suit,<p>A statement piece in Crinkled Seersucker. This one-piece combines intelligent aesthetic design with impeccable craftsmanship. Available in Stone Gray with Chalk White detailing. Not loud. Not obvious. Unmistakably Twessie.</p>,Twessie,One-Piece,"architectural swimsuit, independent fashion, minimalist luxury, high-end swimwear, minimalist one-piece",TRUE,Color,Chalk White,Size,XXL,TWESSIE_EU_OP_0502-Chalk White-XXL,168.0,,10
twessie-au-bb-0503,Raw-Edge Olive Drab Bikini Bottom,<p>Crafted in premium Matte Ribbed Knit with Econyl Sleek Satin accents. This bikini bottom epitomizes architectural elegance luxury. Featuring color-blocking in Olive Drab and Burnt Terracotta. Perfect for the discerning swimmer who refuses the obvious.</p>,Twessie,Bikini Bottom,"Matte Ribbed Knit bikini, independent fashion, minimalist luxury, luxury Olive Drab swimwear, minimalist bikini bottom",TRUE,Color,Olive Drab,Size,XS,TWESSIE_AU_BB_0503-Olive Drab-XS,168.0,,10
twessie-au-bb-0503,Raw-Edge Olive Drab Bikini Bottom,<p>Crafted in premium Matte Ribbed Knit with Econyl Sleek Satin accents. This bikini bottom epitomizes architectural elegance luxury. Featuring color-blocking in Olive Drab and Burnt Terracotta. Perfect for the discerning swimmer who refuses the obvious.</p>,Twessie,Bikini Bottom,"Matte Ribbed Knit bikini, independent fashion, minimalist luxury, luxury Olive Drab swimwear, minimalist bikini bottom",TRUE,Color,Olive Drab,Size,S,TWESSIE_AU_BB_0503-Olive Drab-S,168.0,,10
twessie-au-bb-0503,Raw-Edge Olive Drab Bikini Bottom,<p>Crafted in premium Matte Ribbed Knit with Econyl Sleek Satin accents. This bikini bottom epitomizes architectural elegance luxury. Featuring color-blocking in Olive Drab and Burnt Terracotta. Perfect for the discerning swimmer who refuses the obvious.</p>,Twessie,Bikini Bottom,"Matte Ribbed Knit bikini, independent fashion, minimalist luxury, luxury Olive Drab swimwear, minimalist bikini bottom",TRUE,Color,Olive Drab,Size,M,TWESSIE_AU_BB_0503-Olive Drab-M,168.0,,10
twessie-au-bb-0503,Raw-Edge Olive Drab Bikini Bottom,<p>Crafted in premium Matte Ribbed Knit with Econyl Sleek Satin accents. This bikini bottom epitomizes architectural elegance luxury. Featuring color-blocking in Olive Drab and Burnt Terracotta. Perfect for the discerning swimmer who refuses the obvious.</p>,Twessie,Bikini Bottom,"Matte Ribbed Knit bikini, independent fashion, minimalist luxury, luxury Olive Drab swimwear, minimalist bikini bottom",TRUE,Color,Olive Drab,Size,L,TWESSIE_AU_BB_0503-Olive Drab-L,168.0,,10
twessie-au-bb-0503,Raw-Edge Olive Drab Bikini Bottom,<p>Crafted in premium Matte Ribbed Knit with Econyl Sleek Satin accents. This bikini bottom epitomizes architectural elegance luxury. Featuring color-blocking in Olive Drab and Burnt Terracotta. Perfect for the discerning swimmer who refuses the obvious.</p>,Twessie,Bikini Bottom,"Matte Ribbed Knit bikini, independent fashion, minimalist luxury, luxury Olive Drab swimwear, minimalist bikini bottom",TRUE,Color,Olive Drab,Size,XL,TWESSIE_AU_BB_0503-Olive Drab-XL,168.0,,10
twessie-au-bb-0503,Raw-Edge Olive Drab Bikini Bottom,<p>Crafted in premium Matte Ribbed Knit with Econyl Sleek Satin accents. This bikini bottom epitomizes architectural elegance luxury. Featuring color-blocking in Olive Drab and Burnt Terracotta. Perfect for the discerning swimmer who refuses the obvious.</p>,Twessie,Bikini Bottom,"Matte Ribbed Knit bikini, independent fashion, minimalist luxury, luxury Olive Drab swimwear, minimalist bikini bottom",TRUE,Color,Olive Drab,Size,XXL,TWESSIE_AU_BB_0503-Olive Drab-XXL,168.0,,10
twessie-au-bb-0503,Raw-Edge Olive Drab Bikini Bottom,<p>Crafted in premium Matte Ribbed Knit with Econyl Sleek Satin accents. This bikini bottom epitomizes architectural elegance luxury. Featuring color-blocking in Olive Drab and Burnt Terracotta. Perfect for the discerning swimmer who refuses the obvious.</p>,Twessie,Bikini Bottom,"Matte Ribbed Knit bikini, independent fashion, minimalist luxury, luxury Olive Drab swimwear, minimalist bikini bottom",TRUE,Color,Burnt Terracotta,Size,XS,TWESSIE_AU_BB_0503-Burnt Terracotta-XS,168.0,,10
twessie-au-bb-0503,Raw-Edge Olive Drab Bikini Bottom,<p>Crafted in premium Matte Ribbed Knit with Econyl Sleek Satin accents. This bikini bottom epitomizes architectural elegance luxury. Featuring color-blocking in Olive Drab and Burnt Terracotta. Perfect for the discerning swimmer who refuses the obvious.</p>,Twessie,Bikini Bottom,"Matte Ribbed Knit bikini, independent fashion, minimalist luxury, luxury Olive Drab swimwear, minimalist bikini bottom",TRUE,Color,Burnt Terracotta,Size,S,TWESSIE_AU_BB_0503-Burnt Terracotta-S,168.0,,10
twessie-au-bb-0503,Raw-Edge Olive Drab Bikini Bottom,<p>Crafted in premium Matte Ribbed Knit with Econyl Sleek Satin accents. This bikini bottom epitomizes architectural elegance luxury. Featuring color-blocking in Olive Drab and Burnt Terracotta. Perfect for the discerning swimmer who refuses the obvious.</p>,Twessie,Bikini Bottom,"Matte Ribbed Knit bikini, independent fashion, minimalist luxury, luxury Olive Drab swimwear, minimalist bikini bottom",TRUE,Color,Burnt Terracotta,Size,M,TWESSIE_AU_BB_0503-Burnt Terracotta-M,168.0,,10
twessie-au-bb-0503,Raw-Edge Olive Drab Bikini Bottom,<p>Crafted in premium Matte Ribbed Knit with Econyl Sleek Satin accents. This bikini bottom epitomizes architectural elegance luxury. Featuring color-blocking in Olive Drab and Burnt Terracotta. Perfect for the discerning swimmer who refuses the obvious.</p>,Twessie,Bikini Bottom,"Matte Ribbed Knit bikini, independent fashion, minimalist luxury, luxury Olive Drab swimwear, minimalist bikini bottom",TRUE,Color,Burnt Terracotta,Size,L,TWESSIE_AU_BB_0503-Burnt Terracotta-L,168.0,,10
twessie-au-bb-0503,Raw-Edge Olive Drab Bikini Bottom,<p>Crafted in premium Matte Ribbed Knit with Econyl Sleek Satin accents. This bikini bottom epitomizes architectural elegance luxury. Featuring color-blocking in Olive Drab and Burnt Terracotta. Perfect for the discerning swimmer who refuses the obvious.</p>,Twessie,Bikini Bottom,"Matte Ribbed Knit bikini, independent fashion, minimalist luxury, luxury Olive Drab swimwear, minimalist bikini bottom",TRUE,Color,Burnt Terracotta,Size,XL,TWESSIE_AU_BB_0503-Burnt Terracotta-XL,168.0,,10
twessie-au-bb-0503,Raw-Edge Olive Drab Bikini Bottom,<p>Crafted in premium Matte Ribbed Knit with Econyl Sleek Satin accents. This bikini bottom epitomizes architectural elegance luxury. Featuring color-blocking in Olive Drab and Burnt Terracotta. Perfect for the discerning swimmer who refuses the obvious.</p>,Twessie,Bikini Bottom,"Matte Ribbed Knit bikini, independent fashion, minimalist luxury, luxury Olive Drab swimwear, minimalist bikini bottom",TRUE,Color,Burnt Terracotta,Size,XXL,TWESSIE_AU_BB_0503-Burnt Terracotta-XXL,168.0,,10
twessie-jp-bb-0504,Stone Gray Minimalist Crinkled Seersucker Bikini Bottom,"<p>Crinkled Seersucker construction meets architectural precision in this bikini bottom. Designed for the intelligent, independent woman. The Stone Gray colorway with Chalk White accents creates a sophisticated palette. Pure intelligent aesthetic elegance.</p>",Twessie,Bikini Bottom,"minimalist bikini bottom, architectural swimsuit, independent fashion, luxury Stone Gray swimwear, high-end swimwear",TRUE,Color,Stone Gray,Size,XS,TWESSIE_JP_BB_0504-Stone Gray-XS,168.0,,10
twessie-jp-bb-0504,Stone Gray Minimalist Crinkled Seersucker Bikini Bottom,"<p>Crinkled Seersucker construction meets architectural precision in this bikini bottom. Designed for the intelligent, independent woman. The Stone Gray colorway with Chalk White accents creates a sophisticated palette. Pure intelligent aesthetic elegance.</p>",Twessie,Bikini Bottom,"minimalist bikini bottom, architectural swimsuit, independent fashion, luxury Stone Gray swimwear, high-end swimwear",TRUE,Color,Stone Gray,Size,S,TWESSIE_JP_BB_0504-Stone Gray-S,168.0,,10
twessie-jp-bb-0504,Stone Gray Minimalist Crinkled Seersucker Bikini Bottom,"<p>Crinkled Seersucker construction meets architectural precision in this bikini bottom. Designed for the intelligent, independent woman. The Stone Gray colorway with Chalk White accents creates a sophisticated palette. Pure intelligent aesthetic elegance.</p>",Twessie,Bikini Bottom,"minimalist bikini bottom, architectural swimsuit, independent fashion, luxury Stone Gray swimwear, high-end swimwear",TRUE,Color,Stone Gray,Size,M,TWESSIE_JP_BB_0504-Stone Gray-M,168.0,,10
twessie-jp-bb-0504,Stone Gray Minimalist Crinkled Seersucker Bikini Bottom,"<p>Crinkled Seersucker construction meets architectural precision in this bikini bottom. Designed for the intelligent, independent woman. The Stone Gray colorway with Chalk White accents creates a sophisticated palette. Pure intelligent aesthetic elegance.</p>",Twessie,Bikini Bottom,"minimalist bikini bottom, architectural swimsuit, independent fashion, luxury Stone Gray swimwear, high-end swimwear",TRUE,Color,Stone Gray,Size,L,TWESSIE_JP_BB_0504-Stone Gray-L,168.0,,10
twessie-jp-bb-0504,Stone Gray Minimalist Crinkled Seersucker Bikini Bottom,"<p>Crinkled Seersucker construction meets architectural precision in this bikini bottom. Designed for the intelligent, independent woman. The Stone Gray colorway with Chalk White accents creates a sophisticated palette. Pure intelligent aesthetic elegance.</p>",Twessie,Bikini Bottom,"minimalist bikini bottom, architectural swimsuit, independent fashion, luxury Stone Gray swimwear, high-end swimwear",TRUE,Color,Stone Gray,Size,XL,TWESSIE_JP_BB_0504-Stone Gray-XL,168.0,,10
twessie-jp-bb-0504,Stone Gray Minimalist Crinkled Seersucker Bikini Bottom,"<p>Crinkled Seersucker construction meets architectural precision in this bikini bottom. Designed for the intelligent, independent woman. The Stone Gray colorway with Chalk White accents creates a sophisticated palette. Pure intelligent aesthetic elegance.</p>",Twessie,Bikini Bottom,"minimalist bikini bottom, architectural swimsuit, independent fashion, luxury Stone Gray swimwear, high-end swimwear",TRUE,Color,Stone Gray,Size,XXL,TWESSIE_JP_BB_0504-Stone Gray-XXL,168.0,,10
twessie-jp-bb-0504,Stone Gray Minimalist Crinkled Seersucker Bikini Bottom,"<p>Crinkled Seersucker construction meets architectural precision in this bikini bottom. Designed for the intelligent, independent woman. The Stone Gray colorway with Chalk White accents creates a sophisticated palette. Pure intelligent aesthetic elegance.</p>",Twessie,Bikini Bottom,"minimalist bikini bottom, architectural swimsuit, independent fashion, luxury Stone Gray swimwear, high-end swimwear",TRUE,Color,Chalk White,Size,XS,TWESSIE_JP_BB_0504-Chalk White-XS,168.0,,10
twessie-jp-bb-0504,Stone Gray Minimalist Crinkled Seersucker Bikini Bottom,"<p>Crinkled Seersucker construction meets architectural precision in this bikini bottom. Designed for the intelligent, independent woman. The Stone Gray colorway with Chalk White accents creates a sophisticated palette. Pure intelligent aesthetic elegance.</p>",Twessie,Bikini Bottom,"minimalist bikini bottom, architectural swimsuit, independent fashion, luxury Stone Gray swimwear, high-end swimwear",TRUE,Color,Chalk White,Size,S,TWESSIE_JP_BB_0504-Chalk White-S,168.0,,10
twessie-jp-bb-0504,Stone Gray Minimalist Crinkled Seersucker Bikini Bottom,"<p>Crinkled Seersucker construction meets architectural precision in this bikini bottom. Designed for the intelligent, independent woman. The Stone Gray colorway with Chalk White accents creates a sophisticated palette. Pure intelligent aesthetic elegance.</p>",Twessie,Bikini Bottom,"minimalist bikini bottom, architectural swimsuit, independent fashion, luxury Stone Gray swimwear, high-end swimwear",TRUE,Color,Chalk White,Size,M,TWESSIE_JP_BB_0504-Chalk White-M,168.0,,10
twessie-jp-bb-0504,Stone Gray Minimalist Crinkled Seersucker Bikini Bottom,"<p>Crinkled Seersucker construction meets architectural precision in this bikini bottom. Designed for the intelligent, independent woman. The Stone Gray colorway with Chalk White accents creates a sophisticated palette. Pure intelligent aesthetic elegance.</p>",Twessie,Bikini Bottom,"minimalist bikini bottom, architectural swimsuit, independent fashion, luxury Stone Gray swimwear, high-end swimwear",TRUE,Color,Chalk White,Size,L,TWESSIE_JP_BB_0504-Chalk White-L,168.0,,10
twessie-jp-bb-0504,Stone Gray Minimalist Crinkled Seersucker Bikini Bottom,"<p>Crinkled Seersucker construction meets architectural precision in this bikini bottom. Designed for the intelligent, independent woman. The Stone Gray colorway with Chalk White accents creates a sophisticated palette. Pure intelligent aesthetic elegance.</p>",Twessie,Bikini Bottom,"minimalist bikini bottom, architectural swimsuit, independent fashion, luxury Stone Gray swimwear, high-end swimwear",TRUE,Color,Chalk White,Size,XL,TWESSIE_JP_BB_0504-Chalk White-XL,168.0,,10
twessie-jp-bb-0504,Stone Gray Minimalist Crinkled Seersucker Bikini Bottom,"<p>Crinkled Seersucker construction meets architectural precision in this bikini bottom. Designed for the intelligent, independent woman. The Stone Gray colorway with Chalk White accents creates a sophisticated palette. Pure intelligent aesthetic elegance.</p>",Twessie,Bikini Bottom,"minimalist bikini bottom, architectural swimsuit, independent fashion, luxury Stone Gray swimwear, high-end swimwear",TRUE,Color,Chalk White,Size,XXL,TWESSIE_JP_BB_0504-Chalk White-XXL,168.0,,10
twessie-eu-bt-0505,Olive Drab Sculptural Matte Ribbed Knit Bikini Top,"<p>Matte Ribbed Knit construction meets architectural precision in this bikini top. Designed for the intelligent, independent woman. The Olive Drab colorway with Burnt Terracotta accents creates a sophisticated palette. Pure intelligent aesthetic elegance.</p>",Twessie,Bikini Top,"luxury Olive Drab swimwear, minimalist luxury, independent fashion, architectural swimsuit, minimalist bikini top",TRUE,Color,Olive Drab,Size,XS,TWESSIE_EU_BT_0505-Olive Drab-XS,168.0,,10
twessie-eu-bt-0505,Olive Drab Sculptural Matte Ribbed Knit Bikini Top,"<p>Matte Ribbed Knit construction meets architectural precision in this bikini top. Designed for the intelligent, independent woman. The Olive Drab colorway with Burnt Terracotta accents creates a sophisticated palette. Pure intelligent aesthetic elegance.</p>",Twessie,Bikini Top,"luxury Olive Drab swimwear, minimalist luxury, independent fashion, architectural swimsuit, minimalist bikini top",TRUE,Color,Olive Drab,Size,S,TWESSIE_EU_BT_0505-Olive Drab-S,168.0,,10
twessie-eu-bt-0505,Olive Drab Sculptural Matte Ribbed Knit Bikini Top,"<p>Matte Ribbed Knit construction meets architectural precision in this bikini top. Designed for the intelligent, independent woman. The Olive Drab colorway with Burnt Terracotta accents creates a sophisticated palette. Pure intelligent aesthetic elegance.</p>",Twessie,Bikini Top,"luxury Olive Drab swimwear, minimalist luxury, independent fashion, architectural swimsuit, minimalist bikini top",TRUE,Color,Olive Drab,Size,M,TWESSIE_EU_BT_0505-Olive Drab-M,168.0,,10
twessie-eu-bt-0505,Olive Drab Sculptural Matte Ribbed Knit Bikini Top,"<p>Matte Ribbed Knit construction meets architectural precision in this bikini top. Designed for the intelligent, independent woman. The Olive Drab colorway with Burnt Terracotta accents creates a sophisticated palette. Pure intelligent aesthetic elegance.</p>",Twessie,Bikini Top,"luxury Olive Drab swimwear, minimalist luxury, independent fashion, architectural swimsuit, minimalist bikini top",TRUE,Color,Olive Drab,Size,L,TWESSIE_EU_BT_0505-Olive Drab-L,168.0,,10
twessie-eu-bt-0505,Olive Drab Sculptural Matte Ribbed Knit Bikini Top,"<p>Matte Ribbed Knit construction meets architectural precision in this bikini top. Designed for the intelligent, independent woman. The Olive Drab colorway with Burnt Terracotta accents creates a sophisticated palette. Pure intelligent aesthetic elegance.</p>",Twessie,Bikini Top,"luxury Olive Drab swimwear, minimalist luxury, independent fashion, architectural swimsuit, minimalist bikini top",TRUE,Color,Olive Drab,Size,XL,TWESSIE_EU_BT_0505-Olive Drab-XL,168.0,,10
twessie-eu-bt-0505,Olive Drab Sculptural Matte Ribbed Knit Bikini Top,"<p>Matte Ribbed Knit construction meets architectural precision in this bikini top. Designed for the intelligent, independent woman. The Olive Drab colorway with Burnt Terracotta accents creates a sophisticated palette. Pure intelligent aesthetic elegance.</p>",Twessie,Bikini Top,"luxury Olive Drab swimwear, minimalist luxury, independent fashion, architectural swimsuit, minimalist bikini top",TRUE,Color,Olive Drab,Size,XXL,TWESSIE_EU_BT_0505-Olive Drab-XXL,168.0,,10
twessie-eu-bt-0505,Olive Drab Sculptural Matte Ribbed Knit Bikini Top,"<p>Matte Ribbed Knit construction meets architectural precision in this bikini top. Designed for the intelligent, independent woman. The Olive Drab colorway with Burnt Terracotta accents creates a sophisticated palette. Pure intelligent aesthetic elegance.</p>",Twessie,Bikini Top,"luxury Olive Drab swimwear, minimalist luxury, independent fashion, architectural swimsuit, minimalist bikini top",TRUE,Color,Burnt Terracotta,Size,XS,TWESSIE_EU_BT_0505-Burnt Terracotta-XS,168.0,,10
twessie-eu-bt-0505,Olive Drab Sculptural Matte Ribbed Knit Bikini Top,"<p>Matte Ribbed Knit construction meets architectural precision in this bikini top. Designed for the intelligent, independent woman. The Olive Drab colorway with Burnt Terracotta accents creates a sophisticated palette. Pure intelligent aesthetic elegance.</p>",Twessie,Bikini Top,"luxury Olive Drab swimwear, minimalist luxury, independent fashion, architectural swimsuit, minimalist bikini top",TRUE,Color,Burnt Terracotta,Size,S,TWESSIE_EU_BT_0505-Burnt Terracotta-S,168.0,,10
twessie-eu-bt-0505,Olive Drab Sculptural Matte Ribbed Knit Bikini Top,"<p>Matte Ribbed Knit construction meets architectural precision in this bikini top. Designed for the intelligent, independent woman. The Olive Drab colorway with Burnt Terracotta accents creates a sophisticated palette. Pure intelligent aesthetic elegance.</p>",Twessie,Bikini Top,"luxury Olive Drab swimwear, minimalist luxury, independent fashion, architectural swimsuit, minimalist bikini top",TRUE,Color,Burnt Terracotta,Size,M,TWESSIE_EU_BT_0505-Burnt Terracotta-M,168.0,,10
twessie-eu-bt-0505,Olive Drab Sculptural Matte Ribbed Knit Bikini Top,"<p>Matte Ribbed Knit construction meets architectural precision in this bikini top. Designed for the intelligent, independent woman. The Olive Drab colorway with Burnt Terracotta accents creates a sophisticated palette. Pure intelligent aesthetic elegance.</p>",Twessie,Bikini Top,"luxury Olive Drab swimwear, minimalist luxury, independent fashion, architectural swimsuit, minimalist bikini top",TRUE,Color,Burnt Terracotta,Size,L,TWESSIE_EU_BT_0505-Burnt Terracotta-L,168.0,,10
twessie-eu-bt-0505,Olive Drab Sculptural Matte Ribbed Knit Bikini Top,"<p>Matte Ribbed Knit construction meets architectural precision in this bikini top. Designed for the intelligent, independent woman. The Olive Drab colorway with Burnt Terracotta accents creates a sophisticated palette. Pure intelligent aesthetic elegance.</p>",Twessie,Bikini Top,"luxury Olive Drab swimwear, minimalist luxury, independent fashion, architectural swimsuit, minimalist bikini top",TRUE,Color,Burnt Terracotta,Size,XL,TWESSIE_EU_BT_0505-Burnt Terracotta-XL,168.0,,10
twessie-eu-bt-0505,Olive Drab Sculptural Matte Ribbed Knit Bikini Top,"<p>Matte Ribbed Knit construction meets architectural precision in this bikini top. Designed for the intelligent, independent woman. The Olive Drab colorway with Burnt Terracotta accents creates a sophisticated palette. Pure intelligent aesthetic elegance.</p>",Twessie,Bikini Top,"luxury Olive Drab swimwear, minimalist luxury, independent fashion, architectural swimsuit, minimalist bikini top",TRUE,Color,Burnt Terracotta,Size,XXL,TWESSIE_EU_BT_0505-Burnt Terracotta-XXL,168.0,,10
twessie-na-bb-0506,Structural Crinkled Seersucker Bikini Bottom,<p>A statement piece in Crinkled Seersucker. This bikini bottom combines architectural elegance design with impeccable craftsmanship. Available in Chalk White with Stone Gray detailing. Not loud. Not obvious. Unmistakably Twessie.</p>,Twessie,Bikini Bottom,"minimalist bikini bottom, luxury Chalk White swimwear, high-end swimwear, independent fashion, architectural swimsuit",TRUE,Color,Chalk White,Size,XS,TWESSIE_NA_BB_0506-Chalk White-XS,168.0,,10
twessie-na-bb-0506,Structural Crinkled Seersucker Bikini Bottom,<p>A statement piece in Crinkled Seersucker. This bikini bottom combines architectural elegance design with impeccable craftsmanship. Available in Chalk White with Stone Gray detailing. Not loud. Not obvious. Unmistakably Twessie.</p>,Twessie,Bikini Bottom,"minimalist bikini bottom, luxury Chalk White swimwear, high-end swimwear, independent fashion, architectural swimsuit",TRUE,Color,Chalk White,Size,S,TWESSIE_NA_BB_0506-Chalk White-S,168.0,,10
twessie-na-bb-0506,Structural Crinkled Seersucker Bikini Bottom,<p>A statement piece in Crinkled Seersucker. This bikini bottom combines architectural elegance design with impeccable craftsmanship. Available in Chalk White with Stone Gray detailing. Not loud. Not obvious. Unmistakably Twessie.</p>,Twessie,Bikini Bottom,"minimalist bikini bottom, luxury Chalk White swimwear, high-end swimwear, independent fashion, architectural swimsuit",TRUE,Color,Chalk White,Size,M,TWESSIE_NA_BB_0506-Chalk White-M,168.0,,10
twessie-na-bb-0506,Structural Crinkled Seersucker Bikini Bottom,<p>A statement piece in Crinkled Seersucker. This bikini bottom combines architectural elegance design with impeccable craftsmanship. Available in Chalk White with Stone Gray detailing. Not loud. Not obvious. Unmistakably Twessie.</p>,Twessie,Bikini Bottom,"minimalist bikini bottom, luxury Chalk White swimwear, high-end swimwear, independent fashion, architectural swimsuit",TRUE,Color,Chalk White,Size,L,TWESSIE_NA_BB_0506-Chalk White-L,168.0,,10
twessie-na-bb-0506,Structural Crinkled Seersucker Bikini Bottom,<p>A statement piece in Crinkled Seersucker. This bikini bottom combines architectural elegance design with impeccable craftsmanship. Available in Chalk White with Stone Gray detailing. Not loud. Not obvious. Unmistakably Twessie.</p>,Twessie,Bikini Bottom,"minimalist bikini bottom, luxury Chalk White swimwear, high-end swimwear, independent fashion, architectural swimsuit",TRUE,Color,Chalk White,Size,XL,TWESSIE_NA_BB_0506-Chalk White-XL,168.0,,10
twessie-na-bb-0506,Structural Crinkled Seersucker Bikini Bottom,<p>A statement piece in Crinkled Seersucker. This bikini bottom combines architectural elegance design with impeccable craftsmanship. Available in Chalk White with Stone Gray detailing. Not loud. Not obvious. Unmistakably Twessie.</p>,Twessie,Bikini Bottom,"minimalist bikini bottom, luxury Chalk White swimwear, high-end swimwear, independent fashion, architectural swimsuit",TRUE,Color,Chalk White,Size,XXL,TWESSIE_NA_BB_0506-Chalk White-XXL,168.0,,10
twessie-na-bb-0506,Structural Crinkled Seersucker Bikini Bottom,<p>A statement piece in Crinkled Seersucker. This bikini bottom combines architectural elegance design with impeccable craftsmanship. Available in Chalk White with Stone Gray detailing. Not loud. Not obvious. Unmistakably Twessie.</p>,Twessie,Bikini Bottom,"minimalist bikini bottom, luxury Chalk White swimwear, high-end swimwear, independent fashion, architectural swimsuit",TRUE,Color,Stone Gray,Size,XS,TWESSIE_NA_BB_0506-Stone Gray-XS,168.0,,10
twessie-na-bb-0506,Structural Crinkled Seersucker Bikini Bottom,<p>A statement piece in Crinkled Seersucker. This bikini bottom combines architectural elegance design with impeccable craftsmanship. Available in Chalk White with Stone Gray detailing. Not loud. Not obvious. Unmistakably Twessie.</p>,Twessie,Bikini Bottom,"minimalist bikini bottom, luxury Chalk White swimwear, high-end swimwear, independent fashion, architectural swimsuit",TRUE,Color,Stone Gray,Size,S,TWESSIE_NA_BB_0506-Stone Gray-S,168.0,,10
twessie-na-bb-0506,Structural Crinkled Seersucker Bikini Bottom,<p>A statement piece in Crinkled Seersucker. This bikini bottom combines architectural elegance design with impeccable craftsmanship. Available in Chalk White with Stone Gray detailing. Not loud. Not obvious. Unmistakably Twessie.</p>,Twessie,Bikini Bottom,"minimalist bikini bottom, luxury Chalk White swimwear, high-end swimwear, independent fashion, architectural swimsuit",TRUE,Color,Stone Gray,Size,M,TWESSIE_NA_BB_0506-Stone Gray-M,168.0,,10
twessie-na-bb-0506,Structural Crinkled Seersucker Bikini Bottom,<p>A statement piece in Crinkled Seersucker. This bikini bottom combines architectural elegance design with impeccable craftsmanship. Available in Chalk White with Stone Gray detailing. Not loud. Not obvious. Unmistakably Twessie.</p>,Twessie,Bikini Bottom,"minimalist bikini bottom, luxury Chalk White swimwear, high-end swimwear, independent fashion, architectural swimsuit",TRUE,Color,Stone Gray,Size,L,TWESSIE_NA_BB_0506-Stone Gray-L,168.0,,10
twessie-na-bb-0506,Structural Crinkled Seersucker Bikini Bottom,<p>A statement piece in Crinkled Seersucker. This bikini bottom combines architectural elegance design with impeccable craftsmanship. Available in Chalk White with Stone Gray detailing. Not loud. Not obvious. Unmistakably Twessie.</p>,Twessie,Bikini Bottom,"minimalist bikini bottom, luxury Chalk White swimwear, high-end swimwear, independent fashion, architectural swimsuit",TRUE,Color,Stone Gray,Size,XL,TWESSIE_NA_BB_0506-Stone Gray-XL,168.0,,10
twessie-na-bb-0506,Structural Crinkled Seersucker Bikini Bottom,<p>A statement piece in Crinkled Seersucker. This bikini bottom combines architectural elegance design with impeccable craftsmanship. Available in Chalk White with Stone Gray detailing. Not loud. Not obvious. Unmistakably Twessie.</p>,Twessie,Bikini Bottom,"minimalist bikini bottom, luxury Chalk White swimwear, high-end swimwear, independent fashion, architectural swimsuit",TRUE,Color,Stone Gray,Size,XXL,TWESSIE_NA_BB_0506-Stone Gray-XXL,168.0,,10
twessie-eu-bt-0507,Architecture-Cut Obsidian Black Bikini Top,"<p>Econyl Sleek Satin construction meets architectural precision in this bikini top. Designed for the intelligent, independent woman. The Obsidian Black colorway with Stone Gray accents creates a sophisticated palette. Pure intelligent aesthetic elegance.</p>",Twessie,Bikini Top,"architectural swimsuit, Econyl Sleek Satin bikini, independent fashion, minimalist bikini top, luxury Obsidian Black swimwear",TRUE,Color,Obsidian Black,Size,XS,TWESSIE_EU_BT_0507-Obsidian Black-XS,168.0,,10
twessie-eu-bt-0507,Architecture-Cut Obsidian Black Bikini Top,"<p>Econyl Sleek Satin construction meets architectural precision in this bikini top. Designed for the intelligent, independent woman. The Obsidian Black colorway with Stone Gray accents creates a sophisticated palette. Pure intelligent aesthetic elegance.</p>",Twessie,Bikini Top,"architectural swimsuit, Econyl Sleek Satin bikini, independent fashion, minimalist bikini top, luxury Obsidian Black swimwear",TRUE,Color,Obsidian Black,Size,S,TWESSIE_EU_BT_0507-Obsidian Black-S,168.0,,10
twessie-eu-bt-0507,Architecture-Cut Obsidian Black Bikini Top,"<p>Econyl Sleek Satin construction meets architectural precision in this bikini top. Designed for the intelligent, independent woman. The Obsidian Black colorway with Stone Gray accents creates a sophisticated palette. Pure intelligent aesthetic elegance.</p>",Twessie,Bikini Top,"architectural swimsuit, Econyl Sleek Satin bikini, independent fashion, minimalist bikini top, luxury Obsidian Black swimwear",TRUE,Color,Obsidian Black,Size,M,TWESSIE_EU_BT_0507-Obsidian Black-M,168.0,,10
twessie-eu-bt-0507,Architecture-Cut Obsidian Black Bikini Top,"<p>Econyl Sleek Satin construction meets architectural precision in this bikini top. Designed for the intelligent, independent woman. The Obsidian Black colorway with Stone Gray accents creates a sophisticated palette. Pure intelligent aesthetic elegance.</p>",Twessie,Bikini Top,"architectural swimsuit, Econyl Sleek Satin bikini, independent fashion, minimalist bikini top, luxury Obsidian Black swimwear",TRUE,Color,Obsidian Black,Size,L,TWESSIE_EU_BT_0507-Obsidian Black-L,168.0,,10
twessie-eu-bt-0507,Architecture-Cut Obsidian Black Bikini Top,"<p>Econyl Sleek Satin construction meets architectural precision in this bikini top. Designed for the intelligent, independent woman. The Obsidian Black colorway with Stone Gray accents creates a sophisticated palette. Pure intelligent aesthetic elegance.</p>",Twessie,Bikini Top,"architectural swimsuit, Econyl Sleek Satin bikini, independent fashion, minimalist bikini top, luxury Obsidian Black swimwear",TRUE,Color,Obsidian Black,Size,XL,TWESSIE_EU_BT_0507-Obsidian Black-XL,168.0,,10
twessie-eu-bt-0507,Architecture-Cut Obsidian Black Bikini Top,"<p>Econyl Sleek Satin construction meets architectural precision in this bikini top. Designed for the intelligent, independent woman. The Obsidian Black colorway with Stone Gray accents creates a sophisticated palette. Pure intelligent aesthetic elegance.</p>",Twessie,Bikini Top,"architectural swimsuit, Econyl Sleek Satin bikini, independent fashion, minimalist bikini top, luxury Obsidian Black swimwear",TRUE,Color,Obsidian Black,Size,XXL,TWESSIE_EU_BT_0507-Obsidian Black-XXL,168.0,,10
twessie-eu-bt-0507,Architecture-Cut Obsidian Black Bikini Top,"<p>Econyl Sleek Satin construction meets architectural precision in this bikini top. Designed for the intelligent, independent woman. The Obsidian Black colorway with Stone Gray accents creates a sophisticated palette. Pure intelligent aesthetic elegance.</p>",Twessie,Bikini Top,"architectural swimsuit, Econyl Sleek Satin bikini, independent fashion, minimalist bikini top, luxury Obsidian Black swimwear",TRUE,Color,Stone Gray,Size,XS,TWESSIE_EU_BT_0507-Stone Gray-XS,168.0,,10
twessie-eu-bt-0507,Architecture-Cut Obsidian Black Bikini Top,"<p>Econyl Sleek Satin construction meets architectural precision in this bikini top. Designed for the intelligent, independent woman. The Obsidian Black colorway with Stone Gray accents creates a sophisticated palette. Pure intelligent aesthetic elegance.</p>",Twessie,Bikini Top,"architectural swimsuit, Econyl Sleek Satin bikini, independent fashion, minimalist bikini top, luxury Obsidian Black swimwear",TRUE,Color,Stone Gray,Size,S,TWESSIE_EU_BT_0507-Stone Gray-S,168.0,,10
twessie-eu-bt-0507,Architecture-Cut Obsidian Black Bikini Top,"<p>Econyl Sleek Satin construction meets architectural precision in this bikini top. Designed for the intelligent, independent woman. The Obsidian Black colorway with Stone Gray accents creates a sophisticated palette. Pure intelligent aesthetic elegance.</p>",Twessie,Bikini Top,"architectural swimsuit, Econyl Sleek Satin bikini, independent fashion, minimalist bikini top, luxury Obsidian Black swimwear",TRUE,Color,Stone Gray,Size,M,TWESSIE_EU_BT_0507-Stone Gray-M,168.0,,10
twessie-eu-bt-0507,Architecture-Cut Obsidian Black Bikini Top,"<p>Econyl Sleek Satin construction meets architectural precision in this bikini top. Designed for the intelligent, independent woman. The Obsidian Black colorway with Stone Gray accents creates a sophisticated palette. Pure intelligent aesthetic elegance.</p>",Twessie,Bikini Top,"architectural swimsuit, Econyl Sleek Satin bikini, independent fashion, minimalist bikini top, luxury Obsidian Black swimwear",TRUE,Color,Stone Gray,Size,L,TWESSIE_EU_BT_0507-Stone Gray-L,168.0,,10
twessie-eu-bt-0507,Architecture-Cut Obsidian Black Bikini Top,"<p>Econyl Sleek Satin construction meets architectural precision in this bikini top. Designed for the intelligent, independent woman. The Obsidian Black colorway with Stone Gray accents creates a sophisticated palette. Pure intelligent aesthetic elegance.</p>",Twessie,Bikini Top,"architectural swimsuit, Econyl Sleek Satin bikini, independent fashion, minimalist bikini top, luxury Obsidian Black swimwear",TRUE,Color,Stone Gray,Size,XL,TWESSIE_EU_BT_0507-Stone Gray-XL,168.0,,10
twessie-eu-bt-0507,Architecture-Cut Obsidian Black Bikini Top,"<p>Econyl Sleek Satin construction meets architectural precision in this bikini top. Designed for the intelligent, independent woman. The Obsidian Black colorway with Stone Gray accents creates a sophisticated palette. Pure intelligent aesthetic elegance.</p>",Twessie,Bikini Top,"architectural swimsuit, Econyl Sleek Satin bikini, independent fashion, minimalist bikini top, luxury Obsidian Black swimwear",TRUE,Color,Stone Gray,Size,XXL,TWESSIE_EU_BT_0507-Stone Gray-XXL,168.0,,10
twessie-na-bb-0508,Structural Matte Ribbed Knit Bikini Bottom,"<p>Matte Ribbed Knit construction meets architectural precision in this bikini bottom. Designed for the intelligent, independent woman. The Olive Drab colorway with Burnt Terracotta accents creates a sophisticated palette. Pure anti-fashion statement elegance.</p>",Twessie,Bikini Bottom,"Matte Ribbed Knit bikini, minimalist bikini bottom, minimalist luxury, luxury Olive Drab swimwear, high-end swimwear",TRUE,Color,Olive Drab,Size,XS,TWESSIE_NA_BB_0508-Olive Drab-XS,168.0,,10
twessie-na-bb-0508,Structural Matte Ribbed Knit Bikini Bottom,"<p>Matte Ribbed Knit construction meets architectural precision in this bikini bottom. Designed for the intelligent, independent woman. The Olive Drab colorway with Burnt Terracotta accents creates a sophisticated palette. Pure anti-fashion statement elegance.</p>",Twessie,Bikini Bottom,"Matte Ribbed Knit bikini, minimalist bikini bottom, minimalist luxury, luxury Olive Drab swimwear, high-end swimwear",TRUE,Color,Olive Drab,Size,S,TWESSIE_NA_BB_0508-Olive Drab-S,168.0,,10
twessie-na-bb-0508,Structural Matte Ribbed Knit Bikini Bottom,"<p>Matte Ribbed Knit construction meets architectural precision in this bikini bottom. Designed for the intelligent, independent woman. The Olive Drab colorway with Burnt Terracotta accents creates a sophisticated palette. Pure anti-fashion statement elegance.</p>",Twessie,Bikini Bottom,"Matte Ribbed Knit bikini, minimalist bikini bottom, minimalist luxury, luxury Olive Drab swimwear, high-end swimwear",TRUE,Color,Olive Drab,Size,M,TWESSIE_NA_BB_0508-Olive Drab-M,168.0,,10
twessie-na-bb-0508,Structural Matte Ribbed Knit Bikini Bottom,"<p>Matte Ribbed Knit construction meets architectural precision in this bikini bottom. Designed for the intelligent, independent woman. The Olive Drab colorway with Burnt Terracotta accents creates a sophisticated palette. Pure anti-fashion statement elegance.</p>",Twessie,Bikini Bottom,"Matte Ribbed Knit bikini, minimalist bikini bottom, minimalist luxury, luxury Olive Drab swimwear, high-end swimwear",TRUE,Color,Olive Drab,Size,L,TWESSIE_NA_BB_0508-Olive Drab-L,168.0,,10
twessie-na-bb-0508,Structural Matte Ribbed Knit Bikini Bottom,"<p>Matte Ribbed Knit construction meets architectural precision in this bikini bottom. Designed for the intelligent, independent woman. The Olive Drab colorway with Burnt Terracotta accents creates a sophisticated palette. Pure anti-fashion statement elegance.</p>",Twessie,Bikini Bottom,"Matte Ribbed Knit bikini, minimalist bikini bottom, minimalist luxury, luxury Olive Drab swimwear, high-end swimwear",TRUE,Color,Olive Drab,Size,XL,TWESSIE_NA_BB_0508-Olive Drab-XL,168.0,,10
twessie-na-bb-0508,Structural Matte Ribbed Knit Bikini Bottom,"<p>Matte Ribbed Knit construction meets architectural precision in this bikini bottom. Designed for the intelligent, independent woman. The Olive Drab colorway with Burnt Terracotta accents creates a sophisticated palette. Pure anti-fashion statement elegance.</p>",Twessie,Bikini Bottom,"Matte Ribbed Knit bikini, minimalist bikini bottom, minimalist luxury, luxury Olive Drab swimwear, high-end swimwear",TRUE,Color,Olive Drab,Size,XXL,TWESSIE_NA_BB_0508-Olive Drab-XXL,168.0,,10
twessie-na-bb-0508,Structural Matte Ribbed Knit Bikini Bottom,"<p>Matte Ribbed Knit construction meets architectural precision in this bikini bottom. Designed for the intelligent, independent woman. The Olive Drab colorway with Burnt Terracotta accents creates a sophisticated palette. Pure anti-fashion statement elegance.</p>",Twessie,Bikini Bottom,"Matte Ribbed Knit bikini, minimalist bikini bottom, minimalist luxury, luxury Olive Drab swimwear, high-end swimwear",TRUE,Color,Burnt Terracotta,Size,XS,TWESSIE_NA_BB_0508-Burnt Terracotta-XS,168.0,,10
twessie-na-bb-0508,Structural Matte Ribbed Knit Bikini Bottom,"<p>Matte Ribbed Knit construction meets architectural precision in this bikini bottom. Designed for the intelligent, independent woman. The Olive Drab colorway with Burnt Terracotta accents creates a sophisticated palette. Pure anti-fashion statement elegance.</p>",Twessie,Bikini Bottom,"Matte Ribbed Knit bikini, minimalist bikini bottom, minimalist luxury, luxury Olive Drab swimwear, high-end swimwear",TRUE,Color,Burnt Terracotta,Size,S,TWESSIE_NA_BB_0508-Burnt Terracotta-S,168.0,,10
twessie-na-bb-0508,Structural Matte Ribbed Knit Bikini Bottom,"<p>Matte Ribbed Knit construction meets architectural precision in this bikini bottom. Designed for the intelligent, independent woman. The Olive Drab colorway with Burnt Terracotta accents creates a sophisticated palette. Pure anti-fashion statement elegance.</p>",Twessie,Bikini Bottom,"Matte Ribbed Knit bikini, minimalist bikini bottom, minimalist luxury, luxury Olive Drab swimwear, high-end swimwear",TRUE,Color,Burnt Terracotta,Size,M,TWESSIE_NA_BB_0508-Burnt Terracotta-M,168.0,,10
twessie-na-bb-0508,Structural Matte Ribbed Knit Bikini Bottom,"<p>Matte Ribbed Knit construction meets architectural precision in this bikini bottom. Designed for the intelligent, independent woman. The Olive Drab colorway with Burnt Terracotta accents creates a sophisticated palette. Pure anti-fashion statement elegance.</p>",Twessie,Bikini Bottom,"Matte Ribbed Knit bikini, minimalist bikini bottom, minimalist luxury, luxury Olive Drab swimwear, high-end swimwear",TRUE,Color,Burnt Terracotta,Size,L,TWESSIE_NA_BB_0508-Burnt Terracotta-L,168.0,,10
twessie-na-bb-0508,Structural Matte Ribbed Knit Bikini Bottom,"<p>Matte Ribbed Knit construction meets architectural precision in this bikini bottom. Designed for the intelligent, independent woman. The Olive Drab colorway with Burnt Terracotta accents creates a sophisticated palette. Pure anti-fashion statement elegance.</p>",Twessie,Bikini Bottom,"Matte Ribbed Knit bikini, minimalist bikini bottom, minimalist luxury, luxury Olive Drab swimwear, high-end swimwear",TRUE,Color,Burnt Terracotta,Size,XL,TWESSIE_NA_BB_0508-Burnt Terracotta-XL,168.0,,10
twessie-na-bb-0508,Structural Matte Ribbed Knit Bikini Bottom,"<p>Matte Ribbed Knit construction meets architectural precision in this bikini bottom. Designed for the intelligent, independent woman. The Olive Drab colorway with Burnt Terracotta accents creates a sophisticated palette. Pure anti-fashion statement elegance.</p>",Twessie,Bikini Bottom,"Matte Ribbed Knit bikini, minimalist bikini bottom, minimalist luxury, luxury Olive Drab swimwear, high-end swimwear",TRUE,Color,Burnt Terracotta,Size,XXL,TWESSIE_NA_BB_0508-Burnt Terracotta-XXL,168.0,,10
twessie-sg-bt-0509,Minimalist Chalk White Textured Bikini Top,"<p>Crinkled Seersucker construction meets architectural precision in this bikini top. Designed for the intelligent, independent woman. The Chalk White colorway with Stone Gray accents creates a sophisticated palette. Pure minimalist luxury elegance.</p>",Twessie,Bikini Top,"minimalist bikini top, Crinkled Seersucker bikini, high-end swimwear, minimalist luxury, independent fashion",TRUE,Color,Chalk White,Size,XS,TWESSIE_SG_BT_0509-Chalk White-XS,168.0,,10
twessie-sg-bt-0509,Minimalist Chalk White Textured Bikini Top,"<p>Crinkled Seersucker construction meets architectural precision in this bikini top. Designed for the intelligent, independent woman. The Chalk White colorway with Stone Gray accents creates a sophisticated palette. Pure minimalist luxury elegance.</p>",Twessie,Bikini Top,"minimalist bikini top, Crinkled Seersucker bikini, high-end swimwear, minimalist luxury, independent fashion",TRUE,Color,Chalk White,Size,S,TWESSIE_SG_BT_0509-Chalk White-S,168.0,,10
twessie-sg-bt-0509,Minimalist Chalk White Textured Bikini Top,"<p>Crinkled Seersucker construction meets architectural precision in this bikini top. Designed for the intelligent, independent woman. The Chalk White colorway with Stone Gray accents creates a sophisticated palette. Pure minimalist luxury elegance.</p>",Twessie,Bikini Top,"minimalist bikini top, Crinkled Seersucker bikini, high-end swimwear, minimalist luxury, independent fashion",TRUE,Color,Chalk White,Size,M,TWESSIE_SG_BT_0509-Chalk White-M,168.0,,10
twessie-sg-bt-0509,Minimalist Chalk White Textured Bikini Top,"<p>Crinkled Seersucker construction meets architectural precision in this bikini top. Designed for the intelligent, independent woman. The Chalk White colorway with Stone Gray accents creates a sophisticated palette. Pure minimalist luxury elegance.</p>",Twessie,Bikini Top,"minimalist bikini top, Crinkled Seersucker bikini, high-end swimwear, minimalist luxury, independent fashion",TRUE,Color,Chalk White,Size,L,TWESSIE_SG_BT_0509-Chalk White-L,168.0,,10
twessie-sg-bt-0509,Minimalist Chalk White Textured Bikini Top,"<p>Crinkled Seersucker construction meets architectural precision in this bikini top. Designed for the intelligent, independent woman. The Chalk White colorway with Stone Gray accents creates a sophisticated palette. Pure minimalist luxury elegance.</p>",Twessie,Bikini Top,"minimalist bikini top, Crinkled Seersucker bikini, high-end swimwear, minimalist luxury, independent fashion",TRUE,Color,Chalk White,Size,XL,TWESSIE_SG_BT_0509-Chalk White-XL,168.0,,10
twessie-sg-bt-0509,Minimalist Chalk White Textured Bikini Top,"<p>Crinkled Seersucker construction meets architectural precision in this bikini top. Designed for the intelligent, independent woman. The Chalk White colorway with Stone Gray accents creates a sophisticated palette. Pure minimalist luxury elegance.</p>",Twessie,Bikini Top,"minimalist bikini top, Crinkled Seersucker bikini, high-end swimwear, minimalist luxury, independent fashion",TRUE,Color,Chalk White,Size,XXL,TWESSIE_SG_BT_0509-Chalk White-XXL,168.0,,10
twessie-sg-bt-0509,Minimalist Chalk White Textured Bikini Top,"<p>Crinkled Seersucker construction meets architectural precision in this bikini top. Designed for the intelligent, independent woman. The Chalk White colorway with Stone Gray accents creates a sophisticated palette. Pure minimalist luxury elegance.</p>",Twessie,Bikini Top,"minimalist bikini top, Crinkled Seersucker bikini, high-end swimwear, minimalist luxury, independent fashion",TRUE,Color,Stone Gray,Size,XS,TWESSIE_SG_BT_0509-Stone Gray-XS,168.0,,10
twessie-sg-bt-0509,Minimalist Chalk White Textured Bikini Top,"<p>Crinkled Seersucker construction meets architectural precision in this bikini top. Designed for the intelligent, independent woman. The Chalk White colorway with Stone Gray accents creates a sophisticated palette. Pure minimalist luxury elegance.</p>",Twessie,Bikini Top,"minimalist bikini top, Crinkled Seersucker bikini, high-end swimwear, minimalist luxury, independent fashion",TRUE,Color,Stone Gray,Size,S,TWESSIE_SG_BT_0509-Stone Gray-S,168.0,,10
twessie-sg-bt-0509,Minimalist Chalk White Textured Bikini Top,"<p>Crinkled Seersucker construction meets architectural precision in this bikini top. Designed for the intelligent, independent woman. The Chalk White colorway with Stone Gray accents creates a sophisticated palette. Pure minimalist luxury elegance.</p>",Twessie,Bikini Top,"minimalist bikini top, Crinkled Seersucker bikini, high-end swimwear, minimalist luxury, independent fashion",TRUE,Color,Stone Gray,Size,M,TWESSIE_SG_BT_0509-Stone Gray-M,168.0,,10
twessie-sg-bt-0509,Minimalist Chalk White Textured Bikini Top,"<p>Crinkled Seersucker construction meets architectural precision in this bikini top. Designed for the intelligent, independent woman. The Chalk White colorway with Stone Gray accents creates a sophisticated palette. Pure minimalist luxury elegance.</p>",Twessie,Bikini Top,"minimalist bikini top, Crinkled Seersucker bikini, high-end swimwear, minimalist luxury, independent fashion",TRUE,Color,Stone Gray,Size,L,TWESSIE_SG_BT_0509-Stone Gray-L,168.0,,10
twessie-sg-bt-0509,Minimalist Chalk White Textured Bikini Top,"<p>Crinkled Seersucker construction meets architectural precision in this bikini top. Designed for the intelligent, independent woman. The Chalk White colorway with Stone Gray accents creates a sophisticated palette. Pure minimalist luxury elegance.</p>",Twessie,Bikini Top,"minimalist bikini top, Crinkled Seersucker bikini, high-end swimwear, minimalist luxury, independent fashion",TRUE,Color,Stone Gray,Size,XL,TWESSIE_SG_BT_0509-Stone Gray-XL,168.0,,10
twessie-sg-bt-0509,Minimalist Chalk White Textured Bikini Top,"<p>Crinkled Seersucker construction meets architectural precision in this bikini top. Designed for the intelligent, independent woman. The Chalk White colorway with Stone Gray accents creates a sophisticated palette. Pure minimalist luxury elegance.</p>",Twessie,Bikini Top,"minimalist bikini top, Crinkled Seersucker bikini, high-end swimwear, minimalist luxury, independent fashion",TRUE,Color,Stone Gray,Size,XXL,TWESSIE_SG_BT_0509-Stone Gray-XXL,168.0,,10
twessie-au-ha-0510,Architectural Halter Strap System - Obsidian Black,"<p>Econyl Sleek Satin construction meets architectural precision in this halter strap accessory. Designed for the intelligent, independent woman. The Obsidian Black colorway with Stone Gray accents creates a sophisticated palette. Pure intelligent aesthetic elegance.</p>",Twessie,Halter Strap Accessory,"Econyl Sleek Satin bikini, minimalist halter strap accessory, luxury Obsidian Black swimwear, architectural swimsuit, high-end swimwear",TRUE,Color,Obsidian Black,Size,XS,TWESSIE_AU_HA_0510-Obsidian Black-XS,168.0,,10
twessie-au-ha-0510,Architectural Halter Strap System - Obsidian Black,"<p>Econyl Sleek Satin construction meets architectural precision in this halter strap accessory. Designed for the intelligent, independent woman. The Obsidian Black colorway with Stone Gray accents creates a sophisticated palette. Pure intelligent aesthetic elegance.</p>",Twessie,Halter Strap Accessory,"Econyl Sleek Satin bikini, minimalist halter strap accessory, luxury Obsidian Black swimwear, architectural swimsuit, high-end swimwear",TRUE,Color,Obsidian Black,Size,S,TWESSIE_AU_HA_0510-Obsidian Black-S,168.0,,10
twessie-au-ha-0510,Architectural Halter Strap System - Obsidian Black,"<p>Econyl Sleek Satin construction meets architectural precision in this halter strap accessory. Designed for the intelligent, independent woman. The Obsidian Black colorway with Stone Gray accents creates a sophisticated palette. Pure intelligent aesthetic elegance.</p>",Twessie,Halter Strap Accessory,"Econyl Sleek Satin bikini, minimalist halter strap accessory, luxury Obsidian Black swimwear, architectural swimsuit, high-end swimwear",TRUE,Color,Obsidian Black,Size,M,TWESSIE_AU_HA_0510-Obsidian Black-M,168.0,,10
twessie-au-ha-0510,Architectural Halter Strap System - Obsidian Black,"<p>Econyl Sleek Satin construction meets architectural precision in this halter strap accessory. Designed for the intelligent, independent woman. The Obsidian Black colorway with Stone Gray accents creates a sophisticated palette. Pure intelligent aesthetic elegance.</p>",Twessie,Halter Strap Accessory,"Econyl Sleek Satin bikini, minimalist halter strap accessory, luxury Obsidian Black swimwear, architectural swimsuit, high-end swimwear",TRUE,Color,Obsidian Black,Size,L,TWESSIE_AU_HA_0510-Obsidian Black-L,168.0,,10
twessie-au-ha-0510,Architectural Halter Strap System - Obsidian Black,"<p>Econyl Sleek Satin construction meets architectural precision in this halter strap accessory. Designed for the intelligent, independent woman. The Obsidian Black colorway with Stone Gray accents creates a sophisticated palette. Pure intelligent aesthetic elegance.</p>",Twessie,Halter Strap Accessory,"Econyl Sleek Satin bikini, minimalist halter strap accessory, luxury Obsidian Black swimwear, architectural swimsuit, high-end swimwear",TRUE,Color,Obsidian Black,Size,XL,TWESSIE_AU_HA_0510-Obsidian Black-XL,168.0,,10
twessie-au-ha-0510,Architectural Halter Strap System - Obsidian Black,"<p>Econyl Sleek Satin construction meets architectural precision in this halter strap accessory. Designed for the intelligent, independent woman. The Obsidian Black colorway with Stone Gray accents creates a sophisticated palette. Pure intelligent aesthetic elegance.</p>",Twessie,Halter Strap Accessory,"Econyl Sleek Satin bikini, minimalist halter strap accessory, luxury Obsidian Black swimwear, architectural swimsuit, high-end swimwear",TRUE,Color,Obsidian Black,Size,XXL,TWESSIE_AU_HA_0510-Obsidian Black-XXL,168.0,,10
twessie-au-ha-0510,Architectural Halter Strap System - Obsidian Black,"<p>Econyl Sleek Satin construction meets architectural precision in this halter strap accessory. Designed for the intelligent, independent woman. The Obsidian Black colorway with Stone Gray accents creates a sophisticated palette. Pure intelligent aesthetic elegance.</p>",Twessie,Halter Strap Accessory,"Econyl Sleek Satin bikini, minimalist halter strap accessory, luxury Obsidian Black swimwear, architectural swimsuit, high-end swimwear",TRUE,Color,Stone Gray,Size,XS,TWESSIE_AU_HA_0510-Stone Gray-XS,168.0,,10
twessie-au-ha-0510,Architectural Halter Strap System - Obsidian Black,"<p>Econyl Sleek Satin construction meets architectural precision in this halter strap accessory. Designed for the intelligent, independent woman. The Obsidian Black colorway with Stone Gray accents creates a sophisticated palette. Pure intelligent aesthetic elegance.</p>",Twessie,Halter Strap Accessory,"Econyl Sleek Satin bikini, minimalist halter strap accessory, luxury Obsidian Black swimwear, architectural swimsuit, high-end swimwear",TRUE,Color,Stone Gray,Size,S,TWESSIE_AU_HA_0510-Stone Gray-S,168.0,,10
twessie-au-ha-0510,Architectural Halter Strap System - Obsidian Black,"<p>Econyl Sleek Satin construction meets architectural precision in this halter strap accessory. Designed for the intelligent, independent woman. The Obsidian Black colorway with Stone Gray accents creates a sophisticated palette. Pure intelligent aesthetic elegance.</p>",Twessie,Halter Strap Accessory,"Econyl Sleek Satin bikini, minimalist halter strap accessory, luxury Obsidian Black swimwear, architectural swimsuit, high-end swimwear",TRUE,Color,Stone Gray,Size,M,TWESSIE_AU_HA_0510-Stone Gray-M,168.0,,10
twessie-au-ha-0510,Architectural Halter Strap System - Obsidian Black,"<p>Econyl Sleek Satin construction meets architectural precision in this halter strap accessory. Designed for the intelligent, independent woman. The Obsidian Black colorway with Stone Gray accents creates a sophisticated palette. Pure intelligent aesthetic elegance.</p>",Twessie,Halter Strap Accessory,"Econyl Sleek Satin bikini, minimalist halter strap accessory, luxury Obsidian Black swimwear, architectural swimsuit, high-end swimwear",TRUE,Color,Stone Gray,Size,L,TWESSIE_AU_HA_0510-Stone Gray-L,168.0,,10
twessie-au-ha-0510,Architectural Halter Strap System - Obsidian Black,"<p>Econyl Sleek Satin construction meets architectural precision in this halter strap accessory. Designed for the intelligent, independent woman. The Obsidian Black colorway with Stone Gray accents creates a sophisticated palette. Pure intelligent aesthetic elegance.</p>",Twessie,Halter Strap Accessory,"Econyl Sleek Satin bikini, minimalist halter strap accessory, luxury Obsidian Black swimwear, architectural swimsuit, high-end swimwear",TRUE,Color,Stone Gray,Size,XL,TWESSIE_AU_HA_0510-Stone Gray-XL,168.0,,10
twessie-au-ha-0510,Architectural Halter Strap System - Obsidian Black,"<p>Econyl Sleek Satin construction meets architectural precision in this halter strap accessory. Designed for the intelligent, independent woman. The Obsidian Black colorway with Stone Gray accents creates a sophisticated palette. Pure intelligent aesthetic elegance.</p>",Twessie,Halter Strap Accessory,"Econyl Sleek Satin bikini, minimalist halter strap accessory, luxury Obsidian Black swimwear, architectural swimsuit, high-end swimwear",TRUE,Color,Stone Gray,Size,XXL,TWESSIE_AU_HA_0510-Stone Gray-XXL,168.0,,10
