Handle,Title,Body (HTML),Vendor,Product Type,Tags,Published,Option1 Name,Option1 Value,Option2 Name,Option2 Value,Variant SKU,Variant Price,Variant Compare At Price,Variant Inventory Qty
twessie-jp-bt-0101,Stone Gray Sculptural Crinkled Seersucker Bikini Top,"<p>Crinkled Seersucker construction meets architectural precision in this bikini top. Designed for the intelligent, independent woman. The Stone Gray colorway with Chalk White accents creates a sophisticated palette. Pure intelligent aesthetic elegance.</p>",Twessie,Bikini Top,"high-end swimwear, independent fashion, architectural swimsuit, luxury Stone Gray swimwear, minimalist luxury",TRUE,Color,Stone Gray,Size,XS,TWESSIE_JP_BT_0101-Stone Gray-XS,168.0,,10
twessie-jp-bt-0101,Stone Gray Sculptural Crinkled Seersucker Bikini Top,"<p>Crinkled Seersucker construction meets architectural precision in this bikini top. Designed for the intelligent, independent woman. The Stone Gray colorway with Chalk White accents creates a sophisticated palette. Pure intelligent aesthetic elegance.</p>",Twessie,Bikini Top,"high-end swimwear, independent fashion, architectural swimsuit, luxury Stone Gray swimwear, minimalist luxury",TRUE,Color,Stone Gray,Size,S,TWESSIE_JP_BT_0101-Stone Gray-S,168.0,,10
twessie-jp-bt-0101,Stone Gray Sculptural Crinkled Seersucker Bikini Top,"<p>Crinkled Seersucker construction meets architectural precision in this bikini top. Designed for the intelligent, independent woman. The Stone Gray colorway with Chalk White accents creates a sophisticated palette. Pure intelligent aesthetic elegance.</p>",Twessie,Bikini Top,"high-end swimwear, independent fashion, architectural swimsuit, luxury Stone Gray swimwear, minimalist luxury",TRUE,Color,Stone Gray,Size,M,TWESSIE_JP_BT_0101-Stone Gray-M,168.0,,10
twessie-jp-bt-0101,Stone Gray Sculptural Crinkled Seersucker Bikini Top,"<p>Crinkled Seersucker construction meets architectural precision in this bikini top. Designed for the intelligent, independent woman. The Stone Gray colorway with Chalk White accents creates a sophisticated palette. Pure intelligent aesthetic elegance.</p>",Twessie,Bikini Top,"high-end swimwear, independent fashion, architectural swimsuit, luxury Stone Gray swimwear, minimalist luxury",TRUE,Color,Stone Gray,Size,L,TWESSIE_JP_BT_0101-Stone Gray-L,168.0,,10
twessie-jp-bt-0101,Stone Gray Sculptural Crinkled Seersucker Bikini Top,"<p>Crinkled Seersucker construction meets architectural precision in this bikini top. Designed for the intelligent, independent woman. The Stone Gray colorway with Chalk White accents creates a sophisticated palette. Pure intelligent aesthetic elegance.</p>",Twessie,Bikini Top,"high-end swimwear, independent fashion, architectural swimsuit, luxury Stone Gray swimwear, minimalist luxury",TRUE,Color,Stone Gray,Size,XL,TWESSIE_JP_BT_0101-Stone Gray-XL,168.0,,10
twessie-jp-bt-0101,Stone Gray Sculptural Crinkled Seersucker Bikini Top,"<p>Crinkled Seersucker construction meets architectural precision in this bikini top. Designed for the intelligent, independent woman. The Stone Gray colorway with Chalk White accents creates a sophisticated palette. Pure intelligent aesthetic elegance.</p>",Twessie,Bikini Top,"high-end swimwear, independent fashion, architectural swimsuit, luxury Stone Gray swimwear, minimalist luxury",TRUE,Color,Stone Gray,Size,XXL,TWESSIE_JP_BT_0101-Stone Gray-XXL,168.0,,10
twessie-jp-bt-0101,Stone Gray Sculptural Crinkled Seersucker Bikini Top,"<p>Crinkled Seersucker construction meets architectural precision in this bikini top. Designed for the intelligent, independent woman. The Stone Gray colorway with Chalk White accents creates a sophisticated palette. Pure intelligent aesthetic elegance.</p>",Twessie,Bikini Top,"high-end swimwear, independent fashion, architectural swimsuit, luxury Stone Gray swimwear, minimalist luxury",TRUE,Color,Chalk White,Size,XS,TWESSIE_JP_BT_0101-Chalk White-XS,168.0,,10
twessie-jp-bt-0101,Stone Gray Sculptural Crinkled Seersucker Bikini Top,"<p>Crinkled Seersucker construction meets architectural precision in this bikini top. Designed for the intelligent, independent woman. The Stone Gray colorway with Chalk White accents creates a sophisticated palette. Pure intelligent aesthetic elegance.</p>",Twessie,Bikini Top,"high-end swimwear, independent fashion, architectural swimsuit, luxury Stone Gray swimwear, minimalist luxury",TRUE,Color,Chalk White,Size,S,TWESSIE_JP_BT_0101-Chalk White-S,168.0,,10
twessie-jp-bt-0101,Stone Gray Sculptural Crinkled Seersucker Bikini Top,"<p>Crinkled Seersucker construction meets architectural precision in this bikini top. Designed for the intelligent, independent woman. The Stone Gray colorway with Chalk White accents creates a sophisticated palette. Pure intelligent aesthetic elegance.</p>",Twessie,Bikini Top,"high-end swimwear, independent fashion, architectural swimsuit, luxury Stone Gray swimwear, minimalist luxury",TRUE,Color,Chalk White,Size,M,TWESSIE_JP_BT_0101-Chalk White-M,168.0,,10
twessie-jp-bt-0101,Stone Gray Sculptural Crinkled Seersucker Bikini Top,"<p>Crinkled Seersucker construction meets architectural precision in this bikini top. Designed for the intelligent, independent woman. The Stone Gray colorway with Chalk White accents creates a sophisticated palette. Pure intelligent aesthetic elegance.</p>",Twessie,Bikini Top,"high-end swimwear, independent fashion, architectural swimsuit, luxury Stone Gray swimwear, minimalist luxury",TRUE,Color,Chalk White,Size,L,TWESSIE_JP_BT_0101-Chalk White-L,168.0,,10
twessie-jp-bt-0101,Stone Gray Sculptural Crinkled Seersucker Bikini Top,"<p>Crinkled Seersucker construction meets architectural precision in this bikini top. Designed for the intelligent, independent woman. The Stone Gray colorway with Chalk White accents creates a sophisticated palette. Pure intelligent aesthetic elegance.</p>",Twessie,Bikini Top,"high-end swimwear, independent fashion, architectural swimsuit, luxury Stone Gray swimwear, minimalist luxury",TRUE,Color,Chalk White,Size,XL,TWESSIE_JP_BT_0101-Chalk White-XL,168.0,,10
twessie-jp-bt-0101,Stone Gray Sculptural Crinkled Seersucker Bikini Top,"<p>Crinkled Seersucker construction meets architectural precision in this bikini top. Designed for the intelligent, independent woman. The Stone Gray colorway with Chalk White accents creates a sophisticated palette. Pure intelligent aesthetic elegance.</p>",Twessie,Bikini Top,"high-end swimwear, independent fashion, architectural swimsuit, luxury Stone Gray swimwear, minimalist luxury",TRUE,Color,Chalk White,Size,XXL,TWESSIE_JP_BT_0101-Chalk White-XXL,168.0,,10
twessie-na-bb-0102,Structural Matte Ribbed Knit Bikini Bottom,"<p>Matte Ribbed Knit construction meets architectural precision in this bikini bottom. Designed for the intelligent, independent woman. The Burnt Terracotta colorway with Olive Drab accents creates a sophisticated palette. Pure architectural elegance elegance.</p>",Twessie,Bikini Bottom,"minimalist bikini bottom, Matte Ribbed Knit bikini, luxury Burnt Terracotta swimwear, architectural swimsuit, minimalist luxury",TRUE,Color,Burnt Terracotta,Size,XS,TWESSIE_NA_BB_0102-Burnt Terracotta-XS,168.0,,10
twessie-na-bb-0102,Structural Matte Ribbed Knit Bikini Bottom,"<p>Matte Ribbed Knit construction meets architectural precision in this bikini bottom. Designed for the intelligent, independent woman. The Burnt Terracotta colorway with Olive Drab accents creates a sophisticated palette. Pure architectural elegance elegance.</p>",Twessie,Bikini Bottom,"minimalist bikini bottom, Matte Ribbed Knit bikini, luxury Burnt Terracotta swimwear, architectural swimsuit, minimalist luxury",TRUE,Color,Burnt Terracotta,Size,S,TWESSIE_NA_BB_0102-Burnt Terracotta-S,168.0,,10
twessie-na-bb-0102,Structural Matte Ribbed Knit Bikini Bottom,"<p>Matte Ribbed Knit construction meets architectural precision in this bikini bottom. Designed for the intelligent, independent woman. The Burnt Terracotta colorway with Olive Drab accents creates a sophisticated palette. Pure architectural elegance elegance.</p>",Twessie,Bikini Bottom,"minimalist bikini bottom, Matte Ribbed Knit bikini, luxury Burnt Terracotta swimwear, architectural swimsuit, minimalist luxury",TRUE,Color,Burnt Terracotta,Size,M,TWESSIE_NA_BB_0102-Burnt Terracotta-M,168.0,,10
twessie-na-bb-0102,Structural Matte Ribbed Knit Bikini Bottom,"<p>Matte Ribbed Knit construction meets architectural precision in this bikini bottom. Designed for the intelligent, independent woman. The Burnt Terracotta colorway with Olive Drab accents creates a sophisticated palette. Pure architectural elegance elegance.</p>",Twessie,Bikini Bottom,"minimalist bikini bottom, Matte Ribbed Knit bikini, luxury Burnt Terracotta swimwear, architectural swimsuit, minimalist luxury",TRUE,Color,Burnt Terracotta,Size,L,TWESSIE_NA_BB_0102-Burnt Terracotta-L,168.0,,10
twessie-na-bb-0102,Structural Matte Ribbed Knit Bikini Bottom,"<p>Matte Ribbed Knit construction meets architectural precision in this bikini bottom. Designed for the intelligent, independent woman. The Burnt Terracotta colorway with Olive Drab accents creates a sophisticated palette. Pure architectural elegance elegance.</p>",Twessie,Bikini Bottom,"minimalist bikini bottom, Matte Ribbed Knit bikini, luxury Burnt Terracotta swimwear, architectural swimsuit, minimalist luxury",TRUE,Color,Burnt Terracotta,Size,XL,TWESSIE_NA_BB_0102-Burnt Terracotta-XL,168.0,,10
twessie-na-bb-0102,Structural Matte Ribbed Knit Bikini Bottom,"<p>Matte Ribbed Knit construction meets architectural precision in this bikini bottom. Designed for the intelligent, independent woman. The Burnt Terracotta colorway with Olive Drab accents creates a sophisticated palette. Pure architectural elegance elegance.</p>",Twessie,Bikini Bottom,"minimalist bikini bottom, Matte Ribbed Knit bikini, luxury Burnt Terracotta swimwear, architectural swimsuit, minimalist luxury",TRUE,Color,Burnt Terracotta,Size,XXL,TWESSIE_NA_BB_0102-Burnt Terracotta-XXL,168.0,,10
twessie-na-bb-0102,Structural Matte Ribbed Knit Bikini Bottom,"<p>Matte Ribbed Knit construction meets architectural precision in this bikini bottom. Designed for the intelligent, independent woman. The Burnt Terracotta colorway with Olive Drab accents creates a sophisticated palette. Pure architectural elegance elegance.</p>",Twessie,Bikini Bottom,"minimalist bikini bottom, Matte Ribbed Knit bikini, luxury Burnt Terracotta swimwear, architectural swimsuit, minimalist luxury",TRUE,Color,Olive Drab,Size,XS,TWESSIE_NA_BB_0102-Olive Drab-XS,168.0,,10
twessie-na-bb-0102,Structural Matte Ribbed Knit Bikini Bottom,"<p>Matte Ribbed Knit construction meets architectural precision in this bikini bottom. Designed for the intelligent, independent woman. The Burnt Terracotta colorway with Olive Drab accents creates a sophisticated palette. Pure architectural elegance elegance.</p>",Twessie,Bikini Bottom,"minimalist bikini bottom, Matte Ribbed Knit bikini, luxury Burnt Terracotta swimwear, architectural swimsuit, minimalist luxury",TRUE,Color,Olive Drab,Size,S,TWESSIE_NA_BB_0102-Olive Drab-S,168.0,,10
twessie-na-bb-0102,Structural Matte Ribbed Knit Bikini Bottom,"<p>Matte Ribbed Knit construction meets architectural precision in this bikini bottom. Designed for the intelligent, independent woman. The Burnt Terracotta colorway with Olive Drab accents creates a sophisticated palette. Pure architectural elegance elegance.</p>",Twessie,Bikini Bottom,"minimalist bikini bottom, Matte Ribbed Knit bikini, luxury Burnt Terracotta swimwear, architectural swimsuit, minimalist luxury",TRUE,Color,Olive Drab,Size,M,TWESSIE_NA_BB_0102-Olive Drab-M,168.0,,10
twessie-na-bb-0102,Structural Matte Ribbed Knit Bikini Bottom,"<p>Matte Ribbed Knit construction meets architectural precision in this bikini bottom. Designed for the intelligent, independent woman. The Burnt Terracotta colorway with Olive Drab accents creates a sophisticated palette. Pure architectural elegance elegance.</p>",Twessie,Bikini Bottom,"minimalist bikini bottom, Matte Ribbed Knit bikini, luxury Burnt Terracotta swimwear, architectural swimsuit, minimalist luxury",TRUE,Color,Olive Drab,Size,L,TWESSIE_NA_BB_0102-Olive Drab-L,168.0,,10
twessie-na-bb-0102,Structural Matte Ribbed Knit Bikini Bottom,"<p>Matte Ribbed Knit construction meets architectural precision in this bikini bottom. Designed for the intelligent, independent woman. The Burnt Terracotta colorway with Olive Drab accents creates a sophisticated palette. Pure architectural elegance elegance.</p>",Twessie,Bikini Bottom,"minimalist bikini bottom, Matte Ribbed Knit bikini, luxury Burnt Terracotta swimwear, architectural swimsuit, minimalist luxury",TRUE,Color,Olive Drab,Size,XL,TWESSIE_NA_BB_0102-Olive Drab-XL,168.0,,10
twessie-na-bb-0102,Structural Matte Ribbed Knit Bikini Bottom,"<p>Matte Ribbed Knit construction meets architectural precision in this bikini bottom. Designed for the intelligent, independent woman. The Burnt Terracotta colorway with Olive Drab accents creates a sophisticated palette. Pure architectural elegance elegance.</p>",Twessie,Bikini Bottom,"minimalist bikini bottom, Matte Ribbed Knit bikini, luxury Burnt Terracotta swimwear, architectural swimsuit, minimalist luxury",TRUE,Color,Olive Drab,Size,XXL,TWESSIE_NA_BB_0102-Olive Drab-XXL,168.0,,10
twessie-na-bb-0103,Structural Crinkled Seersucker Bikini Bottom,<p>A statement piece in Crinkled Seersucker. This bikini bottom combines anti-fashion statement design with impeccable craftsmanship. Available in Stone Gray with Chalk White detailing. Not loud. Not obvious. Unmistakably Twessie.</p>,Twessie,Bikini Bottom,"minimalist bikini bottom, minimalist luxury, Crinkled Seersucker bikini, independent fashion, architectural swimsuit",TRUE,Color,Stone Gray,Size,XS,TWESSIE_NA_BB_0103-Stone Gray-XS,168.0,,10
twessie-na-bb-0103,Structural Crinkled Seersucker Bikini Bottom,<p>A statement piece in Crinkled Seersucker. This bikini bottom combines anti-fashion statement design with impeccable craftsmanship. Available in Stone Gray with Chalk White detailing. Not loud. Not obvious. Unmistakably Twessie.</p>,Twessie,Bikini Bottom,"minimalist bikini bottom, minimalist luxury, Crinkled Seersucker bikini, independent fashion, architectural swimsuit",TRUE,Color,Stone Gray,Size,S,TWESSIE_NA_BB_0103-Stone Gray-S,168.0,,10
twessie-na-bb-0103,Structural Crinkled Seersucker Bikini Bottom,<p>A statement piece in Crinkled Seersucker. This bikini bottom combines anti-fashion statement design with impeccable craftsmanship. Available in Stone Gray with Chalk White detailing. Not loud. Not obvious. Unmistakably Twessie.</p>,Twessie,Bikini Bottom,"minimalist bikini bottom, minimalist luxury, Crinkled Seersucker bikini, independent fashion, architectural swimsuit",TRUE,Color,Stone Gray,Size,M,TWESSIE_NA_BB_0103-Stone Gray-M,168.0,,10
twessie-na-bb-0103,Structural Crinkled Seersucker Bikini Bottom,<p>A statement piece in Crinkled Seersucker. This bikini bottom combines anti-fashion statement design with impeccable craftsmanship. Available in Stone Gray with Chalk White detailing. Not loud. Not obvious. Unmistakably Twessie.</p>,Twessie,Bikini Bottom,"minimalist bikini bottom, minimalist luxury, Crinkled Seersucker bikini, independent fashion, architectural swimsuit",TRUE,Color,Stone Gray,Size,L,TWESSIE_NA_BB_0103-Stone Gray-L,168.0,,10
twessie-na-bb-0103,Structural Crinkled Seersucker Bikini Bottom,<p>A statement piece in Crinkled Seersucker. This bikini bottom combines anti-fashion statement design with impeccable craftsmanship. Available in Stone Gray with Chalk White detailing. Not loud. Not obvious. Unmistakably Twessie.</p>,Twessie,Bikini Bottom,"minimalist bikini bottom, minimalist luxury, Crinkled Seersucker bikini, independent fashion, architectural swimsuit",TRUE,Color,Stone Gray,Size,XL,TWESSIE_NA_BB_0103-Stone Gray-XL,168.0,,10
twessie-na-bb-0103,Structural Crinkled Seersucker Bikini Bottom,<p>A statement piece in Crinkled Seersucker. This bikini bottom combines anti-fashion statement design with impeccable craftsmanship. Available in Stone Gray with Chalk White detailing. Not loud. Not obvious. Unmistakably Twessie.</p>,Twessie,Bikini Bottom,"minimalist bikini bottom, minimalist luxury, Crinkled Seersucker bikini, independent fashion, architectural swimsuit",TRUE,Color,Stone Gray,Size,XXL,TWESSIE_NA_BB_0103-Stone Gray-XXL,168.0,,10
twessie-na-bb-0103,Structural Crinkled Seersucker Bikini Bottom,<p>A statement piece in Crinkled Seersucker. This bikini bottom combines anti-fashion statement design with impeccable craftsmanship. Available in Stone Gray with Chalk White detailing. Not loud. Not obvious. Unmistakably Twessie.</p>,Twessie,Bikini Bottom,"minimalist bikini bottom, minimalist luxury, Crinkled Seersucker bikini, independent fashion, architectural swimsuit",TRUE,Color,Chalk White,Size,XS,TWESSIE_NA_BB_0103-Chalk White-XS,168.0,,10
twessie-na-bb-0103,Structural Crinkled Seersucker Bikini Bottom,<p>A statement piece in Crinkled Seersucker. This bikini bottom combines anti-fashion statement design with impeccable craftsmanship. Available in Stone Gray with Chalk White detailing. Not loud. Not obvious. Unmistakably Twessie.</p>,Twessie,Bikini Bottom,"minimalist bikini bottom, minimalist luxury, Crinkled Seersucker bikini, independent fashion, architectural swimsuit",TRUE,Color,Chalk White,Size,S,TWESSIE_NA_BB_0103-Chalk White-S,168.0,,10
twessie-na-bb-0103,Structural Crinkled Seersucker Bikini Bottom,<p>A statement piece in Crinkled Seersucker. This bikini bottom combines anti-fashion statement design with impeccable craftsmanship. Available in Stone Gray with Chalk White detailing. Not loud. Not obvious. Unmistakably Twessie.</p>,Twessie,Bikini Bottom,"minimalist bikini bottom, minimalist luxury, Crinkled Seersucker bikini, independent fashion, architectural swimsuit",TRUE,Color,Chalk White,Size,M,TWESSIE_NA_BB_0103-Chalk White-M,168.0,,10
twessie-na-bb-0103,Structural Crinkled Seersucker Bikini Bottom,<p>A statement piece in Crinkled Seersucker. This bikini bottom combines anti-fashion statement design with impeccable craftsmanship. Available in Stone Gray with Chalk White detailing. Not loud. Not obvious. Unmistakably Twessie.</p>,Twessie,Bikini Bottom,"minimalist bikini bottom, minimalist luxury, Crinkled Seersucker bikini, independent fashion, architectural swimsuit",TRUE,Color,Chalk White,Size,L,TWESSIE_NA_BB_0103-Chalk White-L,168.0,,10
twessie-na-bb-0103,Structural Crinkled Seersucker Bikini Bottom,<p>A statement piece in Crinkled Seersucker. This bikini bottom combines anti-fashion statement design with impeccable craftsmanship. Available in Stone Gray with Chalk White detailing. Not loud. Not obvious. Unmistakably Twessie.</p>,Twessie,Bikini Bottom,"minimalist bikini bottom, minimalist luxury, Crinkled Seersucker bikini, independent fashion, architectural swimsuit",TRUE,Color,Chalk White,Size,XL,TWESSIE_NA_BB_0103-Chalk White-XL,168.0,,10
twessie-na-bb-0103,Structural Crinkled Seersucker Bikini Bottom,<p>A statement piece in Crinkled Seersucker. This bikini bottom combines anti-fashion statement design with impeccable craftsmanship. Available in Stone Gray with Chalk White detailing. Not loud. Not obvious. Unmistakably Twessie.</p>,Twessie,Bikini Bottom,"minimalist bikini bottom, minimalist luxury, Crinkled Seersucker bikini, independent fashion, architectural swimsuit",TRUE,Color,Chalk White,Size,XXL,TWESSIE_NA_BB_0103-Chalk White-XXL,168.0,,10
twessie-na-bt-0104,Architecture-Cut Chalk White Bikini Top,"<p>Crinkled Seersucker construction meets architectural precision in this bikini top. Designed for the intelligent, independent woman. The Chalk White colorway with Stone Gray accents creates a sophisticated palette. Pure rebellious yet refined elegance.</p>",Twessie,Bikini Top,"minimalist bikini top, minimalist luxury, architectural swimsuit, high-end swimwear, Crinkled Seersucker bikini",TRUE,Color,Chalk White,Size,XS,TWESSIE_NA_BT_0104-Chalk White-XS,168.0,,10
twessie-na-bt-0104,Architecture-Cut Chalk White Bikini Top,"<p>Crinkled Seersucker construction meets architectural precision in this bikini top. Designed for the intelligent, independent woman. The Chalk White colorway with Stone Gray accents creates a sophisticated palette. Pure rebellious yet refined elegance.</p>",Twessie,Bikini Top,"minimalist bikini top, minimalist luxury, architectural swimsuit, high-end swimwear, Crinkled Seersucker bikini",TRUE,Color,Chalk White,Size,S,TWESSIE_NA_BT_0104-Chalk White-S,168.0,,10
twessie-na-bt-0104,Architecture-Cut Chalk White Bikini Top,"<p>Crinkled Seersucker construction meets architectural precision in this bikini top. Designed for the intelligent, independent woman. The Chalk White colorway with Stone Gray accents creates a sophisticated palette. Pure rebellious yet refined elegance.</p>",Twessie,Bikini Top,"minimalist bikini top, minimalist luxury, architectural swimsuit, high-end swimwear, Crinkled Seersucker bikini",TRUE,Color,Chalk White,Size,M,TWESSIE_NA_BT_0104-Chalk White-M,168.0,,10
twessie-na-bt-0104,Architecture-Cut Chalk White Bikini Top,"<p>Crinkled Seersucker construction meets architectural precision in this bikini top. Designed for the intelligent, independent woman. The Chalk White colorway with Stone Gray accents creates a sophisticated palette. Pure rebellious yet refined elegance.</p>",Twessie,Bikini Top,"minimalist bikini top, minimalist luxury, architectural swimsuit, high-end swimwear, Crinkled Seersucker bikini",TRUE,Color,Chalk White,Size,L,TWESSIE_NA_BT_0104-Chalk White-L,168.0,,10
twessie-na-bt-0104,Architecture-Cut Chalk White Bikini Top,"<p>Crinkled Seersucker construction meets architectural precision in this bikini top. Designed for the intelligent, independent woman. The Chalk White colorway with Stone Gray accents creates a sophisticated palette. Pure rebellious yet refined elegance.</p>",Twessie,Bikini Top,"minimalist bikini top, minimalist luxury, architectural swimsuit, high-end swimwear, Crinkled Seersucker bikini",TRUE,Color,Chalk White,Size,XL,TWESSIE_NA_BT_0104-Chalk White-XL,168.0,,10
twessie-na-bt-0104,Architecture-Cut Chalk White Bikini Top,"<p>Crinkled Seersucker construction meets architectural precision in this bikini top. Designed for the intelligent, independent woman. The Chalk White colorway with Stone Gray accents creates a sophisticated palette. Pure rebellious yet refined elegance.</p>",Twessie,Bikini Top,"minimalist bikini top, minimalist luxury, architectural swimsuit, high-end swimwear, Crinkled Seersucker bikini",TRUE,Color,Chalk White,Size,XXL,TWESSIE_NA_BT_0104-Chalk White-XXL,168.0,,10
twessie-na-bt-0104,Architecture-Cut Chalk White Bikini Top,"<p>Crinkled Seersucker construction meets architectural precision in this bikini top. Designed for the intelligent, independent woman. The Chalk White colorway with Stone Gray accents creates a sophisticated palette. Pure rebellious yet refined elegance.</p>",Twessie,Bikini Top,"minimalist bikini top, minimalist luxury, architectural swimsuit, high-end swimwear, Crinkled Seersucker bikini",TRUE,Color,Stone Gray,Size,XS,TWESSIE_NA_BT_0104-Stone Gray-XS,168.0,,10
twessie-na-bt-0104,Architecture-Cut Chalk White Bikini Top,"<p>Crinkled Seersucker construction meets architectural precision in this bikini top. Designed for the intelligent, independent woman. The Chalk White colorway with Stone Gray accents creates a sophisticated palette. Pure rebellious yet refined elegance.</p>",Twessie,Bikini Top,"minimalist bikini top, minimalist luxury, architectural swimsuit, high-end swimwear, Crinkled Seersucker bikini",TRUE,Color,Stone Gray,Size,S,TWESSIE_NA_BT_0104-Stone Gray-S,168.0,,10
twessie-na-bt-0104,Architecture-Cut Chalk White Bikini Top,"<p>Crinkled Seersucker construction meets architectural precision in this bikini top. Designed for the intelligent, independent woman. The Chalk White colorway with Stone Gray accents creates a sophisticated palette. Pure rebellious yet refined elegance.</p>",Twessie,Bikini Top,"minimalist bikini top, minimalist luxury, architectural swimsuit, high-end swimwear, Crinkled Seersucker bikini",TRUE,Color,Stone Gray,Size,M,TWESSIE_NA_BT_0104-Stone Gray-M,168.0,,10
twessie-na-bt-0104,Architecture-Cut Chalk White Bikini Top,"<p>Crinkled Seersucker construction meets architectural precision in this bikini top. Designed for the intelligent, independent woman. The Chalk White colorway with Stone Gray accents creates a sophisticated palette. Pure rebellious yet refined elegance.</p>",Twessie,Bikini Top,"minimalist bikini top, minimalist luxury, architectural swimsuit, high-end swimwear, Crinkled Seersucker bikini",TRUE,Color,Stone Gray,Size,L,TWESSIE_NA_BT_0104-Stone Gray-L,168.0,,10
twessie-na-bt-0104,Architecture-Cut Chalk White Bikini Top,"<p>Crinkled Seersucker construction meets architectural precision in this bikini top. Designed for the intelligent, independent woman. The Chalk White colorway with Stone Gray accents creates a sophisticated palette. Pure rebellious yet refined elegance.</p>",Twessie,Bikini Top,"minimalist bikini top, minimalist luxury, architectural swimsuit, high-end swimwear, Crinkled Seersucker bikini",TRUE,Color,Stone Gray,Size,XL,TWESSIE_NA_BT_0104-Stone Gray-XL,168.0,,10
twessie-na-bt-0104,Architecture-Cut Chalk White Bikini Top,"<p>Crinkled Seersucker construction meets architectural precision in this bikini top. Designed for the intelligent, independent woman. The Chalk White colorway with Stone Gray accents creates a sophisticated palette. Pure rebellious yet refined elegance.</p>",Twessie,Bikini Top,"minimalist bikini top, minimalist luxury, architectural swimsuit, high-end swimwear, Crinkled Seersucker bikini",TRUE,Color,Stone Gray,Size,XXL,TWESSIE_NA_BT_0104-Stone Gray-XXL,168.0,,10
twessie-eu-bb-0105,High-Cut Chalk White Bikini Brief,"<p>Crinkled Seersucker construction meets architectural precision in this bikini bottom. Designed for the intelligent, independent woman. The Chalk White colorway with Stone Gray accents creates a sophisticated palette. Pure rebellious yet refined elegance.</p>",Twessie,Bikini Bottom,"Crinkled Seersucker bikini, independent fashion, architectural swimsuit, high-end swimwear, minimalist bikini bottom",TRUE,Color,Chalk White,Size,XS,TWESSIE_EU_BB_0105-Chalk White-XS,168.0,,10
twessie-eu-bb-0105,High-Cut Chalk White Bikini Brief,"<p>Crinkled Seersucker construction meets architectural precision in this bikini bottom. Designed for the intelligent, independent woman. The Chalk White colorway with Stone Gray accents creates a sophisticated palette. Pure rebellious yet refined elegance.</p>",Twessie,Bikini Bottom,"Crinkled Seersucker bikini, independent fashion, architectural swimsuit, high-end swimwear, minimalist bikini bottom",TRUE,Color,Chalk White,Size,S,TWESSIE_EU_BB_0105-Chalk White-S,168.0,,10
twessie-eu-bb-0105,High-Cut Chalk White Bikini Brief,"<p>Crinkled Seersucker construction meets architectural precision in this bikini bottom. Designed for the intelligent, independent woman. The Chalk White colorway with Stone Gray accents creates a sophisticated palette. Pure rebellious yet refined elegance.</p>",Twessie,Bikini Bottom,"Crinkled Seersucker bikini, independent fashion, architectural swimsuit, high-end swimwear, minimalist bikini bottom",TRUE,Color,Chalk White,Size,M,TWESSIE_EU_BB_0105-Chalk White-M,168.0,,10
twessie-eu-bb-0105,High-Cut Chalk White Bikini Brief,"<p>Crinkled Seersucker construction meets architectural precision in this bikini bottom. Designed for the intelligent, independent woman. The Chalk White colorway with Stone Gray accents creates a sophisticated palette. Pure rebellious yet refined elegance.</p>",Twessie,Bikini Bottom,"Crinkled Seersucker bikini, independent fashion, architectural swimsuit, high-end swimwear, minimalist bikini bottom",TRUE,Color,Chalk White,Size,L,TWESSIE_EU_BB_0105-Chalk White-L,168.0,,10
twessie-eu-bb-0105,High-Cut Chalk White Bikini Brief,"<p>Crinkled Seersucker construction meets architectural precision in this bikini bottom. Designed for the intelligent, independent woman. The Chalk White colorway with Stone Gray accents creates a sophisticated palette. Pure rebellious yet refined elegance.</p>",Twessie,Bikini Bottom,"Crinkled Seersucker bikini, independent fashion, architectural swimsuit, high-end swimwear, minimalist bikini bottom",TRUE,Color,Chalk White,Size,XL,TWESSIE_EU_BB_0105-Chalk White-XL,168.0,,10
twessie-eu-bb-0105,High-Cut Chalk White Bikini Brief,"<p>Crinkled Seersucker construction meets architectural precision in this bikini bottom. Designed for the intelligent, independent woman. The Chalk White colorway with Stone Gray accents creates a sophisticated palette. Pure rebellious yet refined elegance.</p>",Twessie,Bikini Bottom,"Crinkled Seersucker bikini, independent fashion, architectural swimsuit, high-end swimwear, minimalist bikini bottom",TRUE,Color,Chalk White,Size,XXL,TWESSIE_EU_BB_0105-Chalk White-XXL,168.0,,10
twessie-eu-bb-0105,High-Cut Chalk White Bikini Brief,"<p>Crinkled Seersucker construction meets architectural precision in this bikini bottom. Designed for the intelligent, independent woman. The Chalk White colorway with Stone Gray accents creates a sophisticated palette. Pure rebellious yet refined elegance.</p>",Twessie,Bikini Bottom,"Crinkled Seersucker bikini, independent fashion, architectural swimsuit, high-end swimwear, minimalist bikini bottom",TRUE,Color,Stone Gray,Size,XS,TWESSIE_EU_BB_0105-Stone Gray-XS,168.0,,10
twessie-eu-bb-0105,High-Cut Chalk White Bikini Brief,"<p>Crinkled Seersucker construction meets architectural precision in this bikini bottom. Designed for the intelligent, independent woman. The Chalk White colorway with Stone Gray accents creates a sophisticated palette. Pure rebellious yet refined elegance.</p>",Twessie,Bikini Bottom,"Crinkled Seersucker bikini, independent fashion, architectural swimsuit, high-end swimwear, minimalist bikini bottom",TRUE,Color,Stone Gray,Size,S,TWESSIE_EU_BB_0105-Stone Gray-S,168.0,,10
twessie-eu-bb-0105,High-Cut Chalk White Bikini Brief,"<p>Crinkled Seersucker construction meets architectural precision in this bikini bottom. Designed for the intelligent, independent woman. The Chalk White colorway with Stone Gray accents creates a sophisticated palette. Pure rebellious yet refined elegance.</p>",Twessie,Bikini Bottom,"Crinkled Seersucker bikini, independent fashion, architectural swimsuit, high-end swimwear, minimalist bikini bottom",TRUE,Color,Stone Gray,Size,M,TWESSIE_EU_BB_0105-Stone Gray-M,168.0,,10
twessie-eu-bb-0105,High-Cut Chalk White Bikini Brief,"<p>Crinkled Seersucker construction meets architectural precision in this bikini bottom. Designed for the intelligent, independent woman. The Chalk White colorway with Stone Gray accents creates a sophisticated palette. Pure rebellious yet refined elegance.</p>",Twessie,Bikini Bottom,"Crinkled Seersucker bikini, independent fashion, architectural swimsuit, high-end swimwear, minimalist bikini bottom",TRUE,Color,Stone Gray,Size,L,TWESSIE_EU_BB_0105-Stone Gray-L,168.0,,10
twessie-eu-bb-0105,High-Cut Chalk White Bikini Brief,"<p>Crinkled Seersucker construction meets architectural precision in this bikini bottom. Designed for the intelligent, independent woman. The Chalk White colorway with Stone Gray accents creates a sophisticated palette. Pure rebellious yet refined elegance.</p>",Twessie,Bikini Bottom,"Crinkled Seersucker bikini, independent fashion, architectural swimsuit, high-end swimwear, minimalist bikini bottom",TRUE,Color,Stone Gray,Size,XL,TWESSIE_EU_BB_0105-Stone Gray-XL,168.0,,10
twessie-eu-bb-0105,High-Cut Chalk White Bikini Brief,"<p>Crinkled Seersucker construction meets architectural precision in this bikini bottom. Designed for the intelligent, independent woman. The Chalk White colorway with Stone Gray accents creates a sophisticated palette. Pure rebellious yet refined elegance.</p>",Twessie,Bikini Bottom,"Crinkled Seersucker bikini, independent fashion, architectural swimsuit, high-end swimwear, minimalist bikini bottom",TRUE,Color,Stone Gray,Size,XXL,TWESSIE_EU_BB_0105-Stone Gray-XXL,168.0,,10
twessie-sg-op-0106,Sculptural Stone Gray Monokini,<p>A statement piece in Crinkled Seersucker. This one-piece combines intelligent aesthetic design with impeccable craftsmanship. Available in Stone Gray with Chalk White detailing. Not loud. Not obvious. Unmistakably Twessie.</p>,Twessie,One-Piece,"luxury Stone Gray swimwear, minimalist one-piece, high-end swimwear, Crinkled Seersucker bikini, minimalist luxury",TRUE,Color,Stone Gray,Size,XS,TWESSIE_SG_OP_0106-Stone Gray-XS,168.0,,10
twessie-sg-op-0106,Sculptural Stone Gray Monokini,<p>A statement piece in Crinkled Seersucker. This one-piece combines intelligent aesthetic design with impeccable craftsmanship. Available in Stone Gray with Chalk White detailing. Not loud. Not obvious. Unmistakably Twessie.</p>,Twessie,One-Piece,"luxury Stone Gray swimwear, minimalist one-piece, high-end swimwear, Crinkled Seersucker bikini, minimalist luxury",TRUE,Color,Stone Gray,Size,S,TWESSIE_SG_OP_0106-Stone Gray-S,168.0,,10
twessie-sg-op-0106,Sculptural Stone Gray Monokini,<p>A statement piece in Crinkled Seersucker. This one-piece combines intelligent aesthetic design with impeccable craftsmanship. Available in Stone Gray with Chalk White detailing. Not loud. Not obvious. Unmistakably Twessie.</p>,Twessie,One-Piece,"luxury Stone Gray swimwear, minimalist one-piece, high-end swimwear, Crinkled Seersucker bikini, minimalist luxury",TRUE,Color,Stone Gray,Size,M,TWESSIE_SG_OP_0106-Stone Gray-M,168.0,,10
twessie-sg-op-0106,Sculptural Stone Gray Monokini,<p>A statement piece in Crinkled Seersucker. This one-piece combines intelligent aesthetic design with impeccable craftsmanship. Available in Stone Gray with Chalk White detailing. Not loud. Not obvious. Unmistakably Twessie.</p>,Twessie,One-Piece,"luxury Stone Gray swimwear, minimalist one-piece, high-end swimwear, Crinkled Seersucker bikini, minimalist luxury",TRUE,Color,Stone Gray,Size,L,TWESSIE_SG_OP_0106-Stone Gray-L,168.0,,10
twessie-sg-op-0106,Sculptural Stone Gray Monokini,<p>A statement piece in Crinkled Seersucker. This one-piece combines intelligent aesthetic design with impeccable craftsmanship. Available in Stone Gray with Chalk White detailing. Not loud. Not obvious. Unmistakably Twessie.</p>,Twessie,One-Piece,"luxury Stone Gray swimwear, minimalist one-piece, high-end swimwear, Crinkled Seersucker bikini, minimalist luxury",TRUE,Color,Stone Gray,Size,XL,TWESSIE_SG_OP_0106-Stone Gray-XL,168.0,,10
twessie-sg-op-0106,Sculptural Stone Gray Monokini,<p>A statement piece in Crinkled Seersucker. This one-piece combines intelligent aesthetic design with impeccable craftsmanship. Available in Stone Gray with Chalk White detailing. Not loud. Not obvious. Unmistakably Twessie.</p>,Twessie,One-Piece,"luxury Stone Gray swimwear, minimalist one-piece, high-end swimwear, Crinkled Seersucker bikini, minimalist luxury",TRUE,Color,Stone Gray,Size,XXL,TWESSIE_SG_OP_0106-Stone Gray-XXL,168.0,,10
twessie-sg-op-0106,Sculptural Stone Gray Monokini,<p>A statement piece in Crinkled Seersucker. This one-piece combines intelligent aesthetic design with impeccable craftsmanship. Available in Stone Gray with Chalk White detailing. Not loud. Not obvious. Unmistakably Twessie.</p>,Twessie,One-Piece,"luxury Stone Gray swimwear, minimalist one-piece, high-end swimwear, Crinkled Seersucker bikini, minimalist luxury",TRUE,Color,Chalk White,Size,XS,TWESSIE_SG_OP_0106-Chalk White-XS,168.0,,10
twessie-sg-op-0106,Sculptural Stone Gray Monokini,<p>A statement piece in Crinkled Seersucker. This one-piece combines intelligent aesthetic design with impeccable craftsmanship. Available in Stone Gray with Chalk White detailing. Not loud. Not obvious. Unmistakably Twessie.</p>,Twessie,One-Piece,"luxury Stone Gray swimwear, minimalist one-piece, high-end swimwear, Crinkled Seersucker bikini, minimalist luxury",TRUE,Color,Chalk White,Size,S,TWESSIE_SG_OP_0106-Chalk White-S,168.0,,10
twessie-sg-op-0106,Sculptural Stone Gray Monokini,<p>A statement piece in Crinkled Seersucker. This one-piece combines intelligent aesthetic design with impeccable craftsmanship. Available in Stone Gray with Chalk White detailing. Not loud. Not obvious. Unmistakably Twessie.</p>,Twessie,One-Piece,"luxury Stone Gray swimwear, minimalist one-piece, high-end swimwear, Crinkled Seersucker bikini, minimalist luxury",TRUE,Color,Chalk White,Size,M,TWESSIE_SG_OP_0106-Chalk White-M,168.0,,10
twessie-sg-op-0106,Sculptural Stone Gray Monokini,<p>A statement piece in Crinkled Seersucker. This one-piece combines intelligent aesthetic design with impeccable craftsmanship. Available in Stone Gray with Chalk White detailing. Not loud. Not obvious. Unmistakably Twessie.</p>,Twessie,One-Piece,"luxury Stone Gray swimwear, minimalist one-piece, high-end swimwear, Crinkled Seersucker bikini, minimalist luxury",TRUE,Color,Chalk White,Size,L,TWESSIE_SG_OP_0106-Chalk White-L,168.0,,10
twessie-sg-op-0106,Sculptural Stone Gray Monokini,<p>A statement piece in Crinkled Seersucker. This one-piece combines intelligent aesthetic design with impeccable craftsmanship. Available in Stone Gray with Chalk White detailing. Not loud. Not obvious. Unmistakably Twessie.</p>,Twessie,One-Piece,"luxury Stone Gray swimwear, minimalist one-piece, high-end swimwear, Crinkled Seersucker bikini, minimalist luxury",TRUE,Color,Chalk White,Size,XL,TWESSIE_SG_OP_0106-Chalk White-XL,168.0,,10
twessie-sg-op-0106,Sculptural Stone Gray Monokini,<p>A statement piece in Crinkled Seersucker. This one-piece combines intelligent aesthetic design with impeccable craftsmanship. Available in Stone Gray with Chalk White detailing. Not loud. Not obvious. Unmistakably Twessie.</p>,Twessie,One-Piece,"luxury Stone Gray swimwear, minimalist one-piece, high-end swimwear, Crinkled Seersucker bikini, minimalist luxury",TRUE,Color,Chalk White,Size,XXL,TWESSIE_SG_OP_0106-Chalk White-XXL,168.0,,10
twessie-sg-bt-0107,Crinkled Seersucker High-Waist Bikini Top in Chalk White,<p>A statement piece in Crinkled Seersucker. This bikini top combines architectural elegance design with impeccable craftsmanship. Available in Chalk White with Stone Gray detailing. Not loud. Not obvious. Unmistakably Twessie.</p>,Twessie,Bikini Top,"minimalist luxury, Crinkled Seersucker bikini, luxury Chalk White swimwear, independent fashion, minimalist bikini top",TRUE,Color,Chalk White,Size,XS,TWESSIE_SG_BT_0107-Chalk White-XS,168.0,,10
twessie-sg-bt-0107,Crinkled Seersucker High-Waist Bikini Top in Chalk White,<p>A statement piece in Crinkled Seersucker. This bikini top combines architectural elegance design with impeccable craftsmanship. Available in Chalk White with Stone Gray detailing. Not loud. Not obvious. Unmistakably Twessie.</p>,Twessie,Bikini Top,"minimalist luxury, Crinkled Seersucker bikini, luxury Chalk White swimwear, independent fashion, minimalist bikini top",TRUE,Color,Chalk White,Size,S,TWESSIE_SG_BT_0107-Chalk White-S,168.0,,10
twessie-sg-bt-0107,Crinkled Seersucker High-Waist Bikini Top in Chalk White,<p>A statement piece in Crinkled Seersucker. This bikini top combines architectural elegance design with impeccable craftsmanship. Available in Chalk White with Stone Gray detailing. Not loud. Not obvious. Unmistakably Twessie.</p>,Twessie,Bikini Top,"minimalist luxury, Crinkled Seersucker bikini, luxury Chalk White swimwear, independent fashion, minimalist bikini top",TRUE,Color,Chalk White,Size,M,TWESSIE_SG_BT_0107-Chalk White-M,168.0,,10
twessie-sg-bt-0107,Crinkled Seersucker High-Waist Bikini Top in Chalk White,<p>A statement piece in Crinkled Seersucker. This bikini top combines architectural elegance design with impeccable craftsmanship. Available in Chalk White with Stone Gray detailing. Not loud. Not obvious. Unmistakably Twessie.</p>,Twessie,Bikini Top,"minimalist luxury, Crinkled Seersucker bikini, luxury Chalk White swimwear, independent fashion, minimalist bikini top",TRUE,Color,Chalk White,Size,L,TWESSIE_SG_BT_0107-Chalk White-L,168.0,,10
twessie-sg-bt-0107,Crinkled Seersucker High-Waist Bikini Top in Chalk White,<p>A statement piece in Crinkled Seersucker. This bikini top combines architectural elegance design with impeccable craftsmanship. Available in Chalk White with Stone Gray detailing. Not loud. Not obvious. Unmistakably Twessie.</p>,Twessie,Bikini Top,"minimalist luxury, Crinkled Seersucker bikini, luxury Chalk White swimwear, independent fashion, minimalist bikini top",TRUE,Color,Chalk White,Size,XL,TWESSIE_SG_BT_0107-Chalk White-XL,168.0,,10
twessie-sg-bt-0107,Crinkled Seersucker High-Waist Bikini Top in Chalk White,<p>A statement piece in Crinkled Seersucker. This bikini top combines architectural elegance design with impeccable craftsmanship. Available in Chalk White with Stone Gray detailing. Not loud. Not obvious. Unmistakably Twessie.</p>,Twessie,Bikini Top,"minimalist luxury, Crinkled Seersucker bikini, luxury Chalk White swimwear, independent fashion, minimalist bikini top",TRUE,Color,Chalk White,Size,XXL,TWESSIE_SG_BT_0107-Chalk White-XXL,168.0,,10
twessie-sg-bt-0107,Crinkled Seersucker High-Waist Bikini Top in Chalk White,<p>A statement piece in Crinkled Seersucker. This bikini top combines architectural elegance design with impeccable craftsmanship. Available in Chalk White with Stone Gray detailing. Not loud. Not obvious. Unmistakably Twessie.</p>,Twessie,Bikini Top,"minimalist luxury, Crinkled Seersucker bikini, luxury Chalk White swimwear, independent fashion, minimalist bikini top",TRUE,Color,Stone Gray,Size,XS,TWESSIE_SG_BT_0107-Stone Gray-XS,168.0,,10
twessie-sg-bt-0107,Crinkled Seersucker High-Waist Bikini Top in Chalk White,<p>A statement piece in Crinkled Seersucker. This bikini top combines architectural elegance design with impeccable craftsmanship. Available in Chalk White with Stone Gray detailing. Not loud. Not obvious. Unmistakably Twessie.</p>,Twessie,Bikini Top,"minimalist luxury, Crinkled Seersucker bikini, luxury Chalk White swimwear, independent fashion, minimalist bikini top",TRUE,Color,Stone Gray,Size,S,TWESSIE_SG_BT_0107-Stone Gray-S,168.0,,10
twessie-sg-bt-0107,Crinkled Seersucker High-Waist Bikini Top in Chalk White,<p>A statement piece in Crinkled Seersucker. This bikini top combines architectural elegance design with impeccable craftsmanship. Available in Chalk White with Stone Gray detailing. Not loud. Not obvious. Unmistakably Twessie.</p>,Twessie,Bikini Top,"minimalist luxury, Crinkled Seersucker bikini, luxury Chalk White swimwear, independent fashion, minimalist bikini top",TRUE,Color,Stone Gray,Size,M,TWESSIE_SG_BT_0107-Stone Gray-M,168.0,,10
twessie-sg-bt-0107,Crinkled Seersucker High-Waist Bikini Top in Chalk White,<p>A statement piece in Crinkled Seersucker. This bikini top combines architectural elegance design with impeccable craftsmanship. Available in Chalk White with Stone Gray detailing. Not loud. Not obvious. Unmistakably Twessie.</p>,Twessie,Bikini Top,"minimalist luxury, Crinkled Seersucker bikini, luxury Chalk White swimwear, independent fashion, minimalist bikini top",TRUE,Color,Stone Gray,Size,L,TWESSIE_SG_BT_0107-Stone Gray-L,168.0,,10
twessie-sg-bt-0107,Crinkled Seersucker High-Waist Bikini Top in Chalk White,<p>A statement piece in Crinkled Seersucker. This bikini top combines architectural elegance design with impeccable craftsmanship. Available in Chalk White with Stone Gray detailing. Not loud. Not obvious. Unmistakably Twessie.</p>,Twessie,Bikini Top,"minimalist luxury, Crinkled Seersucker bikini, luxury Chalk White swimwear, independent fashion, minimalist bikini top",TRUE,Color,Stone Gray,Size,XL,TWESSIE_SG_BT_0107-Stone Gray-XL,168.0,,10
twessie-sg-bt-0107,Crinkled Seersucker High-Waist Bikini Top in Chalk White,<p>A statement piece in Crinkled Seersucker. This bikini top combines architectural elegance design with impeccable craftsmanship. Available in Chalk White with Stone Gray detailing. Not loud. Not obvious. Unmistakably Twessie.</p>,Twessie,Bikini Top,"minimalist luxury, Crinkled Seersucker bikini, luxury Chalk White swimwear, independent fashion, minimalist bikini top",TRUE,Color,Stone Gray,Size,XXL,TWESSIE_SG_BT_0107-Stone Gray-XXL,168.0,,10
twessie-au-bb-0108,Obsidian Black Minimalist Econyl Sleek Satin Bikini Bottom,"<p>Econyl Sleek Satin construction meets architectural precision in this bikini bottom. Designed for the intelligent, independent woman. The Obsidian Black colorway with Chalk White accents creates a sophisticated palette. Pure intelligent aesthetic elegance.</p>",Twessie,Bikini Bottom,"architectural swimsuit, luxury Obsidian Black swimwear, minimalist bikini bottom, minimalist luxury, Econyl Sleek Satin bikini",TRUE,Color,Obsidian Black,Size,XS,TWESSIE_AU_BB_0108-Obsidian Black-XS,168.0,,10
twessie-au-bb-0108,Obsidian Black Minimalist Econyl Sleek Satin Bikini Bottom,"<p>Econyl Sleek Satin construction meets architectural precision in this bikini bottom. Designed for the intelligent, independent woman. The Obsidian Black colorway with Chalk White accents creates a sophisticated palette. Pure intelligent aesthetic elegance.</p>",Twessie,Bikini Bottom,"architectural swimsuit, luxury Obsidian Black swimwear, minimalist bikini bottom, minimalist luxury, Econyl Sleek Satin bikini",TRUE,Color,Obsidian Black,Size,S,TWESSIE_AU_BB_0108-Obsidian Black-S,168.0,,10
twessie-au-bb-0108,Obsidian Black Minimalist Econyl Sleek Satin Bikini Bottom,"<p>Econyl Sleek Satin construction meets architectural precision in this bikini bottom. Designed for the intelligent, independent woman. The Obsidian Black colorway with Chalk White accents creates a sophisticated palette. Pure intelligent aesthetic elegance.</p>",Twessie,Bikini Bottom,"architectural swimsuit, luxury Obsidian Black swimwear, minimalist bikini bottom, minimalist luxury, Econyl Sleek Satin bikini",TRUE,Color,Obsidian Black,Size,M,TWESSIE_AU_BB_0108-Obsidian Black-M,168.0,,10
twessie-au-bb-0108,Obsidian Black Minimalist Econyl Sleek Satin Bikini Bottom,"<p>Econyl Sleek Satin construction meets architectural precision in this bikini bottom. Designed for the intelligent, independent woman. The Obsidian Black colorway with Chalk White accents creates a sophisticated palette. Pure intelligent aesthetic elegance.</p>",Twessie,Bikini Bottom,"architectural swimsuit, luxury Obsidian Black swimwear, minimalist bikini bottom, minimalist luxury, Econyl Sleek Satin bikini",TRUE,Color,Obsidian Black,Size,L,TWESSIE_AU_BB_0108-Obsidian Black-L,168.0,,10
twessie-au-bb-0108,Obsidian Black Minimalist Econyl Sleek Satin Bikini Bottom,"<p>Econyl Sleek Satin construction meets architectural precision in this bikini bottom. Designed for the intelligent, independent woman. The Obsidian Black colorway with Chalk White accents creates a sophisticated palette. Pure intelligent aesthetic elegance.</p>",Twessie,Bikini Bottom,"architectural swimsuit, luxury Obsidian Black swimwear, minimalist bikini bottom, minimalist luxury, Econyl Sleek Satin bikini",TRUE,Color,Obsidian Black,Size,XL,TWESSIE_AU_BB_0108-Obsidian Black-XL,168.0,,10
twessie-au-bb-0108,Obsidian Black Minimalist Econyl Sleek Satin Bikini Bottom,"<p>Econyl Sleek Satin construction meets architectural precision in this bikini bottom. Designed for the intelligent, independent woman. The Obsidian Black colorway with Chalk White accents creates a sophisticated palette. Pure intelligent aesthetic elegance.</p>",Twessie,Bikini Bottom,"architectural swimsuit, luxury Obsidian Black swimwear, minimalist bikini bottom, minimalist luxury, Econyl Sleek Satin bikini",TRUE,Color,Obsidian Black,Size,XXL,TWESSIE_AU_BB_0108-Obsidian Black-XXL,168.0,,10
twessie-au-bb-0108,Obsidian Black Minimalist Econyl Sleek Satin Bikini Bottom,"<p>Econyl Sleek Satin construction meets architectural precision in this bikini bottom. Designed for the intelligent, independent woman. The Obsidian Black colorway with Chalk White accents creates a sophisticated palette. Pure intelligent aesthetic elegance.</p>",Twessie,Bikini Bottom,"architectural swimsuit, luxury Obsidian Black swimwear, minimalist bikini bottom, minimalist luxury, Econyl Sleek Satin bikini",TRUE,Color,Chalk White,Size,XS,TWESSIE_AU_BB_0108-Chalk White-XS,168.0,,10
twessie-au-bb-0108,Obsidian Black Minimalist Econyl Sleek Satin Bikini Bottom,"<p>Econyl Sleek Satin construction meets architectural precision in this bikini bottom. Designed for the intelligent, independent woman. The Obsidian Black colorway with Chalk White accents creates a sophisticated palette. Pure intelligent aesthetic elegance.</p>",Twessie,Bikini Bottom,"architectural swimsuit, luxury Obsidian Black swimwear, minimalist bikini bottom, minimalist luxury, Econyl Sleek Satin bikini",TRUE,Color,Chalk White,Size,S,TWESSIE_AU_BB_0108-Chalk White-S,168.0,,10
twessie-au-bb-0108,Obsidian Black Minimalist Econyl Sleek Satin Bikini Bottom,"<p>Econyl Sleek Satin construction meets architectural precision in this bikini bottom. Designed for the intelligent, independent woman. The Obsidian Black colorway with Chalk White accents creates a sophisticated palette. Pure intelligent aesthetic elegance.</p>",Twessie,Bikini Bottom,"architectural swimsuit, luxury Obsidian Black swimwear, minimalist bikini bottom, minimalist luxury, Econyl Sleek Satin bikini",TRUE,Color,Chalk White,Size,M,TWESSIE_AU_BB_0108-Chalk White-M,168.0,,10
twessie-au-bb-0108,Obsidian Black Minimalist Econyl Sleek Satin Bikini Bottom,"<p>Econyl Sleek Satin construction meets architectural precision in this bikini bottom. Designed for the intelligent, independent woman. The Obsidian Black colorway with Chalk White accents creates a sophisticated palette. Pure intelligent aesthetic elegance.</p>",Twessie,Bikini Bottom,"architectural swimsuit, luxury Obsidian Black swimwear, minimalist bikini bottom, minimalist luxury, Econyl Sleek Satin bikini",TRUE,Color,Chalk White,Size,L,TWESSIE_AU_BB_0108-Chalk White-L,168.0,,10
twessie-au-bb-0108,Obsidian Black Minimalist Econyl Sleek Satin Bikini Bottom,"<p>Econyl Sleek Satin construction meets architectural precision in this bikini bottom. Designed for the intelligent, independent woman. The Obsidian Black colorway with Chalk White accents creates a sophisticated palette. Pure intelligent aesthetic elegance.</p>",Twessie,Bikini Bottom,"architectural swimsuit, luxury Obsidian Black swimwear, minimalist bikini bottom, minimalist luxury, Econyl Sleek Satin bikini",TRUE,Color,Chalk White,Size,XL,TWESSIE_AU_BB_0108-Chalk White-XL,168.0,,10
twessie-au-bb-0108,Obsidian Black Minimalist Econyl Sleek Satin Bikini Bottom,"<p>Econyl Sleek Satin construction meets architectural precision in this bikini bottom. Designed for the intelligent, independent woman. The Obsidian Black colorway with Chalk White accents creates a sophisticated palette. Pure intelligent aesthetic elegance.</p>",Twessie,Bikini Bottom,"architectural swimsuit, luxury Obsidian Black swimwear, minimalist bikini bottom, minimalist luxury, Econyl Sleek Satin bikini",TRUE,Color,Chalk White,Size,XXL,TWESSIE_AU_BB_0108-Chalk White-XXL,168.0,,10
twessie-na-bt-0109,Architecture-Cut Stone Gray Bikini Top,<p>A statement piece in Crinkled Seersucker. This bikini top combines intelligent aesthetic design with impeccable craftsmanship. Available in Stone Gray with Chalk White detailing. Not loud. Not obvious. Unmistakably Twessie.</p>,Twessie,Bikini Top,"architectural swimsuit, minimalist luxury, independent fashion, minimalist bikini top, high-end swimwear",TRUE,Color,Stone Gray,Size,XS,TWESSIE_NA_BT_0109-Stone Gray-XS,168.0,,10
twessie-na-bt-0109,Architecture-Cut Stone Gray Bikini Top,<p>A statement piece in Crinkled Seersucker. This bikini top combines intelligent aesthetic design with impeccable craftsmanship. Available in Stone Gray with Chalk White detailing. Not loud. Not obvious. Unmistakably Twessie.</p>,Twessie,Bikini Top,"architectural swimsuit, minimalist luxury, independent fashion, minimalist bikini top, high-end swimwear",TRUE,Color,Stone Gray,Size,S,TWESSIE_NA_BT_0109-Stone Gray-S,168.0,,10
twessie-na-bt-0109,Architecture-Cut Stone Gray Bikini Top,<p>A statement piece in Crinkled Seersucker. This bikini top combines intelligent aesthetic design with impeccable craftsmanship. Available in Stone Gray with Chalk White detailing. Not loud. Not obvious. Unmistakably Twessie.</p>,Twessie,Bikini Top,"architectural swimsuit, minimalist luxury, independent fashion, minimalist bikini top, high-end swimwear",TRUE,Color,Stone Gray,Size,M,TWESSIE_NA_BT_0109-Stone Gray-M,168.0,,10
twessie-na-bt-0109,Architecture-Cut Stone Gray Bikini Top,<p>A statement piece in Crinkled Seersucker. This bikini top combines intelligent aesthetic design with impeccable craftsmanship. Available in Stone Gray with Chalk White detailing. Not loud. Not obvious. Unmistakably Twessie.</p>,Twessie,Bikini Top,"architectural swimsuit, minimalist luxury, independent fashion, minimalist bikini top, high-end swimwear",TRUE,Color,Stone Gray,Size,L,TWESSIE_NA_BT_0109-Stone Gray-L,168.0,,10
twessie-na-bt-0109,Architecture-Cut Stone Gray Bikini Top,<p>A statement piece in Crinkled Seersucker. This bikini top combines intelligent aesthetic design with impeccable craftsmanship. Available in Stone Gray with Chalk White detailing. Not loud. Not obvious. Unmistakably Twessie.</p>,Twessie,Bikini Top,"architectural swimsuit, minimalist luxury, independent fashion, minimalist bikini top, high-end swimwear",TRUE,Color,Stone Gray,Size,XL,TWESSIE_NA_BT_0109-Stone Gray-XL,168.0,,10
twessie-na-bt-0109,Architecture-Cut Stone Gray Bikini Top,<p>A statement piece in Crinkled Seersucker. This bikini top combines intelligent aesthetic design with impeccable craftsmanship. Available in Stone Gray with Chalk White detailing. Not loud. Not obvious. Unmistakably Twessie.</p>,Twessie,Bikini Top,"architectural swimsuit, minimalist luxury, independent fashion, minimalist bikini top, high-end swimwear",TRUE,Color,Stone Gray,Size,XXL,TWESSIE_NA_BT_0109-Stone Gray-XXL,168.0,,10
twessie-na-bt-0109,Architecture-Cut Stone Gray Bikini Top,<p>A statement piece in Crinkled Seersucker. This bikini top combines intelligent aesthetic design with impeccable craftsmanship. Available in Stone Gray with Chalk White detailing. Not loud. Not obvious. Unmistakably Twessie.</p>,Twessie,Bikini Top,"architectural swimsuit, minimalist luxury, independent fashion, minimalist bikini top, high-end swimwear",TRUE,Color,Chalk White,Size,XS,TWESSIE_NA_BT_0109-Chalk White-XS,168.0,,10
twessie-na-bt-0109,Architecture-Cut Stone Gray Bikini Top,<p>A statement piece in Crinkled Seersucker. This bikini top combines intelligent aesthetic design with impeccable craftsmanship. Available in Stone Gray with Chalk White detailing. Not loud. Not obvious. Unmistakably Twessie.</p>,Twessie,Bikini Top,"architectural swimsuit, minimalist luxury, independent fashion, minimalist bikini top, high-end swimwear",TRUE,Color,Chalk White,Size,S,TWESSIE_NA_BT_0109-Chalk White-S,168.0,,10
twessie-na-bt-0109,Architecture-Cut Stone Gray Bikini Top,<p>A statement piece in Crinkled Seersucker. This bikini top combines intelligent aesthetic design with impeccable craftsmanship. Available in Stone Gray with Chalk White detailing. Not loud. Not obvious. Unmistakably Twessie.</p>,Twessie,Bikini Top,"architectural swimsuit, minimalist luxury, independent fashion, minimalist bikini top, high-end swimwear",TRUE,Color,Chalk White,Size,M,TWESSIE_NA_BT_0109-Chalk White-M,168.0,,10
twessie-na-bt-0109,Architecture-Cut Stone Gray Bikini Top,<p>A statement piece in Crinkled Seersucker. This bikini top combines intelligent aesthetic design with impeccable craftsmanship. Available in Stone Gray with Chalk White detailing. Not loud. Not obvious. Unmistakably Twessie.</p>,Twessie,Bikini Top,"architectural swimsuit, minimalist luxury, independent fashion, minimalist bikini top, high-end swimwear",TRUE,Color,Chalk White,Size,L,TWESSIE_NA_BT_0109-Chalk White-L,168.0,,10
twessie-na-bt-0109,Architecture-Cut Stone Gray Bikini Top,<p>A statement piece in Crinkled Seersucker. This bikini top combines intelligent aesthetic design with impeccable craftsmanship. Available in Stone Gray with Chalk White detailing. Not loud. Not obvious. Unmistakably Twessie.</p>,Twessie,Bikini Top,"architectural swimsuit, minimalist luxury, independent fashion, minimalist bikini top, high-end swimwear",TRUE,Color,Chalk White,Size,XL,TWESSIE_NA_BT_0109-Chalk White-XL,168.0,,10
twessie-na-bt-0109,Architecture-Cut Stone Gray Bikini Top,<p>A statement piece in Crinkled Seersucker. This bikini top combines intelligent aesthetic design with impeccable craftsmanship. Available in Stone Gray with Chalk White detailing. Not loud. Not obvious. Unmistakably Twessie.</p>,Twessie,Bikini Top,"architectural swimsuit, minimalist luxury, independent fashion, minimalist bikini top, high-end swimwear",TRUE,Color,Chalk White,Size,XXL,TWESSIE_NA_BT_0109-Chalk White-XXL,168.0,,10
twessie-jp-bt-0110,Minimalist Obsidian Black Textured Bikini Top,"<p>Econyl Sleek Satin construction meets architectural precision in this bikini top. Designed for the intelligent, independent woman. The Obsidian Black colorway with Burnt Terracotta accents creates a sophisticated palette. Pure intelligent aesthetic elegance.</p>",Twessie,Bikini Top,"high-end swimwear, Econyl Sleek Satin bikini, independent fashion, minimalist bikini top, minimalist luxury",TRUE,Color,Obsidian Black,Size,XS,TWESSIE_JP_BT_0110-Obsidian Black-XS,168.0,,10
twessie-jp-bt-0110,Minimalist Obsidian Black Textured Bikini Top,"<p>Econyl Sleek Satin construction meets architectural precision in this bikini top. Designed for the intelligent, independent woman. The Obsidian Black colorway with Burnt Terracotta accents creates a sophisticated palette. Pure intelligent aesthetic elegance.</p>",Twessie,Bikini Top,"high-end swimwear, Econyl Sleek Satin bikini, independent fashion, minimalist bikini top, minimalist luxury",TRUE,Color,Obsidian Black,Size,S,TWESSIE_JP_BT_0110-Obsidian Black-S,168.0,,10
twessie-jp-bt-0110,Minimalist Obsidian Black Textured Bikini Top,"<p>Econyl Sleek Satin construction meets architectural precision in this bikini top. Designed for the intelligent, independent woman. The Obsidian Black colorway with Burnt Terracotta accents creates a sophisticated palette. Pure intelligent aesthetic elegance.</p>",Twessie,Bikini Top,"high-end swimwear, Econyl Sleek Satin bikini, independent fashion, minimalist bikini top, minimalist luxury",TRUE,Color,Obsidian Black,Size,M,TWESSIE_JP_BT_0110-Obsidian Black-M,168.0,,10
twessie-jp-bt-0110,Minimalist Obsidian Black Textured Bikini Top,"<p>Econyl Sleek Satin construction meets architectural precision in this bikini top. Designed for the intelligent, independent woman. The Obsidian Black colorway with Burnt Terracotta accents creates a sophisticated palette. Pure intelligent aesthetic elegance.</p>",Twessie,Bikini Top,"high-end swimwear, Econyl Sleek Satin bikini, independent fashion, minimalist bikini top, minimalist luxury",TRUE,Color,Obsidian Black,Size,L,TWESSIE_JP_BT_0110-Obsidian Black-L,168.0,,10
twessie-jp-bt-0110,Minimalist Obsidian Black Textured Bikini Top,"<p>Econyl Sleek Satin construction meets architectural precision in this bikini top. Designed for the intelligent, independent woman. The Obsidian Black colorway with Burnt Terracotta accents creates a sophisticated palette. Pure intelligent aesthetic elegance.</p>",Twessie,Bikini Top,"high-end swimwear, Econyl Sleek Satin bikini, independent fashion, minimalist bikini top, minimalist luxury",TRUE,Color,Obsidian Black,Size,XL,TWESSIE_JP_BT_0110-Obsidian Black-XL,168.0,,10
twessie-jp-bt-0110,Minimalist Obsidian Black Textured Bikini Top,"<p>Econyl Sleek Satin construction meets architectural precision in this bikini top. Designed for the intelligent, independent woman. The Obsidian Black colorway with Burnt Terracotta accents creates a sophisticated palette. Pure intelligent aesthetic elegance.</p>",Twessie,Bikini Top,"high-end swimwear, Econyl Sleek Satin bikini, independent fashion, minimalist bikini top, minimalist luxury",TRUE,Color,Obsidian Black,Size,XXL,TWESSIE_JP_BT_0110-Obsidian Black-XXL,168.0,,10
twessie-jp-bt-0110,Minimalist Obsidian Black Textured Bikini Top,"<p>Econyl Sleek Satin construction meets architectural precision in this bikini top. Designed for the intelligent, independent woman. The Obsidian Black colorway with Burnt Terracotta accents creates a sophisticated palette. Pure intelligent aesthetic elegance.</p>",Twessie,Bikini Top,"high-end swimwear, Econyl Sleek Satin bikini, independent fashion, minimalist bikini top, minimalist luxury",TRUE,Color,Burnt Terracotta,Size,XS,TWESSIE_JP_BT_0110-Burnt Terracotta-XS,168.0,,10
twessie-jp-bt-0110,Minimalist Obsidian Black Textured Bikini Top,"<p>Econyl Sleek Satin construction meets architectural precision in this bikini top. Designed for the intelligent, independent woman. The Obsidian Black colorway with Burnt Terracotta accents creates a sophisticated palette. Pure intelligent aesthetic elegance.</p>",Twessie,Bikini Top,"high-end swimwear, Econyl Sleek Satin bikini, independent fashion, minimalist bikini top, minimalist luxury",TRUE,Color,Burnt Terracotta,Size,S,TWESSIE_JP_BT_0110-Burnt Terracotta-S,168.0,,10
twessie-jp-bt-0110,Minimalist Obsidian Black Textured Bikini Top,"<p>Econyl Sleek Satin construction meets architectural precision in this bikini top. Designed for the intelligent, independent woman. The Obsidian Black colorway with Burnt Terracotta accents creates a sophisticated palette. Pure intelligent aesthetic elegance.</p>",Twessie,Bikini Top,"high-end swimwear, Econyl Sleek Satin bikini, independent fashion, minimalist bikini top, minimalist luxury",TRUE,Color,Burnt Terracotta,Size,M,TWESSIE_JP_BT_0110-Burnt Terracotta-M,168.0,,10
twessie-jp-bt-0110,Minimalist Obsidian Black Textured Bikini Top,"<p>Econyl Sleek Satin construction meets architectural precision in this bikini top. Designed for the intelligent, independent woman. The Obsidian Black colorway with Burnt Terracotta accents creates a sophisticated palette. Pure intelligent aesthetic elegance.</p>",Twessie,Bikini Top,"high-end swimwear, Econyl Sleek Satin bikini, independent fashion, minimalist bikini top, minimalist luxury",TRUE,Color,Burnt Terracotta,Size,L,TWESSIE_JP_BT_0110-Burnt Terracotta-L,168.0,,10
twessie-jp-bt-0110,Minimalist Obsidian Black Textured Bikini Top,"<p>Econyl Sleek Satin construction meets architectural precision in this bikini top. Designed for the intelligent, independent woman. The Obsidian Black colorway with Burnt Terracotta accents creates a sophisticated palette. Pure intelligent aesthetic elegance.</p>",Twessie,Bikini Top,"high-end swimwear, Econyl Sleek Satin bikini, independent fashion, minimalist bikini top, minimalist luxury",TRUE,Color,Burnt Terracotta,Size,XL,TWESSIE_JP_BT_0110-Burnt Terracotta-XL,168.0,,10
twessie-jp-bt-0110,Minimalist Obsidian Black Textured Bikini Top,"<p>Econyl Sleek Satin construction meets architectural precision in this bikini top. Designed for the intelligent, independent woman. The Obsidian Black colorway with Burnt Terracotta accents creates a sophisticated palette. Pure intelligent aesthetic elegance.</p>",Twessie,Bikini Top,"high-end swimwear, Econyl Sleek Satin bikini, independent fashion, minimalist bikini top, minimalist luxury",TRUE,Color,Burnt Terracotta,Size,XXL,TWESSIE_JP_BT_0110-Burnt Terracotta-XXL,168.0,,10
twessie-na-bb-0201,Structural Econyl Sleek Satin Bikini Bottom,"<p>Econyl Sleek Satin construction meets architectural precision in this bikini bottom. Designed for the intelligent, independent woman. The Obsidian Black colorway with Olive Drab accents creates a sophisticated palette. Pure intelligent aesthetic elegance.</p>",Twessie,Bikini Bottom,"independent fashion, minimalist luxury, luxury Obsidian Black swimwear, Econyl Sleek Satin bikini, minimalist bikini bottom",TRUE,Color,Obsidian Black,Size,XS,TWESSIE_NA_BB_0201-Obsidian Black-XS,168.0,,10
twessie-na-bb-0201,Structural Econyl Sleek Satin Bikini Bottom,"<p>Econyl Sleek Satin construction meets architectural precision in this bikini bottom. Designed for the intelligent, independent woman. The Obsidian Black colorway with Olive Drab accents creates a sophisticated palette. Pure intelligent aesthetic elegance.</p>",Twessie,Bikini Bottom,"independent fashion, minimalist luxury, luxury Obsidian Black swimwear, Econyl Sleek Satin bikini, minimalist bikini bottom",TRUE,Color,Obsidian Black,Size,S,TWESSIE_NA_BB_0201-Obsidian Black-S,168.0,,10
twessie-na-bb-0201,Structural Econyl Sleek Satin Bikini Bottom,"<p>Econyl Sleek Satin construction meets architectural precision in this bikini bottom. Designed for the intelligent, independent woman. The Obsidian Black colorway with Olive Drab accents creates a sophisticated palette. Pure intelligent aesthetic elegance.</p>",Twessie,Bikini Bottom,"independent fashion, minimalist luxury, luxury Obsidian Black swimwear, Econyl Sleek Satin bikini, minimalist bikini bottom",TRUE,Color,Obsidian Black,Size,M,TWESSIE_NA_BB_0201-Obsidian Black-M,168.0,,10
twessie-na-bb-0201,Structural Econyl Sleek Satin Bikini Bottom,"<p>Econyl Sleek Satin construction meets architectural precision in this bikini bottom. Designed for the intelligent, independent woman. The Obsidian Black colorway with Olive Drab accents creates a sophisticated palette. Pure intelligent aesthetic elegance.</p>",Twessie,Bikini Bottom,"independent fashion, minimalist luxury, luxury Obsidian Black swimwear, Econyl Sleek Satin bikini, minimalist bikini bottom",TRUE,Color,Obsidian Black,Size,L,TWESSIE_NA_BB_0201-Obsidian Black-L,168.0,,10
twessie-na-bb-0201,Structural Econyl Sleek Satin Bikini Bottom,"<p>Econyl Sleek Satin construction meets architectural precision in this bikini bottom. Designed for the intelligent, independent woman. The Obsidian Black colorway with Olive Drab accents creates a sophisticated palette. Pure intelligent aesthetic elegance.</p>",Twessie,Bikini Bottom,"independent fashion, minimalist luxury, luxury Obsidian Black swimwear, Econyl Sleek Satin bikini, minimalist bikini bottom",TRUE,Color,Obsidian Black,Size,XL,TWESSIE_NA_BB_0201-Obsidian Black-XL,168.0,,10
twessie-na-bb-0201,Structural Econyl Sleek Satin Bikini Bottom,"<p>Econyl Sleek Satin construction meets architectural precision in this bikini bottom. Designed for the intelligent, independent woman. The Obsidian Black colorway with Olive Drab accents creates a sophisticated palette. Pure intelligent aesthetic elegance.</p>",Twessie,Bikini Bottom,"independent fashion, minimalist luxury, luxury Obsidian Black swimwear, Econyl Sleek Satin bikini, minimalist bikini bottom",TRUE,Color,Obsidian Black,Size,XXL,TWESSIE_NA_BB_0201-Obsidian Black-XXL,168.0,,10
twessie-na-bb-0201,Structural Econyl Sleek Satin Bikini Bottom,"<p>Econyl Sleek Satin construction meets architectural precision in this bikini bottom. Designed for the intelligent, independent woman. The Obsidian Black colorway with Olive Drab accents creates a sophisticated palette. Pure intelligent aesthetic elegance.</p>",Twessie,Bikini Bottom,"independent fashion, minimalist luxury, luxury Obsidian Black swimwear, Econyl Sleek Satin bikini, minimalist bikini bottom",TRUE,Color,Olive Drab,Size,XS,TWESSIE_NA_BB_0201-Olive Drab-XS,168.0,,10
twessie-na-bb-0201,Structural Econyl Sleek Satin Bikini Bottom,"<p>Econyl Sleek Satin construction meets architectural precision in this bikini bottom. Designed for the intelligent, independent woman. The Obsidian Black colorway with Olive Drab accents creates a sophisticated palette. Pure intelligent aesthetic elegance.</p>",Twessie,Bikini Bottom,"independent fashion, minimalist luxury, luxury Obsidian Black swimwear, Econyl Sleek Satin bikini, minimalist bikini bottom",TRUE,Color,Olive Drab,Size,S,TWESSIE_NA_BB_0201-Olive Drab-S,168.0,,10
twessie-na-bb-0201,Structural Econyl Sleek Satin Bikini Bottom,"<p>Econyl Sleek Satin construction meets architectural precision in this bikini bottom. Designed for the intelligent, independent woman. The Obsidian Black colorway with Olive Drab accents creates a sophisticated palette. Pure intelligent aesthetic elegance.</p>",Twessie,Bikini Bottom,"independent fashion, minimalist luxury, luxury Obsidian Black swimwear, Econyl Sleek Satin bikini, minimalist bikini bottom",TRUE,Color,Olive Drab,Size,M,TWESSIE_NA_BB_0201-Olive Drab-M,168.0,,10
twessie-na-bb-0201,Structural Econyl Sleek Satin Bikini Bottom,"<p>Econyl Sleek Satin construction meets architectural precision in this bikini bottom. Designed for the intelligent, independent woman. The Obsidian Black colorway with Olive Drab accents creates a sophisticated palette. Pure intelligent aesthetic elegance.</p>",Twessie,Bikini Bottom,"independent fashion, minimalist luxury, luxury Obsidian Black swimwear, Econyl Sleek Satin bikini, minimalist bikini bottom",TRUE,Color,Olive Drab,Size,L,TWESSIE_NA_BB_0201-Olive Drab-L,168.0,,10
twessie-na-bb-0201,Structural Econyl Sleek Satin Bikini Bottom,"<p>Econyl Sleek Satin construction meets architectural precision in this bikini bottom. Designed for the intelligent, independent woman. The Obsidian Black colorway with Olive Drab accents creates a sophisticated palette. Pure intelligent aesthetic elegance.</p>",Twessie,Bikini Bottom,"independent fashion, minimalist luxury, luxury Obsidian Black swimwear, Econyl Sleek Satin bikini, minimalist bikini bottom",TRUE,Color,Olive Drab,Size,XL,TWESSIE_NA_BB_0201-Olive Drab-XL,168.0,,10
twessie-na-bb-0201,Structural Econyl Sleek Satin Bikini Bottom,"<p>Econyl Sleek Satin construction meets architectural precision in this bikini bottom. Designed for the intelligent, independent woman. The Obsidian Black colorway with Olive Drab accents creates a sophisticated palette. Pure intelligent aesthetic elegance.</p>",Twessie,Bikini Bottom,"independent fashion, minimalist luxury, luxury Obsidian Black swimwear, Econyl Sleek Satin bikini, minimalist bikini bottom",TRUE,Color,Olive Drab,Size,XXL,TWESSIE_NA_BB_0201-Olive Drab-XXL,168.0,,10
twessie-sg-bt-0202,Matte Ribbed Knit High-Waist Bikini Top in Burnt Terracotta,"<p>Matte Ribbed Knit construction meets architectural precision in this bikini top. Designed for the intelligent, independent woman. The Burnt Terracotta colorway with Olive Drab accents creates a sophisticated palette. Pure architectural elegance elegance.</p>",Twessie,Bikini Top,"architectural swimsuit, minimalist bikini top, Matte Ribbed Knit bikini, high-end swimwear, independent fashion",TRUE,Color,Burnt Terracotta,Size,XS,TWESSIE_SG_BT_0202-Burnt Terracotta-XS,168.0,,10
twessie-sg-bt-0202,Matte Ribbed Knit High-Waist Bikini Top in Burnt Terracotta,"<p>Matte Ribbed Knit construction meets architectural precision in this bikini top. Designed for the intelligent, independent woman. The Burnt Terracotta colorway with Olive Drab accents creates a sophisticated palette. Pure architectural elegance elegance.</p>",Twessie,Bikini Top,"architectural swimsuit, minimalist bikini top, Matte Ribbed Knit bikini, high-end swimwear, independent fashion",TRUE,Color,Burnt Terracotta,Size,S,TWESSIE_SG_BT_0202-Burnt Terracotta-S,168.0,,10
twessie-sg-bt-0202,Matte Ribbed Knit High-Waist Bikini Top in Burnt Terracotta,"<p>Matte Ribbed Knit construction meets architectural precision in this bikini top. Designed for the intelligent, independent woman. The Burnt Terracotta colorway with Olive Drab accents creates a sophisticated palette. Pure architectural elegance elegance.</p>",Twessie,Bikini Top,"architectural swimsuit, minimalist bikini top, Matte Ribbed Knit bikini, high-end swimwear, independent fashion",TRUE,Color,Burnt Terracotta,Size,M,TWESSIE_SG_BT_0202-Burnt Terracotta-M,168.0,,10
twessie-sg-bt-0202,Matte Ribbed Knit High-Waist Bikini Top in Burnt Terracotta,"<p>Matte Ribbed Knit construction meets architectural precision in this bikini top. Designed for the intelligent, independent woman. The Burnt Terracotta colorway with Olive Drab accents creates a sophisticated palette. Pure architectural elegance elegance.</p>",Twessie,Bikini Top,"architectural swimsuit, minimalist bikini top, Matte Ribbed Knit bikini, high-end swimwear, independent fashion",TRUE,Color,Burnt Terracotta,Size,L,TWESSIE_SG_BT_0202-Burnt Terracotta-L,168.0,,10
twessie-sg-bt-0202,Matte Ribbed Knit High-Waist Bikini Top in Burnt Terracotta,"<p>Matte Ribbed Knit construction meets architectural precision in this bikini top. Designed for the intelligent, independent woman. The Burnt Terracotta colorway with Olive Drab accents creates a sophisticated palette. Pure architectural elegance elegance.</p>",Twessie,Bikini Top,"architectural swimsuit, minimalist bikini top, Matte Ribbed Knit bikini, high-end swimwear, independent fashion",TRUE,Color,Burnt Terracotta,Size,XL,TWESSIE_SG_BT_0202-Burnt Terracotta-XL,168.0,,10
twessie-sg-bt-0202,Matte Ribbed Knit High-Waist Bikini Top in Burnt Terracotta,"<p>Matte Ribbed Knit construction meets architectural precision in this bikini top. Designed for the intelligent, independent woman. The Burnt Terracotta colorway with Olive Drab accents creates a sophisticated palette. Pure architectural elegance elegance.</p>",Twessie,Bikini Top,"architectural swimsuit, minimalist bikini top, Matte Ribbed Knit bikini, high-end swimwear, independent fashion",TRUE,Color,Burnt Terracotta,Size,XXL,TWESSIE_SG_BT_0202-Burnt Terracotta-XXL,168.0,,10
twessie-sg-bt-0202,Matte Ribbed Knit High-Waist Bikini Top in Burnt Terracotta,"<p>Matte Ribbed Knit construction meets architectural precision in this bikini top. Designed for the intelligent, independent woman. The Burnt Terracotta colorway with Olive Drab accents creates a sophisticated palette. Pure architectural elegance elegance.</p>",Twessie,Bikini Top,"architectural swimsuit, minimalist bikini top, Matte Ribbed Knit bikini, high-end swimwear, independent fashion",TRUE,Color,Olive Drab,Size,XS,TWESSIE_SG_BT_0202-Olive Drab-XS,168.0,,10
twessie-sg-bt-0202,Matte Ribbed Knit High-Waist Bikini Top in Burnt Terracotta,"<p>Matte Ribbed Knit construction meets architectural precision in this bikini top. Designed for the intelligent, independent woman. The Burnt Terracotta colorway with Olive Drab accents creates a sophisticated palette. Pure architectural elegance elegance.</p>",Twessie,Bikini Top,"architectural swimsuit, minimalist bikini top, Matte Ribbed Knit bikini, high-end swimwear, independent fashion",TRUE,Color,Olive Drab,Size,S,TWESSIE_SG_BT_0202-Olive Drab-S,168.0,,10
twessie-sg-bt-0202,Matte Ribbed Knit High-Waist Bikini Top in Burnt Terracotta,"<p>Matte Ribbed Knit construction meets architectural precision in this bikini top. Designed for the intelligent, independent woman. The Burnt Terracotta colorway with Olive Drab accents creates a sophisticated palette. Pure architectural elegance elegance.</p>",Twessie,Bikini Top,"architectural swimsuit, minimalist bikini top, Matte Ribbed Knit bikini, high-end swimwear, independent fashion",TRUE,Color,Olive Drab,Size,M,TWESSIE_SG_BT_0202-Olive Drab-M,168.0,,10
twessie-sg-bt-0202,Matte Ribbed Knit High-Waist Bikini Top in Burnt Terracotta,"<p>Matte Ribbed Knit construction meets architectural precision in this bikini top. Designed for the intelligent, independent woman. The Burnt Terracotta colorway with Olive Drab accents creates a sophisticated palette. Pure architectural elegance elegance.</p>",Twessie,Bikini Top,"architectural swimsuit, minimalist bikini top, Matte Ribbed Knit bikini, high-end swimwear, independent fashion",TRUE,Color,Olive Drab,Size,L,TWESSIE_SG_BT_0202-Olive Drab-L,168.0,,10
twessie-sg-bt-0202,Matte Ribbed Knit High-Waist Bikini Top in Burnt Terracotta,"<p>Matte Ribbed Knit construction meets architectural precision in this bikini top. Designed for the intelligent, independent woman. The Burnt Terracotta colorway with Olive Drab accents creates a sophisticated palette. Pure architectural elegance elegance.</p>",Twessie,Bikini Top,"architectural swimsuit, minimalist bikini top, Matte Ribbed Knit bikini, high-end swimwear, independent fashion",TRUE,Color,Olive Drab,Size,XL,TWESSIE_SG_BT_0202-Olive Drab-XL,168.0,,10
twessie-sg-bt-0202,Matte Ribbed Knit High-Waist Bikini Top in Burnt Terracotta,"<p>Matte Ribbed Knit construction meets architectural precision in this bikini top. Designed for the intelligent, independent woman. The Burnt Terracotta colorway with Olive Drab accents creates a sophisticated palette. Pure architectural elegance elegance.</p>",Twessie,Bikini Top,"architectural swimsuit, minimalist bikini top, Matte Ribbed Knit bikini, high-end swimwear, independent fashion",TRUE,Color,Olive Drab,Size,XXL,TWESSIE_SG_BT_0202-Olive Drab-XXL,168.0,,10
twessie-na-op-0203,Sculptural Obsidian Black Monokini,<p>A statement piece in Econyl Sleek Satin. This one-piece combines anti-fashion statement design with impeccable craftsmanship. Available in Obsidian Black with Stone Gray detailing. Not loud. Not obvious. Unmistakably Twessie.</p>,Twessie,One-Piece,"Econyl Sleek Satin bikini, architectural swimsuit, high-end swimwear, luxury Obsidian Black swimwear, minimalist one-piece",TRUE,Color,Obsidian Black,Size,XS,TWESSIE_NA_OP_0203-Obsidian Black-XS,168.0,,10
twessie-na-op-0203,Sculptural Obsidian Black Monokini,<p>A statement piece in Econyl Sleek Satin. This one-piece combines anti-fashion statement design with impeccable craftsmanship. Available in Obsidian Black with Stone Gray detailing. Not loud. Not obvious. Unmistakably Twessie.</p>,Twessie,One-Piece,"Econyl Sleek Satin bikini, architectural swimsuit, high-end swimwear, luxury Obsidian Black swimwear, minimalist one-piece",TRUE,Color,Obsidian Black,Size,S,TWESSIE_NA_OP_0203-Obsidian Black-S,168.0,,10
twessie-na-op-0203,Sculptural Obsidian Black Monokini,<p>A statement piece in Econyl Sleek Satin. This one-piece combines anti-fashion statement design with impeccable craftsmanship. Available in Obsidian Black with Stone Gray detailing. Not loud. Not obvious. Unmistakably Twessie.</p>,Twessie,One-Piece,"Econyl Sleek Satin bikini, architectural swimsuit, high-end swimwear, luxury Obsidian Black swimwear, minimalist one-piece",TRUE,Color,Obsidian Black,Size,M,TWESSIE_NA_OP_0203-Obsidian Black-M,168.0,,10
twessie-na-op-0203,Sculptural Obsidian Black Monokini,<p>A statement piece in Econyl Sleek Satin. This one-piece combines anti-fashion statement design with impeccable craftsmanship. Available in Obsidian Black with Stone Gray detailing. Not loud. Not obvious. Unmistakably Twessie.</p>,Twessie,One-Piece,"Econyl Sleek Satin bikini, architectural swimsuit, high-end swimwear, luxury Obsidian Black swimwear, minimalist one-piece",TRUE,Color,Obsidian Black,Size,L,TWESSIE_NA_OP_0203-Obsidian Black-L,168.0,,10
twessie-na-op-0203,Sculptural Obsidian Black Monokini,<p>A statement piece in Econyl Sleek Satin. This one-piece combines anti-fashion statement design with impeccable craftsmanship. Available in Obsidian Black with Stone Gray detailing. Not loud. Not obvious. Unmistakably Twessie.</p>,Twessie,One-Piece,"Econyl Sleek Satin bikini, architectural swimsuit, high-end swimwear, luxury Obsidian Black swimwear, minimalist one-piece",TRUE,Color,Obsidian Black,Size,XL,TWESSIE_NA_OP_0203-Obsidian Black-XL,168.0,,10
twessie-na-op-0203,Sculptural Obsidian Black Monokini,<p>A statement piece in Econyl Sleek Satin. This one-piece combines anti-fashion statement design with impeccable craftsmanship. Available in Obsidian Black with Stone Gray detailing. Not loud. Not obvious. Unmistakably Twessie.</p>,Twessie,One-Piece,"Econyl Sleek Satin bikini, architectural swimsuit, high-end swimwear, luxury Obsidian Black swimwear, minimalist one-piece",TRUE,Color,Obsidian Black,Size,XXL,TWESSIE_NA_OP_0203-Obsidian Black-XXL,168.0,,10
twessie-na-op-0203,Sculptural Obsidian Black Monokini,<p>A statement piece in Econyl Sleek Satin. This one-piece combines anti-fashion statement design with impeccable craftsmanship. Available in Obsidian Black with Stone Gray detailing. Not loud. Not obvious. Unmistakably Twessie.</p>,Twessie,One-Piece,"Econyl Sleek Satin bikini, architectural swimsuit, high-end swimwear, luxury Obsidian Black swimwear, minimalist one-piece",TRUE,Color,Stone Gray,Size,XS,TWESSIE_NA_OP_0203-Stone Gray-XS,168.0,,10
twessie-na-op-0203,Sculptural Obsidian Black Monokini,<p>A statement piece in Econyl Sleek Satin. This one-piece combines anti-fashion statement design with impeccable craftsmanship. Available in Obsidian Black with Stone Gray detailing. Not loud. Not obvious. Unmistakably Twessie.</p>,Twessie,One-Piece,"Econyl Sleek Satin bikini, architectural swimsuit, high-end swimwear, luxury Obsidian Black swimwear, minimalist one-piece",TRUE,Color,Stone Gray,Size,S,TWESSIE_NA_OP_0203-Stone Gray-S,168.0,,10
twessie-na-op-0203,Sculptural Obsidian Black Monokini,<p>A statement piece in Econyl Sleek Satin. This one-piece combines anti-fashion statement design with impeccable craftsmanship. Available in Obsidian Black with Stone Gray detailing. Not loud. Not obvious. Unmistakably Twessie.</p>,Twessie,One-Piece,"Econyl Sleek Satin bikini, architectural swimsuit, high-end swimwear, luxury Obsidian Black swimwear, minimalist one-piece",TRUE,Color,Stone Gray,Size,M,TWESSIE_NA_OP_0203-Stone Gray-M,168.0,,10
twessie-na-op-0203,Sculptural Obsidian Black Monokini,<p>A statement piece in Econyl Sleek Satin. This one-piece combines anti-fashion statement design with impeccable craftsmanship. Available in Obsidian Black with Stone Gray detailing. Not loud. Not obvious. Unmistakably Twessie.</p>,Twessie,One-Piece,"Econyl Sleek Satin bikini, architectural swimsuit, high-end swimwear, luxury Obsidian Black swimwear, minimalist one-piece",TRUE,Color,Stone Gray,Size,L,TWESSIE_NA_OP_0203-Stone Gray-L,168.0,,10
twessie-na-op-0203,Sculptural Obsidian Black Monokini,<p>A statement piece in Econyl Sleek Satin. This one-piece combines anti-fashion statement design with impeccable craftsmanship. Available in Obsidian Black with Stone Gray detailing. Not loud. Not obvious. Unmistakably Twessie.</p>,Twessie,One-Piece,"Econyl Sleek Satin bikini, architectural swimsuit, high-end swimwear, luxury Obsidian Black swimwear, minimalist one-piece",TRUE,Color,Stone Gray,Size,XL,TWESSIE_NA_OP_0203-Stone Gray-XL,168.0,,10
twessie-na-op-0203,Sculptural Obsidian Black Monokini,<p>A statement piece in Econyl Sleek Satin. This one-piece combines anti-fashion statement design with impeccable craftsmanship. Available in Obsidian Black with Stone Gray detailing. Not loud. Not obvious. Unmistakably Twessie.</p>,Twessie,One-Piece,"Econyl Sleek Satin bikini, architectural swimsuit, high-end swimwear, luxury Obsidian Black swimwear, minimalist one-piece",TRUE,Color,Stone Gray,Size,XXL,TWESSIE_NA_OP_0203-Stone Gray-XXL,168.0,,10
twessie-sg-op-0204,Burnt Terracotta Architectural One-Piece Swimsuit,<p>Crafted in premium Matte Ribbed Knit with Crinkled Seersucker accents. This one-piece epitomizes architectural elegance luxury. Featuring color-blocking in Burnt Terracotta and Olive Drab. Perfect for the discerning swimmer who refuses the obvious.</p>,Twessie,One-Piece,"minimalist luxury, minimalist one-piece, Matte Ribbed Knit bikini, architectural swimsuit, luxury Burnt Terracotta swimwear",TRUE,Color,Burnt Terracotta,Size,XS,TWESSIE_SG_OP_0204-Burnt Terracotta-XS,168.0,,10
twessie-sg-op-0204,Burnt Terracotta Architectural One-Piece Swimsuit,<p>Crafted in premium Matte Ribbed Knit with Crinkled Seersucker accents. This one-piece epitomizes architectural elegance luxury. Featuring color-blocking in Burnt Terracotta and Olive Drab. Perfect for the discerning swimmer who refuses the obvious.</p>,Twessie,One-Piece,"minimalist luxury, minimalist one-piece, Matte Ribbed Knit bikini, architectural swimsuit, luxury Burnt Terracotta swimwear",TRUE,Color,Burnt Terracotta,Size,S,TWESSIE_SG_OP_0204-Burnt Terracotta-S,168.0,,10
twessie-sg-op-0204,Burnt Terracotta Architectural One-Piece Swimsuit,<p>Crafted in premium Matte Ribbed Knit with Crinkled Seersucker accents. This one-piece epitomizes architectural elegance luxury. Featuring color-blocking in Burnt Terracotta and Olive Drab. Perfect for the discerning swimmer who refuses the obvious.</p>,Twessie,One-Piece,"minimalist luxury, minimalist one-piece, Matte Ribbed Knit bikini, architectural swimsuit, luxury Burnt Terracotta swimwear",TRUE,Color,Burnt Terracotta,Size,M,TWESSIE_SG_OP_0204-Burnt Terracotta-M,168.0,,10
twessie-sg-op-0204,Burnt Terracotta Architectural One-Piece Swimsuit,<p>Crafted in premium Matte Ribbed Knit with Crinkled Seersucker accents. This one-piece epitomizes architectural elegance luxury. Featuring color-blocking in Burnt Terracotta and Olive Drab. Perfect for the discerning swimmer who refuses the obvious.</p>,Twessie,One-Piece,"minimalist luxury, minimalist one-piece, Matte Ribbed Knit bikini, architectural swimsuit, luxury Burnt Terracotta swimwear",TRUE,Color,Burnt Terracotta,Size,L,TWESSIE_SG_OP_0204-Burnt Terracotta-L,168.0,,10
twessie-sg-op-0204,Burnt Terracotta Architectural One-Piece Swimsuit,<p>Crafted in premium Matte Ribbed Knit with Crinkled Seersucker accents. This one-piece epitomizes architectural elegance luxury. Featuring color-blocking in Burnt Terracotta and Olive Drab. Perfect for the discerning swimmer who refuses the obvious.</p>,Twessie,One-Piece,"minimalist luxury, minimalist one-piece, Matte Ribbed Knit bikini, architectural swimsuit, luxury Burnt Terracotta swimwear",TRUE,Color,Burnt Terracotta,Size,XL,TWESSIE_SG_OP_0204-Burnt Terracotta-XL,168.0,,10
twessie-sg-op-0204,Burnt Terracotta Architectural One-Piece Swimsuit,<p>Crafted in premium Matte Ribbed Knit with Crinkled Seersucker accents. This one-piece epitomizes architectural elegance luxury. Featuring color-blocking in Burnt Terracotta and Olive Drab. Perfect for the discerning swimmer who refuses the obvious.</p>,Twessie,One-Piece,"minimalist luxury, minimalist one-piece, Matte Ribbed Knit bikini, architectural swimsuit, luxury Burnt Terracotta swimwear",TRUE,Color,Burnt Terracotta,Size,XXL,TWESSIE_SG_OP_0204-Burnt Terracotta-XXL,168.0,,10
twessie-sg-op-0204,Burnt Terracotta Architectural One-Piece Swimsuit,<p>Crafted in premium Matte Ribbed Knit with Crinkled Seersucker accents. This one-piece epitomizes architectural elegance luxury. Featuring color-blocking in Burnt Terracotta and Olive Drab. Perfect for the discerning swimmer who refuses the obvious.</p>,Twessie,One-Piece,"minimalist luxury, minimalist one-piece, Matte Ribbed Knit bikini, architectural swimsuit, luxury Burnt Terracotta swimwear",TRUE,Color,Olive Drab,Size,XS,TWESSIE_SG_OP_0204-Olive Drab-XS,168.0,,10
twessie-sg-op-0204,Burnt Terracotta Architectural One-Piece Swimsuit,<p>Crafted in premium Matte Ribbed Knit with Crinkled Seersucker accents. This one-piece epitomizes architectural elegance luxury. Featuring color-blocking in Burnt Terracotta and Olive Drab. Perfect for the discerning swimmer who refuses the obvious.</p>,Twessie,One-Piece,"minimalist luxury, minimalist one-piece, Matte Ribbed Knit bikini, architectural swimsuit, luxury Burnt Terracotta swimwear",TRUE,Color,Olive Drab,Size,S,TWESSIE_SG_OP_0204-Olive Drab-S,168.0,,10
twessie-sg-op-0204,Burnt Terracotta Architectural One-Piece Swimsuit,<p>Crafted in premium Matte Ribbed Knit with Crinkled Seersucker accents. This one-piece epitomizes architectural elegance luxury. Featuring color-blocking in Burnt Terracotta and Olive Drab. Perfect for the discerning swimmer who refuses the obvious.</p>,Twessie,One-Piece,"minimalist luxury, minimalist one-piece, Matte Ribbed Knit bikini, architectural swimsuit, luxury Burnt Terracotta swimwear",TRUE,Color,Olive Drab,Size,M,TWESSIE_SG_OP_0204-Olive Drab-M,168.0,,10
twessie-sg-op-0204,Burnt Terracotta Architectural One-Piece Swimsuit,<p>Crafted in premium Matte Ribbed Knit with Crinkled Seersucker accents. This one-piece epitomizes architectural elegance luxury. Featuring color-blocking in Burnt Terracotta and Olive Drab. Perfect for the discerning swimmer who refuses the obvious.</p>,Twessie,One-Piece,"minimalist luxury, minimalist one-piece, Matte Ribbed Knit bikini, architectural swimsuit, luxury Burnt Terracotta swimwear",TRUE,Color,Olive Drab,Size,L,TWESSIE_SG_OP_0204-Olive Drab-L,168.0,,10
twessie-sg-op-0204,Burnt Terracotta Architectural One-Piece Swimsuit,<p>Crafted in premium Matte Ribbed Knit with Crinkled Seersucker accents. This one-piece epitomizes architectural elegance luxury. Featuring color-blocking in Burnt Terracotta and Olive Drab. Perfect for the discerning swimmer who refuses the obvious.</p>,Twessie,One-Piece,"minimalist luxury, minimalist one-piece, Matte Ribbed Knit bikini, architectural swimsuit, luxury Burnt Terracotta swimwear",TRUE,Color,Olive Drab,Size,XL,TWESSIE_SG_OP_0204-Olive Drab-XL,168.0,,10
twessie-sg-op-0204,Burnt Terracotta Architectural One-Piece Swimsuit,<p>Crafted in premium Matte Ribbed Knit with Crinkled Seersucker accents. This one-piece epitomizes architectural elegance luxury. Featuring color-blocking in Burnt Terracotta and Olive Drab. Perfect for the discerning swimmer who refuses the obvious.</p>,Twessie,One-Piece,"minimalist luxury, minimalist one-piece, Matte Ribbed Knit bikini, architectural swimsuit, luxury Burnt Terracotta swimwear",TRUE,Color,Olive Drab,Size,XXL,TWESSIE_SG_OP_0204-Olive Drab-XXL,168.0,,10
twessie-jp-bt-0205,Minimalist Olive Drab Textured Bikini Top,"<p>Matte Ribbed Knit construction meets architectural precision in this bikini top. Designed for the intelligent, independent woman. The Olive Drab colorway with Burnt Terracotta accents creates a sophisticated palette. Pure intelligent aesthetic elegance.</p>",Twessie,Bikini Top,"luxury Olive Drab swimwear, high-end swimwear, independent fashion, minimalist bikini top, Matte Ribbed Knit bikini",TRUE,Color,Olive Drab,Size,XS,TWESSIE_JP_BT_0205-Olive Drab-XS,168.0,,10
twessie-jp-bt-0205,Minimalist Olive Drab Textured Bikini Top,"<p>Matte Ribbed Knit construction meets architectural precision in this bikini top. Designed for the intelligent, independent woman. The Olive Drab colorway with Burnt Terracotta accents creates a sophisticated palette. Pure intelligent aesthetic elegance.</p>",Twessie,Bikini Top,"luxury Olive Drab swimwear, high-end swimwear, independent fashion, minimalist bikini top, Matte Ribbed Knit bikini",TRUE,Color,Olive Drab,Size,S,TWESSIE_JP_BT_0205-Olive Drab-S,168.0,,10
twessie-jp-bt-0205,Minimalist Olive Drab Textured Bikini Top,"<p>Matte Ribbed Knit construction meets architectural precision in this bikini top. Designed for the intelligent, independent woman. The Olive Drab colorway with Burnt Terracotta accents creates a sophisticated palette. Pure intelligent aesthetic elegance.</p>",Twessie,Bikini Top,"luxury Olive Drab swimwear, high-end swimwear, independent fashion, minimalist bikini top, Matte Ribbed Knit bikini",TRUE,Color,Olive Drab,Size,M,TWESSIE_JP_BT_0205-Olive Drab-M,168.0,,10
twessie-jp-bt-0205,Minimalist Olive Drab Textured Bikini Top,"<p>Matte Ribbed Knit construction meets architectural precision in this bikini top. Designed for the intelligent, independent woman. The Olive Drab colorway with Burnt Terracotta accents creates a sophisticated palette. Pure intelligent aesthetic elegance.</p>",Twessie,Bikini Top,"luxury Olive Drab swimwear, high-end swimwear, independent fashion, minimalist bikini top, Matte Ribbed Knit bikini",TRUE,Color,Olive Drab,Size,L,TWESSIE_JP_BT_0205-Olive Drab-L,168.0,,10
twessie-jp-bt-0205,Minimalist Olive Drab Textured Bikini Top,"<p>Matte Ribbed Knit construction meets architectural precision in this bikini top. Designed for the intelligent, independent woman. The Olive Drab colorway with Burnt Terracotta accents creates a sophisticated palette. Pure intelligent aesthetic elegance.</p>",Twessie,Bikini Top,"luxury Olive Drab swimwear, high-end swimwear, independent fashion, minimalist bikini top, Matte Ribbed Knit bikini",TRUE,Color,Olive Drab,Size,XL,TWESSIE_JP_BT_0205-Olive Drab-XL,168.0,,10
twessie-jp-bt-0205,Minimalist Olive Drab Textured Bikini Top,"<p>Matte Ribbed Knit construction meets architectural precision in this bikini top. Designed for the intelligent, independent woman. The Olive Drab colorway with Burnt Terracotta accents creates a sophisticated palette. Pure intelligent aesthetic elegance.</p>",Twessie,Bikini Top,"luxury Olive Drab swimwear, high-end swimwear, independent fashion, minimalist bikini top, Matte Ribbed Knit bikini",TRUE,Color,Olive Drab,Size,XXL,TWESSIE_JP_BT_0205-Olive Drab-XXL,168.0,,10
twessie-jp-bt-0205,Minimalist Olive Drab Textured Bikini Top,"<p>Matte Ribbed Knit construction meets architectural precision in this bikini top. Designed for the intelligent, independent woman. The Olive Drab colorway with Burnt Terracotta accents creates a sophisticated palette. Pure intelligent aesthetic elegance.</p>",Twessie,Bikini Top,"luxury Olive Drab swimwear, high-end swimwear, independent fashion, minimalist bikini top, Matte Ribbed Knit bikini",TRUE,Color,Burnt Terracotta,Size,XS,TWESSIE_JP_BT_0205-Burnt Terracotta-XS,168.0,,10
twessie-jp-bt-0205,Minimalist Olive Drab Textured Bikini Top,"<p>Matte Ribbed Knit construction meets architectural precision in this bikini top. Designed for the intelligent, independent woman. The Olive Drab colorway with Burnt Terracotta accents creates a sophisticated palette. Pure intelligent aesthetic elegance.</p>",Twessie,Bikini Top,"luxury Olive Drab swimwear, high-end swimwear, independent fashion, minimalist bikini top, Matte Ribbed Knit bikini",TRUE,Color,Burnt Terracotta,Size,S,TWESSIE_JP_BT_0205-Burnt Terracotta-S,168.0,,10
twessie-jp-bt-0205,Minimalist Olive Drab Textured Bikini Top,"<p>Matte Ribbed Knit construction meets architectural precision in this bikini top. Designed for the intelligent, independent woman. The Olive Drab colorway with Burnt Terracotta accents creates a sophisticated palette. Pure intelligent aesthetic elegance.</p>",Twessie,Bikini Top,"luxury Olive Drab swimwear, high-end swimwear, independent fashion, minimalist bikini top, Matte Ribbed Knit bikini",TRUE,Color,Burnt Terracotta,Size,M,TWESSIE_JP_BT_0205-Burnt Terracotta-M,168.0,,10
twessie-jp-bt-0205,Minimalist Olive Drab Textured Bikini Top,"<p>Matte Ribbed Knit construction meets architectural precision in this bikini top. Designed for the intelligent, independent woman. The Olive Drab colorway with Burnt Terracotta accents creates a sophisticated palette. Pure intelligent aesthetic elegance.</p>",Twessie,Bikini Top,"luxury Olive Drab swimwear, high-end swimwear, independent fashion, minimalist bikini top, Matte Ribbed Knit bikini",TRUE,Color,Burnt Terracotta,Size,L,TWESSIE_JP_BT_0205-Burnt Terracotta-L,168.0,,10
twessie-jp-bt-0205,Minimalist Olive Drab Textured Bikini Top,"<p>Matte Ribbed Knit construction meets architectural precision in this bikini top. Designed for the intelligent, independent woman. The Olive Drab colorway with Burnt Terracotta accents creates a sophisticated palette. Pure intelligent aesthetic elegance.</p>",Twessie,Bikini Top,"luxury Olive Drab swimwear, high-end swimwear, independent fashion, minimalist bikini top, Matte Ribbed Knit bikini",TRUE,Color,Burnt Terracotta,Size,XL,TWESSIE_JP_BT_0205-Burnt Terracotta-XL,168.0,,10
twessie-jp-bt-0205,Minimalist Olive Drab Textured Bikini Top,"<p>Matte Ribbed Knit construction meets architectural precision in this bikini top. Designed for the intelligent, independent woman. The Olive Drab colorway with Burnt Terracotta accents creates a sophisticated palette. Pure intelligent aesthetic elegance.</p>",Twessie,Bikini Top,"luxury Olive Drab swimwear, high-end swimwear, independent fashion, minimalist bikini top, Matte Ribbed Knit bikini",TRUE,Color,Burnt Terracotta,Size,XXL,TWESSIE_JP_BT_0205-Burnt Terracotta-XXL,168.0,,10
twessie-eu-op-0206,Chalk White Architectural One-Piece Swimsuit,<p>A statement piece in Crinkled Seersucker. This one-piece combines minimalist luxury design with impeccable craftsmanship. Available in Chalk White with Stone Gray detailing. Not loud. Not obvious. Unmistakably Twessie.</p>,Twessie,One-Piece,"high-end swimwear, minimalist luxury, minimalist one-piece, independent fashion, architectural swimsuit",TRUE,Color,Chalk White,Size,XS,TWESSIE_EU_OP_0206-Chalk White-XS,168.0,,10
twessie-eu-op-0206,Chalk White Architectural One-Piece Swimsuit,<p>A statement piece in Crinkled Seersucker. This one-piece combines minimalist luxury design with impeccable craftsmanship. Available in Chalk White with Stone Gray detailing. Not loud. Not obvious. Unmistakably Twessie.</p>,Twessie,One-Piece,"high-end swimwear, minimalist luxury, minimalist one-piece, independent fashion, architectural swimsuit",TRUE,Color,Chalk White,Size,S,TWESSIE_EU_OP_0206-Chalk White-S,168.0,,10
twessie-eu-op-0206,Chalk White Architectural One-Piece Swimsuit,<p>A statement piece in Crinkled Seersucker. This one-piece combines minimalist luxury design with impeccable craftsmanship. Available in Chalk White with Stone Gray detailing. Not loud. Not obvious. Unmistakably Twessie.</p>,Twessie,One-Piece,"high-end swimwear, minimalist luxury, minimalist one-piece, independent fashion, architectural swimsuit",TRUE,Color,Chalk White,Size,M,TWESSIE_EU_OP_0206-Chalk White-M,168.0,,10
twessie-eu-op-0206,Chalk White Architectural One-Piece Swimsuit,<p>A statement piece in Crinkled Seersucker. This one-piece combines minimalist luxury design with impeccable craftsmanship. Available in Chalk White with Stone Gray detailing. Not loud. Not obvious. Unmistakably Twessie.</p>,Twessie,One-Piece,"high-end swimwear, minimalist luxury, minimalist one-piece, independent fashion, architectural swimsuit",TRUE,Color,Chalk White,Size,L,TWESSIE_EU_OP_0206-Chalk White-L,168.0,,10
twessie-eu-op-0206,Chalk White Architectural One-Piece Swimsuit,<p>A statement piece in Crinkled Seersucker. This one-piece combines minimalist luxury design with impeccable craftsmanship. Available in Chalk White with Stone Gray detailing. Not loud. Not obvious. Unmistakably Twessie.</p>,Twessie,One-Piece,"high-end swimwear, minimalist luxury, minimalist one-piece, independent fashion, architectural swimsuit",TRUE,Color,Chalk White,Size,XL,TWESSIE_EU_OP_0206-Chalk White-XL,168.0,,10
twessie-eu-op-0206,Chalk White Architectural One-Piece Swimsuit,<p>A statement piece in Crinkled Seersucker. This one-piece combines minimalist luxury design with impeccable craftsmanship. Available in Chalk White with Stone Gray detailing. Not loud. Not obvious. Unmistakably Twessie.</p>,Twessie,One-Piece,"high-end swimwear, minimalist luxury, minimalist one-piece, independent fashion, architectural swimsuit",TRUE,Color,Chalk White,Size,XXL,TWESSIE_EU_OP_0206-Chalk White-XXL,168.0,,10
twessie-eu-op-0206,Chalk White Architectural One-Piece Swimsuit,<p>A statement piece in Crinkled Seersucker. This one-piece combines minimalist luxury design with impeccable craftsmanship. Available in Chalk White with Stone Gray detailing. Not loud. Not obvious. Unmistakably Twessie.</p>,Twessie,One-Piece,"high-end swimwear, minimalist luxury, minimalist one-piece, independent fashion, architectural swimsuit",TRUE,Color,Stone Gray,Size,XS,TWESSIE_EU_OP_0206-Stone Gray-XS,168.0,,10
twessie-eu-op-0206,Chalk White Architectural One-Piece Swimsuit,<p>A statement piece in Crinkled Seersucker. This one-piece combines minimalist luxury design with impeccable craftsmanship. Available in Chalk White with Stone Gray detailing. Not loud. Not obvious. Unmistakably Twessie.</p>,Twessie,One-Piece,"high-end swimwear, minimalist luxury, minimalist one-piece, independent fashion, architectural swimsuit",TRUE,Color,Stone Gray,Size,S,TWESSIE_EU_OP_0206-Stone Gray-S,168.0,,10
twessie-eu-op-0206,Chalk White Architectural One-Piece Swimsuit,<p>A statement piece in Crinkled Seersucker. This one-piece combines minimalist luxury design with impeccable craftsmanship. Available in Chalk White with Stone Gray detailing. Not loud. Not obvious. Unmistakably Twessie.</p>,Twessie,One-Piece,"high-end swimwear, minimalist luxury, minimalist one-piece, independent fashion, architectural swimsuit",TRUE,Color,Stone Gray,Size,M,TWESSIE_EU_OP_0206-Stone Gray-M,168.0,,10
twessie-eu-op-0206,Chalk White Architectural One-Piece Swimsuit,<p>A statement piece in Crinkled Seersucker. This one-piece combines minimalist luxury design with impeccable craftsmanship. Available in Chalk White with Stone Gray detailing. Not loud. Not obvious. Unmistakably Twessie.</p>,Twessie,One-Piece,"high-end swimwear, minimalist luxury, minimalist one-piece, independent fashion, architectural swimsuit",TRUE,Color,Stone Gray,Size,L,TWESSIE_EU_OP_0206-Stone Gray-L,168.0,,10
twessie-eu-op-0206,Chalk White Architectural One-Piece Swimsuit,<p>A statement piece in Crinkled Seersucker. This one-piece combines minimalist luxury design with impeccable craftsmanship. Available in Chalk White with Stone Gray detailing. Not loud. Not obvious. Unmistakably Twessie.</p>,Twessie,One-Piece,"high-end swimwear, minimalist luxury, minimalist one-piece, independent fashion, architectural swimsuit",TRUE,Color,Stone Gray,Size,XL,TWESSIE_EU_OP_0206-Stone Gray-XL,168.0,,10
twessie-eu-op-0206,Chalk White Architectural One-Piece Swimsuit,<p>A statement piece in Crinkled Seersucker. This one-piece combines minimalist luxury design with impeccable craftsmanship. Available in Chalk White with Stone Gray detailing. Not loud. Not obvious. Unmistakably Twessie.</p>,Twessie,One-Piece,"high-end swimwear, minimalist luxury, minimalist one-piece, independent fashion, architectural swimsuit",TRUE,Color,Stone Gray,Size,XXL,TWESSIE_EU_OP_0206-Stone Gray-XXL,168.0,,10
twessie-au-bb-0207,Stone Gray Minimalist Crinkled Seersucker Bikini Bottom,<p>Crafted in premium Crinkled Seersucker with Matte Ribbed Knit accents. This bikini bottom epitomizes architectural elegance luxury. Featuring color-blocking in Stone Gray and Chalk White. Perfect for the discerning swimmer who refuses the obvious.</p>,Twessie,Bikini Bottom,"independent fashion, luxury Stone Gray swimwear, minimalist luxury, Crinkled Seersucker bikini, minimalist bikini bottom",TRUE,Color,Stone Gray,Size,XS,TWESSIE_AU_BB_0207-Stone Gray-XS,168.0,,10
twessie-au-bb-0207,Stone Gray Minimalist Crinkled Seersucker Bikini Bottom,<p>Crafted in premium Crinkled Seersucker with Matte Ribbed Knit accents. This bikini bottom epitomizes architectural elegance luxury. Featuring color-blocking in Stone Gray and Chalk White. Perfect for the discerning swimmer who refuses the obvious.</p>,Twessie,Bikini Bottom,"independent fashion, luxury Stone Gray swimwear, minimalist luxury, Crinkled Seersucker bikini, minimalist bikini bottom",TRUE,Color,Stone Gray,Size,S,TWESSIE_AU_BB_0207-Stone Gray-S,168.0,,10
twessie-au-bb-0207,Stone Gray Minimalist Crinkled Seersucker Bikini Bottom,<p>Crafted in premium Crinkled Seersucker with Matte Ribbed Knit accents. This bikini bottom epitomizes architectural elegance luxury. Featuring color-blocking in Stone Gray and Chalk White. Perfect for the discerning swimmer who refuses the obvious.</p>,Twessie,Bikini Bottom,"independent fashion, luxury Stone Gray swimwear, minimalist luxury, Crinkled Seersucker bikini, minimalist bikini bottom",TRUE,Color,Stone Gray,Size,M,TWESSIE_AU_BB_0207-Stone Gray-M,168.0,,10
twessie-au-bb-0207,Stone Gray Minimalist Crinkled Seersucker Bikini Bottom,<p>Crafted in premium Crinkled Seersucker with Matte Ribbed Knit accents. This bikini bottom epitomizes architectural elegance luxury. Featuring color-blocking in Stone Gray and Chalk White. Perfect for the discerning swimmer who refuses the obvious.</p>,Twessie,Bikini Bottom,"independent fashion, luxury Stone Gray swimwear, minimalist luxury, Crinkled Seersucker bikini, minimalist bikini bottom",TRUE,Color,Stone Gray,Size,L,TWESSIE_AU_BB_0207-Stone Gray-L,168.0,,10
twessie-au-bb-0207,Stone Gray Minimalist Crinkled Seersucker Bikini Bottom,<p>Crafted in premium Crinkled Seersucker with Matte Ribbed Knit accents. This bikini bottom epitomizes architectural elegance luxury. Featuring color-blocking in Stone Gray and Chalk White. Perfect for the discerning swimmer who refuses the obvious.</p>,Twessie,Bikini Bottom,"independent fashion, luxury Stone Gray swimwear, minimalist luxury, Crinkled Seersucker bikini, minimalist bikini bottom",TRUE,Color,Stone Gray,Size,XL,TWESSIE_AU_BB_0207-Stone Gray-XL,168.0,,10
twessie-au-bb-0207,Stone Gray Minimalist Crinkled Seersucker Bikini Bottom,<p>Crafted in premium Crinkled Seersucker with Matte Ribbed Knit accents. This bikini bottom epitomizes architectural elegance luxury. Featuring color-blocking in Stone Gray and Chalk White. Perfect for the discerning swimmer who refuses the obvious.</p>,Twessie,Bikini Bottom,"independent fashion, luxury Stone Gray swimwear, minimalist luxury, Crinkled Seersucker bikini, minimalist bikini bottom",TRUE,Color,Stone Gray,Size,XXL,TWESSIE_AU_BB_0207-Stone Gray-XXL,168.0,,10
twessie-au-bb-0207,Stone Gray Minimalist Crinkled Seersucker Bikini Bottom,<p>Crafted in premium Crinkled Seersucker with Matte Ribbed Knit accents. This bikini bottom epitomizes architectural elegance luxury. Featuring color-blocking in Stone Gray and Chalk White. Perfect for the discerning swimmer who refuses the obvious.</p>,Twessie,Bikini Bottom,"independent fashion, luxury Stone Gray swimwear, minimalist luxury, Crinkled Seersucker bikini, minimalist bikini bottom",TRUE,Color,Chalk White,Size,XS,TWESSIE_AU_BB_0207-Chalk White-XS,168.0,,10
twessie-au-bb-0207,Stone Gray Minimalist Crinkled Seersucker Bikini Bottom,<p>Crafted in premium Crinkled Seersucker with Matte Ribbed Knit accents. This bikini bottom epitomizes architectural elegance luxury. Featuring color-blocking in Stone Gray and Chalk White. Perfect for the discerning swimmer who refuses the obvious.</p>,Twessie,Bikini Bottom,"independent fashion, luxury Stone Gray swimwear, minimalist luxury, Crinkled Seersucker bikini, minimalist bikini bottom",TRUE,Color,Chalk White,Size,S,TWESSIE_AU_BB_0207-Chalk White-S,168.0,,10
twessie-au-bb-0207,Stone Gray Minimalist Crinkled Seersucker Bikini Bottom,<p>Crafted in premium Crinkled Seersucker with Matte Ribbed Knit accents. This bikini bottom epitomizes architectural elegance luxury. Featuring color-blocking in Stone Gray and Chalk White. Perfect for the discerning swimmer who refuses the obvious.</p>,Twessie,Bikini Bottom,"independent fashion, luxury Stone Gray swimwear, minimalist luxury, Crinkled Seersucker bikini, minimalist bikini bottom",TRUE,Color,Chalk White,Size,M,TWESSIE_AU_BB_0207-Chalk White-M,168.0,,10
twessie-au-bb-0207,Stone Gray Minimalist Crinkled Seersucker Bikini Bottom,<p>Crafted in premium Crinkled Seersucker with Matte Ribbed Knit accents. This bikini bottom epitomizes architectural elegance luxury. Featuring color-blocking in Stone Gray and Chalk White. Perfect for the discerning swimmer who refuses the obvious.</p>,Twessie,Bikini Bottom,"independent fashion, luxury Stone Gray swimwear, minimalist luxury, Crinkled Seersucker bikini, minimalist bikini bottom",TRUE,Color,Chalk White,Size,L,TWESSIE_AU_BB_0207-Chalk White-L,168.0,,10
twessie-au-bb-0207,Stone Gray Minimalist Crinkled Seersucker Bikini Bottom,<p>Crafted in premium Crinkled Seersucker with Matte Ribbed Knit accents. This bikini bottom epitomizes architectural elegance luxury. Featuring color-blocking in Stone Gray and Chalk White. Perfect for the discerning swimmer who refuses the obvious.</p>,Twessie,Bikini Bottom,"independent fashion, luxury Stone Gray swimwear, minimalist luxury, Crinkled Seersucker bikini, minimalist bikini bottom",TRUE,Color,Chalk White,Size,XL,TWESSIE_AU_BB_0207-Chalk White-XL,168.0,,10
twessie-au-bb-0207,Stone Gray Minimalist Crinkled Seersucker Bikini Bottom,<p>Crafted in premium Crinkled Seersucker with Matte Ribbed Knit accents. This bikini bottom epitomizes architectural elegance luxury. Featuring color-blocking in Stone Gray and Chalk White. Perfect for the discerning swimmer who refuses the obvious.</p>,Twessie,Bikini Bottom,"independent fashion, luxury Stone Gray swimwear, minimalist luxury, Crinkled Seersucker bikini, minimalist bikini bottom",TRUE,Color,Chalk White,Size,XXL,TWESSIE_AU_BB_0207-Chalk White-XXL,168.0,,10
twessie-sg-op-0208,High-Fashion Obsidian Black One-Piece Suit,"<p>Econyl Sleek Satin construction meets architectural precision in this one-piece. Designed for the intelligent, independent woman. The Obsidian Black colorway with Burnt Terracotta accents creates a sophisticated palette. Pure architectural elegance elegance.</p>",Twessie,One-Piece,"minimalist luxury, architectural swimsuit, luxury Obsidian Black swimwear, minimalist one-piece, Econyl Sleek Satin bikini",TRUE,Color,Obsidian Black,Size,XS,TWESSIE_SG_OP_0208-Obsidian Black-XS,168.0,,10
twessie-sg-op-0208,High-Fashion Obsidian Black One-Piece Suit,"<p>Econyl Sleek Satin construction meets architectural precision in this one-piece. Designed for the intelligent, independent woman. The Obsidian Black colorway with Burnt Terracotta accents creates a sophisticated palette. Pure architectural elegance elegance.</p>",Twessie,One-Piece,"minimalist luxury, architectural swimsuit, luxury Obsidian Black swimwear, minimalist one-piece, Econyl Sleek Satin bikini",TRUE,Color,Obsidian Black,Size,S,TWESSIE_SG_OP_0208-Obsidian Black-S,168.0,,10
twessie-sg-op-0208,High-Fashion Obsidian Black One-Piece Suit,"<p>Econyl Sleek Satin construction meets architectural precision in this one-piece. Designed for the intelligent, independent woman. The Obsidian Black colorway with Burnt Terracotta accents creates a sophisticated palette. Pure architectural elegance elegance.</p>",Twessie,One-Piece,"minimalist luxury, architectural swimsuit, luxury Obsidian Black swimwear, minimalist one-piece, Econyl Sleek Satin bikini",TRUE,Color,Obsidian Black,Size,M,TWESSIE_SG_OP_0208-Obsidian Black-M,168.0,,10
twessie-sg-op-0208,High-Fashion Obsidian Black One-Piece Suit,"<p>Econyl Sleek Satin construction meets architectural precision in this one-piece. Designed for the intelligent, independent woman. The Obsidian Black colorway with Burnt Terracotta accents creates a sophisticated palette. Pure architectural elegance elegance.</p>",Twessie,One-Piece,"minimalist luxury, architectural swimsuit, luxury Obsidian Black swimwear, minimalist one-piece, Econyl Sleek Satin bikini",TRUE,Color,Obsidian Black,Size,L,TWESSIE_SG_OP_0208-Obsidian Black-L,168.0,,10
twessie-sg-op-0208,High-Fashion Obsidian Black One-Piece Suit,"<p>Econyl Sleek Satin construction meets architectural precision in this one-piece. Designed for the intelligent, independent woman. The Obsidian Black colorway with Burnt Terracotta accents creates a sophisticated palette. Pure architectural elegance elegance.</p>",Twessie,One-Piece,"minimalist luxury, architectural swimsuit, luxury Obsidian Black swimwear, minimalist one-piece, Econyl Sleek Satin bikini",TRUE,Color,Obsidian Black,Size,XL,TWESSIE_SG_OP_0208-Obsidian Black-XL,168.0,,10
twessie-sg-op-0208,High-Fashion Obsidian Black One-Piece Suit,"<p>Econyl Sleek Satin construction meets architectural precision in this one-piece. Designed for the intelligent, independent woman. The Obsidian Black colorway with Burnt Terracotta accents creates a sophisticated palette. Pure architectural elegance elegance.</p>",Twessie,One-Piece,"minimalist luxury, architectural swimsuit, luxury Obsidian Black swimwear, minimalist one-piece, Econyl Sleek Satin bikini",TRUE,Color,Obsidian Black,Size,XXL,TWESSIE_SG_OP_0208-Obsidian Black-XXL,168.0,,10
twessie-sg-op-0208,High-Fashion Obsidian Black One-Piece Suit,"<p>Econyl Sleek Satin construction meets architectural precision in this one-piece. Designed for the intelligent, independent woman. The Obsidian Black colorway with Burnt Terracotta accents creates a sophisticated palette. Pure architectural elegance elegance.</p>",Twessie,One-Piece,"minimalist luxury, architectural swimsuit, luxury Obsidian Black swimwear, minimalist one-piece, Econyl Sleek Satin bikini",TRUE,Color,Burnt Terracotta,Size,XS,TWESSIE_SG_OP_0208-Burnt Terracotta-XS,168.0,,10
twessie-sg-op-0208,High-Fashion Obsidian Black One-Piece Suit,"<p>Econyl Sleek Satin construction meets architectural precision in this one-piece. Designed for the intelligent, independent woman. The Obsidian Black colorway with Burnt Terracotta accents creates a sophisticated palette. Pure architectural elegance elegance.</p>",Twessie,One-Piece,"minimalist luxury, architectural swimsuit, luxury Obsidian Black swimwear, minimalist one-piece, Econyl Sleek Satin bikini",TRUE,Color,Burnt Terracotta,Size,S,TWESSIE_SG_OP_0208-Burnt Terracotta-S,168.0,,10
twessie-sg-op-0208,High-Fashion Obsidian Black One-Piece Suit,"<p>Econyl Sleek Satin construction meets architectural precision in this one-piece. Designed for the intelligent, independent woman. The Obsidian Black colorway with Burnt Terracotta accents creates a sophisticated palette. Pure architectural elegance elegance.</p>",Twessie,One-Piece,"minimalist luxury, architectural swimsuit, luxury Obsidian Black swimwear, minimalist one-piece, Econyl Sleek Satin bikini",TRUE,Color,Burnt Terracotta,Size,M,TWESSIE_SG_OP_0208-Burnt Terracotta-M,168.0,,10
twessie-sg-op-0208,High-Fashion Obsidian Black One-Piece Suit,"<p>Econyl Sleek Satin construction meets architectural precision in this one-piece. Designed for the intelligent, independent woman. The Obsidian Black colorway with Burnt Terracotta accents creates a sophisticated palette. Pure architectural elegance elegance.</p>",Twessie,One-Piece,"minimalist luxury, architectural swimsuit, luxury Obsidian Black swimwear, minimalist one-piece, Econyl Sleek Satin bikini",TRUE,Color,Burnt Terracotta,Size,L,TWESSIE_SG_OP_0208-Burnt Terracotta-L,168.0,,10
twessie-sg-op-0208,High-Fashion Obsidian Black One-Piece Suit,"<p>Econyl Sleek Satin construction meets architectural precision in this one-piece. Designed for the intelligent, independent woman. The Obsidian Black colorway with Burnt Terracotta accents creates a sophisticated palette. Pure architectural elegance elegance.</p>",Twessie,One-Piece,"minimalist luxury, architectural swimsuit, luxury Obsidian Black swimwear, minimalist one-piece, Econyl Sleek Satin bikini",TRUE,Color,Burnt Terracotta,Size,XL,TWESSIE_SG_OP_0208-Burnt Terracotta-XL,168.0,,10
twessie-sg-op-0208,High-Fashion Obsidian Black One-Piece Suit,"<p>Econyl Sleek Satin construction meets architectural precision in this one-piece. Designed for the intelligent, independent woman. The Obsidian Black colorway with Burnt Terracotta accents creates a sophisticated palette. Pure architectural elegance elegance.</p>",Twessie,One-Piece,"minimalist luxury, architectural swimsuit, luxury Obsidian Black swimwear, minimalist one-piece, Econyl Sleek Satin bikini",TRUE,Color,Burnt Terracotta,Size,XXL,TWESSIE_SG_OP_0208-Burnt Terracotta-XXL,168.0,,10
twessie-eu-bb-0209,High-Cut Obsidian Black Bikini Brief,"<p>Econyl Sleek Satin construction meets architectural precision in this bikini bottom. Designed for the intelligent, independent woman. The Obsidian Black colorway with Burnt Terracotta accents creates a sophisticated palette. Pure intelligent aesthetic elegance.</p>",Twessie,Bikini Bottom,"architectural swimsuit, minimalist luxury, high-end swimwear, luxury Obsidian Black swimwear, Econyl Sleek Satin bikini",TRUE,Color,Obsidian Black,Size,XS,TWESSIE_EU_BB_0209-Obsidian Black-XS,168.0,,10
twessie-eu-bb-0209,High-Cut Obsidian Black Bikini Brief,"<p>Econyl Sleek Satin construction meets architectural precision in this bikini bottom. Designed for the intelligent, independent woman. The Obsidian Black colorway with Burnt Terracotta accents creates a sophisticated palette. Pure intelligent aesthetic elegance.</p>",Twessie,Bikini Bottom,"architectural swimsuit, minimalist luxury, high-end swimwear, luxury Obsidian Black swimwear, Econyl Sleek Satin bikini",TRUE,Color,Obsidian Black,Size,S,TWESSIE_EU_BB_0209-Obsidian Black-S,168.0,,10
twessie-eu-bb-0209,High-Cut Obsidian Black Bikini Brief,"<p>Econyl Sleek Satin construction meets architectural precision in this bikini bottom. Designed for the intelligent, independent woman. The Obsidian Black colorway with Burnt Terracotta accents creates a sophisticated palette. Pure intelligent aesthetic elegance.</p>",Twessie,Bikini Bottom,"architectural swimsuit, minimalist luxury, high-end swimwear, luxury Obsidian Black swimwear, Econyl Sleek Satin bikini",TRUE,Color,Obsidian Black,Size,M,TWESSIE_EU_BB_0209-Obsidian Black-M,168.0,,10
twessie-eu-bb-0209,High-Cut Obsidian Black Bikini Brief,"<p>Econyl Sleek Satin construction meets architectural precision in this bikini bottom. Designed for the intelligent, independent woman. The Obsidian Black colorway with Burnt Terracotta accents creates a sophisticated palette. Pure intelligent aesthetic elegance.</p>",Twessie,Bikini Bottom,"architectural swimsuit, minimalist luxury, high-end swimwear, luxury Obsidian Black swimwear, Econyl Sleek Satin bikini",TRUE,Color,Obsidian Black,Size,L,TWESSIE_EU_BB_0209-Obsidian Black-L,168.0,,10
twessie-eu-bb-0209,High-Cut Obsidian Black Bikini Brief,"<p>Econyl Sleek Satin construction meets architectural precision in this bikini bottom. Designed for the intelligent, independent woman. The Obsidian Black colorway with Burnt Terracotta accents creates a sophisticated palette. Pure intelligent aesthetic elegance.</p>",Twessie,Bikini Bottom,"architectural swimsuit, minimalist luxury, high-end swimwear, luxury Obsidian Black swimwear, Econyl Sleek Satin bikini",TRUE,Color,Obsidian Black,Size,XL,TWESSIE_EU_BB_0209-Obsidian Black-XL,168.0,,10
twessie-eu-bb-0209,High-Cut Obsidian Black Bikini Brief,"<p>Econyl Sleek Satin construction meets architectural precision in this bikini bottom. Designed for the intelligent, independent woman. The Obsidian Black colorway with Burnt Terracotta accents creates a sophisticated palette. Pure intelligent aesthetic elegance.</p>",Twessie,Bikini Bottom,"architectural swimsuit, minimalist luxury, high-end swimwear, luxury Obsidian Black swimwear, Econyl Sleek Satin bikini",TRUE,Color,Obsidian Black,Size,XXL,TWESSIE_EU_BB_0209-Obsidian Black-XXL,168.0,,10
twessie-eu-bb-0209,High-Cut Obsidian Black Bikini Brief,"<p>Econyl Sleek Satin construction meets architectural precision in this bikini bottom. Designed for the intelligent, independent woman. The Obsidian Black colorway with Burnt Terracotta accents creates a sophisticated palette. Pure intelligent aesthetic elegance.</p>",Twessie,Bikini Bottom,"architectural swimsuit, minimalist luxury, high-end swimwear, luxury Obsidian Black swimwear, Econyl Sleek Satin bikini",TRUE,Color,Burnt Terracotta,Size,XS,TWESSIE_EU_BB_0209-Burnt Terracotta-XS,168.0,,10
twessie-eu-bb-0209,High-Cut Obsidian Black Bikini Brief,"<p>Econyl Sleek Satin construction meets architectural precision in this bikini bottom. Designed for the intelligent, independent woman. The Obsidian Black colorway with Burnt Terracotta accents creates a sophisticated palette. Pure intelligent aesthetic elegance.</p>",Twessie,Bikini Bottom,"architectural swimsuit, minimalist luxury, high-end swimwear, luxury Obsidian Black swimwear, Econyl Sleek Satin bikini",TRUE,Color,Burnt Terracotta,Size,S,TWESSIE_EU_BB_0209-Burnt Terracotta-S,168.0,,10
twessie-eu-bb-0209,High-Cut Obsidian Black Bikini Brief,"<p>Econyl Sleek Satin construction meets architectural precision in this bikini bottom. Designed for the intelligent, independent woman. The Obsidian Black colorway with Burnt Terracotta accents creates a sophisticated palette. Pure intelligent aesthetic elegance.</p>",Twessie,Bikini Bottom,"architectural swimsuit, minimalist luxury, high-end swimwear, luxury Obsidian Black swimwear, Econyl Sleek Satin bikini",TRUE,Color,Burnt Terracotta,Size,M,TWESSIE_EU_BB_0209-Burnt Terracotta-M,168.0,,10
twessie-eu-bb-0209,High-Cut Obsidian Black Bikini Brief,"<p>Econyl Sleek Satin construction meets architectural precision in this bikini bottom. Designed for the intelligent, independent woman. The Obsidian Black colorway with Burnt Terracotta accents creates a sophisticated palette. Pure intelligent aesthetic elegance.</p>",Twessie,Bikini Bottom,"architectural swimsuit, minimalist luxury, high-end swimwear, luxury Obsidian Black swimwear, Econyl Sleek Satin bikini",TRUE,Color,Burnt Terracotta,Size,L,TWESSIE_EU_BB_0209-Burnt Terracotta-L,168.0,,10
twessie-eu-bb-0209,High-Cut Obsidian Black Bikini Brief,"<p>Econyl Sleek Satin construction meets architectural precision in this bikini bottom. Designed for the intelligent, independent woman. The Obsidian Black colorway with Burnt Terracotta accents creates a sophisticated palette. Pure intelligent aesthetic elegance.</p>",Twessie,Bikini Bottom,"architectural swimsuit, minimalist luxury, high-end swimwear, luxury Obsidian Black swimwear, Econyl Sleek Satin bikini",TRUE,Color,Burnt Terracotta,Size,XL,TWESSIE_EU_BB_0209-Burnt Terracotta-XL,168.0,,10
twessie-eu-bb-0209,High-Cut Obsidian Black Bikini Brief,"<p>Econyl Sleek Satin construction meets architectural precision in this bikini bottom. Designed for the intelligent, independent woman. The Obsidian Black colorway with Burnt Terracotta accents creates a sophisticated palette. Pure intelligent aesthetic elegance.</p>",Twessie,Bikini Bottom,"architectural swimsuit, minimalist luxury, high-end swimwear, luxury Obsidian Black swimwear, Econyl Sleek Satin bikini",TRUE,Color,Burnt Terracotta,Size,XXL,TWESSIE_EU_BB_0209-Burnt Terracotta-XXL,168.0,,10
twessie-na-bb-0210,High-Cut Burnt Terracotta Bikini Brief,"<p>Matte Ribbed Knit construction meets architectural precision in this bikini bottom. Designed for the intelligent, independent woman. The Burnt Terracotta colorway with Olive Drab accents creates a sophisticated palette. Pure architectural elegance elegance.</p>",Twessie,Bikini Bottom,"high-end swimwear, independent fashion, minimalist luxury, Matte Ribbed Knit bikini, luxury Burnt Terracotta swimwear",TRUE,Color,Burnt Terracotta,Size,XS,TWESSIE_NA_BB_0210-Burnt Terracotta-XS,168.0,,10
twessie-na-bb-0210,High-Cut Burnt Terracotta Bikini Brief,"<p>Matte Ribbed Knit construction meets architectural precision in this bikini bottom. Designed for the intelligent, independent woman. The Burnt Terracotta colorway with Olive Drab accents creates a sophisticated palette. Pure architectural elegance elegance.</p>",Twessie,Bikini Bottom,"high-end swimwear, independent fashion, minimalist luxury, Matte Ribbed Knit bikini, luxury Burnt Terracotta swimwear",TRUE,Color,Burnt Terracotta,Size,S,TWESSIE_NA_BB_0210-Burnt Terracotta-S,168.0,,10
twessie-na-bb-0210,High-Cut Burnt Terracotta Bikini Brief,"<p>Matte Ribbed Knit construction meets architectural precision in this bikini bottom. Designed for the intelligent, independent woman. The Burnt Terracotta colorway with Olive Drab accents creates a sophisticated palette. Pure architectural elegance elegance.</p>",Twessie,Bikini Bottom,"high-end swimwear, independent fashion, minimalist luxury, Matte Ribbed Knit bikini, luxury Burnt Terracotta swimwear",TRUE,Color,Burnt Terracotta,Size,M,TWESSIE_NA_BB_0210-Burnt Terracotta-M,168.0,,10
twessie-na-bb-0210,High-Cut Burnt Terracotta Bikini Brief,"<p>Matte Ribbed Knit construction meets architectural precision in this bikini bottom. Designed for the intelligent, independent woman. The Burnt Terracotta colorway with Olive Drab accents creates a sophisticated palette. Pure architectural elegance elegance.</p>",Twessie,Bikini Bottom,"high-end swimwear, independent fashion, minimalist luxury, Matte Ribbed Knit bikini, luxury Burnt Terracotta swimwear",TRUE,Color,Burnt Terracotta,Size,L,TWESSIE_NA_BB_0210-Burnt Terracotta-L,168.0,,10
twessie-na-bb-0210,High-Cut Burnt Terracotta Bikini Brief,"<p>Matte Ribbed Knit construction meets architectural precision in this bikini bottom. Designed for the intelligent, independent woman. The Burnt Terracotta colorway with Olive Drab accents creates a sophisticated palette. Pure architectural elegance elegance.</p>",Twessie,Bikini Bottom,"high-end swimwear, independent fashion, minimalist luxury, Matte Ribbed Knit bikini, luxury Burnt Terracotta swimwear",TRUE,Color,Burnt Terracotta,Size,XL,TWESSIE_NA_BB_0210-Burnt Terracotta-XL,168.0,,10
twessie-na-bb-0210,High-Cut Burnt Terracotta Bikini Brief,"<p>Matte Ribbed Knit construction meets architectural precision in this bikini bottom. Designed for the intelligent, independent woman. The Burnt Terracotta colorway with Olive Drab accents creates a sophisticated palette. Pure architectural elegance elegance.</p>",Twessie,Bikini Bottom,"high-end swimwear, independent fashion, minimalist luxury, Matte Ribbed Knit bikini, luxury Burnt Terracotta swimwear",TRUE,Color,Burnt Terracotta,Size,XXL,TWESSIE_NA_BB_0210-Burnt Terracotta-XXL,168.0,,10
twessie-na-bb-0210,High-Cut Burnt Terracotta Bikini Brief,"<p>Matte Ribbed Knit construction meets architectural precision in this bikini bottom. Designed for the intelligent, independent woman. The Burnt Terracotta colorway with Olive Drab accents creates a sophisticated palette. Pure architectural elegance elegance.</p>",Twessie,Bikini Bottom,"high-end swimwear, independent fashion, minimalist luxury, Matte Ribbed Knit bikini, luxury Burnt Terracotta swimwear",TRUE,Color,Olive Drab,Size,XS,TWESSIE_NA_BB_0210-Olive Drab-XS,168.0,,10
twessie-na-bb-0210,High-Cut Burnt Terracotta Bikini Brief,"<p>Matte Ribbed Knit construction meets architectural precision in this bikini bottom. Designed for the intelligent, independent woman. The Burnt Terracotta colorway with Olive Drab accents creates a sophisticated palette. Pure architectural elegance elegance.</p>",Twessie,Bikini Bottom,"high-end swimwear, independent fashion, minimalist luxury, Matte Ribbed Knit bikini, luxury Burnt Terracotta swimwear",TRUE,Color,Olive Drab,Size,S,TWESSIE_NA_BB_0210-Olive Drab-S,168.0,,10
twessie-na-bb-0210,High-Cut Burnt Terracotta Bikini Brief,"<p>Matte Ribbed Knit construction meets architectural precision in this bikini bottom. Designed for the intelligent, independent woman. The Burnt Terracotta colorway with Olive Drab accents creates a sophisticated palette. Pure architectural elegance elegance.</p>",Twessie,Bikini Bottom,"high-end swimwear, independent fashion, minimalist luxury, Matte Ribbed Knit bikini, luxury Burnt Terracotta swimwear",TRUE,Color,Olive Drab,Size,M,TWESSIE_NA_BB_0210-Olive Drab-M,168.0,,10
twessie-na-bb-0210,High-Cut Burnt Terracotta Bikini Brief,"<p>Matte Ribbed Knit construction meets architectural precision in this bikini bottom. Designed for the intelligent, independent woman. The Burnt Terracotta colorway with Olive Drab accents creates a sophisticated palette. Pure architectural elegance elegance.</p>",Twessie,Bikini Bottom,"high-end swimwear, independent fashion, minimalist luxury, Matte Ribbed Knit bikini, luxury Burnt Terracotta swimwear",TRUE,Color,Olive Drab,Size,L,TWESSIE_NA_BB_0210-Olive Drab-L,168.0,,10
twessie-na-bb-0210,High-Cut Burnt Terracotta Bikini Brief,"<p>Matte Ribbed Knit construction meets architectural precision in this bikini bottom. Designed for the intelligent, independent woman. The Burnt Terracotta colorway with Olive Drab accents creates a sophisticated palette. Pure architectural elegance elegance.</p>",Twessie,Bikini Bottom,"high-end swimwear, independent fashion, minimalist luxury, Matte Ribbed Knit bikini, luxury Burnt Terracotta swimwear",TRUE,Color,Olive Drab,Size,XL,TWESSIE_NA_BB_0210-Olive Drab-XL,168.0,,10
twessie-na-bb-0210,High-Cut Burnt Terracotta Bikini Brief,"<p>Matte Ribbed Knit construction meets architectural precision in this bikini bottom. Designed for the intelligent, independent woman. The Burnt Terracotta colorway with Olive Drab accents creates a sophisticated palette. Pure architectural elegance elegance.</p>",Twessie,Bikini Bottom,"high-end swimwear, independent fashion, minimalist luxury, Matte Ribbed Knit bikini, luxury Burnt Terracotta swimwear",TRUE,Color,Olive Drab,Size,XXL,TWESSIE_NA_BB_0210-Olive Drab-XXL,168.0,,10
twessie-sg-bt-0301,Architecture-Cut Olive Drab Bikini Top,<p>A statement piece in Matte Ribbed Knit. This bikini top combines architectural elegance design with impeccable craftsmanship. Available in Olive Drab with Burnt Terracotta detailing. Not loud. Not obvious. Unmistakably Twessie.</p>,Twessie,Bikini Top,"high-end swimwear, luxury Olive Drab swimwear, minimalist luxury, architectural swimsuit, Matte Ribbed Knit bikini",TRUE,Color,Olive Drab,Size,XS,TWESSIE_SG_BT_0301-Olive Drab-XS,168.0,,10
twessie-sg-bt-0301,Architecture-Cut Olive Drab Bikini Top,<p>A statement piece in Matte Ribbed Knit. This bikini top combines architectural elegance design with impeccable craftsmanship. Available in Olive Drab with Burnt Terracotta detailing. Not loud. Not obvious. Unmistakably Twessie.</p>,Twessie,Bikini Top,"high-end swimwear, luxury Olive Drab swimwear, minimalist luxury, architectural swimsuit, Matte Ribbed Knit bikini",TRUE,Color,Olive Drab,Size,S,TWESSIE_SG_BT_0301-Olive Drab-S,168.0,,10
twessie-sg-bt-0301,Architecture-Cut Olive Drab Bikini Top,<p>A statement piece in Matte Ribbed Knit. This bikini top combines architectural elegance design with impeccable craftsmanship. Available in Olive Drab with Burnt Terracotta detailing. Not loud. Not obvious. Unmistakably Twessie.</p>,Twessie,Bikini Top,"high-end swimwear, luxury Olive Drab swimwear, minimalist luxury, architectural swimsuit, Matte Ribbed Knit bikini",TRUE,Color,Olive Drab,Size,M,TWESSIE_SG_BT_0301-Olive Drab-M,168.0,,10
twessie-sg-bt-0301,Architecture-Cut Olive Drab Bikini Top,<p>A statement piece in Matte Ribbed Knit. This bikini top combines architectural elegance design with impeccable craftsmanship. Available in Olive Drab with Burnt Terracotta detailing. Not loud. Not obvious. Unmistakably Twessie.</p>,Twessie,Bikini Top,"high-end swimwear, luxury Olive Drab swimwear, minimalist luxury, architectural swimsuit, Matte Ribbed Knit bikini",TRUE,Color,Olive Drab,Size,L,TWESSIE_SG_BT_0301-Olive Drab-L,168.0,,10
twessie-sg-bt-0301,Architecture-Cut Olive Drab Bikini Top,<p>A statement piece in Matte Ribbed Knit. This bikini top combines architectural elegance design with impeccable craftsmanship. Available in Olive Drab with Burnt Terracotta detailing. Not loud. Not obvious. Unmistakably Twessie.</p>,Twessie,Bikini Top,"high-end swimwear, luxury Olive Drab swimwear, minimalist luxury, architectural swimsuit, Matte Ribbed Knit bikini",TRUE,Color,Olive Drab,Size,XL,TWESSIE_SG_BT_0301-Olive Drab-XL,168.0,,10
twessie-sg-bt-0301,Architecture-Cut Olive Drab Bikini Top,<p>A statement piece in Matte Ribbed Knit. This bikini top combines architectural elegance design with impeccable craftsmanship. Available in Olive Drab with Burnt Terracotta detailing. Not loud. Not obvious. Unmistakably Twessie.</p>,Twessie,Bikini Top,"high-end swimwear, luxury Olive Drab swimwear, minimalist luxury, architectural swimsuit, Matte Ribbed Knit bikini",TRUE,Color,Olive Drab,Size,XXL,TWESSIE_SG_BT_0301-Olive Drab-XXL,168.0,,10
twessie-sg-bt-0301,Architecture-Cut Olive Drab Bikini Top,<p>A statement piece in Matte Ribbed Knit. This bikini top combines architectural elegance design with impeccable craftsmanship. Available in Olive Drab with Burnt Terracotta detailing. Not loud. Not obvious. Unmistakably Twessie.</p>,Twessie,Bikini Top,"high-end swimwear, luxury Olive Drab swimwear, minimalist luxury, architectural swimsuit, Matte Ribbed Knit bikini",TRUE,Color,Burnt Terracotta,Size,XS,TWESSIE_SG_BT_0301-Burnt Terracotta-XS,168.0,,10
twessie-sg-bt-0301,Architecture-Cut Olive Drab Bikini Top,<p>A statement piece in Matte Ribbed Knit. This bikini top combines architectural elegance design with impeccable craftsmanship. Available in Olive Drab with Burnt Terracotta detailing. Not loud. Not obvious. Unmistakably Twessie.</p>,Twessie,Bikini Top,"high-end swimwear, luxury Olive Drab swimwear, minimalist luxury, architectural swimsuit, Matte Ribbed Knit bikini",TRUE,Color,Burnt Terracotta,Size,S,TWESSIE_SG_BT_0301-Burnt Terracotta-S,168.0,,10
twessie-sg-bt-0301,Architecture-Cut Olive Drab Bikini Top,<p>A statement piece in Matte Ribbed Knit. This bikini top combines architectural elegance design with impeccable craftsmanship. Available in Olive Drab with Burnt Terracotta detailing. Not loud. Not obvious. Unmistakably Twessie.</p>,Twessie,Bikini Top,"high-end swimwear, luxury Olive Drab swimwear, minimalist luxury, architectural swimsuit, Matte Ribbed Knit bikini",TRUE,Color,Burnt Terracotta,Size,M,TWESSIE_SG_BT_0301-Burnt Terracotta-M,168.0,,10
twessie-sg-bt-0301,Architecture-Cut Olive Drab Bikini Top,<p>A statement piece in Matte Ribbed Knit. This bikini top combines architectural elegance design with impeccable craftsmanship. Available in Olive Drab with Burnt Terracotta detailing. Not loud. Not obvious. Unmistakably Twessie.</p>,Twessie,Bikini Top,"high-end swimwear, luxury Olive Drab swimwear, minimalist luxury, architectural swimsuit, Matte Ribbed Knit bikini",TRUE,Color,Burnt Terracotta,Size,L,TWESSIE_SG_BT_0301-Burnt Terracotta-L,168.0,,10
twessie-sg-bt-0301,Architecture-Cut Olive Drab Bikini Top,<p>A statement piece in Matte Ribbed Knit. This bikini top combines architectural elegance design with impeccable craftsmanship. Available in Olive Drab with Burnt Terracotta detailing. Not loud. Not obvious. Unmistakably Twessie.</p>,Twessie,Bikini Top,"high-end swimwear, luxury Olive Drab swimwear, minimalist luxury, architectural swimsuit, Matte Ribbed Knit bikini",TRUE,Color,Burnt Terracotta,Size,XL,TWESSIE_SG_BT_0301-Burnt Terracotta-XL,168.0,,10
twessie-sg-bt-0301,Architecture-Cut Olive Drab Bikini Top,<p>A statement piece in Matte Ribbed Knit. This bikini top combines architectural elegance design with impeccable craftsmanship. Available in Olive Drab with Burnt Terracotta detailing. Not loud. Not obvious. Unmistakably Twessie.</p>,Twessie,Bikini Top,"high-end swimwear, luxury Olive Drab swimwear, minimalist luxury, architectural swimsuit, Matte Ribbed Knit bikini",TRUE,Color,Burnt Terracotta,Size,XXL,TWESSIE_SG_BT_0301-Burnt Terracotta-XXL,168.0,,10
twessie-na-bb-0302,High-Cut Obsidian Black Bikini Brief,<p>A statement piece in Econyl Sleek Satin. This bikini bottom combines minimalist luxury design with impeccable craftsmanship. Available in Obsidian Black with Burnt Terracotta detailing. Not loud. Not obvious. Unmistakably Twessie.</p>,Twessie,Bikini Bottom,"luxury Obsidian Black swimwear, minimalist luxury, minimalist bikini bottom, high-end swimwear, architectural swimsuit",TRUE,Color,Obsidian Black,Size,XS,TWESSIE_NA_BB_0302-Obsidian Black-XS,168.0,,10
twessie-na-bb-0302,High-Cut Obsidian Black Bikini Brief,<p>A statement piece in Econyl Sleek Satin. This bikini bottom combines minimalist luxury design with impeccable craftsmanship. Available in Obsidian Black with Burnt Terracotta detailing. Not loud. Not obvious. Unmistakably Twessie.</p>,Twessie,Bikini Bottom,"luxury Obsidian Black swimwear, minimalist luxury, minimalist bikini bottom, high-end swimwear, architectural swimsuit",TRUE,Color,Obsidian Black,Size,S,TWESSIE_NA_BB_0302-Obsidian Black-S,168.0,,10
twessie-na-bb-0302,High-Cut Obsidian Black Bikini Brief,<p>A statement piece in Econyl Sleek Satin. This bikini bottom combines minimalist luxury design with impeccable craftsmanship. Available in Obsidian Black with Burnt Terracotta detailing. Not loud. Not obvious. Unmistakably Twessie.</p>,Twessie,Bikini Bottom,"luxury Obsidian Black swimwear, minimalist luxury, minimalist bikini bottom, high-end swimwear, architectural swimsuit",TRUE,Color,Obsidian Black,Size,M,TWESSIE_NA_BB_0302-Obsidian Black-M,168.0,,10
twessie-na-bb-0302,High-Cut Obsidian Black Bikini Brief,<p>A statement piece in Econyl Sleek Satin. This bikini bottom combines minimalist luxury design with impeccable craftsmanship. Available in Obsidian Black with Burnt Terracotta detailing. Not loud. Not obvious. Unmistakably Twessie.</p>,Twessie,Bikini Bottom,"luxury Obsidian Black swimwear, minimalist luxury, minimalist bikini bottom, high-end swimwear, architectural swimsuit",TRUE,Color,Obsidian Black,Size,L,TWESSIE_NA_BB_0302-Obsidian Black-L,168.0,,10
twessie-na-bb-0302,High-Cut Obsidian Black Bikini Brief,<p>A statement piece in Econyl Sleek Satin. This bikini bottom combines minimalist luxury design with impeccable craftsmanship. Available in Obsidian Black with Burnt Terracotta detailing. Not loud. Not obvious. Unmistakably Twessie.</p>,Twessie,Bikini Bottom,"luxury Obsidian Black swimwear, minimalist luxury, minimalist bikini bottom, high-end swimwear, architectural swimsuit",TRUE,Color,Obsidian Black,Size,XL,TWESSIE_NA_BB_0302-Obsidian Black-XL,168.0,,10
twessie-na-bb-0302,High-Cut Obsidian Black Bikini Brief,<p>A statement piece in Econyl Sleek Satin. This bikini bottom combines minimalist luxury design with impeccable craftsmanship. Available in Obsidian Black with Burnt Terracotta detailing. Not loud. Not obvious. Unmistakably Twessie.</p>,Twessie,Bikini Bottom,"luxury Obsidian Black swimwear, minimalist luxury, minimalist bikini bottom, high-end swimwear, architectural swimsuit",TRUE,Color,Obsidian Black,Size,XXL,TWESSIE_NA_BB_0302-Obsidian Black-XXL,168.0,,10
twessie-na-bb-0302,High-Cut Obsidian Black Bikini Brief,<p>A statement piece in Econyl Sleek Satin. This bikini bottom combines minimalist luxury design with impeccable craftsmanship. Available in Obsidian Black with Burnt Terracotta detailing. Not loud. Not obvious. Unmistakably Twessie.</p>,Twessie,Bikini Bottom,"luxury Obsidian Black swimwear, minimalist luxury, minimalist bikini bottom, high-end swimwear, architectural swimsuit",TRUE,Color,Burnt Terracotta,Size,XS,TWESSIE_NA_BB_0302-Burnt Terracotta-XS,168.0,,10
twessie-na-bb-0302,High-Cut Obsidian Black Bikini Brief,<p>A statement piece in Econyl Sleek Satin. This bikini bottom combines minimalist luxury design with impeccable craftsmanship. Available in Obsidian Black with Burnt Terracotta detailing. Not loud. Not obvious. Unmistakably Twessie.</p>,Twessie,Bikini Bottom,"luxury Obsidian Black swimwear, minimalist luxury, minimalist bikini bottom, high-end swimwear, architectural swimsuit",TRUE,Color,Burnt Terracotta,Size,S,TWESSIE_NA_BB_0302-Burnt Terracotta-S,168.0,,10
twessie-na-bb-0302,High-Cut Obsidian Black Bikini Brief,<p>A statement piece in Econyl Sleek Satin. This bikini bottom combines minimalist luxury design with impeccable craftsmanship. Available in Obsidian Black with Burnt Terracotta detailing. Not loud. Not obvious. Unmistakably Twessie.</p>,Twessie,Bikini Bottom,"luxury Obsidian Black swimwear, minimalist luxury, minimalist bikini bottom, high-end swimwear, architectural swimsuit",TRUE,Color,Burnt Terracotta,Size,M,TWESSIE_NA_BB_0302-Burnt Terracotta-M,168.0,,10
twessie-na-bb-0302,High-Cut Obsidian Black Bikini Brief,<p>A statement piece in Econyl Sleek Satin. This bikini bottom combines minimalist luxury design with impeccable craftsmanship. Available in Obsidian Black with Burnt Terracotta detailing. Not loud. Not obvious. Unmistakably Twessie.</p>,Twessie,Bikini Bottom,"luxury Obsidian Black swimwear, minimalist luxury, minimalist bikini bottom, high-end swimwear, architectural swimsuit",TRUE,Color,Burnt Terracotta,Size,L,TWESSIE_NA_BB_0302-Burnt Terracotta-L,168.0,,10
twessie-na-bb-0302,High-Cut Obsidian Black Bikini Brief,<p>A statement piece in Econyl Sleek Satin. This bikini bottom combines minimalist luxury design with impeccable craftsmanship. Available in Obsidian Black with Burnt Terracotta detailing. Not loud. Not obvious. Unmistakably Twessie.</p>,Twessie,Bikini Bottom,"luxury Obsidian Black swimwear, minimalist luxury, minimalist bikini bottom, high-end swimwear, architectural swimsuit",TRUE,Color,Burnt Terracotta,Size,XL,TWESSIE_NA_BB_0302-Burnt Terracotta-XL,168.0,,10
twessie-na-bb-0302,High-Cut Obsidian Black Bikini Brief,<p>A statement piece in Econyl Sleek Satin. This bikini bottom combines minimalist luxury design with impeccable craftsmanship. Available in Obsidian Black with Burnt Terracotta detailing. Not loud. Not obvious. Unmistakably Twessie.</p>,Twessie,Bikini Bottom,"luxury Obsidian Black swimwear, minimalist luxury, minimalist bikini bottom, high-end swimwear, architectural swimsuit",TRUE,Color,Burnt Terracotta,Size,XXL,TWESSIE_NA_BB_0302-Burnt Terracotta-XXL,168.0,,10
twessie-na-bb-0303,Raw-Edge Chalk White Bikini Bottom,<p>A statement piece in Crinkled Seersucker. This bikini bottom combines rebellious yet refined design with impeccable craftsmanship. Available in Chalk White with Stone Gray detailing. Not loud. Not obvious. Unmistakably Twessie.</p>,Twessie,Bikini Bottom,"minimalist luxury, minimalist bikini bottom, architectural swimsuit, Crinkled Seersucker bikini, high-end swimwear",TRUE,Color,Chalk White,Size,XS,TWESSIE_NA_BB_0303-Chalk White-XS,168.0,,10
twessie-na-bb-0303,Raw-Edge Chalk White Bikini Bottom,<p>A statement piece in Crinkled Seersucker. This bikini bottom combines rebellious yet refined design with impeccable craftsmanship. Available in Chalk White with Stone Gray detailing. Not loud. Not obvious. Unmistakably Twessie.</p>,Twessie,Bikini Bottom,"minimalist luxury, minimalist bikini bottom, architectural swimsuit, Crinkled Seersucker bikini, high-end swimwear",TRUE,Color,Chalk White,Size,S,TWESSIE_NA_BB_0303-Chalk White-S,168.0,,10
twessie-na-bb-0303,Raw-Edge Chalk White Bikini Bottom,<p>A statement piece in Crinkled Seersucker. This bikini bottom combines rebellious yet refined design with impeccable craftsmanship. Available in Chalk White with Stone Gray detailing. Not loud. Not obvious. Unmistakably Twessie.</p>,Twessie,Bikini Bottom,"minimalist luxury, minimalist bikini bottom, architectural swimsuit, Crinkled Seersucker bikini, high-end swimwear",TRUE,Color,Chalk White,Size,M,TWESSIE_NA_BB_0303-Chalk White-M,168.0,,10
twessie-na-bb-0303,Raw-Edge Chalk White Bikini Bottom,<p>A statement piece in Crinkled Seersucker. This bikini bottom combines rebellious yet refined design with impeccable craftsmanship. Available in Chalk White with Stone Gray detailing. Not loud. Not obvious. Unmistakably Twessie.</p>,Twessie,Bikini Bottom,"minimalist luxury, minimalist bikini bottom, architectural swimsuit, Crinkled Seersucker bikini, high-end swimwear",TRUE,Color,Chalk White,Size,L,TWESSIE_NA_BB_0303-Chalk White-L,168.0,,10
twessie-na-bb-0303,Raw-Edge Chalk White Bikini Bottom,<p>A statement piece in Crinkled Seersucker. This bikini bottom combines rebellious yet refined design with impeccable craftsmanship. Available in Chalk White with Stone Gray detailing. Not loud. Not obvious. Unmistakably Twessie.</p>,Twessie,Bikini Bottom,"minimalist luxury, minimalist bikini bottom, architectural swimsuit, Crinkled Seersucker bikini, high-end swimwear",TRUE,Color,Chalk White,Size,XL,TWESSIE_NA_BB_0303-Chalk White-XL,168.0,,10
twessie-na-bb-0303,Raw-Edge Chalk White Bikini Bottom,<p>A statement piece in Crinkled Seersucker. This bikini bottom combines rebellious yet refined design with impeccable craftsmanship. Available in Chalk White with Stone Gray detailing. Not loud. Not obvious. Unmistakably Twessie.</p>,Twessie,Bikini Bottom,"minimalist luxury, minimalist bikini bottom, architectural swimsuit, Crinkled Seersucker bikini, high-end swimwear",TRUE,Color,Chalk White,Size,XXL,TWESSIE_NA_BB_0303-Chalk White-XXL,168.0,,10
twessie-na-bb-0303,Raw-Edge Chalk White Bikini Bottom,<p>A statement piece in Crinkled Seersucker. This bikini bottom combines rebellious yet refined design with impeccable craftsmanship. Available in Chalk White with Stone Gray detailing. Not loud. Not obvious. Unmistakably Twessie.</p>,Twessie,Bikini Bottom,"minimalist luxury, minimalist bikini bottom, architectural swimsuit, Crinkled Seersucker bikini, high-end swimwear",TRUE,Color,Stone Gray,Size,XS,TWESSIE_NA_BB_0303-Stone Gray-XS,168.0,,10
twessie-na-bb-0303,Raw-Edge Chalk White Bikini Bottom,<p>A statement piece in Crinkled Seersucker. This bikini bottom combines rebellious yet refined design with impeccable craftsmanship. Available in Chalk White with Stone Gray detailing. Not loud. Not obvious. Unmistakably Twessie.</p>,Twessie,Bikini Bottom,"minimalist luxury, minimalist bikini bottom, architectural swimsuit, Crinkled Seersucker bikini, high-end swimwear",TRUE,Color,Stone Gray,Size,S,TWESSIE_NA_BB_0303-Stone Gray-S,168.0,,10
twessie-na-bb-0303,Raw-Edge Chalk White Bikini Bottom,<p>A statement piece in Crinkled Seersucker. This bikini bottom combines rebellious yet refined design with impeccable craftsmanship. Available in Chalk White with Stone Gray detailing. Not loud. Not obvious. Unmistakably Twessie.</p>,Twessie,Bikini Bottom,"minimalist luxury, minimalist bikini bottom, architectural swimsuit, Crinkled Seersucker bikini, high-end swimwear",TRUE,Color,Stone Gray,Size,M,TWESSIE_NA_BB_0303-Stone Gray-M,168.0,,10
twessie-na-bb-0303,Raw-Edge Chalk White Bikini Bottom,<p>A statement piece in Crinkled Seersucker. This bikini bottom combines rebellious yet refined design with impeccable craftsmanship. Available in Chalk White with Stone Gray detailing. Not loud. Not obvious. Unmistakably Twessie.</p>,Twessie,Bikini Bottom,"minimalist luxury, minimalist bikini bottom, architectural swimsuit, Crinkled Seersucker bikini, high-end swimwear",TRUE,Color,Stone Gray,Size,L,TWESSIE_NA_BB_0303-Stone Gray-L,168.0,,10
twessie-na-bb-0303,Raw-Edge Chalk White Bikini Bottom,<p>A statement piece in Crinkled Seersucker. This bikini bottom combines rebellious yet refined design with impeccable craftsmanship. Available in Chalk White with Stone Gray detailing. Not loud. Not obvious. Unmistakably Twessie.</p>,Twessie,Bikini Bottom,"minimalist luxury, minimalist bikini bottom, architectural swimsuit, Crinkled Seersucker bikini, high-end swimwear",TRUE,Color,Stone Gray,Size,XL,TWESSIE_NA_BB_0303-Stone Gray-XL,168.0,,10
twessie-na-bb-0303,Raw-Edge Chalk White Bikini Bottom,<p>A statement piece in Crinkled Seersucker. This bikini bottom combines rebellious yet refined design with impeccable craftsmanship. Available in Chalk White with Stone Gray detailing. Not loud. Not obvious. Unmistakably Twessie.</p>,Twessie,Bikini Bottom,"minimalist luxury, minimalist bikini bottom, architectural swimsuit, Crinkled Seersucker bikini, high-end swimwear",TRUE,Color,Stone Gray,Size,XXL,TWESSIE_NA_BB_0303-Stone Gray-XXL,168.0,,10
twessie-jp-bb-0304,Raw-Edge Obsidian Black Bikini Bottom,<p>A statement piece in Econyl Sleek Satin. This bikini bottom combines rebellious yet refined design with impeccable craftsmanship. Available in Obsidian Black with Stone Gray detailing. Not loud. Not obvious. Unmistakably Twessie.</p>,Twessie,Bikini Bottom,"minimalist luxury, independent fashion, luxury Obsidian Black swimwear, minimalist bikini bottom, architectural swimsuit",TRUE,Color,Obsidian Black,Size,XS,TWESSIE_JP_BB_0304-Obsidian Black-XS,168.0,,10
twessie-jp-bb-0304,Raw-Edge Obsidian Black Bikini Bottom,<p>A statement piece in Econyl Sleek Satin. This bikini bottom combines rebellious yet refined design with impeccable craftsmanship. Available in Obsidian Black with Stone Gray detailing. Not loud. Not obvious. Unmistakably Twessie.</p>,Twessie,Bikini Bottom,"minimalist luxury, independent fashion, luxury Obsidian Black swimwear, minimalist bikini bottom, architectural swimsuit",TRUE,Color,Obsidian Black,Size,S,TWESSIE_JP_BB_0304-Obsidian Black-S,168.0,,10
twessie-jp-bb-0304,Raw-Edge Obsidian Black Bikini Bottom,<p>A statement piece in Econyl Sleek Satin. This bikini bottom combines rebellious yet refined design with impeccable craftsmanship. Available in Obsidian Black with Stone Gray detailing. Not loud. Not obvious. Unmistakably Twessie.</p>,Twessie,Bikini Bottom,"minimalist luxury, independent fashion, luxury Obsidian Black swimwear, minimalist bikini bottom, architectural swimsuit",TRUE,Color,Obsidian Black,Size,M,TWESSIE_JP_BB_0304-Obsidian Black-M,168.0,,10
twessie-jp-bb-0304,Raw-Edge Obsidian Black Bikini Bottom,<p>A statement piece in Econyl Sleek Satin. This bikini bottom combines rebellious yet refined design with impeccable craftsmanship. Available in Obsidian Black with Stone Gray detailing. Not loud. Not obvious. Unmistakably Twessie.</p>,Twessie,Bikini Bottom,"minimalist luxury, independent fashion, luxury Obsidian Black swimwear, minimalist bikini bottom, architectural swimsuit",TRUE,Color,Obsidian Black,Size,L,TWESSIE_JP_BB_0304-Obsidian Black-L,168.0,,10
twessie-jp-bb-0304,Raw-Edge Obsidian Black Bikini Bottom,<p>A statement piece in Econyl Sleek Satin. This bikini bottom combines rebellious yet refined design with impeccable craftsmanship. Available in Obsidian Black with Stone Gray detailing. Not loud. Not obvious. Unmistakably Twessie.</p>,Twessie,Bikini Bottom,"minimalist luxury, independent fashion, luxury Obsidian Black swimwear, minimalist bikini bottom, architectural swimsuit",TRUE,Color,Obsidian Black,Size,XL,TWESSIE_JP_BB_0304-Obsidian Black-XL,168.0,,10
twessie-jp-bb-0304,Raw-Edge Obsidian Black Bikini Bottom,<p>A statement piece in Econyl Sleek Satin. This bikini bottom combines rebellious yet refined design with impeccable craftsmanship. Available in Obsidian Black with Stone Gray detailing. Not loud. Not obvious. Unmistakably Twessie.</p>,Twessie,Bikini Bottom,"minimalist luxury, independent fashion, luxury Obsidian Black swimwear, minimalist bikini bottom, architectural swimsuit",TRUE,Color,Obsidian Black,Size,XXL,TWESSIE_JP_BB_0304-Obsidian Black-XXL,168.0,,10
twessie-jp-bb-0304,Raw-Edge Obsidian Black Bikini Bottom,<p>A statement piece in Econyl Sleek Satin. This bikini bottom combines rebellious yet refined design with impeccable craftsmanship. Available in Obsidian Black with Stone Gray detailing. Not loud. Not obvious. Unmistakably Twessie.</p>,Twessie,Bikini Bottom,"minimalist luxury, independent fashion, luxury Obsidian Black swimwear, minimalist bikini bottom, architectural swimsuit",TRUE,Color,Stone Gray,Size,XS,TWESSIE_JP_BB_0304-Stone Gray-XS,168.0,,10
twessie-jp-bb-0304,Raw-Edge Obsidian Black Bikini Bottom,<p>A statement piece in Econyl Sleek Satin. This bikini bottom combines rebellious yet refined design with impeccable craftsmanship. Available in Obsidian Black with Stone Gray detailing. Not loud. Not obvious. Unmistakably Twessie.</p>,Twessie,Bikini Bottom,"minimalist luxury, independent fashion, luxury Obsidian Black swimwear, minimalist bikini bottom, architectural swimsuit",TRUE,Color,Stone Gray,Size,S,TWESSIE_JP_BB_0304-Stone Gray-S,168.0,,10
twessie-jp-bb-0304,Raw-Edge Obsidian Black Bikini Bottom,<p>A statement piece in Econyl Sleek Satin. This bikini bottom combines rebellious yet refined design with impeccable craftsmanship. Available in Obsidian Black with Stone Gray detailing. Not loud. Not obvious. Unmistakably Twessie.</p>,Twessie,Bikini Bottom,"minimalist luxury, independent fashion, luxury Obsidian Black swimwear, minimalist bikini bottom, architectural swimsuit",TRUE,Color,Stone Gray,Size,M,TWESSIE_JP_BB_0304-Stone Gray-M,168.0,,10
twessie-jp-bb-0304,Raw-Edge Obsidian Black Bikini Bottom,<p>A statement piece in Econyl Sleek Satin. This bikini bottom combines rebellious yet refined design with impeccable craftsmanship. Available in Obsidian Black with Stone Gray detailing. Not loud. Not obvious. Unmistakably Twessie.</p>,Twessie,Bikini Bottom,"minimalist luxury, independent fashion, luxury Obsidian Black swimwear, minimalist bikini bottom, architectural swimsuit",TRUE,Color,Stone Gray,Size,L,TWESSIE_JP_BB_0304-Stone Gray-L,168.0,,10
twessie-jp-bb-0304,Raw-Edge Obsidian Black Bikini Bottom,<p>A statement piece in Econyl Sleek Satin. This bikini bottom combines rebellious yet refined design with impeccable craftsmanship. Available in Obsidian Black with Stone Gray detailing. Not loud. Not obvious. Unmistakably Twessie.</p>,Twessie,Bikini Bottom,"minimalist luxury, independent fashion, luxury Obsidian Black swimwear, minimalist bikini bottom, architectural swimsuit",TRUE,Color,Stone Gray,Size,XL,TWESSIE_JP_BB_0304-Stone Gray-XL,168.0,,10
twessie-jp-bb-0304,Raw-Edge Obsidian Black Bikini Bottom,<p>A statement piece in Econyl Sleek Satin. This bikini bottom combines rebellious yet refined design with impeccable craftsmanship. Available in Obsidian Black with Stone Gray detailing. Not loud. Not obvious. Unmistakably Twessie.</p>,Twessie,Bikini Bottom,"minimalist luxury, independent fashion, luxury Obsidian Black swimwear, minimalist bikini bottom, architectural swimsuit",TRUE,Color,Stone Gray,Size,XXL,TWESSIE_JP_BB_0304-Stone Gray-XXL,168.0,,10
twessie-na-op-0305,High-Fashion Olive Drab One-Piece Suit,<p>Crafted in premium Matte Ribbed Knit with Crinkled Seersucker accents. This one-piece epitomizes anti-fashion statement luxury. Featuring color-blocking in Olive Drab and Burnt Terracotta. Perfect for the discerning swimmer who refuses the obvious.</p>,Twessie,One-Piece,"minimalist luxury, minimalist one-piece, Matte Ribbed Knit bikini, luxury Olive Drab swimwear, independent fashion",TRUE,Color,Olive Drab,Size,XS,TWESSIE_NA_OP_0305-Olive Drab-XS,168.0,,10
twessie-na-op-0305,High-Fashion Olive Drab One-Piece Suit,<p>Crafted in premium Matte Ribbed Knit with Crinkled Seersucker accents. This one-piece epitomizes anti-fashion statement luxury. Featuring color-blocking in Olive Drab and Burnt Terracotta. Perfect for the discerning swimmer who refuses the obvious.</p>,Twessie,One-Piece,"minimalist luxury, minimalist one-piece, Matte Ribbed Knit bikini, luxury Olive Drab swimwear, independent fashion",TRUE,Color,Olive Drab,Size,S,TWESSIE_NA_OP_0305-Olive Drab-S,168.0,,10
twessie-na-op-0305,High-Fashion Olive Drab One-Piece Suit,<p>Crafted in premium Matte Ribbed Knit with Crinkled Seersucker accents. This one-piece epitomizes anti-fashion statement luxury. Featuring color-blocking in Olive Drab and Burnt Terracotta. Perfect for the discerning swimmer who refuses the obvious.</p>,Twessie,One-Piece,"minimalist luxury, minimalist one-piece, Matte Ribbed Knit bikini, luxury Olive Drab swimwear, independent fashion",TRUE,Color,Olive Drab,Size,M,TWESSIE_NA_OP_0305-Olive Drab-M,168.0,,10
twessie-na-op-0305,High-Fashion Olive Drab One-Piece Suit,<p>Crafted in premium Matte Ribbed Knit with Crinkled Seersucker accents. This one-piece epitomizes anti-fashion statement luxury. Featuring color-blocking in Olive Drab and Burnt Terracotta. Perfect for the discerning swimmer who refuses the obvious.</p>,Twessie,One-Piece,"minimalist luxury, minimalist one-piece, Matte Ribbed Knit bikini, luxury Olive Drab swimwear, independent fashion",TRUE,Color,Olive Drab,Size,L,TWESSIE_NA_OP_0305-Olive Drab-L,168.0,,10
twessie-na-op-0305,High-Fashion Olive Drab One-Piece Suit,<p>Crafted in premium Matte Ribbed Knit with Crinkled Seersucker accents. This one-piece epitomizes anti-fashion statement luxury. Featuring color-blocking in Olive Drab and Burnt Terracotta. Perfect for the discerning swimmer who refuses the obvious.</p>,Twessie,One-Piece,"minimalist luxury, minimalist one-piece, Matte Ribbed Knit bikini, luxury Olive Drab swimwear, independent fashion",TRUE,Color,Olive Drab,Size,XL,TWESSIE_NA_OP_0305-Olive Drab-XL,168.0,,10
twessie-na-op-0305,High-Fashion Olive Drab One-Piece Suit,<p>Crafted in premium Matte Ribbed Knit with Crinkled Seersucker accents. This one-piece epitomizes anti-fashion statement luxury. Featuring color-blocking in Olive Drab and Burnt Terracotta. Perfect for the discerning swimmer who refuses the obvious.</p>,Twessie,One-Piece,"minimalist luxury, minimalist one-piece, Matte Ribbed Knit bikini, luxury Olive Drab swimwear, independent fashion",TRUE,Color,Olive Drab,Size,XXL,TWESSIE_NA_OP_0305-Olive Drab-XXL,168.0,,10
twessie-na-op-0305,High-Fashion Olive Drab One-Piece Suit,<p>Crafted in premium Matte Ribbed Knit with Crinkled Seersucker accents. This one-piece epitomizes anti-fashion statement luxury. Featuring color-blocking in Olive Drab and Burnt Terracotta. Perfect for the discerning swimmer who refuses the obvious.</p>,Twessie,One-Piece,"minimalist luxury, minimalist one-piece, Matte Ribbed Knit bikini, luxury Olive Drab swimwear, independent fashion",TRUE,Color,Burnt Terracotta,Size,XS,TWESSIE_NA_OP_0305-Burnt Terracotta-XS,168.0,,10
twessie-na-op-0305,High-Fashion Olive Drab One-Piece Suit,<p>Crafted in premium Matte Ribbed Knit with Crinkled Seersucker accents. This one-piece epitomizes anti-fashion statement luxury. Featuring color-blocking in Olive Drab and Burnt Terracotta. Perfect for the discerning swimmer who refuses the obvious.</p>,Twessie,One-Piece,"minimalist luxury, minimalist one-piece, Matte Ribbed Knit bikini, luxury Olive Drab swimwear, independent fashion",TRUE,Color,Burnt Terracotta,Size,S,TWESSIE_NA_OP_0305-Burnt Terracotta-S,168.0,,10
twessie-na-op-0305,High-Fashion Olive Drab One-Piece Suit,<p>Crafted in premium Matte Ribbed Knit with Crinkled Seersucker accents. This one-piece epitomizes anti-fashion statement luxury. Featuring color-blocking in Olive Drab and Burnt Terracotta. Perfect for the discerning swimmer who refuses the obvious.</p>,Twessie,One-Piece,"minimalist luxury, minimalist one-piece, Matte Ribbed Knit bikini, luxury Olive Drab swimwear, independent fashion",TRUE,Color,Burnt Terracotta,Size,M,TWESSIE_NA_OP_0305-Burnt Terracotta-M,168.0,,10
twessie-na-op-0305,High-Fashion Olive Drab One-Piece Suit,<p>Crafted in premium Matte Ribbed Knit with Crinkled Seersucker accents. This one-piece epitomizes anti-fashion statement luxury. Featuring color-blocking in Olive Drab and Burnt Terracotta. Perfect for the discerning swimmer who refuses the obvious.</p>,Twessie,One-Piece,"minimalist luxury, minimalist one-piece, Matte Ribbed Knit bikini, luxury Olive Drab swimwear, independent fashion",TRUE,Color,Burnt Terracotta,Size,L,TWESSIE_NA_OP_0305-Burnt Terracotta-L,168.0,,10
twessie-na-op-0305,High-Fashion Olive Drab One-Piece Suit,<p>Crafted in premium Matte Ribbed Knit with Crinkled Seersucker accents. This one-piece epitomizes anti-fashion statement luxury. Featuring color-blocking in Olive Drab and Burnt Terracotta. Perfect for the discerning swimmer who refuses the obvious.</p>,Twessie,One-Piece,"minimalist luxury, minimalist one-piece, Matte Ribbed Knit bikini, luxury Olive Drab swimwear, independent fashion",TRUE,Color,Burnt Terracotta,Size,XL,TWESSIE_NA_OP_0305-Burnt Terracotta-XL,168.0,,10
twessie-na-op-0305,High-Fashion Olive Drab One-Piece Suit,<p>Crafted in premium Matte Ribbed Knit with Crinkled Seersucker accents. This one-piece epitomizes anti-fashion statement luxury. Featuring color-blocking in Olive Drab and Burnt Terracotta. Perfect for the discerning swimmer who refuses the obvious.</p>,Twessie,One-Piece,"minimalist luxury, minimalist one-piece, Matte Ribbed Knit bikini, luxury Olive Drab swimwear, independent fashion",TRUE,Color,Burnt Terracotta,Size,XXL,TWESSIE_NA_OP_0305-Burnt Terracotta-XXL,168.0,,10
twessie-au-bb-0306,Structural Matte Ribbed Knit Bikini Bottom,"<p>Matte Ribbed Knit construction meets architectural precision in this bikini bottom. Designed for the intelligent, independent woman. The Burnt Terracotta colorway with Olive Drab accents creates a sophisticated palette. Pure rebellious yet refined elegance.</p>",Twessie,Bikini Bottom,"minimalist bikini bottom, minimalist luxury, Matte Ribbed Knit bikini, architectural swimsuit, luxury Burnt Terracotta swimwear",TRUE,Color,Burnt Terracotta,Size,XS,TWESSIE_AU_BB_0306-Burnt Terracotta-XS,168.0,,10
twessie-au-bb-0306,Structural Matte Ribbed Knit Bikini Bottom,"<p>Matte Ribbed Knit construction meets architectural precision in this bikini bottom. Designed for the intelligent, independent woman. The Burnt Terracotta colorway with Olive Drab accents creates a sophisticated palette. Pure rebellious yet refined elegance.</p>",Twessie,Bikini Bottom,"minimalist bikini bottom, minimalist luxury, Matte Ribbed Knit bikini, architectural swimsuit, luxury Burnt Terracotta swimwear",TRUE,Color,Burnt Terracotta,Size,S,TWESSIE_AU_BB_0306-Burnt Terracotta-S,168.0,,10
twessie-au-bb-0306,Structural Matte Ribbed Knit Bikini Bottom,"<p>Matte Ribbed Knit construction meets architectural precision in this bikini bottom. Designed for the intelligent, independent woman. The Burnt Terracotta colorway with Olive Drab accents creates a sophisticated palette. Pure rebellious yet refined elegance.</p>",Twessie,Bikini Bottom,"minimalist bikini bottom, minimalist luxury, Matte Ribbed Knit bikini, architectural swimsuit, luxury Burnt Terracotta swimwear",TRUE,Color,Burnt Terracotta,Size,M,TWESSIE_AU_BB_0306-Burnt Terracotta-M,168.0,,10
twessie-au-bb-0306,Structural Matte Ribbed Knit Bikini Bottom,"<p>Matte Ribbed Knit construction meets architectural precision in this bikini bottom. Designed for the intelligent, independent woman. The Burnt Terracotta colorway with Olive Drab accents creates a sophisticated palette. Pure rebellious yet refined elegance.</p>",Twessie,Bikini Bottom,"minimalist bikini bottom, minimalist luxury, Matte Ribbed Knit bikini, architectural swimsuit, luxury Burnt Terracotta swimwear",TRUE,Color,Burnt Terracotta,Size,L,TWESSIE_AU_BB_0306-Burnt Terracotta-L,168.0,,10
twessie-au-bb-0306,Structural Matte Ribbed Knit Bikini Bottom,"<p>Matte Ribbed Knit construction meets architectural precision in this bikini bottom. Designed for the intelligent, independent woman. The Burnt Terracotta colorway with Olive Drab accents creates a sophisticated palette. Pure rebellious yet refined elegance.</p>",Twessie,Bikini Bottom,"minimalist bikini bottom, minimalist luxury, Matte Ribbed Knit bikini, architectural swimsuit, luxury Burnt Terracotta swimwear",TRUE,Color,Burnt Terracotta,Size,XL,TWESSIE_AU_BB_0306-Burnt Terracotta-XL,168.0,,10
twessie-au-bb-0306,Structural Matte Ribbed Knit Bikini Bottom,"<p>Matte Ribbed Knit construction meets architectural precision in this bikini bottom. Designed for the intelligent, independent woman. The Burnt Terracotta colorway with Olive Drab accents creates a sophisticated palette. Pure rebellious yet refined elegance.</p>",Twessie,Bikini Bottom,"minimalist bikini bottom, minimalist luxury, Matte Ribbed Knit bikini, architectural swimsuit, luxury Burnt Terracotta swimwear",TRUE,Color,Burnt Terracotta,Size,XXL,TWESSIE_AU_BB_0306-Burnt Terracotta-XXL,168.0,,10
twessie-au-bb-0306,Structural Matte Ribbed Knit Bikini Bottom,"<p>Matte Ribbed Knit construction meets architectural precision in this bikini bottom. Designed for the intelligent, independent woman. The Burnt Terracotta colorway with Olive Drab accents creates a sophisticated palette. Pure rebellious yet refined elegance.</p>",Twessie,Bikini Bottom,"minimalist bikini bottom, minimalist luxury, Matte Ribbed Knit bikini, architectural swimsuit, luxury Burnt Terracotta swimwear",TRUE,Color,Olive Drab,Size,XS,TWESSIE_AU_BB_0306-Olive Drab-XS,168.0,,10
twessie-au-bb-0306,Structural Matte Ribbed Knit Bikini Bottom,"<p>Matte Ribbed Knit construction meets architectural precision in this bikini bottom. Designed for the intelligent, independent woman. The Burnt Terracotta colorway with Olive Drab accents creates a sophisticated palette. Pure rebellious yet refined elegance.</p>",Twessie,Bikini Bottom,"minimalist bikini bottom, minimalist luxury, Matte Ribbed Knit bikini, architectural swimsuit, luxury Burnt Terracotta swimwear",TRUE,Color,Olive Drab,Size,S,TWESSIE_AU_BB_0306-Olive Drab-S,168.0,,10
twessie-au-bb-0306,Structural Matte Ribbed Knit Bikini Bottom,"<p>Matte Ribbed Knit construction meets architectural precision in this bikini bottom. Designed for the intelligent, independent woman. The Burnt Terracotta colorway with Olive Drab accents creates a sophisticated palette. Pure rebellious yet refined elegance.</p>",Twessie,Bikini Bottom,"minimalist bikini bottom, minimalist luxury, Matte Ribbed Knit bikini, architectural swimsuit, luxury Burnt Terracotta swimwear",TRUE,Color,Olive Drab,Size,M,TWESSIE_AU_BB_0306-Olive Drab-M,168.0,,10
twessie-au-bb-0306,Structural Matte Ribbed Knit Bikini Bottom,"<p>Matte Ribbed Knit construction meets architectural precision in this bikini bottom. Designed for the intelligent, independent woman. The Burnt Terracotta colorway with Olive Drab accents creates a sophisticated palette. Pure rebellious yet refined elegance.</p>",Twessie,Bikini Bottom,"minimalist bikini bottom, minimalist luxury, Matte Ribbed Knit bikini, architectural swimsuit, luxury Burnt Terracotta swimwear",TRUE,Color,Olive Drab,Size,L,TWESSIE_AU_BB_0306-Olive Drab-L,168.0,,10
twessie-au-bb-0306,Structural Matte Ribbed Knit Bikini Bottom,"<p>Matte Ribbed Knit construction meets architectural precision in this bikini bottom. Designed for the intelligent, independent woman. The Burnt Terracotta colorway with Olive Drab accents creates a sophisticated palette. Pure rebellious yet refined elegance.</p>",Twessie,Bikini Bottom,"minimalist bikini bottom, minimalist luxury, Matte Ribbed Knit bikini, architectural swimsuit, luxury Burnt Terracotta swimwear",TRUE,Color,Olive Drab,Size,XL,TWESSIE_AU_BB_0306-Olive Drab-XL,168.0,,10
twessie-au-bb-0306,Structural Matte Ribbed Knit Bikini Bottom,"<p>Matte Ribbed Knit construction meets architectural precision in this bikini bottom. Designed for the intelligent, independent woman. The Burnt Terracotta colorway with Olive Drab accents creates a sophisticated palette. Pure rebellious yet refined elegance.</p>",Twessie,Bikini Bottom,"minimalist bikini bottom, minimalist luxury, Matte Ribbed Knit bikini, architectural swimsuit, luxury Burnt Terracotta swimwear",TRUE,Color,Olive Drab,Size,XXL,TWESSIE_AU_BB_0306-Olive Drab-XXL,168.0,,10
twessie-au-bt-0307,Architecture-Cut Burnt Terracotta Bikini Top,"<p>Matte Ribbed Knit construction meets architectural precision in this bikini top. Designed for the intelligent, independent woman. The Burnt Terracotta colorway with Olive Drab accents creates a sophisticated palette. Pure minimalist luxury elegance.</p>",Twessie,Bikini Top,"minimalist luxury, architectural swimsuit, independent fashion, minimalist bikini top, high-end swimwear",TRUE,Color,Burnt Terracotta,Size,XS,TWESSIE_AU_BT_0307-Burnt Terracotta-XS,168.0,,10
twessie-au-bt-0307,Architecture-Cut Burnt Terracotta Bikini Top,"<p>Matte Ribbed Knit construction meets architectural precision in this bikini top. Designed for the intelligent, independent woman. The Burnt Terracotta colorway with Olive Drab accents creates a sophisticated palette. Pure minimalist luxury elegance.</p>",Twessie,Bikini Top,"minimalist luxury, architectural swimsuit, independent fashion, minimalist bikini top, high-end swimwear",TRUE,Color,Burnt Terracotta,Size,S,TWESSIE_AU_BT_0307-Burnt Terracotta-S,168.0,,10
twessie-au-bt-0307,Architecture-Cut Burnt Terracotta Bikini Top,"<p>Matte Ribbed Knit construction meets architectural precision in this bikini top. Designed for the intelligent, independent woman. The Burnt Terracotta colorway with Olive Drab accents creates a sophisticated palette. Pure minimalist luxury elegance.</p>",Twessie,Bikini Top,"minimalist luxury, architectural swimsuit, independent fashion, minimalist bikini top, high-end swimwear",TRUE,Color,Burnt Terracotta,Size,M,TWESSIE_AU_BT_0307-Burnt Terracotta-M,168.0,,10
twessie-au-bt-0307,Architecture-Cut Burnt Terracotta Bikini Top,"<p>Matte Ribbed Knit construction meets architectural precision in this bikini top. Designed for the intelligent, independent woman. The Burnt Terracotta colorway with Olive Drab accents creates a sophisticated palette. Pure minimalist luxury elegance.</p>",Twessie,Bikini Top,"minimalist luxury, architectural swimsuit, independent fashion, minimalist bikini top, high-end swimwear",TRUE,Color,Burnt Terracotta,Size,L,TWESSIE_AU_BT_0307-Burnt Terracotta-L,168.0,,10
twessie-au-bt-0307,Architecture-Cut Burnt Terracotta Bikini Top,"<p>Matte Ribbed Knit construction meets architectural precision in this bikini top. Designed for the intelligent, independent woman. The Burnt Terracotta colorway with Olive Drab accents creates a sophisticated palette. Pure minimalist luxury elegance.</p>",Twessie,Bikini Top,"minimalist luxury, architectural swimsuit, independent fashion, minimalist bikini top, high-end swimwear",TRUE,Color,Burnt Terracotta,Size,XL,TWESSIE_AU_BT_0307-Burnt Terracotta-XL,168.0,,10
twessie-au-bt-0307,Architecture-Cut Burnt Terracotta Bikini Top,"<p>Matte Ribbed Knit construction meets architectural precision in this bikini top. Designed for the intelligent, independent woman. The Burnt Terracotta colorway with Olive Drab accents creates a sophisticated palette. Pure minimalist luxury elegance.</p>",Twessie,Bikini Top,"minimalist luxury, architectural swimsuit, independent fashion, minimalist bikini top, high-end swimwear",TRUE,Color,Burnt Terracotta,Size,XXL,TWESSIE_AU_BT_0307-Burnt Terracotta-XXL,168.0,,10
twessie-au-bt-0307,Architecture-Cut Burnt Terracotta Bikini Top,"<p>Matte Ribbed Knit construction meets architectural precision in this bikini top. Designed for the intelligent, independent woman. The Burnt Terracotta colorway with Olive Drab accents creates a sophisticated palette. Pure minimalist luxury elegance.</p>",Twessie,Bikini Top,"minimalist luxury, architectural swimsuit, independent fashion, minimalist bikini top, high-end swimwear",TRUE,Color,Olive Drab,Size,XS,TWESSIE_AU_BT_0307-Olive Drab-XS,168.0,,10
twessie-au-bt-0307,Architecture-Cut Burnt Terracotta Bikini Top,"<p>Matte Ribbed Knit construction meets architectural precision in this bikini top. Designed for the intelligent, independent woman. The Burnt Terracotta colorway with Olive Drab accents creates a sophisticated palette. Pure minimalist luxury elegance.</p>",Twessie,Bikini Top,"minimalist luxury, architectural swimsuit, independent fashion, minimalist bikini top, high-end swimwear",TRUE,Color,Olive Drab,Size,S,TWESSIE_AU_BT_0307-Olive Drab-S,168.0,,10
twessie-au-bt-0307,Architecture-Cut Burnt Terracotta Bikini Top,"<p>Matte Ribbed Knit construction meets architectural precision in this bikini top. Designed for the intelligent, independent woman. The Burnt Terracotta colorway with Olive Drab accents creates a sophisticated palette. Pure minimalist luxury elegance.</p>",Twessie,Bikini Top,"minimalist luxury, architectural swimsuit, independent fashion, minimalist bikini top, high-end swimwear",TRUE,Color,Olive Drab,Size,M,TWESSIE_AU_BT_0307-Olive Drab-M,168.0,,10
twessie-au-bt-0307,Architecture-Cut Burnt Terracotta Bikini Top,"<p>Matte Ribbed Knit construction meets architectural precision in this bikini top. Designed for the intelligent, independent woman. The Burnt Terracotta colorway with Olive Drab accents creates a sophisticated palette. Pure minimalist luxury elegance.</p>",Twessie,Bikini Top,"minimalist luxury, architectural swimsuit, independent fashion, minimalist bikini top, high-end swimwear",TRUE,Color,Olive Drab,Size,L,TWESSIE_AU_BT_0307-Olive Drab-L,168.0,,10
twessie-au-bt-0307,Architecture-Cut Burnt Terracotta Bikini Top,"<p>Matte Ribbed Knit construction meets architectural precision in this bikini top. Designed for the intelligent, independent woman. The Burnt Terracotta colorway with Olive Drab accents creates a sophisticated palette. Pure minimalist luxury elegance.</p>",Twessie,Bikini Top,"minimalist luxury, architectural swimsuit, independent fashion, minimalist bikini top, high-end swimwear",TRUE,Color,Olive Drab,Size,XL,TWESSIE_AU_BT_0307-Olive Drab-XL,168.0,,10
twessie-au-bt-0307,Architecture-Cut Burnt Terracotta Bikini Top,"<p>Matte Ribbed Knit construction meets architectural precision in this bikini top. Designed for the intelligent, independent woman. The Burnt Terracotta colorway with Olive Drab accents creates a sophisticated palette. Pure minimalist luxury elegance.</p>",Twessie,Bikini Top,"minimalist luxury, architectural swimsuit, independent fashion, minimalist bikini top, high-end swimwear",TRUE,Color,Olive Drab,Size,XXL,TWESSIE_AU_BT_0307-Olive Drab-XXL,168.0,,10
twessie-au-bt-0308,Minimalist Stone Gray Textured Bikini Top,"<p>Crinkled Seersucker construction meets architectural precision in this bikini top. Designed for the intelligent, independent woman. The Stone Gray colorway with Chalk White accents creates a sophisticated palette. Pure architectural elegance elegance.</p>",Twessie,Bikini Top,"independent fashion, minimalist bikini top, luxury Stone Gray swimwear, architectural swimsuit, high-end swimwear",TRUE,Color,Stone Gray,Size,XS,TWESSIE_AU_BT_0308-Stone Gray-XS,168.0,,10
twessie-au-bt-0308,Minimalist Stone Gray Textured Bikini Top,"<p>Crinkled Seersucker construction meets architectural precision in this bikini top. Designed for the intelligent, independent woman. The Stone Gray colorway with Chalk White accents creates a sophisticated palette. Pure architectural elegance elegance.</p>",Twessie,Bikini Top,"independent fashion, minimalist bikini top, luxury Stone Gray swimwear, architectural swimsuit, high-end swimwear",TRUE,Color,Stone Gray,Size,S,TWESSIE_AU_BT_0308-Stone Gray-S,168.0,,10
twessie-au-bt-0308,Minimalist Stone Gray Textured Bikini Top,"<p>Crinkled Seersucker construction meets architectural precision in this bikini top. Designed for the intelligent, independent woman. The Stone Gray colorway with Chalk White accents creates a sophisticated palette. Pure architectural elegance elegance.</p>",Twessie,Bikini Top,"independent fashion, minimalist bikini top, luxury Stone Gray swimwear, architectural swimsuit, high-end swimwear",TRUE,Color,Stone Gray,Size,M,TWESSIE_AU_BT_0308-Stone Gray-M,168.0,,10
twessie-au-bt-0308,Minimalist Stone Gray Textured Bikini Top,"<p>Crinkled Seersucker construction meets architectural precision in this bikini top. Designed for the intelligent, independent woman. The Stone Gray colorway with Chalk White accents creates a sophisticated palette. Pure architectural elegance elegance.</p>",Twessie,Bikini Top,"independent fashion, minimalist bikini top, luxury Stone Gray swimwear, architectural swimsuit, high-end swimwear",TRUE,Color,Stone Gray,Size,L,TWESSIE_AU_BT_0308-Stone Gray-L,168.0,,10
twessie-au-bt-0308,Minimalist Stone Gray Textured Bikini Top,"<p>Crinkled Seersucker construction meets architectural precision in this bikini top. Designed for the intelligent, independent woman. The Stone Gray colorway with Chalk White accents creates a sophisticated palette. Pure architectural elegance elegance.</p>",Twessie,Bikini Top,"independent fashion, minimalist bikini top, luxury Stone Gray swimwear, architectural swimsuit, high-end swimwear",TRUE,Color,Stone Gray,Size,XL,TWESSIE_AU_BT_0308-Stone Gray-XL,168.0,,10
twessie-au-bt-0308,Minimalist Stone Gray Textured Bikini Top,"<p>Crinkled Seersucker construction meets architectural precision in this bikini top. Designed for the intelligent, independent woman. The Stone Gray colorway with Chalk White accents creates a sophisticated palette. Pure architectural elegance elegance.</p>",Twessie,Bikini Top,"independent fashion, minimalist bikini top, luxury Stone Gray swimwear, architectural swimsuit, high-end swimwear",TRUE,Color,Stone Gray,Size,XXL,TWESSIE_AU_BT_0308-Stone Gray-XXL,168.0,,10
twessie-au-bt-0308,Minimalist Stone Gray Textured Bikini Top,"<p>Crinkled Seersucker construction meets architectural precision in this bikini top. Designed for the intelligent, independent woman. The Stone Gray colorway with Chalk White accents creates a sophisticated palette. Pure architectural elegance elegance.</p>",Twessie,Bikini Top,"independent fashion, minimalist bikini top, luxury Stone Gray swimwear, architectural swimsuit, high-end swimwear",TRUE,Color,Chalk White,Size,XS,TWESSIE_AU_BT_0308-Chalk White-XS,168.0,,10
twessie-au-bt-0308,Minimalist Stone Gray Textured Bikini Top,"<p>Crinkled Seersucker construction meets architectural precision in this bikini top. Designed for the intelligent, independent woman. The Stone Gray colorway with Chalk White accents creates a sophisticated palette. Pure architectural elegance elegance.</p>",Twessie,Bikini Top,"independent fashion, minimalist bikini top, luxury Stone Gray swimwear, architectural swimsuit, high-end swimwear",TRUE,Color,Chalk White,Size,S,TWESSIE_AU_BT_0308-Chalk White-S,168.0,,10
twessie-au-bt-0308,Minimalist Stone Gray Textured Bikini Top,"<p>Crinkled Seersucker construction meets architectural precision in this bikini top. Designed for the intelligent, independent woman. The Stone Gray colorway with Chalk White accents creates a sophisticated palette. Pure architectural elegance elegance.</p>",Twessie,Bikini Top,"independent fashion, minimalist bikini top, luxury Stone Gray swimwear, architectural swimsuit, high-end swimwear",TRUE,Color,Chalk White,Size,M,TWESSIE_AU_BT_0308-Chalk White-M,168.0,,10
twessie-au-bt-0308,Minimalist Stone Gray Textured Bikini Top,"<p>Crinkled Seersucker construction meets architectural precision in this bikini top. Designed for the intelligent, independent woman. The Stone Gray colorway with Chalk White accents creates a sophisticated palette. Pure architectural elegance elegance.</p>",Twessie,Bikini Top,"independent fashion, minimalist bikini top, luxury Stone Gray swimwear, architectural swimsuit, high-end swimwear",TRUE,Color,Chalk White,Size,L,TWESSIE_AU_BT_0308-Chalk White-L,168.0,,10
twessie-au-bt-0308,Minimalist Stone Gray Textured Bikini Top,"<p>Crinkled Seersucker construction meets architectural precision in this bikini top. Designed for the intelligent, independent woman. The Stone Gray colorway with Chalk White accents creates a sophisticated palette. Pure architectural elegance elegance.</p>",Twessie,Bikini Top,"independent fashion, minimalist bikini top, luxury Stone Gray swimwear, architectural swimsuit, high-end swimwear",TRUE,Color,Chalk White,Size,XL,TWESSIE_AU_BT_0308-Chalk White-XL,168.0,,10
twessie-au-bt-0308,Minimalist Stone Gray Textured Bikini Top,"<p>Crinkled Seersucker construction meets architectural precision in this bikini top. Designed for the intelligent, independent woman. The Stone Gray colorway with Chalk White accents creates a sophisticated palette. Pure architectural elegance elegance.</p>",Twessie,Bikini Top,"independent fashion, minimalist bikini top, luxury Stone Gray swimwear, architectural swimsuit, high-end swimwear",TRUE,Color,Chalk White,Size,XXL,TWESSIE_AU_BT_0308-Chalk White-XXL,168.0,,10
twessie-au-bb-0309,High-Cut Stone Gray Bikini Brief,"<p>Crinkled Seersucker construction meets architectural precision in this bikini bottom. Designed for the intelligent, independent woman. The Stone Gray colorway with Chalk White accents creates a sophisticated palette. Pure architectural elegance elegance.</p>",Twessie,Bikini Bottom,"minimalist bikini bottom, architectural swimsuit, minimalist luxury, luxury Stone Gray swimwear, independent fashion",TRUE,Color,Stone Gray,Size,XS,TWESSIE_AU_BB_0309-Stone Gray-XS,168.0,,10
twessie-au-bb-0309,High-Cut Stone Gray Bikini Brief,"<p>Crinkled Seersucker construction meets architectural precision in this bikini bottom. Designed for the intelligent, independent woman. The Stone Gray colorway with Chalk White accents creates a sophisticated palette. Pure architectural elegance elegance.</p>",Twessie,Bikini Bottom,"minimalist bikini bottom, architectural swimsuit, minimalist luxury, luxury Stone Gray swimwear, independent fashion",TRUE,Color,Stone Gray,Size,S,TWESSIE_AU_BB_0309-Stone Gray-S,168.0,,10
twessie-au-bb-0309,High-Cut Stone Gray Bikini Brief,"<p>Crinkled Seersucker construction meets architectural precision in this bikini bottom. Designed for the intelligent, independent woman. The Stone Gray colorway with Chalk White accents creates a sophisticated palette. Pure architectural elegance elegance.</p>",Twessie,Bikini Bottom,"minimalist bikini bottom, architectural swimsuit, minimalist luxury, luxury Stone Gray swimwear, independent fashion",TRUE,Color,Stone Gray,Size,M,TWESSIE_AU_BB_0309-Stone Gray-M,168.0,,10
twessie-au-bb-0309,High-Cut Stone Gray Bikini Brief,"<p>Crinkled Seersucker construction meets architectural precision in this bikini bottom. Designed for the intelligent, independent woman. The Stone Gray colorway with Chalk White accents creates a sophisticated palette. Pure architectural elegance elegance.</p>",Twessie,Bikini Bottom,"minimalist bikini bottom, architectural swimsuit, minimalist luxury, luxury Stone Gray swimwear, independent fashion",TRUE,Color,Stone Gray,Size,L,TWESSIE_AU_BB_0309-Stone Gray-L,168.0,,10
twessie-au-bb-0309,High-Cut Stone Gray Bikini Brief,"<p>Crinkled Seersucker construction meets architectural precision in this bikini bottom. Designed for the intelligent, independent woman. The Stone Gray colorway with Chalk White accents creates a sophisticated palette. Pure architectural elegance elegance.</p>",Twessie,Bikini Bottom,"minimalist bikini bottom, architectural swimsuit, minimalist luxury, luxury Stone Gray swimwear, independent fashion",TRUE,Color,Stone Gray,Size,XL,TWESSIE_AU_BB_0309-Stone Gray-XL,168.0,,10
twessie-au-bb-0309,High-Cut Stone Gray Bikini Brief,"<p>Crinkled Seersucker construction meets architectural precision in this bikini bottom. Designed for the intelligent, independent woman. The Stone Gray colorway with Chalk White accents creates a sophisticated palette. Pure architectural elegance elegance.</p>",Twessie,Bikini Bottom,"minimalist bikini bottom, architectural swimsuit, minimalist luxury, luxury Stone Gray swimwear, independent fashion",TRUE,Color,Stone Gray,Size,XXL,TWESSIE_AU_BB_0309-Stone Gray-XXL,168.0,,10
twessie-au-bb-0309,High-Cut Stone Gray Bikini Brief,"<p>Crinkled Seersucker construction meets architectural precision in this bikini bottom. Designed for the intelligent, independent woman. The Stone Gray colorway with Chalk White accents creates a sophisticated palette. Pure architectural elegance elegance.</p>",Twessie,Bikini Bottom,"minimalist bikini bottom, architectural swimsuit, minimalist luxury, luxury Stone Gray swimwear, independent fashion",TRUE,Color,Chalk White,Size,XS,TWESSIE_AU_BB_0309-Chalk White-XS,168.0,,10
twessie-au-bb-0309,High-Cut Stone Gray Bikini Brief,"<p>Crinkled Seersucker construction meets architectural precision in this bikini bottom. Designed for the intelligent, independent woman. The Stone Gray colorway with Chalk White accents creates a sophisticated palette. Pure architectural elegance elegance.</p>",Twessie,Bikini Bottom,"minimalist bikini bottom, architectural swimsuit, minimalist luxury, luxury Stone Gray swimwear, independent fashion",TRUE,Color,Chalk White,Size,S,TWESSIE_AU_BB_0309-Chalk White-S,168.0,,10
twessie-au-bb-0309,High-Cut Stone Gray Bikini Brief,"<p>Crinkled Seersucker construction meets architectural precision in this bikini bottom. Designed for the intelligent, independent woman. The Stone Gray colorway with Chalk White accents creates a sophisticated palette. Pure architectural elegance elegance.</p>",Twessie,Bikini Bottom,"minimalist bikini bottom, architectural swimsuit, minimalist luxury, luxury Stone Gray swimwear, independent fashion",TRUE,Color,Chalk White,Size,M,TWESSIE_AU_BB_0309-Chalk White-M,168.0,,10
twessie-au-bb-0309,High-Cut Stone Gray Bikini Brief,"<p>Crinkled Seersucker construction meets architectural precision in this bikini bottom. Designed for the intelligent, independent woman. The Stone Gray colorway with Chalk White accents creates a sophisticated palette. Pure architectural elegance elegance.</p>",Twessie,Bikini Bottom,"minimalist bikini bottom, architectural swimsuit, minimalist luxury, luxury Stone Gray swimwear, independent fashion",TRUE,Color,Chalk White,Size,L,TWESSIE_AU_BB_0309-Chalk White-L,168.0,,10
twessie-au-bb-0309,High-Cut Stone Gray Bikini Brief,"<p>Crinkled Seersucker construction meets architectural precision in this bikini bottom. Designed for the intelligent, independent woman. The Stone Gray colorway with Chalk White accents creates a sophisticated palette. Pure architectural elegance elegance.</p>",Twessie,Bikini Bottom,"minimalist bikini bottom, architectural swimsuit, minimalist luxury, luxury Stone Gray swimwear, independent fashion",TRUE,Color,Chalk White,Size,XL,TWESSIE_AU_BB_0309-Chalk White-XL,168.0,,10
twessie-au-bb-0309,High-Cut Stone Gray Bikini Brief,"<p>Crinkled Seersucker construction meets architectural precision in this bikini bottom. Designed for the intelligent, independent woman. The Stone Gray colorway with Chalk White accents creates a sophisticated palette. Pure architectural elegance elegance.</p>",Twessie,Bikini Bottom,"minimalist bikini bottom, architectural swimsuit, minimalist luxury, luxury Stone Gray swimwear, independent fashion",TRUE,Color,Chalk White,Size,XXL,TWESSIE_AU_BB_0309-Chalk White-XXL,168.0,,10
twessie-na-bt-0310,Architecture-Cut Obsidian Black Bikini Top,"<p>Econyl Sleek Satin construction meets architectural precision in this bikini top. Designed for the intelligent, independent woman. The Obsidian Black colorway with Stone Gray accents creates a sophisticated palette. Pure minimalist luxury elegance.</p>",Twessie,Bikini Top,"minimalist luxury, Econyl Sleek Satin bikini, high-end swimwear, independent fashion, minimalist bikini top",TRUE,Color,Obsidian Black,Size,XS,TWESSIE_NA_BT_0310-Obsidian Black-XS,168.0,,10
twessie-na-bt-0310,Architecture-Cut Obsidian Black Bikini Top,"<p>Econyl Sleek Satin construction meets architectural precision in this bikini top. Designed for the intelligent, independent woman. The Obsidian Black colorway with Stone Gray accents creates a sophisticated palette. Pure minimalist luxury elegance.</p>",Twessie,Bikini Top,"minimalist luxury, Econyl Sleek Satin bikini, high-end swimwear, independent fashion, minimalist bikini top",TRUE,Color,Obsidian Black,Size,S,TWESSIE_NA_BT_0310-Obsidian Black-S,168.0,,10
twessie-na-bt-0310,Architecture-Cut Obsidian Black Bikini Top,"<p>Econyl Sleek Satin construction meets architectural precision in this bikini top. Designed for the intelligent, independent woman. The Obsidian Black colorway with Stone Gray accents creates a sophisticated palette. Pure minimalist luxury elegance.</p>",Twessie,Bikini Top,"minimalist luxury, Econyl Sleek Satin bikini, high-end swimwear, independent fashion, minimalist bikini top",TRUE,Color,Obsidian Black,Size,M,TWESSIE_NA_BT_0310-Obsidian Black-M,168.0,,10
twessie-na-bt-0310,Architecture-Cut Obsidian Black Bikini Top,"<p>Econyl Sleek Satin construction meets architectural precision in this bikini top. Designed for the intelligent, independent woman. The Obsidian Black colorway with Stone Gray accents creates a sophisticated palette. Pure minimalist luxury elegance.</p>",Twessie,Bikini Top,"minimalist luxury, Econyl Sleek Satin bikini, high-end swimwear, independent fashion, minimalist bikini top",TRUE,Color,Obsidian Black,Size,L,TWESSIE_NA_BT_0310-Obsidian Black-L,168.0,,10
twessie-na-bt-0310,Architecture-Cut Obsidian Black Bikini Top,"<p>Econyl Sleek Satin construction meets architectural precision in this bikini top. Designed for the intelligent, independent woman. The Obsidian Black colorway with Stone Gray accents creates a sophisticated palette. Pure minimalist luxury elegance.</p>",Twessie,Bikini Top,"minimalist luxury, Econyl Sleek Satin bikini, high-end swimwear, independent fashion, minimalist bikini top",TRUE,Color,Obsidian Black,Size,XL,TWESSIE_NA_BT_0310-Obsidian Black-XL,168.0,,10
twessie-na-bt-0310,Architecture-Cut Obsidian Black Bikini Top,"<p>Econyl Sleek Satin construction meets architectural precision in this bikini top. Designed for the intelligent, independent woman. The Obsidian Black colorway with Stone Gray accents creates a sophisticated palette. Pure minimalist luxury elegance.</p>",Twessie,Bikini Top,"minimalist luxury, Econyl Sleek Satin bikini, high-end swimwear, independent fashion, minimalist bikini top",TRUE,Color,Obsidian Black,Size,XXL,TWESSIE_NA_BT_0310-Obsidian Black-XXL,168.0,,10
twessie-na-bt-0310,Architecture-Cut Obsidian Black Bikini Top,"<p>Econyl Sleek Satin construction meets architectural precision in this bikini top. Designed for the intelligent, independent woman. The Obsidian Black colorway with Stone Gray accents creates a sophisticated palette. Pure minimalist luxury elegance.</p>",Twessie,Bikini Top,"minimalist luxury, Econyl Sleek Satin bikini, high-end swimwear, independent fashion, minimalist bikini top",TRUE,Color,Stone Gray,Size,XS,TWESSIE_NA_BT_0310-Stone Gray-XS,168.0,,10
twessie-na-bt-0310,Architecture-Cut Obsidian Black Bikini Top,"<p>Econyl Sleek Satin construction meets architectural precision in this bikini top. Designed for the intelligent, independent woman. The Obsidian Black colorway with Stone Gray accents creates a sophisticated palette. Pure minimalist luxury elegance.</p>",Twessie,Bikini Top,"minimalist luxury, Econyl Sleek Satin bikini, high-end swimwear, independent fashion, minimalist bikini top",TRUE,Color,Stone Gray,Size,S,TWESSIE_NA_BT_0310-Stone Gray-S,168.0,,10
twessie-na-bt-0310,Architecture-Cut Obsidian Black Bikini Top,"<p>Econyl Sleek Satin construction meets architectural precision in this bikini top. Designed for the intelligent, independent woman. The Obsidian Black colorway with Stone Gray accents creates a sophisticated palette. Pure minimalist luxury elegance.</p>",Twessie,Bikini Top,"minimalist luxury, Econyl Sleek Satin bikini, high-end swimwear, independent fashion, minimalist bikini top",TRUE,Color,Stone Gray,Size,M,TWESSIE_NA_BT_0310-Stone Gray-M,168.0,,10
twessie-na-bt-0310,Architecture-Cut Obsidian Black Bikini Top,"<p>Econyl Sleek Satin construction meets architectural precision in this bikini top. Designed for the intelligent, independent woman. The Obsidian Black colorway with Stone Gray accents creates a sophisticated palette. Pure minimalist luxury elegance.</p>",Twessie,Bikini Top,"minimalist luxury, Econyl Sleek Satin bikini, high-end swimwear, independent fashion, minimalist bikini top",TRUE,Color,Stone Gray,Size,L,TWESSIE_NA_BT_0310-Stone Gray-L,168.0,,10
twessie-na-bt-0310,Architecture-Cut Obsidian Black Bikini Top,"<p>Econyl Sleek Satin construction meets architectural precision in this bikini top. Designed for the intelligent, independent woman. The Obsidian Black colorway with Stone Gray accents creates a sophisticated palette. Pure minimalist luxury elegance.</p>",Twessie,Bikini Top,"minimalist luxury, Econyl Sleek Satin bikini, high-end swimwear, independent fashion, minimalist bikini top",TRUE,Color,Stone Gray,Size,XL,TWESSIE_NA_BT_0310-Stone Gray-XL,168.0,,10
twessie-na-bt-0310,Architecture-Cut Obsidian Black Bikini Top,"<p>Econyl Sleek Satin construction meets architectural precision in this bikini top. Designed for the intelligent, independent woman. The Obsidian Black colorway with Stone Gray accents creates a sophisticated palette. Pure minimalist luxury elegance.</p>",Twessie,Bikini Top,"minimalist luxury, Econyl Sleek Satin bikini, high-end swimwear, independent fashion, minimalist bikini top",TRUE,Color,Stone Gray,Size,XXL,TWESSIE_NA_BT_0310-Stone Gray-XXL,168.0,,10
twessie-eu-bt-0401,Minimalist Chalk White Textured Bikini Top,<p>Crafted in premium Crinkled Seersucker with Econyl Sleek Satin accents. This bikini top epitomizes rebellious yet refined luxury. Featuring color-blocking in Chalk White and Stone Gray. Perfect for the discerning swimmer who refuses the obvious.</p>,Twessie,Bikini Top,"Crinkled Seersucker bikini, minimalist luxury, minimalist bikini top, high-end swimwear, luxury Chalk White swimwear",TRUE,Color,Chalk White,Size,XS,TWESSIE_EU_BT_0401-Chalk White-XS,168.0,,10
twessie-eu-bt-0401,Minimalist Chalk White Textured Bikini Top,<p>Crafted in premium Crinkled Seersucker with Econyl Sleek Satin accents. This bikini top epitomizes rebellious yet refined luxury. Featuring color-blocking in Chalk White and Stone Gray. Perfect for the discerning swimmer who refuses the obvious.</p>,Twessie,Bikini Top,"Crinkled Seersucker bikini, minimalist luxury, minimalist bikini top, high-end swimwear, luxury Chalk White swimwear",TRUE,Color,Chalk White,Size,S,TWESSIE_EU_BT_0401-Chalk White-S,168.0,,10
twessie-eu-bt-0401,Minimalist Chalk White Textured Bikini Top,<p>Crafted in premium Crinkled Seersucker with Econyl Sleek Satin accents. This bikini top epitomizes rebellious yet refined luxury. Featuring color-blocking in Chalk White and Stone Gray. Perfect for the discerning swimmer who refuses the obvious.</p>,Twessie,Bikini Top,"Crinkled Seersucker bikini, minimalist luxury, minimalist bikini top, high-end swimwear, luxury Chalk White swimwear",TRUE,Color,Chalk White,Size,M,TWESSIE_EU_BT_0401-Chalk White-M,168.0,,10
twessie-eu-bt-0401,Minimalist Chalk White Textured Bikini Top,<p>Crafted in premium Crinkled Seersucker with Econyl Sleek Satin accents. This bikini top epitomizes rebellious yet refined luxury. Featuring color-blocking in Chalk White and Stone Gray. Perfect for the discerning swimmer who refuses the obvious.</p>,Twessie,Bikini Top,"Crinkled Seersucker bikini, minimalist luxury, minimalist bikini top, high-end swimwear, luxury Chalk White swimwear",TRUE,Color,Chalk White,Size,L,TWESSIE_EU_BT_0401-Chalk White-L,168.0,,10
twessie-eu-bt-0401,Minimalist Chalk White Textured Bikini Top,<p>Crafted in premium Crinkled Seersucker with Econyl Sleek Satin accents. This bikini top epitomizes rebellious yet refined luxury. Featuring color-blocking in Chalk White and Stone Gray. Perfect for the discerning swimmer who refuses the obvious.</p>,Twessie,Bikini Top,"Crinkled Seersucker bikini, minimalist luxury, minimalist bikini top, high-end swimwear, luxury Chalk White swimwear",TRUE,Color,Chalk White,Size,XL,TWESSIE_EU_BT_0401-Chalk White-XL,168.0,,10
twessie-eu-bt-0401,Minimalist Chalk White Textured Bikini Top,<p>Crafted in premium Crinkled Seersucker with Econyl Sleek Satin accents. This bikini top epitomizes rebellious yet refined luxury. Featuring color-blocking in Chalk White and Stone Gray. Perfect for the discerning swimmer who refuses the obvious.</p>,Twessie,Bikini Top,"Crinkled Seersucker bikini, minimalist luxury, minimalist bikini top, high-end swimwear, luxury Chalk White swimwear",TRUE,Color,Chalk White,Size,XXL,TWESSIE_EU_BT_0401-Chalk White-XXL,168.0,,10
twessie-eu-bt-0401,Minimalist Chalk White Textured Bikini Top,<p>Crafted in premium Crinkled Seersucker with Econyl Sleek Satin accents. This bikini top epitomizes rebellious yet refined luxury. Featuring color-blocking in Chalk White and Stone Gray. Perfect for the discerning swimmer who refuses the obvious.</p>,Twessie,Bikini Top,"Crinkled Seersucker bikini, minimalist luxury, minimalist bikini top, high-end swimwear, luxury Chalk White swimwear",TRUE,Color,Stone Gray,Size,XS,TWESSIE_EU_BT_0401-Stone Gray-XS,168.0,,10
twessie-eu-bt-0401,Minimalist Chalk White Textured Bikini Top,<p>Crafted in premium Crinkled Seersucker with Econyl Sleek Satin accents. This bikini top epitomizes rebellious yet refined luxury. Featuring color-blocking in Chalk White and Stone Gray. Perfect for the discerning swimmer who refuses the obvious.</p>,Twessie,Bikini Top,"Crinkled Seersucker bikini, minimalist luxury, minimalist bikini top, high-end swimwear, luxury Chalk White swimwear",TRUE,Color,Stone Gray,Size,S,TWESSIE_EU_BT_0401-Stone Gray-S,168.0,,10
twessie-eu-bt-0401,Minimalist Chalk White Textured Bikini Top,<p>Crafted in premium Crinkled Seersucker with Econyl Sleek Satin accents. This bikini top epitomizes rebellious yet refined luxury. Featuring color-blocking in Chalk White and Stone Gray. Perfect for the discerning swimmer who refuses the obvious.</p>,Twessie,Bikini Top,"Crinkled Seersucker bikini, minimalist luxury, minimalist bikini top, high-end swimwear, luxury Chalk White swimwear",TRUE,Color,Stone Gray,Size,M,TWESSIE_EU_BT_0401-Stone Gray-M,168.0,,10
twessie-eu-bt-0401,Minimalist Chalk White Textured Bikini Top,<p>Crafted in premium Crinkled Seersucker with Econyl Sleek Satin accents. This bikini top epitomizes rebellious yet refined luxury. Featuring color-blocking in Chalk White and Stone Gray. Perfect for the discerning swimmer who refuses the obvious.</p>,Twessie,Bikini Top,"Crinkled Seersucker bikini, minimalist luxury, minimalist bikini top, high-end swimwear, luxury Chalk White swimwear",TRUE,Color,Stone Gray,Size,L,TWESSIE_EU_BT_0401-Stone Gray-L,168.0,,10
twessie-eu-bt-0401,Minimalist Chalk White Textured Bikini Top,<p>Crafted in premium Crinkled Seersucker with Econyl Sleek Satin accents. This bikini top epitomizes rebellious yet refined luxury. Featuring color-blocking in Chalk White and Stone Gray. Perfect for the discerning swimmer who refuses the obvious.</p>,Twessie,Bikini Top,"Crinkled Seersucker bikini, minimalist luxury, minimalist bikini top, high-end swimwear, luxury Chalk White swimwear",TRUE,Color,Stone Gray,Size,XL,TWESSIE_EU_BT_0401-Stone Gray-XL,168.0,,10
twessie-eu-bt-0401,Minimalist Chalk White Textured Bikini Top,<p>Crafted in premium Crinkled Seersucker with Econyl Sleek Satin accents. This bikini top epitomizes rebellious yet refined luxury. Featuring color-blocking in Chalk White and Stone Gray. Perfect for the discerning swimmer who refuses the obvious.</p>,Twessie,Bikini Top,"Crinkled Seersucker bikini, minimalist luxury, minimalist bikini top, high-end swimwear, luxury Chalk White swimwear",TRUE,Color,Stone Gray,Size,XXL,TWESSIE_EU_BT_0401-Stone Gray-XXL,168.0,,10
twessie-eu-bb-0402,Structural Econyl Sleek Satin Bikini Bottom,<p>Crafted in premium Econyl Sleek Satin with Matte Ribbed Knit accents. This bikini bottom epitomizes rebellious yet refined luxury. Featuring color-blocking in Obsidian Black and Olive Drab. Perfect for the discerning swimmer who refuses the obvious.</p>,Twessie,Bikini Bottom,"architectural swimsuit, luxury Obsidian Black swimwear, minimalist luxury, minimalist bikini bottom, Econyl Sleek Satin bikini",TRUE,Color,Obsidian Black,Size,XS,TWESSIE_EU_BB_0402-Obsidian Black-XS,168.0,,10
twessie-eu-bb-0402,Structural Econyl Sleek Satin Bikini Bottom,<p>Crafted in premium Econyl Sleek Satin with Matte Ribbed Knit accents. This bikini bottom epitomizes rebellious yet refined luxury. Featuring color-blocking in Obsidian Black and Olive Drab. Perfect for the discerning swimmer who refuses the obvious.</p>,Twessie,Bikini Bottom,"architectural swimsuit, luxury Obsidian Black swimwear, minimalist luxury, minimalist bikini bottom, Econyl Sleek Satin bikini",TRUE,Color,Obsidian Black,Size,S,TWESSIE_EU_BB_0402-Obsidian Black-S,168.0,,10
twessie-eu-bb-0402,Structural Econyl Sleek Satin Bikini Bottom,<p>Crafted in premium Econyl Sleek Satin with Matte Ribbed Knit accents. This bikini bottom epitomizes rebellious yet refined luxury. Featuring color-blocking in Obsidian Black and Olive Drab. Perfect for the discerning swimmer who refuses the obvious.</p>,Twessie,Bikini Bottom,"architectural swimsuit, luxury Obsidian Black swimwear, minimalist luxury, minimalist bikini bottom, Econyl Sleek Satin bikini",TRUE,Color,Obsidian Black,Size,M,TWESSIE_EU_BB_0402-Obsidian Black-M,168.0,,10
twessie-eu-bb-0402,Structural Econyl Sleek Satin Bikini Bottom,<p>Crafted in premium Econyl Sleek Satin with Matte Ribbed Knit accents. This bikini bottom epitomizes rebellious yet refined luxury. Featuring color-blocking in Obsidian Black and Olive Drab. Perfect for the discerning swimmer who refuses the obvious.</p>,Twessie,Bikini Bottom,"architectural swimsuit, luxury Obsidian Black swimwear, minimalist luxury, minimalist bikini bottom, Econyl Sleek Satin bikini",TRUE,Color,Obsidian Black,Size,L,TWESSIE_EU_BB_0402-Obsidian Black-L,168.0,,10
twessie-eu-bb-0402,Structural Econyl Sleek Satin Bikini Bottom,<p>Crafted in premium Econyl Sleek Satin with Matte Ribbed Knit accents. This bikini bottom epitomizes rebellious yet refined luxury. Featuring color-blocking in Obsidian Black and Olive Drab. Perfect for the discerning swimmer who refuses the obvious.</p>,Twessie,Bikini Bottom,"architectural swimsuit, luxury Obsidian Black swimwear, minimalist luxury, minimalist bikini bottom, Econyl Sleek Satin bikini",TRUE,Color,Obsidian Black,Size,XL,TWESSIE_EU_BB_0402-Obsidian Black-XL,168.0,,10
twessie-eu-bb-0402,Structural Econyl Sleek Satin Bikini Bottom,<p>Crafted in premium Econyl Sleek Satin with Matte Ribbed Knit accents. This bikini bottom epitomizes rebellious yet refined luxury. Featuring color-blocking in Obsidian Black and Olive Drab. Perfect for the discerning swimmer who refuses the obvious.</p>,Twessie,Bikini Bottom,"architectural swimsuit, luxury Obsidian Black swimwear, minimalist luxury, minimalist bikini bottom, Econyl Sleek Satin bikini",TRUE,Color,Obsidian Black,Size,XXL,TWESSIE_EU_BB_0402-Obsidian Black-XXL,168.0,,10
twessie-eu-bb-0402,Structural Econyl Sleek Satin Bikini Bottom,<p>Crafted in premium Econyl Sleek Satin with Matte Ribbed Knit accents. This bikini bottom epitomizes rebellious yet refined luxury. Featuring color-blocking in Obsidian Black and Olive Drab. Perfect for the discerning swimmer who refuses the obvious.</p>,Twessie,Bikini Bottom,"architectural swimsuit, luxury Obsidian Black swimwear, minimalist luxury, minimalist bikini bottom, Econyl Sleek Satin bikini",TRUE,Color,Olive Drab,Size,XS,TWESSIE_EU_BB_0402-Olive Drab-XS,168.0,,10
twessie-eu-bb-0402,Structural Econyl Sleek Satin Bikini Bottom,<p>Crafted in premium Econyl Sleek Satin with Matte Ribbed Knit accents. This bikini bottom epitomizes rebellious yet refined luxury. Featuring color-blocking in Obsidian Black and Olive Drab. Perfect for the discerning swimmer who refuses the obvious.</p>,Twessie,Bikini Bottom,"architectural swimsuit, luxury Obsidian Black swimwear, minimalist luxury, minimalist bikini bottom, Econyl Sleek Satin bikini",TRUE,Color,Olive Drab,Size,S,TWESSIE_EU_BB_0402-Olive Drab-S,168.0,,10
twessie-eu-bb-0402,Structural Econyl Sleek Satin Bikini Bottom,<p>Crafted in premium Econyl Sleek Satin with Matte Ribbed Knit accents. This bikini bottom epitomizes rebellious yet refined luxury. Featuring color-blocking in Obsidian Black and Olive Drab. Perfect for the discerning swimmer who refuses the obvious.</p>,Twessie,Bikini Bottom,"architectural swimsuit, luxury Obsidian Black swimwear, minimalist luxury, minimalist bikini bottom, Econyl Sleek Satin bikini",TRUE,Color,Olive Drab,Size,M,TWESSIE_EU_BB_0402-Olive Drab-M,168.0,,10
twessie-eu-bb-0402,Structural Econyl Sleek Satin Bikini Bottom,<p>Crafted in premium Econyl Sleek Satin with Matte Ribbed Knit accents. This bikini bottom epitomizes rebellious yet refined luxury. Featuring color-blocking in Obsidian Black and Olive Drab. Perfect for the discerning swimmer who refuses the obvious.</p>,Twessie,Bikini Bottom,"architectural swimsuit, luxury Obsidian Black swimwear, minimalist luxury, minimalist bikini bottom, Econyl Sleek Satin bikini",TRUE,Color,Olive Drab,Size,L,TWESSIE_EU_BB_0402-Olive Drab-L,168.0,,10
twessie-eu-bb-0402,Structural Econyl Sleek Satin Bikini Bottom,<p>Crafted in premium Econyl Sleek Satin with Matte Ribbed Knit accents. This bikini bottom epitomizes rebellious yet refined luxury. Featuring color-blocking in Obsidian Black and Olive Drab. Perfect for the discerning swimmer who refuses the obvious.</p>,Twessie,Bikini Bottom,"architectural swimsuit, luxury Obsidian Black swimwear, minimalist luxury, minimalist bikini bottom, Econyl Sleek Satin bikini",TRUE,Color,Olive Drab,Size,XL,TWESSIE_EU_BB_0402-Olive Drab-XL,168.0,,10
twessie-eu-bb-0402,Structural Econyl Sleek Satin Bikini Bottom,<p>Crafted in premium Econyl Sleek Satin with Matte Ribbed Knit accents. This bikini bottom epitomizes rebellious yet refined luxury. Featuring color-blocking in Obsidian Black and Olive Drab. Perfect for the discerning swimmer who refuses the obvious.</p>,Twessie,Bikini Bottom,"architectural swimsuit, luxury Obsidian Black swimwear, minimalist luxury, minimalist bikini bottom, Econyl Sleek Satin bikini",TRUE,Color,Olive Drab,Size,XXL,TWESSIE_EU_BB_0402-Olive Drab-XXL,168.0,,10
twessie-sg-bt-0403,Matte Ribbed Knit High-Waist Bikini Top in Burnt Terracotta,<p>A statement piece in Matte Ribbed Knit. This bikini top combines intelligent aesthetic design with impeccable craftsmanship. Available in Burnt Terracotta with Olive Drab detailing. Not loud. Not obvious. Unmistakably Twessie.</p>,Twessie,Bikini Top,"luxury Burnt Terracotta swimwear, minimalist luxury, independent fashion, Matte Ribbed Knit bikini, high-end swimwear",TRUE,Color,Burnt Terracotta,Size,XS,TWESSIE_SG_BT_0403-Burnt Terracotta-XS,168.0,,10
twessie-sg-bt-0403,Matte Ribbed Knit High-Waist Bikini Top in Burnt Terracotta,<p>A statement piece in Matte Ribbed Knit. This bikini top combines intelligent aesthetic design with impeccable craftsmanship. Available in Burnt Terracotta with Olive Drab detailing. Not loud. Not obvious. Unmistakably Twessie.</p>,Twessie,Bikini Top,"luxury Burnt Terracotta swimwear, minimalist luxury, independent fashion, Matte Ribbed Knit bikini, high-end swimwear",TRUE,Color,Burnt Terracotta,Size,S,TWESSIE_SG_BT_0403-Burnt Terracotta-S,168.0,,10
twessie-sg-bt-0403,Matte Ribbed Knit High-Waist Bikini Top in Burnt Terracotta,<p>A statement piece in Matte Ribbed Knit. This bikini top combines intelligent aesthetic design with impeccable craftsmanship. Available in Burnt Terracotta with Olive Drab detailing. Not loud. Not obvious. Unmistakably Twessie.</p>,Twessie,Bikini Top,"luxury Burnt Terracotta swimwear, minimalist luxury, independent fashion, Matte Ribbed Knit bikini, high-end swimwear",TRUE,Color,Burnt Terracotta,Size,M,TWESSIE_SG_BT_0403-Burnt Terracotta-M,168.0,,10
twessie-sg-bt-0403,Matte Ribbed Knit High-Waist Bikini Top in Burnt Terracotta,<p>A statement piece in Matte Ribbed Knit. This bikini top combines intelligent aesthetic design with impeccable craftsmanship. Available in Burnt Terracotta with Olive Drab detailing. Not loud. Not obvious. Unmistakably Twessie.</p>,Twessie,Bikini Top,"luxury Burnt Terracotta swimwear, minimalist luxury, independent fashion, Matte Ribbed Knit bikini, high-end swimwear",TRUE,Color,Burnt Terracotta,Size,L,TWESSIE_SG_BT_0403-Burnt Terracotta-L,168.0,,10
twessie-sg-bt-0403,Matte Ribbed Knit High-Waist Bikini Top in Burnt Terracotta,<p>A statement piece in Matte Ribbed Knit. This bikini top combines intelligent aesthetic design with impeccable craftsmanship. Available in Burnt Terracotta with Olive Drab detailing. Not loud. Not obvious. Unmistakably Twessie.</p>,Twessie,Bikini Top,"luxury Burnt Terracotta swimwear, minimalist luxury, independent fashion, Matte Ribbed Knit bikini, high-end swimwear",TRUE,Color,Burnt Terracotta,Size,XL,TWESSIE_SG_BT_0403-Burnt Terracotta-XL,168.0,,10
twessie-sg-bt-0403,Matte Ribbed Knit High-Waist Bikini Top in Burnt Terracotta,<p>A statement piece in Matte Ribbed Knit. This bikini top combines intelligent aesthetic design with impeccable craftsmanship. Available in Burnt Terracotta with Olive Drab detailing. Not loud. Not obvious. Unmistakably Twessie.</p>,Twessie,Bikini Top,"luxury Burnt Terracotta swimwear, minimalist luxury, independent fashion, Matte Ribbed Knit bikini, high-end swimwear",TRUE,Color,Burnt Terracotta,Size,XXL,TWESSIE_SG_BT_0403-Burnt Terracotta-XXL,168.0,,10
twessie-sg-bt-0403,Matte Ribbed Knit High-Waist Bikini Top in Burnt Terracotta,<p>A statement piece in Matte Ribbed Knit. This bikini top combines intelligent aesthetic design with impeccable craftsmanship. Available in Burnt Terracotta with Olive Drab detailing. Not loud. Not obvious. Unmistakably Twessie.</p>,Twessie,Bikini Top,"luxury Burnt Terracotta swimwear, minimalist luxury, independent fashion, Matte Ribbed Knit bikini, high-end swimwear",TRUE,Color,Olive Drab,Size,XS,TWESSIE_SG_BT_0403-Olive Drab-XS,168.0,,10
twessie-sg-bt-0403,Matte Ribbed Knit High-Waist Bikini Top in Burnt Terracotta,<p>A statement piece in Matte Ribbed Knit. This bikini top combines intelligent aesthetic design with impeccable craftsmanship. Available in Burnt Terracotta with Olive Drab detailing. Not loud. Not obvious. Unmistakably Twessie.</p>,Twessie,Bikini Top,"luxury Burnt Terracotta swimwear, minimalist luxury, independent fashion, Matte Ribbed Knit bikini, high-end swimwear",TRUE,Color,Olive Drab,Size,S,TWESSIE_SG_BT_0403-Olive Drab-S,168.0,,10
twessie-sg-bt-0403,Matte Ribbed Knit High-Waist Bikini Top in Burnt Terracotta,<p>A statement piece in Matte Ribbed Knit. This bikini top combines intelligent aesthetic design with impeccable craftsmanship. Available in Burnt Terracotta with Olive Drab detailing. Not loud. Not obvious. Unmistakably Twessie.</p>,Twessie,Bikini Top,"luxury Burnt Terracotta swimwear, minimalist luxury, independent fashion, Matte Ribbed Knit bikini, high-end swimwear",TRUE,Color,Olive Drab,Size,M,TWESSIE_SG_BT_0403-Olive Drab-M,168.0,,10
twessie-sg-bt-0403,Matte Ribbed Knit High-Waist Bikini Top in Burnt Terracotta,<p>A statement piece in Matte Ribbed Knit. This bikini top combines intelligent aesthetic design with impeccable craftsmanship. Available in Burnt Terracotta with Olive Drab detailing. Not loud. Not obvious. Unmistakably Twessie.</p>,Twessie,Bikini Top,"luxury Burnt Terracotta swimwear, minimalist luxury, independent fashion, Matte Ribbed Knit bikini, high-end swimwear",TRUE,Color,Olive Drab,Size,L,TWESSIE_SG_BT_0403-Olive Drab-L,168.0,,10
twessie-sg-bt-0403,Matte Ribbed Knit High-Waist Bikini Top in Burnt Terracotta,<p>A statement piece in Matte Ribbed Knit. This bikini top combines intelligent aesthetic design with impeccable craftsmanship. Available in Burnt Terracotta with Olive Drab detailing. Not loud. Not obvious. Unmistakably Twessie.</p>,Twessie,Bikini Top,"luxury Burnt Terracotta swimwear, minimalist luxury, independent fashion, Matte Ribbed Knit bikini, high-end swimwear",TRUE,Color,Olive Drab,Size,XL,TWESSIE_SG_BT_0403-Olive Drab-XL,168.0,,10
twessie-sg-bt-0403,Matte Ribbed Knit High-Waist Bikini Top in Burnt Terracotta,<p>A statement piece in Matte Ribbed Knit. This bikini top combines intelligent aesthetic design with impeccable craftsmanship. Available in Burnt Terracotta with Olive Drab detailing. Not loud. Not obvious. Unmistakably Twessie.</p>,Twessie,Bikini Top,"luxury Burnt Terracotta swimwear, minimalist luxury, independent fashion, Matte Ribbed Knit bikini, high-end swimwear",TRUE,Color,Olive Drab,Size,XXL,TWESSIE_SG_BT_0403-Olive Drab-XXL,168.0,,10
twessie-jp-bb-0404,Structural Econyl Sleek Satin Bikini Bottom,"<p>Econyl Sleek Satin construction meets architectural precision in this bikini bottom. Designed for the intelligent, independent woman. The Obsidian Black colorway with Olive Drab accents creates a sophisticated palette. Pure intelligent aesthetic elegance.</p>",Twessie,Bikini Bottom,"independent fashion, architectural swimsuit, Econyl Sleek Satin bikini, minimalist bikini bottom, minimalist luxury",TRUE,Color,Obsidian Black,Size,XS,TWESSIE_JP_BB_0404-Obsidian Black-XS,168.0,,10
twessie-jp-bb-0404,Structural Econyl Sleek Satin Bikini Bottom,"<p>Econyl Sleek Satin construction meets architectural precision in this bikini bottom. Designed for the intelligent, independent woman. The Obsidian Black colorway with Olive Drab accents creates a sophisticated palette. Pure intelligent aesthetic elegance.</p>",Twessie,Bikini Bottom,"independent fashion, architectural swimsuit, Econyl Sleek Satin bikini, minimalist bikini bottom, minimalist luxury",TRUE,Color,Obsidian Black,Size,S,TWESSIE_JP_BB_0404-Obsidian Black-S,168.0,,10
twessie-jp-bb-0404,Structural Econyl Sleek Satin Bikini Bottom,"<p>Econyl Sleek Satin construction meets architectural precision in this bikini bottom. Designed for the intelligent, independent woman. The Obsidian Black colorway with Olive Drab accents creates a sophisticated palette. Pure intelligent aesthetic elegance.</p>",Twessie,Bikini Bottom,"independent fashion, architectural swimsuit, Econyl Sleek Satin bikini, minimalist bikini bottom, minimalist luxury",TRUE,Color,Obsidian Black,Size,M,TWESSIE_JP_BB_0404-Obsidian Black-M,168.0,,10
twessie-jp-bb-0404,Structural Econyl Sleek Satin Bikini Bottom,"<p>Econyl Sleek Satin construction meets architectural precision in this bikini bottom. Designed for the intelligent, independent woman. The Obsidian Black colorway with Olive Drab accents creates a sophisticated palette. Pure intelligent aesthetic elegance.</p>",Twessie,Bikini Bottom,"independent fashion, architectural swimsuit, Econyl Sleek Satin bikini, minimalist bikini bottom, minimalist luxury",TRUE,Color,Obsidian Black,Size,L,TWESSIE_JP_BB_0404-Obsidian Black-L,168.0,,10
twessie-jp-bb-0404,Structural Econyl Sleek Satin Bikini Bottom,"<p>Econyl Sleek Satin construction meets architectural precision in this bikini bottom. Designed for the intelligent, independent woman. The Obsidian Black colorway with Olive Drab accents creates a sophisticated palette. Pure intelligent aesthetic elegance.</p>",Twessie,Bikini Bottom,"independent fashion, architectural swimsuit, Econyl Sleek Satin bikini, minimalist bikini bottom, minimalist luxury",TRUE,Color,Obsidian Black,Size,XL,TWESSIE_JP_BB_0404-Obsidian Black-XL,168.0,,10
twessie-jp-bb-0404,Structural Econyl Sleek Satin Bikini Bottom,"<p>Econyl Sleek Satin construction meets architectural precision in this bikini bottom. Designed for the intelligent, independent woman. The Obsidian Black colorway with Olive Drab accents creates a sophisticated palette. Pure intelligent aesthetic elegance.</p>",Twessie,Bikini Bottom,"independent fashion, architectural swimsuit, Econyl Sleek Satin bikini, minimalist bikini bottom, minimalist luxury",TRUE,Color,Obsidian Black,Size,XXL,TWESSIE_JP_BB_0404-Obsidian Black-XXL,168.0,,10
twessie-jp-bb-0404,Structural Econyl Sleek Satin Bikini Bottom,"<p>Econyl Sleek Satin construction meets architectural precision in this bikini bottom. Designed for the intelligent, independent woman. The Obsidian Black colorway with Olive Drab accents creates a sophisticated palette. Pure intelligent aesthetic elegance.</p>",Twessie,Bikini Bottom,"independent fashion, architectural swimsuit, Econyl Sleek Satin bikini, minimalist bikini bottom, minimalist luxury",TRUE,Color,Olive Drab,Size,XS,TWESSIE_JP_BB_0404-Olive Drab-XS,168.0,,10
twessie-jp-bb-0404,Structural Econyl Sleek Satin Bikini Bottom,"<p>Econyl Sleek Satin construction meets architectural precision in this bikini bottom. Designed for the intelligent, independent woman. The Obsidian Black colorway with Olive Drab accents creates a sophisticated palette. Pure intelligent aesthetic elegance.</p>",Twessie,Bikini Bottom,"independent fashion, architectural swimsuit, Econyl Sleek Satin bikini, minimalist bikini bottom, minimalist luxury",TRUE,Color,Olive Drab,Size,S,TWESSIE_JP_BB_0404-Olive Drab-S,168.0,,10
twessie-jp-bb-0404,Structural Econyl Sleek Satin Bikini Bottom,"<p>Econyl Sleek Satin construction meets architectural precision in this bikini bottom. Designed for the intelligent, independent woman. The Obsidian Black colorway with Olive Drab accents creates a sophisticated palette. Pure intelligent aesthetic elegance.</p>",Twessie,Bikini Bottom,"independent fashion, architectural swimsuit, Econyl Sleek Satin bikini, minimalist bikini bottom, minimalist luxury",TRUE,Color,Olive Drab,Size,M,TWESSIE_JP_BB_0404-Olive Drab-M,168.0,,10
twessie-jp-bb-0404,Structural Econyl Sleek Satin Bikini Bottom,"<p>Econyl Sleek Satin construction meets architectural precision in this bikini bottom. Designed for the intelligent, independent woman. The Obsidian Black colorway with Olive Drab accents creates a sophisticated palette. Pure intelligent aesthetic elegance.</p>",Twessie,Bikini Bottom,"independent fashion, architectural swimsuit, Econyl Sleek Satin bikini, minimalist bikini bottom, minimalist luxury",TRUE,Color,Olive Drab,Size,L,TWESSIE_JP_BB_0404-Olive Drab-L,168.0,,10
twessie-jp-bb-0404,Structural Econyl Sleek Satin Bikini Bottom,"<p>Econyl Sleek Satin construction meets architectural precision in this bikini bottom. Designed for the intelligent, independent woman. The Obsidian Black colorway with Olive Drab accents creates a sophisticated palette. Pure intelligent aesthetic elegance.</p>",Twessie,Bikini Bottom,"independent fashion, architectural swimsuit, Econyl Sleek Satin bikini, minimalist bikini bottom, minimalist luxury",TRUE,Color,Olive Drab,Size,XL,TWESSIE_JP_BB_0404-Olive Drab-XL,168.0,,10
twessie-jp-bb-0404,Structural Econyl Sleek Satin Bikini Bottom,"<p>Econyl Sleek Satin construction meets architectural precision in this bikini bottom. Designed for the intelligent, independent woman. The Obsidian Black colorway with Olive Drab accents creates a sophisticated palette. Pure intelligent aesthetic elegance.</p>",Twessie,Bikini Bottom,"independent fashion, architectural swimsuit, Econyl Sleek Satin bikini, minimalist bikini bottom, minimalist luxury",TRUE,Color,Olive Drab,Size,XXL,TWESSIE_JP_BB_0404-Olive Drab-XXL,168.0,,10
twessie-au-op-0405,Obsidian Black Architectural One-Piece Swimsuit,"<p>Econyl Sleek Satin construction meets architectural precision in this one-piece. Designed for the intelligent, independent woman. The Obsidian Black colorway with Stone Gray accents creates a sophisticated palette. Pure minimalist luxury elegance.</p>",Twessie,One-Piece,"independent fashion, luxury Obsidian Black swimwear, architectural swimsuit, high-end swimwear, Econyl Sleek Satin bikini",TRUE,Color,Obsidian Black,Size,XS,TWESSIE_AU_OP_0405-Obsidian Black-XS,168.0,,10
twessie-au-op-0405,Obsidian Black Architectural One-Piece Swimsuit,"<p>Econyl Sleek Satin construction meets architectural precision in this one-piece. Designed for the intelligent, independent woman. The Obsidian Black colorway with Stone Gray accents creates a sophisticated palette. Pure minimalist luxury elegance.</p>",Twessie,One-Piece,"independent fashion, luxury Obsidian Black swimwear, architectural swimsuit, high-end swimwear, Econyl Sleek Satin bikini",TRUE,Color,Obsidian Black,Size,S,TWESSIE_AU_OP_0405-Obsidian Black-S,168.0,,10
twessie-au-op-0405,Obsidian Black Architectural One-Piece Swimsuit,"<p>Econyl Sleek Satin construction meets architectural precision in this one-piece. Designed for the intelligent, independent woman. The Obsidian Black colorway with Stone Gray accents creates a sophisticated palette. Pure minimalist luxury elegance.</p>",Twessie,One-Piece,"independent fashion, luxury Obsidian Black swimwear, architectural swimsuit, high-end swimwear, Econyl Sleek Satin bikini",TRUE,Color,Obsidian Black,Size,M,TWESSIE_AU_OP_0405-Obsidian Black-M,168.0,,10
twessie-au-op-0405,Obsidian Black Architectural One-Piece Swimsuit,"<p>Econyl Sleek Satin construction meets architectural precision in this one-piece. Designed for the intelligent, independent woman. The Obsidian Black colorway with Stone Gray accents creates a sophisticated palette. Pure minimalist luxury elegance.</p>",Twessie,One-Piece,"independent fashion, luxury Obsidian Black swimwear, architectural swimsuit, high-end swimwear, Econyl Sleek Satin bikini",TRUE,Color,Obsidian Black,Size,L,TWESSIE_AU_OP_0405-Obsidian Black-L,168.0,,10
twessie-au-op-0405,Obsidian Black Architectural One-Piece Swimsuit,"<p>Econyl Sleek Satin construction meets architectural precision in this one-piece. Designed for the intelligent, independent woman. The Obsidian Black colorway with Stone Gray accents creates a sophisticated palette. Pure minimalist luxury elegance.</p>",Twessie,One-Piece,"independent fashion, luxury Obsidian Black swimwear, architectural swimsuit, high-end swimwear, Econyl Sleek Satin bikini",TRUE,Color,Obsidian Black,Size,XL,TWESSIE_AU_OP_0405-Obsidian Black-XL,168.0,,10
twessie-au-op-0405,Obsidian Black Architectural One-Piece Swimsuit,"<p>Econyl Sleek Satin construction meets architectural precision in this one-piece. Designed for the intelligent, independent woman. The Obsidian Black colorway with Stone Gray accents creates a sophisticated palette. Pure minimalist luxury elegance.</p>",Twessie,One-Piece,"independent fashion, luxury Obsidian Black swimwear, architectural swimsuit, high-end swimwear, Econyl Sleek Satin bikini",TRUE,Color,Obsidian Black,Size,XXL,TWESSIE_AU_OP_0405-Obsidian Black-XXL,168.0,,10
twessie-au-op-0405,Obsidian Black Architectural One-Piece Swimsuit,"<p>Econyl Sleek Satin construction meets architectural precision in this one-piece. Designed for the intelligent, independent woman. The Obsidian Black colorway with Stone Gray accents creates a sophisticated palette. Pure minimalist luxury elegance.</p>",Twessie,One-Piece,"independent fashion, luxury Obsidian Black swimwear, architectural swimsuit, high-end swimwear, Econyl Sleek Satin bikini",TRUE,Color,Stone Gray,Size,XS,TWESSIE_AU_OP_0405-Stone Gray-XS,168.0,,10
twessie-au-op-0405,Obsidian Black Architectural One-Piece Swimsuit,"<p>Econyl Sleek Satin construction meets architectural precision in this one-piece. Designed for the intelligent, independent woman. The Obsidian Black colorway with Stone Gray accents creates a sophisticated palette. Pure minimalist luxury elegance.</p>",Twessie,One-Piece,"independent fashion, luxury Obsidian Black swimwear, architectural swimsuit, high-end swimwear, Econyl Sleek Satin bikini",TRUE,Color,Stone Gray,Size,S,TWESSIE_AU_OP_0405-Stone Gray-S,168.0,,10
twessie-au-op-0405,Obsidian Black Architectural One-Piece Swimsuit,"<p>Econyl Sleek Satin construction meets architectural precision in this one-piece. Designed for the intelligent, independent woman. The Obsidian Black colorway with Stone Gray accents creates a sophisticated palette. Pure minimalist luxury elegance.</p>",Twessie,One-Piece,"independent fashion, luxury Obsidian Black swimwear, architectural swimsuit, high-end swimwear, Econyl Sleek Satin bikini",TRUE,Color,Stone Gray,Size,M,TWESSIE_AU_OP_0405-Stone Gray-M,168.0,,10
twessie-au-op-0405,Obsidian Black Architectural One-Piece Swimsuit,"<p>Econyl Sleek Satin construction meets architectural precision in this one-piece. Designed for the intelligent, independent woman. The Obsidian Black colorway with Stone Gray accents creates a sophisticated palette. Pure minimalist luxury elegance.</p>",Twessie,One-Piece,"independent fashion, luxury Obsidian Black swimwear, architectural swimsuit, high-end swimwear, Econyl Sleek Satin bikini",TRUE,Color,Stone Gray,Size,L,TWESSIE_AU_OP_0405-Stone Gray-L,168.0,,10
twessie-au-op-0405,Obsidian Black Architectural One-Piece Swimsuit,"<p>Econyl Sleek Satin construction meets architectural precision in this one-piece. Designed for the intelligent, independent woman. The Obsidian Black colorway with Stone Gray accents creates a sophisticated palette. Pure minimalist luxury elegance.</p>",Twessie,One-Piece,"independent fashion, luxury Obsidian Black swimwear, architectural swimsuit, high-end swimwear, Econyl Sleek Satin bikini",TRUE,Color,Stone Gray,Size,XL,TWESSIE_AU_OP_0405-Stone Gray-XL,168.0,,10
twessie-au-op-0405,Obsidian Black Architectural One-Piece Swimsuit,"<p>Econyl Sleek Satin construction meets architectural precision in this one-piece. Designed for the intelligent, independent woman. The Obsidian Black colorway with Stone Gray accents creates a sophisticated palette. Pure minimalist luxury elegance.</p>",Twessie,One-Piece,"independent fashion, luxury Obsidian Black swimwear, architectural swimsuit, high-end swimwear, Econyl Sleek Satin bikini",TRUE,Color,Stone Gray,Size,XXL,TWESSIE_AU_OP_0405-Stone Gray-XXL,168.0,,10
twessie-eu-bt-0406,Architecture-Cut Obsidian Black Bikini Top,<p>A statement piece in Econyl Sleek Satin. This bikini top combines intelligent aesthetic design with impeccable craftsmanship. Available in Obsidian Black with Stone Gray detailing. Not loud. Not obvious. Unmistakably Twessie.</p>,Twessie,Bikini Top,"minimalist bikini top, architectural swimsuit, high-end swimwear, minimalist luxury, independent fashion",TRUE,Color,Obsidian Black,Size,XS,TWESSIE_EU_BT_0406-Obsidian Black-XS,168.0,,10
twessie-eu-bt-0406,Architecture-Cut Obsidian Black Bikini Top,<p>A statement piece in Econyl Sleek Satin. This bikini top combines intelligent aesthetic design with impeccable craftsmanship. Available in Obsidian Black with Stone Gray detailing. Not loud. Not obvious. Unmistakably Twessie.</p>,Twessie,Bikini Top,"minimalist bikini top, architectural swimsuit, high-end swimwear, minimalist luxury, independent fashion",TRUE,Color,Obsidian Black,Size,S,TWESSIE_EU_BT_0406-Obsidian Black-S,168.0,,10
twessie-eu-bt-0406,Architecture-Cut Obsidian Black Bikini Top,<p>A statement piece in Econyl Sleek Satin. This bikini top combines intelligent aesthetic design with impeccable craftsmanship. Available in Obsidian Black with Stone Gray detailing. Not loud. Not obvious. Unmistakably Twessie.</p>,Twessie,Bikini Top,"minimalist bikini top, architectural swimsuit, high-end swimwear, minimalist luxury, independent fashion",TRUE,Color,Obsidian Black,Size,M,TWESSIE_EU_BT_0406-Obsidian Black-M,168.0,,10
twessie-eu-bt-0406,Architecture-Cut Obsidian Black Bikini Top,<p>A statement piece in Econyl Sleek Satin. This bikini top combines intelligent aesthetic design with impeccable craftsmanship. Available in Obsidian Black with Stone Gray detailing. Not loud. Not obvious. Unmistakably Twessie.</p>,Twessie,Bikini Top,"minimalist bikini top, architectural swimsuit, high-end swimwear, minimalist luxury, independent fashion",TRUE,Color,Obsidian Black,Size,L,TWESSIE_EU_BT_0406-Obsidian Black-L,168.0,,10
twessie-eu-bt-0406,Architecture-Cut Obsidian Black Bikini Top,<p>A statement piece in Econyl Sleek Satin. This bikini top combines intelligent aesthetic design with impeccable craftsmanship. Available in Obsidian Black with Stone Gray detailing. Not loud. Not obvious. Unmistakably Twessie.</p>,Twessie,Bikini Top,"minimalist bikini top, architectural swimsuit, high-end swimwear, minimalist luxury, independent fashion",TRUE,Color,Obsidian Black,Size,XL,TWESSIE_EU_BT_0406-Obsidian Black-XL,168.0,,10
twessie-eu-bt-0406,Architecture-Cut Obsidian Black Bikini Top,<p>A statement piece in Econyl Sleek Satin. This bikini top combines intelligent aesthetic design with impeccable craftsmanship. Available in Obsidian Black with Stone Gray detailing. Not loud. Not obvious. Unmistakably Twessie.</p>,Twessie,Bikini Top,"minimalist bikini top, architectural swimsuit, high-end swimwear, minimalist luxury, independent fashion",TRUE,Color,Obsidian Black,Size,XXL,TWESSIE_EU_BT_0406-Obsidian Black-XXL,168.0,,10
twessie-eu-bt-0406,Architecture-Cut Obsidian Black Bikini Top,<p>A statement piece in Econyl Sleek Satin. This bikini top combines intelligent aesthetic design with impeccable craftsmanship. Available in Obsidian Black with Stone Gray detailing. Not loud. Not obvious. Unmistakably Twessie.</p>,Twessie,Bikini Top,"minimalist bikini top, architectural swimsuit, high-end swimwear, minimalist luxury, independent fashion",TRUE,Color,Stone Gray,Size,XS,TWESSIE_EU_BT_0406-Stone Gray-XS,168.0,,10
twessie-eu-bt-0406,Architecture-Cut Obsidian Black Bikini Top,<p>A statement piece in Econyl Sleek Satin. This bikini top combines intelligent aesthetic design with impeccable craftsmanship. Available in Obsidian Black with Stone Gray detailing. Not loud. Not obvious. Unmistakably Twessie.</p>,Twessie,Bikini Top,"minimalist bikini top, architectural swimsuit, high-end swimwear, minimalist luxury, independent fashion",TRUE,Color,Stone Gray,Size,S,TWESSIE_EU_BT_0406-Stone Gray-S,168.0,,10
twessie-eu-bt-0406,Architecture-Cut Obsidian Black Bikini Top,<p>A statement piece in Econyl Sleek Satin. This bikini top combines intelligent aesthetic design with impeccable craftsmanship. Available in Obsidian Black with Stone Gray detailing. Not loud. Not obvious. Unmistakably Twessie.</p>,Twessie,Bikini Top,"minimalist bikini top, architectural swimsuit, high-end swimwear, minimalist luxury, independent fashion",TRUE,Color,Stone Gray,Size,M,TWESSIE_EU_BT_0406-Stone Gray-M,168.0,,10
twessie-eu-bt-0406,Architecture-Cut Obsidian Black Bikini Top,<p>A statement piece in Econyl Sleek Satin. This bikini top combines intelligent aesthetic design with impeccable craftsmanship. Available in Obsidian Black with Stone Gray detailing. Not loud. Not obvious. Unmistakably Twessie.</p>,Twessie,Bikini Top,"minimalist bikini top, architectural swimsuit, high-end swimwear, minimalist luxury, independent fashion",TRUE,Color,Stone Gray,Size,L,TWESSIE_EU_BT_0406-Stone Gray-L,168.0,,10
twessie-eu-bt-0406,Architecture-Cut Obsidian Black Bikini Top,<p>A statement piece in Econyl Sleek Satin. This bikini top combines intelligent aesthetic design with impeccable craftsmanship. Available in Obsidian Black with Stone Gray detailing. Not loud. Not obvious. Unmistakably Twessie.</p>,Twessie,Bikini Top,"minimalist bikini top, architectural swimsuit, high-end swimwear, minimalist luxury, independent fashion",TRUE,Color,Stone Gray,Size,XL,TWESSIE_EU_BT_0406-Stone Gray-XL,168.0,,10
twessie-eu-bt-0406,Architecture-Cut Obsidian Black Bikini Top,<p>A statement piece in Econyl Sleek Satin. This bikini top combines intelligent aesthetic design with impeccable craftsmanship. Available in Obsidian Black with Stone Gray detailing. Not loud. Not obvious. Unmistakably Twessie.</p>,Twessie,Bikini Top,"minimalist bikini top, architectural swimsuit, high-end swimwear, minimalist luxury, independent fashion",TRUE,Color,Stone Gray,Size,XXL,TWESSIE_EU_BT_0406-Stone Gray-XXL,168.0,,10
twessie-na-bb-0407,Structural Econyl Sleek Satin Bikini Bottom,<p>A statement piece in Econyl Sleek Satin. This bikini bottom combines architectural elegance design with impeccable craftsmanship. Available in Obsidian Black with Olive Drab detailing. Not loud. Not obvious. Unmistakably Twessie.</p>,Twessie,Bikini Bottom,"high-end swimwear, Econyl Sleek Satin bikini, independent fashion, luxury Obsidian Black swimwear, minimalist bikini bottom",TRUE,Color,Obsidian Black,Size,XS,TWESSIE_NA_BB_0407-Obsidian Black-XS,168.0,,10
twessie-na-bb-0407,Structural Econyl Sleek Satin Bikini Bottom,<p>A statement piece in Econyl Sleek Satin. This bikini bottom combines architectural elegance design with impeccable craftsmanship. Available in Obsidian Black with Olive Drab detailing. Not loud. Not obvious. Unmistakably Twessie.</p>,Twessie,Bikini Bottom,"high-end swimwear, Econyl Sleek Satin bikini, independent fashion, luxury Obsidian Black swimwear, minimalist bikini bottom",TRUE,Color,Obsidian Black,Size,S,TWESSIE_NA_BB_0407-Obsidian Black-S,168.0,,10
twessie-na-bb-0407,Structural Econyl Sleek Satin Bikini Bottom,<p>A statement piece in Econyl Sleek Satin. This bikini bottom combines architectural elegance design with impeccable craftsmanship. Available in Obsidian Black with Olive Drab detailing. Not loud. Not obvious. Unmistakably Twessie.</p>,Twessie,Bikini Bottom,"high-end swimwear, Econyl Sleek Satin bikini, independent fashion, luxury Obsidian Black swimwear, minimalist bikini bottom",TRUE,Color,Obsidian Black,Size,M,TWESSIE_NA_BB_0407-Obsidian Black-M,168.0,,10
twessie-na-bb-0407,Structural Econyl Sleek Satin Bikini Bottom,<p>A statement piece in Econyl Sleek Satin. This bikini bottom combines architectural elegance design with impeccable craftsmanship. Available in Obsidian Black with Olive Drab detailing. Not loud. Not obvious. Unmistakably Twessie.</p>,Twessie,Bikini Bottom,"high-end swimwear, Econyl Sleek Satin bikini, independent fashion, luxury Obsidian Black swimwear, minimalist bikini bottom",TRUE,Color,Obsidian Black,Size,L,TWESSIE_NA_BB_0407-Obsidian Black-L,168.0,,10
twessie-na-bb-0407,Structural Econyl Sleek Satin Bikini Bottom,<p>A statement piece in Econyl Sleek Satin. This bikini bottom combines architectural elegance design with impeccable craftsmanship. Available in Obsidian Black with Olive Drab detailing. Not loud. Not obvious. Unmistakably Twessie.</p>,Twessie,Bikini Bottom,"high-end swimwear, Econyl Sleek Satin bikini, independent fashion, luxury Obsidian Black swimwear, minimalist bikini bottom",TRUE,Color,Obsidian Black,Size,XL,TWESSIE_NA_BB_0407-Obsidian Black-XL,168.0,,10
twessie-na-bb-0407,Structural Econyl Sleek Satin Bikini Bottom,<p>A statement piece in Econyl Sleek Satin. This bikini bottom combines architectural elegance design with impeccable craftsmanship. Available in Obsidian Black with Olive Drab detailing. Not loud. Not obvious. Unmistakably Twessie.</p>,Twessie,Bikini Bottom,"high-end swimwear, Econyl Sleek Satin bikini, independent fashion, luxury Obsidian Black swimwear, minimalist bikini bottom",TRUE,Color,Obsidian Black,Size,XXL,TWESSIE_NA_BB_0407-Obsidian Black-XXL,168.0,,10
twessie-na-bb-0407,Structural Econyl Sleek Satin Bikini Bottom,<p>A statement piece in Econyl Sleek Satin. This bikini bottom combines architectural elegance design with impeccable craftsmanship. Available in Obsidian Black with Olive Drab detailing. Not loud. Not obvious. Unmistakably Twessie.</p>,Twessie,Bikini Bottom,"high-end swimwear, Econyl Sleek Satin bikini, independent fashion, luxury Obsidian Black swimwear, minimalist bikini bottom",TRUE,Color,Olive Drab,Size,XS,TWESSIE_NA_BB_0407-Olive Drab-XS,168.0,,10
twessie-na-bb-0407,Structural Econyl Sleek Satin Bikini Bottom,<p>A statement piece in Econyl Sleek Satin. This bikini bottom combines architectural elegance design with impeccable craftsmanship. Available in Obsidian Black with Olive Drab detailing. Not loud. Not obvious. Unmistakably Twessie.</p>,Twessie,Bikini Bottom,"high-end swimwear, Econyl Sleek Satin bikini, independent fashion, luxury Obsidian Black swimwear, minimalist bikini bottom",TRUE,Color,Olive Drab,Size,S,TWESSIE_NA_BB_0407-Olive Drab-S,168.0,,10
twessie-na-bb-0407,Structural Econyl Sleek Satin Bikini Bottom,<p>A statement piece in Econyl Sleek Satin. This bikini bottom combines architectural elegance design with impeccable craftsmanship. Available in Obsidian Black with Olive Drab detailing. Not loud. Not obvious. Unmistakably Twessie.</p>,Twessie,Bikini Bottom,"high-end swimwear, Econyl Sleek Satin bikini, independent fashion, luxury Obsidian Black swimwear, minimalist bikini bottom",TRUE,Color,Olive Drab,Size,M,TWESSIE_NA_BB_0407-Olive Drab-M,168.0,,10
twessie-na-bb-0407,Structural Econyl Sleek Satin Bikini Bottom,<p>A statement piece in Econyl Sleek Satin. This bikini bottom combines architectural elegance design with impeccable craftsmanship. Available in Obsidian Black with Olive Drab detailing. Not loud. Not obvious. Unmistakably Twessie.</p>,Twessie,Bikini Bottom,"high-end swimwear, Econyl Sleek Satin bikini, independent fashion, luxury Obsidian Black swimwear, minimalist bikini bottom",TRUE,Color,Olive Drab,Size,L,TWESSIE_NA_BB_0407-Olive Drab-L,168.0,,10
twessie-na-bb-0407,Structural Econyl Sleek Satin Bikini Bottom,<p>A statement piece in Econyl Sleek Satin. This bikini bottom combines architectural elegance design with impeccable craftsmanship. Available in Obsidian Black with Olive Drab detailing. Not loud. Not obvious. Unmistakably Twessie.</p>,Twessie,Bikini Bottom,"high-end swimwear, Econyl Sleek Satin bikini, independent fashion, luxury Obsidian Black swimwear, minimalist bikini bottom",TRUE,Color,Olive Drab,Size,XL,TWESSIE_NA_BB_0407-Olive Drab-XL,168.0,,10
twessie-na-bb-0407,Structural Econyl Sleek Satin Bikini Bottom,<p>A statement piece in Econyl Sleek Satin. This bikini bottom combines architectural elegance design with impeccable craftsmanship. Available in Obsidian Black with Olive Drab detailing. Not loud. Not obvious. Unmistakably Twessie.</p>,Twessie,Bikini Bottom,"high-end swimwear, Econyl Sleek Satin bikini, independent fashion, luxury Obsidian Black swimwear, minimalist bikini bottom",TRUE,Color,Olive Drab,Size,XXL,TWESSIE_NA_BB_0407-Olive Drab-XXL,168.0,,10
twessie-au-bb-0408,High-Cut Olive Drab Bikini Brief,"<p>Matte Ribbed Knit construction meets architectural precision in this bikini bottom. Designed for the intelligent, independent woman. The Olive Drab colorway with Burnt Terracotta accents creates a sophisticated palette. Pure minimalist luxury elegance.</p>",Twessie,Bikini Bottom,"minimalist luxury, high-end swimwear, luxury Olive Drab swimwear, independent fashion, minimalist bikini bottom",TRUE,Color,Olive Drab,Size,XS,TWESSIE_AU_BB_0408-Olive Drab-XS,168.0,,10
twessie-au-bb-0408,High-Cut Olive Drab Bikini Brief,"<p>Matte Ribbed Knit construction meets architectural precision in this bikini bottom. Designed for the intelligent, independent woman. The Olive Drab colorway with Burnt Terracotta accents creates a sophisticated palette. Pure minimalist luxury elegance.</p>",Twessie,Bikini Bottom,"minimalist luxury, high-end swimwear, luxury Olive Drab swimwear, independent fashion, minimalist bikini bottom",TRUE,Color,Olive Drab,Size,S,TWESSIE_AU_BB_0408-Olive Drab-S,168.0,,10
twessie-au-bb-0408,High-Cut Olive Drab Bikini Brief,"<p>Matte Ribbed Knit construction meets architectural precision in this bikini bottom. Designed for the intelligent, independent woman. The Olive Drab colorway with Burnt Terracotta accents creates a sophisticated palette. Pure minimalist luxury elegance.</p>",Twessie,Bikini Bottom,"minimalist luxury, high-end swimwear, luxury Olive Drab swimwear, independent fashion, minimalist bikini bottom",TRUE,Color,Olive Drab,Size,M,TWESSIE_AU_BB_0408-Olive Drab-M,168.0,,10
twessie-au-bb-0408,High-Cut Olive Drab Bikini Brief,"<p>Matte Ribbed Knit construction meets architectural precision in this bikini bottom. Designed for the intelligent, independent woman. The Olive Drab colorway with Burnt Terracotta accents creates a sophisticated palette. Pure minimalist luxury elegance.</p>",Twessie,Bikini Bottom,"minimalist luxury, high-end swimwear, luxury Olive Drab swimwear, independent fashion, minimalist bikini bottom",TRUE,Color,Olive Drab,Size,L,TWESSIE_AU_BB_0408-Olive Drab-L,168.0,,10
twessie-au-bb-0408,High-Cut Olive Drab Bikini Brief,"<p>Matte Ribbed Knit construction meets architectural precision in this bikini bottom. Designed for the intelligent, independent woman. The Olive Drab colorway with Burnt Terracotta accents creates a sophisticated palette. Pure minimalist luxury elegance.</p>",Twessie,Bikini Bottom,"minimalist luxury, high-end swimwear, luxury Olive Drab swimwear, independent fashion, minimalist bikini bottom",TRUE,Color,Olive Drab,Size,XL,TWESSIE_AU_BB_0408-Olive Drab-XL,168.0,,10
twessie-au-bb-0408,High-Cut Olive Drab Bikini Brief,"<p>Matte Ribbed Knit construction meets architectural precision in this bikini bottom. Designed for the intelligent, independent woman. The Olive Drab colorway with Burnt Terracotta accents creates a sophisticated palette. Pure minimalist luxury elegance.</p>",Twessie,Bikini Bottom,"minimalist luxury, high-end swimwear, luxury Olive Drab swimwear, independent fashion, minimalist bikini bottom",TRUE,Color,Olive Drab,Size,XXL,TWESSIE_AU_BB_0408-Olive Drab-XXL,168.0,,10
twessie-au-bb-0408,High-Cut Olive Drab Bikini Brief,"<p>Matte Ribbed Knit construction meets architectural precision in this bikini bottom. Designed for the intelligent, independent woman. The Olive Drab colorway with Burnt Terracotta accents creates a sophisticated palette. Pure minimalist luxury elegance.</p>",Twessie,Bikini Bottom,"minimalist luxury, high-end swimwear, luxury Olive Drab swimwear, independent fashion, minimalist bikini bottom",TRUE,Color,Burnt Terracotta,Size,XS,TWESSIE_AU_BB_0408-Burnt Terracotta-XS,168.0,,10
twessie-au-bb-0408,High-Cut Olive Drab Bikini Brief,"<p>Matte Ribbed Knit construction meets architectural precision in this bikini bottom. Designed for the intelligent, independent woman. The Olive Drab colorway with Burnt Terracotta accents creates a sophisticated palette. Pure minimalist luxury elegance.</p>",Twessie,Bikini Bottom,"minimalist luxury, high-end swimwear, luxury Olive Drab swimwear, independent fashion, minimalist bikini bottom",TRUE,Color,Burnt Terracotta,Size,S,TWESSIE_AU_BB_0408-Burnt Terracotta-S,168.0,,10
twessie-au-bb-0408,High-Cut Olive Drab Bikini Brief,"<p>Matte Ribbed Knit construction meets architectural precision in this bikini bottom. Designed for the intelligent, independent woman. The Olive Drab colorway with Burnt Terracotta accents creates a sophisticated palette. Pure minimalist luxury elegance.</p>",Twessie,Bikini Bottom,"minimalist luxury, high-end swimwear, luxury Olive Drab swimwear, independent fashion, minimalist bikini bottom",TRUE,Color,Burnt Terracotta,Size,M,TWESSIE_AU_BB_0408-Burnt Terracotta-M,168.0,,10
twessie-au-bb-0408,High-Cut Olive Drab Bikini Brief,"<p>Matte Ribbed Knit construction meets architectural precision in this bikini bottom. Designed for the intelligent, independent woman. The Olive Drab colorway with Burnt Terracotta accents creates a sophisticated palette. Pure minimalist luxury elegance.</p>",Twessie,Bikini Bottom,"minimalist luxury, high-end swimwear, luxury Olive Drab swimwear, independent fashion, minimalist bikini bottom",TRUE,Color,Burnt Terracotta,Size,L,TWESSIE_AU_BB_0408-Burnt Terracotta-L,168.0,,10
twessie-au-bb-0408,High-Cut Olive Drab Bikini Brief,"<p>Matte Ribbed Knit construction meets architectural precision in this bikini bottom. Designed for the intelligent, independent woman. The Olive Drab colorway with Burnt Terracotta accents creates a sophisticated palette. Pure minimalist luxury elegance.</p>",Twessie,Bikini Bottom,"minimalist luxury, high-end swimwear, luxury Olive Drab swimwear, independent fashion, minimalist bikini bottom",TRUE,Color,Burnt Terracotta,Size,XL,TWESSIE_AU_BB_0408-Burnt Terracotta-XL,168.0,,10
twessie-au-bb-0408,High-Cut Olive Drab Bikini Brief,"<p>Matte Ribbed Knit construction meets architectural precision in this bikini bottom. Designed for the intelligent, independent woman. The Olive Drab colorway with Burnt Terracotta accents creates a sophisticated palette. Pure minimalist luxury elegance.</p>",Twessie,Bikini Bottom,"minimalist luxury, high-end swimwear, luxury Olive Drab swimwear, independent fashion, minimalist bikini bottom",TRUE,Color,Burnt Terracotta,Size,XXL,TWESSIE_AU_BB_0408-Burnt Terracotta-XXL,168.0,,10
twessie-sg-op-0409,High-Fashion Burnt Terracotta One-Piece Suit,"<p>Matte Ribbed Knit construction meets architectural precision in this one-piece. Designed for the intelligent, independent woman. The Burnt Terracotta colorway with Olive Drab accents creates a sophisticated palette. Pure intelligent aesthetic elegance.</p>",Twessie,One-Piece,"Matte Ribbed Knit bikini, minimalist luxury, architectural swimsuit, high-end swimwear, luxury Burnt Terracotta swimwear",TRUE,Color,Burnt Terracotta,Size,XS,TWESSIE_SG_OP_0409-Burnt Terracotta-XS,168.0,,10
twessie-sg-op-0409,High-Fashion Burnt Terracotta One-Piece Suit,"<p>Matte Ribbed Knit construction meets architectural precision in this one-piece. Designed for the intelligent, independent woman. The Burnt Terracotta colorway with Olive Drab accents creates a sophisticated palette. Pure intelligent aesthetic elegance.</p>",Twessie,One-Piece,"Matte Ribbed Knit bikini, minimalist luxury, architectural swimsuit, high-end swimwear, luxury Burnt Terracotta swimwear",TRUE,Color,Burnt Terracotta,Size,S,TWESSIE_SG_OP_0409-Burnt Terracotta-S,168.0,,10
twessie-sg-op-0409,High-Fashion Burnt Terracotta One-Piece Suit,"<p>Matte Ribbed Knit construction meets architectural precision in this one-piece. Designed for the intelligent, independent woman. The Burnt Terracotta colorway with Olive Drab accents creates a sophisticated palette. Pure intelligent aesthetic elegance.</p>",Twessie,One-Piece,"Matte Ribbed Knit bikini, minimalist luxury, architectural swimsuit, high-end swimwear, luxury Burnt Terracotta swimwear",TRUE,Color,Burnt Terracotta,Size,M,TWESSIE_SG_OP_0409-Burnt Terracotta-M,168.0,,10
twessie-sg-op-0409,High-Fashion Burnt Terracotta One-Piece Suit,"<p>Matte Ribbed Knit construction meets architectural precision in this one-piece. Designed for the intelligent, independent woman. The Burnt Terracotta colorway with Olive Drab accents creates a sophisticated palette. Pure intelligent aesthetic elegance.</p>",Twessie,One-Piece,"Matte Ribbed Knit bikini, minimalist luxury, architectural swimsuit, high-end swimwear, luxury Burnt Terracotta swimwear",TRUE,Color,Burnt Terracotta,Size,L,TWESSIE_SG_OP_0409-Burnt Terracotta-L,168.0,,10
twessie-sg-op-0409,High-Fashion Burnt Terracotta One-Piece Suit,"<p>Matte Ribbed Knit construction meets architectural precision in this one-piece. Designed for the intelligent, independent woman. The Burnt Terracotta colorway with Olive Drab accents creates a sophisticated palette. Pure intelligent aesthetic elegance.</p>",Twessie,One-Piece,"Matte Ribbed Knit bikini, minimalist luxury, architectural swimsuit, high-end swimwear, luxury Burnt Terracotta swimwear",TRUE,Color,Burnt Terracotta,Size,XL,TWESSIE_SG_OP_0409-Burnt Terracotta-XL,168.0,,10
twessie-sg-op-0409,High-Fashion Burnt Terracotta One-Piece Suit,"<p>Matte Ribbed Knit construction meets architectural precision in this one-piece. Designed for the intelligent, independent woman. The Burnt Terracotta colorway with Olive Drab accents creates a sophisticated palette. Pure intelligent aesthetic elegance.</p>",Twessie,One-Piece,"Matte Ribbed Knit bikini, minimalist luxury, architectural swimsuit, high-end swimwear, luxury Burnt Terracotta swimwear",TRUE,Color,Burnt Terracotta,Size,XXL,TWESSIE_SG_OP_0409-Burnt Terracotta-XXL,168.0,,10
twessie-sg-op-0409,High-Fashion Burnt Terracotta One-Piece Suit,"<p>Matte Ribbed Knit construction meets architectural precision in this one-piece. Designed for the intelligent, independent woman. The Burnt Terracotta colorway with Olive Drab accents creates a sophisticated palette. Pure intelligent aesthetic elegance.</p>",Twessie,One-Piece,"Matte Ribbed Knit bikini, minimalist luxury, architectural swimsuit, high-end swimwear, luxury Burnt Terracotta swimwear",TRUE,Color,Olive Drab,Size,XS,TWESSIE_SG_OP_0409-Olive Drab-XS,168.0,,10
twessie-sg-op-0409,High-Fashion Burnt Terracotta One-Piece Suit,"<p>Matte Ribbed Knit construction meets architectural precision in this one-piece. Designed for the intelligent, independent woman. The Burnt Terracotta colorway with Olive Drab accents creates a sophisticated palette. Pure intelligent aesthetic elegance.</p>",Twessie,One-Piece,"Matte Ribbed Knit bikini, minimalist luxury, architectural swimsuit, high-end swimwear, luxury Burnt Terracotta swimwear",TRUE,Color,Olive Drab,Size,S,TWESSIE_SG_OP_0409-Olive Drab-S,168.0,,10
twessie-sg-op-0409,High-Fashion Burnt Terracotta One-Piece Suit,"<p>Matte Ribbed Knit construction meets architectural precision in this one-piece. Designed for the intelligent, independent woman. The Burnt Terracotta colorway with Olive Drab accents creates a sophisticated palette. Pure intelligent aesthetic elegance.</p>",Twessie,One-Piece,"Matte Ribbed Knit bikini, minimalist luxury, architectural swimsuit, high-end swimwear, luxury Burnt Terracotta swimwear",TRUE,Color,Olive Drab,Size,M,TWESSIE_SG_OP_0409-Olive Drab-M,168.0,,10
twessie-sg-op-0409,High-Fashion Burnt Terracotta One-Piece Suit,"<p>Matte Ribbed Knit construction meets architectural precision in this one-piece. Designed for the intelligent, independent woman. The Burnt Terracotta colorway with Olive Drab accents creates a sophisticated palette. Pure intelligent aesthetic elegance.</p>",Twessie,One-Piece,"Matte Ribbed Knit bikini, minimalist luxury, architectural swimsuit, high-end swimwear, luxury Burnt Terracotta swimwear",TRUE,Color,Olive Drab,Size,L,TWESSIE_SG_OP_0409-Olive Drab-L,168.0,,10
twessie-sg-op-0409,High-Fashion Burnt Terracotta One-Piece Suit,"<p>Matte Ribbed Knit construction meets architectural precision in this one-piece. Designed for the intelligent, independent woman. The Burnt Terracotta colorway with Olive Drab accents creates a sophisticated palette. Pure intelligent aesthetic elegance.</p>",Twessie,One-Piece,"Matte Ribbed Knit bikini, minimalist luxury, architectural swimsuit, high-end swimwear, luxury Burnt Terracotta swimwear",TRUE,Color,Olive Drab,Size,XL,TWESSIE_SG_OP_0409-Olive Drab-XL,168.0,,10
twessie-sg-op-0409,High-Fashion Burnt Terracotta One-Piece Suit,"<p>Matte Ribbed Knit construction meets architectural precision in this one-piece. Designed for the intelligent, independent woman. The Burnt Terracotta colorway with Olive Drab accents creates a sophisticated palette. Pure intelligent aesthetic elegance.</p>",Twessie,One-Piece,"Matte Ribbed Knit bikini, minimalist luxury, architectural swimsuit, high-end swimwear, luxury Burnt Terracotta swimwear",TRUE,Color,Olive Drab,Size,XXL,TWESSIE_SG_OP_0409-Olive Drab-XXL,168.0,,10
twessie-na-bt-0410,Crinkled Seersucker High-Waist Bikini Top in Chalk White,"<p>Crinkled Seersucker construction meets architectural precision in this bikini top. Designed for the intelligent, independent woman. The Chalk White colorway with Stone Gray accents creates a sophisticated palette. Pure minimalist luxury elegance.</p>",Twessie,Bikini Top,"architectural swimsuit, Crinkled Seersucker bikini, luxury Chalk White swimwear, independent fashion, high-end swimwear",TRUE,Color,Chalk White,Size,XS,TWESSIE_NA_BT_0410-Chalk White-XS,168.0,,10
twessie-na-bt-0410,Crinkled Seersucker High-Waist Bikini Top in Chalk White,"<p>Crinkled Seersucker construction meets architectural precision in this bikini top. Designed for the intelligent, independent woman. The Chalk White colorway with Stone Gray accents creates a sophisticated palette. Pure minimalist luxury elegance.</p>",Twessie,Bikini Top,"architectural swimsuit, Crinkled Seersucker bikini, luxury Chalk White swimwear, independent fashion, high-end swimwear",TRUE,Color,Chalk White,Size,S,TWESSIE_NA_BT_0410-Chalk White-S,168.0,,10
twessie-na-bt-0410,Crinkled Seersucker High-Waist Bikini Top in Chalk White,"<p>Crinkled Seersucker construction meets architectural precision in this bikini top. Designed for the intelligent, independent woman. The Chalk White colorway with Stone Gray accents creates a sophisticated palette. Pure minimalist luxury elegance.</p>",Twessie,Bikini Top,"architectural swimsuit, Crinkled Seersucker bikini, luxury Chalk White swimwear, independent fashion, high-end swimwear",TRUE,Color,Chalk White,Size,M,TWESSIE_NA_BT_0410-Chalk White-M,168.0,,10
twessie-na-bt-0410,Crinkled Seersucker High-Waist Bikini Top in Chalk White,"<p>Crinkled Seersucker construction meets architectural precision in this bikini top. Designed for the intelligent, independent woman. The Chalk White colorway with Stone Gray accents creates a sophisticated palette. Pure minimalist luxury elegance.</p>",Twessie,Bikini Top,"architectural swimsuit, Crinkled Seersucker bikini, luxury Chalk White swimwear, independent fashion, high-end swimwear",TRUE,Color,Chalk White,Size,L,TWESSIE_NA_BT_0410-Chalk White-L,168.0,,10
twessie-na-bt-0410,Crinkled Seersucker High-Waist Bikini Top in Chalk White,"<p>Crinkled Seersucker construction meets architectural precision in this bikini top. Designed for the intelligent, independent woman. The Chalk White colorway with Stone Gray accents creates a sophisticated palette. Pure minimalist luxury elegance.</p>",Twessie,Bikini Top,"architectural swimsuit, Crinkled Seersucker bikini, luxury Chalk White swimwear, independent fashion, high-end swimwear",TRUE,Color,Chalk White,Size,XL,TWESSIE_NA_BT_0410-Chalk White-XL,168.0,,10
twessie-na-bt-0410,Crinkled Seersucker High-Waist Bikini Top in Chalk White,"<p>Crinkled Seersucker construction meets architectural precision in this bikini top. Designed for the intelligent, independent woman. The Chalk White colorway with Stone Gray accents creates a sophisticated palette. Pure minimalist luxury elegance.</p>",Twessie,Bikini Top,"architectural swimsuit, Crinkled Seersucker bikini, luxury Chalk White swimwear, independent fashion, high-end swimwear",TRUE,Color,Chalk White,Size,XXL,TWESSIE_NA_BT_0410-Chalk White-XXL,168.0,,10
twessie-na-bt-0410,Crinkled Seersucker High-Waist Bikini Top in Chalk White,"<p>Crinkled Seersucker construction meets architectural precision in this bikini top. Designed for the intelligent, independent woman. The Chalk White colorway with Stone Gray accents creates a sophisticated palette. Pure minimalist luxury elegance.</p>",Twessie,Bikini Top,"architectural swimsuit, Crinkled Seersucker bikini, luxury Chalk White swimwear, independent fashion, high-end swimwear",TRUE,Color,Stone Gray,Size,XS,TWESSIE_NA_BT_0410-Stone Gray-XS,168.0,,10
twessie-na-bt-0410,Crinkled Seersucker High-Waist Bikini Top in Chalk White,"<p>Crinkled Seersucker construction meets architectural precision in this bikini top. Designed for the intelligent, independent woman. The Chalk White colorway with Stone Gray accents creates a sophisticated palette. Pure minimalist luxury elegance.</p>",Twessie,Bikini Top,"architectural swimsuit, Crinkled Seersucker bikini, luxury Chalk White swimwear, independent fashion, high-end swimwear",TRUE,Color,Stone Gray,Size,S,TWESSIE_NA_BT_0410-Stone Gray-S,168.0,,10
twessie-na-bt-0410,Crinkled Seersucker High-Waist Bikini Top in Chalk White,"<p>Crinkled Seersucker construction meets architectural precision in this bikini top. Designed for the intelligent, independent woman. The Chalk White colorway with Stone Gray accents creates a sophisticated palette. Pure minimalist luxury elegance.</p>",Twessie,Bikini Top,"architectural swimsuit, Crinkled Seersucker bikini, luxury Chalk White swimwear, independent fashion, high-end swimwear",TRUE,Color,Stone Gray,Size,M,TWESSIE_NA_BT_0410-Stone Gray-M,168.0,,10
twessie-na-bt-0410,Crinkled Seersucker High-Waist Bikini Top in Chalk White,"<p>Crinkled Seersucker construction meets architectural precision in this bikini top. Designed for the intelligent, independent woman. The Chalk White colorway with Stone Gray accents creates a sophisticated palette. Pure minimalist luxury elegance.</p>",Twessie,Bikini Top,"architectural swimsuit, Crinkled Seersucker bikini, luxury Chalk White swimwear, independent fashion, high-end swimwear",TRUE,Color,Stone Gray,Size,L,TWESSIE_NA_BT_0410-Stone Gray-L,168.0,,10
twessie-na-bt-0410,Crinkled Seersucker High-Waist Bikini Top in Chalk White,"<p>Crinkled Seersucker construction meets architectural precision in this bikini top. Designed for the intelligent, independent woman. The Chalk White colorway with Stone Gray accents creates a sophisticated palette. Pure minimalist luxury elegance.</p>",Twessie,Bikini Top,"architectural swimsuit, Crinkled Seersucker bikini, luxury Chalk White swimwear, independent fashion, high-end swimwear",TRUE,Color,Stone Gray,Size,XL,TWESSIE_NA_BT_0410-Stone Gray-XL,168.0,,10
twessie-na-bt-0410,Crinkled Seersucker High-Waist Bikini Top in Chalk White,"<p>Crinkled Seersucker construction meets architectural precision in this bikini top. Designed for the intelligent, independent woman. The Chalk White colorway with Stone Gray accents creates a sophisticated palette. Pure minimalist luxury elegance.</p>",Twessie,Bikini Top,"architectural swimsuit, Crinkled Seersucker bikini, luxury Chalk White swimwear, independent fashion, high-end swimwear",TRUE,Color,Stone Gray,Size,XXL,TWESSIE_NA_BT_0410-Stone Gray-XXL,168.0,,10
twessie-jp-bt-0501,Architecture-Cut Chalk White Bikini Top,"<p>Crinkled Seersucker construction meets architectural precision in this bikini top. Designed for the intelligent, independent woman. The Chalk White colorway with Stone Gray accents creates a sophisticated palette. Pure intelligent aesthetic elegance.</p>",Twessie,Bikini Top,"architectural swimsuit, minimalist bikini top, minimalist luxury, luxury Chalk White swimwear, Crinkled Seersucker bikini",TRUE,Color,Chalk White,Size,XS,TWESSIE_JP_BT_0501-Chalk White-XS,168.0,,10
twessie-jp-bt-0501,Architecture-Cut Chalk White Bikini Top,"<p>Crinkled Seersucker construction meets architectural precision in this bikini top. Designed for the intelligent, independent woman. The Chalk White colorway with Stone Gray accents creates a sophisticated palette. Pure intelligent aesthetic elegance.</p>",Twessie,Bikini Top,"architectural swimsuit, minimalist bikini top, minimalist luxury, luxury Chalk White swimwear, Crinkled Seersucker bikini",TRUE,Color,Chalk White,Size,S,TWESSIE_JP_BT_0501-Chalk White-S,168.0,,10
twessie-jp-bt-0501,Architecture-Cut Chalk White Bikini Top,"<p>Crinkled Seersucker construction meets architectural precision in this bikini top. Designed for the intelligent, independent woman. The Chalk White colorway with Stone Gray accents creates a sophisticated palette. Pure intelligent aesthetic elegance.</p>",Twessie,Bikini Top,"architectural swimsuit, minimalist bikini top, minimalist luxury, luxury Chalk White swimwear, Crinkled Seersucker bikini",TRUE,Color,Chalk White,Size,M,TWESSIE_JP_BT_0501-Chalk White-M,168.0,,10
twessie-jp-bt-0501,Architecture-Cut Chalk White Bikini Top,"<p>Crinkled Seersucker construction meets architectural precision in this bikini top. Designed for the intelligent, independent woman. The Chalk White colorway with Stone Gray accents creates a sophisticated palette. Pure intelligent aesthetic elegance.</p>",Twessie,Bikini Top,"architectural swimsuit, minimalist bikini top, minimalist luxury, luxury Chalk White swimwear, Crinkled Seersucker bikini",TRUE,Color,Chalk White,Size,L,TWESSIE_JP_BT_0501-Chalk White-L,168.0,,10
twessie-jp-bt-0501,Architecture-Cut Chalk White Bikini Top,"<p>Crinkled Seersucker construction meets architectural precision in this bikini top. Designed for the intelligent, independent woman. The Chalk White colorway with Stone Gray accents creates a sophisticated palette. Pure intelligent aesthetic elegance.</p>",Twessie,Bikini Top,"architectural swimsuit, minimalist bikini top, minimalist luxury, luxury Chalk White swimwear, Crinkled Seersucker bikini",TRUE,Color,Chalk White,Size,XL,TWESSIE_JP_BT_0501-Chalk White-XL,168.0,,10
twessie-jp-bt-0501,Architecture-Cut Chalk White Bikini Top,"<p>Crinkled Seersucker construction meets architectural precision in this bikini top. Designed for the intelligent, independent woman. The Chalk White colorway with Stone Gray accents creates a sophisticated palette. Pure intelligent aesthetic elegance.</p>",Twessie,Bikini Top,"architectural swimsuit, minimalist bikini top, minimalist luxury, luxury Chalk White swimwear, Crinkled Seersucker bikini",TRUE,Color,Chalk White,Size,XXL,TWESSIE_JP_BT_0501-Chalk White-XXL,168.0,,10
twessie-jp-bt-0501,Architecture-Cut Chalk White Bikini Top,"<p>Crinkled Seersucker construction meets architectural precision in this bikini top. Designed for the intelligent, independent woman. The Chalk White colorway with Stone Gray accents creates a sophisticated palette. Pure intelligent aesthetic elegance.</p>",Twessie,Bikini Top,"architectural swimsuit, minimalist bikini top, minimalist luxury, luxury Chalk White swimwear, Crinkled Seersucker bikini",TRUE,Color,Stone Gray,Size,XS,TWESSIE_JP_BT_0501-Stone Gray-XS,168.0,,10
twessie-jp-bt-0501,Architecture-Cut Chalk White Bikini Top,"<p>Crinkled Seersucker construction meets architectural precision in this bikini top. Designed for the intelligent, independent woman. The Chalk White colorway with Stone Gray accents creates a sophisticated palette. Pure intelligent aesthetic elegance.</p>",Twessie,Bikini Top,"architectural swimsuit, minimalist bikini top, minimalist luxury, luxury Chalk White swimwear, Crinkled Seersucker bikini",TRUE,Color,Stone Gray,Size,S,TWESSIE_JP_BT_0501-Stone Gray-S,168.0,,10
twessie-jp-bt-0501,Architecture-Cut Chalk White Bikini Top,"<p>Crinkled Seersucker construction meets architectural precision in this bikini top. Designed for the intelligent, independent woman. The Chalk White colorway with Stone Gray accents creates a sophisticated palette. Pure intelligent aesthetic elegance.</p>",Twessie,Bikini Top,"architectural swimsuit, minimalist bikini top, minimalist luxury, luxury Chalk White swimwear, Crinkled Seersucker bikini",TRUE,Color,Stone Gray,Size,M,TWESSIE_JP_BT_0501-Stone Gray-M,168.0,,10
twessie-jp-bt-0501,Architecture-Cut Chalk White Bikini Top,"<p>Crinkled Seersucker construction meets architectural precision in this bikini top. Designed for the intelligent, independent woman. The Chalk White colorway with Stone Gray accents creates a sophisticated palette. Pure intelligent aesthetic elegance.</p>",Twessie,Bikini Top,"architectural swimsuit, minimalist bikini top, minimalist luxury, luxury Chalk White swimwear, Crinkled Seersucker bikini",TRUE,Color,Stone Gray,Size,L,TWESSIE_JP_BT_0501-Stone Gray-L,168.0,,10
twessie-jp-bt-0501,Architecture-Cut Chalk White Bikini Top,"<p>Crinkled Seersucker construction meets architectural precision in this bikini top. Designed for the intelligent, independent woman. The Chalk White colorway with Stone Gray accents creates a sophisticated palette. Pure intelligent aesthetic elegance.</p>",Twessie,Bikini Top,"architectural swimsuit, minimalist bikini top, minimalist luxury, luxury Chalk White swimwear, Crinkled Seersucker bikini",TRUE,Color,Stone Gray,Size,XL,TWESSIE_JP_BT_0501-Stone Gray-XL,168.0,,10
twessie-jp-bt-0501,Architecture-Cut Chalk White Bikini Top,"<p>Crinkled Seersucker construction meets architectural precision in this bikini top. Designed for the intelligent, independent woman. The Chalk White colorway with Stone Gray accents creates a sophisticated palette. Pure intelligent aesthetic elegance.</p>",Twessie,Bikini Top,"architectural swimsuit, minimalist bikini top, minimalist luxury, luxury Chalk White swimwear, Crinkled Seersucker bikini",TRUE,Color,Stone Gray,Size,XXL,TWESSIE_JP_BT_0501-Stone Gray-XXL,168.0,,10
twessie-na-ha-0502,Sculptural Halter Accessory - Olive Drab,"<p>Matte Ribbed Knit construction meets architectural precision in this halter strap accessory. Designed for the intelligent, independent woman. The Olive Drab colorway with Burnt Terracotta accents creates a sophisticated palette. Pure architectural elegance elegance.</p>",Twessie,Halter Strap Accessory,"luxury Olive Drab swimwear, architectural swimsuit, high-end swimwear, independent fashion, minimalist halter strap accessory",TRUE,Color,Olive Drab,Size,XS,TWESSIE_NA_HA_0502-Olive Drab-XS,168.0,,10
twessie-na-ha-0502,Sculptural Halter Accessory - Olive Drab,"<p>Matte Ribbed Knit construction meets architectural precision in this halter strap accessory. Designed for the intelligent, independent woman. The Olive Drab colorway with Burnt Terracotta accents creates a sophisticated palette. Pure architectural elegance elegance.</p>",Twessie,Halter Strap Accessory,"luxury Olive Drab swimwear, architectural swimsuit, high-end swimwear, independent fashion, minimalist halter strap accessory",TRUE,Color,Olive Drab,Size,S,TWESSIE_NA_HA_0502-Olive Drab-S,168.0,,10
twessie-na-ha-0502,Sculptural Halter Accessory - Olive Drab,"<p>Matte Ribbed Knit construction meets architectural precision in this halter strap accessory. Designed for the intelligent, independent woman. The Olive Drab colorway with Burnt Terracotta accents creates a sophisticated palette. Pure architectural elegance elegance.</p>",Twessie,Halter Strap Accessory,"luxury Olive Drab swimwear, architectural swimsuit, high-end swimwear, independent fashion, minimalist halter strap accessory",TRUE,Color,Olive Drab,Size,M,TWESSIE_NA_HA_0502-Olive Drab-M,168.0,,10
twessie-na-ha-0502,Sculptural Halter Accessory - Olive Drab,"<p>Matte Ribbed Knit construction meets architectural precision in this halter strap accessory. Designed for the intelligent, independent woman. The Olive Drab colorway with Burnt Terracotta accents creates a sophisticated palette. Pure architectural elegance elegance.</p>",Twessie,Halter Strap Accessory,"luxury Olive Drab swimwear, architectural swimsuit, high-end swimwear, independent fashion, minimalist halter strap accessory",TRUE,Color,Olive Drab,Size,L,TWESSIE_NA_HA_0502-Olive Drab-L,168.0,,10
twessie-na-ha-0502,Sculptural Halter Accessory - Olive Drab,"<p>Matte Ribbed Knit construction meets architectural precision in this halter strap accessory. Designed for the intelligent, independent woman. The Olive Drab colorway with Burnt Terracotta accents creates a sophisticated palette. Pure architectural elegance elegance.</p>",Twessie,Halter Strap Accessory,"luxury Olive Drab swimwear, architectural swimsuit, high-end swimwear, independent fashion, minimalist halter strap accessory",TRUE,Color,Olive Drab,Size,XL,TWESSIE_NA_HA_0502-Olive Drab-XL,168.0,,10
twessie-na-ha-0502,Sculptural Halter Accessory - Olive Drab,"<p>Matte Ribbed Knit construction meets architectural precision in this halter strap accessory. Designed for the intelligent, independent woman. The Olive Drab colorway with Burnt Terracotta accents creates a sophisticated palette. Pure architectural elegance elegance.</p>",Twessie,Halter Strap Accessory,"luxury Olive Drab swimwear, architectural swimsuit, high-end swimwear, independent fashion, minimalist halter strap accessory",TRUE,Color,Olive Drab,Size,XXL,TWESSIE_NA_HA_0502-Olive Drab-XXL,168.0,,10
twessie-na-ha-0502,Sculptural Halter Accessory - Olive Drab,"<p>Matte Ribbed Knit construction meets architectural precision in this halter strap accessory. Designed for the intelligent, independent woman. The Olive Drab colorway with Burnt Terracotta accents creates a sophisticated palette. Pure architectural elegance elegance.</p>",Twessie,Halter Strap Accessory,"luxury Olive Drab swimwear, architectural swimsuit, high-end swimwear, independent fashion, minimalist halter strap accessory",TRUE,Color,Burnt Terracotta,Size,XS,TWESSIE_NA_HA_0502-Burnt Terracotta-XS,168.0,,10
twessie-na-ha-0502,Sculptural Halter Accessory - Olive Drab,"<p>Matte Ribbed Knit construction meets architectural precision in this halter strap accessory. Designed for the intelligent, independent woman. The Olive Drab colorway with Burnt Terracotta accents creates a sophisticated palette. Pure architectural elegance elegance.</p>",Twessie,Halter Strap Accessory,"luxury Olive Drab swimwear, architectural swimsuit, high-end swimwear, independent fashion, minimalist halter strap accessory",TRUE,Color,Burnt Terracotta,Size,S,TWESSIE_NA_HA_0502-Burnt Terracotta-S,168.0,,10
twessie-na-ha-0502,Sculptural Halter Accessory - Olive Drab,"<p>Matte Ribbed Knit construction meets architectural precision in this halter strap accessory. Designed for the intelligent, independent woman. The Olive Drab colorway with Burnt Terracotta accents creates a sophisticated palette. Pure architectural elegance elegance.</p>",Twessie,Halter Strap Accessory,"luxury Olive Drab swimwear, architectural swimsuit, high-end swimwear, independent fashion, minimalist halter strap accessory",TRUE,Color,Burnt Terracotta,Size,M,TWESSIE_NA_HA_0502-Burnt Terracotta-M,168.0,,10
twessie-na-ha-0502,Sculptural Halter Accessory - Olive Drab,"<p>Matte Ribbed Knit construction meets architectural precision in this halter strap accessory. Designed for the intelligent, independent woman. The Olive Drab colorway with Burnt Terracotta accents creates a sophisticated palette. Pure architectural elegance elegance.</p>",Twessie,Halter Strap Accessory,"luxury Olive Drab swimwear, architectural swimsuit, high-end swimwear, independent fashion, minimalist halter strap accessory",TRUE,Color,Burnt Terracotta,Size,L,TWESSIE_NA_HA_0502-Burnt Terracotta-L,168.0,,10
twessie-na-ha-0502,Sculptural Halter Accessory - Olive Drab,"<p>Matte Ribbed Knit construction meets architectural precision in this halter strap accessory. Designed for the intelligent, independent woman. The Olive Drab colorway with Burnt Terracotta accents creates a sophisticated palette. Pure architectural elegance elegance.</p>",Twessie,Halter Strap Accessory,"luxury Olive Drab swimwear, architectural swimsuit, high-end swimwear, independent fashion, minimalist halter strap accessory",TRUE,Color,Burnt Terracotta,Size,XL,TWESSIE_NA_HA_0502-Burnt Terracotta-XL,168.0,,10
twessie-na-ha-0502,Sculptural Halter Accessory - Olive Drab,"<p>Matte Ribbed Knit construction meets architectural precision in this halter strap accessory. Designed for the intelligent, independent woman. The Olive Drab colorway with Burnt Terracotta accents creates a sophisticated palette. Pure architectural elegance elegance.</p>",Twessie,Halter Strap Accessory,"luxury Olive Drab swimwear, architectural swimsuit, high-end swimwear, independent fashion, minimalist halter strap accessory",TRUE,Color,Burnt Terracotta,Size,XXL,TWESSIE_NA_HA_0502-Burnt Terracotta-XXL,168.0,,10
twessie-au-bt-0503,Architecture-Cut Obsidian Black Bikini Top,"<p>Econyl Sleek Satin construction meets architectural precision in this bikini top. Designed for the intelligent, independent woman. The Obsidian Black colorway with Chalk White accents creates a sophisticated palette. Pure rebellious yet refined elegance.</p>",Twessie,Bikini Top,"high-end swimwear, independent fashion, minimalist bikini top, minimalist luxury, architectural swimsuit",TRUE,Color,Obsidian Black,Size,XS,TWESSIE_AU_BT_0503-Obsidian Black-XS,168.0,,10
twessie-au-bt-0503,Architecture-Cut Obsidian Black Bikini Top,"<p>Econyl Sleek Satin construction meets architectural precision in this bikini top. Designed for the intelligent, independent woman. The Obsidian Black colorway with Chalk White accents creates a sophisticated palette. Pure rebellious yet refined elegance.</p>",Twessie,Bikini Top,"high-end swimwear, independent fashion, minimalist bikini top, minimalist luxury, architectural swimsuit",TRUE,Color,Obsidian Black,Size,S,TWESSIE_AU_BT_0503-Obsidian Black-S,168.0,,10
twessie-au-bt-0503,Architecture-Cut Obsidian Black Bikini Top,"<p>Econyl Sleek Satin construction meets architectural precision in this bikini top. Designed for the intelligent, independent woman. The Obsidian Black colorway with Chalk White accents creates a sophisticated palette. Pure rebellious yet refined elegance.</p>",Twessie,Bikini Top,"high-end swimwear, independent fashion, minimalist bikini top, minimalist luxury, architectural swimsuit",TRUE,Color,Obsidian Black,Size,M,TWESSIE_AU_BT_0503-Obsidian Black-M,168.0,,10
twessie-au-bt-0503,Architecture-Cut Obsidian Black Bikini Top,"<p>Econyl Sleek Satin construction meets architectural precision in this bikini top. Designed for the intelligent, independent woman. The Obsidian Black colorway with Chalk White accents creates a sophisticated palette. Pure rebellious yet refined elegance.</p>",Twessie,Bikini Top,"high-end swimwear, independent fashion, minimalist bikini top, minimalist luxury, architectural swimsuit",TRUE,Color,Obsidian Black,Size,L,TWESSIE_AU_BT_0503-Obsidian Black-L,168.0,,10
twessie-au-bt-0503,Architecture-Cut Obsidian Black Bikini Top,"<p>Econyl Sleek Satin construction meets architectural precision in this bikini top. Designed for the intelligent, independent woman. The Obsidian Black colorway with Chalk White accents creates a sophisticated palette. Pure rebellious yet refined elegance.</p>",Twessie,Bikini Top,"high-end swimwear, independent fashion, minimalist bikini top, minimalist luxury, architectural swimsuit",TRUE,Color,Obsidian Black,Size,XL,TWESSIE_AU_BT_0503-Obsidian Black-XL,168.0,,10
twessie-au-bt-0503,Architecture-Cut Obsidian Black Bikini Top,"<p>Econyl Sleek Satin construction meets architectural precision in this bikini top. Designed for the intelligent, independent woman. The Obsidian Black colorway with Chalk White accents creates a sophisticated palette. Pure rebellious yet refined elegance.</p>",Twessie,Bikini Top,"high-end swimwear, independent fashion, minimalist bikini top, minimalist luxury, architectural swimsuit",TRUE,Color,Obsidian Black,Size,XXL,TWESSIE_AU_BT_0503-Obsidian Black-XXL,168.0,,10
twessie-au-bt-0503,Architecture-Cut Obsidian Black Bikini Top,"<p>Econyl Sleek Satin construction meets architectural precision in this bikini top. Designed for the intelligent, independent woman. The Obsidian Black colorway with Chalk White accents creates a sophisticated palette. Pure rebellious yet refined elegance.</p>",Twessie,Bikini Top,"high-end swimwear, independent fashion, minimalist bikini top, minimalist luxury, architectural swimsuit",TRUE,Color,Chalk White,Size,XS,TWESSIE_AU_BT_0503-Chalk White-XS,168.0,,10
twessie-au-bt-0503,Architecture-Cut Obsidian Black Bikini Top,"<p>Econyl Sleek Satin construction meets architectural precision in this bikini top. Designed for the intelligent, independent woman. The Obsidian Black colorway with Chalk White accents creates a sophisticated palette. Pure rebellious yet refined elegance.</p>",Twessie,Bikini Top,"high-end swimwear, independent fashion, minimalist bikini top, minimalist luxury, architectural swimsuit",TRUE,Color,Chalk White,Size,S,TWESSIE_AU_BT_0503-Chalk White-S,168.0,,10
twessie-au-bt-0503,Architecture-Cut Obsidian Black Bikini Top,"<p>Econyl Sleek Satin construction meets architectural precision in this bikini top. Designed for the intelligent, independent woman. The Obsidian Black colorway with Chalk White accents creates a sophisticated palette. Pure rebellious yet refined elegance.</p>",Twessie,Bikini Top,"high-end swimwear, independent fashion, minimalist bikini top, minimalist luxury, architectural swimsuit",TRUE,Color,Chalk White,Size,M,TWESSIE_AU_BT_0503-Chalk White-M,168.0,,10
twessie-au-bt-0503,Architecture-Cut Obsidian Black Bikini Top,"<p>Econyl Sleek Satin construction meets architectural precision in this bikini top. Designed for the intelligent, independent woman. The Obsidian Black colorway with Chalk White accents creates a sophisticated palette. Pure rebellious yet refined elegance.</p>",Twessie,Bikini Top,"high-end swimwear, independent fashion, minimalist bikini top, minimalist luxury, architectural swimsuit",TRUE,Color,Chalk White,Size,L,TWESSIE_AU_BT_0503-Chalk White-L,168.0,,10
twessie-au-bt-0503,Architecture-Cut Obsidian Black Bikini Top,"<p>Econyl Sleek Satin construction meets architectural precision in this bikini top. Designed for the intelligent, independent woman. The Obsidian Black colorway with Chalk White accents creates a sophisticated palette. Pure rebellious yet refined elegance.</p>",Twessie,Bikini Top,"high-end swimwear, independent fashion, minimalist bikini top, minimalist luxury, architectural swimsuit",TRUE,Color,Chalk White,Size,XL,TWESSIE_AU_BT_0503-Chalk White-XL,168.0,,10
twessie-au-bt-0503,Architecture-Cut Obsidian Black Bikini Top,"<p>Econyl Sleek Satin construction meets architectural precision in this bikini top. Designed for the intelligent, independent woman. The Obsidian Black colorway with Chalk White accents creates a sophisticated palette. Pure rebellious yet refined elegance.</p>",Twessie,Bikini Top,"high-end swimwear, independent fashion, minimalist bikini top, minimalist luxury, architectural swimsuit",TRUE,Color,Chalk White,Size,XXL,TWESSIE_AU_BT_0503-Chalk White-XXL,168.0,,10
twessie-au-ha-0504,Sculptural Halter Accessory - Stone Gray,<p>Crafted in premium Crinkled Seersucker with Econyl Sleek Satin accents. This halter strap accessory epitomizes intelligent aesthetic luxury. Featuring color-blocking in Stone Gray and Chalk White. Perfect for the discerning swimmer who refuses the obvious.</p>,Twessie,Halter Strap Accessory,"independent fashion, architectural swimsuit, luxury Stone Gray swimwear, minimalist luxury, Crinkled Seersucker bikini",TRUE,Color,Stone Gray,Size,XS,TWESSIE_AU_HA_0504-Stone Gray-XS,168.0,,10
twessie-au-ha-0504,Sculptural Halter Accessory - Stone Gray,<p>Crafted in premium Crinkled Seersucker with Econyl Sleek Satin accents. This halter strap accessory epitomizes intelligent aesthetic luxury. Featuring color-blocking in Stone Gray and Chalk White. Perfect for the discerning swimmer who refuses the obvious.</p>,Twessie,Halter Strap Accessory,"independent fashion, architectural swimsuit, luxury Stone Gray swimwear, minimalist luxury, Crinkled Seersucker bikini",TRUE,Color,Stone Gray,Size,S,TWESSIE_AU_HA_0504-Stone Gray-S,168.0,,10
twessie-au-ha-0504,Sculptural Halter Accessory - Stone Gray,<p>Crafted in premium Crinkled Seersucker with Econyl Sleek Satin accents. This halter strap accessory epitomizes intelligent aesthetic luxury. Featuring color-blocking in Stone Gray and Chalk White. Perfect for the discerning swimmer who refuses the obvious.</p>,Twessie,Halter Strap Accessory,"independent fashion, architectural swimsuit, luxury Stone Gray swimwear, minimalist luxury, Crinkled Seersucker bikini",TRUE,Color,Stone Gray,Size,M,TWESSIE_AU_HA_0504-Stone Gray-M,168.0,,10
twessie-au-ha-0504,Sculptural Halter Accessory - Stone Gray,<p>Crafted in premium Crinkled Seersucker with Econyl Sleek Satin accents. This halter strap accessory epitomizes intelligent aesthetic luxury. Featuring color-blocking in Stone Gray and Chalk White. Perfect for the discerning swimmer who refuses the obvious.</p>,Twessie,Halter Strap Accessory,"independent fashion, architectural swimsuit, luxury Stone Gray swimwear, minimalist luxury, Crinkled Seersucker bikini",TRUE,Color,Stone Gray,Size,L,TWESSIE_AU_HA_0504-Stone Gray-L,168.0,,10
twessie-au-ha-0504,Sculptural Halter Accessory - Stone Gray,<p>Crafted in premium Crinkled Seersucker with Econyl Sleek Satin accents. This halter strap accessory epitomizes intelligent aesthetic luxury. Featuring color-blocking in Stone Gray and Chalk White. Perfect for the discerning swimmer who refuses the obvious.</p>,Twessie,Halter Strap Accessory,"independent fashion, architectural swimsuit, luxury Stone Gray swimwear, minimalist luxury, Crinkled Seersucker bikini",TRUE,Color,Stone Gray,Size,XL,TWESSIE_AU_HA_0504-Stone Gray-XL,168.0,,10
twessie-au-ha-0504,Sculptural Halter Accessory - Stone Gray,<p>Crafted in premium Crinkled Seersucker with Econyl Sleek Satin accents. This halter strap accessory epitomizes intelligent aesthetic luxury. Featuring color-blocking in Stone Gray and Chalk White. Perfect for the discerning swimmer who refuses the obvious.</p>,Twessie,Halter Strap Accessory,"independent fashion, architectural swimsuit, luxury Stone Gray swimwear, minimalist luxury, Crinkled Seersucker bikini",TRUE,Color,Stone Gray,Size,XXL,TWESSIE_AU_HA_0504-Stone Gray-XXL,168.0,,10
twessie-au-ha-0504,Sculptural Halter Accessory - Stone Gray,<p>Crafted in premium Crinkled Seersucker with Econyl Sleek Satin accents. This halter strap accessory epitomizes intelligent aesthetic luxury. Featuring color-blocking in Stone Gray and Chalk White. Perfect for the discerning swimmer who refuses the obvious.</p>,Twessie,Halter Strap Accessory,"independent fashion, architectural swimsuit, luxury Stone Gray swimwear, minimalist luxury, Crinkled Seersucker bikini",TRUE,Color,Chalk White,Size,XS,TWESSIE_AU_HA_0504-Chalk White-XS,168.0,,10
twessie-au-ha-0504,Sculptural Halter Accessory - Stone Gray,<p>Crafted in premium Crinkled Seersucker with Econyl Sleek Satin accents. This halter strap accessory epitomizes intelligent aesthetic luxury. Featuring color-blocking in Stone Gray and Chalk White. Perfect for the discerning swimmer who refuses the obvious.</p>,Twessie,Halter Strap Accessory,"independent fashion, architectural swimsuit, luxury Stone Gray swimwear, minimalist luxury, Crinkled Seersucker bikini",TRUE,Color,Chalk White,Size,S,TWESSIE_AU_HA_0504-Chalk White-S,168.0,,10
twessie-au-ha-0504,Sculptural Halter Accessory - Stone Gray,<p>Crafted in premium Crinkled Seersucker with Econyl Sleek Satin accents. This halter strap accessory epitomizes intelligent aesthetic luxury. Featuring color-blocking in Stone Gray and Chalk White. Perfect for the discerning swimmer who refuses the obvious.</p>,Twessie,Halter Strap Accessory,"independent fashion, architectural swimsuit, luxury Stone Gray swimwear, minimalist luxury, Crinkled Seersucker bikini",TRUE,Color,Chalk White,Size,M,TWESSIE_AU_HA_0504-Chalk White-M,168.0,,10
twessie-au-ha-0504,Sculptural Halter Accessory - Stone Gray,<p>Crafted in premium Crinkled Seersucker with Econyl Sleek Satin accents. This halter strap accessory epitomizes intelligent aesthetic luxury. Featuring color-blocking in Stone Gray and Chalk White. Perfect for the discerning swimmer who refuses the obvious.</p>,Twessie,Halter Strap Accessory,"independent fashion, architectural swimsuit, luxury Stone Gray swimwear, minimalist luxury, Crinkled Seersucker bikini",TRUE,Color,Chalk White,Size,L,TWESSIE_AU_HA_0504-Chalk White-L,168.0,,10
twessie-au-ha-0504,Sculptural Halter Accessory - Stone Gray,<p>Crafted in premium Crinkled Seersucker with Econyl Sleek Satin accents. This halter strap accessory epitomizes intelligent aesthetic luxury. Featuring color-blocking in Stone Gray and Chalk White. Perfect for the discerning swimmer who refuses the obvious.</p>,Twessie,Halter Strap Accessory,"independent fashion, architectural swimsuit, luxury Stone Gray swimwear, minimalist luxury, Crinkled Seersucker bikini",TRUE,Color,Chalk White,Size,XL,TWESSIE_AU_HA_0504-Chalk White-XL,168.0,,10
twessie-au-ha-0504,Sculptural Halter Accessory - Stone Gray,<p>Crafted in premium Crinkled Seersucker with Econyl Sleek Satin accents. This halter strap accessory epitomizes intelligent aesthetic luxury. Featuring color-blocking in Stone Gray and Chalk White. Perfect for the discerning swimmer who refuses the obvious.</p>,Twessie,Halter Strap Accessory,"independent fashion, architectural swimsuit, luxury Stone Gray swimwear, minimalist luxury, Crinkled Seersucker bikini",TRUE,Color,Chalk White,Size,XXL,TWESSIE_AU_HA_0504-Chalk White-XXL,168.0,,10
twessie-eu-bt-0505,Chalk White Sculptural Crinkled Seersucker Bikini Top,<p>Crafted in premium Crinkled Seersucker with Econyl Sleek Satin accents. This bikini top epitomizes rebellious yet refined luxury. Featuring color-blocking in Chalk White and Stone Gray. Perfect for the discerning swimmer who refuses the obvious.</p>,Twessie,Bikini Top,"luxury Chalk White swimwear, independent fashion, Crinkled Seersucker bikini, minimalist bikini top, architectural swimsuit",TRUE,Color,Chalk White,Size,XS,TWESSIE_EU_BT_0505-Chalk White-XS,168.0,,10
twessie-eu-bt-0505,Chalk White Sculptural Crinkled Seersucker Bikini Top,<p>Crafted in premium Crinkled Seersucker with Econyl Sleek Satin accents. This bikini top epitomizes rebellious yet refined luxury. Featuring color-blocking in Chalk White and Stone Gray. Perfect for the discerning swimmer who refuses the obvious.</p>,Twessie,Bikini Top,"luxury Chalk White swimwear, independent fashion, Crinkled Seersucker bikini, minimalist bikini top, architectural swimsuit",TRUE,Color,Chalk White,Size,S,TWESSIE_EU_BT_0505-Chalk White-S,168.0,,10
twessie-eu-bt-0505,Chalk White Sculptural Crinkled Seersucker Bikini Top,<p>Crafted in premium Crinkled Seersucker with Econyl Sleek Satin accents. This bikini top epitomizes rebellious yet refined luxury. Featuring color-blocking in Chalk White and Stone Gray. Perfect for the discerning swimmer who refuses the obvious.</p>,Twessie,Bikini Top,"luxury Chalk White swimwear, independent fashion, Crinkled Seersucker bikini, minimalist bikini top, architectural swimsuit",TRUE,Color,Chalk White,Size,M,TWESSIE_EU_BT_0505-Chalk White-M,168.0,,10
twessie-eu-bt-0505,Chalk White Sculptural Crinkled Seersucker Bikini Top,<p>Crafted in premium Crinkled Seersucker with Econyl Sleek Satin accents. This bikini top epitomizes rebellious yet refined luxury. Featuring color-blocking in Chalk White and Stone Gray. Perfect for the discerning swimmer who refuses the obvious.</p>,Twessie,Bikini Top,"luxury Chalk White swimwear, independent fashion, Crinkled Seersucker bikini, minimalist bikini top, architectural swimsuit",TRUE,Color,Chalk White,Size,L,TWESSIE_EU_BT_0505-Chalk White-L,168.0,,10
twessie-eu-bt-0505,Chalk White Sculptural Crinkled Seersucker Bikini Top,<p>Crafted in premium Crinkled Seersucker with Econyl Sleek Satin accents. This bikini top epitomizes rebellious yet refined luxury. Featuring color-blocking in Chalk White and Stone Gray. Perfect for the discerning swimmer who refuses the obvious.</p>,Twessie,Bikini Top,"luxury Chalk White swimwear, independent fashion, Crinkled Seersucker bikini, minimalist bikini top, architectural swimsuit",TRUE,Color,Chalk White,Size,XL,TWESSIE_EU_BT_0505-Chalk White-XL,168.0,,10
twessie-eu-bt-0505,Chalk White Sculptural Crinkled Seersucker Bikini Top,<p>Crafted in premium Crinkled Seersucker with Econyl Sleek Satin accents. This bikini top epitomizes rebellious yet refined luxury. Featuring color-blocking in Chalk White and Stone Gray. Perfect for the discerning swimmer who refuses the obvious.</p>,Twessie,Bikini Top,"luxury Chalk White swimwear, independent fashion, Crinkled Seersucker bikini, minimalist bikini top, architectural swimsuit",TRUE,Color,Chalk White,Size,XXL,TWESSIE_EU_BT_0505-Chalk White-XXL,168.0,,10
twessie-eu-bt-0505,Chalk White Sculptural Crinkled Seersucker Bikini Top,<p>Crafted in premium Crinkled Seersucker with Econyl Sleek Satin accents. This bikini top epitomizes rebellious yet refined luxury. Featuring color-blocking in Chalk White and Stone Gray. Perfect for the discerning swimmer who refuses the obvious.</p>,Twessie,Bikini Top,"luxury Chalk White swimwear, independent fashion, Crinkled Seersucker bikini, minimalist bikini top, architectural swimsuit",TRUE,Color,Stone Gray,Size,XS,TWESSIE_EU_BT_0505-Stone Gray-XS,168.0,,10
twessie-eu-bt-0505,Chalk White Sculptural Crinkled Seersucker Bikini Top,<p>Crafted in premium Crinkled Seersucker with Econyl Sleek Satin accents. This bikini top epitomizes rebellious yet refined luxury. Featuring color-blocking in Chalk White and Stone Gray. Perfect for the discerning swimmer who refuses the obvious.</p>,Twessie,Bikini Top,"luxury Chalk White swimwear, independent fashion, Crinkled Seersucker bikini, minimalist bikini top, architectural swimsuit",TRUE,Color,Stone Gray,Size,S,TWESSIE_EU_BT_0505-Stone Gray-S,168.0,,10
twessie-eu-bt-0505,Chalk White Sculptural Crinkled Seersucker Bikini Top,<p>Crafted in premium Crinkled Seersucker with Econyl Sleek Satin accents. This bikini top epitomizes rebellious yet refined luxury. Featuring color-blocking in Chalk White and Stone Gray. Perfect for the discerning swimmer who refuses the obvious.</p>,Twessie,Bikini Top,"luxury Chalk White swimwear, independent fashion, Crinkled Seersucker bikini, minimalist bikini top, architectural swimsuit",TRUE,Color,Stone Gray,Size,M,TWESSIE_EU_BT_0505-Stone Gray-M,168.0,,10
twessie-eu-bt-0505,Chalk White Sculptural Crinkled Seersucker Bikini Top,<p>Crafted in premium Crinkled Seersucker with Econyl Sleek Satin accents. This bikini top epitomizes rebellious yet refined luxury. Featuring color-blocking in Chalk White and Stone Gray. Perfect for the discerning swimmer who refuses the obvious.</p>,Twessie,Bikini Top,"luxury Chalk White swimwear, independent fashion, Crinkled Seersucker bikini, minimalist bikini top, architectural swimsuit",TRUE,Color,Stone Gray,Size,L,TWESSIE_EU_BT_0505-Stone Gray-L,168.0,,10
twessie-eu-bt-0505,Chalk White Sculptural Crinkled Seersucker Bikini Top,<p>Crafted in premium Crinkled Seersucker with Econyl Sleek Satin accents. This bikini top epitomizes rebellious yet refined luxury. Featuring color-blocking in Chalk White and Stone Gray. Perfect for the discerning swimmer who refuses the obvious.</p>,Twessie,Bikini Top,"luxury Chalk White swimwear, independent fashion, Crinkled Seersucker bikini, minimalist bikini top, architectural swimsuit",TRUE,Color,Stone Gray,Size,XL,TWESSIE_EU_BT_0505-Stone Gray-XL,168.0,,10
twessie-eu-bt-0505,Chalk White Sculptural Crinkled Seersucker Bikini Top,<p>Crafted in premium Crinkled Seersucker with Econyl Sleek Satin accents. This bikini top epitomizes rebellious yet refined luxury. Featuring color-blocking in Chalk White and Stone Gray. Perfect for the discerning swimmer who refuses the obvious.</p>,Twessie,Bikini Top,"luxury Chalk White swimwear, independent fashion, Crinkled Seersucker bikini, minimalist bikini top, architectural swimsuit",TRUE,Color,Stone Gray,Size,XXL,TWESSIE_EU_BT_0505-Stone Gray-XXL,168.0,,10
twessie-na-bt-0506,Minimalist Obsidian Black Textured Bikini Top,"<p>Econyl Sleek Satin construction meets architectural precision in this bikini top. Designed for the intelligent, independent woman. The Obsidian Black colorway with Burnt Terracotta accents creates a sophisticated palette. Pure architectural elegance elegance.</p>",Twessie,Bikini Top,"minimalist bikini top, luxury Obsidian Black swimwear, minimalist luxury, independent fashion, architectural swimsuit",TRUE,Color,Obsidian Black,Size,XS,TWESSIE_NA_BT_0506-Obsidian Black-XS,168.0,,10
twessie-na-bt-0506,Minimalist Obsidian Black Textured Bikini Top,"<p>Econyl Sleek Satin construction meets architectural precision in this bikini top. Designed for the intelligent, independent woman. The Obsidian Black colorway with Burnt Terracotta accents creates a sophisticated palette. Pure architectural elegance elegance.</p>",Twessie,Bikini Top,"minimalist bikini top, luxury Obsidian Black swimwear, minimalist luxury, independent fashion, architectural swimsuit",TRUE,Color,Obsidian Black,Size,S,TWESSIE_NA_BT_0506-Obsidian Black-S,168.0,,10
twessie-na-bt-0506,Minimalist Obsidian Black Textured Bikini Top,"<p>Econyl Sleek Satin construction meets architectural precision in this bikini top. Designed for the intelligent, independent woman. The Obsidian Black colorway with Burnt Terracotta accents creates a sophisticated palette. Pure architectural elegance elegance.</p>",Twessie,Bikini Top,"minimalist bikini top, luxury Obsidian Black swimwear, minimalist luxury, independent fashion, architectural swimsuit",TRUE,Color,Obsidian Black,Size,M,TWESSIE_NA_BT_0506-Obsidian Black-M,168.0,,10
twessie-na-bt-0506,Minimalist Obsidian Black Textured Bikini Top,"<p>Econyl Sleek Satin construction meets architectural precision in this bikini top. Designed for the intelligent, independent woman. The Obsidian Black colorway with Burnt Terracotta accents creates a sophisticated palette. Pure architectural elegance elegance.</p>",Twessie,Bikini Top,"minimalist bikini top, luxury Obsidian Black swimwear, minimalist luxury, independent fashion, architectural swimsuit",TRUE,Color,Obsidian Black,Size,L,TWESSIE_NA_BT_0506-Obsidian Black-L,168.0,,10
twessie-na-bt-0506,Minimalist Obsidian Black Textured Bikini Top,"<p>Econyl Sleek Satin construction meets architectural precision in this bikini top. Designed for the intelligent, independent woman. The Obsidian Black colorway with Burnt Terracotta accents creates a sophisticated palette. Pure architectural elegance elegance.</p>",Twessie,Bikini Top,"minimalist bikini top, luxury Obsidian Black swimwear, minimalist luxury, independent fashion, architectural swimsuit",TRUE,Color,Obsidian Black,Size,XL,TWESSIE_NA_BT_0506-Obsidian Black-XL,168.0,,10
twessie-na-bt-0506,Minimalist Obsidian Black Textured Bikini Top,"<p>Econyl Sleek Satin construction meets architectural precision in this bikini top. Designed for the intelligent, independent woman. The Obsidian Black colorway with Burnt Terracotta accents creates a sophisticated palette. Pure architectural elegance elegance.</p>",Twessie,Bikini Top,"minimalist bikini top, luxury Obsidian Black swimwear, minimalist luxury, independent fashion, architectural swimsuit",TRUE,Color,Obsidian Black,Size,XXL,TWESSIE_NA_BT_0506-Obsidian Black-XXL,168.0,,10
twessie-na-bt-0506,Minimalist Obsidian Black Textured Bikini Top,"<p>Econyl Sleek Satin construction meets architectural precision in this bikini top. Designed for the intelligent, independent woman. The Obsidian Black colorway with Burnt Terracotta accents creates a sophisticated palette. Pure architectural elegance elegance.</p>",Twessie,Bikini Top,"minimalist bikini top, luxury Obsidian Black swimwear, minimalist luxury, independent fashion, architectural swimsuit",TRUE,Color,Burnt Terracotta,Size,XS,TWESSIE_NA_BT_0506-Burnt Terracotta-XS,168.0,,10
twessie-na-bt-0506,Minimalist Obsidian Black Textured Bikini Top,"<p>Econyl Sleek Satin construction meets architectural precision in this bikini top. Designed for the intelligent, independent woman. The Obsidian Black colorway with Burnt Terracotta accents creates a sophisticated palette. Pure architectural elegance elegance.</p>",Twessie,Bikini Top,"minimalist bikini top, luxury Obsidian Black swimwear, minimalist luxury, independent fashion, architectural swimsuit",TRUE,Color,Burnt Terracotta,Size,S,TWESSIE_NA_BT_0506-Burnt Terracotta-S,168.0,,10
twessie-na-bt-0506,Minimalist Obsidian Black Textured Bikini Top,"<p>Econyl Sleek Satin construction meets architectural precision in this bikini top. Designed for the intelligent, independent woman. The Obsidian Black colorway with Burnt Terracotta accents creates a sophisticated palette. Pure architectural elegance elegance.</p>",Twessie,Bikini Top,"minimalist bikini top, luxury Obsidian Black swimwear, minimalist luxury, independent fashion, architectural swimsuit",TRUE,Color,Burnt Terracotta,Size,M,TWESSIE_NA_BT_0506-Burnt Terracotta-M,168.0,,10
twessie-na-bt-0506,Minimalist Obsidian Black Textured Bikini Top,"<p>Econyl Sleek Satin construction meets architectural precision in this bikini top. Designed for the intelligent, independent woman. The Obsidian Black colorway with Burnt Terracotta accents creates a sophisticated palette. Pure architectural elegance elegance.</p>",Twessie,Bikini Top,"minimalist bikini top, luxury Obsidian Black swimwear, minimalist luxury, independent fashion, architectural swimsuit",TRUE,Color,Burnt Terracotta,Size,L,TWESSIE_NA_BT_0506-Burnt Terracotta-L,168.0,,10
twessie-na-bt-0506,Minimalist Obsidian Black Textured Bikini Top,"<p>Econyl Sleek Satin construction meets architectural precision in this bikini top. Designed for the intelligent, independent woman. The Obsidian Black colorway with Burnt Terracotta accents creates a sophisticated palette. Pure architectural elegance elegance.</p>",Twessie,Bikini Top,"minimalist bikini top, luxury Obsidian Black swimwear, minimalist luxury, independent fashion, architectural swimsuit",TRUE,Color,Burnt Terracotta,Size,XL,TWESSIE_NA_BT_0506-Burnt Terracotta-XL,168.0,,10
twessie-na-bt-0506,Minimalist Obsidian Black Textured Bikini Top,"<p>Econyl Sleek Satin construction meets architectural precision in this bikini top. Designed for the intelligent, independent woman. The Obsidian Black colorway with Burnt Terracotta accents creates a sophisticated palette. Pure architectural elegance elegance.</p>",Twessie,Bikini Top,"minimalist bikini top, luxury Obsidian Black swimwear, minimalist luxury, independent fashion, architectural swimsuit",TRUE,Color,Burnt Terracotta,Size,XXL,TWESSIE_NA_BT_0506-Burnt Terracotta-XXL,168.0,,10
twessie-na-bb-0507,Stone Gray Minimalist Crinkled Seersucker Bikini Bottom,"<p>Crinkled Seersucker construction meets architectural precision in this bikini bottom. Designed for the intelligent, independent woman. The Stone Gray colorway with Chalk White accents creates a sophisticated palette. Pure intelligent aesthetic elegance.</p>",Twessie,Bikini Bottom,"minimalist luxury, luxury Stone Gray swimwear, minimalist bikini bottom, architectural swimsuit, independent fashion",TRUE,Color,Stone Gray,Size,XS,TWESSIE_NA_BB_0507-Stone Gray-XS,168.0,,10
twessie-na-bb-0507,Stone Gray Minimalist Crinkled Seersucker Bikini Bottom,"<p>Crinkled Seersucker construction meets architectural precision in this bikini bottom. Designed for the intelligent, independent woman. The Stone Gray colorway with Chalk White accents creates a sophisticated palette. Pure intelligent aesthetic elegance.</p>",Twessie,Bikini Bottom,"minimalist luxury, luxury Stone Gray swimwear, minimalist bikini bottom, architectural swimsuit, independent fashion",TRUE,Color,Stone Gray,Size,S,TWESSIE_NA_BB_0507-Stone Gray-S,168.0,,10
twessie-na-bb-0507,Stone Gray Minimalist Crinkled Seersucker Bikini Bottom,"<p>Crinkled Seersucker construction meets architectural precision in this bikini bottom. Designed for the intelligent, independent woman. The Stone Gray colorway with Chalk White accents creates a sophisticated palette. Pure intelligent aesthetic elegance.</p>",Twessie,Bikini Bottom,"minimalist luxury, luxury Stone Gray swimwear, minimalist bikini bottom, architectural swimsuit, independent fashion",TRUE,Color,Stone Gray,Size,M,TWESSIE_NA_BB_0507-Stone Gray-M,168.0,,10
twessie-na-bb-0507,Stone Gray Minimalist Crinkled Seersucker Bikini Bottom,"<p>Crinkled Seersucker construction meets architectural precision in this bikini bottom. Designed for the intelligent, independent woman. The Stone Gray colorway with Chalk White accents creates a sophisticated palette. Pure intelligent aesthetic elegance.</p>",Twessie,Bikini Bottom,"minimalist luxury, luxury Stone Gray swimwear, minimalist bikini bottom, architectural swimsuit, independent fashion",TRUE,Color,Stone Gray,Size,L,TWESSIE_NA_BB_0507-Stone Gray-L,168.0,,10
twessie-na-bb-0507,Stone Gray Minimalist Crinkled Seersucker Bikini Bottom,"<p>Crinkled Seersucker construction meets architectural precision in this bikini bottom. Designed for the intelligent, independent woman. The Stone Gray colorway with Chalk White accents creates a sophisticated palette. Pure intelligent aesthetic elegance.</p>",Twessie,Bikini Bottom,"minimalist luxury, luxury Stone Gray swimwear, minimalist bikini bottom, architectural swimsuit, independent fashion",TRUE,Color,Stone Gray,Size,XL,TWESSIE_NA_BB_0507-Stone Gray-XL,168.0,,10
twessie-na-bb-0507,Stone Gray Minimalist Crinkled Seersucker Bikini Bottom,"<p>Crinkled Seersucker construction meets architectural precision in this bikini bottom. Designed for the intelligent, independent woman. The Stone Gray colorway with Chalk White accents creates a sophisticated palette. Pure intelligent aesthetic elegance.</p>",Twessie,Bikini Bottom,"minimalist luxury, luxury Stone Gray swimwear, minimalist bikini bottom, architectural swimsuit, independent fashion",TRUE,Color,Stone Gray,Size,XXL,TWESSIE_NA_BB_0507-Stone Gray-XXL,168.0,,10
twessie-na-bb-0507,Stone Gray Minimalist Crinkled Seersucker Bikini Bottom,"<p>Crinkled Seersucker construction meets architectural precision in this bikini bottom. Designed for the intelligent, independent woman. The Stone Gray colorway with Chalk White accents creates a sophisticated palette. Pure intelligent aesthetic elegance.</p>",Twessie,Bikini Bottom,"minimalist luxury, luxury Stone Gray swimwear, minimalist bikini bottom, architectural swimsuit, independent fashion",TRUE,Color,Chalk White,Size,XS,TWESSIE_NA_BB_0507-Chalk White-XS,168.0,,10
twessie-na-bb-0507,Stone Gray Minimalist Crinkled Seersucker Bikini Bottom,"<p>Crinkled Seersucker construction meets architectural precision in this bikini bottom. Designed for the intelligent, independent woman. The Stone Gray colorway with Chalk White accents creates a sophisticated palette. Pure intelligent aesthetic elegance.</p>",Twessie,Bikini Bottom,"minimalist luxury, luxury Stone Gray swimwear, minimalist bikini bottom, architectural swimsuit, independent fashion",TRUE,Color,Chalk White,Size,S,TWESSIE_NA_BB_0507-Chalk White-S,168.0,,10
twessie-na-bb-0507,Stone Gray Minimalist Crinkled Seersucker Bikini Bottom,"<p>Crinkled Seersucker construction meets architectural precision in this bikini bottom. Designed for the intelligent, independent woman. The Stone Gray colorway with Chalk White accents creates a sophisticated palette. Pure intelligent aesthetic elegance.</p>",Twessie,Bikini Bottom,"minimalist luxury, luxury Stone Gray swimwear, minimalist bikini bottom, architectural swimsuit, independent fashion",TRUE,Color,Chalk White,Size,M,TWESSIE_NA_BB_0507-Chalk White-M,168.0,,10
twessie-na-bb-0507,Stone Gray Minimalist Crinkled Seersucker Bikini Bottom,"<p>Crinkled Seersucker construction meets architectural precision in this bikini bottom. Designed for the intelligent, independent woman. The Stone Gray colorway with Chalk White accents creates a sophisticated palette. Pure intelligent aesthetic elegance.</p>",Twessie,Bikini Bottom,"minimalist luxury, luxury Stone Gray swimwear, minimalist bikini bottom, architectural swimsuit, independent fashion",TRUE,Color,Chalk White,Size,L,TWESSIE_NA_BB_0507-Chalk White-L,168.0,,10
twessie-na-bb-0507,Stone Gray Minimalist Crinkled Seersucker Bikini Bottom,"<p>Crinkled Seersucker construction meets architectural precision in this bikini bottom. Designed for the intelligent, independent woman. The Stone Gray colorway with Chalk White accents creates a sophisticated palette. Pure intelligent aesthetic elegance.</p>",Twessie,Bikini Bottom,"minimalist luxury, luxury Stone Gray swimwear, minimalist bikini bottom, architectural swimsuit, independent fashion",TRUE,Color,Chalk White,Size,XL,TWESSIE_NA_BB_0507-Chalk White-XL,168.0,,10
twessie-na-bb-0507,Stone Gray Minimalist Crinkled Seersucker Bikini Bottom,"<p>Crinkled Seersucker construction meets architectural precision in this bikini bottom. Designed for the intelligent, independent woman. The Stone Gray colorway with Chalk White accents creates a sophisticated palette. Pure intelligent aesthetic elegance.</p>",Twessie,Bikini Bottom,"minimalist luxury, luxury Stone Gray swimwear, minimalist bikini bottom, architectural swimsuit, independent fashion",TRUE,Color,Chalk White,Size,XXL,TWESSIE_NA_BB_0507-Chalk White-XXL,168.0,,10
twessie-eu-bb-0508,Raw-Edge Olive Drab Bikini Bottom,"<p>Matte Ribbed Knit construction meets architectural precision in this bikini bottom. Designed for the intelligent, independent woman. The Olive Drab colorway with Burnt Terracotta accents creates a sophisticated palette. Pure minimalist luxury elegance.</p>",Twessie,Bikini Bottom,"high-end swimwear, architectural swimsuit, luxury Olive Drab swimwear, Matte Ribbed Knit bikini, minimalist luxury",TRUE,Color,Olive Drab,Size,XS,TWESSIE_EU_BB_0508-Olive Drab-XS,168.0,,10
twessie-eu-bb-0508,Raw-Edge Olive Drab Bikini Bottom,"<p>Matte Ribbed Knit construction meets architectural precision in this bikini bottom. Designed for the intelligent, independent woman. The Olive Drab colorway with Burnt Terracotta accents creates a sophisticated palette. Pure minimalist luxury elegance.</p>",Twessie,Bikini Bottom,"high-end swimwear, architectural swimsuit, luxury Olive Drab swimwear, Matte Ribbed Knit bikini, minimalist luxury",TRUE,Color,Olive Drab,Size,S,TWESSIE_EU_BB_0508-Olive Drab-S,168.0,,10
twessie-eu-bb-0508,Raw-Edge Olive Drab Bikini Bottom,"<p>Matte Ribbed Knit construction meets architectural precision in this bikini bottom. Designed for the intelligent, independent woman. The Olive Drab colorway with Burnt Terracotta accents creates a sophisticated palette. Pure minimalist luxury elegance.</p>",Twessie,Bikini Bottom,"high-end swimwear, architectural swimsuit, luxury Olive Drab swimwear, Matte Ribbed Knit bikini, minimalist luxury",TRUE,Color,Olive Drab,Size,M,TWESSIE_EU_BB_0508-Olive Drab-M,168.0,,10
twessie-eu-bb-0508,Raw-Edge Olive Drab Bikini Bottom,"<p>Matte Ribbed Knit construction meets architectural precision in this bikini bottom. Designed for the intelligent, independent woman. The Olive Drab colorway with Burnt Terracotta accents creates a sophisticated palette. Pure minimalist luxury elegance.</p>",Twessie,Bikini Bottom,"high-end swimwear, architectural swimsuit, luxury Olive Drab swimwear, Matte Ribbed Knit bikini, minimalist luxury",TRUE,Color,Olive Drab,Size,L,TWESSIE_EU_BB_0508-Olive Drab-L,168.0,,10
twessie-eu-bb-0508,Raw-Edge Olive Drab Bikini Bottom,"<p>Matte Ribbed Knit construction meets architectural precision in this bikini bottom. Designed for the intelligent, independent woman. The Olive Drab colorway with Burnt Terracotta accents creates a sophisticated palette. Pure minimalist luxury elegance.</p>",Twessie,Bikini Bottom,"high-end swimwear, architectural swimsuit, luxury Olive Drab swimwear, Matte Ribbed Knit bikini, minimalist luxury",TRUE,Color,Olive Drab,Size,XL,TWESSIE_EU_BB_0508-Olive Drab-XL,168.0,,10
twessie-eu-bb-0508,Raw-Edge Olive Drab Bikini Bottom,"<p>Matte Ribbed Knit construction meets architectural precision in this bikini bottom. Designed for the intelligent, independent woman. The Olive Drab colorway with Burnt Terracotta accents creates a sophisticated palette. Pure minimalist luxury elegance.</p>",Twessie,Bikini Bottom,"high-end swimwear, architectural swimsuit, luxury Olive Drab swimwear, Matte Ribbed Knit bikini, minimalist luxury",TRUE,Color,Olive Drab,Size,XXL,TWESSIE_EU_BB_0508-Olive Drab-XXL,168.0,,10
twessie-eu-bb-0508,Raw-Edge Olive Drab Bikini Bottom,"<p>Matte Ribbed Knit construction meets architectural precision in this bikini bottom. Designed for the intelligent, independent woman. The Olive Drab colorway with Burnt Terracotta accents creates a sophisticated palette. Pure minimalist luxury elegance.</p>",Twessie,Bikini Bottom,"high-end swimwear, architectural swimsuit, luxury Olive Drab swimwear, Matte Ribbed Knit bikini, minimalist luxury",TRUE,Color,Burnt Terracotta,Size,XS,TWESSIE_EU_BB_0508-Burnt Terracotta-XS,168.0,,10
twessie-eu-bb-0508,Raw-Edge Olive Drab Bikini Bottom,"<p>Matte Ribbed Knit construction meets architectural precision in this bikini bottom. Designed for the intelligent, independent woman. The Olive Drab colorway with Burnt Terracotta accents creates a sophisticated palette. Pure minimalist luxury elegance.</p>",Twessie,Bikini Bottom,"high-end swimwear, architectural swimsuit, luxury Olive Drab swimwear, Matte Ribbed Knit bikini, minimalist luxury",TRUE,Color,Burnt Terracotta,Size,S,TWESSIE_EU_BB_0508-Burnt Terracotta-S,168.0,,10
twessie-eu-bb-0508,Raw-Edge Olive Drab Bikini Bottom,"<p>Matte Ribbed Knit construction meets architectural precision in this bikini bottom. Designed for the intelligent, independent woman. The Olive Drab colorway with Burnt Terracotta accents creates a sophisticated palette. Pure minimalist luxury elegance.</p>",Twessie,Bikini Bottom,"high-end swimwear, architectural swimsuit, luxury Olive Drab swimwear, Matte Ribbed Knit bikini, minimalist luxury",TRUE,Color,Burnt Terracotta,Size,M,TWESSIE_EU_BB_0508-Burnt Terracotta-M,168.0,,10
twessie-eu-bb-0508,Raw-Edge Olive Drab Bikini Bottom,"<p>Matte Ribbed Knit construction meets architectural precision in this bikini bottom. Designed for the intelligent, independent woman. The Olive Drab colorway with Burnt Terracotta accents creates a sophisticated palette. Pure minimalist luxury elegance.</p>",Twessie,Bikini Bottom,"high-end swimwear, architectural swimsuit, luxury Olive Drab swimwear, Matte Ribbed Knit bikini, minimalist luxury",TRUE,Color,Burnt Terracotta,Size,L,TWESSIE_EU_BB_0508-Burnt Terracotta-L,168.0,,10
twessie-eu-bb-0508,Raw-Edge Olive Drab Bikini Bottom,"<p>Matte Ribbed Knit construction meets architectural precision in this bikini bottom. Designed for the intelligent, independent woman. The Olive Drab colorway with Burnt Terracotta accents creates a sophisticated palette. Pure minimalist luxury elegance.</p>",Twessie,Bikini Bottom,"high-end swimwear, architectural swimsuit, luxury Olive Drab swimwear, Matte Ribbed Knit bikini, minimalist luxury",TRUE,Color,Burnt Terracotta,Size,XL,TWESSIE_EU_BB_0508-Burnt Terracotta-XL,168.0,,10
twessie-eu-bb-0508,Raw-Edge Olive Drab Bikini Bottom,"<p>Matte Ribbed Knit construction meets architectural precision in this bikini bottom. Designed for the intelligent, independent woman. The Olive Drab colorway with Burnt Terracotta accents creates a sophisticated palette. Pure minimalist luxury elegance.</p>",Twessie,Bikini Bottom,"high-end swimwear, architectural swimsuit, luxury Olive Drab swimwear, Matte Ribbed Knit bikini, minimalist luxury",TRUE,Color,Burnt Terracotta,Size,XXL,TWESSIE_EU_BB_0508-Burnt Terracotta-XXL,168.0,,10
twessie-au-bt-0509,Matte Ribbed Knit High-Waist Bikini Top in Olive Drab,<p>Crafted in premium Matte Ribbed Knit with Econyl Sleek Satin accents. This bikini top epitomizes minimalist luxury luxury. Featuring color-blocking in Olive Drab and Burnt Terracotta. Perfect for the discerning swimmer who refuses the obvious.</p>,Twessie,Bikini Top,"minimalist bikini top, luxury Olive Drab swimwear, high-end swimwear, Matte Ribbed Knit bikini, independent fashion",TRUE,Color,Olive Drab,Size,XS,TWESSIE_AU_BT_0509-Olive Drab-XS,168.0,,10
twessie-au-bt-0509,Matte Ribbed Knit High-Waist Bikini Top in Olive Drab,<p>Crafted in premium Matte Ribbed Knit with Econyl Sleek Satin accents. This bikini top epitomizes minimalist luxury luxury. Featuring color-blocking in Olive Drab and Burnt Terracotta. Perfect for the discerning swimmer who refuses the obvious.</p>,Twessie,Bikini Top,"minimalist bikini top, luxury Olive Drab swimwear, high-end swimwear, Matte Ribbed Knit bikini, independent fashion",TRUE,Color,Olive Drab,Size,S,TWESSIE_AU_BT_0509-Olive Drab-S,168.0,,10
twessie-au-bt-0509,Matte Ribbed Knit High-Waist Bikini Top in Olive Drab,<p>Crafted in premium Matte Ribbed Knit with Econyl Sleek Satin accents. This bikini top epitomizes minimalist luxury luxury. Featuring color-blocking in Olive Drab and Burnt Terracotta. Perfect for the discerning swimmer who refuses the obvious.</p>,Twessie,Bikini Top,"minimalist bikini top, luxury Olive Drab swimwear, high-end swimwear, Matte Ribbed Knit bikini, independent fashion",TRUE,Color,Olive Drab,Size,M,TWESSIE_AU_BT_0509-Olive Drab-M,168.0,,10
twessie-au-bt-0509,Matte Ribbed Knit High-Waist Bikini Top in Olive Drab,<p>Crafted in premium Matte Ribbed Knit with Econyl Sleek Satin accents. This bikini top epitomizes minimalist luxury luxury. Featuring color-blocking in Olive Drab and Burnt Terracotta. Perfect for the discerning swimmer who refuses the obvious.</p>,Twessie,Bikini Top,"minimalist bikini top, luxury Olive Drab swimwear, high-end swimwear, Matte Ribbed Knit bikini, independent fashion",TRUE,Color,Olive Drab,Size,L,TWESSIE_AU_BT_0509-Olive Drab-L,168.0,,10
twessie-au-bt-0509,Matte Ribbed Knit High-Waist Bikini Top in Olive Drab,<p>Crafted in premium Matte Ribbed Knit with Econyl Sleek Satin accents. This bikini top epitomizes minimalist luxury luxury. Featuring color-blocking in Olive Drab and Burnt Terracotta. Perfect for the discerning swimmer who refuses the obvious.</p>,Twessie,Bikini Top,"minimalist bikini top, luxury Olive Drab swimwear, high-end swimwear, Matte Ribbed Knit bikini, independent fashion",TRUE,Color,Olive Drab,Size,XL,TWESSIE_AU_BT_0509-Olive Drab-XL,168.0,,10
twessie-au-bt-0509,Matte Ribbed Knit High-Waist Bikini Top in Olive Drab,<p>Crafted in premium Matte Ribbed Knit with Econyl Sleek Satin accents. This bikini top epitomizes minimalist luxury luxury. Featuring color-blocking in Olive Drab and Burnt Terracotta. Perfect for the discerning swimmer who refuses the obvious.</p>,Twessie,Bikini Top,"minimalist bikini top, luxury Olive Drab swimwear, high-end swimwear, Matte Ribbed Knit bikini, independent fashion",TRUE,Color,Olive Drab,Size,XXL,TWESSIE_AU_BT_0509-Olive Drab-XXL,168.0,,10
twessie-au-bt-0509,Matte Ribbed Knit High-Waist Bikini Top in Olive Drab,<p>Crafted in premium Matte Ribbed Knit with Econyl Sleek Satin accents. This bikini top epitomizes minimalist luxury luxury. Featuring color-blocking in Olive Drab and Burnt Terracotta. Perfect for the discerning swimmer who refuses the obvious.</p>,Twessie,Bikini Top,"minimalist bikini top, luxury Olive Drab swimwear, high-end swimwear, Matte Ribbed Knit bikini, independent fashion",TRUE,Color,Burnt Terracotta,Size,XS,TWESSIE_AU_BT_0509-Burnt Terracotta-XS,168.0,,10
twessie-au-bt-0509,Matte Ribbed Knit High-Waist Bikini Top in Olive Drab,<p>Crafted in premium Matte Ribbed Knit with Econyl Sleek Satin accents. This bikini top epitomizes minimalist luxury luxury. Featuring color-blocking in Olive Drab and Burnt Terracotta. Perfect for the discerning swimmer who refuses the obvious.</p>,Twessie,Bikini Top,"minimalist bikini top, luxury Olive Drab swimwear, high-end swimwear, Matte Ribbed Knit bikini, independent fashion",TRUE,Color,Burnt Terracotta,Size,S,TWESSIE_AU_BT_0509-Burnt Terracotta-S,168.0,,10
twessie-au-bt-0509,Matte Ribbed Knit High-Waist Bikini Top in Olive Drab,<p>Crafted in premium Matte Ribbed Knit with Econyl Sleek Satin accents. This bikini top epitomizes minimalist luxury luxury. Featuring color-blocking in Olive Drab and Burnt Terracotta. Perfect for the discerning swimmer who refuses the obvious.</p>,Twessie,Bikini Top,"minimalist bikini top, luxury Olive Drab swimwear, high-end swimwear, Matte Ribbed Knit bikini, independent fashion",TRUE,Color,Burnt Terracotta,Size,M,TWESSIE_AU_BT_0509-Burnt Terracotta-M,168.0,,10
twessie-au-bt-0509,Matte Ribbed Knit High-Waist Bikini Top in Olive Drab,<p>Crafted in premium Matte Ribbed Knit with Econyl Sleek Satin accents. This bikini top epitomizes minimalist luxury luxury. Featuring color-blocking in Olive Drab and Burnt Terracotta. Perfect for the discerning swimmer who refuses the obvious.</p>,Twessie,Bikini Top,"minimalist bikini top, luxury Olive Drab swimwear, high-end swimwear, Matte Ribbed Knit bikini, independent fashion",TRUE,Color,Burnt Terracotta,Size,L,TWESSIE_AU_BT_0509-Burnt Terracotta-L,168.0,,10
twessie-au-bt-0509,Matte Ribbed Knit High-Waist Bikini Top in Olive Drab,<p>Crafted in premium Matte Ribbed Knit with Econyl Sleek Satin accents. This bikini top epitomizes minimalist luxury luxury. Featuring color-blocking in Olive Drab and Burnt Terracotta. Perfect for the discerning swimmer who refuses the obvious.</p>,Twessie,Bikini Top,"minimalist bikini top, luxury Olive Drab swimwear, high-end swimwear, Matte Ribbed Knit bikini, independent fashion",TRUE,Color,Burnt Terracotta,Size,XL,TWESSIE_AU_BT_0509-Burnt Terracotta-XL,168.0,,10
twessie-au-bt-0509,Matte Ribbed Knit High-Waist Bikini Top in Olive Drab,<p>Crafted in premium Matte Ribbed Knit with Econyl Sleek Satin accents. This bikini top epitomizes minimalist luxury luxury. Featuring color-blocking in Olive Drab and Burnt Terracotta. Perfect for the discerning swimmer who refuses the obvious.</p>,Twessie,Bikini Top,"minimalist bikini top, luxury Olive Drab swimwear, high-end swimwear, Matte Ribbed Knit bikini, independent fashion",TRUE,Color,Burnt Terracotta,Size,XXL,TWESSIE_AU_BT_0509-Burnt Terracotta-XXL,168.0,,10
twessie-na-bb-0510,Structural Matte Ribbed Knit Bikini Bottom,<p>A statement piece in Matte Ribbed Knit. This bikini bottom combines architectural elegance design with impeccable craftsmanship. Available in Burnt Terracotta with Olive Drab detailing. Not loud. Not obvious. Unmistakably Twessie.</p>,Twessie,Bikini Bottom,"minimalist bikini bottom, luxury Burnt Terracotta swimwear, architectural swimsuit, minimalist luxury, high-end swimwear",TRUE,Color,Burnt Terracotta,Size,XS,TWESSIE_NA_BB_0510-Burnt Terracotta-XS,168.0,,10
twessie-na-bb-0510,Structural Matte Ribbed Knit Bikini Bottom,<p>A statement piece in Matte Ribbed Knit. This bikini bottom combines architectural elegance design with impeccable craftsmanship. Available in Burnt Terracotta with Olive Drab detailing. Not loud. Not obvious. Unmistakably Twessie.</p>,Twessie,Bikini Bottom,"minimalist bikini bottom, luxury Burnt Terracotta swimwear, architectural swimsuit, minimalist luxury, high-end swimwear",TRUE,Color,Burnt Terracotta,Size,S,TWESSIE_NA_BB_0510-Burnt Terracotta-S,168.0,,10
twessie-na-bb-0510,Structural Matte Ribbed Knit Bikini Bottom,<p>A statement piece in Matte Ribbed Knit. This bikini bottom combines architectural elegance design with impeccable craftsmanship. Available in Burnt Terracotta with Olive Drab detailing. Not loud. Not obvious. Unmistakably Twessie.</p>,Twessie,Bikini Bottom,"minimalist bikini bottom, luxury Burnt Terracotta swimwear, architectural swimsuit, minimalist luxury, high-end swimwear",TRUE,Color,Burnt Terracotta,Size,M,TWESSIE_NA_BB_0510-Burnt Terracotta-M,168.0,,10
twessie-na-bb-0510,Structural Matte Ribbed Knit Bikini Bottom,<p>A statement piece in Matte Ribbed Knit. This bikini bottom combines architectural elegance design with impeccable craftsmanship. Available in Burnt Terracotta with Olive Drab detailing. Not loud. Not obvious. Unmistakably Twessie.</p>,Twessie,Bikini Bottom,"minimalist bikini bottom, luxury Burnt Terracotta swimwear, architectural swimsuit, minimalist luxury, high-end swimwear",TRUE,Color,Burnt Terracotta,Size,L,TWESSIE_NA_BB_0510-Burnt Terracotta-L,168.0,,10
twessie-na-bb-0510,Structural Matte Ribbed Knit Bikini Bottom,<p>A statement piece in Matte Ribbed Knit. This bikini bottom combines architectural elegance design with impeccable craftsmanship. Available in Burnt Terracotta with Olive Drab detailing. Not loud. Not obvious. Unmistakably Twessie.</p>,Twessie,Bikini Bottom,"minimalist bikini bottom, luxury Burnt Terracotta swimwear, architectural swimsuit, minimalist luxury, high-end swimwear",TRUE,Color,Burnt Terracotta,Size,XL,TWESSIE_NA_BB_0510-Burnt Terracotta-XL,168.0,,10
twessie-na-bb-0510,Structural Matte Ribbed Knit Bikini Bottom,<p>A statement piece in Matte Ribbed Knit. This bikini bottom combines architectural elegance design with impeccable craftsmanship. Available in Burnt Terracotta with Olive Drab detailing. Not loud. Not obvious. Unmistakably Twessie.</p>,Twessie,Bikini Bottom,"minimalist bikini bottom, luxury Burnt Terracotta swimwear, architectural swimsuit, minimalist luxury, high-end swimwear",TRUE,Color,Burnt Terracotta,Size,XXL,TWESSIE_NA_BB_0510-Burnt Terracotta-XXL,168.0,,10
twessie-na-bb-0510,Structural Matte Ribbed Knit Bikini Bottom,<p>A statement piece in Matte Ribbed Knit. This bikini bottom combines architectural elegance design with impeccable craftsmanship. Available in Burnt Terracotta with Olive Drab detailing. Not loud. Not obvious. Unmistakably Twessie.</p>,Twessie,Bikini Bottom,"minimalist bikini bottom, luxury Burnt Terracotta swimwear, architectural swimsuit, minimalist luxury, high-end swimwear",TRUE,Color,Olive Drab,Size,XS,TWESSIE_NA_BB_0510-Olive Drab-XS,168.0,,10
twessie-na-bb-0510,Structural Matte Ribbed Knit Bikini Bottom,<p>A statement piece in Matte Ribbed Knit. This bikini bottom combines architectural elegance design with impeccable craftsmanship. Available in Burnt Terracotta with Olive Drab detailing. Not loud. Not obvious. Unmistakably Twessie.</p>,Twessie,Bikini Bottom,"minimalist bikini bottom, luxury Burnt Terracotta swimwear, architectural swimsuit, minimalist luxury, high-end swimwear",TRUE,Color,Olive Drab,Size,S,TWESSIE_NA_BB_0510-Olive Drab-S,168.0,,10
twessie-na-bb-0510,Structural Matte Ribbed Knit Bikini Bottom,<p>A statement piece in Matte Ribbed Knit. This bikini bottom combines architectural elegance design with impeccable craftsmanship. Available in Burnt Terracotta with Olive Drab detailing. Not loud. Not obvious. Unmistakably Twessie.</p>,Twessie,Bikini Bottom,"minimalist bikini bottom, luxury Burnt Terracotta swimwear, architectural swimsuit, minimalist luxury, high-end swimwear",TRUE,Color,Olive Drab,Size,M,TWESSIE_NA_BB_0510-Olive Drab-M,168.0,,10
twessie-na-bb-0510,Structural Matte Ribbed Knit Bikini Bottom,<p>A statement piece in Matte Ribbed Knit. This bikini bottom combines architectural elegance design with impeccable craftsmanship. Available in Burnt Terracotta with Olive Drab detailing. Not loud. Not obvious. Unmistakably Twessie.</p>,Twessie,Bikini Bottom,"minimalist bikini bottom, luxury Burnt Terracotta swimwear, architectural swimsuit, minimalist luxury, high-end swimwear",TRUE,Color,Olive Drab,Size,L,TWESSIE_NA_BB_0510-Olive Drab-L,168.0,,10
twessie-na-bb-0510,Structural Matte Ribbed Knit Bikini Bottom,<p>A statement piece in Matte Ribbed Knit. This bikini bottom combines architectural elegance design with impeccable craftsmanship. Available in Burnt Terracotta with Olive Drab detailing. Not loud. Not obvious. Unmistakably Twessie.</p>,Twessie,Bikini Bottom,"minimalist bikini bottom, luxury Burnt Terracotta swimwear, architectural swimsuit, minimalist luxury, high-end swimwear",TRUE,Color,Olive Drab,Size,XL,TWESSIE_NA_BB_0510-Olive Drab-XL,168.0,,10
twessie-na-bb-0510,Structural Matte Ribbed Knit Bikini Bottom,<p>A statement piece in Matte Ribbed Knit. This bikini bottom combines architectural elegance design with impeccable craftsmanship. Available in Burnt Terracotta with Olive Drab detailing. Not loud. Not obvious. Unmistakably Twessie.</p>,Twessie,Bikini Bottom,"minimalist bikini bottom, luxury Burnt Terracotta swimwear, architectural swimsuit, minimalist luxury, high-end swimwear",TRUE,Color,Olive Drab,Size,XXL,TWESSIE_NA_BB_0510-Olive Drab-XXL,168.0,,10
