Handle,Title,Body (HTML),Vendor,Product Type,Tags,Published,Option1 Name,Option1 Value,Option2 Name,Option2 Value,Variant SKU,Variant Price,Variant Compare At Price,Variant Inventory Qty
twessie-sg-bb-0101,Raw-Edge Obsidian Black Bikini Bottom,<p>Crafted in premium Econyl Sleek Satin with Crinkled Seersucker accents. This bikini bottom epitomizes anti-fashion statement luxury. Featuring color-blocking in Obsidian Black and Stone Gray. Perfect for the discerning swimmer who refuses the obvious.</p>,Twessie,Bikini Bottom,"minimalist luxury, architectural swimsuit, independent fashion, minimalist bikini bottom, Econyl Sleek Satin bikini",TRUE,Color,Obsidian Black,Size,XS,TWESSIE_SG_BB_0101-Obsidian Black-XS,168.0,,10
twessie-sg-bb-0101,Raw-Edge Obsidian Black Bikini Bottom,<p>Crafted in premium Econyl Sleek Satin with Crinkled Seersucker accents. This bikini bottom epitomizes anti-fashion statement luxury. Featuring color-blocking in Obsidian Black and Stone Gray. Perfect for the discerning swimmer who refuses the obvious.</p>,Twessie,Bikini Bottom,"minimalist luxury, architectural swimsuit, independent fashion, minimalist bikini bottom, Econyl Sleek Satin bikini",TRUE,Color,Obsidian Black,Size,S,TWESSIE_SG_BB_0101-Obsidian Black-S,168.0,,10
twessie-sg-bb-0101,Raw-Edge Obsidian Black Bikini Bottom,<p>Crafted in premium Econyl Sleek Satin with Crinkled Seersucker accents. This bikini bottom epitomizes anti-fashion statement luxury. Featuring color-blocking in Obsidian Black and Stone Gray. Perfect for the discerning swimmer who refuses the obvious.</p>,Twessie,Bikini Bottom,"minimalist luxury, architectural swimsuit, independent fashion, minimalist bikini bottom, Econyl Sleek Satin bikini",TRUE,Color,Obsidian Black,Size,M,TWESSIE_SG_BB_0101-Obsidian Black-M,168.0,,10
twessie-sg-bb-0101,Raw-Edge Obsidian Black Bikini Bottom,<p>Crafted in premium Econyl Sleek Satin with Crinkled Seersucker accents. This bikini bottom epitomizes anti-fashion statement luxury. Featuring color-blocking in Obsidian Black and Stone Gray. Perfect for the discerning swimmer who refuses the obvious.</p>,Twessie,Bikini Bottom,"minimalist luxury, architectural swimsuit, independent fashion, minimalist bikini bottom, Econyl Sleek Satin bikini",TRUE,Color,Obsidian Black,Size,L,TWESSIE_SG_BB_0101-Obsidian Black-L,168.0,,10
twessie-sg-bb-0101,Raw-Edge Obsidian Black Bikini Bottom,<p>Crafted in premium Econyl Sleek Satin with Crinkled Seersucker accents. This bikini bottom epitomizes anti-fashion statement luxury. Featuring color-blocking in Obsidian Black and Stone Gray. Perfect for the discerning swimmer who refuses the obvious.</p>,Twessie,Bikini Bottom,"minimalist luxury, architectural swimsuit, independent fashion, minimalist bikini bottom, Econyl Sleek Satin bikini",TRUE,Color,Obsidian Black,Size,XL,TWESSIE_SG_BB_0101-Obsidian Black-XL,168.0,,10
twessie-sg-bb-0101,Raw-Edge Obsidian Black Bikini Bottom,<p>Crafted in premium Econyl Sleek Satin with Crinkled Seersucker accents. This bikini bottom epitomizes anti-fashion statement luxury. Featuring color-blocking in Obsidian Black and Stone Gray. Perfect for the discerning swimmer who refuses the obvious.</p>,Twessie,Bikini Bottom,"minimalist luxury, architectural swimsuit, independent fashion, minimalist bikini bottom, Econyl Sleek Satin bikini",TRUE,Color,Obsidian Black,Size,XXL,TWESSIE_SG_BB_0101-Obsidian Black-XXL,168.0,,10
twessie-sg-bb-0101,Raw-Edge Obsidian Black Bikini Bottom,<p>Crafted in premium Econyl Sleek Satin with Crinkled Seersucker accents. This bikini bottom epitomizes anti-fashion statement luxury. Featuring color-blocking in Obsidian Black and Stone Gray. Perfect for the discerning swimmer who refuses the obvious.</p>,Twessie,Bikini Bottom,"minimalist luxury, architectural swimsuit, independent fashion, minimalist bikini bottom, Econyl Sleek Satin bikini",TRUE,Color,Stone Gray,Size,XS,TWESSIE_SG_BB_0101-Stone Gray-XS,168.0,,10
twessie-sg-bb-0101,Raw-Edge Obsidian Black Bikini Bottom,<p>Crafted in premium Econyl Sleek Satin with Crinkled Seersucker accents. This bikini bottom epitomizes anti-fashion statement luxury. Featuring color-blocking in Obsidian Black and Stone Gray. Perfect for the discerning swimmer who refuses the obvious.</p>,Twessie,Bikini Bottom,"minimalist luxury, architectural swimsuit, independent fashion, minimalist bikini bottom, Econyl Sleek Satin bikini",TRUE,Color,Stone Gray,Size,S,TWESSIE_SG_BB_0101-Stone Gray-S,168.0,,10
twessie-sg-bb-0101,Raw-Edge Obsidian Black Bikini Bottom,<p>Crafted in premium Econyl Sleek Satin with Crinkled Seersucker accents. This bikini bottom epitomizes anti-fashion statement luxury. Featuring color-blocking in Obsidian Black and Stone Gray. Perfect for the discerning swimmer who refuses the obvious.</p>,Twessie,Bikini Bottom,"minimalist luxury, architectural swimsuit, independent fashion, minimalist bikini bottom, Econyl Sleek Satin bikini",TRUE,Color,Stone Gray,Size,M,TWESSIE_SG_BB_0101-Stone Gray-M,168.0,,10
twessie-sg-bb-0101,Raw-Edge Obsidian Black Bikini Bottom,<p>Crafted in premium Econyl Sleek Satin with Crinkled Seersucker accents. This bikini bottom epitomizes anti-fashion statement luxury. Featuring color-blocking in Obsidian Black and Stone Gray. Perfect for the discerning swimmer who refuses the obvious.</p>,Twessie,Bikini Bottom,"minimalist luxury, architectural swimsuit, independent fashion, minimalist bikini bottom, Econyl Sleek Satin bikini",TRUE,Color,Stone Gray,Size,L,TWESSIE_SG_BB_0101-Stone Gray-L,168.0,,10
twessie-sg-bb-0101,Raw-Edge Obsidian Black Bikini Bottom,<p>Crafted in premium Econyl Sleek Satin with Crinkled Seersucker accents. This bikini bottom epitomizes anti-fashion statement luxury. Featuring color-blocking in Obsidian Black and Stone Gray. Perfect for the discerning swimmer who refuses the obvious.</p>,Twessie,Bikini Bottom,"minimalist luxury, architectural swimsuit, independent fashion, minimalist bikini bottom, Econyl Sleek Satin bikini",TRUE,Color,Stone Gray,Size,XL,TWESSIE_SG_BB_0101-Stone Gray-XL,168.0,,10
twessie-sg-bb-0101,Raw-Edge Obsidian Black Bikini Bottom,<p>Crafted in premium Econyl Sleek Satin with Crinkled Seersucker accents. This bikini bottom epitomizes anti-fashion statement luxury. Featuring color-blocking in Obsidian Black and Stone Gray. Perfect for the discerning swimmer who refuses the obvious.</p>,Twessie,Bikini Bottom,"minimalist luxury, architectural swimsuit, independent fashion, minimalist bikini bottom, Econyl Sleek Satin bikini",TRUE,Color,Stone Gray,Size,XXL,TWESSIE_SG_BB_0101-Stone Gray-XXL,168.0,,10
twessie-na-op-0102,Minimalist Matte Ribbed Knit One-Piece,<p>Crafted in premium Matte Ribbed Knit with Crinkled Seersucker accents. This one-piece epitomizes rebellious yet refined luxury. Featuring color-blocking in Olive Drab and Burnt Terracotta. Perfect for the discerning swimmer who refuses the obvious.</p>,Twessie,One-Piece,"minimalist luxury, minimalist one-piece, luxury Olive Drab swimwear, high-end swimwear, independent fashion",TRUE,Color,Olive Drab,Size,XS,TWESSIE_NA_OP_0102-Olive Drab-XS,168.0,,10
twessie-na-op-0102,Minimalist Matte Ribbed Knit One-Piece,<p>Crafted in premium Matte Ribbed Knit with Crinkled Seersucker accents. This one-piece epitomizes rebellious yet refined luxury. Featuring color-blocking in Olive Drab and Burnt Terracotta. Perfect for the discerning swimmer who refuses the obvious.</p>,Twessie,One-Piece,"minimalist luxury, minimalist one-piece, luxury Olive Drab swimwear, high-end swimwear, independent fashion",TRUE,Color,Olive Drab,Size,S,TWESSIE_NA_OP_0102-Olive Drab-S,168.0,,10
twessie-na-op-0102,Minimalist Matte Ribbed Knit One-Piece,<p>Crafted in premium Matte Ribbed Knit with Crinkled Seersucker accents. This one-piece epitomizes rebellious yet refined luxury. Featuring color-blocking in Olive Drab and Burnt Terracotta. Perfect for the discerning swimmer who refuses the obvious.</p>,Twessie,One-Piece,"minimalist luxury, minimalist one-piece, luxury Olive Drab swimwear, high-end swimwear, independent fashion",TRUE,Color,Olive Drab,Size,M,TWESSIE_NA_OP_0102-Olive Drab-M,168.0,,10
twessie-na-op-0102,Minimalist Matte Ribbed Knit One-Piece,<p>Crafted in premium Matte Ribbed Knit with Crinkled Seersucker accents. This one-piece epitomizes rebellious yet refined luxury. Featuring color-blocking in Olive Drab and Burnt Terracotta. Perfect for the discerning swimmer who refuses the obvious.</p>,Twessie,One-Piece,"minimalist luxury, minimalist one-piece, luxury Olive Drab swimwear, high-end swimwear, independent fashion",TRUE,Color,Olive Drab,Size,L,TWESSIE_NA_OP_0102-Olive Drab-L,168.0,,10
twessie-na-op-0102,Minimalist Matte Ribbed Knit One-Piece,<p>Crafted in premium Matte Ribbed Knit with Crinkled Seersucker accents. This one-piece epitomizes rebellious yet refined luxury. Featuring color-blocking in Olive Drab and Burnt Terracotta. Perfect for the discerning swimmer who refuses the obvious.</p>,Twessie,One-Piece,"minimalist luxury, minimalist one-piece, luxury Olive Drab swimwear, high-end swimwear, independent fashion",TRUE,Color,Olive Drab,Size,XL,TWESSIE_NA_OP_0102-Olive Drab-XL,168.0,,10
twessie-na-op-0102,Minimalist Matte Ribbed Knit One-Piece,<p>Crafted in premium Matte Ribbed Knit with Crinkled Seersucker accents. This one-piece epitomizes rebellious yet refined luxury. Featuring color-blocking in Olive Drab and Burnt Terracotta. Perfect for the discerning swimmer who refuses the obvious.</p>,Twessie,One-Piece,"minimalist luxury, minimalist one-piece, luxury Olive Drab swimwear, high-end swimwear, independent fashion",TRUE,Color,Olive Drab,Size,XXL,TWESSIE_NA_OP_0102-Olive Drab-XXL,168.0,,10
twessie-na-op-0102,Minimalist Matte Ribbed Knit One-Piece,<p>Crafted in premium Matte Ribbed Knit with Crinkled Seersucker accents. This one-piece epitomizes rebellious yet refined luxury. Featuring color-blocking in Olive Drab and Burnt Terracotta. Perfect for the discerning swimmer who refuses the obvious.</p>,Twessie,One-Piece,"minimalist luxury, minimalist one-piece, luxury Olive Drab swimwear, high-end swimwear, independent fashion",TRUE,Color,Burnt Terracotta,Size,XS,TWESSIE_NA_OP_0102-Burnt Terracotta-XS,168.0,,10
twessie-na-op-0102,Minimalist Matte Ribbed Knit One-Piece,<p>Crafted in premium Matte Ribbed Knit with Crinkled Seersucker accents. This one-piece epitomizes rebellious yet refined luxury. Featuring color-blocking in Olive Drab and Burnt Terracotta. Perfect for the discerning swimmer who refuses the obvious.</p>,Twessie,One-Piece,"minimalist luxury, minimalist one-piece, luxury Olive Drab swimwear, high-end swimwear, independent fashion",TRUE,Color,Burnt Terracotta,Size,S,TWESSIE_NA_OP_0102-Burnt Terracotta-S,168.0,,10
twessie-na-op-0102,Minimalist Matte Ribbed Knit One-Piece,<p>Crafted in premium Matte Ribbed Knit with Crinkled Seersucker accents. This one-piece epitomizes rebellious yet refined luxury. Featuring color-blocking in Olive Drab and Burnt Terracotta. Perfect for the discerning swimmer who refuses the obvious.</p>,Twessie,One-Piece,"minimalist luxury, minimalist one-piece, luxury Olive Drab swimwear, high-end swimwear, independent fashion",TRUE,Color,Burnt Terracotta,Size,M,TWESSIE_NA_OP_0102-Burnt Terracotta-M,168.0,,10
twessie-na-op-0102,Minimalist Matte Ribbed Knit One-Piece,<p>Crafted in premium Matte Ribbed Knit with Crinkled Seersucker accents. This one-piece epitomizes rebellious yet refined luxury. Featuring color-blocking in Olive Drab and Burnt Terracotta. Perfect for the discerning swimmer who refuses the obvious.</p>,Twessie,One-Piece,"minimalist luxury, minimalist one-piece, luxury Olive Drab swimwear, high-end swimwear, independent fashion",TRUE,Color,Burnt Terracotta,Size,L,TWESSIE_NA_OP_0102-Burnt Terracotta-L,168.0,,10
twessie-na-op-0102,Minimalist Matte Ribbed Knit One-Piece,<p>Crafted in premium Matte Ribbed Knit with Crinkled Seersucker accents. This one-piece epitomizes rebellious yet refined luxury. Featuring color-blocking in Olive Drab and Burnt Terracotta. Perfect for the discerning swimmer who refuses the obvious.</p>,Twessie,One-Piece,"minimalist luxury, minimalist one-piece, luxury Olive Drab swimwear, high-end swimwear, independent fashion",TRUE,Color,Burnt Terracotta,Size,XL,TWESSIE_NA_OP_0102-Burnt Terracotta-XL,168.0,,10
twessie-na-op-0102,Minimalist Matte Ribbed Knit One-Piece,<p>Crafted in premium Matte Ribbed Knit with Crinkled Seersucker accents. This one-piece epitomizes rebellious yet refined luxury. Featuring color-blocking in Olive Drab and Burnt Terracotta. Perfect for the discerning swimmer who refuses the obvious.</p>,Twessie,One-Piece,"minimalist luxury, minimalist one-piece, luxury Olive Drab swimwear, high-end swimwear, independent fashion",TRUE,Color,Burnt Terracotta,Size,XXL,TWESSIE_NA_OP_0102-Burnt Terracotta-XXL,168.0,,10
twessie-au-bt-0103,Chalk White Sculptural Crinkled Seersucker Bikini Top,<p>A statement piece in Crinkled Seersucker. This bikini top combines anti-fashion statement design with impeccable craftsmanship. Available in Chalk White with Stone Gray detailing. Not loud. Not obvious. Unmistakably Twessie.</p>,Twessie,Bikini Top,"high-end swimwear, architectural swimsuit, minimalist luxury, Crinkled Seersucker bikini, minimalist bikini top",TRUE,Color,Chalk White,Size,XS,TWESSIE_AU_BT_0103-Chalk White-XS,168.0,,10
twessie-au-bt-0103,Chalk White Sculptural Crinkled Seersucker Bikini Top,<p>A statement piece in Crinkled Seersucker. This bikini top combines anti-fashion statement design with impeccable craftsmanship. Available in Chalk White with Stone Gray detailing. Not loud. Not obvious. Unmistakably Twessie.</p>,Twessie,Bikini Top,"high-end swimwear, architectural swimsuit, minimalist luxury, Crinkled Seersucker bikini, minimalist bikini top",TRUE,Color,Chalk White,Size,S,TWESSIE_AU_BT_0103-Chalk White-S,168.0,,10
twessie-au-bt-0103,Chalk White Sculptural Crinkled Seersucker Bikini Top,<p>A statement piece in Crinkled Seersucker. This bikini top combines anti-fashion statement design with impeccable craftsmanship. Available in Chalk White with Stone Gray detailing. Not loud. Not obvious. Unmistakably Twessie.</p>,Twessie,Bikini Top,"high-end swimwear, architectural swimsuit, minimalist luxury, Crinkled Seersucker bikini, minimalist bikini top",TRUE,Color,Chalk White,Size,M,TWESSIE_AU_BT_0103-Chalk White-M,168.0,,10
twessie-au-bt-0103,Chalk White Sculptural Crinkled Seersucker Bikini Top,<p>A statement piece in Crinkled Seersucker. This bikini top combines anti-fashion statement design with impeccable craftsmanship. Available in Chalk White with Stone Gray detailing. Not loud. Not obvious. Unmistakably Twessie.</p>,Twessie,Bikini Top,"high-end swimwear, architectural swimsuit, minimalist luxury, Crinkled Seersucker bikini, minimalist bikini top",TRUE,Color,Chalk White,Size,L,TWESSIE_AU_BT_0103-Chalk White-L,168.0,,10
twessie-au-bt-0103,Chalk White Sculptural Crinkled Seersucker Bikini Top,<p>A statement piece in Crinkled Seersucker. This bikini top combines anti-fashion statement design with impeccable craftsmanship. Available in Chalk White with Stone Gray detailing. Not loud. Not obvious. Unmistakably Twessie.</p>,Twessie,Bikini Top,"high-end swimwear, architectural swimsuit, minimalist luxury, Crinkled Seersucker bikini, minimalist bikini top",TRUE,Color,Chalk White,Size,XL,TWESSIE_AU_BT_0103-Chalk White-XL,168.0,,10
twessie-au-bt-0103,Chalk White Sculptural Crinkled Seersucker Bikini Top,<p>A statement piece in Crinkled Seersucker. This bikini top combines anti-fashion statement design with impeccable craftsmanship. Available in Chalk White with Stone Gray detailing. Not loud. Not obvious. Unmistakably Twessie.</p>,Twessie,Bikini Top,"high-end swimwear, architectural swimsuit, minimalist luxury, Crinkled Seersucker bikini, minimalist bikini top",TRUE,Color,Chalk White,Size,XXL,TWESSIE_AU_BT_0103-Chalk White-XXL,168.0,,10
twessie-au-bt-0103,Chalk White Sculptural Crinkled Seersucker Bikini Top,<p>A statement piece in Crinkled Seersucker. This bikini top combines anti-fashion statement design with impeccable craftsmanship. Available in Chalk White with Stone Gray detailing. Not loud. Not obvious. Unmistakably Twessie.</p>,Twessie,Bikini Top,"high-end swimwear, architectural swimsuit, minimalist luxury, Crinkled Seersucker bikini, minimalist bikini top",TRUE,Color,Stone Gray,Size,XS,TWESSIE_AU_BT_0103-Stone Gray-XS,168.0,,10
twessie-au-bt-0103,Chalk White Sculptural Crinkled Seersucker Bikini Top,<p>A statement piece in Crinkled Seersucker. This bikini top combines anti-fashion statement design with impeccable craftsmanship. Available in Chalk White with Stone Gray detailing. Not loud. Not obvious. Unmistakably Twessie.</p>,Twessie,Bikini Top,"high-end swimwear, architectural swimsuit, minimalist luxury, Crinkled Seersucker bikini, minimalist bikini top",TRUE,Color,Stone Gray,Size,S,TWESSIE_AU_BT_0103-Stone Gray-S,168.0,,10
twessie-au-bt-0103,Chalk White Sculptural Crinkled Seersucker Bikini Top,<p>A statement piece in Crinkled Seersucker. This bikini top combines anti-fashion statement design with impeccable craftsmanship. Available in Chalk White with Stone Gray detailing. Not loud. Not obvious. Unmistakably Twessie.</p>,Twessie,Bikini Top,"high-end swimwear, architectural swimsuit, minimalist luxury, Crinkled Seersucker bikini, minimalist bikini top",TRUE,Color,Stone Gray,Size,M,TWESSIE_AU_BT_0103-Stone Gray-M,168.0,,10
twessie-au-bt-0103,Chalk White Sculptural Crinkled Seersucker Bikini Top,<p>A statement piece in Crinkled Seersucker. This bikini top combines anti-fashion statement design with impeccable craftsmanship. Available in Chalk White with Stone Gray detailing. Not loud. Not obvious. Unmistakably Twessie.</p>,Twessie,Bikini Top,"high-end swimwear, architectural swimsuit, minimalist luxury, Crinkled Seersucker bikini, minimalist bikini top",TRUE,Color,Stone Gray,Size,L,TWESSIE_AU_BT_0103-Stone Gray-L,168.0,,10
twessie-au-bt-0103,Chalk White Sculptural Crinkled Seersucker Bikini Top,<p>A statement piece in Crinkled Seersucker. This bikini top combines anti-fashion statement design with impeccable craftsmanship. Available in Chalk White with Stone Gray detailing. Not loud. Not obvious. Unmistakably Twessie.</p>,Twessie,Bikini Top,"high-end swimwear, architectural swimsuit, minimalist luxury, Crinkled Seersucker bikini, minimalist bikini top",TRUE,Color,Stone Gray,Size,XL,TWESSIE_AU_BT_0103-Stone Gray-XL,168.0,,10
twessie-au-bt-0103,Chalk White Sculptural Crinkled Seersucker Bikini Top,<p>A statement piece in Crinkled Seersucker. This bikini top combines anti-fashion statement design with impeccable craftsmanship. Available in Chalk White with Stone Gray detailing. Not loud. Not obvious. Unmistakably Twessie.</p>,Twessie,Bikini Top,"high-end swimwear, architectural swimsuit, minimalist luxury, Crinkled Seersucker bikini, minimalist bikini top",TRUE,Color,Stone Gray,Size,XXL,TWESSIE_AU_BT_0103-Stone Gray-XXL,168.0,,10
twessie-au-bt-0104,Chalk White Sculptural Crinkled Seersucker Bikini Top,<p>Crafted in premium Crinkled Seersucker with Matte Ribbed Knit accents. This bikini top epitomizes intelligent aesthetic luxury. Featuring color-blocking in Chalk White and Stone Gray. Perfect for the discerning swimmer who refuses the obvious.</p>,Twessie,Bikini Top,"architectural swimsuit, minimalist luxury, luxury Chalk White swimwear, minimalist bikini top, high-end swimwear",TRUE,Color,Chalk White,Size,XS,TWESSIE_AU_BT_0104-Chalk White-XS,168.0,,10
twessie-au-bt-0104,Chalk White Sculptural Crinkled Seersucker Bikini Top,<p>Crafted in premium Crinkled Seersucker with Matte Ribbed Knit accents. This bikini top epitomizes intelligent aesthetic luxury. Featuring color-blocking in Chalk White and Stone Gray. Perfect for the discerning swimmer who refuses the obvious.</p>,Twessie,Bikini Top,"architectural swimsuit, minimalist luxury, luxury Chalk White swimwear, minimalist bikini top, high-end swimwear",TRUE,Color,Chalk White,Size,S,TWESSIE_AU_BT_0104-Chalk White-S,168.0,,10
twessie-au-bt-0104,Chalk White Sculptural Crinkled Seersucker Bikini Top,<p>Crafted in premium Crinkled Seersucker with Matte Ribbed Knit accents. This bikini top epitomizes intelligent aesthetic luxury. Featuring color-blocking in Chalk White and Stone Gray. Perfect for the discerning swimmer who refuses the obvious.</p>,Twessie,Bikini Top,"architectural swimsuit, minimalist luxury, luxury Chalk White swimwear, minimalist bikini top, high-end swimwear",TRUE,Color,Chalk White,Size,M,TWESSIE_AU_BT_0104-Chalk White-M,168.0,,10
twessie-au-bt-0104,Chalk White Sculptural Crinkled Seersucker Bikini Top,<p>Crafted in premium Crinkled Seersucker with Matte Ribbed Knit accents. This bikini top epitomizes intelligent aesthetic luxury. Featuring color-blocking in Chalk White and Stone Gray. Perfect for the discerning swimmer who refuses the obvious.</p>,Twessie,Bikini Top,"architectural swimsuit, minimalist luxury, luxury Chalk White swimwear, minimalist bikini top, high-end swimwear",TRUE,Color,Chalk White,Size,L,TWESSIE_AU_BT_0104-Chalk White-L,168.0,,10
twessie-au-bt-0104,Chalk White Sculptural Crinkled Seersucker Bikini Top,<p>Crafted in premium Crinkled Seersucker with Matte Ribbed Knit accents. This bikini top epitomizes intelligent aesthetic luxury. Featuring color-blocking in Chalk White and Stone Gray. Perfect for the discerning swimmer who refuses the obvious.</p>,Twessie,Bikini Top,"architectural swimsuit, minimalist luxury, luxury Chalk White swimwear, minimalist bikini top, high-end swimwear",TRUE,Color,Chalk White,Size,XL,TWESSIE_AU_BT_0104-Chalk White-XL,168.0,,10
twessie-au-bt-0104,Chalk White Sculptural Crinkled Seersucker Bikini Top,<p>Crafted in premium Crinkled Seersucker with Matte Ribbed Knit accents. This bikini top epitomizes intelligent aesthetic luxury. Featuring color-blocking in Chalk White and Stone Gray. Perfect for the discerning swimmer who refuses the obvious.</p>,Twessie,Bikini Top,"architectural swimsuit, minimalist luxury, luxury Chalk White swimwear, minimalist bikini top, high-end swimwear",TRUE,Color,Chalk White,Size,XXL,TWESSIE_AU_BT_0104-Chalk White-XXL,168.0,,10
twessie-au-bt-0104,Chalk White Sculptural Crinkled Seersucker Bikini Top,<p>Crafted in premium Crinkled Seersucker with Matte Ribbed Knit accents. This bikini top epitomizes intelligent aesthetic luxury. Featuring color-blocking in Chalk White and Stone Gray. Perfect for the discerning swimmer who refuses the obvious.</p>,Twessie,Bikini Top,"architectural swimsuit, minimalist luxury, luxury Chalk White swimwear, minimalist bikini top, high-end swimwear",TRUE,Color,Stone Gray,Size,XS,TWESSIE_AU_BT_0104-Stone Gray-XS,168.0,,10
twessie-au-bt-0104,Chalk White Sculptural Crinkled Seersucker Bikini Top,<p>Crafted in premium Crinkled Seersucker with Matte Ribbed Knit accents. This bikini top epitomizes intelligent aesthetic luxury. Featuring color-blocking in Chalk White and Stone Gray. Perfect for the discerning swimmer who refuses the obvious.</p>,Twessie,Bikini Top,"architectural swimsuit, minimalist luxury, luxury Chalk White swimwear, minimalist bikini top, high-end swimwear",TRUE,Color,Stone Gray,Size,S,TWESSIE_AU_BT_0104-Stone Gray-S,168.0,,10
twessie-au-bt-0104,Chalk White Sculptural Crinkled Seersucker Bikini Top,<p>Crafted in premium Crinkled Seersucker with Matte Ribbed Knit accents. This bikini top epitomizes intelligent aesthetic luxury. Featuring color-blocking in Chalk White and Stone Gray. Perfect for the discerning swimmer who refuses the obvious.</p>,Twessie,Bikini Top,"architectural swimsuit, minimalist luxury, luxury Chalk White swimwear, minimalist bikini top, high-end swimwear",TRUE,Color,Stone Gray,Size,M,TWESSIE_AU_BT_0104-Stone Gray-M,168.0,,10
twessie-au-bt-0104,Chalk White Sculptural Crinkled Seersucker Bikini Top,<p>Crafted in premium Crinkled Seersucker with Matte Ribbed Knit accents. This bikini top epitomizes intelligent aesthetic luxury. Featuring color-blocking in Chalk White and Stone Gray. Perfect for the discerning swimmer who refuses the obvious.</p>,Twessie,Bikini Top,"architectural swimsuit, minimalist luxury, luxury Chalk White swimwear, minimalist bikini top, high-end swimwear",TRUE,Color,Stone Gray,Size,L,TWESSIE_AU_BT_0104-Stone Gray-L,168.0,,10
twessie-au-bt-0104,Chalk White Sculptural Crinkled Seersucker Bikini Top,<p>Crafted in premium Crinkled Seersucker with Matte Ribbed Knit accents. This bikini top epitomizes intelligent aesthetic luxury. Featuring color-blocking in Chalk White and Stone Gray. Perfect for the discerning swimmer who refuses the obvious.</p>,Twessie,Bikini Top,"architectural swimsuit, minimalist luxury, luxury Chalk White swimwear, minimalist bikini top, high-end swimwear",TRUE,Color,Stone Gray,Size,XL,TWESSIE_AU_BT_0104-Stone Gray-XL,168.0,,10
twessie-au-bt-0104,Chalk White Sculptural Crinkled Seersucker Bikini Top,<p>Crafted in premium Crinkled Seersucker with Matte Ribbed Knit accents. This bikini top epitomizes intelligent aesthetic luxury. Featuring color-blocking in Chalk White and Stone Gray. Perfect for the discerning swimmer who refuses the obvious.</p>,Twessie,Bikini Top,"architectural swimsuit, minimalist luxury, luxury Chalk White swimwear, minimalist bikini top, high-end swimwear",TRUE,Color,Stone Gray,Size,XXL,TWESSIE_AU_BT_0104-Stone Gray-XXL,168.0,,10
twessie-sg-bt-0105,Obsidian Black Sculptural Econyl Sleek Satin Bikini Top,"<p>Econyl Sleek Satin construction meets architectural precision in this bikini top. Designed for the intelligent, independent woman. The Obsidian Black colorway with Burnt Terracotta accents creates a sophisticated palette. Pure anti-fashion statement elegance.</p>",Twessie,Bikini Top,"minimalist bikini top, Econyl Sleek Satin bikini, high-end swimwear, architectural swimsuit, luxury Obsidian Black swimwear",TRUE,Color,Obsidian Black,Size,XS,TWESSIE_SG_BT_0105-Obsidian Black-XS,168.0,,10
twessie-sg-bt-0105,Obsidian Black Sculptural Econyl Sleek Satin Bikini Top,"<p>Econyl Sleek Satin construction meets architectural precision in this bikini top. Designed for the intelligent, independent woman. The Obsidian Black colorway with Burnt Terracotta accents creates a sophisticated palette. Pure anti-fashion statement elegance.</p>",Twessie,Bikini Top,"minimalist bikini top, Econyl Sleek Satin bikini, high-end swimwear, architectural swimsuit, luxury Obsidian Black swimwear",TRUE,Color,Obsidian Black,Size,S,TWESSIE_SG_BT_0105-Obsidian Black-S,168.0,,10
twessie-sg-bt-0105,Obsidian Black Sculptural Econyl Sleek Satin Bikini Top,"<p>Econyl Sleek Satin construction meets architectural precision in this bikini top. Designed for the intelligent, independent woman. The Obsidian Black colorway with Burnt Terracotta accents creates a sophisticated palette. Pure anti-fashion statement elegance.</p>",Twessie,Bikini Top,"minimalist bikini top, Econyl Sleek Satin bikini, high-end swimwear, architectural swimsuit, luxury Obsidian Black swimwear",TRUE,Color,Obsidian Black,Size,M,TWESSIE_SG_BT_0105-Obsidian Black-M,168.0,,10
twessie-sg-bt-0105,Obsidian Black Sculptural Econyl Sleek Satin Bikini Top,"<p>Econyl Sleek Satin construction meets architectural precision in this bikini top. Designed for the intelligent, independent woman. The Obsidian Black colorway with Burnt Terracotta accents creates a sophisticated palette. Pure anti-fashion statement elegance.</p>",Twessie,Bikini Top,"minimalist bikini top, Econyl Sleek Satin bikini, high-end swimwear, architectural swimsuit, luxury Obsidian Black swimwear",TRUE,Color,Obsidian Black,Size,L,TWESSIE_SG_BT_0105-Obsidian Black-L,168.0,,10
twessie-sg-bt-0105,Obsidian Black Sculptural Econyl Sleek Satin Bikini Top,"<p>Econyl Sleek Satin construction meets architectural precision in this bikini top. Designed for the intelligent, independent woman. The Obsidian Black colorway with Burnt Terracotta accents creates a sophisticated palette. Pure anti-fashion statement elegance.</p>",Twessie,Bikini Top,"minimalist bikini top, Econyl Sleek Satin bikini, high-end swimwear, architectural swimsuit, luxury Obsidian Black swimwear",TRUE,Color,Obsidian Black,Size,XL,TWESSIE_SG_BT_0105-Obsidian Black-XL,168.0,,10
twessie-sg-bt-0105,Obsidian Black Sculptural Econyl Sleek Satin Bikini Top,"<p>Econyl Sleek Satin construction meets architectural precision in this bikini top. Designed for the intelligent, independent woman. The Obsidian Black colorway with Burnt Terracotta accents creates a sophisticated palette. Pure anti-fashion statement elegance.</p>",Twessie,Bikini Top,"minimalist bikini top, Econyl Sleek Satin bikini, high-end swimwear, architectural swimsuit, luxury Obsidian Black swimwear",TRUE,Color,Obsidian Black,Size,XXL,TWESSIE_SG_BT_0105-Obsidian Black-XXL,168.0,,10
twessie-sg-bt-0105,Obsidian Black Sculptural Econyl Sleek Satin Bikini Top,"<p>Econyl Sleek Satin construction meets architectural precision in this bikini top. Designed for the intelligent, independent woman. The Obsidian Black colorway with Burnt Terracotta accents creates a sophisticated palette. Pure anti-fashion statement elegance.</p>",Twessie,Bikini Top,"minimalist bikini top, Econyl Sleek Satin bikini, high-end swimwear, architectural swimsuit, luxury Obsidian Black swimwear",TRUE,Color,Burnt Terracotta,Size,XS,TWESSIE_SG_BT_0105-Burnt Terracotta-XS,168.0,,10
twessie-sg-bt-0105,Obsidian Black Sculptural Econyl Sleek Satin Bikini Top,"<p>Econyl Sleek Satin construction meets architectural precision in this bikini top. Designed for the intelligent, independent woman. The Obsidian Black colorway with Burnt Terracotta accents creates a sophisticated palette. Pure anti-fashion statement elegance.</p>",Twessie,Bikini Top,"minimalist bikini top, Econyl Sleek Satin bikini, high-end swimwear, architectural swimsuit, luxury Obsidian Black swimwear",TRUE,Color,Burnt Terracotta,Size,S,TWESSIE_SG_BT_0105-Burnt Terracotta-S,168.0,,10
twessie-sg-bt-0105,Obsidian Black Sculptural Econyl Sleek Satin Bikini Top,"<p>Econyl Sleek Satin construction meets architectural precision in this bikini top. Designed for the intelligent, independent woman. The Obsidian Black colorway with Burnt Terracotta accents creates a sophisticated palette. Pure anti-fashion statement elegance.</p>",Twessie,Bikini Top,"minimalist bikini top, Econyl Sleek Satin bikini, high-end swimwear, architectural swimsuit, luxury Obsidian Black swimwear",TRUE,Color,Burnt Terracotta,Size,M,TWESSIE_SG_BT_0105-Burnt Terracotta-M,168.0,,10
twessie-sg-bt-0105,Obsidian Black Sculptural Econyl Sleek Satin Bikini Top,"<p>Econyl Sleek Satin construction meets architectural precision in this bikini top. Designed for the intelligent, independent woman. The Obsidian Black colorway with Burnt Terracotta accents creates a sophisticated palette. Pure anti-fashion statement elegance.</p>",Twessie,Bikini Top,"minimalist bikini top, Econyl Sleek Satin bikini, high-end swimwear, architectural swimsuit, luxury Obsidian Black swimwear",TRUE,Color,Burnt Terracotta,Size,L,TWESSIE_SG_BT_0105-Burnt Terracotta-L,168.0,,10
twessie-sg-bt-0105,Obsidian Black Sculptural Econyl Sleek Satin Bikini Top,"<p>Econyl Sleek Satin construction meets architectural precision in this bikini top. Designed for the intelligent, independent woman. The Obsidian Black colorway with Burnt Terracotta accents creates a sophisticated palette. Pure anti-fashion statement elegance.</p>",Twessie,Bikini Top,"minimalist bikini top, Econyl Sleek Satin bikini, high-end swimwear, architectural swimsuit, luxury Obsidian Black swimwear",TRUE,Color,Burnt Terracotta,Size,XL,TWESSIE_SG_BT_0105-Burnt Terracotta-XL,168.0,,10
twessie-sg-bt-0105,Obsidian Black Sculptural Econyl Sleek Satin Bikini Top,"<p>Econyl Sleek Satin construction meets architectural precision in this bikini top. Designed for the intelligent, independent woman. The Obsidian Black colorway with Burnt Terracotta accents creates a sophisticated palette. Pure anti-fashion statement elegance.</p>",Twessie,Bikini Top,"minimalist bikini top, Econyl Sleek Satin bikini, high-end swimwear, architectural swimsuit, luxury Obsidian Black swimwear",TRUE,Color,Burnt Terracotta,Size,XXL,TWESSIE_SG_BT_0105-Burnt Terracotta-XXL,168.0,,10
twessie-au-bt-0106,Architecture-Cut Obsidian Black Bikini Top,<p>A statement piece in Econyl Sleek Satin. This bikini top combines rebellious yet refined design with impeccable craftsmanship. Available in Obsidian Black with Burnt Terracotta detailing. Not loud. Not obvious. Unmistakably Twessie.</p>,Twessie,Bikini Top,"high-end swimwear, architectural swimsuit, Econyl Sleek Satin bikini, minimalist luxury, minimalist bikini top",TRUE,Color,Obsidian Black,Size,XS,TWESSIE_AU_BT_0106-Obsidian Black-XS,168.0,,10
twessie-au-bt-0106,Architecture-Cut Obsidian Black Bikini Top,<p>A statement piece in Econyl Sleek Satin. This bikini top combines rebellious yet refined design with impeccable craftsmanship. Available in Obsidian Black with Burnt Terracotta detailing. Not loud. Not obvious. Unmistakably Twessie.</p>,Twessie,Bikini Top,"high-end swimwear, architectural swimsuit, Econyl Sleek Satin bikini, minimalist luxury, minimalist bikini top",TRUE,Color,Obsidian Black,Size,S,TWESSIE_AU_BT_0106-Obsidian Black-S,168.0,,10
twessie-au-bt-0106,Architecture-Cut Obsidian Black Bikini Top,<p>A statement piece in Econyl Sleek Satin. This bikini top combines rebellious yet refined design with impeccable craftsmanship. Available in Obsidian Black with Burnt Terracotta detailing. Not loud. Not obvious. Unmistakably Twessie.</p>,Twessie,Bikini Top,"high-end swimwear, architectural swimsuit, Econyl Sleek Satin bikini, minimalist luxury, minimalist bikini top",TRUE,Color,Obsidian Black,Size,M,TWESSIE_AU_BT_0106-Obsidian Black-M,168.0,,10
twessie-au-bt-0106,Architecture-Cut Obsidian Black Bikini Top,<p>A statement piece in Econyl Sleek Satin. This bikini top combines rebellious yet refined design with impeccable craftsmanship. Available in Obsidian Black with Burnt Terracotta detailing. Not loud. Not obvious. Unmistakably Twessie.</p>,Twessie,Bikini Top,"high-end swimwear, architectural swimsuit, Econyl Sleek Satin bikini, minimalist luxury, minimalist bikini top",TRUE,Color,Obsidian Black,Size,L,TWESSIE_AU_BT_0106-Obsidian Black-L,168.0,,10
twessie-au-bt-0106,Architecture-Cut Obsidian Black Bikini Top,<p>A statement piece in Econyl Sleek Satin. This bikini top combines rebellious yet refined design with impeccable craftsmanship. Available in Obsidian Black with Burnt Terracotta detailing. Not loud. Not obvious. Unmistakably Twessie.</p>,Twessie,Bikini Top,"high-end swimwear, architectural swimsuit, Econyl Sleek Satin bikini, minimalist luxury, minimalist bikini top",TRUE,Color,Obsidian Black,Size,XL,TWESSIE_AU_BT_0106-Obsidian Black-XL,168.0,,10
twessie-au-bt-0106,Architecture-Cut Obsidian Black Bikini Top,<p>A statement piece in Econyl Sleek Satin. This bikini top combines rebellious yet refined design with impeccable craftsmanship. Available in Obsidian Black with Burnt Terracotta detailing. Not loud. Not obvious. Unmistakably Twessie.</p>,Twessie,Bikini Top,"high-end swimwear, architectural swimsuit, Econyl Sleek Satin bikini, minimalist luxury, minimalist bikini top",TRUE,Color,Obsidian Black,Size,XXL,TWESSIE_AU_BT_0106-Obsidian Black-XXL,168.0,,10
twessie-au-bt-0106,Architecture-Cut Obsidian Black Bikini Top,<p>A statement piece in Econyl Sleek Satin. This bikini top combines rebellious yet refined design with impeccable craftsmanship. Available in Obsidian Black with Burnt Terracotta detailing. Not loud. Not obvious. Unmistakably Twessie.</p>,Twessie,Bikini Top,"high-end swimwear, architectural swimsuit, Econyl Sleek Satin bikini, minimalist luxury, minimalist bikini top",TRUE,Color,Burnt Terracotta,Size,XS,TWESSIE_AU_BT_0106-Burnt Terracotta-XS,168.0,,10
twessie-au-bt-0106,Architecture-Cut Obsidian Black Bikini Top,<p>A statement piece in Econyl Sleek Satin. This bikini top combines rebellious yet refined design with impeccable craftsmanship. Available in Obsidian Black with Burnt Terracotta detailing. Not loud. Not obvious. Unmistakably Twessie.</p>,Twessie,Bikini Top,"high-end swimwear, architectural swimsuit, Econyl Sleek Satin bikini, minimalist luxury, minimalist bikini top",TRUE,Color,Burnt Terracotta,Size,S,TWESSIE_AU_BT_0106-Burnt Terracotta-S,168.0,,10
twessie-au-bt-0106,Architecture-Cut Obsidian Black Bikini Top,<p>A statement piece in Econyl Sleek Satin. This bikini top combines rebellious yet refined design with impeccable craftsmanship. Available in Obsidian Black with Burnt Terracotta detailing. Not loud. Not obvious. Unmistakably Twessie.</p>,Twessie,Bikini Top,"high-end swimwear, architectural swimsuit, Econyl Sleek Satin bikini, minimalist luxury, minimalist bikini top",TRUE,Color,Burnt Terracotta,Size,M,TWESSIE_AU_BT_0106-Burnt Terracotta-M,168.0,,10
twessie-au-bt-0106,Architecture-Cut Obsidian Black Bikini Top,<p>A statement piece in Econyl Sleek Satin. This bikini top combines rebellious yet refined design with impeccable craftsmanship. Available in Obsidian Black with Burnt Terracotta detailing. Not loud. Not obvious. Unmistakably Twessie.</p>,Twessie,Bikini Top,"high-end swimwear, architectural swimsuit, Econyl Sleek Satin bikini, minimalist luxury, minimalist bikini top",TRUE,Color,Burnt Terracotta,Size,L,TWESSIE_AU_BT_0106-Burnt Terracotta-L,168.0,,10
twessie-au-bt-0106,Architecture-Cut Obsidian Black Bikini Top,<p>A statement piece in Econyl Sleek Satin. This bikini top combines rebellious yet refined design with impeccable craftsmanship. Available in Obsidian Black with Burnt Terracotta detailing. Not loud. Not obvious. Unmistakably Twessie.</p>,Twessie,Bikini Top,"high-end swimwear, architectural swimsuit, Econyl Sleek Satin bikini, minimalist luxury, minimalist bikini top",TRUE,Color,Burnt Terracotta,Size,XL,TWESSIE_AU_BT_0106-Burnt Terracotta-XL,168.0,,10
twessie-au-bt-0106,Architecture-Cut Obsidian Black Bikini Top,<p>A statement piece in Econyl Sleek Satin. This bikini top combines rebellious yet refined design with impeccable craftsmanship. Available in Obsidian Black with Burnt Terracotta detailing. Not loud. Not obvious. Unmistakably Twessie.</p>,Twessie,Bikini Top,"high-end swimwear, architectural swimsuit, Econyl Sleek Satin bikini, minimalist luxury, minimalist bikini top",TRUE,Color,Burnt Terracotta,Size,XXL,TWESSIE_AU_BT_0106-Burnt Terracotta-XXL,168.0,,10
twessie-na-bb-0107,High-Cut Chalk White Bikini Brief,"<p>Crinkled Seersucker construction meets architectural precision in this bikini bottom. Designed for the intelligent, independent woman. The Chalk White colorway with Stone Gray accents creates a sophisticated palette. Pure intelligent aesthetic elegance.</p>",Twessie,Bikini Bottom,"architectural swimsuit, independent fashion, minimalist luxury, minimalist bikini bottom, high-end swimwear",TRUE,Color,Chalk White,Size,XS,TWESSIE_NA_BB_0107-Chalk White-XS,168.0,,10
twessie-na-bb-0107,High-Cut Chalk White Bikini Brief,"<p>Crinkled Seersucker construction meets architectural precision in this bikini bottom. Designed for the intelligent, independent woman. The Chalk White colorway with Stone Gray accents creates a sophisticated palette. Pure intelligent aesthetic elegance.</p>",Twessie,Bikini Bottom,"architectural swimsuit, independent fashion, minimalist luxury, minimalist bikini bottom, high-end swimwear",TRUE,Color,Chalk White,Size,S,TWESSIE_NA_BB_0107-Chalk White-S,168.0,,10
twessie-na-bb-0107,High-Cut Chalk White Bikini Brief,"<p>Crinkled Seersucker construction meets architectural precision in this bikini bottom. Designed for the intelligent, independent woman. The Chalk White colorway with Stone Gray accents creates a sophisticated palette. Pure intelligent aesthetic elegance.</p>",Twessie,Bikini Bottom,"architectural swimsuit, independent fashion, minimalist luxury, minimalist bikini bottom, high-end swimwear",TRUE,Color,Chalk White,Size,M,TWESSIE_NA_BB_0107-Chalk White-M,168.0,,10
twessie-na-bb-0107,High-Cut Chalk White Bikini Brief,"<p>Crinkled Seersucker construction meets architectural precision in this bikini bottom. Designed for the intelligent, independent woman. The Chalk White colorway with Stone Gray accents creates a sophisticated palette. Pure intelligent aesthetic elegance.</p>",Twessie,Bikini Bottom,"architectural swimsuit, independent fashion, minimalist luxury, minimalist bikini bottom, high-end swimwear",TRUE,Color,Chalk White,Size,L,TWESSIE_NA_BB_0107-Chalk White-L,168.0,,10
twessie-na-bb-0107,High-Cut Chalk White Bikini Brief,"<p>Crinkled Seersucker construction meets architectural precision in this bikini bottom. Designed for the intelligent, independent woman. The Chalk White colorway with Stone Gray accents creates a sophisticated palette. Pure intelligent aesthetic elegance.</p>",Twessie,Bikini Bottom,"architectural swimsuit, independent fashion, minimalist luxury, minimalist bikini bottom, high-end swimwear",TRUE,Color,Chalk White,Size,XL,TWESSIE_NA_BB_0107-Chalk White-XL,168.0,,10
twessie-na-bb-0107,High-Cut Chalk White Bikini Brief,"<p>Crinkled Seersucker construction meets architectural precision in this bikini bottom. Designed for the intelligent, independent woman. The Chalk White colorway with Stone Gray accents creates a sophisticated palette. Pure intelligent aesthetic elegance.</p>",Twessie,Bikini Bottom,"architectural swimsuit, independent fashion, minimalist luxury, minimalist bikini bottom, high-end swimwear",TRUE,Color,Chalk White,Size,XXL,TWESSIE_NA_BB_0107-Chalk White-XXL,168.0,,10
twessie-na-bb-0107,High-Cut Chalk White Bikini Brief,"<p>Crinkled Seersucker construction meets architectural precision in this bikini bottom. Designed for the intelligent, independent woman. The Chalk White colorway with Stone Gray accents creates a sophisticated palette. Pure intelligent aesthetic elegance.</p>",Twessie,Bikini Bottom,"architectural swimsuit, independent fashion, minimalist luxury, minimalist bikini bottom, high-end swimwear",TRUE,Color,Stone Gray,Size,XS,TWESSIE_NA_BB_0107-Stone Gray-XS,168.0,,10
twessie-na-bb-0107,High-Cut Chalk White Bikini Brief,"<p>Crinkled Seersucker construction meets architectural precision in this bikini bottom. Designed for the intelligent, independent woman. The Chalk White colorway with Stone Gray accents creates a sophisticated palette. Pure intelligent aesthetic elegance.</p>",Twessie,Bikini Bottom,"architectural swimsuit, independent fashion, minimalist luxury, minimalist bikini bottom, high-end swimwear",TRUE,Color,Stone Gray,Size,S,TWESSIE_NA_BB_0107-Stone Gray-S,168.0,,10
twessie-na-bb-0107,High-Cut Chalk White Bikini Brief,"<p>Crinkled Seersucker construction meets architectural precision in this bikini bottom. Designed for the intelligent, independent woman. The Chalk White colorway with Stone Gray accents creates a sophisticated palette. Pure intelligent aesthetic elegance.</p>",Twessie,Bikini Bottom,"architectural swimsuit, independent fashion, minimalist luxury, minimalist bikini bottom, high-end swimwear",TRUE,Color,Stone Gray,Size,M,TWESSIE_NA_BB_0107-Stone Gray-M,168.0,,10
twessie-na-bb-0107,High-Cut Chalk White Bikini Brief,"<p>Crinkled Seersucker construction meets architectural precision in this bikini bottom. Designed for the intelligent, independent woman. The Chalk White colorway with Stone Gray accents creates a sophisticated palette. Pure intelligent aesthetic elegance.</p>",Twessie,Bikini Bottom,"architectural swimsuit, independent fashion, minimalist luxury, minimalist bikini bottom, high-end swimwear",TRUE,Color,Stone Gray,Size,L,TWESSIE_NA_BB_0107-Stone Gray-L,168.0,,10
twessie-na-bb-0107,High-Cut Chalk White Bikini Brief,"<p>Crinkled Seersucker construction meets architectural precision in this bikini bottom. Designed for the intelligent, independent woman. The Chalk White colorway with Stone Gray accents creates a sophisticated palette. Pure intelligent aesthetic elegance.</p>",Twessie,Bikini Bottom,"architectural swimsuit, independent fashion, minimalist luxury, minimalist bikini bottom, high-end swimwear",TRUE,Color,Stone Gray,Size,XL,TWESSIE_NA_BB_0107-Stone Gray-XL,168.0,,10
twessie-na-bb-0107,High-Cut Chalk White Bikini Brief,"<p>Crinkled Seersucker construction meets architectural precision in this bikini bottom. Designed for the intelligent, independent woman. The Chalk White colorway with Stone Gray accents creates a sophisticated palette. Pure intelligent aesthetic elegance.</p>",Twessie,Bikini Bottom,"architectural swimsuit, independent fashion, minimalist luxury, minimalist bikini bottom, high-end swimwear",TRUE,Color,Stone Gray,Size,XXL,TWESSIE_NA_BB_0107-Stone Gray-XXL,168.0,,10
twessie-sg-bb-0108,Structural Matte Ribbed Knit Bikini Bottom,<p>Crafted in premium Matte Ribbed Knit with Crinkled Seersucker accents. This bikini bottom epitomizes architectural elegance luxury. Featuring color-blocking in Burnt Terracotta and Olive Drab. Perfect for the discerning swimmer who refuses the obvious.</p>,Twessie,Bikini Bottom,"minimalist bikini bottom, luxury Burnt Terracotta swimwear, high-end swimwear, architectural swimsuit, minimalist luxury",TRUE,Color,Burnt Terracotta,Size,XS,TWESSIE_SG_BB_0108-Burnt Terracotta-XS,168.0,,10
twessie-sg-bb-0108,Structural Matte Ribbed Knit Bikini Bottom,<p>Crafted in premium Matte Ribbed Knit with Crinkled Seersucker accents. This bikini bottom epitomizes architectural elegance luxury. Featuring color-blocking in Burnt Terracotta and Olive Drab. Perfect for the discerning swimmer who refuses the obvious.</p>,Twessie,Bikini Bottom,"minimalist bikini bottom, luxury Burnt Terracotta swimwear, high-end swimwear, architectural swimsuit, minimalist luxury",TRUE,Color,Burnt Terracotta,Size,S,TWESSIE_SG_BB_0108-Burnt Terracotta-S,168.0,,10
twessie-sg-bb-0108,Structural Matte Ribbed Knit Bikini Bottom,<p>Crafted in premium Matte Ribbed Knit with Crinkled Seersucker accents. This bikini bottom epitomizes architectural elegance luxury. Featuring color-blocking in Burnt Terracotta and Olive Drab. Perfect for the discerning swimmer who refuses the obvious.</p>,Twessie,Bikini Bottom,"minimalist bikini bottom, luxury Burnt Terracotta swimwear, high-end swimwear, architectural swimsuit, minimalist luxury",TRUE,Color,Burnt Terracotta,Size,M,TWESSIE_SG_BB_0108-Burnt Terracotta-M,168.0,,10
twessie-sg-bb-0108,Structural Matte Ribbed Knit Bikini Bottom,<p>Crafted in premium Matte Ribbed Knit with Crinkled Seersucker accents. This bikini bottom epitomizes architectural elegance luxury. Featuring color-blocking in Burnt Terracotta and Olive Drab. Perfect for the discerning swimmer who refuses the obvious.</p>,Twessie,Bikini Bottom,"minimalist bikini bottom, luxury Burnt Terracotta swimwear, high-end swimwear, architectural swimsuit, minimalist luxury",TRUE,Color,Burnt Terracotta,Size,L,TWESSIE_SG_BB_0108-Burnt Terracotta-L,168.0,,10
twessie-sg-bb-0108,Structural Matte Ribbed Knit Bikini Bottom,<p>Crafted in premium Matte Ribbed Knit with Crinkled Seersucker accents. This bikini bottom epitomizes architectural elegance luxury. Featuring color-blocking in Burnt Terracotta and Olive Drab. Perfect for the discerning swimmer who refuses the obvious.</p>,Twessie,Bikini Bottom,"minimalist bikini bottom, luxury Burnt Terracotta swimwear, high-end swimwear, architectural swimsuit, minimalist luxury",TRUE,Color,Burnt Terracotta,Size,XL,TWESSIE_SG_BB_0108-Burnt Terracotta-XL,168.0,,10
twessie-sg-bb-0108,Structural Matte Ribbed Knit Bikini Bottom,<p>Crafted in premium Matte Ribbed Knit with Crinkled Seersucker accents. This bikini bottom epitomizes architectural elegance luxury. Featuring color-blocking in Burnt Terracotta and Olive Drab. Perfect for the discerning swimmer who refuses the obvious.</p>,Twessie,Bikini Bottom,"minimalist bikini bottom, luxury Burnt Terracotta swimwear, high-end swimwear, architectural swimsuit, minimalist luxury",TRUE,Color,Burnt Terracotta,Size,XXL,TWESSIE_SG_BB_0108-Burnt Terracotta-XXL,168.0,,10
twessie-sg-bb-0108,Structural Matte Ribbed Knit Bikini Bottom,<p>Crafted in premium Matte Ribbed Knit with Crinkled Seersucker accents. This bikini bottom epitomizes architectural elegance luxury. Featuring color-blocking in Burnt Terracotta and Olive Drab. Perfect for the discerning swimmer who refuses the obvious.</p>,Twessie,Bikini Bottom,"minimalist bikini bottom, luxury Burnt Terracotta swimwear, high-end swimwear, architectural swimsuit, minimalist luxury",TRUE,Color,Olive Drab,Size,XS,TWESSIE_SG_BB_0108-Olive Drab-XS,168.0,,10
twessie-sg-bb-0108,Structural Matte Ribbed Knit Bikini Bottom,<p>Crafted in premium Matte Ribbed Knit with Crinkled Seersucker accents. This bikini bottom epitomizes architectural elegance luxury. Featuring color-blocking in Burnt Terracotta and Olive Drab. Perfect for the discerning swimmer who refuses the obvious.</p>,Twessie,Bikini Bottom,"minimalist bikini bottom, luxury Burnt Terracotta swimwear, high-end swimwear, architectural swimsuit, minimalist luxury",TRUE,Color,Olive Drab,Size,S,TWESSIE_SG_BB_0108-Olive Drab-S,168.0,,10
twessie-sg-bb-0108,Structural Matte Ribbed Knit Bikini Bottom,<p>Crafted in premium Matte Ribbed Knit with Crinkled Seersucker accents. This bikini bottom epitomizes architectural elegance luxury. Featuring color-blocking in Burnt Terracotta and Olive Drab. Perfect for the discerning swimmer who refuses the obvious.</p>,Twessie,Bikini Bottom,"minimalist bikini bottom, luxury Burnt Terracotta swimwear, high-end swimwear, architectural swimsuit, minimalist luxury",TRUE,Color,Olive Drab,Size,M,TWESSIE_SG_BB_0108-Olive Drab-M,168.0,,10
twessie-sg-bb-0108,Structural Matte Ribbed Knit Bikini Bottom,<p>Crafted in premium Matte Ribbed Knit with Crinkled Seersucker accents. This bikini bottom epitomizes architectural elegance luxury. Featuring color-blocking in Burnt Terracotta and Olive Drab. Perfect for the discerning swimmer who refuses the obvious.</p>,Twessie,Bikini Bottom,"minimalist bikini bottom, luxury Burnt Terracotta swimwear, high-end swimwear, architectural swimsuit, minimalist luxury",TRUE,Color,Olive Drab,Size,L,TWESSIE_SG_BB_0108-Olive Drab-L,168.0,,10
twessie-sg-bb-0108,Structural Matte Ribbed Knit Bikini Bottom,<p>Crafted in premium Matte Ribbed Knit with Crinkled Seersucker accents. This bikini bottom epitomizes architectural elegance luxury. Featuring color-blocking in Burnt Terracotta and Olive Drab. Perfect for the discerning swimmer who refuses the obvious.</p>,Twessie,Bikini Bottom,"minimalist bikini bottom, luxury Burnt Terracotta swimwear, high-end swimwear, architectural swimsuit, minimalist luxury",TRUE,Color,Olive Drab,Size,XL,TWESSIE_SG_BB_0108-Olive Drab-XL,168.0,,10
twessie-sg-bb-0108,Structural Matte Ribbed Knit Bikini Bottom,<p>Crafted in premium Matte Ribbed Knit with Crinkled Seersucker accents. This bikini bottom epitomizes architectural elegance luxury. Featuring color-blocking in Burnt Terracotta and Olive Drab. Perfect for the discerning swimmer who refuses the obvious.</p>,Twessie,Bikini Bottom,"minimalist bikini bottom, luxury Burnt Terracotta swimwear, high-end swimwear, architectural swimsuit, minimalist luxury",TRUE,Color,Olive Drab,Size,XXL,TWESSIE_SG_BB_0108-Olive Drab-XXL,168.0,,10
twessie-jp-op-0109,Minimalist Crinkled Seersucker One-Piece,<p>Crafted in premium Crinkled Seersucker with Matte Ribbed Knit accents. This one-piece epitomizes minimalist luxury luxury. Featuring color-blocking in Stone Gray and Chalk White. Perfect for the discerning swimmer who refuses the obvious.</p>,Twessie,One-Piece,"Crinkled Seersucker bikini, independent fashion, high-end swimwear, luxury Stone Gray swimwear, architectural swimsuit",TRUE,Color,Stone Gray,Size,XS,TWESSIE_JP_OP_0109-Stone Gray-XS,168.0,,10
twessie-jp-op-0109,Minimalist Crinkled Seersucker One-Piece,<p>Crafted in premium Crinkled Seersucker with Matte Ribbed Knit accents. This one-piece epitomizes minimalist luxury luxury. Featuring color-blocking in Stone Gray and Chalk White. Perfect for the discerning swimmer who refuses the obvious.</p>,Twessie,One-Piece,"Crinkled Seersucker bikini, independent fashion, high-end swimwear, luxury Stone Gray swimwear, architectural swimsuit",TRUE,Color,Stone Gray,Size,S,TWESSIE_JP_OP_0109-Stone Gray-S,168.0,,10
twessie-jp-op-0109,Minimalist Crinkled Seersucker One-Piece,<p>Crafted in premium Crinkled Seersucker with Matte Ribbed Knit accents. This one-piece epitomizes minimalist luxury luxury. Featuring color-blocking in Stone Gray and Chalk White. Perfect for the discerning swimmer who refuses the obvious.</p>,Twessie,One-Piece,"Crinkled Seersucker bikini, independent fashion, high-end swimwear, luxury Stone Gray swimwear, architectural swimsuit",TRUE,Color,Stone Gray,Size,M,TWESSIE_JP_OP_0109-Stone Gray-M,168.0,,10
twessie-jp-op-0109,Minimalist Crinkled Seersucker One-Piece,<p>Crafted in premium Crinkled Seersucker with Matte Ribbed Knit accents. This one-piece epitomizes minimalist luxury luxury. Featuring color-blocking in Stone Gray and Chalk White. Perfect for the discerning swimmer who refuses the obvious.</p>,Twessie,One-Piece,"Crinkled Seersucker bikini, independent fashion, high-end swimwear, luxury Stone Gray swimwear, architectural swimsuit",TRUE,Color,Stone Gray,Size,L,TWESSIE_JP_OP_0109-Stone Gray-L,168.0,,10
twessie-jp-op-0109,Minimalist Crinkled Seersucker One-Piece,<p>Crafted in premium Crinkled Seersucker with Matte Ribbed Knit accents. This one-piece epitomizes minimalist luxury luxury. Featuring color-blocking in Stone Gray and Chalk White. Perfect for the discerning swimmer who refuses the obvious.</p>,Twessie,One-Piece,"Crinkled Seersucker bikini, independent fashion, high-end swimwear, luxury Stone Gray swimwear, architectural swimsuit",TRUE,Color,Stone Gray,Size,XL,TWESSIE_JP_OP_0109-Stone Gray-XL,168.0,,10
twessie-jp-op-0109,Minimalist Crinkled Seersucker One-Piece,<p>Crafted in premium Crinkled Seersucker with Matte Ribbed Knit accents. This one-piece epitomizes minimalist luxury luxury. Featuring color-blocking in Stone Gray and Chalk White. Perfect for the discerning swimmer who refuses the obvious.</p>,Twessie,One-Piece,"Crinkled Seersucker bikini, independent fashion, high-end swimwear, luxury Stone Gray swimwear, architectural swimsuit",TRUE,Color,Stone Gray,Size,XXL,TWESSIE_JP_OP_0109-Stone Gray-XXL,168.0,,10
twessie-jp-op-0109,Minimalist Crinkled Seersucker One-Piece,<p>Crafted in premium Crinkled Seersucker with Matte Ribbed Knit accents. This one-piece epitomizes minimalist luxury luxury. Featuring color-blocking in Stone Gray and Chalk White. Perfect for the discerning swimmer who refuses the obvious.</p>,Twessie,One-Piece,"Crinkled Seersucker bikini, independent fashion, high-end swimwear, luxury Stone Gray swimwear, architectural swimsuit",TRUE,Color,Chalk White,Size,XS,TWESSIE_JP_OP_0109-Chalk White-XS,168.0,,10
twessie-jp-op-0109,Minimalist Crinkled Seersucker One-Piece,<p>Crafted in premium Crinkled Seersucker with Matte Ribbed Knit accents. This one-piece epitomizes minimalist luxury luxury. Featuring color-blocking in Stone Gray and Chalk White. Perfect for the discerning swimmer who refuses the obvious.</p>,Twessie,One-Piece,"Crinkled Seersucker bikini, independent fashion, high-end swimwear, luxury Stone Gray swimwear, architectural swimsuit",TRUE,Color,Chalk White,Size,S,TWESSIE_JP_OP_0109-Chalk White-S,168.0,,10
twessie-jp-op-0109,Minimalist Crinkled Seersucker One-Piece,<p>Crafted in premium Crinkled Seersucker with Matte Ribbed Knit accents. This one-piece epitomizes minimalist luxury luxury. Featuring color-blocking in Stone Gray and Chalk White. Perfect for the discerning swimmer who refuses the obvious.</p>,Twessie,One-Piece,"Crinkled Seersucker bikini, independent fashion, high-end swimwear, luxury Stone Gray swimwear, architectural swimsuit",TRUE,Color,Chalk White,Size,M,TWESSIE_JP_OP_0109-Chalk White-M,168.0,,10
twessie-jp-op-0109,Minimalist Crinkled Seersucker One-Piece,<p>Crafted in premium Crinkled Seersucker with Matte Ribbed Knit accents. This one-piece epitomizes minimalist luxury luxury. Featuring color-blocking in Stone Gray and Chalk White. Perfect for the discerning swimmer who refuses the obvious.</p>,Twessie,One-Piece,"Crinkled Seersucker bikini, independent fashion, high-end swimwear, luxury Stone Gray swimwear, architectural swimsuit",TRUE,Color,Chalk White,Size,L,TWESSIE_JP_OP_0109-Chalk White-L,168.0,,10
twessie-jp-op-0109,Minimalist Crinkled Seersucker One-Piece,<p>Crafted in premium Crinkled Seersucker with Matte Ribbed Knit accents. This one-piece epitomizes minimalist luxury luxury. Featuring color-blocking in Stone Gray and Chalk White. Perfect for the discerning swimmer who refuses the obvious.</p>,Twessie,One-Piece,"Crinkled Seersucker bikini, independent fashion, high-end swimwear, luxury Stone Gray swimwear, architectural swimsuit",TRUE,Color,Chalk White,Size,XL,TWESSIE_JP_OP_0109-Chalk White-XL,168.0,,10
twessie-jp-op-0109,Minimalist Crinkled Seersucker One-Piece,<p>Crafted in premium Crinkled Seersucker with Matte Ribbed Knit accents. This one-piece epitomizes minimalist luxury luxury. Featuring color-blocking in Stone Gray and Chalk White. Perfect for the discerning swimmer who refuses the obvious.</p>,Twessie,One-Piece,"Crinkled Seersucker bikini, independent fashion, high-end swimwear, luxury Stone Gray swimwear, architectural swimsuit",TRUE,Color,Chalk White,Size,XXL,TWESSIE_JP_OP_0109-Chalk White-XXL,168.0,,10
twessie-sg-bt-0110,Minimalist Obsidian Black Textured Bikini Top,<p>Crafted in premium Econyl Sleek Satin with Crinkled Seersucker accents. This bikini top epitomizes intelligent aesthetic luxury. Featuring color-blocking in Obsidian Black and Stone Gray. Perfect for the discerning swimmer who refuses the obvious.</p>,Twessie,Bikini Top,"Econyl Sleek Satin bikini, architectural swimsuit, independent fashion, minimalist luxury, luxury Obsidian Black swimwear",TRUE,Color,Obsidian Black,Size,XS,TWESSIE_SG_BT_0110-Obsidian Black-XS,168.0,,10
twessie-sg-bt-0110,Minimalist Obsidian Black Textured Bikini Top,<p>Crafted in premium Econyl Sleek Satin with Crinkled Seersucker accents. This bikini top epitomizes intelligent aesthetic luxury. Featuring color-blocking in Obsidian Black and Stone Gray. Perfect for the discerning swimmer who refuses the obvious.</p>,Twessie,Bikini Top,"Econyl Sleek Satin bikini, architectural swimsuit, independent fashion, minimalist luxury, luxury Obsidian Black swimwear",TRUE,Color,Obsidian Black,Size,S,TWESSIE_SG_BT_0110-Obsidian Black-S,168.0,,10
twessie-sg-bt-0110,Minimalist Obsidian Black Textured Bikini Top,<p>Crafted in premium Econyl Sleek Satin with Crinkled Seersucker accents. This bikini top epitomizes intelligent aesthetic luxury. Featuring color-blocking in Obsidian Black and Stone Gray. Perfect for the discerning swimmer who refuses the obvious.</p>,Twessie,Bikini Top,"Econyl Sleek Satin bikini, architectural swimsuit, independent fashion, minimalist luxury, luxury Obsidian Black swimwear",TRUE,Color,Obsidian Black,Size,M,TWESSIE_SG_BT_0110-Obsidian Black-M,168.0,,10
twessie-sg-bt-0110,Minimalist Obsidian Black Textured Bikini Top,<p>Crafted in premium Econyl Sleek Satin with Crinkled Seersucker accents. This bikini top epitomizes intelligent aesthetic luxury. Featuring color-blocking in Obsidian Black and Stone Gray. Perfect for the discerning swimmer who refuses the obvious.</p>,Twessie,Bikini Top,"Econyl Sleek Satin bikini, architectural swimsuit, independent fashion, minimalist luxury, luxury Obsidian Black swimwear",TRUE,Color,Obsidian Black,Size,L,TWESSIE_SG_BT_0110-Obsidian Black-L,168.0,,10
twessie-sg-bt-0110,Minimalist Obsidian Black Textured Bikini Top,<p>Crafted in premium Econyl Sleek Satin with Crinkled Seersucker accents. This bikini top epitomizes intelligent aesthetic luxury. Featuring color-blocking in Obsidian Black and Stone Gray. Perfect for the discerning swimmer who refuses the obvious.</p>,Twessie,Bikini Top,"Econyl Sleek Satin bikini, architectural swimsuit, independent fashion, minimalist luxury, luxury Obsidian Black swimwear",TRUE,Color,Obsidian Black,Size,XL,TWESSIE_SG_BT_0110-Obsidian Black-XL,168.0,,10
twessie-sg-bt-0110,Minimalist Obsidian Black Textured Bikini Top,<p>Crafted in premium Econyl Sleek Satin with Crinkled Seersucker accents. This bikini top epitomizes intelligent aesthetic luxury. Featuring color-blocking in Obsidian Black and Stone Gray. Perfect for the discerning swimmer who refuses the obvious.</p>,Twessie,Bikini Top,"Econyl Sleek Satin bikini, architectural swimsuit, independent fashion, minimalist luxury, luxury Obsidian Black swimwear",TRUE,Color,Obsidian Black,Size,XXL,TWESSIE_SG_BT_0110-Obsidian Black-XXL,168.0,,10
twessie-sg-bt-0110,Minimalist Obsidian Black Textured Bikini Top,<p>Crafted in premium Econyl Sleek Satin with Crinkled Seersucker accents. This bikini top epitomizes intelligent aesthetic luxury. Featuring color-blocking in Obsidian Black and Stone Gray. Perfect for the discerning swimmer who refuses the obvious.</p>,Twessie,Bikini Top,"Econyl Sleek Satin bikini, architectural swimsuit, independent fashion, minimalist luxury, luxury Obsidian Black swimwear",TRUE,Color,Stone Gray,Size,XS,TWESSIE_SG_BT_0110-Stone Gray-XS,168.0,,10
twessie-sg-bt-0110,Minimalist Obsidian Black Textured Bikini Top,<p>Crafted in premium Econyl Sleek Satin with Crinkled Seersucker accents. This bikini top epitomizes intelligent aesthetic luxury. Featuring color-blocking in Obsidian Black and Stone Gray. Perfect for the discerning swimmer who refuses the obvious.</p>,Twessie,Bikini Top,"Econyl Sleek Satin bikini, architectural swimsuit, independent fashion, minimalist luxury, luxury Obsidian Black swimwear",TRUE,Color,Stone Gray,Size,S,TWESSIE_SG_BT_0110-Stone Gray-S,168.0,,10
twessie-sg-bt-0110,Minimalist Obsidian Black Textured Bikini Top,<p>Crafted in premium Econyl Sleek Satin with Crinkled Seersucker accents. This bikini top epitomizes intelligent aesthetic luxury. Featuring color-blocking in Obsidian Black and Stone Gray. Perfect for the discerning swimmer who refuses the obvious.</p>,Twessie,Bikini Top,"Econyl Sleek Satin bikini, architectural swimsuit, independent fashion, minimalist luxury, luxury Obsidian Black swimwear",TRUE,Color,Stone Gray,Size,M,TWESSIE_SG_BT_0110-Stone Gray-M,168.0,,10
twessie-sg-bt-0110,Minimalist Obsidian Black Textured Bikini Top,<p>Crafted in premium Econyl Sleek Satin with Crinkled Seersucker accents. This bikini top epitomizes intelligent aesthetic luxury. Featuring color-blocking in Obsidian Black and Stone Gray. Perfect for the discerning swimmer who refuses the obvious.</p>,Twessie,Bikini Top,"Econyl Sleek Satin bikini, architectural swimsuit, independent fashion, minimalist luxury, luxury Obsidian Black swimwear",TRUE,Color,Stone Gray,Size,L,TWESSIE_SG_BT_0110-Stone Gray-L,168.0,,10
twessie-sg-bt-0110,Minimalist Obsidian Black Textured Bikini Top,<p>Crafted in premium Econyl Sleek Satin with Crinkled Seersucker accents. This bikini top epitomizes intelligent aesthetic luxury. Featuring color-blocking in Obsidian Black and Stone Gray. Perfect for the discerning swimmer who refuses the obvious.</p>,Twessie,Bikini Top,"Econyl Sleek Satin bikini, architectural swimsuit, independent fashion, minimalist luxury, luxury Obsidian Black swimwear",TRUE,Color,Stone Gray,Size,XL,TWESSIE_SG_BT_0110-Stone Gray-XL,168.0,,10
twessie-sg-bt-0110,Minimalist Obsidian Black Textured Bikini Top,<p>Crafted in premium Econyl Sleek Satin with Crinkled Seersucker accents. This bikini top epitomizes intelligent aesthetic luxury. Featuring color-blocking in Obsidian Black and Stone Gray. Perfect for the discerning swimmer who refuses the obvious.</p>,Twessie,Bikini Top,"Econyl Sleek Satin bikini, architectural swimsuit, independent fashion, minimalist luxury, luxury Obsidian Black swimwear",TRUE,Color,Stone Gray,Size,XXL,TWESSIE_SG_BT_0110-Stone Gray-XXL,168.0,,10
twessie-jp-bb-0201,High-Cut Stone Gray Bikini Brief,<p>Crafted in premium Crinkled Seersucker with Matte Ribbed Knit accents. This bikini bottom epitomizes intelligent aesthetic luxury. Featuring color-blocking in Stone Gray and Chalk White. Perfect for the discerning swimmer who refuses the obvious.</p>,Twessie,Bikini Bottom,"minimalist luxury, Crinkled Seersucker bikini, architectural swimsuit, independent fashion, luxury Stone Gray swimwear",TRUE,Color,Stone Gray,Size,XS,TWESSIE_JP_BB_0201-Stone Gray-XS,168.0,,10
twessie-jp-bb-0201,High-Cut Stone Gray Bikini Brief,<p>Crafted in premium Crinkled Seersucker with Matte Ribbed Knit accents. This bikini bottom epitomizes intelligent aesthetic luxury. Featuring color-blocking in Stone Gray and Chalk White. Perfect for the discerning swimmer who refuses the obvious.</p>,Twessie,Bikini Bottom,"minimalist luxury, Crinkled Seersucker bikini, architectural swimsuit, independent fashion, luxury Stone Gray swimwear",TRUE,Color,Stone Gray,Size,S,TWESSIE_JP_BB_0201-Stone Gray-S,168.0,,10
twessie-jp-bb-0201,High-Cut Stone Gray Bikini Brief,<p>Crafted in premium Crinkled Seersucker with Matte Ribbed Knit accents. This bikini bottom epitomizes intelligent aesthetic luxury. Featuring color-blocking in Stone Gray and Chalk White. Perfect for the discerning swimmer who refuses the obvious.</p>,Twessie,Bikini Bottom,"minimalist luxury, Crinkled Seersucker bikini, architectural swimsuit, independent fashion, luxury Stone Gray swimwear",TRUE,Color,Stone Gray,Size,M,TWESSIE_JP_BB_0201-Stone Gray-M,168.0,,10
twessie-jp-bb-0201,High-Cut Stone Gray Bikini Brief,<p>Crafted in premium Crinkled Seersucker with Matte Ribbed Knit accents. This bikini bottom epitomizes intelligent aesthetic luxury. Featuring color-blocking in Stone Gray and Chalk White. Perfect for the discerning swimmer who refuses the obvious.</p>,Twessie,Bikini Bottom,"minimalist luxury, Crinkled Seersucker bikini, architectural swimsuit, independent fashion, luxury Stone Gray swimwear",TRUE,Color,Stone Gray,Size,L,TWESSIE_JP_BB_0201-Stone Gray-L,168.0,,10
twessie-jp-bb-0201,High-Cut Stone Gray Bikini Brief,<p>Crafted in premium Crinkled Seersucker with Matte Ribbed Knit accents. This bikini bottom epitomizes intelligent aesthetic luxury. Featuring color-blocking in Stone Gray and Chalk White. Perfect for the discerning swimmer who refuses the obvious.</p>,Twessie,Bikini Bottom,"minimalist luxury, Crinkled Seersucker bikini, architectural swimsuit, independent fashion, luxury Stone Gray swimwear",TRUE,Color,Stone Gray,Size,XL,TWESSIE_JP_BB_0201-Stone Gray-XL,168.0,,10
twessie-jp-bb-0201,High-Cut Stone Gray Bikini Brief,<p>Crafted in premium Crinkled Seersucker with Matte Ribbed Knit accents. This bikini bottom epitomizes intelligent aesthetic luxury. Featuring color-blocking in Stone Gray and Chalk White. Perfect for the discerning swimmer who refuses the obvious.</p>,Twessie,Bikini Bottom,"minimalist luxury, Crinkled Seersucker bikini, architectural swimsuit, independent fashion, luxury Stone Gray swimwear",TRUE,Color,Stone Gray,Size,XXL,TWESSIE_JP_BB_0201-Stone Gray-XXL,168.0,,10
twessie-jp-bb-0201,High-Cut Stone Gray Bikini Brief,<p>Crafted in premium Crinkled Seersucker with Matte Ribbed Knit accents. This bikini bottom epitomizes intelligent aesthetic luxury. Featuring color-blocking in Stone Gray and Chalk White. Perfect for the discerning swimmer who refuses the obvious.</p>,Twessie,Bikini Bottom,"minimalist luxury, Crinkled Seersucker bikini, architectural swimsuit, independent fashion, luxury Stone Gray swimwear",TRUE,Color,Chalk White,Size,XS,TWESSIE_JP_BB_0201-Chalk White-XS,168.0,,10
twessie-jp-bb-0201,High-Cut Stone Gray Bikini Brief,<p>Crafted in premium Crinkled Seersucker with Matte Ribbed Knit accents. This bikini bottom epitomizes intelligent aesthetic luxury. Featuring color-blocking in Stone Gray and Chalk White. Perfect for the discerning swimmer who refuses the obvious.</p>,Twessie,Bikini Bottom,"minimalist luxury, Crinkled Seersucker bikini, architectural swimsuit, independent fashion, luxury Stone Gray swimwear",TRUE,Color,Chalk White,Size,S,TWESSIE_JP_BB_0201-Chalk White-S,168.0,,10
twessie-jp-bb-0201,High-Cut Stone Gray Bikini Brief,<p>Crafted in premium Crinkled Seersucker with Matte Ribbed Knit accents. This bikini bottom epitomizes intelligent aesthetic luxury. Featuring color-blocking in Stone Gray and Chalk White. Perfect for the discerning swimmer who refuses the obvious.</p>,Twessie,Bikini Bottom,"minimalist luxury, Crinkled Seersucker bikini, architectural swimsuit, independent fashion, luxury Stone Gray swimwear",TRUE,Color,Chalk White,Size,M,TWESSIE_JP_BB_0201-Chalk White-M,168.0,,10
twessie-jp-bb-0201,High-Cut Stone Gray Bikini Brief,<p>Crafted in premium Crinkled Seersucker with Matte Ribbed Knit accents. This bikini bottom epitomizes intelligent aesthetic luxury. Featuring color-blocking in Stone Gray and Chalk White. Perfect for the discerning swimmer who refuses the obvious.</p>,Twessie,Bikini Bottom,"minimalist luxury, Crinkled Seersucker bikini, architectural swimsuit, independent fashion, luxury Stone Gray swimwear",TRUE,Color,Chalk White,Size,L,TWESSIE_JP_BB_0201-Chalk White-L,168.0,,10
twessie-jp-bb-0201,High-Cut Stone Gray Bikini Brief,<p>Crafted in premium Crinkled Seersucker with Matte Ribbed Knit accents. This bikini bottom epitomizes intelligent aesthetic luxury. Featuring color-blocking in Stone Gray and Chalk White. Perfect for the discerning swimmer who refuses the obvious.</p>,Twessie,Bikini Bottom,"minimalist luxury, Crinkled Seersucker bikini, architectural swimsuit, independent fashion, luxury Stone Gray swimwear",TRUE,Color,Chalk White,Size,XL,TWESSIE_JP_BB_0201-Chalk White-XL,168.0,,10
twessie-jp-bb-0201,High-Cut Stone Gray Bikini Brief,<p>Crafted in premium Crinkled Seersucker with Matte Ribbed Knit accents. This bikini bottom epitomizes intelligent aesthetic luxury. Featuring color-blocking in Stone Gray and Chalk White. Perfect for the discerning swimmer who refuses the obvious.</p>,Twessie,Bikini Bottom,"minimalist luxury, Crinkled Seersucker bikini, architectural swimsuit, independent fashion, luxury Stone Gray swimwear",TRUE,Color,Chalk White,Size,XXL,TWESSIE_JP_BB_0201-Chalk White-XXL,168.0,,10
twessie-sg-ha-0202,Architectural Halter Strap System - Chalk White,"<p>Crinkled Seersucker construction meets architectural precision in this halter strap accessory. Designed for the intelligent, independent woman. The Chalk White colorway with Stone Gray accents creates a sophisticated palette. Pure architectural elegance elegance.</p>",Twessie,Halter Strap Accessory,"minimalist luxury, Crinkled Seersucker bikini, minimalist halter strap accessory, independent fashion, high-end swimwear",TRUE,Color,Chalk White,Size,XS,TWESSIE_SG_HA_0202-Chalk White-XS,168.0,,10
twessie-sg-ha-0202,Architectural Halter Strap System - Chalk White,"<p>Crinkled Seersucker construction meets architectural precision in this halter strap accessory. Designed for the intelligent, independent woman. The Chalk White colorway with Stone Gray accents creates a sophisticated palette. Pure architectural elegance elegance.</p>",Twessie,Halter Strap Accessory,"minimalist luxury, Crinkled Seersucker bikini, minimalist halter strap accessory, independent fashion, high-end swimwear",TRUE,Color,Chalk White,Size,S,TWESSIE_SG_HA_0202-Chalk White-S,168.0,,10
twessie-sg-ha-0202,Architectural Halter Strap System - Chalk White,"<p>Crinkled Seersucker construction meets architectural precision in this halter strap accessory. Designed for the intelligent, independent woman. The Chalk White colorway with Stone Gray accents creates a sophisticated palette. Pure architectural elegance elegance.</p>",Twessie,Halter Strap Accessory,"minimalist luxury, Crinkled Seersucker bikini, minimalist halter strap accessory, independent fashion, high-end swimwear",TRUE,Color,Chalk White,Size,M,TWESSIE_SG_HA_0202-Chalk White-M,168.0,,10
twessie-sg-ha-0202,Architectural Halter Strap System - Chalk White,"<p>Crinkled Seersucker construction meets architectural precision in this halter strap accessory. Designed for the intelligent, independent woman. The Chalk White colorway with Stone Gray accents creates a sophisticated palette. Pure architectural elegance elegance.</p>",Twessie,Halter Strap Accessory,"minimalist luxury, Crinkled Seersucker bikini, minimalist halter strap accessory, independent fashion, high-end swimwear",TRUE,Color,Chalk White,Size,L,TWESSIE_SG_HA_0202-Chalk White-L,168.0,,10
twessie-sg-ha-0202,Architectural Halter Strap System - Chalk White,"<p>Crinkled Seersucker construction meets architectural precision in this halter strap accessory. Designed for the intelligent, independent woman. The Chalk White colorway with Stone Gray accents creates a sophisticated palette. Pure architectural elegance elegance.</p>",Twessie,Halter Strap Accessory,"minimalist luxury, Crinkled Seersucker bikini, minimalist halter strap accessory, independent fashion, high-end swimwear",TRUE,Color,Chalk White,Size,XL,TWESSIE_SG_HA_0202-Chalk White-XL,168.0,,10
twessie-sg-ha-0202,Architectural Halter Strap System - Chalk White,"<p>Crinkled Seersucker construction meets architectural precision in this halter strap accessory. Designed for the intelligent, independent woman. The Chalk White colorway with Stone Gray accents creates a sophisticated palette. Pure architectural elegance elegance.</p>",Twessie,Halter Strap Accessory,"minimalist luxury, Crinkled Seersucker bikini, minimalist halter strap accessory, independent fashion, high-end swimwear",TRUE,Color,Chalk White,Size,XXL,TWESSIE_SG_HA_0202-Chalk White-XXL,168.0,,10
twessie-sg-ha-0202,Architectural Halter Strap System - Chalk White,"<p>Crinkled Seersucker construction meets architectural precision in this halter strap accessory. Designed for the intelligent, independent woman. The Chalk White colorway with Stone Gray accents creates a sophisticated palette. Pure architectural elegance elegance.</p>",Twessie,Halter Strap Accessory,"minimalist luxury, Crinkled Seersucker bikini, minimalist halter strap accessory, independent fashion, high-end swimwear",TRUE,Color,Stone Gray,Size,XS,TWESSIE_SG_HA_0202-Stone Gray-XS,168.0,,10
twessie-sg-ha-0202,Architectural Halter Strap System - Chalk White,"<p>Crinkled Seersucker construction meets architectural precision in this halter strap accessory. Designed for the intelligent, independent woman. The Chalk White colorway with Stone Gray accents creates a sophisticated palette. Pure architectural elegance elegance.</p>",Twessie,Halter Strap Accessory,"minimalist luxury, Crinkled Seersucker bikini, minimalist halter strap accessory, independent fashion, high-end swimwear",TRUE,Color,Stone Gray,Size,S,TWESSIE_SG_HA_0202-Stone Gray-S,168.0,,10
twessie-sg-ha-0202,Architectural Halter Strap System - Chalk White,"<p>Crinkled Seersucker construction meets architectural precision in this halter strap accessory. Designed for the intelligent, independent woman. The Chalk White colorway with Stone Gray accents creates a sophisticated palette. Pure architectural elegance elegance.</p>",Twessie,Halter Strap Accessory,"minimalist luxury, Crinkled Seersucker bikini, minimalist halter strap accessory, independent fashion, high-end swimwear",TRUE,Color,Stone Gray,Size,M,TWESSIE_SG_HA_0202-Stone Gray-M,168.0,,10
twessie-sg-ha-0202,Architectural Halter Strap System - Chalk White,"<p>Crinkled Seersucker construction meets architectural precision in this halter strap accessory. Designed for the intelligent, independent woman. The Chalk White colorway with Stone Gray accents creates a sophisticated palette. Pure architectural elegance elegance.</p>",Twessie,Halter Strap Accessory,"minimalist luxury, Crinkled Seersucker bikini, minimalist halter strap accessory, independent fashion, high-end swimwear",TRUE,Color,Stone Gray,Size,L,TWESSIE_SG_HA_0202-Stone Gray-L,168.0,,10
twessie-sg-ha-0202,Architectural Halter Strap System - Chalk White,"<p>Crinkled Seersucker construction meets architectural precision in this halter strap accessory. Designed for the intelligent, independent woman. The Chalk White colorway with Stone Gray accents creates a sophisticated palette. Pure architectural elegance elegance.</p>",Twessie,Halter Strap Accessory,"minimalist luxury, Crinkled Seersucker bikini, minimalist halter strap accessory, independent fashion, high-end swimwear",TRUE,Color,Stone Gray,Size,XL,TWESSIE_SG_HA_0202-Stone Gray-XL,168.0,,10
twessie-sg-ha-0202,Architectural Halter Strap System - Chalk White,"<p>Crinkled Seersucker construction meets architectural precision in this halter strap accessory. Designed for the intelligent, independent woman. The Chalk White colorway with Stone Gray accents creates a sophisticated palette. Pure architectural elegance elegance.</p>",Twessie,Halter Strap Accessory,"minimalist luxury, Crinkled Seersucker bikini, minimalist halter strap accessory, independent fashion, high-end swimwear",TRUE,Color,Stone Gray,Size,XXL,TWESSIE_SG_HA_0202-Stone Gray-XXL,168.0,,10
twessie-jp-bb-0203,High-Cut Stone Gray Bikini Brief,<p>A statement piece in Crinkled Seersucker. This bikini bottom combines intelligent aesthetic design with impeccable craftsmanship. Available in Stone Gray with Chalk White detailing. Not loud. Not obvious. Unmistakably Twessie.</p>,Twessie,Bikini Bottom,"luxury Stone Gray swimwear, architectural swimsuit, minimalist luxury, independent fashion, high-end swimwear",TRUE,Color,Stone Gray,Size,XS,TWESSIE_JP_BB_0203-Stone Gray-XS,168.0,,10
twessie-jp-bb-0203,High-Cut Stone Gray Bikini Brief,<p>A statement piece in Crinkled Seersucker. This bikini bottom combines intelligent aesthetic design with impeccable craftsmanship. Available in Stone Gray with Chalk White detailing. Not loud. Not obvious. Unmistakably Twessie.</p>,Twessie,Bikini Bottom,"luxury Stone Gray swimwear, architectural swimsuit, minimalist luxury, independent fashion, high-end swimwear",TRUE,Color,Stone Gray,Size,S,TWESSIE_JP_BB_0203-Stone Gray-S,168.0,,10
twessie-jp-bb-0203,High-Cut Stone Gray Bikini Brief,<p>A statement piece in Crinkled Seersucker. This bikini bottom combines intelligent aesthetic design with impeccable craftsmanship. Available in Stone Gray with Chalk White detailing. Not loud. Not obvious. Unmistakably Twessie.</p>,Twessie,Bikini Bottom,"luxury Stone Gray swimwear, architectural swimsuit, minimalist luxury, independent fashion, high-end swimwear",TRUE,Color,Stone Gray,Size,M,TWESSIE_JP_BB_0203-Stone Gray-M,168.0,,10
twessie-jp-bb-0203,High-Cut Stone Gray Bikini Brief,<p>A statement piece in Crinkled Seersucker. This bikini bottom combines intelligent aesthetic design with impeccable craftsmanship. Available in Stone Gray with Chalk White detailing. Not loud. Not obvious. Unmistakably Twessie.</p>,Twessie,Bikini Bottom,"luxury Stone Gray swimwear, architectural swimsuit, minimalist luxury, independent fashion, high-end swimwear",TRUE,Color,Stone Gray,Size,L,TWESSIE_JP_BB_0203-Stone Gray-L,168.0,,10
twessie-jp-bb-0203,High-Cut Stone Gray Bikini Brief,<p>A statement piece in Crinkled Seersucker. This bikini bottom combines intelligent aesthetic design with impeccable craftsmanship. Available in Stone Gray with Chalk White detailing. Not loud. Not obvious. Unmistakably Twessie.</p>,Twessie,Bikini Bottom,"luxury Stone Gray swimwear, architectural swimsuit, minimalist luxury, independent fashion, high-end swimwear",TRUE,Color,Stone Gray,Size,XL,TWESSIE_JP_BB_0203-Stone Gray-XL,168.0,,10
twessie-jp-bb-0203,High-Cut Stone Gray Bikini Brief,<p>A statement piece in Crinkled Seersucker. This bikini bottom combines intelligent aesthetic design with impeccable craftsmanship. Available in Stone Gray with Chalk White detailing. Not loud. Not obvious. Unmistakably Twessie.</p>,Twessie,Bikini Bottom,"luxury Stone Gray swimwear, architectural swimsuit, minimalist luxury, independent fashion, high-end swimwear",TRUE,Color,Stone Gray,Size,XXL,TWESSIE_JP_BB_0203-Stone Gray-XXL,168.0,,10
twessie-jp-bb-0203,High-Cut Stone Gray Bikini Brief,<p>A statement piece in Crinkled Seersucker. This bikini bottom combines intelligent aesthetic design with impeccable craftsmanship. Available in Stone Gray with Chalk White detailing. Not loud. Not obvious. Unmistakably Twessie.</p>,Twessie,Bikini Bottom,"luxury Stone Gray swimwear, architectural swimsuit, minimalist luxury, independent fashion, high-end swimwear",TRUE,Color,Chalk White,Size,XS,TWESSIE_JP_BB_0203-Chalk White-XS,168.0,,10
twessie-jp-bb-0203,High-Cut Stone Gray Bikini Brief,<p>A statement piece in Crinkled Seersucker. This bikini bottom combines intelligent aesthetic design with impeccable craftsmanship. Available in Stone Gray with Chalk White detailing. Not loud. Not obvious. Unmistakably Twessie.</p>,Twessie,Bikini Bottom,"luxury Stone Gray swimwear, architectural swimsuit, minimalist luxury, independent fashion, high-end swimwear",TRUE,Color,Chalk White,Size,S,TWESSIE_JP_BB_0203-Chalk White-S,168.0,,10
twessie-jp-bb-0203,High-Cut Stone Gray Bikini Brief,<p>A statement piece in Crinkled Seersucker. This bikini bottom combines intelligent aesthetic design with impeccable craftsmanship. Available in Stone Gray with Chalk White detailing. Not loud. Not obvious. Unmistakably Twessie.</p>,Twessie,Bikini Bottom,"luxury Stone Gray swimwear, architectural swimsuit, minimalist luxury, independent fashion, high-end swimwear",TRUE,Color,Chalk White,Size,M,TWESSIE_JP_BB_0203-Chalk White-M,168.0,,10
twessie-jp-bb-0203,High-Cut Stone Gray Bikini Brief,<p>A statement piece in Crinkled Seersucker. This bikini bottom combines intelligent aesthetic design with impeccable craftsmanship. Available in Stone Gray with Chalk White detailing. Not loud. Not obvious. Unmistakably Twessie.</p>,Twessie,Bikini Bottom,"luxury Stone Gray swimwear, architectural swimsuit, minimalist luxury, independent fashion, high-end swimwear",TRUE,Color,Chalk White,Size,L,TWESSIE_JP_BB_0203-Chalk White-L,168.0,,10
twessie-jp-bb-0203,High-Cut Stone Gray Bikini Brief,<p>A statement piece in Crinkled Seersucker. This bikini bottom combines intelligent aesthetic design with impeccable craftsmanship. Available in Stone Gray with Chalk White detailing. Not loud. Not obvious. Unmistakably Twessie.</p>,Twessie,Bikini Bottom,"luxury Stone Gray swimwear, architectural swimsuit, minimalist luxury, independent fashion, high-end swimwear",TRUE,Color,Chalk White,Size,XL,TWESSIE_JP_BB_0203-Chalk White-XL,168.0,,10
twessie-jp-bb-0203,High-Cut Stone Gray Bikini Brief,<p>A statement piece in Crinkled Seersucker. This bikini bottom combines intelligent aesthetic design with impeccable craftsmanship. Available in Stone Gray with Chalk White detailing. Not loud. Not obvious. Unmistakably Twessie.</p>,Twessie,Bikini Bottom,"luxury Stone Gray swimwear, architectural swimsuit, minimalist luxury, independent fashion, high-end swimwear",TRUE,Color,Chalk White,Size,XXL,TWESSIE_JP_BB_0203-Chalk White-XXL,168.0,,10
twessie-na-bb-0204,Structural Econyl Sleek Satin Bikini Bottom,<p>A statement piece in Econyl Sleek Satin. This bikini bottom combines intelligent aesthetic design with impeccable craftsmanship. Available in Obsidian Black with Burnt Terracotta detailing. Not loud. Not obvious. Unmistakably Twessie.</p>,Twessie,Bikini Bottom,"Econyl Sleek Satin bikini, minimalist luxury, independent fashion, architectural swimsuit, high-end swimwear",TRUE,Color,Obsidian Black,Size,XS,TWESSIE_NA_BB_0204-Obsidian Black-XS,168.0,,10
twessie-na-bb-0204,Structural Econyl Sleek Satin Bikini Bottom,<p>A statement piece in Econyl Sleek Satin. This bikini bottom combines intelligent aesthetic design with impeccable craftsmanship. Available in Obsidian Black with Burnt Terracotta detailing. Not loud. Not obvious. Unmistakably Twessie.</p>,Twessie,Bikini Bottom,"Econyl Sleek Satin bikini, minimalist luxury, independent fashion, architectural swimsuit, high-end swimwear",TRUE,Color,Obsidian Black,Size,S,TWESSIE_NA_BB_0204-Obsidian Black-S,168.0,,10
twessie-na-bb-0204,Structural Econyl Sleek Satin Bikini Bottom,<p>A statement piece in Econyl Sleek Satin. This bikini bottom combines intelligent aesthetic design with impeccable craftsmanship. Available in Obsidian Black with Burnt Terracotta detailing. Not loud. Not obvious. Unmistakably Twessie.</p>,Twessie,Bikini Bottom,"Econyl Sleek Satin bikini, minimalist luxury, independent fashion, architectural swimsuit, high-end swimwear",TRUE,Color,Obsidian Black,Size,M,TWESSIE_NA_BB_0204-Obsidian Black-M,168.0,,10
twessie-na-bb-0204,Structural Econyl Sleek Satin Bikini Bottom,<p>A statement piece in Econyl Sleek Satin. This bikini bottom combines intelligent aesthetic design with impeccable craftsmanship. Available in Obsidian Black with Burnt Terracotta detailing. Not loud. Not obvious. Unmistakably Twessie.</p>,Twessie,Bikini Bottom,"Econyl Sleek Satin bikini, minimalist luxury, independent fashion, architectural swimsuit, high-end swimwear",TRUE,Color,Obsidian Black,Size,L,TWESSIE_NA_BB_0204-Obsidian Black-L,168.0,,10
twessie-na-bb-0204,Structural Econyl Sleek Satin Bikini Bottom,<p>A statement piece in Econyl Sleek Satin. This bikini bottom combines intelligent aesthetic design with impeccable craftsmanship. Available in Obsidian Black with Burnt Terracotta detailing. Not loud. Not obvious. Unmistakably Twessie.</p>,Twessie,Bikini Bottom,"Econyl Sleek Satin bikini, minimalist luxury, independent fashion, architectural swimsuit, high-end swimwear",TRUE,Color,Obsidian Black,Size,XL,TWESSIE_NA_BB_0204-Obsidian Black-XL,168.0,,10
twessie-na-bb-0204,Structural Econyl Sleek Satin Bikini Bottom,<p>A statement piece in Econyl Sleek Satin. This bikini bottom combines intelligent aesthetic design with impeccable craftsmanship. Available in Obsidian Black with Burnt Terracotta detailing. Not loud. Not obvious. Unmistakably Twessie.</p>,Twessie,Bikini Bottom,"Econyl Sleek Satin bikini, minimalist luxury, independent fashion, architectural swimsuit, high-end swimwear",TRUE,Color,Obsidian Black,Size,XXL,TWESSIE_NA_BB_0204-Obsidian Black-XXL,168.0,,10
twessie-na-bb-0204,Structural Econyl Sleek Satin Bikini Bottom,<p>A statement piece in Econyl Sleek Satin. This bikini bottom combines intelligent aesthetic design with impeccable craftsmanship. Available in Obsidian Black with Burnt Terracotta detailing. Not loud. Not obvious. Unmistakably Twessie.</p>,Twessie,Bikini Bottom,"Econyl Sleek Satin bikini, minimalist luxury, independent fashion, architectural swimsuit, high-end swimwear",TRUE,Color,Burnt Terracotta,Size,XS,TWESSIE_NA_BB_0204-Burnt Terracotta-XS,168.0,,10
twessie-na-bb-0204,Structural Econyl Sleek Satin Bikini Bottom,<p>A statement piece in Econyl Sleek Satin. This bikini bottom combines intelligent aesthetic design with impeccable craftsmanship. Available in Obsidian Black with Burnt Terracotta detailing. Not loud. Not obvious. Unmistakably Twessie.</p>,Twessie,Bikini Bottom,"Econyl Sleek Satin bikini, minimalist luxury, independent fashion, architectural swimsuit, high-end swimwear",TRUE,Color,Burnt Terracotta,Size,S,TWESSIE_NA_BB_0204-Burnt Terracotta-S,168.0,,10
twessie-na-bb-0204,Structural Econyl Sleek Satin Bikini Bottom,<p>A statement piece in Econyl Sleek Satin. This bikini bottom combines intelligent aesthetic design with impeccable craftsmanship. Available in Obsidian Black with Burnt Terracotta detailing. Not loud. Not obvious. Unmistakably Twessie.</p>,Twessie,Bikini Bottom,"Econyl Sleek Satin bikini, minimalist luxury, independent fashion, architectural swimsuit, high-end swimwear",TRUE,Color,Burnt Terracotta,Size,M,TWESSIE_NA_BB_0204-Burnt Terracotta-M,168.0,,10
twessie-na-bb-0204,Structural Econyl Sleek Satin Bikini Bottom,<p>A statement piece in Econyl Sleek Satin. This bikini bottom combines intelligent aesthetic design with impeccable craftsmanship. Available in Obsidian Black with Burnt Terracotta detailing. Not loud. Not obvious. Unmistakably Twessie.</p>,Twessie,Bikini Bottom,"Econyl Sleek Satin bikini, minimalist luxury, independent fashion, architectural swimsuit, high-end swimwear",TRUE,Color,Burnt Terracotta,Size,L,TWESSIE_NA_BB_0204-Burnt Terracotta-L,168.0,,10
twessie-na-bb-0204,Structural Econyl Sleek Satin Bikini Bottom,<p>A statement piece in Econyl Sleek Satin. This bikini bottom combines intelligent aesthetic design with impeccable craftsmanship. Available in Obsidian Black with Burnt Terracotta detailing. Not loud. Not obvious. Unmistakably Twessie.</p>,Twessie,Bikini Bottom,"Econyl Sleek Satin bikini, minimalist luxury, independent fashion, architectural swimsuit, high-end swimwear",TRUE,Color,Burnt Terracotta,Size,XL,TWESSIE_NA_BB_0204-Burnt Terracotta-XL,168.0,,10
twessie-na-bb-0204,Structural Econyl Sleek Satin Bikini Bottom,<p>A statement piece in Econyl Sleek Satin. This bikini bottom combines intelligent aesthetic design with impeccable craftsmanship. Available in Obsidian Black with Burnt Terracotta detailing. Not loud. Not obvious. Unmistakably Twessie.</p>,Twessie,Bikini Bottom,"Econyl Sleek Satin bikini, minimalist luxury, independent fashion, architectural swimsuit, high-end swimwear",TRUE,Color,Burnt Terracotta,Size,XXL,TWESSIE_NA_BB_0204-Burnt Terracotta-XXL,168.0,,10
twessie-sg-bt-0205,Minimalist Stone Gray Textured Bikini Top,<p>Crafted in premium Crinkled Seersucker with Matte Ribbed Knit accents. This bikini top epitomizes architectural elegance luxury. Featuring color-blocking in Stone Gray and Chalk White. Perfect for the discerning swimmer who refuses the obvious.</p>,Twessie,Bikini Top,"luxury Stone Gray swimwear, Crinkled Seersucker bikini, high-end swimwear, minimalist bikini top, architectural swimsuit",TRUE,Color,Stone Gray,Size,XS,TWESSIE_SG_BT_0205-Stone Gray-XS,168.0,,10
twessie-sg-bt-0205,Minimalist Stone Gray Textured Bikini Top,<p>Crafted in premium Crinkled Seersucker with Matte Ribbed Knit accents. This bikini top epitomizes architectural elegance luxury. Featuring color-blocking in Stone Gray and Chalk White. Perfect for the discerning swimmer who refuses the obvious.</p>,Twessie,Bikini Top,"luxury Stone Gray swimwear, Crinkled Seersucker bikini, high-end swimwear, minimalist bikini top, architectural swimsuit",TRUE,Color,Stone Gray,Size,S,TWESSIE_SG_BT_0205-Stone Gray-S,168.0,,10
twessie-sg-bt-0205,Minimalist Stone Gray Textured Bikini Top,<p>Crafted in premium Crinkled Seersucker with Matte Ribbed Knit accents. This bikini top epitomizes architectural elegance luxury. Featuring color-blocking in Stone Gray and Chalk White. Perfect for the discerning swimmer who refuses the obvious.</p>,Twessie,Bikini Top,"luxury Stone Gray swimwear, Crinkled Seersucker bikini, high-end swimwear, minimalist bikini top, architectural swimsuit",TRUE,Color,Stone Gray,Size,M,TWESSIE_SG_BT_0205-Stone Gray-M,168.0,,10
twessie-sg-bt-0205,Minimalist Stone Gray Textured Bikini Top,<p>Crafted in premium Crinkled Seersucker with Matte Ribbed Knit accents. This bikini top epitomizes architectural elegance luxury. Featuring color-blocking in Stone Gray and Chalk White. Perfect for the discerning swimmer who refuses the obvious.</p>,Twessie,Bikini Top,"luxury Stone Gray swimwear, Crinkled Seersucker bikini, high-end swimwear, minimalist bikini top, architectural swimsuit",TRUE,Color,Stone Gray,Size,L,TWESSIE_SG_BT_0205-Stone Gray-L,168.0,,10
twessie-sg-bt-0205,Minimalist Stone Gray Textured Bikini Top,<p>Crafted in premium Crinkled Seersucker with Matte Ribbed Knit accents. This bikini top epitomizes architectural elegance luxury. Featuring color-blocking in Stone Gray and Chalk White. Perfect for the discerning swimmer who refuses the obvious.</p>,Twessie,Bikini Top,"luxury Stone Gray swimwear, Crinkled Seersucker bikini, high-end swimwear, minimalist bikini top, architectural swimsuit",TRUE,Color,Stone Gray,Size,XL,TWESSIE_SG_BT_0205-Stone Gray-XL,168.0,,10
twessie-sg-bt-0205,Minimalist Stone Gray Textured Bikini Top,<p>Crafted in premium Crinkled Seersucker with Matte Ribbed Knit accents. This bikini top epitomizes architectural elegance luxury. Featuring color-blocking in Stone Gray and Chalk White. Perfect for the discerning swimmer who refuses the obvious.</p>,Twessie,Bikini Top,"luxury Stone Gray swimwear, Crinkled Seersucker bikini, high-end swimwear, minimalist bikini top, architectural swimsuit",TRUE,Color,Stone Gray,Size,XXL,TWESSIE_SG_BT_0205-Stone Gray-XXL,168.0,,10
twessie-sg-bt-0205,Minimalist Stone Gray Textured Bikini Top,<p>Crafted in premium Crinkled Seersucker with Matte Ribbed Knit accents. This bikini top epitomizes architectural elegance luxury. Featuring color-blocking in Stone Gray and Chalk White. Perfect for the discerning swimmer who refuses the obvious.</p>,Twessie,Bikini Top,"luxury Stone Gray swimwear, Crinkled Seersucker bikini, high-end swimwear, minimalist bikini top, architectural swimsuit",TRUE,Color,Chalk White,Size,XS,TWESSIE_SG_BT_0205-Chalk White-XS,168.0,,10
twessie-sg-bt-0205,Minimalist Stone Gray Textured Bikini Top,<p>Crafted in premium Crinkled Seersucker with Matte Ribbed Knit accents. This bikini top epitomizes architectural elegance luxury. Featuring color-blocking in Stone Gray and Chalk White. Perfect for the discerning swimmer who refuses the obvious.</p>,Twessie,Bikini Top,"luxury Stone Gray swimwear, Crinkled Seersucker bikini, high-end swimwear, minimalist bikini top, architectural swimsuit",TRUE,Color,Chalk White,Size,S,TWESSIE_SG_BT_0205-Chalk White-S,168.0,,10
twessie-sg-bt-0205,Minimalist Stone Gray Textured Bikini Top,<p>Crafted in premium Crinkled Seersucker with Matte Ribbed Knit accents. This bikini top epitomizes architectural elegance luxury. Featuring color-blocking in Stone Gray and Chalk White. Perfect for the discerning swimmer who refuses the obvious.</p>,Twessie,Bikini Top,"luxury Stone Gray swimwear, Crinkled Seersucker bikini, high-end swimwear, minimalist bikini top, architectural swimsuit",TRUE,Color,Chalk White,Size,M,TWESSIE_SG_BT_0205-Chalk White-M,168.0,,10
twessie-sg-bt-0205,Minimalist Stone Gray Textured Bikini Top,<p>Crafted in premium Crinkled Seersucker with Matte Ribbed Knit accents. This bikini top epitomizes architectural elegance luxury. Featuring color-blocking in Stone Gray and Chalk White. Perfect for the discerning swimmer who refuses the obvious.</p>,Twessie,Bikini Top,"luxury Stone Gray swimwear, Crinkled Seersucker bikini, high-end swimwear, minimalist bikini top, architectural swimsuit",TRUE,Color,Chalk White,Size,L,TWESSIE_SG_BT_0205-Chalk White-L,168.0,,10
twessie-sg-bt-0205,Minimalist Stone Gray Textured Bikini Top,<p>Crafted in premium Crinkled Seersucker with Matte Ribbed Knit accents. This bikini top epitomizes architectural elegance luxury. Featuring color-blocking in Stone Gray and Chalk White. Perfect for the discerning swimmer who refuses the obvious.</p>,Twessie,Bikini Top,"luxury Stone Gray swimwear, Crinkled Seersucker bikini, high-end swimwear, minimalist bikini top, architectural swimsuit",TRUE,Color,Chalk White,Size,XL,TWESSIE_SG_BT_0205-Chalk White-XL,168.0,,10
twessie-sg-bt-0205,Minimalist Stone Gray Textured Bikini Top,<p>Crafted in premium Crinkled Seersucker with Matte Ribbed Knit accents. This bikini top epitomizes architectural elegance luxury. Featuring color-blocking in Stone Gray and Chalk White. Perfect for the discerning swimmer who refuses the obvious.</p>,Twessie,Bikini Top,"luxury Stone Gray swimwear, Crinkled Seersucker bikini, high-end swimwear, minimalist bikini top, architectural swimsuit",TRUE,Color,Chalk White,Size,XXL,TWESSIE_SG_BT_0205-Chalk White-XXL,168.0,,10
twessie-jp-op-0206,Stone Gray Architectural One-Piece Swimsuit,<p>Crafted in premium Crinkled Seersucker with Econyl Sleek Satin accents. This one-piece epitomizes anti-fashion statement luxury. Featuring color-blocking in Stone Gray and Chalk White. Perfect for the discerning swimmer who refuses the obvious.</p>,Twessie,One-Piece,"independent fashion, minimalist luxury, minimalist one-piece, luxury Stone Gray swimwear, high-end swimwear",TRUE,Color,Stone Gray,Size,XS,TWESSIE_JP_OP_0206-Stone Gray-XS,168.0,,10
twessie-jp-op-0206,Stone Gray Architectural One-Piece Swimsuit,<p>Crafted in premium Crinkled Seersucker with Econyl Sleek Satin accents. This one-piece epitomizes anti-fashion statement luxury. Featuring color-blocking in Stone Gray and Chalk White. Perfect for the discerning swimmer who refuses the obvious.</p>,Twessie,One-Piece,"independent fashion, minimalist luxury, minimalist one-piece, luxury Stone Gray swimwear, high-end swimwear",TRUE,Color,Stone Gray,Size,S,TWESSIE_JP_OP_0206-Stone Gray-S,168.0,,10
twessie-jp-op-0206,Stone Gray Architectural One-Piece Swimsuit,<p>Crafted in premium Crinkled Seersucker with Econyl Sleek Satin accents. This one-piece epitomizes anti-fashion statement luxury. Featuring color-blocking in Stone Gray and Chalk White. Perfect for the discerning swimmer who refuses the obvious.</p>,Twessie,One-Piece,"independent fashion, minimalist luxury, minimalist one-piece, luxury Stone Gray swimwear, high-end swimwear",TRUE,Color,Stone Gray,Size,M,TWESSIE_JP_OP_0206-Stone Gray-M,168.0,,10
twessie-jp-op-0206,Stone Gray Architectural One-Piece Swimsuit,<p>Crafted in premium Crinkled Seersucker with Econyl Sleek Satin accents. This one-piece epitomizes anti-fashion statement luxury. Featuring color-blocking in Stone Gray and Chalk White. Perfect for the discerning swimmer who refuses the obvious.</p>,Twessie,One-Piece,"independent fashion, minimalist luxury, minimalist one-piece, luxury Stone Gray swimwear, high-end swimwear",TRUE,Color,Stone Gray,Size,L,TWESSIE_JP_OP_0206-Stone Gray-L,168.0,,10
twessie-jp-op-0206,Stone Gray Architectural One-Piece Swimsuit,<p>Crafted in premium Crinkled Seersucker with Econyl Sleek Satin accents. This one-piece epitomizes anti-fashion statement luxury. Featuring color-blocking in Stone Gray and Chalk White. Perfect for the discerning swimmer who refuses the obvious.</p>,Twessie,One-Piece,"independent fashion, minimalist luxury, minimalist one-piece, luxury Stone Gray swimwear, high-end swimwear",TRUE,Color,Stone Gray,Size,XL,TWESSIE_JP_OP_0206-Stone Gray-XL,168.0,,10
twessie-jp-op-0206,Stone Gray Architectural One-Piece Swimsuit,<p>Crafted in premium Crinkled Seersucker with Econyl Sleek Satin accents. This one-piece epitomizes anti-fashion statement luxury. Featuring color-blocking in Stone Gray and Chalk White. Perfect for the discerning swimmer who refuses the obvious.</p>,Twessie,One-Piece,"independent fashion, minimalist luxury, minimalist one-piece, luxury Stone Gray swimwear, high-end swimwear",TRUE,Color,Stone Gray,Size,XXL,TWESSIE_JP_OP_0206-Stone Gray-XXL,168.0,,10
twessie-jp-op-0206,Stone Gray Architectural One-Piece Swimsuit,<p>Crafted in premium Crinkled Seersucker with Econyl Sleek Satin accents. This one-piece epitomizes anti-fashion statement luxury. Featuring color-blocking in Stone Gray and Chalk White. Perfect for the discerning swimmer who refuses the obvious.</p>,Twessie,One-Piece,"independent fashion, minimalist luxury, minimalist one-piece, luxury Stone Gray swimwear, high-end swimwear",TRUE,Color,Chalk White,Size,XS,TWESSIE_JP_OP_0206-Chalk White-XS,168.0,,10
twessie-jp-op-0206,Stone Gray Architectural One-Piece Swimsuit,<p>Crafted in premium Crinkled Seersucker with Econyl Sleek Satin accents. This one-piece epitomizes anti-fashion statement luxury. Featuring color-blocking in Stone Gray and Chalk White. Perfect for the discerning swimmer who refuses the obvious.</p>,Twessie,One-Piece,"independent fashion, minimalist luxury, minimalist one-piece, luxury Stone Gray swimwear, high-end swimwear",TRUE,Color,Chalk White,Size,S,TWESSIE_JP_OP_0206-Chalk White-S,168.0,,10
twessie-jp-op-0206,Stone Gray Architectural One-Piece Swimsuit,<p>Crafted in premium Crinkled Seersucker with Econyl Sleek Satin accents. This one-piece epitomizes anti-fashion statement luxury. Featuring color-blocking in Stone Gray and Chalk White. Perfect for the discerning swimmer who refuses the obvious.</p>,Twessie,One-Piece,"independent fashion, minimalist luxury, minimalist one-piece, luxury Stone Gray swimwear, high-end swimwear",TRUE,Color,Chalk White,Size,M,TWESSIE_JP_OP_0206-Chalk White-M,168.0,,10
twessie-jp-op-0206,Stone Gray Architectural One-Piece Swimsuit,<p>Crafted in premium Crinkled Seersucker with Econyl Sleek Satin accents. This one-piece epitomizes anti-fashion statement luxury. Featuring color-blocking in Stone Gray and Chalk White. Perfect for the discerning swimmer who refuses the obvious.</p>,Twessie,One-Piece,"independent fashion, minimalist luxury, minimalist one-piece, luxury Stone Gray swimwear, high-end swimwear",TRUE,Color,Chalk White,Size,L,TWESSIE_JP_OP_0206-Chalk White-L,168.0,,10
twessie-jp-op-0206,Stone Gray Architectural One-Piece Swimsuit,<p>Crafted in premium Crinkled Seersucker with Econyl Sleek Satin accents. This one-piece epitomizes anti-fashion statement luxury. Featuring color-blocking in Stone Gray and Chalk White. Perfect for the discerning swimmer who refuses the obvious.</p>,Twessie,One-Piece,"independent fashion, minimalist luxury, minimalist one-piece, luxury Stone Gray swimwear, high-end swimwear",TRUE,Color,Chalk White,Size,XL,TWESSIE_JP_OP_0206-Chalk White-XL,168.0,,10
twessie-jp-op-0206,Stone Gray Architectural One-Piece Swimsuit,<p>Crafted in premium Crinkled Seersucker with Econyl Sleek Satin accents. This one-piece epitomizes anti-fashion statement luxury. Featuring color-blocking in Stone Gray and Chalk White. Perfect for the discerning swimmer who refuses the obvious.</p>,Twessie,One-Piece,"independent fashion, minimalist luxury, minimalist one-piece, luxury Stone Gray swimwear, high-end swimwear",TRUE,Color,Chalk White,Size,XXL,TWESSIE_JP_OP_0206-Chalk White-XXL,168.0,,10
twessie-eu-bb-0207,High-Cut Obsidian Black Bikini Brief,<p>Crafted in premium Econyl Sleek Satin with Matte Ribbed Knit accents. This bikini bottom epitomizes minimalist luxury luxury. Featuring color-blocking in Obsidian Black and Burnt Terracotta. Perfect for the discerning swimmer who refuses the obvious.</p>,Twessie,Bikini Bottom,"architectural swimsuit, minimalist bikini bottom, independent fashion, luxury Obsidian Black swimwear, Econyl Sleek Satin bikini",TRUE,Color,Obsidian Black,Size,XS,TWESSIE_EU_BB_0207-Obsidian Black-XS,168.0,,10
twessie-eu-bb-0207,High-Cut Obsidian Black Bikini Brief,<p>Crafted in premium Econyl Sleek Satin with Matte Ribbed Knit accents. This bikini bottom epitomizes minimalist luxury luxury. Featuring color-blocking in Obsidian Black and Burnt Terracotta. Perfect for the discerning swimmer who refuses the obvious.</p>,Twessie,Bikini Bottom,"architectural swimsuit, minimalist bikini bottom, independent fashion, luxury Obsidian Black swimwear, Econyl Sleek Satin bikini",TRUE,Color,Obsidian Black,Size,S,TWESSIE_EU_BB_0207-Obsidian Black-S,168.0,,10
twessie-eu-bb-0207,High-Cut Obsidian Black Bikini Brief,<p>Crafted in premium Econyl Sleek Satin with Matte Ribbed Knit accents. This bikini bottom epitomizes minimalist luxury luxury. Featuring color-blocking in Obsidian Black and Burnt Terracotta. Perfect for the discerning swimmer who refuses the obvious.</p>,Twessie,Bikini Bottom,"architectural swimsuit, minimalist bikini bottom, independent fashion, luxury Obsidian Black swimwear, Econyl Sleek Satin bikini",TRUE,Color,Obsidian Black,Size,M,TWESSIE_EU_BB_0207-Obsidian Black-M,168.0,,10
twessie-eu-bb-0207,High-Cut Obsidian Black Bikini Brief,<p>Crafted in premium Econyl Sleek Satin with Matte Ribbed Knit accents. This bikini bottom epitomizes minimalist luxury luxury. Featuring color-blocking in Obsidian Black and Burnt Terracotta. Perfect for the discerning swimmer who refuses the obvious.</p>,Twessie,Bikini Bottom,"architectural swimsuit, minimalist bikini bottom, independent fashion, luxury Obsidian Black swimwear, Econyl Sleek Satin bikini",TRUE,Color,Obsidian Black,Size,L,TWESSIE_EU_BB_0207-Obsidian Black-L,168.0,,10
twessie-eu-bb-0207,High-Cut Obsidian Black Bikini Brief,<p>Crafted in premium Econyl Sleek Satin with Matte Ribbed Knit accents. This bikini bottom epitomizes minimalist luxury luxury. Featuring color-blocking in Obsidian Black and Burnt Terracotta. Perfect for the discerning swimmer who refuses the obvious.</p>,Twessie,Bikini Bottom,"architectural swimsuit, minimalist bikini bottom, independent fashion, luxury Obsidian Black swimwear, Econyl Sleek Satin bikini",TRUE,Color,Obsidian Black,Size,XL,TWESSIE_EU_BB_0207-Obsidian Black-XL,168.0,,10
twessie-eu-bb-0207,High-Cut Obsidian Black Bikini Brief,<p>Crafted in premium Econyl Sleek Satin with Matte Ribbed Knit accents. This bikini bottom epitomizes minimalist luxury luxury. Featuring color-blocking in Obsidian Black and Burnt Terracotta. Perfect for the discerning swimmer who refuses the obvious.</p>,Twessie,Bikini Bottom,"architectural swimsuit, minimalist bikini bottom, independent fashion, luxury Obsidian Black swimwear, Econyl Sleek Satin bikini",TRUE,Color,Obsidian Black,Size,XXL,TWESSIE_EU_BB_0207-Obsidian Black-XXL,168.0,,10
twessie-eu-bb-0207,High-Cut Obsidian Black Bikini Brief,<p>Crafted in premium Econyl Sleek Satin with Matte Ribbed Knit accents. This bikini bottom epitomizes minimalist luxury luxury. Featuring color-blocking in Obsidian Black and Burnt Terracotta. Perfect for the discerning swimmer who refuses the obvious.</p>,Twessie,Bikini Bottom,"architectural swimsuit, minimalist bikini bottom, independent fashion, luxury Obsidian Black swimwear, Econyl Sleek Satin bikini",TRUE,Color,Burnt Terracotta,Size,XS,TWESSIE_EU_BB_0207-Burnt Terracotta-XS,168.0,,10
twessie-eu-bb-0207,High-Cut Obsidian Black Bikini Brief,<p>Crafted in premium Econyl Sleek Satin with Matte Ribbed Knit accents. This bikini bottom epitomizes minimalist luxury luxury. Featuring color-blocking in Obsidian Black and Burnt Terracotta. Perfect for the discerning swimmer who refuses the obvious.</p>,Twessie,Bikini Bottom,"architectural swimsuit, minimalist bikini bottom, independent fashion, luxury Obsidian Black swimwear, Econyl Sleek Satin bikini",TRUE,Color,Burnt Terracotta,Size,S,TWESSIE_EU_BB_0207-Burnt Terracotta-S,168.0,,10
twessie-eu-bb-0207,High-Cut Obsidian Black Bikini Brief,<p>Crafted in premium Econyl Sleek Satin with Matte Ribbed Knit accents. This bikini bottom epitomizes minimalist luxury luxury. Featuring color-blocking in Obsidian Black and Burnt Terracotta. Perfect for the discerning swimmer who refuses the obvious.</p>,Twessie,Bikini Bottom,"architectural swimsuit, minimalist bikini bottom, independent fashion, luxury Obsidian Black swimwear, Econyl Sleek Satin bikini",TRUE,Color,Burnt Terracotta,Size,M,TWESSIE_EU_BB_0207-Burnt Terracotta-M,168.0,,10
twessie-eu-bb-0207,High-Cut Obsidian Black Bikini Brief,<p>Crafted in premium Econyl Sleek Satin with Matte Ribbed Knit accents. This bikini bottom epitomizes minimalist luxury luxury. Featuring color-blocking in Obsidian Black and Burnt Terracotta. Perfect for the discerning swimmer who refuses the obvious.</p>,Twessie,Bikini Bottom,"architectural swimsuit, minimalist bikini bottom, independent fashion, luxury Obsidian Black swimwear, Econyl Sleek Satin bikini",TRUE,Color,Burnt Terracotta,Size,L,TWESSIE_EU_BB_0207-Burnt Terracotta-L,168.0,,10
twessie-eu-bb-0207,High-Cut Obsidian Black Bikini Brief,<p>Crafted in premium Econyl Sleek Satin with Matte Ribbed Knit accents. This bikini bottom epitomizes minimalist luxury luxury. Featuring color-blocking in Obsidian Black and Burnt Terracotta. Perfect for the discerning swimmer who refuses the obvious.</p>,Twessie,Bikini Bottom,"architectural swimsuit, minimalist bikini bottom, independent fashion, luxury Obsidian Black swimwear, Econyl Sleek Satin bikini",TRUE,Color,Burnt Terracotta,Size,XL,TWESSIE_EU_BB_0207-Burnt Terracotta-XL,168.0,,10
twessie-eu-bb-0207,High-Cut Obsidian Black Bikini Brief,<p>Crafted in premium Econyl Sleek Satin with Matte Ribbed Knit accents. This bikini bottom epitomizes minimalist luxury luxury. Featuring color-blocking in Obsidian Black and Burnt Terracotta. Perfect for the discerning swimmer who refuses the obvious.</p>,Twessie,Bikini Bottom,"architectural swimsuit, minimalist bikini bottom, independent fashion, luxury Obsidian Black swimwear, Econyl Sleek Satin bikini",TRUE,Color,Burnt Terracotta,Size,XXL,TWESSIE_EU_BB_0207-Burnt Terracotta-XXL,168.0,,10
twessie-eu-bb-0208,High-Cut Obsidian Black Bikini Brief,"<p>Econyl Sleek Satin construction meets architectural precision in this bikini bottom. Designed for the intelligent, independent woman. The Obsidian Black colorway with Stone Gray accents creates a sophisticated palette. Pure intelligent aesthetic elegance.</p>",Twessie,Bikini Bottom,"architectural swimsuit, minimalist bikini bottom, luxury Obsidian Black swimwear, Econyl Sleek Satin bikini, minimalist luxury",TRUE,Color,Obsidian Black,Size,XS,TWESSIE_EU_BB_0208-Obsidian Black-XS,168.0,,10
twessie-eu-bb-0208,High-Cut Obsidian Black Bikini Brief,"<p>Econyl Sleek Satin construction meets architectural precision in this bikini bottom. Designed for the intelligent, independent woman. The Obsidian Black colorway with Stone Gray accents creates a sophisticated palette. Pure intelligent aesthetic elegance.</p>",Twessie,Bikini Bottom,"architectural swimsuit, minimalist bikini bottom, luxury Obsidian Black swimwear, Econyl Sleek Satin bikini, minimalist luxury",TRUE,Color,Obsidian Black,Size,S,TWESSIE_EU_BB_0208-Obsidian Black-S,168.0,,10
twessie-eu-bb-0208,High-Cut Obsidian Black Bikini Brief,"<p>Econyl Sleek Satin construction meets architectural precision in this bikini bottom. Designed for the intelligent, independent woman. The Obsidian Black colorway with Stone Gray accents creates a sophisticated palette. Pure intelligent aesthetic elegance.</p>",Twessie,Bikini Bottom,"architectural swimsuit, minimalist bikini bottom, luxury Obsidian Black swimwear, Econyl Sleek Satin bikini, minimalist luxury",TRUE,Color,Obsidian Black,Size,M,TWESSIE_EU_BB_0208-Obsidian Black-M,168.0,,10
twessie-eu-bb-0208,High-Cut Obsidian Black Bikini Brief,"<p>Econyl Sleek Satin construction meets architectural precision in this bikini bottom. Designed for the intelligent, independent woman. The Obsidian Black colorway with Stone Gray accents creates a sophisticated palette. Pure intelligent aesthetic elegance.</p>",Twessie,Bikini Bottom,"architectural swimsuit, minimalist bikini bottom, luxury Obsidian Black swimwear, Econyl Sleek Satin bikini, minimalist luxury",TRUE,Color,Obsidian Black,Size,L,TWESSIE_EU_BB_0208-Obsidian Black-L,168.0,,10
twessie-eu-bb-0208,High-Cut Obsidian Black Bikini Brief,"<p>Econyl Sleek Satin construction meets architectural precision in this bikini bottom. Designed for the intelligent, independent woman. The Obsidian Black colorway with Stone Gray accents creates a sophisticated palette. Pure intelligent aesthetic elegance.</p>",Twessie,Bikini Bottom,"architectural swimsuit, minimalist bikini bottom, luxury Obsidian Black swimwear, Econyl Sleek Satin bikini, minimalist luxury",TRUE,Color,Obsidian Black,Size,XL,TWESSIE_EU_BB_0208-Obsidian Black-XL,168.0,,10
twessie-eu-bb-0208,High-Cut Obsidian Black Bikini Brief,"<p>Econyl Sleek Satin construction meets architectural precision in this bikini bottom. Designed for the intelligent, independent woman. The Obsidian Black colorway with Stone Gray accents creates a sophisticated palette. Pure intelligent aesthetic elegance.</p>",Twessie,Bikini Bottom,"architectural swimsuit, minimalist bikini bottom, luxury Obsidian Black swimwear, Econyl Sleek Satin bikini, minimalist luxury",TRUE,Color,Obsidian Black,Size,XXL,TWESSIE_EU_BB_0208-Obsidian Black-XXL,168.0,,10
twessie-eu-bb-0208,High-Cut Obsidian Black Bikini Brief,"<p>Econyl Sleek Satin construction meets architectural precision in this bikini bottom. Designed for the intelligent, independent woman. The Obsidian Black colorway with Stone Gray accents creates a sophisticated palette. Pure intelligent aesthetic elegance.</p>",Twessie,Bikini Bottom,"architectural swimsuit, minimalist bikini bottom, luxury Obsidian Black swimwear, Econyl Sleek Satin bikini, minimalist luxury",TRUE,Color,Stone Gray,Size,XS,TWESSIE_EU_BB_0208-Stone Gray-XS,168.0,,10
twessie-eu-bb-0208,High-Cut Obsidian Black Bikini Brief,"<p>Econyl Sleek Satin construction meets architectural precision in this bikini bottom. Designed for the intelligent, independent woman. The Obsidian Black colorway with Stone Gray accents creates a sophisticated palette. Pure intelligent aesthetic elegance.</p>",Twessie,Bikini Bottom,"architectural swimsuit, minimalist bikini bottom, luxury Obsidian Black swimwear, Econyl Sleek Satin bikini, minimalist luxury",TRUE,Color,Stone Gray,Size,S,TWESSIE_EU_BB_0208-Stone Gray-S,168.0,,10
twessie-eu-bb-0208,High-Cut Obsidian Black Bikini Brief,"<p>Econyl Sleek Satin construction meets architectural precision in this bikini bottom. Designed for the intelligent, independent woman. The Obsidian Black colorway with Stone Gray accents creates a sophisticated palette. Pure intelligent aesthetic elegance.</p>",Twessie,Bikini Bottom,"architectural swimsuit, minimalist bikini bottom, luxury Obsidian Black swimwear, Econyl Sleek Satin bikini, minimalist luxury",TRUE,Color,Stone Gray,Size,M,TWESSIE_EU_BB_0208-Stone Gray-M,168.0,,10
twessie-eu-bb-0208,High-Cut Obsidian Black Bikini Brief,"<p>Econyl Sleek Satin construction meets architectural precision in this bikini bottom. Designed for the intelligent, independent woman. The Obsidian Black colorway with Stone Gray accents creates a sophisticated palette. Pure intelligent aesthetic elegance.</p>",Twessie,Bikini Bottom,"architectural swimsuit, minimalist bikini bottom, luxury Obsidian Black swimwear, Econyl Sleek Satin bikini, minimalist luxury",TRUE,Color,Stone Gray,Size,L,TWESSIE_EU_BB_0208-Stone Gray-L,168.0,,10
twessie-eu-bb-0208,High-Cut Obsidian Black Bikini Brief,"<p>Econyl Sleek Satin construction meets architectural precision in this bikini bottom. Designed for the intelligent, independent woman. The Obsidian Black colorway with Stone Gray accents creates a sophisticated palette. Pure intelligent aesthetic elegance.</p>",Twessie,Bikini Bottom,"architectural swimsuit, minimalist bikini bottom, luxury Obsidian Black swimwear, Econyl Sleek Satin bikini, minimalist luxury",TRUE,Color,Stone Gray,Size,XL,TWESSIE_EU_BB_0208-Stone Gray-XL,168.0,,10
twessie-eu-bb-0208,High-Cut Obsidian Black Bikini Brief,"<p>Econyl Sleek Satin construction meets architectural precision in this bikini bottom. Designed for the intelligent, independent woman. The Obsidian Black colorway with Stone Gray accents creates a sophisticated palette. Pure intelligent aesthetic elegance.</p>",Twessie,Bikini Bottom,"architectural swimsuit, minimalist bikini bottom, luxury Obsidian Black swimwear, Econyl Sleek Satin bikini, minimalist luxury",TRUE,Color,Stone Gray,Size,XXL,TWESSIE_EU_BB_0208-Stone Gray-XXL,168.0,,10
twessie-na-bb-0209,Raw-Edge Burnt Terracotta Bikini Bottom,<p>Crafted in premium Matte Ribbed Knit with Econyl Sleek Satin accents. This bikini bottom epitomizes minimalist luxury luxury. Featuring color-blocking in Burnt Terracotta and Olive Drab. Perfect for the discerning swimmer who refuses the obvious.</p>,Twessie,Bikini Bottom,"luxury Burnt Terracotta swimwear, minimalist bikini bottom, Matte Ribbed Knit bikini, minimalist luxury, architectural swimsuit",TRUE,Color,Burnt Terracotta,Size,XS,TWESSIE_NA_BB_0209-Burnt Terracotta-XS,168.0,,10
twessie-na-bb-0209,Raw-Edge Burnt Terracotta Bikini Bottom,<p>Crafted in premium Matte Ribbed Knit with Econyl Sleek Satin accents. This bikini bottom epitomizes minimalist luxury luxury. Featuring color-blocking in Burnt Terracotta and Olive Drab. Perfect for the discerning swimmer who refuses the obvious.</p>,Twessie,Bikini Bottom,"luxury Burnt Terracotta swimwear, minimalist bikini bottom, Matte Ribbed Knit bikini, minimalist luxury, architectural swimsuit",TRUE,Color,Burnt Terracotta,Size,S,TWESSIE_NA_BB_0209-Burnt Terracotta-S,168.0,,10
twessie-na-bb-0209,Raw-Edge Burnt Terracotta Bikini Bottom,<p>Crafted in premium Matte Ribbed Knit with Econyl Sleek Satin accents. This bikini bottom epitomizes minimalist luxury luxury. Featuring color-blocking in Burnt Terracotta and Olive Drab. Perfect for the discerning swimmer who refuses the obvious.</p>,Twessie,Bikini Bottom,"luxury Burnt Terracotta swimwear, minimalist bikini bottom, Matte Ribbed Knit bikini, minimalist luxury, architectural swimsuit",TRUE,Color,Burnt Terracotta,Size,M,TWESSIE_NA_BB_0209-Burnt Terracotta-M,168.0,,10
twessie-na-bb-0209,Raw-Edge Burnt Terracotta Bikini Bottom,<p>Crafted in premium Matte Ribbed Knit with Econyl Sleek Satin accents. This bikini bottom epitomizes minimalist luxury luxury. Featuring color-blocking in Burnt Terracotta and Olive Drab. Perfect for the discerning swimmer who refuses the obvious.</p>,Twessie,Bikini Bottom,"luxury Burnt Terracotta swimwear, minimalist bikini bottom, Matte Ribbed Knit bikini, minimalist luxury, architectural swimsuit",TRUE,Color,Burnt Terracotta,Size,L,TWESSIE_NA_BB_0209-Burnt Terracotta-L,168.0,,10
twessie-na-bb-0209,Raw-Edge Burnt Terracotta Bikini Bottom,<p>Crafted in premium Matte Ribbed Knit with Econyl Sleek Satin accents. This bikini bottom epitomizes minimalist luxury luxury. Featuring color-blocking in Burnt Terracotta and Olive Drab. Perfect for the discerning swimmer who refuses the obvious.</p>,Twessie,Bikini Bottom,"luxury Burnt Terracotta swimwear, minimalist bikini bottom, Matte Ribbed Knit bikini, minimalist luxury, architectural swimsuit",TRUE,Color,Burnt Terracotta,Size,XL,TWESSIE_NA_BB_0209-Burnt Terracotta-XL,168.0,,10
twessie-na-bb-0209,Raw-Edge Burnt Terracotta Bikini Bottom,<p>Crafted in premium Matte Ribbed Knit with Econyl Sleek Satin accents. This bikini bottom epitomizes minimalist luxury luxury. Featuring color-blocking in Burnt Terracotta and Olive Drab. Perfect for the discerning swimmer who refuses the obvious.</p>,Twessie,Bikini Bottom,"luxury Burnt Terracotta swimwear, minimalist bikini bottom, Matte Ribbed Knit bikini, minimalist luxury, architectural swimsuit",TRUE,Color,Burnt Terracotta,Size,XXL,TWESSIE_NA_BB_0209-Burnt Terracotta-XXL,168.0,,10
twessie-na-bb-0209,Raw-Edge Burnt Terracotta Bikini Bottom,<p>Crafted in premium Matte Ribbed Knit with Econyl Sleek Satin accents. This bikini bottom epitomizes minimalist luxury luxury. Featuring color-blocking in Burnt Terracotta and Olive Drab. Perfect for the discerning swimmer who refuses the obvious.</p>,Twessie,Bikini Bottom,"luxury Burnt Terracotta swimwear, minimalist bikini bottom, Matte Ribbed Knit bikini, minimalist luxury, architectural swimsuit",TRUE,Color,Olive Drab,Size,XS,TWESSIE_NA_BB_0209-Olive Drab-XS,168.0,,10
twessie-na-bb-0209,Raw-Edge Burnt Terracotta Bikini Bottom,<p>Crafted in premium Matte Ribbed Knit with Econyl Sleek Satin accents. This bikini bottom epitomizes minimalist luxury luxury. Featuring color-blocking in Burnt Terracotta and Olive Drab. Perfect for the discerning swimmer who refuses the obvious.</p>,Twessie,Bikini Bottom,"luxury Burnt Terracotta swimwear, minimalist bikini bottom, Matte Ribbed Knit bikini, minimalist luxury, architectural swimsuit",TRUE,Color,Olive Drab,Size,S,TWESSIE_NA_BB_0209-Olive Drab-S,168.0,,10
twessie-na-bb-0209,Raw-Edge Burnt Terracotta Bikini Bottom,<p>Crafted in premium Matte Ribbed Knit with Econyl Sleek Satin accents. This bikini bottom epitomizes minimalist luxury luxury. Featuring color-blocking in Burnt Terracotta and Olive Drab. Perfect for the discerning swimmer who refuses the obvious.</p>,Twessie,Bikini Bottom,"luxury Burnt Terracotta swimwear, minimalist bikini bottom, Matte Ribbed Knit bikini, minimalist luxury, architectural swimsuit",TRUE,Color,Olive Drab,Size,M,TWESSIE_NA_BB_0209-Olive Drab-M,168.0,,10
twessie-na-bb-0209,Raw-Edge Burnt Terracotta Bikini Bottom,<p>Crafted in premium Matte Ribbed Knit with Econyl Sleek Satin accents. This bikini bottom epitomizes minimalist luxury luxury. Featuring color-blocking in Burnt Terracotta and Olive Drab. Perfect for the discerning swimmer who refuses the obvious.</p>,Twessie,Bikini Bottom,"luxury Burnt Terracotta swimwear, minimalist bikini bottom, Matte Ribbed Knit bikini, minimalist luxury, architectural swimsuit",TRUE,Color,Olive Drab,Size,L,TWESSIE_NA_BB_0209-Olive Drab-L,168.0,,10
twessie-na-bb-0209,Raw-Edge Burnt Terracotta Bikini Bottom,<p>Crafted in premium Matte Ribbed Knit with Econyl Sleek Satin accents. This bikini bottom epitomizes minimalist luxury luxury. Featuring color-blocking in Burnt Terracotta and Olive Drab. Perfect for the discerning swimmer who refuses the obvious.</p>,Twessie,Bikini Bottom,"luxury Burnt Terracotta swimwear, minimalist bikini bottom, Matte Ribbed Knit bikini, minimalist luxury, architectural swimsuit",TRUE,Color,Olive Drab,Size,XL,TWESSIE_NA_BB_0209-Olive Drab-XL,168.0,,10
twessie-na-bb-0209,Raw-Edge Burnt Terracotta Bikini Bottom,<p>Crafted in premium Matte Ribbed Knit with Econyl Sleek Satin accents. This bikini bottom epitomizes minimalist luxury luxury. Featuring color-blocking in Burnt Terracotta and Olive Drab. Perfect for the discerning swimmer who refuses the obvious.</p>,Twessie,Bikini Bottom,"luxury Burnt Terracotta swimwear, minimalist bikini bottom, Matte Ribbed Knit bikini, minimalist luxury, architectural swimsuit",TRUE,Color,Olive Drab,Size,XXL,TWESSIE_NA_BB_0209-Olive Drab-XXL,168.0,,10
twessie-sg-bt-0210,Crinkled Seersucker High-Waist Bikini Top in Stone Gray,<p>A statement piece in Crinkled Seersucker. This bikini top combines minimalist luxury design with impeccable craftsmanship. Available in Stone Gray with Chalk White detailing. Not loud. Not obvious. Unmistakably Twessie.</p>,Twessie,Bikini Top,"architectural swimsuit, luxury Stone Gray swimwear, minimalist luxury, minimalist bikini top, Crinkled Seersucker bikini",TRUE,Color,Stone Gray,Size,XS,TWESSIE_SG_BT_0210-Stone Gray-XS,168.0,,10
twessie-sg-bt-0210,Crinkled Seersucker High-Waist Bikini Top in Stone Gray,<p>A statement piece in Crinkled Seersucker. This bikini top combines minimalist luxury design with impeccable craftsmanship. Available in Stone Gray with Chalk White detailing. Not loud. Not obvious. Unmistakably Twessie.</p>,Twessie,Bikini Top,"architectural swimsuit, luxury Stone Gray swimwear, minimalist luxury, minimalist bikini top, Crinkled Seersucker bikini",TRUE,Color,Stone Gray,Size,S,TWESSIE_SG_BT_0210-Stone Gray-S,168.0,,10
twessie-sg-bt-0210,Crinkled Seersucker High-Waist Bikini Top in Stone Gray,<p>A statement piece in Crinkled Seersucker. This bikini top combines minimalist luxury design with impeccable craftsmanship. Available in Stone Gray with Chalk White detailing. Not loud. Not obvious. Unmistakably Twessie.</p>,Twessie,Bikini Top,"architectural swimsuit, luxury Stone Gray swimwear, minimalist luxury, minimalist bikini top, Crinkled Seersucker bikini",TRUE,Color,Stone Gray,Size,M,TWESSIE_SG_BT_0210-Stone Gray-M,168.0,,10
twessie-sg-bt-0210,Crinkled Seersucker High-Waist Bikini Top in Stone Gray,<p>A statement piece in Crinkled Seersucker. This bikini top combines minimalist luxury design with impeccable craftsmanship. Available in Stone Gray with Chalk White detailing. Not loud. Not obvious. Unmistakably Twessie.</p>,Twessie,Bikini Top,"architectural swimsuit, luxury Stone Gray swimwear, minimalist luxury, minimalist bikini top, Crinkled Seersucker bikini",TRUE,Color,Stone Gray,Size,L,TWESSIE_SG_BT_0210-Stone Gray-L,168.0,,10
twessie-sg-bt-0210,Crinkled Seersucker High-Waist Bikini Top in Stone Gray,<p>A statement piece in Crinkled Seersucker. This bikini top combines minimalist luxury design with impeccable craftsmanship. Available in Stone Gray with Chalk White detailing. Not loud. Not obvious. Unmistakably Twessie.</p>,Twessie,Bikini Top,"architectural swimsuit, luxury Stone Gray swimwear, minimalist luxury, minimalist bikini top, Crinkled Seersucker bikini",TRUE,Color,Stone Gray,Size,XL,TWESSIE_SG_BT_0210-Stone Gray-XL,168.0,,10
twessie-sg-bt-0210,Crinkled Seersucker High-Waist Bikini Top in Stone Gray,<p>A statement piece in Crinkled Seersucker. This bikini top combines minimalist luxury design with impeccable craftsmanship. Available in Stone Gray with Chalk White detailing. Not loud. Not obvious. Unmistakably Twessie.</p>,Twessie,Bikini Top,"architectural swimsuit, luxury Stone Gray swimwear, minimalist luxury, minimalist bikini top, Crinkled Seersucker bikini",TRUE,Color,Stone Gray,Size,XXL,TWESSIE_SG_BT_0210-Stone Gray-XXL,168.0,,10
twessie-sg-bt-0210,Crinkled Seersucker High-Waist Bikini Top in Stone Gray,<p>A statement piece in Crinkled Seersucker. This bikini top combines minimalist luxury design with impeccable craftsmanship. Available in Stone Gray with Chalk White detailing. Not loud. Not obvious. Unmistakably Twessie.</p>,Twessie,Bikini Top,"architectural swimsuit, luxury Stone Gray swimwear, minimalist luxury, minimalist bikini top, Crinkled Seersucker bikini",TRUE,Color,Chalk White,Size,XS,TWESSIE_SG_BT_0210-Chalk White-XS,168.0,,10
twessie-sg-bt-0210,Crinkled Seersucker High-Waist Bikini Top in Stone Gray,<p>A statement piece in Crinkled Seersucker. This bikini top combines minimalist luxury design with impeccable craftsmanship. Available in Stone Gray with Chalk White detailing. Not loud. Not obvious. Unmistakably Twessie.</p>,Twessie,Bikini Top,"architectural swimsuit, luxury Stone Gray swimwear, minimalist luxury, minimalist bikini top, Crinkled Seersucker bikini",TRUE,Color,Chalk White,Size,S,TWESSIE_SG_BT_0210-Chalk White-S,168.0,,10
twessie-sg-bt-0210,Crinkled Seersucker High-Waist Bikini Top in Stone Gray,<p>A statement piece in Crinkled Seersucker. This bikini top combines minimalist luxury design with impeccable craftsmanship. Available in Stone Gray with Chalk White detailing. Not loud. Not obvious. Unmistakably Twessie.</p>,Twessie,Bikini Top,"architectural swimsuit, luxury Stone Gray swimwear, minimalist luxury, minimalist bikini top, Crinkled Seersucker bikini",TRUE,Color,Chalk White,Size,M,TWESSIE_SG_BT_0210-Chalk White-M,168.0,,10
twessie-sg-bt-0210,Crinkled Seersucker High-Waist Bikini Top in Stone Gray,<p>A statement piece in Crinkled Seersucker. This bikini top combines minimalist luxury design with impeccable craftsmanship. Available in Stone Gray with Chalk White detailing. Not loud. Not obvious. Unmistakably Twessie.</p>,Twessie,Bikini Top,"architectural swimsuit, luxury Stone Gray swimwear, minimalist luxury, minimalist bikini top, Crinkled Seersucker bikini",TRUE,Color,Chalk White,Size,L,TWESSIE_SG_BT_0210-Chalk White-L,168.0,,10
twessie-sg-bt-0210,Crinkled Seersucker High-Waist Bikini Top in Stone Gray,<p>A statement piece in Crinkled Seersucker. This bikini top combines minimalist luxury design with impeccable craftsmanship. Available in Stone Gray with Chalk White detailing. Not loud. Not obvious. Unmistakably Twessie.</p>,Twessie,Bikini Top,"architectural swimsuit, luxury Stone Gray swimwear, minimalist luxury, minimalist bikini top, Crinkled Seersucker bikini",TRUE,Color,Chalk White,Size,XL,TWESSIE_SG_BT_0210-Chalk White-XL,168.0,,10
twessie-sg-bt-0210,Crinkled Seersucker High-Waist Bikini Top in Stone Gray,<p>A statement piece in Crinkled Seersucker. This bikini top combines minimalist luxury design with impeccable craftsmanship. Available in Stone Gray with Chalk White detailing. Not loud. Not obvious. Unmistakably Twessie.</p>,Twessie,Bikini Top,"architectural swimsuit, luxury Stone Gray swimwear, minimalist luxury, minimalist bikini top, Crinkled Seersucker bikini",TRUE,Color,Chalk White,Size,XXL,TWESSIE_SG_BT_0210-Chalk White-XXL,168.0,,10
twessie-sg-op-0301,High-Fashion Burnt Terracotta One-Piece Suit,<p>Crafted in premium Matte Ribbed Knit with Crinkled Seersucker accents. This one-piece epitomizes minimalist luxury luxury. Featuring color-blocking in Burnt Terracotta and Olive Drab. Perfect for the discerning swimmer who refuses the obvious.</p>,Twessie,One-Piece,"architectural swimsuit, minimalist one-piece, Matte Ribbed Knit bikini, independent fashion, minimalist luxury",TRUE,Color,Burnt Terracotta,Size,XS,TWESSIE_SG_OP_0301-Burnt Terracotta-XS,168.0,,10
twessie-sg-op-0301,High-Fashion Burnt Terracotta One-Piece Suit,<p>Crafted in premium Matte Ribbed Knit with Crinkled Seersucker accents. This one-piece epitomizes minimalist luxury luxury. Featuring color-blocking in Burnt Terracotta and Olive Drab. Perfect for the discerning swimmer who refuses the obvious.</p>,Twessie,One-Piece,"architectural swimsuit, minimalist one-piece, Matte Ribbed Knit bikini, independent fashion, minimalist luxury",TRUE,Color,Burnt Terracotta,Size,S,TWESSIE_SG_OP_0301-Burnt Terracotta-S,168.0,,10
twessie-sg-op-0301,High-Fashion Burnt Terracotta One-Piece Suit,<p>Crafted in premium Matte Ribbed Knit with Crinkled Seersucker accents. This one-piece epitomizes minimalist luxury luxury. Featuring color-blocking in Burnt Terracotta and Olive Drab. Perfect for the discerning swimmer who refuses the obvious.</p>,Twessie,One-Piece,"architectural swimsuit, minimalist one-piece, Matte Ribbed Knit bikini, independent fashion, minimalist luxury",TRUE,Color,Burnt Terracotta,Size,M,TWESSIE_SG_OP_0301-Burnt Terracotta-M,168.0,,10
twessie-sg-op-0301,High-Fashion Burnt Terracotta One-Piece Suit,<p>Crafted in premium Matte Ribbed Knit with Crinkled Seersucker accents. This one-piece epitomizes minimalist luxury luxury. Featuring color-blocking in Burnt Terracotta and Olive Drab. Perfect for the discerning swimmer who refuses the obvious.</p>,Twessie,One-Piece,"architectural swimsuit, minimalist one-piece, Matte Ribbed Knit bikini, independent fashion, minimalist luxury",TRUE,Color,Burnt Terracotta,Size,L,TWESSIE_SG_OP_0301-Burnt Terracotta-L,168.0,,10
twessie-sg-op-0301,High-Fashion Burnt Terracotta One-Piece Suit,<p>Crafted in premium Matte Ribbed Knit with Crinkled Seersucker accents. This one-piece epitomizes minimalist luxury luxury. Featuring color-blocking in Burnt Terracotta and Olive Drab. Perfect for the discerning swimmer who refuses the obvious.</p>,Twessie,One-Piece,"architectural swimsuit, minimalist one-piece, Matte Ribbed Knit bikini, independent fashion, minimalist luxury",TRUE,Color,Burnt Terracotta,Size,XL,TWESSIE_SG_OP_0301-Burnt Terracotta-XL,168.0,,10
twessie-sg-op-0301,High-Fashion Burnt Terracotta One-Piece Suit,<p>Crafted in premium Matte Ribbed Knit with Crinkled Seersucker accents. This one-piece epitomizes minimalist luxury luxury. Featuring color-blocking in Burnt Terracotta and Olive Drab. Perfect for the discerning swimmer who refuses the obvious.</p>,Twessie,One-Piece,"architectural swimsuit, minimalist one-piece, Matte Ribbed Knit bikini, independent fashion, minimalist luxury",TRUE,Color,Burnt Terracotta,Size,XXL,TWESSIE_SG_OP_0301-Burnt Terracotta-XXL,168.0,,10
twessie-sg-op-0301,High-Fashion Burnt Terracotta One-Piece Suit,<p>Crafted in premium Matte Ribbed Knit with Crinkled Seersucker accents. This one-piece epitomizes minimalist luxury luxury. Featuring color-blocking in Burnt Terracotta and Olive Drab. Perfect for the discerning swimmer who refuses the obvious.</p>,Twessie,One-Piece,"architectural swimsuit, minimalist one-piece, Matte Ribbed Knit bikini, independent fashion, minimalist luxury",TRUE,Color,Olive Drab,Size,XS,TWESSIE_SG_OP_0301-Olive Drab-XS,168.0,,10
twessie-sg-op-0301,High-Fashion Burnt Terracotta One-Piece Suit,<p>Crafted in premium Matte Ribbed Knit with Crinkled Seersucker accents. This one-piece epitomizes minimalist luxury luxury. Featuring color-blocking in Burnt Terracotta and Olive Drab. Perfect for the discerning swimmer who refuses the obvious.</p>,Twessie,One-Piece,"architectural swimsuit, minimalist one-piece, Matte Ribbed Knit bikini, independent fashion, minimalist luxury",TRUE,Color,Olive Drab,Size,S,TWESSIE_SG_OP_0301-Olive Drab-S,168.0,,10
twessie-sg-op-0301,High-Fashion Burnt Terracotta One-Piece Suit,<p>Crafted in premium Matte Ribbed Knit with Crinkled Seersucker accents. This one-piece epitomizes minimalist luxury luxury. Featuring color-blocking in Burnt Terracotta and Olive Drab. Perfect for the discerning swimmer who refuses the obvious.</p>,Twessie,One-Piece,"architectural swimsuit, minimalist one-piece, Matte Ribbed Knit bikini, independent fashion, minimalist luxury",TRUE,Color,Olive Drab,Size,M,TWESSIE_SG_OP_0301-Olive Drab-M,168.0,,10
twessie-sg-op-0301,High-Fashion Burnt Terracotta One-Piece Suit,<p>Crafted in premium Matte Ribbed Knit with Crinkled Seersucker accents. This one-piece epitomizes minimalist luxury luxury. Featuring color-blocking in Burnt Terracotta and Olive Drab. Perfect for the discerning swimmer who refuses the obvious.</p>,Twessie,One-Piece,"architectural swimsuit, minimalist one-piece, Matte Ribbed Knit bikini, independent fashion, minimalist luxury",TRUE,Color,Olive Drab,Size,L,TWESSIE_SG_OP_0301-Olive Drab-L,168.0,,10
twessie-sg-op-0301,High-Fashion Burnt Terracotta One-Piece Suit,<p>Crafted in premium Matte Ribbed Knit with Crinkled Seersucker accents. This one-piece epitomizes minimalist luxury luxury. Featuring color-blocking in Burnt Terracotta and Olive Drab. Perfect for the discerning swimmer who refuses the obvious.</p>,Twessie,One-Piece,"architectural swimsuit, minimalist one-piece, Matte Ribbed Knit bikini, independent fashion, minimalist luxury",TRUE,Color,Olive Drab,Size,XL,TWESSIE_SG_OP_0301-Olive Drab-XL,168.0,,10
twessie-sg-op-0301,High-Fashion Burnt Terracotta One-Piece Suit,<p>Crafted in premium Matte Ribbed Knit with Crinkled Seersucker accents. This one-piece epitomizes minimalist luxury luxury. Featuring color-blocking in Burnt Terracotta and Olive Drab. Perfect for the discerning swimmer who refuses the obvious.</p>,Twessie,One-Piece,"architectural swimsuit, minimalist one-piece, Matte Ribbed Knit bikini, independent fashion, minimalist luxury",TRUE,Color,Olive Drab,Size,XXL,TWESSIE_SG_OP_0301-Olive Drab-XXL,168.0,,10
twessie-eu-bt-0302,Architecture-Cut Obsidian Black Bikini Top,"<p>Econyl Sleek Satin construction meets architectural precision in this bikini top. Designed for the intelligent, independent woman. The Obsidian Black colorway with Burnt Terracotta accents creates a sophisticated palette. Pure rebellious yet refined elegance.</p>",Twessie,Bikini Top,"Econyl Sleek Satin bikini, high-end swimwear, independent fashion, architectural swimsuit, minimalist bikini top",TRUE,Color,Obsidian Black,Size,XS,TWESSIE_EU_BT_0302-Obsidian Black-XS,168.0,,10
twessie-eu-bt-0302,Architecture-Cut Obsidian Black Bikini Top,"<p>Econyl Sleek Satin construction meets architectural precision in this bikini top. Designed for the intelligent, independent woman. The Obsidian Black colorway with Burnt Terracotta accents creates a sophisticated palette. Pure rebellious yet refined elegance.</p>",Twessie,Bikini Top,"Econyl Sleek Satin bikini, high-end swimwear, independent fashion, architectural swimsuit, minimalist bikini top",TRUE,Color,Obsidian Black,Size,S,TWESSIE_EU_BT_0302-Obsidian Black-S,168.0,,10
twessie-eu-bt-0302,Architecture-Cut Obsidian Black Bikini Top,"<p>Econyl Sleek Satin construction meets architectural precision in this bikini top. Designed for the intelligent, independent woman. The Obsidian Black colorway with Burnt Terracotta accents creates a sophisticated palette. Pure rebellious yet refined elegance.</p>",Twessie,Bikini Top,"Econyl Sleek Satin bikini, high-end swimwear, independent fashion, architectural swimsuit, minimalist bikini top",TRUE,Color,Obsidian Black,Size,M,TWESSIE_EU_BT_0302-Obsidian Black-M,168.0,,10
twessie-eu-bt-0302,Architecture-Cut Obsidian Black Bikini Top,"<p>Econyl Sleek Satin construction meets architectural precision in this bikini top. Designed for the intelligent, independent woman. The Obsidian Black colorway with Burnt Terracotta accents creates a sophisticated palette. Pure rebellious yet refined elegance.</p>",Twessie,Bikini Top,"Econyl Sleek Satin bikini, high-end swimwear, independent fashion, architectural swimsuit, minimalist bikini top",TRUE,Color,Obsidian Black,Size,L,TWESSIE_EU_BT_0302-Obsidian Black-L,168.0,,10
twessie-eu-bt-0302,Architecture-Cut Obsidian Black Bikini Top,"<p>Econyl Sleek Satin construction meets architectural precision in this bikini top. Designed for the intelligent, independent woman. The Obsidian Black colorway with Burnt Terracotta accents creates a sophisticated palette. Pure rebellious yet refined elegance.</p>",Twessie,Bikini Top,"Econyl Sleek Satin bikini, high-end swimwear, independent fashion, architectural swimsuit, minimalist bikini top",TRUE,Color,Obsidian Black,Size,XL,TWESSIE_EU_BT_0302-Obsidian Black-XL,168.0,,10
twessie-eu-bt-0302,Architecture-Cut Obsidian Black Bikini Top,"<p>Econyl Sleek Satin construction meets architectural precision in this bikini top. Designed for the intelligent, independent woman. The Obsidian Black colorway with Burnt Terracotta accents creates a sophisticated palette. Pure rebellious yet refined elegance.</p>",Twessie,Bikini Top,"Econyl Sleek Satin bikini, high-end swimwear, independent fashion, architectural swimsuit, minimalist bikini top",TRUE,Color,Obsidian Black,Size,XXL,TWESSIE_EU_BT_0302-Obsidian Black-XXL,168.0,,10
twessie-eu-bt-0302,Architecture-Cut Obsidian Black Bikini Top,"<p>Econyl Sleek Satin construction meets architectural precision in this bikini top. Designed for the intelligent, independent woman. The Obsidian Black colorway with Burnt Terracotta accents creates a sophisticated palette. Pure rebellious yet refined elegance.</p>",Twessie,Bikini Top,"Econyl Sleek Satin bikini, high-end swimwear, independent fashion, architectural swimsuit, minimalist bikini top",TRUE,Color,Burnt Terracotta,Size,XS,TWESSIE_EU_BT_0302-Burnt Terracotta-XS,168.0,,10
twessie-eu-bt-0302,Architecture-Cut Obsidian Black Bikini Top,"<p>Econyl Sleek Satin construction meets architectural precision in this bikini top. Designed for the intelligent, independent woman. The Obsidian Black colorway with Burnt Terracotta accents creates a sophisticated palette. Pure rebellious yet refined elegance.</p>",Twessie,Bikini Top,"Econyl Sleek Satin bikini, high-end swimwear, independent fashion, architectural swimsuit, minimalist bikini top",TRUE,Color,Burnt Terracotta,Size,S,TWESSIE_EU_BT_0302-Burnt Terracotta-S,168.0,,10
twessie-eu-bt-0302,Architecture-Cut Obsidian Black Bikini Top,"<p>Econyl Sleek Satin construction meets architectural precision in this bikini top. Designed for the intelligent, independent woman. The Obsidian Black colorway with Burnt Terracotta accents creates a sophisticated palette. Pure rebellious yet refined elegance.</p>",Twessie,Bikini Top,"Econyl Sleek Satin bikini, high-end swimwear, independent fashion, architectural swimsuit, minimalist bikini top",TRUE,Color,Burnt Terracotta,Size,M,TWESSIE_EU_BT_0302-Burnt Terracotta-M,168.0,,10
twessie-eu-bt-0302,Architecture-Cut Obsidian Black Bikini Top,"<p>Econyl Sleek Satin construction meets architectural precision in this bikini top. Designed for the intelligent, independent woman. The Obsidian Black colorway with Burnt Terracotta accents creates a sophisticated palette. Pure rebellious yet refined elegance.</p>",Twessie,Bikini Top,"Econyl Sleek Satin bikini, high-end swimwear, independent fashion, architectural swimsuit, minimalist bikini top",TRUE,Color,Burnt Terracotta,Size,L,TWESSIE_EU_BT_0302-Burnt Terracotta-L,168.0,,10
twessie-eu-bt-0302,Architecture-Cut Obsidian Black Bikini Top,"<p>Econyl Sleek Satin construction meets architectural precision in this bikini top. Designed for the intelligent, independent woman. The Obsidian Black colorway with Burnt Terracotta accents creates a sophisticated palette. Pure rebellious yet refined elegance.</p>",Twessie,Bikini Top,"Econyl Sleek Satin bikini, high-end swimwear, independent fashion, architectural swimsuit, minimalist bikini top",TRUE,Color,Burnt Terracotta,Size,XL,TWESSIE_EU_BT_0302-Burnt Terracotta-XL,168.0,,10
twessie-eu-bt-0302,Architecture-Cut Obsidian Black Bikini Top,"<p>Econyl Sleek Satin construction meets architectural precision in this bikini top. Designed for the intelligent, independent woman. The Obsidian Black colorway with Burnt Terracotta accents creates a sophisticated palette. Pure rebellious yet refined elegance.</p>",Twessie,Bikini Top,"Econyl Sleek Satin bikini, high-end swimwear, independent fashion, architectural swimsuit, minimalist bikini top",TRUE,Color,Burnt Terracotta,Size,XXL,TWESSIE_EU_BT_0302-Burnt Terracotta-XXL,168.0,,10
twessie-na-bb-0303,Raw-Edge Olive Drab Bikini Bottom,"<p>Matte Ribbed Knit construction meets architectural precision in this bikini bottom. Designed for the intelligent, independent woman. The Olive Drab colorway with Burnt Terracotta accents creates a sophisticated palette. Pure minimalist luxury elegance.</p>",Twessie,Bikini Bottom,"Matte Ribbed Knit bikini, minimalist luxury, high-end swimwear, luxury Olive Drab swimwear, minimalist bikini bottom",TRUE,Color,Olive Drab,Size,XS,TWESSIE_NA_BB_0303-Olive Drab-XS,168.0,,10
twessie-na-bb-0303,Raw-Edge Olive Drab Bikini Bottom,"<p>Matte Ribbed Knit construction meets architectural precision in this bikini bottom. Designed for the intelligent, independent woman. The Olive Drab colorway with Burnt Terracotta accents creates a sophisticated palette. Pure minimalist luxury elegance.</p>",Twessie,Bikini Bottom,"Matte Ribbed Knit bikini, minimalist luxury, high-end swimwear, luxury Olive Drab swimwear, minimalist bikini bottom",TRUE,Color,Olive Drab,Size,S,TWESSIE_NA_BB_0303-Olive Drab-S,168.0,,10
twessie-na-bb-0303,Raw-Edge Olive Drab Bikini Bottom,"<p>Matte Ribbed Knit construction meets architectural precision in this bikini bottom. Designed for the intelligent, independent woman. The Olive Drab colorway with Burnt Terracotta accents creates a sophisticated palette. Pure minimalist luxury elegance.</p>",Twessie,Bikini Bottom,"Matte Ribbed Knit bikini, minimalist luxury, high-end swimwear, luxury Olive Drab swimwear, minimalist bikini bottom",TRUE,Color,Olive Drab,Size,M,TWESSIE_NA_BB_0303-Olive Drab-M,168.0,,10
twessie-na-bb-0303,Raw-Edge Olive Drab Bikini Bottom,"<p>Matte Ribbed Knit construction meets architectural precision in this bikini bottom. Designed for the intelligent, independent woman. The Olive Drab colorway with Burnt Terracotta accents creates a sophisticated palette. Pure minimalist luxury elegance.</p>",Twessie,Bikini Bottom,"Matte Ribbed Knit bikini, minimalist luxury, high-end swimwear, luxury Olive Drab swimwear, minimalist bikini bottom",TRUE,Color,Olive Drab,Size,L,TWESSIE_NA_BB_0303-Olive Drab-L,168.0,,10
twessie-na-bb-0303,Raw-Edge Olive Drab Bikini Bottom,"<p>Matte Ribbed Knit construction meets architectural precision in this bikini bottom. Designed for the intelligent, independent woman. The Olive Drab colorway with Burnt Terracotta accents creates a sophisticated palette. Pure minimalist luxury elegance.</p>",Twessie,Bikini Bottom,"Matte Ribbed Knit bikini, minimalist luxury, high-end swimwear, luxury Olive Drab swimwear, minimalist bikini bottom",TRUE,Color,Olive Drab,Size,XL,TWESSIE_NA_BB_0303-Olive Drab-XL,168.0,,10
twessie-na-bb-0303,Raw-Edge Olive Drab Bikini Bottom,"<p>Matte Ribbed Knit construction meets architectural precision in this bikini bottom. Designed for the intelligent, independent woman. The Olive Drab colorway with Burnt Terracotta accents creates a sophisticated palette. Pure minimalist luxury elegance.</p>",Twessie,Bikini Bottom,"Matte Ribbed Knit bikini, minimalist luxury, high-end swimwear, luxury Olive Drab swimwear, minimalist bikini bottom",TRUE,Color,Olive Drab,Size,XXL,TWESSIE_NA_BB_0303-Olive Drab-XXL,168.0,,10
twessie-na-bb-0303,Raw-Edge Olive Drab Bikini Bottom,"<p>Matte Ribbed Knit construction meets architectural precision in this bikini bottom. Designed for the intelligent, independent woman. The Olive Drab colorway with Burnt Terracotta accents creates a sophisticated palette. Pure minimalist luxury elegance.</p>",Twessie,Bikini Bottom,"Matte Ribbed Knit bikini, minimalist luxury, high-end swimwear, luxury Olive Drab swimwear, minimalist bikini bottom",TRUE,Color,Burnt Terracotta,Size,XS,TWESSIE_NA_BB_0303-Burnt Terracotta-XS,168.0,,10
twessie-na-bb-0303,Raw-Edge Olive Drab Bikini Bottom,"<p>Matte Ribbed Knit construction meets architectural precision in this bikini bottom. Designed for the intelligent, independent woman. The Olive Drab colorway with Burnt Terracotta accents creates a sophisticated palette. Pure minimalist luxury elegance.</p>",Twessie,Bikini Bottom,"Matte Ribbed Knit bikini, minimalist luxury, high-end swimwear, luxury Olive Drab swimwear, minimalist bikini bottom",TRUE,Color,Burnt Terracotta,Size,S,TWESSIE_NA_BB_0303-Burnt Terracotta-S,168.0,,10
twessie-na-bb-0303,Raw-Edge Olive Drab Bikini Bottom,"<p>Matte Ribbed Knit construction meets architectural precision in this bikini bottom. Designed for the intelligent, independent woman. The Olive Drab colorway with Burnt Terracotta accents creates a sophisticated palette. Pure minimalist luxury elegance.</p>",Twessie,Bikini Bottom,"Matte Ribbed Knit bikini, minimalist luxury, high-end swimwear, luxury Olive Drab swimwear, minimalist bikini bottom",TRUE,Color,Burnt Terracotta,Size,M,TWESSIE_NA_BB_0303-Burnt Terracotta-M,168.0,,10
twessie-na-bb-0303,Raw-Edge Olive Drab Bikini Bottom,"<p>Matte Ribbed Knit construction meets architectural precision in this bikini bottom. Designed for the intelligent, independent woman. The Olive Drab colorway with Burnt Terracotta accents creates a sophisticated palette. Pure minimalist luxury elegance.</p>",Twessie,Bikini Bottom,"Matte Ribbed Knit bikini, minimalist luxury, high-end swimwear, luxury Olive Drab swimwear, minimalist bikini bottom",TRUE,Color,Burnt Terracotta,Size,L,TWESSIE_NA_BB_0303-Burnt Terracotta-L,168.0,,10
twessie-na-bb-0303,Raw-Edge Olive Drab Bikini Bottom,"<p>Matte Ribbed Knit construction meets architectural precision in this bikini bottom. Designed for the intelligent, independent woman. The Olive Drab colorway with Burnt Terracotta accents creates a sophisticated palette. Pure minimalist luxury elegance.</p>",Twessie,Bikini Bottom,"Matte Ribbed Knit bikini, minimalist luxury, high-end swimwear, luxury Olive Drab swimwear, minimalist bikini bottom",TRUE,Color,Burnt Terracotta,Size,XL,TWESSIE_NA_BB_0303-Burnt Terracotta-XL,168.0,,10
twessie-na-bb-0303,Raw-Edge Olive Drab Bikini Bottom,"<p>Matte Ribbed Knit construction meets architectural precision in this bikini bottom. Designed for the intelligent, independent woman. The Olive Drab colorway with Burnt Terracotta accents creates a sophisticated palette. Pure minimalist luxury elegance.</p>",Twessie,Bikini Bottom,"Matte Ribbed Knit bikini, minimalist luxury, high-end swimwear, luxury Olive Drab swimwear, minimalist bikini bottom",TRUE,Color,Burnt Terracotta,Size,XXL,TWESSIE_NA_BB_0303-Burnt Terracotta-XXL,168.0,,10
twessie-au-bt-0304,Architecture-Cut Obsidian Black Bikini Top,<p>A statement piece in Econyl Sleek Satin. This bikini top combines intelligent aesthetic design with impeccable craftsmanship. Available in Obsidian Black with Olive Drab detailing. Not loud. Not obvious. Unmistakably Twessie.</p>,Twessie,Bikini Top,"minimalist bikini top, high-end swimwear, minimalist luxury, independent fashion, Econyl Sleek Satin bikini",TRUE,Color,Obsidian Black,Size,XS,TWESSIE_AU_BT_0304-Obsidian Black-XS,168.0,,10
twessie-au-bt-0304,Architecture-Cut Obsidian Black Bikini Top,<p>A statement piece in Econyl Sleek Satin. This bikini top combines intelligent aesthetic design with impeccable craftsmanship. Available in Obsidian Black with Olive Drab detailing. Not loud. Not obvious. Unmistakably Twessie.</p>,Twessie,Bikini Top,"minimalist bikini top, high-end swimwear, minimalist luxury, independent fashion, Econyl Sleek Satin bikini",TRUE,Color,Obsidian Black,Size,S,TWESSIE_AU_BT_0304-Obsidian Black-S,168.0,,10
twessie-au-bt-0304,Architecture-Cut Obsidian Black Bikini Top,<p>A statement piece in Econyl Sleek Satin. This bikini top combines intelligent aesthetic design with impeccable craftsmanship. Available in Obsidian Black with Olive Drab detailing. Not loud. Not obvious. Unmistakably Twessie.</p>,Twessie,Bikini Top,"minimalist bikini top, high-end swimwear, minimalist luxury, independent fashion, Econyl Sleek Satin bikini",TRUE,Color,Obsidian Black,Size,M,TWESSIE_AU_BT_0304-Obsidian Black-M,168.0,,10
twessie-au-bt-0304,Architecture-Cut Obsidian Black Bikini Top,<p>A statement piece in Econyl Sleek Satin. This bikini top combines intelligent aesthetic design with impeccable craftsmanship. Available in Obsidian Black with Olive Drab detailing. Not loud. Not obvious. Unmistakably Twessie.</p>,Twessie,Bikini Top,"minimalist bikini top, high-end swimwear, minimalist luxury, independent fashion, Econyl Sleek Satin bikini",TRUE,Color,Obsidian Black,Size,L,TWESSIE_AU_BT_0304-Obsidian Black-L,168.0,,10
twessie-au-bt-0304,Architecture-Cut Obsidian Black Bikini Top,<p>A statement piece in Econyl Sleek Satin. This bikini top combines intelligent aesthetic design with impeccable craftsmanship. Available in Obsidian Black with Olive Drab detailing. Not loud. Not obvious. Unmistakably Twessie.</p>,Twessie,Bikini Top,"minimalist bikini top, high-end swimwear, minimalist luxury, independent fashion, Econyl Sleek Satin bikini",TRUE,Color,Obsidian Black,Size,XL,TWESSIE_AU_BT_0304-Obsidian Black-XL,168.0,,10
twessie-au-bt-0304,Architecture-Cut Obsidian Black Bikini Top,<p>A statement piece in Econyl Sleek Satin. This bikini top combines intelligent aesthetic design with impeccable craftsmanship. Available in Obsidian Black with Olive Drab detailing. Not loud. Not obvious. Unmistakably Twessie.</p>,Twessie,Bikini Top,"minimalist bikini top, high-end swimwear, minimalist luxury, independent fashion, Econyl Sleek Satin bikini",TRUE,Color,Obsidian Black,Size,XXL,TWESSIE_AU_BT_0304-Obsidian Black-XXL,168.0,,10
twessie-au-bt-0304,Architecture-Cut Obsidian Black Bikini Top,<p>A statement piece in Econyl Sleek Satin. This bikini top combines intelligent aesthetic design with impeccable craftsmanship. Available in Obsidian Black with Olive Drab detailing. Not loud. Not obvious. Unmistakably Twessie.</p>,Twessie,Bikini Top,"minimalist bikini top, high-end swimwear, minimalist luxury, independent fashion, Econyl Sleek Satin bikini",TRUE,Color,Olive Drab,Size,XS,TWESSIE_AU_BT_0304-Olive Drab-XS,168.0,,10
twessie-au-bt-0304,Architecture-Cut Obsidian Black Bikini Top,<p>A statement piece in Econyl Sleek Satin. This bikini top combines intelligent aesthetic design with impeccable craftsmanship. Available in Obsidian Black with Olive Drab detailing. Not loud. Not obvious. Unmistakably Twessie.</p>,Twessie,Bikini Top,"minimalist bikini top, high-end swimwear, minimalist luxury, independent fashion, Econyl Sleek Satin bikini",TRUE,Color,Olive Drab,Size,S,TWESSIE_AU_BT_0304-Olive Drab-S,168.0,,10
twessie-au-bt-0304,Architecture-Cut Obsidian Black Bikini Top,<p>A statement piece in Econyl Sleek Satin. This bikini top combines intelligent aesthetic design with impeccable craftsmanship. Available in Obsidian Black with Olive Drab detailing. Not loud. Not obvious. Unmistakably Twessie.</p>,Twessie,Bikini Top,"minimalist bikini top, high-end swimwear, minimalist luxury, independent fashion, Econyl Sleek Satin bikini",TRUE,Color,Olive Drab,Size,M,TWESSIE_AU_BT_0304-Olive Drab-M,168.0,,10
twessie-au-bt-0304,Architecture-Cut Obsidian Black Bikini Top,<p>A statement piece in Econyl Sleek Satin. This bikini top combines intelligent aesthetic design with impeccable craftsmanship. Available in Obsidian Black with Olive Drab detailing. Not loud. Not obvious. Unmistakably Twessie.</p>,Twessie,Bikini Top,"minimalist bikini top, high-end swimwear, minimalist luxury, independent fashion, Econyl Sleek Satin bikini",TRUE,Color,Olive Drab,Size,L,TWESSIE_AU_BT_0304-Olive Drab-L,168.0,,10
twessie-au-bt-0304,Architecture-Cut Obsidian Black Bikini Top,<p>A statement piece in Econyl Sleek Satin. This bikini top combines intelligent aesthetic design with impeccable craftsmanship. Available in Obsidian Black with Olive Drab detailing. Not loud. Not obvious. Unmistakably Twessie.</p>,Twessie,Bikini Top,"minimalist bikini top, high-end swimwear, minimalist luxury, independent fashion, Econyl Sleek Satin bikini",TRUE,Color,Olive Drab,Size,XL,TWESSIE_AU_BT_0304-Olive Drab-XL,168.0,,10
twessie-au-bt-0304,Architecture-Cut Obsidian Black Bikini Top,<p>A statement piece in Econyl Sleek Satin. This bikini top combines intelligent aesthetic design with impeccable craftsmanship. Available in Obsidian Black with Olive Drab detailing. Not loud. Not obvious. Unmistakably Twessie.</p>,Twessie,Bikini Top,"minimalist bikini top, high-end swimwear, minimalist luxury, independent fashion, Econyl Sleek Satin bikini",TRUE,Color,Olive Drab,Size,XXL,TWESSIE_AU_BT_0304-Olive Drab-XXL,168.0,,10
twessie-na-bb-0305,High-Cut Chalk White Bikini Brief,"<p>Crinkled Seersucker construction meets architectural precision in this bikini bottom. Designed for the intelligent, independent woman. The Chalk White colorway with Stone Gray accents creates a sophisticated palette. Pure architectural elegance elegance.</p>",Twessie,Bikini Bottom,"Crinkled Seersucker bikini, high-end swimwear, minimalist luxury, independent fashion, architectural swimsuit",TRUE,Color,Chalk White,Size,XS,TWESSIE_NA_BB_0305-Chalk White-XS,168.0,,10
twessie-na-bb-0305,High-Cut Chalk White Bikini Brief,"<p>Crinkled Seersucker construction meets architectural precision in this bikini bottom. Designed for the intelligent, independent woman. The Chalk White colorway with Stone Gray accents creates a sophisticated palette. Pure architectural elegance elegance.</p>",Twessie,Bikini Bottom,"Crinkled Seersucker bikini, high-end swimwear, minimalist luxury, independent fashion, architectural swimsuit",TRUE,Color,Chalk White,Size,S,TWESSIE_NA_BB_0305-Chalk White-S,168.0,,10
twessie-na-bb-0305,High-Cut Chalk White Bikini Brief,"<p>Crinkled Seersucker construction meets architectural precision in this bikini bottom. Designed for the intelligent, independent woman. The Chalk White colorway with Stone Gray accents creates a sophisticated palette. Pure architectural elegance elegance.</p>",Twessie,Bikini Bottom,"Crinkled Seersucker bikini, high-end swimwear, minimalist luxury, independent fashion, architectural swimsuit",TRUE,Color,Chalk White,Size,M,TWESSIE_NA_BB_0305-Chalk White-M,168.0,,10
twessie-na-bb-0305,High-Cut Chalk White Bikini Brief,"<p>Crinkled Seersucker construction meets architectural precision in this bikini bottom. Designed for the intelligent, independent woman. The Chalk White colorway with Stone Gray accents creates a sophisticated palette. Pure architectural elegance elegance.</p>",Twessie,Bikini Bottom,"Crinkled Seersucker bikini, high-end swimwear, minimalist luxury, independent fashion, architectural swimsuit",TRUE,Color,Chalk White,Size,L,TWESSIE_NA_BB_0305-Chalk White-L,168.0,,10
twessie-na-bb-0305,High-Cut Chalk White Bikini Brief,"<p>Crinkled Seersucker construction meets architectural precision in this bikini bottom. Designed for the intelligent, independent woman. The Chalk White colorway with Stone Gray accents creates a sophisticated palette. Pure architectural elegance elegance.</p>",Twessie,Bikini Bottom,"Crinkled Seersucker bikini, high-end swimwear, minimalist luxury, independent fashion, architectural swimsuit",TRUE,Color,Chalk White,Size,XL,TWESSIE_NA_BB_0305-Chalk White-XL,168.0,,10
twessie-na-bb-0305,High-Cut Chalk White Bikini Brief,"<p>Crinkled Seersucker construction meets architectural precision in this bikini bottom. Designed for the intelligent, independent woman. The Chalk White colorway with Stone Gray accents creates a sophisticated palette. Pure architectural elegance elegance.</p>",Twessie,Bikini Bottom,"Crinkled Seersucker bikini, high-end swimwear, minimalist luxury, independent fashion, architectural swimsuit",TRUE,Color,Chalk White,Size,XXL,TWESSIE_NA_BB_0305-Chalk White-XXL,168.0,,10
twessie-na-bb-0305,High-Cut Chalk White Bikini Brief,"<p>Crinkled Seersucker construction meets architectural precision in this bikini bottom. Designed for the intelligent, independent woman. The Chalk White colorway with Stone Gray accents creates a sophisticated palette. Pure architectural elegance elegance.</p>",Twessie,Bikini Bottom,"Crinkled Seersucker bikini, high-end swimwear, minimalist luxury, independent fashion, architectural swimsuit",TRUE,Color,Stone Gray,Size,XS,TWESSIE_NA_BB_0305-Stone Gray-XS,168.0,,10
twessie-na-bb-0305,High-Cut Chalk White Bikini Brief,"<p>Crinkled Seersucker construction meets architectural precision in this bikini bottom. Designed for the intelligent, independent woman. The Chalk White colorway with Stone Gray accents creates a sophisticated palette. Pure architectural elegance elegance.</p>",Twessie,Bikini Bottom,"Crinkled Seersucker bikini, high-end swimwear, minimalist luxury, independent fashion, architectural swimsuit",TRUE,Color,Stone Gray,Size,S,TWESSIE_NA_BB_0305-Stone Gray-S,168.0,,10
twessie-na-bb-0305,High-Cut Chalk White Bikini Brief,"<p>Crinkled Seersucker construction meets architectural precision in this bikini bottom. Designed for the intelligent, independent woman. The Chalk White colorway with Stone Gray accents creates a sophisticated palette. Pure architectural elegance elegance.</p>",Twessie,Bikini Bottom,"Crinkled Seersucker bikini, high-end swimwear, minimalist luxury, independent fashion, architectural swimsuit",TRUE,Color,Stone Gray,Size,M,TWESSIE_NA_BB_0305-Stone Gray-M,168.0,,10
twessie-na-bb-0305,High-Cut Chalk White Bikini Brief,"<p>Crinkled Seersucker construction meets architectural precision in this bikini bottom. Designed for the intelligent, independent woman. The Chalk White colorway with Stone Gray accents creates a sophisticated palette. Pure architectural elegance elegance.</p>",Twessie,Bikini Bottom,"Crinkled Seersucker bikini, high-end swimwear, minimalist luxury, independent fashion, architectural swimsuit",TRUE,Color,Stone Gray,Size,L,TWESSIE_NA_BB_0305-Stone Gray-L,168.0,,10
twessie-na-bb-0305,High-Cut Chalk White Bikini Brief,"<p>Crinkled Seersucker construction meets architectural precision in this bikini bottom. Designed for the intelligent, independent woman. The Chalk White colorway with Stone Gray accents creates a sophisticated palette. Pure architectural elegance elegance.</p>",Twessie,Bikini Bottom,"Crinkled Seersucker bikini, high-end swimwear, minimalist luxury, independent fashion, architectural swimsuit",TRUE,Color,Stone Gray,Size,XL,TWESSIE_NA_BB_0305-Stone Gray-XL,168.0,,10
twessie-na-bb-0305,High-Cut Chalk White Bikini Brief,"<p>Crinkled Seersucker construction meets architectural precision in this bikini bottom. Designed for the intelligent, independent woman. The Chalk White colorway with Stone Gray accents creates a sophisticated palette. Pure architectural elegance elegance.</p>",Twessie,Bikini Bottom,"Crinkled Seersucker bikini, high-end swimwear, minimalist luxury, independent fashion, architectural swimsuit",TRUE,Color,Stone Gray,Size,XXL,TWESSIE_NA_BB_0305-Stone Gray-XXL,168.0,,10
twessie-au-bb-0306,Obsidian Black Minimalist Econyl Sleek Satin Bikini Bottom,<p>Crafted in premium Econyl Sleek Satin with Crinkled Seersucker accents. This bikini bottom epitomizes intelligent aesthetic luxury. Featuring color-blocking in Obsidian Black and Stone Gray. Perfect for the discerning swimmer who refuses the obvious.</p>,Twessie,Bikini Bottom,"independent fashion, Econyl Sleek Satin bikini, luxury Obsidian Black swimwear, minimalist bikini bottom, architectural swimsuit",TRUE,Color,Obsidian Black,Size,XS,TWESSIE_AU_BB_0306-Obsidian Black-XS,168.0,,10
twessie-au-bb-0306,Obsidian Black Minimalist Econyl Sleek Satin Bikini Bottom,<p>Crafted in premium Econyl Sleek Satin with Crinkled Seersucker accents. This bikini bottom epitomizes intelligent aesthetic luxury. Featuring color-blocking in Obsidian Black and Stone Gray. Perfect for the discerning swimmer who refuses the obvious.</p>,Twessie,Bikini Bottom,"independent fashion, Econyl Sleek Satin bikini, luxury Obsidian Black swimwear, minimalist bikini bottom, architectural swimsuit",TRUE,Color,Obsidian Black,Size,S,TWESSIE_AU_BB_0306-Obsidian Black-S,168.0,,10
twessie-au-bb-0306,Obsidian Black Minimalist Econyl Sleek Satin Bikini Bottom,<p>Crafted in premium Econyl Sleek Satin with Crinkled Seersucker accents. This bikini bottom epitomizes intelligent aesthetic luxury. Featuring color-blocking in Obsidian Black and Stone Gray. Perfect for the discerning swimmer who refuses the obvious.</p>,Twessie,Bikini Bottom,"independent fashion, Econyl Sleek Satin bikini, luxury Obsidian Black swimwear, minimalist bikini bottom, architectural swimsuit",TRUE,Color,Obsidian Black,Size,M,TWESSIE_AU_BB_0306-Obsidian Black-M,168.0,,10
twessie-au-bb-0306,Obsidian Black Minimalist Econyl Sleek Satin Bikini Bottom,<p>Crafted in premium Econyl Sleek Satin with Crinkled Seersucker accents. This bikini bottom epitomizes intelligent aesthetic luxury. Featuring color-blocking in Obsidian Black and Stone Gray. Perfect for the discerning swimmer who refuses the obvious.</p>,Twessie,Bikini Bottom,"independent fashion, Econyl Sleek Satin bikini, luxury Obsidian Black swimwear, minimalist bikini bottom, architectural swimsuit",TRUE,Color,Obsidian Black,Size,L,TWESSIE_AU_BB_0306-Obsidian Black-L,168.0,,10
twessie-au-bb-0306,Obsidian Black Minimalist Econyl Sleek Satin Bikini Bottom,<p>Crafted in premium Econyl Sleek Satin with Crinkled Seersucker accents. This bikini bottom epitomizes intelligent aesthetic luxury. Featuring color-blocking in Obsidian Black and Stone Gray. Perfect for the discerning swimmer who refuses the obvious.</p>,Twessie,Bikini Bottom,"independent fashion, Econyl Sleek Satin bikini, luxury Obsidian Black swimwear, minimalist bikini bottom, architectural swimsuit",TRUE,Color,Obsidian Black,Size,XL,TWESSIE_AU_BB_0306-Obsidian Black-XL,168.0,,10
twessie-au-bb-0306,Obsidian Black Minimalist Econyl Sleek Satin Bikini Bottom,<p>Crafted in premium Econyl Sleek Satin with Crinkled Seersucker accents. This bikini bottom epitomizes intelligent aesthetic luxury. Featuring color-blocking in Obsidian Black and Stone Gray. Perfect for the discerning swimmer who refuses the obvious.</p>,Twessie,Bikini Bottom,"independent fashion, Econyl Sleek Satin bikini, luxury Obsidian Black swimwear, minimalist bikini bottom, architectural swimsuit",TRUE,Color,Obsidian Black,Size,XXL,TWESSIE_AU_BB_0306-Obsidian Black-XXL,168.0,,10
twessie-au-bb-0306,Obsidian Black Minimalist Econyl Sleek Satin Bikini Bottom,<p>Crafted in premium Econyl Sleek Satin with Crinkled Seersucker accents. This bikini bottom epitomizes intelligent aesthetic luxury. Featuring color-blocking in Obsidian Black and Stone Gray. Perfect for the discerning swimmer who refuses the obvious.</p>,Twessie,Bikini Bottom,"independent fashion, Econyl Sleek Satin bikini, luxury Obsidian Black swimwear, minimalist bikini bottom, architectural swimsuit",TRUE,Color,Stone Gray,Size,XS,TWESSIE_AU_BB_0306-Stone Gray-XS,168.0,,10
twessie-au-bb-0306,Obsidian Black Minimalist Econyl Sleek Satin Bikini Bottom,<p>Crafted in premium Econyl Sleek Satin with Crinkled Seersucker accents. This bikini bottom epitomizes intelligent aesthetic luxury. Featuring color-blocking in Obsidian Black and Stone Gray. Perfect for the discerning swimmer who refuses the obvious.</p>,Twessie,Bikini Bottom,"independent fashion, Econyl Sleek Satin bikini, luxury Obsidian Black swimwear, minimalist bikini bottom, architectural swimsuit",TRUE,Color,Stone Gray,Size,S,TWESSIE_AU_BB_0306-Stone Gray-S,168.0,,10
twessie-au-bb-0306,Obsidian Black Minimalist Econyl Sleek Satin Bikini Bottom,<p>Crafted in premium Econyl Sleek Satin with Crinkled Seersucker accents. This bikini bottom epitomizes intelligent aesthetic luxury. Featuring color-blocking in Obsidian Black and Stone Gray. Perfect for the discerning swimmer who refuses the obvious.</p>,Twessie,Bikini Bottom,"independent fashion, Econyl Sleek Satin bikini, luxury Obsidian Black swimwear, minimalist bikini bottom, architectural swimsuit",TRUE,Color,Stone Gray,Size,M,TWESSIE_AU_BB_0306-Stone Gray-M,168.0,,10
twessie-au-bb-0306,Obsidian Black Minimalist Econyl Sleek Satin Bikini Bottom,<p>Crafted in premium Econyl Sleek Satin with Crinkled Seersucker accents. This bikini bottom epitomizes intelligent aesthetic luxury. Featuring color-blocking in Obsidian Black and Stone Gray. Perfect for the discerning swimmer who refuses the obvious.</p>,Twessie,Bikini Bottom,"independent fashion, Econyl Sleek Satin bikini, luxury Obsidian Black swimwear, minimalist bikini bottom, architectural swimsuit",TRUE,Color,Stone Gray,Size,L,TWESSIE_AU_BB_0306-Stone Gray-L,168.0,,10
twessie-au-bb-0306,Obsidian Black Minimalist Econyl Sleek Satin Bikini Bottom,<p>Crafted in premium Econyl Sleek Satin with Crinkled Seersucker accents. This bikini bottom epitomizes intelligent aesthetic luxury. Featuring color-blocking in Obsidian Black and Stone Gray. Perfect for the discerning swimmer who refuses the obvious.</p>,Twessie,Bikini Bottom,"independent fashion, Econyl Sleek Satin bikini, luxury Obsidian Black swimwear, minimalist bikini bottom, architectural swimsuit",TRUE,Color,Stone Gray,Size,XL,TWESSIE_AU_BB_0306-Stone Gray-XL,168.0,,10
twessie-au-bb-0306,Obsidian Black Minimalist Econyl Sleek Satin Bikini Bottom,<p>Crafted in premium Econyl Sleek Satin with Crinkled Seersucker accents. This bikini bottom epitomizes intelligent aesthetic luxury. Featuring color-blocking in Obsidian Black and Stone Gray. Perfect for the discerning swimmer who refuses the obvious.</p>,Twessie,Bikini Bottom,"independent fashion, Econyl Sleek Satin bikini, luxury Obsidian Black swimwear, minimalist bikini bottom, architectural swimsuit",TRUE,Color,Stone Gray,Size,XXL,TWESSIE_AU_BB_0306-Stone Gray-XXL,168.0,,10
twessie-jp-bb-0307,Raw-Edge Burnt Terracotta Bikini Bottom,<p>A statement piece in Matte Ribbed Knit. This bikini bottom combines intelligent aesthetic design with impeccable craftsmanship. Available in Burnt Terracotta with Olive Drab detailing. Not loud. Not obvious. Unmistakably Twessie.</p>,Twessie,Bikini Bottom,"independent fashion, minimalist luxury, architectural swimsuit, high-end swimwear, luxury Burnt Terracotta swimwear",TRUE,Color,Burnt Terracotta,Size,XS,TWESSIE_JP_BB_0307-Burnt Terracotta-XS,168.0,,10
twessie-jp-bb-0307,Raw-Edge Burnt Terracotta Bikini Bottom,<p>A statement piece in Matte Ribbed Knit. This bikini bottom combines intelligent aesthetic design with impeccable craftsmanship. Available in Burnt Terracotta with Olive Drab detailing. Not loud. Not obvious. Unmistakably Twessie.</p>,Twessie,Bikini Bottom,"independent fashion, minimalist luxury, architectural swimsuit, high-end swimwear, luxury Burnt Terracotta swimwear",TRUE,Color,Burnt Terracotta,Size,S,TWESSIE_JP_BB_0307-Burnt Terracotta-S,168.0,,10
twessie-jp-bb-0307,Raw-Edge Burnt Terracotta Bikini Bottom,<p>A statement piece in Matte Ribbed Knit. This bikini bottom combines intelligent aesthetic design with impeccable craftsmanship. Available in Burnt Terracotta with Olive Drab detailing. Not loud. Not obvious. Unmistakably Twessie.</p>,Twessie,Bikini Bottom,"independent fashion, minimalist luxury, architectural swimsuit, high-end swimwear, luxury Burnt Terracotta swimwear",TRUE,Color,Burnt Terracotta,Size,M,TWESSIE_JP_BB_0307-Burnt Terracotta-M,168.0,,10
twessie-jp-bb-0307,Raw-Edge Burnt Terracotta Bikini Bottom,<p>A statement piece in Matte Ribbed Knit. This bikini bottom combines intelligent aesthetic design with impeccable craftsmanship. Available in Burnt Terracotta with Olive Drab detailing. Not loud. Not obvious. Unmistakably Twessie.</p>,Twessie,Bikini Bottom,"independent fashion, minimalist luxury, architectural swimsuit, high-end swimwear, luxury Burnt Terracotta swimwear",TRUE,Color,Burnt Terracotta,Size,L,TWESSIE_JP_BB_0307-Burnt Terracotta-L,168.0,,10
twessie-jp-bb-0307,Raw-Edge Burnt Terracotta Bikini Bottom,<p>A statement piece in Matte Ribbed Knit. This bikini bottom combines intelligent aesthetic design with impeccable craftsmanship. Available in Burnt Terracotta with Olive Drab detailing. Not loud. Not obvious. Unmistakably Twessie.</p>,Twessie,Bikini Bottom,"independent fashion, minimalist luxury, architectural swimsuit, high-end swimwear, luxury Burnt Terracotta swimwear",TRUE,Color,Burnt Terracotta,Size,XL,TWESSIE_JP_BB_0307-Burnt Terracotta-XL,168.0,,10
twessie-jp-bb-0307,Raw-Edge Burnt Terracotta Bikini Bottom,<p>A statement piece in Matte Ribbed Knit. This bikini bottom combines intelligent aesthetic design with impeccable craftsmanship. Available in Burnt Terracotta with Olive Drab detailing. Not loud. Not obvious. Unmistakably Twessie.</p>,Twessie,Bikini Bottom,"independent fashion, minimalist luxury, architectural swimsuit, high-end swimwear, luxury Burnt Terracotta swimwear",TRUE,Color,Burnt Terracotta,Size,XXL,TWESSIE_JP_BB_0307-Burnt Terracotta-XXL,168.0,,10
twessie-jp-bb-0307,Raw-Edge Burnt Terracotta Bikini Bottom,<p>A statement piece in Matte Ribbed Knit. This bikini bottom combines intelligent aesthetic design with impeccable craftsmanship. Available in Burnt Terracotta with Olive Drab detailing. Not loud. Not obvious. Unmistakably Twessie.</p>,Twessie,Bikini Bottom,"independent fashion, minimalist luxury, architectural swimsuit, high-end swimwear, luxury Burnt Terracotta swimwear",TRUE,Color,Olive Drab,Size,XS,TWESSIE_JP_BB_0307-Olive Drab-XS,168.0,,10
twessie-jp-bb-0307,Raw-Edge Burnt Terracotta Bikini Bottom,<p>A statement piece in Matte Ribbed Knit. This bikini bottom combines intelligent aesthetic design with impeccable craftsmanship. Available in Burnt Terracotta with Olive Drab detailing. Not loud. Not obvious. Unmistakably Twessie.</p>,Twessie,Bikini Bottom,"independent fashion, minimalist luxury, architectural swimsuit, high-end swimwear, luxury Burnt Terracotta swimwear",TRUE,Color,Olive Drab,Size,S,TWESSIE_JP_BB_0307-Olive Drab-S,168.0,,10
twessie-jp-bb-0307,Raw-Edge Burnt Terracotta Bikini Bottom,<p>A statement piece in Matte Ribbed Knit. This bikini bottom combines intelligent aesthetic design with impeccable craftsmanship. Available in Burnt Terracotta with Olive Drab detailing. Not loud. Not obvious. Unmistakably Twessie.</p>,Twessie,Bikini Bottom,"independent fashion, minimalist luxury, architectural swimsuit, high-end swimwear, luxury Burnt Terracotta swimwear",TRUE,Color,Olive Drab,Size,M,TWESSIE_JP_BB_0307-Olive Drab-M,168.0,,10
twessie-jp-bb-0307,Raw-Edge Burnt Terracotta Bikini Bottom,<p>A statement piece in Matte Ribbed Knit. This bikini bottom combines intelligent aesthetic design with impeccable craftsmanship. Available in Burnt Terracotta with Olive Drab detailing. Not loud. Not obvious. Unmistakably Twessie.</p>,Twessie,Bikini Bottom,"independent fashion, minimalist luxury, architectural swimsuit, high-end swimwear, luxury Burnt Terracotta swimwear",TRUE,Color,Olive Drab,Size,L,TWESSIE_JP_BB_0307-Olive Drab-L,168.0,,10
twessie-jp-bb-0307,Raw-Edge Burnt Terracotta Bikini Bottom,<p>A statement piece in Matte Ribbed Knit. This bikini bottom combines intelligent aesthetic design with impeccable craftsmanship. Available in Burnt Terracotta with Olive Drab detailing. Not loud. Not obvious. Unmistakably Twessie.</p>,Twessie,Bikini Bottom,"independent fashion, minimalist luxury, architectural swimsuit, high-end swimwear, luxury Burnt Terracotta swimwear",TRUE,Color,Olive Drab,Size,XL,TWESSIE_JP_BB_0307-Olive Drab-XL,168.0,,10
twessie-jp-bb-0307,Raw-Edge Burnt Terracotta Bikini Bottom,<p>A statement piece in Matte Ribbed Knit. This bikini bottom combines intelligent aesthetic design with impeccable craftsmanship. Available in Burnt Terracotta with Olive Drab detailing. Not loud. Not obvious. Unmistakably Twessie.</p>,Twessie,Bikini Bottom,"independent fashion, minimalist luxury, architectural swimsuit, high-end swimwear, luxury Burnt Terracotta swimwear",TRUE,Color,Olive Drab,Size,XXL,TWESSIE_JP_BB_0307-Olive Drab-XXL,168.0,,10
twessie-na-bb-0308,Raw-Edge Olive Drab Bikini Bottom,<p>Crafted in premium Matte Ribbed Knit with Econyl Sleek Satin accents. This bikini bottom epitomizes architectural elegance luxury. Featuring color-blocking in Olive Drab and Burnt Terracotta. Perfect for the discerning swimmer who refuses the obvious.</p>,Twessie,Bikini Bottom,"independent fashion, high-end swimwear, luxury Olive Drab swimwear, architectural swimsuit, Matte Ribbed Knit bikini",TRUE,Color,Olive Drab,Size,XS,TWESSIE_NA_BB_0308-Olive Drab-XS,168.0,,10
twessie-na-bb-0308,Raw-Edge Olive Drab Bikini Bottom,<p>Crafted in premium Matte Ribbed Knit with Econyl Sleek Satin accents. This bikini bottom epitomizes architectural elegance luxury. Featuring color-blocking in Olive Drab and Burnt Terracotta. Perfect for the discerning swimmer who refuses the obvious.</p>,Twessie,Bikini Bottom,"independent fashion, high-end swimwear, luxury Olive Drab swimwear, architectural swimsuit, Matte Ribbed Knit bikini",TRUE,Color,Olive Drab,Size,S,TWESSIE_NA_BB_0308-Olive Drab-S,168.0,,10
twessie-na-bb-0308,Raw-Edge Olive Drab Bikini Bottom,<p>Crafted in premium Matte Ribbed Knit with Econyl Sleek Satin accents. This bikini bottom epitomizes architectural elegance luxury. Featuring color-blocking in Olive Drab and Burnt Terracotta. Perfect for the discerning swimmer who refuses the obvious.</p>,Twessie,Bikini Bottom,"independent fashion, high-end swimwear, luxury Olive Drab swimwear, architectural swimsuit, Matte Ribbed Knit bikini",TRUE,Color,Olive Drab,Size,M,TWESSIE_NA_BB_0308-Olive Drab-M,168.0,,10
twessie-na-bb-0308,Raw-Edge Olive Drab Bikini Bottom,<p>Crafted in premium Matte Ribbed Knit with Econyl Sleek Satin accents. This bikini bottom epitomizes architectural elegance luxury. Featuring color-blocking in Olive Drab and Burnt Terracotta. Perfect for the discerning swimmer who refuses the obvious.</p>,Twessie,Bikini Bottom,"independent fashion, high-end swimwear, luxury Olive Drab swimwear, architectural swimsuit, Matte Ribbed Knit bikini",TRUE,Color,Olive Drab,Size,L,TWESSIE_NA_BB_0308-Olive Drab-L,168.0,,10
twessie-na-bb-0308,Raw-Edge Olive Drab Bikini Bottom,<p>Crafted in premium Matte Ribbed Knit with Econyl Sleek Satin accents. This bikini bottom epitomizes architectural elegance luxury. Featuring color-blocking in Olive Drab and Burnt Terracotta. Perfect for the discerning swimmer who refuses the obvious.</p>,Twessie,Bikini Bottom,"independent fashion, high-end swimwear, luxury Olive Drab swimwear, architectural swimsuit, Matte Ribbed Knit bikini",TRUE,Color,Olive Drab,Size,XL,TWESSIE_NA_BB_0308-Olive Drab-XL,168.0,,10
twessie-na-bb-0308,Raw-Edge Olive Drab Bikini Bottom,<p>Crafted in premium Matte Ribbed Knit with Econyl Sleek Satin accents. This bikini bottom epitomizes architectural elegance luxury. Featuring color-blocking in Olive Drab and Burnt Terracotta. Perfect for the discerning swimmer who refuses the obvious.</p>,Twessie,Bikini Bottom,"independent fashion, high-end swimwear, luxury Olive Drab swimwear, architectural swimsuit, Matte Ribbed Knit bikini",TRUE,Color,Olive Drab,Size,XXL,TWESSIE_NA_BB_0308-Olive Drab-XXL,168.0,,10
twessie-na-bb-0308,Raw-Edge Olive Drab Bikini Bottom,<p>Crafted in premium Matte Ribbed Knit with Econyl Sleek Satin accents. This bikini bottom epitomizes architectural elegance luxury. Featuring color-blocking in Olive Drab and Burnt Terracotta. Perfect for the discerning swimmer who refuses the obvious.</p>,Twessie,Bikini Bottom,"independent fashion, high-end swimwear, luxury Olive Drab swimwear, architectural swimsuit, Matte Ribbed Knit bikini",TRUE,Color,Burnt Terracotta,Size,XS,TWESSIE_NA_BB_0308-Burnt Terracotta-XS,168.0,,10
twessie-na-bb-0308,Raw-Edge Olive Drab Bikini Bottom,<p>Crafted in premium Matte Ribbed Knit with Econyl Sleek Satin accents. This bikini bottom epitomizes architectural elegance luxury. Featuring color-blocking in Olive Drab and Burnt Terracotta. Perfect for the discerning swimmer who refuses the obvious.</p>,Twessie,Bikini Bottom,"independent fashion, high-end swimwear, luxury Olive Drab swimwear, architectural swimsuit, Matte Ribbed Knit bikini",TRUE,Color,Burnt Terracotta,Size,S,TWESSIE_NA_BB_0308-Burnt Terracotta-S,168.0,,10
twessie-na-bb-0308,Raw-Edge Olive Drab Bikini Bottom,<p>Crafted in premium Matte Ribbed Knit with Econyl Sleek Satin accents. This bikini bottom epitomizes architectural elegance luxury. Featuring color-blocking in Olive Drab and Burnt Terracotta. Perfect for the discerning swimmer who refuses the obvious.</p>,Twessie,Bikini Bottom,"independent fashion, high-end swimwear, luxury Olive Drab swimwear, architectural swimsuit, Matte Ribbed Knit bikini",TRUE,Color,Burnt Terracotta,Size,M,TWESSIE_NA_BB_0308-Burnt Terracotta-M,168.0,,10
twessie-na-bb-0308,Raw-Edge Olive Drab Bikini Bottom,<p>Crafted in premium Matte Ribbed Knit with Econyl Sleek Satin accents. This bikini bottom epitomizes architectural elegance luxury. Featuring color-blocking in Olive Drab and Burnt Terracotta. Perfect for the discerning swimmer who refuses the obvious.</p>,Twessie,Bikini Bottom,"independent fashion, high-end swimwear, luxury Olive Drab swimwear, architectural swimsuit, Matte Ribbed Knit bikini",TRUE,Color,Burnt Terracotta,Size,L,TWESSIE_NA_BB_0308-Burnt Terracotta-L,168.0,,10
twessie-na-bb-0308,Raw-Edge Olive Drab Bikini Bottom,<p>Crafted in premium Matte Ribbed Knit with Econyl Sleek Satin accents. This bikini bottom epitomizes architectural elegance luxury. Featuring color-blocking in Olive Drab and Burnt Terracotta. Perfect for the discerning swimmer who refuses the obvious.</p>,Twessie,Bikini Bottom,"independent fashion, high-end swimwear, luxury Olive Drab swimwear, architectural swimsuit, Matte Ribbed Knit bikini",TRUE,Color,Burnt Terracotta,Size,XL,TWESSIE_NA_BB_0308-Burnt Terracotta-XL,168.0,,10
twessie-na-bb-0308,Raw-Edge Olive Drab Bikini Bottom,<p>Crafted in premium Matte Ribbed Knit with Econyl Sleek Satin accents. This bikini bottom epitomizes architectural elegance luxury. Featuring color-blocking in Olive Drab and Burnt Terracotta. Perfect for the discerning swimmer who refuses the obvious.</p>,Twessie,Bikini Bottom,"independent fashion, high-end swimwear, luxury Olive Drab swimwear, architectural swimsuit, Matte Ribbed Knit bikini",TRUE,Color,Burnt Terracotta,Size,XXL,TWESSIE_NA_BB_0308-Burnt Terracotta-XXL,168.0,,10
twessie-jp-bt-0309,Econyl Sleek Satin High-Waist Bikini Top in Obsidian Black,<p>Crafted in premium Econyl Sleek Satin with Matte Ribbed Knit accents. This bikini top epitomizes anti-fashion statement luxury. Featuring color-blocking in Obsidian Black and Burnt Terracotta. Perfect for the discerning swimmer who refuses the obvious.</p>,Twessie,Bikini Top,"independent fashion, high-end swimwear, Econyl Sleek Satin bikini, architectural swimsuit, minimalist luxury",TRUE,Color,Obsidian Black,Size,XS,TWESSIE_JP_BT_0309-Obsidian Black-XS,168.0,,10
twessie-jp-bt-0309,Econyl Sleek Satin High-Waist Bikini Top in Obsidian Black,<p>Crafted in premium Econyl Sleek Satin with Matte Ribbed Knit accents. This bikini top epitomizes anti-fashion statement luxury. Featuring color-blocking in Obsidian Black and Burnt Terracotta. Perfect for the discerning swimmer who refuses the obvious.</p>,Twessie,Bikini Top,"independent fashion, high-end swimwear, Econyl Sleek Satin bikini, architectural swimsuit, minimalist luxury",TRUE,Color,Obsidian Black,Size,S,TWESSIE_JP_BT_0309-Obsidian Black-S,168.0,,10
twessie-jp-bt-0309,Econyl Sleek Satin High-Waist Bikini Top in Obsidian Black,<p>Crafted in premium Econyl Sleek Satin with Matte Ribbed Knit accents. This bikini top epitomizes anti-fashion statement luxury. Featuring color-blocking in Obsidian Black and Burnt Terracotta. Perfect for the discerning swimmer who refuses the obvious.</p>,Twessie,Bikini Top,"independent fashion, high-end swimwear, Econyl Sleek Satin bikini, architectural swimsuit, minimalist luxury",TRUE,Color,Obsidian Black,Size,M,TWESSIE_JP_BT_0309-Obsidian Black-M,168.0,,10
twessie-jp-bt-0309,Econyl Sleek Satin High-Waist Bikini Top in Obsidian Black,<p>Crafted in premium Econyl Sleek Satin with Matte Ribbed Knit accents. This bikini top epitomizes anti-fashion statement luxury. Featuring color-blocking in Obsidian Black and Burnt Terracotta. Perfect for the discerning swimmer who refuses the obvious.</p>,Twessie,Bikini Top,"independent fashion, high-end swimwear, Econyl Sleek Satin bikini, architectural swimsuit, minimalist luxury",TRUE,Color,Obsidian Black,Size,L,TWESSIE_JP_BT_0309-Obsidian Black-L,168.0,,10
twessie-jp-bt-0309,Econyl Sleek Satin High-Waist Bikini Top in Obsidian Black,<p>Crafted in premium Econyl Sleek Satin with Matte Ribbed Knit accents. This bikini top epitomizes anti-fashion statement luxury. Featuring color-blocking in Obsidian Black and Burnt Terracotta. Perfect for the discerning swimmer who refuses the obvious.</p>,Twessie,Bikini Top,"independent fashion, high-end swimwear, Econyl Sleek Satin bikini, architectural swimsuit, minimalist luxury",TRUE,Color,Obsidian Black,Size,XL,TWESSIE_JP_BT_0309-Obsidian Black-XL,168.0,,10
twessie-jp-bt-0309,Econyl Sleek Satin High-Waist Bikini Top in Obsidian Black,<p>Crafted in premium Econyl Sleek Satin with Matte Ribbed Knit accents. This bikini top epitomizes anti-fashion statement luxury. Featuring color-blocking in Obsidian Black and Burnt Terracotta. Perfect for the discerning swimmer who refuses the obvious.</p>,Twessie,Bikini Top,"independent fashion, high-end swimwear, Econyl Sleek Satin bikini, architectural swimsuit, minimalist luxury",TRUE,Color,Obsidian Black,Size,XXL,TWESSIE_JP_BT_0309-Obsidian Black-XXL,168.0,,10
twessie-jp-bt-0309,Econyl Sleek Satin High-Waist Bikini Top in Obsidian Black,<p>Crafted in premium Econyl Sleek Satin with Matte Ribbed Knit accents. This bikini top epitomizes anti-fashion statement luxury. Featuring color-blocking in Obsidian Black and Burnt Terracotta. Perfect for the discerning swimmer who refuses the obvious.</p>,Twessie,Bikini Top,"independent fashion, high-end swimwear, Econyl Sleek Satin bikini, architectural swimsuit, minimalist luxury",TRUE,Color,Burnt Terracotta,Size,XS,TWESSIE_JP_BT_0309-Burnt Terracotta-XS,168.0,,10
twessie-jp-bt-0309,Econyl Sleek Satin High-Waist Bikini Top in Obsidian Black,<p>Crafted in premium Econyl Sleek Satin with Matte Ribbed Knit accents. This bikini top epitomizes anti-fashion statement luxury. Featuring color-blocking in Obsidian Black and Burnt Terracotta. Perfect for the discerning swimmer who refuses the obvious.</p>,Twessie,Bikini Top,"independent fashion, high-end swimwear, Econyl Sleek Satin bikini, architectural swimsuit, minimalist luxury",TRUE,Color,Burnt Terracotta,Size,S,TWESSIE_JP_BT_0309-Burnt Terracotta-S,168.0,,10
twessie-jp-bt-0309,Econyl Sleek Satin High-Waist Bikini Top in Obsidian Black,<p>Crafted in premium Econyl Sleek Satin with Matte Ribbed Knit accents. This bikini top epitomizes anti-fashion statement luxury. Featuring color-blocking in Obsidian Black and Burnt Terracotta. Perfect for the discerning swimmer who refuses the obvious.</p>,Twessie,Bikini Top,"independent fashion, high-end swimwear, Econyl Sleek Satin bikini, architectural swimsuit, minimalist luxury",TRUE,Color,Burnt Terracotta,Size,M,TWESSIE_JP_BT_0309-Burnt Terracotta-M,168.0,,10
twessie-jp-bt-0309,Econyl Sleek Satin High-Waist Bikini Top in Obsidian Black,<p>Crafted in premium Econyl Sleek Satin with Matte Ribbed Knit accents. This bikini top epitomizes anti-fashion statement luxury. Featuring color-blocking in Obsidian Black and Burnt Terracotta. Perfect for the discerning swimmer who refuses the obvious.</p>,Twessie,Bikini Top,"independent fashion, high-end swimwear, Econyl Sleek Satin bikini, architectural swimsuit, minimalist luxury",TRUE,Color,Burnt Terracotta,Size,L,TWESSIE_JP_BT_0309-Burnt Terracotta-L,168.0,,10
twessie-jp-bt-0309,Econyl Sleek Satin High-Waist Bikini Top in Obsidian Black,<p>Crafted in premium Econyl Sleek Satin with Matte Ribbed Knit accents. This bikini top epitomizes anti-fashion statement luxury. Featuring color-blocking in Obsidian Black and Burnt Terracotta. Perfect for the discerning swimmer who refuses the obvious.</p>,Twessie,Bikini Top,"independent fashion, high-end swimwear, Econyl Sleek Satin bikini, architectural swimsuit, minimalist luxury",TRUE,Color,Burnt Terracotta,Size,XL,TWESSIE_JP_BT_0309-Burnt Terracotta-XL,168.0,,10
twessie-jp-bt-0309,Econyl Sleek Satin High-Waist Bikini Top in Obsidian Black,<p>Crafted in premium Econyl Sleek Satin with Matte Ribbed Knit accents. This bikini top epitomizes anti-fashion statement luxury. Featuring color-blocking in Obsidian Black and Burnt Terracotta. Perfect for the discerning swimmer who refuses the obvious.</p>,Twessie,Bikini Top,"independent fashion, high-end swimwear, Econyl Sleek Satin bikini, architectural swimsuit, minimalist luxury",TRUE,Color,Burnt Terracotta,Size,XXL,TWESSIE_JP_BT_0309-Burnt Terracotta-XXL,168.0,,10
twessie-sg-bt-0310,Minimalist Obsidian Black Textured Bikini Top,<p>A statement piece in Econyl Sleek Satin. This bikini top combines architectural elegance design with impeccable craftsmanship. Available in Obsidian Black with Chalk White detailing. Not loud. Not obvious. Unmistakably Twessie.</p>,Twessie,Bikini Top,"luxury Obsidian Black swimwear, minimalist luxury, independent fashion, architectural swimsuit, high-end swimwear",TRUE,Color,Obsidian Black,Size,XS,TWESSIE_SG_BT_0310-Obsidian Black-XS,168.0,,10
twessie-sg-bt-0310,Minimalist Obsidian Black Textured Bikini Top,<p>A statement piece in Econyl Sleek Satin. This bikini top combines architectural elegance design with impeccable craftsmanship. Available in Obsidian Black with Chalk White detailing. Not loud. Not obvious. Unmistakably Twessie.</p>,Twessie,Bikini Top,"luxury Obsidian Black swimwear, minimalist luxury, independent fashion, architectural swimsuit, high-end swimwear",TRUE,Color,Obsidian Black,Size,S,TWESSIE_SG_BT_0310-Obsidian Black-S,168.0,,10
twessie-sg-bt-0310,Minimalist Obsidian Black Textured Bikini Top,<p>A statement piece in Econyl Sleek Satin. This bikini top combines architectural elegance design with impeccable craftsmanship. Available in Obsidian Black with Chalk White detailing. Not loud. Not obvious. Unmistakably Twessie.</p>,Twessie,Bikini Top,"luxury Obsidian Black swimwear, minimalist luxury, independent fashion, architectural swimsuit, high-end swimwear",TRUE,Color,Obsidian Black,Size,M,TWESSIE_SG_BT_0310-Obsidian Black-M,168.0,,10
twessie-sg-bt-0310,Minimalist Obsidian Black Textured Bikini Top,<p>A statement piece in Econyl Sleek Satin. This bikini top combines architectural elegance design with impeccable craftsmanship. Available in Obsidian Black with Chalk White detailing. Not loud. Not obvious. Unmistakably Twessie.</p>,Twessie,Bikini Top,"luxury Obsidian Black swimwear, minimalist luxury, independent fashion, architectural swimsuit, high-end swimwear",TRUE,Color,Obsidian Black,Size,L,TWESSIE_SG_BT_0310-Obsidian Black-L,168.0,,10
twessie-sg-bt-0310,Minimalist Obsidian Black Textured Bikini Top,<p>A statement piece in Econyl Sleek Satin. This bikini top combines architectural elegance design with impeccable craftsmanship. Available in Obsidian Black with Chalk White detailing. Not loud. Not obvious. Unmistakably Twessie.</p>,Twessie,Bikini Top,"luxury Obsidian Black swimwear, minimalist luxury, independent fashion, architectural swimsuit, high-end swimwear",TRUE,Color,Obsidian Black,Size,XL,TWESSIE_SG_BT_0310-Obsidian Black-XL,168.0,,10
twessie-sg-bt-0310,Minimalist Obsidian Black Textured Bikini Top,<p>A statement piece in Econyl Sleek Satin. This bikini top combines architectural elegance design with impeccable craftsmanship. Available in Obsidian Black with Chalk White detailing. Not loud. Not obvious. Unmistakably Twessie.</p>,Twessie,Bikini Top,"luxury Obsidian Black swimwear, minimalist luxury, independent fashion, architectural swimsuit, high-end swimwear",TRUE,Color,Obsidian Black,Size,XXL,TWESSIE_SG_BT_0310-Obsidian Black-XXL,168.0,,10
twessie-sg-bt-0310,Minimalist Obsidian Black Textured Bikini Top,<p>A statement piece in Econyl Sleek Satin. This bikini top combines architectural elegance design with impeccable craftsmanship. Available in Obsidian Black with Chalk White detailing. Not loud. Not obvious. Unmistakably Twessie.</p>,Twessie,Bikini Top,"luxury Obsidian Black swimwear, minimalist luxury, independent fashion, architectural swimsuit, high-end swimwear",TRUE,Color,Chalk White,Size,XS,TWESSIE_SG_BT_0310-Chalk White-XS,168.0,,10
twessie-sg-bt-0310,Minimalist Obsidian Black Textured Bikini Top,<p>A statement piece in Econyl Sleek Satin. This bikini top combines architectural elegance design with impeccable craftsmanship. Available in Obsidian Black with Chalk White detailing. Not loud. Not obvious. Unmistakably Twessie.</p>,Twessie,Bikini Top,"luxury Obsidian Black swimwear, minimalist luxury, independent fashion, architectural swimsuit, high-end swimwear",TRUE,Color,Chalk White,Size,S,TWESSIE_SG_BT_0310-Chalk White-S,168.0,,10
twessie-sg-bt-0310,Minimalist Obsidian Black Textured Bikini Top,<p>A statement piece in Econyl Sleek Satin. This bikini top combines architectural elegance design with impeccable craftsmanship. Available in Obsidian Black with Chalk White detailing. Not loud. Not obvious. Unmistakably Twessie.</p>,Twessie,Bikini Top,"luxury Obsidian Black swimwear, minimalist luxury, independent fashion, architectural swimsuit, high-end swimwear",TRUE,Color,Chalk White,Size,M,TWESSIE_SG_BT_0310-Chalk White-M,168.0,,10
twessie-sg-bt-0310,Minimalist Obsidian Black Textured Bikini Top,<p>A statement piece in Econyl Sleek Satin. This bikini top combines architectural elegance design with impeccable craftsmanship. Available in Obsidian Black with Chalk White detailing. Not loud. Not obvious. Unmistakably Twessie.</p>,Twessie,Bikini Top,"luxury Obsidian Black swimwear, minimalist luxury, independent fashion, architectural swimsuit, high-end swimwear",TRUE,Color,Chalk White,Size,L,TWESSIE_SG_BT_0310-Chalk White-L,168.0,,10
twessie-sg-bt-0310,Minimalist Obsidian Black Textured Bikini Top,<p>A statement piece in Econyl Sleek Satin. This bikini top combines architectural elegance design with impeccable craftsmanship. Available in Obsidian Black with Chalk White detailing. Not loud. Not obvious. Unmistakably Twessie.</p>,Twessie,Bikini Top,"luxury Obsidian Black swimwear, minimalist luxury, independent fashion, architectural swimsuit, high-end swimwear",TRUE,Color,Chalk White,Size,XL,TWESSIE_SG_BT_0310-Chalk White-XL,168.0,,10
twessie-sg-bt-0310,Minimalist Obsidian Black Textured Bikini Top,<p>A statement piece in Econyl Sleek Satin. This bikini top combines architectural elegance design with impeccable craftsmanship. Available in Obsidian Black with Chalk White detailing. Not loud. Not obvious. Unmistakably Twessie.</p>,Twessie,Bikini Top,"luxury Obsidian Black swimwear, minimalist luxury, independent fashion, architectural swimsuit, high-end swimwear",TRUE,Color,Chalk White,Size,XXL,TWESSIE_SG_BT_0310-Chalk White-XXL,168.0,,10
twessie-jp-bt-0401,Minimalist Obsidian Black Textured Bikini Top,<p>Crafted in premium Econyl Sleek Satin with Matte Ribbed Knit accents. This bikini top epitomizes rebellious yet refined luxury. Featuring color-blocking in Obsidian Black and Burnt Terracotta. Perfect for the discerning swimmer who refuses the obvious.</p>,Twessie,Bikini Top,"architectural swimsuit, minimalist bikini top, Econyl Sleek Satin bikini, minimalist luxury, independent fashion",TRUE,Color,Obsidian Black,Size,XS,TWESSIE_JP_BT_0401-Obsidian Black-XS,168.0,,10
twessie-jp-bt-0401,Minimalist Obsidian Black Textured Bikini Top,<p>Crafted in premium Econyl Sleek Satin with Matte Ribbed Knit accents. This bikini top epitomizes rebellious yet refined luxury. Featuring color-blocking in Obsidian Black and Burnt Terracotta. Perfect for the discerning swimmer who refuses the obvious.</p>,Twessie,Bikini Top,"architectural swimsuit, minimalist bikini top, Econyl Sleek Satin bikini, minimalist luxury, independent fashion",TRUE,Color,Obsidian Black,Size,S,TWESSIE_JP_BT_0401-Obsidian Black-S,168.0,,10
twessie-jp-bt-0401,Minimalist Obsidian Black Textured Bikini Top,<p>Crafted in premium Econyl Sleek Satin with Matte Ribbed Knit accents. This bikini top epitomizes rebellious yet refined luxury. Featuring color-blocking in Obsidian Black and Burnt Terracotta. Perfect for the discerning swimmer who refuses the obvious.</p>,Twessie,Bikini Top,"architectural swimsuit, minimalist bikini top, Econyl Sleek Satin bikini, minimalist luxury, independent fashion",TRUE,Color,Obsidian Black,Size,M,TWESSIE_JP_BT_0401-Obsidian Black-M,168.0,,10
twessie-jp-bt-0401,Minimalist Obsidian Black Textured Bikini Top,<p>Crafted in premium Econyl Sleek Satin with Matte Ribbed Knit accents. This bikini top epitomizes rebellious yet refined luxury. Featuring color-blocking in Obsidian Black and Burnt Terracotta. Perfect for the discerning swimmer who refuses the obvious.</p>,Twessie,Bikini Top,"architectural swimsuit, minimalist bikini top, Econyl Sleek Satin bikini, minimalist luxury, independent fashion",TRUE,Color,Obsidian Black,Size,L,TWESSIE_JP_BT_0401-Obsidian Black-L,168.0,,10
twessie-jp-bt-0401,Minimalist Obsidian Black Textured Bikini Top,<p>Crafted in premium Econyl Sleek Satin with Matte Ribbed Knit accents. This bikini top epitomizes rebellious yet refined luxury. Featuring color-blocking in Obsidian Black and Burnt Terracotta. Perfect for the discerning swimmer who refuses the obvious.</p>,Twessie,Bikini Top,"architectural swimsuit, minimalist bikini top, Econyl Sleek Satin bikini, minimalist luxury, independent fashion",TRUE,Color,Obsidian Black,Size,XL,TWESSIE_JP_BT_0401-Obsidian Black-XL,168.0,,10
twessie-jp-bt-0401,Minimalist Obsidian Black Textured Bikini Top,<p>Crafted in premium Econyl Sleek Satin with Matte Ribbed Knit accents. This bikini top epitomizes rebellious yet refined luxury. Featuring color-blocking in Obsidian Black and Burnt Terracotta. Perfect for the discerning swimmer who refuses the obvious.</p>,Twessie,Bikini Top,"architectural swimsuit, minimalist bikini top, Econyl Sleek Satin bikini, minimalist luxury, independent fashion",TRUE,Color,Obsidian Black,Size,XXL,TWESSIE_JP_BT_0401-Obsidian Black-XXL,168.0,,10
twessie-jp-bt-0401,Minimalist Obsidian Black Textured Bikini Top,<p>Crafted in premium Econyl Sleek Satin with Matte Ribbed Knit accents. This bikini top epitomizes rebellious yet refined luxury. Featuring color-blocking in Obsidian Black and Burnt Terracotta. Perfect for the discerning swimmer who refuses the obvious.</p>,Twessie,Bikini Top,"architectural swimsuit, minimalist bikini top, Econyl Sleek Satin bikini, minimalist luxury, independent fashion",TRUE,Color,Burnt Terracotta,Size,XS,TWESSIE_JP_BT_0401-Burnt Terracotta-XS,168.0,,10
twessie-jp-bt-0401,Minimalist Obsidian Black Textured Bikini Top,<p>Crafted in premium Econyl Sleek Satin with Matte Ribbed Knit accents. This bikini top epitomizes rebellious yet refined luxury. Featuring color-blocking in Obsidian Black and Burnt Terracotta. Perfect for the discerning swimmer who refuses the obvious.</p>,Twessie,Bikini Top,"architectural swimsuit, minimalist bikini top, Econyl Sleek Satin bikini, minimalist luxury, independent fashion",TRUE,Color,Burnt Terracotta,Size,S,TWESSIE_JP_BT_0401-Burnt Terracotta-S,168.0,,10
twessie-jp-bt-0401,Minimalist Obsidian Black Textured Bikini Top,<p>Crafted in premium Econyl Sleek Satin with Matte Ribbed Knit accents. This bikini top epitomizes rebellious yet refined luxury. Featuring color-blocking in Obsidian Black and Burnt Terracotta. Perfect for the discerning swimmer who refuses the obvious.</p>,Twessie,Bikini Top,"architectural swimsuit, minimalist bikini top, Econyl Sleek Satin bikini, minimalist luxury, independent fashion",TRUE,Color,Burnt Terracotta,Size,M,TWESSIE_JP_BT_0401-Burnt Terracotta-M,168.0,,10
twessie-jp-bt-0401,Minimalist Obsidian Black Textured Bikini Top,<p>Crafted in premium Econyl Sleek Satin with Matte Ribbed Knit accents. This bikini top epitomizes rebellious yet refined luxury. Featuring color-blocking in Obsidian Black and Burnt Terracotta. Perfect for the discerning swimmer who refuses the obvious.</p>,Twessie,Bikini Top,"architectural swimsuit, minimalist bikini top, Econyl Sleek Satin bikini, minimalist luxury, independent fashion",TRUE,Color,Burnt Terracotta,Size,L,TWESSIE_JP_BT_0401-Burnt Terracotta-L,168.0,,10
twessie-jp-bt-0401,Minimalist Obsidian Black Textured Bikini Top,<p>Crafted in premium Econyl Sleek Satin with Matte Ribbed Knit accents. This bikini top epitomizes rebellious yet refined luxury. Featuring color-blocking in Obsidian Black and Burnt Terracotta. Perfect for the discerning swimmer who refuses the obvious.</p>,Twessie,Bikini Top,"architectural swimsuit, minimalist bikini top, Econyl Sleek Satin bikini, minimalist luxury, independent fashion",TRUE,Color,Burnt Terracotta,Size,XL,TWESSIE_JP_BT_0401-Burnt Terracotta-XL,168.0,,10
twessie-jp-bt-0401,Minimalist Obsidian Black Textured Bikini Top,<p>Crafted in premium Econyl Sleek Satin with Matte Ribbed Knit accents. This bikini top epitomizes rebellious yet refined luxury. Featuring color-blocking in Obsidian Black and Burnt Terracotta. Perfect for the discerning swimmer who refuses the obvious.</p>,Twessie,Bikini Top,"architectural swimsuit, minimalist bikini top, Econyl Sleek Satin bikini, minimalist luxury, independent fashion",TRUE,Color,Burnt Terracotta,Size,XXL,TWESSIE_JP_BT_0401-Burnt Terracotta-XXL,168.0,,10
twessie-sg-bt-0402,Econyl Sleek Satin High-Waist Bikini Top in Obsidian Black,<p>A statement piece in Econyl Sleek Satin. This bikini top combines architectural elegance design with impeccable craftsmanship. Available in Obsidian Black with Stone Gray detailing. Not loud. Not obvious. Unmistakably Twessie.</p>,Twessie,Bikini Top,"high-end swimwear, architectural swimsuit, luxury Obsidian Black swimwear, Econyl Sleek Satin bikini, independent fashion",TRUE,Color,Obsidian Black,Size,XS,TWESSIE_SG_BT_0402-Obsidian Black-XS,168.0,,10
twessie-sg-bt-0402,Econyl Sleek Satin High-Waist Bikini Top in Obsidian Black,<p>A statement piece in Econyl Sleek Satin. This bikini top combines architectural elegance design with impeccable craftsmanship. Available in Obsidian Black with Stone Gray detailing. Not loud. Not obvious. Unmistakably Twessie.</p>,Twessie,Bikini Top,"high-end swimwear, architectural swimsuit, luxury Obsidian Black swimwear, Econyl Sleek Satin bikini, independent fashion",TRUE,Color,Obsidian Black,Size,S,TWESSIE_SG_BT_0402-Obsidian Black-S,168.0,,10
twessie-sg-bt-0402,Econyl Sleek Satin High-Waist Bikini Top in Obsidian Black,<p>A statement piece in Econyl Sleek Satin. This bikini top combines architectural elegance design with impeccable craftsmanship. Available in Obsidian Black with Stone Gray detailing. Not loud. Not obvious. Unmistakably Twessie.</p>,Twessie,Bikini Top,"high-end swimwear, architectural swimsuit, luxury Obsidian Black swimwear, Econyl Sleek Satin bikini, independent fashion",TRUE,Color,Obsidian Black,Size,M,TWESSIE_SG_BT_0402-Obsidian Black-M,168.0,,10
twessie-sg-bt-0402,Econyl Sleek Satin High-Waist Bikini Top in Obsidian Black,<p>A statement piece in Econyl Sleek Satin. This bikini top combines architectural elegance design with impeccable craftsmanship. Available in Obsidian Black with Stone Gray detailing. Not loud. Not obvious. Unmistakably Twessie.</p>,Twessie,Bikini Top,"high-end swimwear, architectural swimsuit, luxury Obsidian Black swimwear, Econyl Sleek Satin bikini, independent fashion",TRUE,Color,Obsidian Black,Size,L,TWESSIE_SG_BT_0402-Obsidian Black-L,168.0,,10
twessie-sg-bt-0402,Econyl Sleek Satin High-Waist Bikini Top in Obsidian Black,<p>A statement piece in Econyl Sleek Satin. This bikini top combines architectural elegance design with impeccable craftsmanship. Available in Obsidian Black with Stone Gray detailing. Not loud. Not obvious. Unmistakably Twessie.</p>,Twessie,Bikini Top,"high-end swimwear, architectural swimsuit, luxury Obsidian Black swimwear, Econyl Sleek Satin bikini, independent fashion",TRUE,Color,Obsidian Black,Size,XL,TWESSIE_SG_BT_0402-Obsidian Black-XL,168.0,,10
twessie-sg-bt-0402,Econyl Sleek Satin High-Waist Bikini Top in Obsidian Black,<p>A statement piece in Econyl Sleek Satin. This bikini top combines architectural elegance design with impeccable craftsmanship. Available in Obsidian Black with Stone Gray detailing. Not loud. Not obvious. Unmistakably Twessie.</p>,Twessie,Bikini Top,"high-end swimwear, architectural swimsuit, luxury Obsidian Black swimwear, Econyl Sleek Satin bikini, independent fashion",TRUE,Color,Obsidian Black,Size,XXL,TWESSIE_SG_BT_0402-Obsidian Black-XXL,168.0,,10
twessie-sg-bt-0402,Econyl Sleek Satin High-Waist Bikini Top in Obsidian Black,<p>A statement piece in Econyl Sleek Satin. This bikini top combines architectural elegance design with impeccable craftsmanship. Available in Obsidian Black with Stone Gray detailing. Not loud. Not obvious. Unmistakably Twessie.</p>,Twessie,Bikini Top,"high-end swimwear, architectural swimsuit, luxury Obsidian Black swimwear, Econyl Sleek Satin bikini, independent fashion",TRUE,Color,Stone Gray,Size,XS,TWESSIE_SG_BT_0402-Stone Gray-XS,168.0,,10
twessie-sg-bt-0402,Econyl Sleek Satin High-Waist Bikini Top in Obsidian Black,<p>A statement piece in Econyl Sleek Satin. This bikini top combines architectural elegance design with impeccable craftsmanship. Available in Obsidian Black with Stone Gray detailing. Not loud. Not obvious. Unmistakably Twessie.</p>,Twessie,Bikini Top,"high-end swimwear, architectural swimsuit, luxury Obsidian Black swimwear, Econyl Sleek Satin bikini, independent fashion",TRUE,Color,Stone Gray,Size,S,TWESSIE_SG_BT_0402-Stone Gray-S,168.0,,10
twessie-sg-bt-0402,Econyl Sleek Satin High-Waist Bikini Top in Obsidian Black,<p>A statement piece in Econyl Sleek Satin. This bikini top combines architectural elegance design with impeccable craftsmanship. Available in Obsidian Black with Stone Gray detailing. Not loud. Not obvious. Unmistakably Twessie.</p>,Twessie,Bikini Top,"high-end swimwear, architectural swimsuit, luxury Obsidian Black swimwear, Econyl Sleek Satin bikini, independent fashion",TRUE,Color,Stone Gray,Size,M,TWESSIE_SG_BT_0402-Stone Gray-M,168.0,,10
twessie-sg-bt-0402,Econyl Sleek Satin High-Waist Bikini Top in Obsidian Black,<p>A statement piece in Econyl Sleek Satin. This bikini top combines architectural elegance design with impeccable craftsmanship. Available in Obsidian Black with Stone Gray detailing. Not loud. Not obvious. Unmistakably Twessie.</p>,Twessie,Bikini Top,"high-end swimwear, architectural swimsuit, luxury Obsidian Black swimwear, Econyl Sleek Satin bikini, independent fashion",TRUE,Color,Stone Gray,Size,L,TWESSIE_SG_BT_0402-Stone Gray-L,168.0,,10
twessie-sg-bt-0402,Econyl Sleek Satin High-Waist Bikini Top in Obsidian Black,<p>A statement piece in Econyl Sleek Satin. This bikini top combines architectural elegance design with impeccable craftsmanship. Available in Obsidian Black with Stone Gray detailing. Not loud. Not obvious. Unmistakably Twessie.</p>,Twessie,Bikini Top,"high-end swimwear, architectural swimsuit, luxury Obsidian Black swimwear, Econyl Sleek Satin bikini, independent fashion",TRUE,Color,Stone Gray,Size,XL,TWESSIE_SG_BT_0402-Stone Gray-XL,168.0,,10
twessie-sg-bt-0402,Econyl Sleek Satin High-Waist Bikini Top in Obsidian Black,<p>A statement piece in Econyl Sleek Satin. This bikini top combines architectural elegance design with impeccable craftsmanship. Available in Obsidian Black with Stone Gray detailing. Not loud. Not obvious. Unmistakably Twessie.</p>,Twessie,Bikini Top,"high-end swimwear, architectural swimsuit, luxury Obsidian Black swimwear, Econyl Sleek Satin bikini, independent fashion",TRUE,Color,Stone Gray,Size,XXL,TWESSIE_SG_BT_0402-Stone Gray-XXL,168.0,,10
twessie-sg-op-0403,Sculptural Obsidian Black Monokini,<p>Crafted in premium Econyl Sleek Satin with Matte Ribbed Knit accents. This one-piece epitomizes architectural elegance luxury. Featuring color-blocking in Obsidian Black and Olive Drab. Perfect for the discerning swimmer who refuses the obvious.</p>,Twessie,One-Piece,"architectural swimsuit, minimalist one-piece, high-end swimwear, independent fashion, minimalist luxury",TRUE,Color,Obsidian Black,Size,XS,TWESSIE_SG_OP_0403-Obsidian Black-XS,168.0,,10
twessie-sg-op-0403,Sculptural Obsidian Black Monokini,<p>Crafted in premium Econyl Sleek Satin with Matte Ribbed Knit accents. This one-piece epitomizes architectural elegance luxury. Featuring color-blocking in Obsidian Black and Olive Drab. Perfect for the discerning swimmer who refuses the obvious.</p>,Twessie,One-Piece,"architectural swimsuit, minimalist one-piece, high-end swimwear, independent fashion, minimalist luxury",TRUE,Color,Obsidian Black,Size,S,TWESSIE_SG_OP_0403-Obsidian Black-S,168.0,,10
twessie-sg-op-0403,Sculptural Obsidian Black Monokini,<p>Crafted in premium Econyl Sleek Satin with Matte Ribbed Knit accents. This one-piece epitomizes architectural elegance luxury. Featuring color-blocking in Obsidian Black and Olive Drab. Perfect for the discerning swimmer who refuses the obvious.</p>,Twessie,One-Piece,"architectural swimsuit, minimalist one-piece, high-end swimwear, independent fashion, minimalist luxury",TRUE,Color,Obsidian Black,Size,M,TWESSIE_SG_OP_0403-Obsidian Black-M,168.0,,10
twessie-sg-op-0403,Sculptural Obsidian Black Monokini,<p>Crafted in premium Econyl Sleek Satin with Matte Ribbed Knit accents. This one-piece epitomizes architectural elegance luxury. Featuring color-blocking in Obsidian Black and Olive Drab. Perfect for the discerning swimmer who refuses the obvious.</p>,Twessie,One-Piece,"architectural swimsuit, minimalist one-piece, high-end swimwear, independent fashion, minimalist luxury",TRUE,Color,Obsidian Black,Size,L,TWESSIE_SG_OP_0403-Obsidian Black-L,168.0,,10
twessie-sg-op-0403,Sculptural Obsidian Black Monokini,<p>Crafted in premium Econyl Sleek Satin with Matte Ribbed Knit accents. This one-piece epitomizes architectural elegance luxury. Featuring color-blocking in Obsidian Black and Olive Drab. Perfect for the discerning swimmer who refuses the obvious.</p>,Twessie,One-Piece,"architectural swimsuit, minimalist one-piece, high-end swimwear, independent fashion, minimalist luxury",TRUE,Color,Obsidian Black,Size,XL,TWESSIE_SG_OP_0403-Obsidian Black-XL,168.0,,10
twessie-sg-op-0403,Sculptural Obsidian Black Monokini,<p>Crafted in premium Econyl Sleek Satin with Matte Ribbed Knit accents. This one-piece epitomizes architectural elegance luxury. Featuring color-blocking in Obsidian Black and Olive Drab. Perfect for the discerning swimmer who refuses the obvious.</p>,Twessie,One-Piece,"architectural swimsuit, minimalist one-piece, high-end swimwear, independent fashion, minimalist luxury",TRUE,Color,Obsidian Black,Size,XXL,TWESSIE_SG_OP_0403-Obsidian Black-XXL,168.0,,10
twessie-sg-op-0403,Sculptural Obsidian Black Monokini,<p>Crafted in premium Econyl Sleek Satin with Matte Ribbed Knit accents. This one-piece epitomizes architectural elegance luxury. Featuring color-blocking in Obsidian Black and Olive Drab. Perfect for the discerning swimmer who refuses the obvious.</p>,Twessie,One-Piece,"architectural swimsuit, minimalist one-piece, high-end swimwear, independent fashion, minimalist luxury",TRUE,Color,Olive Drab,Size,XS,TWESSIE_SG_OP_0403-Olive Drab-XS,168.0,,10
twessie-sg-op-0403,Sculptural Obsidian Black Monokini,<p>Crafted in premium Econyl Sleek Satin with Matte Ribbed Knit accents. This one-piece epitomizes architectural elegance luxury. Featuring color-blocking in Obsidian Black and Olive Drab. Perfect for the discerning swimmer who refuses the obvious.</p>,Twessie,One-Piece,"architectural swimsuit, minimalist one-piece, high-end swimwear, independent fashion, minimalist luxury",TRUE,Color,Olive Drab,Size,S,TWESSIE_SG_OP_0403-Olive Drab-S,168.0,,10
twessie-sg-op-0403,Sculptural Obsidian Black Monokini,<p>Crafted in premium Econyl Sleek Satin with Matte Ribbed Knit accents. This one-piece epitomizes architectural elegance luxury. Featuring color-blocking in Obsidian Black and Olive Drab. Perfect for the discerning swimmer who refuses the obvious.</p>,Twessie,One-Piece,"architectural swimsuit, minimalist one-piece, high-end swimwear, independent fashion, minimalist luxury",TRUE,Color,Olive Drab,Size,M,TWESSIE_SG_OP_0403-Olive Drab-M,168.0,,10
twessie-sg-op-0403,Sculptural Obsidian Black Monokini,<p>Crafted in premium Econyl Sleek Satin with Matte Ribbed Knit accents. This one-piece epitomizes architectural elegance luxury. Featuring color-blocking in Obsidian Black and Olive Drab. Perfect for the discerning swimmer who refuses the obvious.</p>,Twessie,One-Piece,"architectural swimsuit, minimalist one-piece, high-end swimwear, independent fashion, minimalist luxury",TRUE,Color,Olive Drab,Size,L,TWESSIE_SG_OP_0403-Olive Drab-L,168.0,,10
twessie-sg-op-0403,Sculptural Obsidian Black Monokini,<p>Crafted in premium Econyl Sleek Satin with Matte Ribbed Knit accents. This one-piece epitomizes architectural elegance luxury. Featuring color-blocking in Obsidian Black and Olive Drab. Perfect for the discerning swimmer who refuses the obvious.</p>,Twessie,One-Piece,"architectural swimsuit, minimalist one-piece, high-end swimwear, independent fashion, minimalist luxury",TRUE,Color,Olive Drab,Size,XL,TWESSIE_SG_OP_0403-Olive Drab-XL,168.0,,10
twessie-sg-op-0403,Sculptural Obsidian Black Monokini,<p>Crafted in premium Econyl Sleek Satin with Matte Ribbed Knit accents. This one-piece epitomizes architectural elegance luxury. Featuring color-blocking in Obsidian Black and Olive Drab. Perfect for the discerning swimmer who refuses the obvious.</p>,Twessie,One-Piece,"architectural swimsuit, minimalist one-piece, high-end swimwear, independent fashion, minimalist luxury",TRUE,Color,Olive Drab,Size,XXL,TWESSIE_SG_OP_0403-Olive Drab-XXL,168.0,,10
twessie-sg-bt-0404,Architecture-Cut Obsidian Black Bikini Top,<p>A statement piece in Econyl Sleek Satin. This bikini top combines rebellious yet refined design with impeccable craftsmanship. Available in Obsidian Black with Stone Gray detailing. Not loud. Not obvious. Unmistakably Twessie.</p>,Twessie,Bikini Top,"minimalist bikini top, independent fashion, luxury Obsidian Black swimwear, minimalist luxury, Econyl Sleek Satin bikini",TRUE,Color,Obsidian Black,Size,XS,TWESSIE_SG_BT_0404-Obsidian Black-XS,168.0,,10
twessie-sg-bt-0404,Architecture-Cut Obsidian Black Bikini Top,<p>A statement piece in Econyl Sleek Satin. This bikini top combines rebellious yet refined design with impeccable craftsmanship. Available in Obsidian Black with Stone Gray detailing. Not loud. Not obvious. Unmistakably Twessie.</p>,Twessie,Bikini Top,"minimalist bikini top, independent fashion, luxury Obsidian Black swimwear, minimalist luxury, Econyl Sleek Satin bikini",TRUE,Color,Obsidian Black,Size,S,TWESSIE_SG_BT_0404-Obsidian Black-S,168.0,,10
twessie-sg-bt-0404,Architecture-Cut Obsidian Black Bikini Top,<p>A statement piece in Econyl Sleek Satin. This bikini top combines rebellious yet refined design with impeccable craftsmanship. Available in Obsidian Black with Stone Gray detailing. Not loud. Not obvious. Unmistakably Twessie.</p>,Twessie,Bikini Top,"minimalist bikini top, independent fashion, luxury Obsidian Black swimwear, minimalist luxury, Econyl Sleek Satin bikini",TRUE,Color,Obsidian Black,Size,M,TWESSIE_SG_BT_0404-Obsidian Black-M,168.0,,10
twessie-sg-bt-0404,Architecture-Cut Obsidian Black Bikini Top,<p>A statement piece in Econyl Sleek Satin. This bikini top combines rebellious yet refined design with impeccable craftsmanship. Available in Obsidian Black with Stone Gray detailing. Not loud. Not obvious. Unmistakably Twessie.</p>,Twessie,Bikini Top,"minimalist bikini top, independent fashion, luxury Obsidian Black swimwear, minimalist luxury, Econyl Sleek Satin bikini",TRUE,Color,Obsidian Black,Size,L,TWESSIE_SG_BT_0404-Obsidian Black-L,168.0,,10
twessie-sg-bt-0404,Architecture-Cut Obsidian Black Bikini Top,<p>A statement piece in Econyl Sleek Satin. This bikini top combines rebellious yet refined design with impeccable craftsmanship. Available in Obsidian Black with Stone Gray detailing. Not loud. Not obvious. Unmistakably Twessie.</p>,Twessie,Bikini Top,"minimalist bikini top, independent fashion, luxury Obsidian Black swimwear, minimalist luxury, Econyl Sleek Satin bikini",TRUE,Color,Obsidian Black,Size,XL,TWESSIE_SG_BT_0404-Obsidian Black-XL,168.0,,10
twessie-sg-bt-0404,Architecture-Cut Obsidian Black Bikini Top,<p>A statement piece in Econyl Sleek Satin. This bikini top combines rebellious yet refined design with impeccable craftsmanship. Available in Obsidian Black with Stone Gray detailing. Not loud. Not obvious. Unmistakably Twessie.</p>,Twessie,Bikini Top,"minimalist bikini top, independent fashion, luxury Obsidian Black swimwear, minimalist luxury, Econyl Sleek Satin bikini",TRUE,Color,Obsidian Black,Size,XXL,TWESSIE_SG_BT_0404-Obsidian Black-XXL,168.0,,10
twessie-sg-bt-0404,Architecture-Cut Obsidian Black Bikini Top,<p>A statement piece in Econyl Sleek Satin. This bikini top combines rebellious yet refined design with impeccable craftsmanship. Available in Obsidian Black with Stone Gray detailing. Not loud. Not obvious. Unmistakably Twessie.</p>,Twessie,Bikini Top,"minimalist bikini top, independent fashion, luxury Obsidian Black swimwear, minimalist luxury, Econyl Sleek Satin bikini",TRUE,Color,Stone Gray,Size,XS,TWESSIE_SG_BT_0404-Stone Gray-XS,168.0,,10
twessie-sg-bt-0404,Architecture-Cut Obsidian Black Bikini Top,<p>A statement piece in Econyl Sleek Satin. This bikini top combines rebellious yet refined design with impeccable craftsmanship. Available in Obsidian Black with Stone Gray detailing. Not loud. Not obvious. Unmistakably Twessie.</p>,Twessie,Bikini Top,"minimalist bikini top, independent fashion, luxury Obsidian Black swimwear, minimalist luxury, Econyl Sleek Satin bikini",TRUE,Color,Stone Gray,Size,S,TWESSIE_SG_BT_0404-Stone Gray-S,168.0,,10
twessie-sg-bt-0404,Architecture-Cut Obsidian Black Bikini Top,<p>A statement piece in Econyl Sleek Satin. This bikini top combines rebellious yet refined design with impeccable craftsmanship. Available in Obsidian Black with Stone Gray detailing. Not loud. Not obvious. Unmistakably Twessie.</p>,Twessie,Bikini Top,"minimalist bikini top, independent fashion, luxury Obsidian Black swimwear, minimalist luxury, Econyl Sleek Satin bikini",TRUE,Color,Stone Gray,Size,M,TWESSIE_SG_BT_0404-Stone Gray-M,168.0,,10
twessie-sg-bt-0404,Architecture-Cut Obsidian Black Bikini Top,<p>A statement piece in Econyl Sleek Satin. This bikini top combines rebellious yet refined design with impeccable craftsmanship. Available in Obsidian Black with Stone Gray detailing. Not loud. Not obvious. Unmistakably Twessie.</p>,Twessie,Bikini Top,"minimalist bikini top, independent fashion, luxury Obsidian Black swimwear, minimalist luxury, Econyl Sleek Satin bikini",TRUE,Color,Stone Gray,Size,L,TWESSIE_SG_BT_0404-Stone Gray-L,168.0,,10
twessie-sg-bt-0404,Architecture-Cut Obsidian Black Bikini Top,<p>A statement piece in Econyl Sleek Satin. This bikini top combines rebellious yet refined design with impeccable craftsmanship. Available in Obsidian Black with Stone Gray detailing. Not loud. Not obvious. Unmistakably Twessie.</p>,Twessie,Bikini Top,"minimalist bikini top, independent fashion, luxury Obsidian Black swimwear, minimalist luxury, Econyl Sleek Satin bikini",TRUE,Color,Stone Gray,Size,XL,TWESSIE_SG_BT_0404-Stone Gray-XL,168.0,,10
twessie-sg-bt-0404,Architecture-Cut Obsidian Black Bikini Top,<p>A statement piece in Econyl Sleek Satin. This bikini top combines rebellious yet refined design with impeccable craftsmanship. Available in Obsidian Black with Stone Gray detailing. Not loud. Not obvious. Unmistakably Twessie.</p>,Twessie,Bikini Top,"minimalist bikini top, independent fashion, luxury Obsidian Black swimwear, minimalist luxury, Econyl Sleek Satin bikini",TRUE,Color,Stone Gray,Size,XXL,TWESSIE_SG_BT_0404-Stone Gray-XXL,168.0,,10
twessie-na-bt-0405,Minimalist Chalk White Textured Bikini Top,"<p>Crinkled Seersucker construction meets architectural precision in this bikini top. Designed for the intelligent, independent woman. The Chalk White colorway with Stone Gray accents creates a sophisticated palette. Pure intelligent aesthetic elegance.</p>",Twessie,Bikini Top,"minimalist bikini top, high-end swimwear, Crinkled Seersucker bikini, architectural swimsuit, minimalist luxury",TRUE,Color,Chalk White,Size,XS,TWESSIE_NA_BT_0405-Chalk White-XS,168.0,,10
twessie-na-bt-0405,Minimalist Chalk White Textured Bikini Top,"<p>Crinkled Seersucker construction meets architectural precision in this bikini top. Designed for the intelligent, independent woman. The Chalk White colorway with Stone Gray accents creates a sophisticated palette. Pure intelligent aesthetic elegance.</p>",Twessie,Bikini Top,"minimalist bikini top, high-end swimwear, Crinkled Seersucker bikini, architectural swimsuit, minimalist luxury",TRUE,Color,Chalk White,Size,S,TWESSIE_NA_BT_0405-Chalk White-S,168.0,,10
twessie-na-bt-0405,Minimalist Chalk White Textured Bikini Top,"<p>Crinkled Seersucker construction meets architectural precision in this bikini top. Designed for the intelligent, independent woman. The Chalk White colorway with Stone Gray accents creates a sophisticated palette. Pure intelligent aesthetic elegance.</p>",Twessie,Bikini Top,"minimalist bikini top, high-end swimwear, Crinkled Seersucker bikini, architectural swimsuit, minimalist luxury",TRUE,Color,Chalk White,Size,M,TWESSIE_NA_BT_0405-Chalk White-M,168.0,,10
twessie-na-bt-0405,Minimalist Chalk White Textured Bikini Top,"<p>Crinkled Seersucker construction meets architectural precision in this bikini top. Designed for the intelligent, independent woman. The Chalk White colorway with Stone Gray accents creates a sophisticated palette. Pure intelligent aesthetic elegance.</p>",Twessie,Bikini Top,"minimalist bikini top, high-end swimwear, Crinkled Seersucker bikini, architectural swimsuit, minimalist luxury",TRUE,Color,Chalk White,Size,L,TWESSIE_NA_BT_0405-Chalk White-L,168.0,,10
twessie-na-bt-0405,Minimalist Chalk White Textured Bikini Top,"<p>Crinkled Seersucker construction meets architectural precision in this bikini top. Designed for the intelligent, independent woman. The Chalk White colorway with Stone Gray accents creates a sophisticated palette. Pure intelligent aesthetic elegance.</p>",Twessie,Bikini Top,"minimalist bikini top, high-end swimwear, Crinkled Seersucker bikini, architectural swimsuit, minimalist luxury",TRUE,Color,Chalk White,Size,XL,TWESSIE_NA_BT_0405-Chalk White-XL,168.0,,10
twessie-na-bt-0405,Minimalist Chalk White Textured Bikini Top,"<p>Crinkled Seersucker construction meets architectural precision in this bikini top. Designed for the intelligent, independent woman. The Chalk White colorway with Stone Gray accents creates a sophisticated palette. Pure intelligent aesthetic elegance.</p>",Twessie,Bikini Top,"minimalist bikini top, high-end swimwear, Crinkled Seersucker bikini, architectural swimsuit, minimalist luxury",TRUE,Color,Chalk White,Size,XXL,TWESSIE_NA_BT_0405-Chalk White-XXL,168.0,,10
twessie-na-bt-0405,Minimalist Chalk White Textured Bikini Top,"<p>Crinkled Seersucker construction meets architectural precision in this bikini top. Designed for the intelligent, independent woman. The Chalk White colorway with Stone Gray accents creates a sophisticated palette. Pure intelligent aesthetic elegance.</p>",Twessie,Bikini Top,"minimalist bikini top, high-end swimwear, Crinkled Seersucker bikini, architectural swimsuit, minimalist luxury",TRUE,Color,Stone Gray,Size,XS,TWESSIE_NA_BT_0405-Stone Gray-XS,168.0,,10
twessie-na-bt-0405,Minimalist Chalk White Textured Bikini Top,"<p>Crinkled Seersucker construction meets architectural precision in this bikini top. Designed for the intelligent, independent woman. The Chalk White colorway with Stone Gray accents creates a sophisticated palette. Pure intelligent aesthetic elegance.</p>",Twessie,Bikini Top,"minimalist bikini top, high-end swimwear, Crinkled Seersucker bikini, architectural swimsuit, minimalist luxury",TRUE,Color,Stone Gray,Size,S,TWESSIE_NA_BT_0405-Stone Gray-S,168.0,,10
twessie-na-bt-0405,Minimalist Chalk White Textured Bikini Top,"<p>Crinkled Seersucker construction meets architectural precision in this bikini top. Designed for the intelligent, independent woman. The Chalk White colorway with Stone Gray accents creates a sophisticated palette. Pure intelligent aesthetic elegance.</p>",Twessie,Bikini Top,"minimalist bikini top, high-end swimwear, Crinkled Seersucker bikini, architectural swimsuit, minimalist luxury",TRUE,Color,Stone Gray,Size,M,TWESSIE_NA_BT_0405-Stone Gray-M,168.0,,10
twessie-na-bt-0405,Minimalist Chalk White Textured Bikini Top,"<p>Crinkled Seersucker construction meets architectural precision in this bikini top. Designed for the intelligent, independent woman. The Chalk White colorway with Stone Gray accents creates a sophisticated palette. Pure intelligent aesthetic elegance.</p>",Twessie,Bikini Top,"minimalist bikini top, high-end swimwear, Crinkled Seersucker bikini, architectural swimsuit, minimalist luxury",TRUE,Color,Stone Gray,Size,L,TWESSIE_NA_BT_0405-Stone Gray-L,168.0,,10
twessie-na-bt-0405,Minimalist Chalk White Textured Bikini Top,"<p>Crinkled Seersucker construction meets architectural precision in this bikini top. Designed for the intelligent, independent woman. The Chalk White colorway with Stone Gray accents creates a sophisticated palette. Pure intelligent aesthetic elegance.</p>",Twessie,Bikini Top,"minimalist bikini top, high-end swimwear, Crinkled Seersucker bikini, architectural swimsuit, minimalist luxury",TRUE,Color,Stone Gray,Size,XL,TWESSIE_NA_BT_0405-Stone Gray-XL,168.0,,10
twessie-na-bt-0405,Minimalist Chalk White Textured Bikini Top,"<p>Crinkled Seersucker construction meets architectural precision in this bikini top. Designed for the intelligent, independent woman. The Chalk White colorway with Stone Gray accents creates a sophisticated palette. Pure intelligent aesthetic elegance.</p>",Twessie,Bikini Top,"minimalist bikini top, high-end swimwear, Crinkled Seersucker bikini, architectural swimsuit, minimalist luxury",TRUE,Color,Stone Gray,Size,XXL,TWESSIE_NA_BT_0405-Stone Gray-XXL,168.0,,10
twessie-eu-bb-0406,Structural Econyl Sleek Satin Bikini Bottom,"<p>Econyl Sleek Satin construction meets architectural precision in this bikini bottom. Designed for the intelligent, independent woman. The Obsidian Black colorway with Olive Drab accents creates a sophisticated palette. Pure architectural elegance elegance.</p>",Twessie,Bikini Bottom,"high-end swimwear, minimalist luxury, minimalist bikini bottom, luxury Obsidian Black swimwear, Econyl Sleek Satin bikini",TRUE,Color,Obsidian Black,Size,XS,TWESSIE_EU_BB_0406-Obsidian Black-XS,168.0,,10
twessie-eu-bb-0406,Structural Econyl Sleek Satin Bikini Bottom,"<p>Econyl Sleek Satin construction meets architectural precision in this bikini bottom. Designed for the intelligent, independent woman. The Obsidian Black colorway with Olive Drab accents creates a sophisticated palette. Pure architectural elegance elegance.</p>",Twessie,Bikini Bottom,"high-end swimwear, minimalist luxury, minimalist bikini bottom, luxury Obsidian Black swimwear, Econyl Sleek Satin bikini",TRUE,Color,Obsidian Black,Size,S,TWESSIE_EU_BB_0406-Obsidian Black-S,168.0,,10
twessie-eu-bb-0406,Structural Econyl Sleek Satin Bikini Bottom,"<p>Econyl Sleek Satin construction meets architectural precision in this bikini bottom. Designed for the intelligent, independent woman. The Obsidian Black colorway with Olive Drab accents creates a sophisticated palette. Pure architectural elegance elegance.</p>",Twessie,Bikini Bottom,"high-end swimwear, minimalist luxury, minimalist bikini bottom, luxury Obsidian Black swimwear, Econyl Sleek Satin bikini",TRUE,Color,Obsidian Black,Size,M,TWESSIE_EU_BB_0406-Obsidian Black-M,168.0,,10
twessie-eu-bb-0406,Structural Econyl Sleek Satin Bikini Bottom,"<p>Econyl Sleek Satin construction meets architectural precision in this bikini bottom. Designed for the intelligent, independent woman. The Obsidian Black colorway with Olive Drab accents creates a sophisticated palette. Pure architectural elegance elegance.</p>",Twessie,Bikini Bottom,"high-end swimwear, minimalist luxury, minimalist bikini bottom, luxury Obsidian Black swimwear, Econyl Sleek Satin bikini",TRUE,Color,Obsidian Black,Size,L,TWESSIE_EU_BB_0406-Obsidian Black-L,168.0,,10
twessie-eu-bb-0406,Structural Econyl Sleek Satin Bikini Bottom,"<p>Econyl Sleek Satin construction meets architectural precision in this bikini bottom. Designed for the intelligent, independent woman. The Obsidian Black colorway with Olive Drab accents creates a sophisticated palette. Pure architectural elegance elegance.</p>",Twessie,Bikini Bottom,"high-end swimwear, minimalist luxury, minimalist bikini bottom, luxury Obsidian Black swimwear, Econyl Sleek Satin bikini",TRUE,Color,Obsidian Black,Size,XL,TWESSIE_EU_BB_0406-Obsidian Black-XL,168.0,,10
twessie-eu-bb-0406,Structural Econyl Sleek Satin Bikini Bottom,"<p>Econyl Sleek Satin construction meets architectural precision in this bikini bottom. Designed for the intelligent, independent woman. The Obsidian Black colorway with Olive Drab accents creates a sophisticated palette. Pure architectural elegance elegance.</p>",Twessie,Bikini Bottom,"high-end swimwear, minimalist luxury, minimalist bikini bottom, luxury Obsidian Black swimwear, Econyl Sleek Satin bikini",TRUE,Color,Obsidian Black,Size,XXL,TWESSIE_EU_BB_0406-Obsidian Black-XXL,168.0,,10
twessie-eu-bb-0406,Structural Econyl Sleek Satin Bikini Bottom,"<p>Econyl Sleek Satin construction meets architectural precision in this bikini bottom. Designed for the intelligent, independent woman. The Obsidian Black colorway with Olive Drab accents creates a sophisticated palette. Pure architectural elegance elegance.</p>",Twessie,Bikini Bottom,"high-end swimwear, minimalist luxury, minimalist bikini bottom, luxury Obsidian Black swimwear, Econyl Sleek Satin bikini",TRUE,Color,Olive Drab,Size,XS,TWESSIE_EU_BB_0406-Olive Drab-XS,168.0,,10
twessie-eu-bb-0406,Structural Econyl Sleek Satin Bikini Bottom,"<p>Econyl Sleek Satin construction meets architectural precision in this bikini bottom. Designed for the intelligent, independent woman. The Obsidian Black colorway with Olive Drab accents creates a sophisticated palette. Pure architectural elegance elegance.</p>",Twessie,Bikini Bottom,"high-end swimwear, minimalist luxury, minimalist bikini bottom, luxury Obsidian Black swimwear, Econyl Sleek Satin bikini",TRUE,Color,Olive Drab,Size,S,TWESSIE_EU_BB_0406-Olive Drab-S,168.0,,10
twessie-eu-bb-0406,Structural Econyl Sleek Satin Bikini Bottom,"<p>Econyl Sleek Satin construction meets architectural precision in this bikini bottom. Designed for the intelligent, independent woman. The Obsidian Black colorway with Olive Drab accents creates a sophisticated palette. Pure architectural elegance elegance.</p>",Twessie,Bikini Bottom,"high-end swimwear, minimalist luxury, minimalist bikini bottom, luxury Obsidian Black swimwear, Econyl Sleek Satin bikini",TRUE,Color,Olive Drab,Size,M,TWESSIE_EU_BB_0406-Olive Drab-M,168.0,,10
twessie-eu-bb-0406,Structural Econyl Sleek Satin Bikini Bottom,"<p>Econyl Sleek Satin construction meets architectural precision in this bikini bottom. Designed for the intelligent, independent woman. The Obsidian Black colorway with Olive Drab accents creates a sophisticated palette. Pure architectural elegance elegance.</p>",Twessie,Bikini Bottom,"high-end swimwear, minimalist luxury, minimalist bikini bottom, luxury Obsidian Black swimwear, Econyl Sleek Satin bikini",TRUE,Color,Olive Drab,Size,L,TWESSIE_EU_BB_0406-Olive Drab-L,168.0,,10
twessie-eu-bb-0406,Structural Econyl Sleek Satin Bikini Bottom,"<p>Econyl Sleek Satin construction meets architectural precision in this bikini bottom. Designed for the intelligent, independent woman. The Obsidian Black colorway with Olive Drab accents creates a sophisticated palette. Pure architectural elegance elegance.</p>",Twessie,Bikini Bottom,"high-end swimwear, minimalist luxury, minimalist bikini bottom, luxury Obsidian Black swimwear, Econyl Sleek Satin bikini",TRUE,Color,Olive Drab,Size,XL,TWESSIE_EU_BB_0406-Olive Drab-XL,168.0,,10
twessie-eu-bb-0406,Structural Econyl Sleek Satin Bikini Bottom,"<p>Econyl Sleek Satin construction meets architectural precision in this bikini bottom. Designed for the intelligent, independent woman. The Obsidian Black colorway with Olive Drab accents creates a sophisticated palette. Pure architectural elegance elegance.</p>",Twessie,Bikini Bottom,"high-end swimwear, minimalist luxury, minimalist bikini bottom, luxury Obsidian Black swimwear, Econyl Sleek Satin bikini",TRUE,Color,Olive Drab,Size,XXL,TWESSIE_EU_BB_0406-Olive Drab-XXL,168.0,,10
twessie-sg-bt-0407,Crinkled Seersucker High-Waist Bikini Top in Stone Gray,"<p>Crinkled Seersucker construction meets architectural precision in this bikini top. Designed for the intelligent, independent woman. The Stone Gray colorway with Chalk White accents creates a sophisticated palette. Pure anti-fashion statement elegance.</p>",Twessie,Bikini Top,"Crinkled Seersucker bikini, architectural swimsuit, high-end swimwear, luxury Stone Gray swimwear, independent fashion",TRUE,Color,Stone Gray,Size,XS,TWESSIE_SG_BT_0407-Stone Gray-XS,168.0,,10
twessie-sg-bt-0407,Crinkled Seersucker High-Waist Bikini Top in Stone Gray,"<p>Crinkled Seersucker construction meets architectural precision in this bikini top. Designed for the intelligent, independent woman. The Stone Gray colorway with Chalk White accents creates a sophisticated palette. Pure anti-fashion statement elegance.</p>",Twessie,Bikini Top,"Crinkled Seersucker bikini, architectural swimsuit, high-end swimwear, luxury Stone Gray swimwear, independent fashion",TRUE,Color,Stone Gray,Size,S,TWESSIE_SG_BT_0407-Stone Gray-S,168.0,,10
twessie-sg-bt-0407,Crinkled Seersucker High-Waist Bikini Top in Stone Gray,"<p>Crinkled Seersucker construction meets architectural precision in this bikini top. Designed for the intelligent, independent woman. The Stone Gray colorway with Chalk White accents creates a sophisticated palette. Pure anti-fashion statement elegance.</p>",Twessie,Bikini Top,"Crinkled Seersucker bikini, architectural swimsuit, high-end swimwear, luxury Stone Gray swimwear, independent fashion",TRUE,Color,Stone Gray,Size,M,TWESSIE_SG_BT_0407-Stone Gray-M,168.0,,10
twessie-sg-bt-0407,Crinkled Seersucker High-Waist Bikini Top in Stone Gray,"<p>Crinkled Seersucker construction meets architectural precision in this bikini top. Designed for the intelligent, independent woman. The Stone Gray colorway with Chalk White accents creates a sophisticated palette. Pure anti-fashion statement elegance.</p>",Twessie,Bikini Top,"Crinkled Seersucker bikini, architectural swimsuit, high-end swimwear, luxury Stone Gray swimwear, independent fashion",TRUE,Color,Stone Gray,Size,L,TWESSIE_SG_BT_0407-Stone Gray-L,168.0,,10
twessie-sg-bt-0407,Crinkled Seersucker High-Waist Bikini Top in Stone Gray,"<p>Crinkled Seersucker construction meets architectural precision in this bikini top. Designed for the intelligent, independent woman. The Stone Gray colorway with Chalk White accents creates a sophisticated palette. Pure anti-fashion statement elegance.</p>",Twessie,Bikini Top,"Crinkled Seersucker bikini, architectural swimsuit, high-end swimwear, luxury Stone Gray swimwear, independent fashion",TRUE,Color,Stone Gray,Size,XL,TWESSIE_SG_BT_0407-Stone Gray-XL,168.0,,10
twessie-sg-bt-0407,Crinkled Seersucker High-Waist Bikini Top in Stone Gray,"<p>Crinkled Seersucker construction meets architectural precision in this bikini top. Designed for the intelligent, independent woman. The Stone Gray colorway with Chalk White accents creates a sophisticated palette. Pure anti-fashion statement elegance.</p>",Twessie,Bikini Top,"Crinkled Seersucker bikini, architectural swimsuit, high-end swimwear, luxury Stone Gray swimwear, independent fashion",TRUE,Color,Stone Gray,Size,XXL,TWESSIE_SG_BT_0407-Stone Gray-XXL,168.0,,10
twessie-sg-bt-0407,Crinkled Seersucker High-Waist Bikini Top in Stone Gray,"<p>Crinkled Seersucker construction meets architectural precision in this bikini top. Designed for the intelligent, independent woman. The Stone Gray colorway with Chalk White accents creates a sophisticated palette. Pure anti-fashion statement elegance.</p>",Twessie,Bikini Top,"Crinkled Seersucker bikini, architectural swimsuit, high-end swimwear, luxury Stone Gray swimwear, independent fashion",TRUE,Color,Chalk White,Size,XS,TWESSIE_SG_BT_0407-Chalk White-XS,168.0,,10
twessie-sg-bt-0407,Crinkled Seersucker High-Waist Bikini Top in Stone Gray,"<p>Crinkled Seersucker construction meets architectural precision in this bikini top. Designed for the intelligent, independent woman. The Stone Gray colorway with Chalk White accents creates a sophisticated palette. Pure anti-fashion statement elegance.</p>",Twessie,Bikini Top,"Crinkled Seersucker bikini, architectural swimsuit, high-end swimwear, luxury Stone Gray swimwear, independent fashion",TRUE,Color,Chalk White,Size,S,TWESSIE_SG_BT_0407-Chalk White-S,168.0,,10
twessie-sg-bt-0407,Crinkled Seersucker High-Waist Bikini Top in Stone Gray,"<p>Crinkled Seersucker construction meets architectural precision in this bikini top. Designed for the intelligent, independent woman. The Stone Gray colorway with Chalk White accents creates a sophisticated palette. Pure anti-fashion statement elegance.</p>",Twessie,Bikini Top,"Crinkled Seersucker bikini, architectural swimsuit, high-end swimwear, luxury Stone Gray swimwear, independent fashion",TRUE,Color,Chalk White,Size,M,TWESSIE_SG_BT_0407-Chalk White-M,168.0,,10
twessie-sg-bt-0407,Crinkled Seersucker High-Waist Bikini Top in Stone Gray,"<p>Crinkled Seersucker construction meets architectural precision in this bikini top. Designed for the intelligent, independent woman. The Stone Gray colorway with Chalk White accents creates a sophisticated palette. Pure anti-fashion statement elegance.</p>",Twessie,Bikini Top,"Crinkled Seersucker bikini, architectural swimsuit, high-end swimwear, luxury Stone Gray swimwear, independent fashion",TRUE,Color,Chalk White,Size,L,TWESSIE_SG_BT_0407-Chalk White-L,168.0,,10
twessie-sg-bt-0407,Crinkled Seersucker High-Waist Bikini Top in Stone Gray,"<p>Crinkled Seersucker construction meets architectural precision in this bikini top. Designed for the intelligent, independent woman. The Stone Gray colorway with Chalk White accents creates a sophisticated palette. Pure anti-fashion statement elegance.</p>",Twessie,Bikini Top,"Crinkled Seersucker bikini, architectural swimsuit, high-end swimwear, luxury Stone Gray swimwear, independent fashion",TRUE,Color,Chalk White,Size,XL,TWESSIE_SG_BT_0407-Chalk White-XL,168.0,,10
twessie-sg-bt-0407,Crinkled Seersucker High-Waist Bikini Top in Stone Gray,"<p>Crinkled Seersucker construction meets architectural precision in this bikini top. Designed for the intelligent, independent woman. The Stone Gray colorway with Chalk White accents creates a sophisticated palette. Pure anti-fashion statement elegance.</p>",Twessie,Bikini Top,"Crinkled Seersucker bikini, architectural swimsuit, high-end swimwear, luxury Stone Gray swimwear, independent fashion",TRUE,Color,Chalk White,Size,XXL,TWESSIE_SG_BT_0407-Chalk White-XXL,168.0,,10
twessie-au-op-0408,High-Fashion Chalk White One-Piece Suit,"<p>Crinkled Seersucker construction meets architectural precision in this one-piece. Designed for the intelligent, independent woman. The Chalk White colorway with Stone Gray accents creates a sophisticated palette. Pure architectural elegance elegance.</p>",Twessie,One-Piece,"luxury Chalk White swimwear, independent fashion, minimalist one-piece, minimalist luxury, high-end swimwear",TRUE,Color,Chalk White,Size,XS,TWESSIE_AU_OP_0408-Chalk White-XS,168.0,,10
twessie-au-op-0408,High-Fashion Chalk White One-Piece Suit,"<p>Crinkled Seersucker construction meets architectural precision in this one-piece. Designed for the intelligent, independent woman. The Chalk White colorway with Stone Gray accents creates a sophisticated palette. Pure architectural elegance elegance.</p>",Twessie,One-Piece,"luxury Chalk White swimwear, independent fashion, minimalist one-piece, minimalist luxury, high-end swimwear",TRUE,Color,Chalk White,Size,S,TWESSIE_AU_OP_0408-Chalk White-S,168.0,,10
twessie-au-op-0408,High-Fashion Chalk White One-Piece Suit,"<p>Crinkled Seersucker construction meets architectural precision in this one-piece. Designed for the intelligent, independent woman. The Chalk White colorway with Stone Gray accents creates a sophisticated palette. Pure architectural elegance elegance.</p>",Twessie,One-Piece,"luxury Chalk White swimwear, independent fashion, minimalist one-piece, minimalist luxury, high-end swimwear",TRUE,Color,Chalk White,Size,M,TWESSIE_AU_OP_0408-Chalk White-M,168.0,,10
twessie-au-op-0408,High-Fashion Chalk White One-Piece Suit,"<p>Crinkled Seersucker construction meets architectural precision in this one-piece. Designed for the intelligent, independent woman. The Chalk White colorway with Stone Gray accents creates a sophisticated palette. Pure architectural elegance elegance.</p>",Twessie,One-Piece,"luxury Chalk White swimwear, independent fashion, minimalist one-piece, minimalist luxury, high-end swimwear",TRUE,Color,Chalk White,Size,L,TWESSIE_AU_OP_0408-Chalk White-L,168.0,,10
twessie-au-op-0408,High-Fashion Chalk White One-Piece Suit,"<p>Crinkled Seersucker construction meets architectural precision in this one-piece. Designed for the intelligent, independent woman. The Chalk White colorway with Stone Gray accents creates a sophisticated palette. Pure architectural elegance elegance.</p>",Twessie,One-Piece,"luxury Chalk White swimwear, independent fashion, minimalist one-piece, minimalist luxury, high-end swimwear",TRUE,Color,Chalk White,Size,XL,TWESSIE_AU_OP_0408-Chalk White-XL,168.0,,10
twessie-au-op-0408,High-Fashion Chalk White One-Piece Suit,"<p>Crinkled Seersucker construction meets architectural precision in this one-piece. Designed for the intelligent, independent woman. The Chalk White colorway with Stone Gray accents creates a sophisticated palette. Pure architectural elegance elegance.</p>",Twessie,One-Piece,"luxury Chalk White swimwear, independent fashion, minimalist one-piece, minimalist luxury, high-end swimwear",TRUE,Color,Chalk White,Size,XXL,TWESSIE_AU_OP_0408-Chalk White-XXL,168.0,,10
twessie-au-op-0408,High-Fashion Chalk White One-Piece Suit,"<p>Crinkled Seersucker construction meets architectural precision in this one-piece. Designed for the intelligent, independent woman. The Chalk White colorway with Stone Gray accents creates a sophisticated palette. Pure architectural elegance elegance.</p>",Twessie,One-Piece,"luxury Chalk White swimwear, independent fashion, minimalist one-piece, minimalist luxury, high-end swimwear",TRUE,Color,Stone Gray,Size,XS,TWESSIE_AU_OP_0408-Stone Gray-XS,168.0,,10
twessie-au-op-0408,High-Fashion Chalk White One-Piece Suit,"<p>Crinkled Seersucker construction meets architectural precision in this one-piece. Designed for the intelligent, independent woman. The Chalk White colorway with Stone Gray accents creates a sophisticated palette. Pure architectural elegance elegance.</p>",Twessie,One-Piece,"luxury Chalk White swimwear, independent fashion, minimalist one-piece, minimalist luxury, high-end swimwear",TRUE,Color,Stone Gray,Size,S,TWESSIE_AU_OP_0408-Stone Gray-S,168.0,,10
twessie-au-op-0408,High-Fashion Chalk White One-Piece Suit,"<p>Crinkled Seersucker construction meets architectural precision in this one-piece. Designed for the intelligent, independent woman. The Chalk White colorway with Stone Gray accents creates a sophisticated palette. Pure architectural elegance elegance.</p>",Twessie,One-Piece,"luxury Chalk White swimwear, independent fashion, minimalist one-piece, minimalist luxury, high-end swimwear",TRUE,Color,Stone Gray,Size,M,TWESSIE_AU_OP_0408-Stone Gray-M,168.0,,10
twessie-au-op-0408,High-Fashion Chalk White One-Piece Suit,"<p>Crinkled Seersucker construction meets architectural precision in this one-piece. Designed for the intelligent, independent woman. The Chalk White colorway with Stone Gray accents creates a sophisticated palette. Pure architectural elegance elegance.</p>",Twessie,One-Piece,"luxury Chalk White swimwear, independent fashion, minimalist one-piece, minimalist luxury, high-end swimwear",TRUE,Color,Stone Gray,Size,L,TWESSIE_AU_OP_0408-Stone Gray-L,168.0,,10
twessie-au-op-0408,High-Fashion Chalk White One-Piece Suit,"<p>Crinkled Seersucker construction meets architectural precision in this one-piece. Designed for the intelligent, independent woman. The Chalk White colorway with Stone Gray accents creates a sophisticated palette. Pure architectural elegance elegance.</p>",Twessie,One-Piece,"luxury Chalk White swimwear, independent fashion, minimalist one-piece, minimalist luxury, high-end swimwear",TRUE,Color,Stone Gray,Size,XL,TWESSIE_AU_OP_0408-Stone Gray-XL,168.0,,10
twessie-au-op-0408,High-Fashion Chalk White One-Piece Suit,"<p>Crinkled Seersucker construction meets architectural precision in this one-piece. Designed for the intelligent, independent woman. The Chalk White colorway with Stone Gray accents creates a sophisticated palette. Pure architectural elegance elegance.</p>",Twessie,One-Piece,"luxury Chalk White swimwear, independent fashion, minimalist one-piece, minimalist luxury, high-end swimwear",TRUE,Color,Stone Gray,Size,XXL,TWESSIE_AU_OP_0408-Stone Gray-XXL,168.0,,10
twessie-au-bt-0409,Architecture-Cut Chalk White Bikini Top,"<p>Crinkled Seersucker construction meets architectural precision in this bikini top. Designed for the intelligent, independent woman. The Chalk White colorway with Stone Gray accents creates a sophisticated palette. Pure intelligent aesthetic elegance.</p>",Twessie,Bikini Top,"luxury Chalk White swimwear, architectural swimsuit, minimalist luxury, high-end swimwear, Crinkled Seersucker bikini",TRUE,Color,Chalk White,Size,XS,TWESSIE_AU_BT_0409-Chalk White-XS,168.0,,10
twessie-au-bt-0409,Architecture-Cut Chalk White Bikini Top,"<p>Crinkled Seersucker construction meets architectural precision in this bikini top. Designed for the intelligent, independent woman. The Chalk White colorway with Stone Gray accents creates a sophisticated palette. Pure intelligent aesthetic elegance.</p>",Twessie,Bikini Top,"luxury Chalk White swimwear, architectural swimsuit, minimalist luxury, high-end swimwear, Crinkled Seersucker bikini",TRUE,Color,Chalk White,Size,S,TWESSIE_AU_BT_0409-Chalk White-S,168.0,,10
twessie-au-bt-0409,Architecture-Cut Chalk White Bikini Top,"<p>Crinkled Seersucker construction meets architectural precision in this bikini top. Designed for the intelligent, independent woman. The Chalk White colorway with Stone Gray accents creates a sophisticated palette. Pure intelligent aesthetic elegance.</p>",Twessie,Bikini Top,"luxury Chalk White swimwear, architectural swimsuit, minimalist luxury, high-end swimwear, Crinkled Seersucker bikini",TRUE,Color,Chalk White,Size,M,TWESSIE_AU_BT_0409-Chalk White-M,168.0,,10
twessie-au-bt-0409,Architecture-Cut Chalk White Bikini Top,"<p>Crinkled Seersucker construction meets architectural precision in this bikini top. Designed for the intelligent, independent woman. The Chalk White colorway with Stone Gray accents creates a sophisticated palette. Pure intelligent aesthetic elegance.</p>",Twessie,Bikini Top,"luxury Chalk White swimwear, architectural swimsuit, minimalist luxury, high-end swimwear, Crinkled Seersucker bikini",TRUE,Color,Chalk White,Size,L,TWESSIE_AU_BT_0409-Chalk White-L,168.0,,10
twessie-au-bt-0409,Architecture-Cut Chalk White Bikini Top,"<p>Crinkled Seersucker construction meets architectural precision in this bikini top. Designed for the intelligent, independent woman. The Chalk White colorway with Stone Gray accents creates a sophisticated palette. Pure intelligent aesthetic elegance.</p>",Twessie,Bikini Top,"luxury Chalk White swimwear, architectural swimsuit, minimalist luxury, high-end swimwear, Crinkled Seersucker bikini",TRUE,Color,Chalk White,Size,XL,TWESSIE_AU_BT_0409-Chalk White-XL,168.0,,10
twessie-au-bt-0409,Architecture-Cut Chalk White Bikini Top,"<p>Crinkled Seersucker construction meets architectural precision in this bikini top. Designed for the intelligent, independent woman. The Chalk White colorway with Stone Gray accents creates a sophisticated palette. Pure intelligent aesthetic elegance.</p>",Twessie,Bikini Top,"luxury Chalk White swimwear, architectural swimsuit, minimalist luxury, high-end swimwear, Crinkled Seersucker bikini",TRUE,Color,Chalk White,Size,XXL,TWESSIE_AU_BT_0409-Chalk White-XXL,168.0,,10
twessie-au-bt-0409,Architecture-Cut Chalk White Bikini Top,"<p>Crinkled Seersucker construction meets architectural precision in this bikini top. Designed for the intelligent, independent woman. The Chalk White colorway with Stone Gray accents creates a sophisticated palette. Pure intelligent aesthetic elegance.</p>",Twessie,Bikini Top,"luxury Chalk White swimwear, architectural swimsuit, minimalist luxury, high-end swimwear, Crinkled Seersucker bikini",TRUE,Color,Stone Gray,Size,XS,TWESSIE_AU_BT_0409-Stone Gray-XS,168.0,,10
twessie-au-bt-0409,Architecture-Cut Chalk White Bikini Top,"<p>Crinkled Seersucker construction meets architectural precision in this bikini top. Designed for the intelligent, independent woman. The Chalk White colorway with Stone Gray accents creates a sophisticated palette. Pure intelligent aesthetic elegance.</p>",Twessie,Bikini Top,"luxury Chalk White swimwear, architectural swimsuit, minimalist luxury, high-end swimwear, Crinkled Seersucker bikini",TRUE,Color,Stone Gray,Size,S,TWESSIE_AU_BT_0409-Stone Gray-S,168.0,,10
twessie-au-bt-0409,Architecture-Cut Chalk White Bikini Top,"<p>Crinkled Seersucker construction meets architectural precision in this bikini top. Designed for the intelligent, independent woman. The Chalk White colorway with Stone Gray accents creates a sophisticated palette. Pure intelligent aesthetic elegance.</p>",Twessie,Bikini Top,"luxury Chalk White swimwear, architectural swimsuit, minimalist luxury, high-end swimwear, Crinkled Seersucker bikini",TRUE,Color,Stone Gray,Size,M,TWESSIE_AU_BT_0409-Stone Gray-M,168.0,,10
twessie-au-bt-0409,Architecture-Cut Chalk White Bikini Top,"<p>Crinkled Seersucker construction meets architectural precision in this bikini top. Designed for the intelligent, independent woman. The Chalk White colorway with Stone Gray accents creates a sophisticated palette. Pure intelligent aesthetic elegance.</p>",Twessie,Bikini Top,"luxury Chalk White swimwear, architectural swimsuit, minimalist luxury, high-end swimwear, Crinkled Seersucker bikini",TRUE,Color,Stone Gray,Size,L,TWESSIE_AU_BT_0409-Stone Gray-L,168.0,,10
twessie-au-bt-0409,Architecture-Cut Chalk White Bikini Top,"<p>Crinkled Seersucker construction meets architectural precision in this bikini top. Designed for the intelligent, independent woman. The Chalk White colorway with Stone Gray accents creates a sophisticated palette. Pure intelligent aesthetic elegance.</p>",Twessie,Bikini Top,"luxury Chalk White swimwear, architectural swimsuit, minimalist luxury, high-end swimwear, Crinkled Seersucker bikini",TRUE,Color,Stone Gray,Size,XL,TWESSIE_AU_BT_0409-Stone Gray-XL,168.0,,10
twessie-au-bt-0409,Architecture-Cut Chalk White Bikini Top,"<p>Crinkled Seersucker construction meets architectural precision in this bikini top. Designed for the intelligent, independent woman. The Chalk White colorway with Stone Gray accents creates a sophisticated palette. Pure intelligent aesthetic elegance.</p>",Twessie,Bikini Top,"luxury Chalk White swimwear, architectural swimsuit, minimalist luxury, high-end swimwear, Crinkled Seersucker bikini",TRUE,Color,Stone Gray,Size,XXL,TWESSIE_AU_BT_0409-Stone Gray-XXL,168.0,,10
twessie-au-bb-0410,Obsidian Black Minimalist Econyl Sleek Satin Bikini Bottom,"<p>Econyl Sleek Satin construction meets architectural precision in this bikini bottom. Designed for the intelligent, independent woman. The Obsidian Black colorway with Stone Gray accents creates a sophisticated palette. Pure rebellious yet refined elegance.</p>",Twessie,Bikini Bottom,"luxury Obsidian Black swimwear, high-end swimwear, independent fashion, minimalist bikini bottom, Econyl Sleek Satin bikini",TRUE,Color,Obsidian Black,Size,XS,TWESSIE_AU_BB_0410-Obsidian Black-XS,168.0,,10
twessie-au-bb-0410,Obsidian Black Minimalist Econyl Sleek Satin Bikini Bottom,"<p>Econyl Sleek Satin construction meets architectural precision in this bikini bottom. Designed for the intelligent, independent woman. The Obsidian Black colorway with Stone Gray accents creates a sophisticated palette. Pure rebellious yet refined elegance.</p>",Twessie,Bikini Bottom,"luxury Obsidian Black swimwear, high-end swimwear, independent fashion, minimalist bikini bottom, Econyl Sleek Satin bikini",TRUE,Color,Obsidian Black,Size,S,TWESSIE_AU_BB_0410-Obsidian Black-S,168.0,,10
twessie-au-bb-0410,Obsidian Black Minimalist Econyl Sleek Satin Bikini Bottom,"<p>Econyl Sleek Satin construction meets architectural precision in this bikini bottom. Designed for the intelligent, independent woman. The Obsidian Black colorway with Stone Gray accents creates a sophisticated palette. Pure rebellious yet refined elegance.</p>",Twessie,Bikini Bottom,"luxury Obsidian Black swimwear, high-end swimwear, independent fashion, minimalist bikini bottom, Econyl Sleek Satin bikini",TRUE,Color,Obsidian Black,Size,M,TWESSIE_AU_BB_0410-Obsidian Black-M,168.0,,10
twessie-au-bb-0410,Obsidian Black Minimalist Econyl Sleek Satin Bikini Bottom,"<p>Econyl Sleek Satin construction meets architectural precision in this bikini bottom. Designed for the intelligent, independent woman. The Obsidian Black colorway with Stone Gray accents creates a sophisticated palette. Pure rebellious yet refined elegance.</p>",Twessie,Bikini Bottom,"luxury Obsidian Black swimwear, high-end swimwear, independent fashion, minimalist bikini bottom, Econyl Sleek Satin bikini",TRUE,Color,Obsidian Black,Size,L,TWESSIE_AU_BB_0410-Obsidian Black-L,168.0,,10
twessie-au-bb-0410,Obsidian Black Minimalist Econyl Sleek Satin Bikini Bottom,"<p>Econyl Sleek Satin construction meets architectural precision in this bikini bottom. Designed for the intelligent, independent woman. The Obsidian Black colorway with Stone Gray accents creates a sophisticated palette. Pure rebellious yet refined elegance.</p>",Twessie,Bikini Bottom,"luxury Obsidian Black swimwear, high-end swimwear, independent fashion, minimalist bikini bottom, Econyl Sleek Satin bikini",TRUE,Color,Obsidian Black,Size,XL,TWESSIE_AU_BB_0410-Obsidian Black-XL,168.0,,10
twessie-au-bb-0410,Obsidian Black Minimalist Econyl Sleek Satin Bikini Bottom,"<p>Econyl Sleek Satin construction meets architectural precision in this bikini bottom. Designed for the intelligent, independent woman. The Obsidian Black colorway with Stone Gray accents creates a sophisticated palette. Pure rebellious yet refined elegance.</p>",Twessie,Bikini Bottom,"luxury Obsidian Black swimwear, high-end swimwear, independent fashion, minimalist bikini bottom, Econyl Sleek Satin bikini",TRUE,Color,Obsidian Black,Size,XXL,TWESSIE_AU_BB_0410-Obsidian Black-XXL,168.0,,10
twessie-au-bb-0410,Obsidian Black Minimalist Econyl Sleek Satin Bikini Bottom,"<p>Econyl Sleek Satin construction meets architectural precision in this bikini bottom. Designed for the intelligent, independent woman. The Obsidian Black colorway with Stone Gray accents creates a sophisticated palette. Pure rebellious yet refined elegance.</p>",Twessie,Bikini Bottom,"luxury Obsidian Black swimwear, high-end swimwear, independent fashion, minimalist bikini bottom, Econyl Sleek Satin bikini",TRUE,Color,Stone Gray,Size,XS,TWESSIE_AU_BB_0410-Stone Gray-XS,168.0,,10
twessie-au-bb-0410,Obsidian Black Minimalist Econyl Sleek Satin Bikini Bottom,"<p>Econyl Sleek Satin construction meets architectural precision in this bikini bottom. Designed for the intelligent, independent woman. The Obsidian Black colorway with Stone Gray accents creates a sophisticated palette. Pure rebellious yet refined elegance.</p>",Twessie,Bikini Bottom,"luxury Obsidian Black swimwear, high-end swimwear, independent fashion, minimalist bikini bottom, Econyl Sleek Satin bikini",TRUE,Color,Stone Gray,Size,S,TWESSIE_AU_BB_0410-Stone Gray-S,168.0,,10
twessie-au-bb-0410,Obsidian Black Minimalist Econyl Sleek Satin Bikini Bottom,"<p>Econyl Sleek Satin construction meets architectural precision in this bikini bottom. Designed for the intelligent, independent woman. The Obsidian Black colorway with Stone Gray accents creates a sophisticated palette. Pure rebellious yet refined elegance.</p>",Twessie,Bikini Bottom,"luxury Obsidian Black swimwear, high-end swimwear, independent fashion, minimalist bikini bottom, Econyl Sleek Satin bikini",TRUE,Color,Stone Gray,Size,M,TWESSIE_AU_BB_0410-Stone Gray-M,168.0,,10
twessie-au-bb-0410,Obsidian Black Minimalist Econyl Sleek Satin Bikini Bottom,"<p>Econyl Sleek Satin construction meets architectural precision in this bikini bottom. Designed for the intelligent, independent woman. The Obsidian Black colorway with Stone Gray accents creates a sophisticated palette. Pure rebellious yet refined elegance.</p>",Twessie,Bikini Bottom,"luxury Obsidian Black swimwear, high-end swimwear, independent fashion, minimalist bikini bottom, Econyl Sleek Satin bikini",TRUE,Color,Stone Gray,Size,L,TWESSIE_AU_BB_0410-Stone Gray-L,168.0,,10
twessie-au-bb-0410,Obsidian Black Minimalist Econyl Sleek Satin Bikini Bottom,"<p>Econyl Sleek Satin construction meets architectural precision in this bikini bottom. Designed for the intelligent, independent woman. The Obsidian Black colorway with Stone Gray accents creates a sophisticated palette. Pure rebellious yet refined elegance.</p>",Twessie,Bikini Bottom,"luxury Obsidian Black swimwear, high-end swimwear, independent fashion, minimalist bikini bottom, Econyl Sleek Satin bikini",TRUE,Color,Stone Gray,Size,XL,TWESSIE_AU_BB_0410-Stone Gray-XL,168.0,,10
twessie-au-bb-0410,Obsidian Black Minimalist Econyl Sleek Satin Bikini Bottom,"<p>Econyl Sleek Satin construction meets architectural precision in this bikini bottom. Designed for the intelligent, independent woman. The Obsidian Black colorway with Stone Gray accents creates a sophisticated palette. Pure rebellious yet refined elegance.</p>",Twessie,Bikini Bottom,"luxury Obsidian Black swimwear, high-end swimwear, independent fashion, minimalist bikini bottom, Econyl Sleek Satin bikini",TRUE,Color,Stone Gray,Size,XXL,TWESSIE_AU_BB_0410-Stone Gray-XXL,168.0,,10
twessie-eu-bb-0501,Stone Gray Minimalist Crinkled Seersucker Bikini Bottom,<p>A statement piece in Crinkled Seersucker. This bikini bottom combines architectural elegance design with impeccable craftsmanship. Available in Stone Gray with Chalk White detailing. Not loud. Not obvious. Unmistakably Twessie.</p>,Twessie,Bikini Bottom,"luxury Stone Gray swimwear, Crinkled Seersucker bikini, high-end swimwear, minimalist luxury, independent fashion",TRUE,Color,Stone Gray,Size,XS,TWESSIE_EU_BB_0501-Stone Gray-XS,168.0,,10
twessie-eu-bb-0501,Stone Gray Minimalist Crinkled Seersucker Bikini Bottom,<p>A statement piece in Crinkled Seersucker. This bikini bottom combines architectural elegance design with impeccable craftsmanship. Available in Stone Gray with Chalk White detailing. Not loud. Not obvious. Unmistakably Twessie.</p>,Twessie,Bikini Bottom,"luxury Stone Gray swimwear, Crinkled Seersucker bikini, high-end swimwear, minimalist luxury, independent fashion",TRUE,Color,Stone Gray,Size,S,TWESSIE_EU_BB_0501-Stone Gray-S,168.0,,10
twessie-eu-bb-0501,Stone Gray Minimalist Crinkled Seersucker Bikini Bottom,<p>A statement piece in Crinkled Seersucker. This bikini bottom combines architectural elegance design with impeccable craftsmanship. Available in Stone Gray with Chalk White detailing. Not loud. Not obvious. Unmistakably Twessie.</p>,Twessie,Bikini Bottom,"luxury Stone Gray swimwear, Crinkled Seersucker bikini, high-end swimwear, minimalist luxury, independent fashion",TRUE,Color,Stone Gray,Size,M,TWESSIE_EU_BB_0501-Stone Gray-M,168.0,,10
twessie-eu-bb-0501,Stone Gray Minimalist Crinkled Seersucker Bikini Bottom,<p>A statement piece in Crinkled Seersucker. This bikini bottom combines architectural elegance design with impeccable craftsmanship. Available in Stone Gray with Chalk White detailing. Not loud. Not obvious. Unmistakably Twessie.</p>,Twessie,Bikini Bottom,"luxury Stone Gray swimwear, Crinkled Seersucker bikini, high-end swimwear, minimalist luxury, independent fashion",TRUE,Color,Stone Gray,Size,L,TWESSIE_EU_BB_0501-Stone Gray-L,168.0,,10
twessie-eu-bb-0501,Stone Gray Minimalist Crinkled Seersucker Bikini Bottom,<p>A statement piece in Crinkled Seersucker. This bikini bottom combines architectural elegance design with impeccable craftsmanship. Available in Stone Gray with Chalk White detailing. Not loud. Not obvious. Unmistakably Twessie.</p>,Twessie,Bikini Bottom,"luxury Stone Gray swimwear, Crinkled Seersucker bikini, high-end swimwear, minimalist luxury, independent fashion",TRUE,Color,Stone Gray,Size,XL,TWESSIE_EU_BB_0501-Stone Gray-XL,168.0,,10
twessie-eu-bb-0501,Stone Gray Minimalist Crinkled Seersucker Bikini Bottom,<p>A statement piece in Crinkled Seersucker. This bikini bottom combines architectural elegance design with impeccable craftsmanship. Available in Stone Gray with Chalk White detailing. Not loud. Not obvious. Unmistakably Twessie.</p>,Twessie,Bikini Bottom,"luxury Stone Gray swimwear, Crinkled Seersucker bikini, high-end swimwear, minimalist luxury, independent fashion",TRUE,Color,Stone Gray,Size,XXL,TWESSIE_EU_BB_0501-Stone Gray-XXL,168.0,,10
twessie-eu-bb-0501,Stone Gray Minimalist Crinkled Seersucker Bikini Bottom,<p>A statement piece in Crinkled Seersucker. This bikini bottom combines architectural elegance design with impeccable craftsmanship. Available in Stone Gray with Chalk White detailing. Not loud. Not obvious. Unmistakably Twessie.</p>,Twessie,Bikini Bottom,"luxury Stone Gray swimwear, Crinkled Seersucker bikini, high-end swimwear, minimalist luxury, independent fashion",TRUE,Color,Chalk White,Size,XS,TWESSIE_EU_BB_0501-Chalk White-XS,168.0,,10
twessie-eu-bb-0501,Stone Gray Minimalist Crinkled Seersucker Bikini Bottom,<p>A statement piece in Crinkled Seersucker. This bikini bottom combines architectural elegance design with impeccable craftsmanship. Available in Stone Gray with Chalk White detailing. Not loud. Not obvious. Unmistakably Twessie.</p>,Twessie,Bikini Bottom,"luxury Stone Gray swimwear, Crinkled Seersucker bikini, high-end swimwear, minimalist luxury, independent fashion",TRUE,Color,Chalk White,Size,S,TWESSIE_EU_BB_0501-Chalk White-S,168.0,,10
twessie-eu-bb-0501,Stone Gray Minimalist Crinkled Seersucker Bikini Bottom,<p>A statement piece in Crinkled Seersucker. This bikini bottom combines architectural elegance design with impeccable craftsmanship. Available in Stone Gray with Chalk White detailing. Not loud. Not obvious. Unmistakably Twessie.</p>,Twessie,Bikini Bottom,"luxury Stone Gray swimwear, Crinkled Seersucker bikini, high-end swimwear, minimalist luxury, independent fashion",TRUE,Color,Chalk White,Size,M,TWESSIE_EU_BB_0501-Chalk White-M,168.0,,10
twessie-eu-bb-0501,Stone Gray Minimalist Crinkled Seersucker Bikini Bottom,<p>A statement piece in Crinkled Seersucker. This bikini bottom combines architectural elegance design with impeccable craftsmanship. Available in Stone Gray with Chalk White detailing. Not loud. Not obvious. Unmistakably Twessie.</p>,Twessie,Bikini Bottom,"luxury Stone Gray swimwear, Crinkled Seersucker bikini, high-end swimwear, minimalist luxury, independent fashion",TRUE,Color,Chalk White,Size,L,TWESSIE_EU_BB_0501-Chalk White-L,168.0,,10
twessie-eu-bb-0501,Stone Gray Minimalist Crinkled Seersucker Bikini Bottom,<p>A statement piece in Crinkled Seersucker. This bikini bottom combines architectural elegance design with impeccable craftsmanship. Available in Stone Gray with Chalk White detailing. Not loud. Not obvious. Unmistakably Twessie.</p>,Twessie,Bikini Bottom,"luxury Stone Gray swimwear, Crinkled Seersucker bikini, high-end swimwear, minimalist luxury, independent fashion",TRUE,Color,Chalk White,Size,XL,TWESSIE_EU_BB_0501-Chalk White-XL,168.0,,10
twessie-eu-bb-0501,Stone Gray Minimalist Crinkled Seersucker Bikini Bottom,<p>A statement piece in Crinkled Seersucker. This bikini bottom combines architectural elegance design with impeccable craftsmanship. Available in Stone Gray with Chalk White detailing. Not loud. Not obvious. Unmistakably Twessie.</p>,Twessie,Bikini Bottom,"luxury Stone Gray swimwear, Crinkled Seersucker bikini, high-end swimwear, minimalist luxury, independent fashion",TRUE,Color,Chalk White,Size,XXL,TWESSIE_EU_BB_0501-Chalk White-XXL,168.0,,10
twessie-na-bb-0502,High-Cut Stone Gray Bikini Brief,<p>Crafted in premium Crinkled Seersucker with Matte Ribbed Knit accents. This bikini bottom epitomizes architectural elegance luxury. Featuring color-blocking in Stone Gray and Chalk White. Perfect for the discerning swimmer who refuses the obvious.</p>,Twessie,Bikini Bottom,"architectural swimsuit, minimalist bikini bottom, independent fashion, high-end swimwear, minimalist luxury",TRUE,Color,Stone Gray,Size,XS,TWESSIE_NA_BB_0502-Stone Gray-XS,168.0,,10
twessie-na-bb-0502,High-Cut Stone Gray Bikini Brief,<p>Crafted in premium Crinkled Seersucker with Matte Ribbed Knit accents. This bikini bottom epitomizes architectural elegance luxury. Featuring color-blocking in Stone Gray and Chalk White. Perfect for the discerning swimmer who refuses the obvious.</p>,Twessie,Bikini Bottom,"architectural swimsuit, minimalist bikini bottom, independent fashion, high-end swimwear, minimalist luxury",TRUE,Color,Stone Gray,Size,S,TWESSIE_NA_BB_0502-Stone Gray-S,168.0,,10
twessie-na-bb-0502,High-Cut Stone Gray Bikini Brief,<p>Crafted in premium Crinkled Seersucker with Matte Ribbed Knit accents. This bikini bottom epitomizes architectural elegance luxury. Featuring color-blocking in Stone Gray and Chalk White. Perfect for the discerning swimmer who refuses the obvious.</p>,Twessie,Bikini Bottom,"architectural swimsuit, minimalist bikini bottom, independent fashion, high-end swimwear, minimalist luxury",TRUE,Color,Stone Gray,Size,M,TWESSIE_NA_BB_0502-Stone Gray-M,168.0,,10
twessie-na-bb-0502,High-Cut Stone Gray Bikini Brief,<p>Crafted in premium Crinkled Seersucker with Matte Ribbed Knit accents. This bikini bottom epitomizes architectural elegance luxury. Featuring color-blocking in Stone Gray and Chalk White. Perfect for the discerning swimmer who refuses the obvious.</p>,Twessie,Bikini Bottom,"architectural swimsuit, minimalist bikini bottom, independent fashion, high-end swimwear, minimalist luxury",TRUE,Color,Stone Gray,Size,L,TWESSIE_NA_BB_0502-Stone Gray-L,168.0,,10
twessie-na-bb-0502,High-Cut Stone Gray Bikini Brief,<p>Crafted in premium Crinkled Seersucker with Matte Ribbed Knit accents. This bikini bottom epitomizes architectural elegance luxury. Featuring color-blocking in Stone Gray and Chalk White. Perfect for the discerning swimmer who refuses the obvious.</p>,Twessie,Bikini Bottom,"architectural swimsuit, minimalist bikini bottom, independent fashion, high-end swimwear, minimalist luxury",TRUE,Color,Stone Gray,Size,XL,TWESSIE_NA_BB_0502-Stone Gray-XL,168.0,,10
twessie-na-bb-0502,High-Cut Stone Gray Bikini Brief,<p>Crafted in premium Crinkled Seersucker with Matte Ribbed Knit accents. This bikini bottom epitomizes architectural elegance luxury. Featuring color-blocking in Stone Gray and Chalk White. Perfect for the discerning swimmer who refuses the obvious.</p>,Twessie,Bikini Bottom,"architectural swimsuit, minimalist bikini bottom, independent fashion, high-end swimwear, minimalist luxury",TRUE,Color,Stone Gray,Size,XXL,TWESSIE_NA_BB_0502-Stone Gray-XXL,168.0,,10
twessie-na-bb-0502,High-Cut Stone Gray Bikini Brief,<p>Crafted in premium Crinkled Seersucker with Matte Ribbed Knit accents. This bikini bottom epitomizes architectural elegance luxury. Featuring color-blocking in Stone Gray and Chalk White. Perfect for the discerning swimmer who refuses the obvious.</p>,Twessie,Bikini Bottom,"architectural swimsuit, minimalist bikini bottom, independent fashion, high-end swimwear, minimalist luxury",TRUE,Color,Chalk White,Size,XS,TWESSIE_NA_BB_0502-Chalk White-XS,168.0,,10
twessie-na-bb-0502,High-Cut Stone Gray Bikini Brief,<p>Crafted in premium Crinkled Seersucker with Matte Ribbed Knit accents. This bikini bottom epitomizes architectural elegance luxury. Featuring color-blocking in Stone Gray and Chalk White. Perfect for the discerning swimmer who refuses the obvious.</p>,Twessie,Bikini Bottom,"architectural swimsuit, minimalist bikini bottom, independent fashion, high-end swimwear, minimalist luxury",TRUE,Color,Chalk White,Size,S,TWESSIE_NA_BB_0502-Chalk White-S,168.0,,10
twessie-na-bb-0502,High-Cut Stone Gray Bikini Brief,<p>Crafted in premium Crinkled Seersucker with Matte Ribbed Knit accents. This bikini bottom epitomizes architectural elegance luxury. Featuring color-blocking in Stone Gray and Chalk White. Perfect for the discerning swimmer who refuses the obvious.</p>,Twessie,Bikini Bottom,"architectural swimsuit, minimalist bikini bottom, independent fashion, high-end swimwear, minimalist luxury",TRUE,Color,Chalk White,Size,M,TWESSIE_NA_BB_0502-Chalk White-M,168.0,,10
twessie-na-bb-0502,High-Cut Stone Gray Bikini Brief,<p>Crafted in premium Crinkled Seersucker with Matte Ribbed Knit accents. This bikini bottom epitomizes architectural elegance luxury. Featuring color-blocking in Stone Gray and Chalk White. Perfect for the discerning swimmer who refuses the obvious.</p>,Twessie,Bikini Bottom,"architectural swimsuit, minimalist bikini bottom, independent fashion, high-end swimwear, minimalist luxury",TRUE,Color,Chalk White,Size,L,TWESSIE_NA_BB_0502-Chalk White-L,168.0,,10
twessie-na-bb-0502,High-Cut Stone Gray Bikini Brief,<p>Crafted in premium Crinkled Seersucker with Matte Ribbed Knit accents. This bikini bottom epitomizes architectural elegance luxury. Featuring color-blocking in Stone Gray and Chalk White. Perfect for the discerning swimmer who refuses the obvious.</p>,Twessie,Bikini Bottom,"architectural swimsuit, minimalist bikini bottom, independent fashion, high-end swimwear, minimalist luxury",TRUE,Color,Chalk White,Size,XL,TWESSIE_NA_BB_0502-Chalk White-XL,168.0,,10
twessie-na-bb-0502,High-Cut Stone Gray Bikini Brief,<p>Crafted in premium Crinkled Seersucker with Matte Ribbed Knit accents. This bikini bottom epitomizes architectural elegance luxury. Featuring color-blocking in Stone Gray and Chalk White. Perfect for the discerning swimmer who refuses the obvious.</p>,Twessie,Bikini Bottom,"architectural swimsuit, minimalist bikini bottom, independent fashion, high-end swimwear, minimalist luxury",TRUE,Color,Chalk White,Size,XXL,TWESSIE_NA_BB_0502-Chalk White-XXL,168.0,,10
twessie-na-ha-0503,Architectural Halter Strap System - Obsidian Black,"<p>Econyl Sleek Satin construction meets architectural precision in this halter strap accessory. Designed for the intelligent, independent woman. The Obsidian Black colorway with Chalk White accents creates a sophisticated palette. Pure architectural elegance elegance.</p>",Twessie,Halter Strap Accessory,"high-end swimwear, luxury Obsidian Black swimwear, architectural swimsuit, independent fashion, minimalist luxury",TRUE,Color,Obsidian Black,Size,XS,TWESSIE_NA_HA_0503-Obsidian Black-XS,168.0,,10
twessie-na-ha-0503,Architectural Halter Strap System - Obsidian Black,"<p>Econyl Sleek Satin construction meets architectural precision in this halter strap accessory. Designed for the intelligent, independent woman. The Obsidian Black colorway with Chalk White accents creates a sophisticated palette. Pure architectural elegance elegance.</p>",Twessie,Halter Strap Accessory,"high-end swimwear, luxury Obsidian Black swimwear, architectural swimsuit, independent fashion, minimalist luxury",TRUE,Color,Obsidian Black,Size,S,TWESSIE_NA_HA_0503-Obsidian Black-S,168.0,,10
twessie-na-ha-0503,Architectural Halter Strap System - Obsidian Black,"<p>Econyl Sleek Satin construction meets architectural precision in this halter strap accessory. Designed for the intelligent, independent woman. The Obsidian Black colorway with Chalk White accents creates a sophisticated palette. Pure architectural elegance elegance.</p>",Twessie,Halter Strap Accessory,"high-end swimwear, luxury Obsidian Black swimwear, architectural swimsuit, independent fashion, minimalist luxury",TRUE,Color,Obsidian Black,Size,M,TWESSIE_NA_HA_0503-Obsidian Black-M,168.0,,10
twessie-na-ha-0503,Architectural Halter Strap System - Obsidian Black,"<p>Econyl Sleek Satin construction meets architectural precision in this halter strap accessory. Designed for the intelligent, independent woman. The Obsidian Black colorway with Chalk White accents creates a sophisticated palette. Pure architectural elegance elegance.</p>",Twessie,Halter Strap Accessory,"high-end swimwear, luxury Obsidian Black swimwear, architectural swimsuit, independent fashion, minimalist luxury",TRUE,Color,Obsidian Black,Size,L,TWESSIE_NA_HA_0503-Obsidian Black-L,168.0,,10
twessie-na-ha-0503,Architectural Halter Strap System - Obsidian Black,"<p>Econyl Sleek Satin construction meets architectural precision in this halter strap accessory. Designed for the intelligent, independent woman. The Obsidian Black colorway with Chalk White accents creates a sophisticated palette. Pure architectural elegance elegance.</p>",Twessie,Halter Strap Accessory,"high-end swimwear, luxury Obsidian Black swimwear, architectural swimsuit, independent fashion, minimalist luxury",TRUE,Color,Obsidian Black,Size,XL,TWESSIE_NA_HA_0503-Obsidian Black-XL,168.0,,10
twessie-na-ha-0503,Architectural Halter Strap System - Obsidian Black,"<p>Econyl Sleek Satin construction meets architectural precision in this halter strap accessory. Designed for the intelligent, independent woman. The Obsidian Black colorway with Chalk White accents creates a sophisticated palette. Pure architectural elegance elegance.</p>",Twessie,Halter Strap Accessory,"high-end swimwear, luxury Obsidian Black swimwear, architectural swimsuit, independent fashion, minimalist luxury",TRUE,Color,Obsidian Black,Size,XXL,TWESSIE_NA_HA_0503-Obsidian Black-XXL,168.0,,10
twessie-na-ha-0503,Architectural Halter Strap System - Obsidian Black,"<p>Econyl Sleek Satin construction meets architectural precision in this halter strap accessory. Designed for the intelligent, independent woman. The Obsidian Black colorway with Chalk White accents creates a sophisticated palette. Pure architectural elegance elegance.</p>",Twessie,Halter Strap Accessory,"high-end swimwear, luxury Obsidian Black swimwear, architectural swimsuit, independent fashion, minimalist luxury",TRUE,Color,Chalk White,Size,XS,TWESSIE_NA_HA_0503-Chalk White-XS,168.0,,10
twessie-na-ha-0503,Architectural Halter Strap System - Obsidian Black,"<p>Econyl Sleek Satin construction meets architectural precision in this halter strap accessory. Designed for the intelligent, independent woman. The Obsidian Black colorway with Chalk White accents creates a sophisticated palette. Pure architectural elegance elegance.</p>",Twessie,Halter Strap Accessory,"high-end swimwear, luxury Obsidian Black swimwear, architectural swimsuit, independent fashion, minimalist luxury",TRUE,Color,Chalk White,Size,S,TWESSIE_NA_HA_0503-Chalk White-S,168.0,,10
twessie-na-ha-0503,Architectural Halter Strap System - Obsidian Black,"<p>Econyl Sleek Satin construction meets architectural precision in this halter strap accessory. Designed for the intelligent, independent woman. The Obsidian Black colorway with Chalk White accents creates a sophisticated palette. Pure architectural elegance elegance.</p>",Twessie,Halter Strap Accessory,"high-end swimwear, luxury Obsidian Black swimwear, architectural swimsuit, independent fashion, minimalist luxury",TRUE,Color,Chalk White,Size,M,TWESSIE_NA_HA_0503-Chalk White-M,168.0,,10
twessie-na-ha-0503,Architectural Halter Strap System - Obsidian Black,"<p>Econyl Sleek Satin construction meets architectural precision in this halter strap accessory. Designed for the intelligent, independent woman. The Obsidian Black colorway with Chalk White accents creates a sophisticated palette. Pure architectural elegance elegance.</p>",Twessie,Halter Strap Accessory,"high-end swimwear, luxury Obsidian Black swimwear, architectural swimsuit, independent fashion, minimalist luxury",TRUE,Color,Chalk White,Size,L,TWESSIE_NA_HA_0503-Chalk White-L,168.0,,10
twessie-na-ha-0503,Architectural Halter Strap System - Obsidian Black,"<p>Econyl Sleek Satin construction meets architectural precision in this halter strap accessory. Designed for the intelligent, independent woman. The Obsidian Black colorway with Chalk White accents creates a sophisticated palette. Pure architectural elegance elegance.</p>",Twessie,Halter Strap Accessory,"high-end swimwear, luxury Obsidian Black swimwear, architectural swimsuit, independent fashion, minimalist luxury",TRUE,Color,Chalk White,Size,XL,TWESSIE_NA_HA_0503-Chalk White-XL,168.0,,10
twessie-na-ha-0503,Architectural Halter Strap System - Obsidian Black,"<p>Econyl Sleek Satin construction meets architectural precision in this halter strap accessory. Designed for the intelligent, independent woman. The Obsidian Black colorway with Chalk White accents creates a sophisticated palette. Pure architectural elegance elegance.</p>",Twessie,Halter Strap Accessory,"high-end swimwear, luxury Obsidian Black swimwear, architectural swimsuit, independent fashion, minimalist luxury",TRUE,Color,Chalk White,Size,XXL,TWESSIE_NA_HA_0503-Chalk White-XXL,168.0,,10
twessie-au-op-0504,Olive Drab Architectural One-Piece Swimsuit,<p>A statement piece in Matte Ribbed Knit. This one-piece combines intelligent aesthetic design with impeccable craftsmanship. Available in Olive Drab with Burnt Terracotta detailing. Not loud. Not obvious. Unmistakably Twessie.</p>,Twessie,One-Piece,"independent fashion, high-end swimwear, minimalist luxury, minimalist one-piece, architectural swimsuit",TRUE,Color,Olive Drab,Size,XS,TWESSIE_AU_OP_0504-Olive Drab-XS,168.0,,10
twessie-au-op-0504,Olive Drab Architectural One-Piece Swimsuit,<p>A statement piece in Matte Ribbed Knit. This one-piece combines intelligent aesthetic design with impeccable craftsmanship. Available in Olive Drab with Burnt Terracotta detailing. Not loud. Not obvious. Unmistakably Twessie.</p>,Twessie,One-Piece,"independent fashion, high-end swimwear, minimalist luxury, minimalist one-piece, architectural swimsuit",TRUE,Color,Olive Drab,Size,S,TWESSIE_AU_OP_0504-Olive Drab-S,168.0,,10
twessie-au-op-0504,Olive Drab Architectural One-Piece Swimsuit,<p>A statement piece in Matte Ribbed Knit. This one-piece combines intelligent aesthetic design with impeccable craftsmanship. Available in Olive Drab with Burnt Terracotta detailing. Not loud. Not obvious. Unmistakably Twessie.</p>,Twessie,One-Piece,"independent fashion, high-end swimwear, minimalist luxury, minimalist one-piece, architectural swimsuit",TRUE,Color,Olive Drab,Size,M,TWESSIE_AU_OP_0504-Olive Drab-M,168.0,,10
twessie-au-op-0504,Olive Drab Architectural One-Piece Swimsuit,<p>A statement piece in Matte Ribbed Knit. This one-piece combines intelligent aesthetic design with impeccable craftsmanship. Available in Olive Drab with Burnt Terracotta detailing. Not loud. Not obvious. Unmistakably Twessie.</p>,Twessie,One-Piece,"independent fashion, high-end swimwear, minimalist luxury, minimalist one-piece, architectural swimsuit",TRUE,Color,Olive Drab,Size,L,TWESSIE_AU_OP_0504-Olive Drab-L,168.0,,10
twessie-au-op-0504,Olive Drab Architectural One-Piece Swimsuit,<p>A statement piece in Matte Ribbed Knit. This one-piece combines intelligent aesthetic design with impeccable craftsmanship. Available in Olive Drab with Burnt Terracotta detailing. Not loud. Not obvious. Unmistakably Twessie.</p>,Twessie,One-Piece,"independent fashion, high-end swimwear, minimalist luxury, minimalist one-piece, architectural swimsuit",TRUE,Color,Olive Drab,Size,XL,TWESSIE_AU_OP_0504-Olive Drab-XL,168.0,,10
twessie-au-op-0504,Olive Drab Architectural One-Piece Swimsuit,<p>A statement piece in Matte Ribbed Knit. This one-piece combines intelligent aesthetic design with impeccable craftsmanship. Available in Olive Drab with Burnt Terracotta detailing. Not loud. Not obvious. Unmistakably Twessie.</p>,Twessie,One-Piece,"independent fashion, high-end swimwear, minimalist luxury, minimalist one-piece, architectural swimsuit",TRUE,Color,Olive Drab,Size,XXL,TWESSIE_AU_OP_0504-Olive Drab-XXL,168.0,,10
twessie-au-op-0504,Olive Drab Architectural One-Piece Swimsuit,<p>A statement piece in Matte Ribbed Knit. This one-piece combines intelligent aesthetic design with impeccable craftsmanship. Available in Olive Drab with Burnt Terracotta detailing. Not loud. Not obvious. Unmistakably Twessie.</p>,Twessie,One-Piece,"independent fashion, high-end swimwear, minimalist luxury, minimalist one-piece, architectural swimsuit",TRUE,Color,Burnt Terracotta,Size,XS,TWESSIE_AU_OP_0504-Burnt Terracotta-XS,168.0,,10
twessie-au-op-0504,Olive Drab Architectural One-Piece Swimsuit,<p>A statement piece in Matte Ribbed Knit. This one-piece combines intelligent aesthetic design with impeccable craftsmanship. Available in Olive Drab with Burnt Terracotta detailing. Not loud. Not obvious. Unmistakably Twessie.</p>,Twessie,One-Piece,"independent fashion, high-end swimwear, minimalist luxury, minimalist one-piece, architectural swimsuit",TRUE,Color,Burnt Terracotta,Size,S,TWESSIE_AU_OP_0504-Burnt Terracotta-S,168.0,,10
twessie-au-op-0504,Olive Drab Architectural One-Piece Swimsuit,<p>A statement piece in Matte Ribbed Knit. This one-piece combines intelligent aesthetic design with impeccable craftsmanship. Available in Olive Drab with Burnt Terracotta detailing. Not loud. Not obvious. Unmistakably Twessie.</p>,Twessie,One-Piece,"independent fashion, high-end swimwear, minimalist luxury, minimalist one-piece, architectural swimsuit",TRUE,Color,Burnt Terracotta,Size,M,TWESSIE_AU_OP_0504-Burnt Terracotta-M,168.0,,10
twessie-au-op-0504,Olive Drab Architectural One-Piece Swimsuit,<p>A statement piece in Matte Ribbed Knit. This one-piece combines intelligent aesthetic design with impeccable craftsmanship. Available in Olive Drab with Burnt Terracotta detailing. Not loud. Not obvious. Unmistakably Twessie.</p>,Twessie,One-Piece,"independent fashion, high-end swimwear, minimalist luxury, minimalist one-piece, architectural swimsuit",TRUE,Color,Burnt Terracotta,Size,L,TWESSIE_AU_OP_0504-Burnt Terracotta-L,168.0,,10
twessie-au-op-0504,Olive Drab Architectural One-Piece Swimsuit,<p>A statement piece in Matte Ribbed Knit. This one-piece combines intelligent aesthetic design with impeccable craftsmanship. Available in Olive Drab with Burnt Terracotta detailing. Not loud. Not obvious. Unmistakably Twessie.</p>,Twessie,One-Piece,"independent fashion, high-end swimwear, minimalist luxury, minimalist one-piece, architectural swimsuit",TRUE,Color,Burnt Terracotta,Size,XL,TWESSIE_AU_OP_0504-Burnt Terracotta-XL,168.0,,10
twessie-au-op-0504,Olive Drab Architectural One-Piece Swimsuit,<p>A statement piece in Matte Ribbed Knit. This one-piece combines intelligent aesthetic design with impeccable craftsmanship. Available in Olive Drab with Burnt Terracotta detailing. Not loud. Not obvious. Unmistakably Twessie.</p>,Twessie,One-Piece,"independent fashion, high-end swimwear, minimalist luxury, minimalist one-piece, architectural swimsuit",TRUE,Color,Burnt Terracotta,Size,XXL,TWESSIE_AU_OP_0504-Burnt Terracotta-XXL,168.0,,10
twessie-au-bb-0505,Structural Econyl Sleek Satin Bikini Bottom,<p>A statement piece in Econyl Sleek Satin. This bikini bottom combines rebellious yet refined design with impeccable craftsmanship. Available in Obsidian Black with Olive Drab detailing. Not loud. Not obvious. Unmistakably Twessie.</p>,Twessie,Bikini Bottom,"minimalist luxury, minimalist bikini bottom, independent fashion, architectural swimsuit, luxury Obsidian Black swimwear",TRUE,Color,Obsidian Black,Size,XS,TWESSIE_AU_BB_0505-Obsidian Black-XS,168.0,,10
twessie-au-bb-0505,Structural Econyl Sleek Satin Bikini Bottom,<p>A statement piece in Econyl Sleek Satin. This bikini bottom combines rebellious yet refined design with impeccable craftsmanship. Available in Obsidian Black with Olive Drab detailing. Not loud. Not obvious. Unmistakably Twessie.</p>,Twessie,Bikini Bottom,"minimalist luxury, minimalist bikini bottom, independent fashion, architectural swimsuit, luxury Obsidian Black swimwear",TRUE,Color,Obsidian Black,Size,S,TWESSIE_AU_BB_0505-Obsidian Black-S,168.0,,10
twessie-au-bb-0505,Structural Econyl Sleek Satin Bikini Bottom,<p>A statement piece in Econyl Sleek Satin. This bikini bottom combines rebellious yet refined design with impeccable craftsmanship. Available in Obsidian Black with Olive Drab detailing. Not loud. Not obvious. Unmistakably Twessie.</p>,Twessie,Bikini Bottom,"minimalist luxury, minimalist bikini bottom, independent fashion, architectural swimsuit, luxury Obsidian Black swimwear",TRUE,Color,Obsidian Black,Size,M,TWESSIE_AU_BB_0505-Obsidian Black-M,168.0,,10
twessie-au-bb-0505,Structural Econyl Sleek Satin Bikini Bottom,<p>A statement piece in Econyl Sleek Satin. This bikini bottom combines rebellious yet refined design with impeccable craftsmanship. Available in Obsidian Black with Olive Drab detailing. Not loud. Not obvious. Unmistakably Twessie.</p>,Twessie,Bikini Bottom,"minimalist luxury, minimalist bikini bottom, independent fashion, architectural swimsuit, luxury Obsidian Black swimwear",TRUE,Color,Obsidian Black,Size,L,TWESSIE_AU_BB_0505-Obsidian Black-L,168.0,,10
twessie-au-bb-0505,Structural Econyl Sleek Satin Bikini Bottom,<p>A statement piece in Econyl Sleek Satin. This bikini bottom combines rebellious yet refined design with impeccable craftsmanship. Available in Obsidian Black with Olive Drab detailing. Not loud. Not obvious. Unmistakably Twessie.</p>,Twessie,Bikini Bottom,"minimalist luxury, minimalist bikini bottom, independent fashion, architectural swimsuit, luxury Obsidian Black swimwear",TRUE,Color,Obsidian Black,Size,XL,TWESSIE_AU_BB_0505-Obsidian Black-XL,168.0,,10
twessie-au-bb-0505,Structural Econyl Sleek Satin Bikini Bottom,<p>A statement piece in Econyl Sleek Satin. This bikini bottom combines rebellious yet refined design with impeccable craftsmanship. Available in Obsidian Black with Olive Drab detailing. Not loud. Not obvious. Unmistakably Twessie.</p>,Twessie,Bikini Bottom,"minimalist luxury, minimalist bikini bottom, independent fashion, architectural swimsuit, luxury Obsidian Black swimwear",TRUE,Color,Obsidian Black,Size,XXL,TWESSIE_AU_BB_0505-Obsidian Black-XXL,168.0,,10
twessie-au-bb-0505,Structural Econyl Sleek Satin Bikini Bottom,<p>A statement piece in Econyl Sleek Satin. This bikini bottom combines rebellious yet refined design with impeccable craftsmanship. Available in Obsidian Black with Olive Drab detailing. Not loud. Not obvious. Unmistakably Twessie.</p>,Twessie,Bikini Bottom,"minimalist luxury, minimalist bikini bottom, independent fashion, architectural swimsuit, luxury Obsidian Black swimwear",TRUE,Color,Olive Drab,Size,XS,TWESSIE_AU_BB_0505-Olive Drab-XS,168.0,,10
twessie-au-bb-0505,Structural Econyl Sleek Satin Bikini Bottom,<p>A statement piece in Econyl Sleek Satin. This bikini bottom combines rebellious yet refined design with impeccable craftsmanship. Available in Obsidian Black with Olive Drab detailing. Not loud. Not obvious. Unmistakably Twessie.</p>,Twessie,Bikini Bottom,"minimalist luxury, minimalist bikini bottom, independent fashion, architectural swimsuit, luxury Obsidian Black swimwear",TRUE,Color,Olive Drab,Size,S,TWESSIE_AU_BB_0505-Olive Drab-S,168.0,,10
twessie-au-bb-0505,Structural Econyl Sleek Satin Bikini Bottom,<p>A statement piece in Econyl Sleek Satin. This bikini bottom combines rebellious yet refined design with impeccable craftsmanship. Available in Obsidian Black with Olive Drab detailing. Not loud. Not obvious. Unmistakably Twessie.</p>,Twessie,Bikini Bottom,"minimalist luxury, minimalist bikini bottom, independent fashion, architectural swimsuit, luxury Obsidian Black swimwear",TRUE,Color,Olive Drab,Size,M,TWESSIE_AU_BB_0505-Olive Drab-M,168.0,,10
twessie-au-bb-0505,Structural Econyl Sleek Satin Bikini Bottom,<p>A statement piece in Econyl Sleek Satin. This bikini bottom combines rebellious yet refined design with impeccable craftsmanship. Available in Obsidian Black with Olive Drab detailing. Not loud. Not obvious. Unmistakably Twessie.</p>,Twessie,Bikini Bottom,"minimalist luxury, minimalist bikini bottom, independent fashion, architectural swimsuit, luxury Obsidian Black swimwear",TRUE,Color,Olive Drab,Size,L,TWESSIE_AU_BB_0505-Olive Drab-L,168.0,,10
twessie-au-bb-0505,Structural Econyl Sleek Satin Bikini Bottom,<p>A statement piece in Econyl Sleek Satin. This bikini bottom combines rebellious yet refined design with impeccable craftsmanship. Available in Obsidian Black with Olive Drab detailing. Not loud. Not obvious. Unmistakably Twessie.</p>,Twessie,Bikini Bottom,"minimalist luxury, minimalist bikini bottom, independent fashion, architectural swimsuit, luxury Obsidian Black swimwear",TRUE,Color,Olive Drab,Size,XL,TWESSIE_AU_BB_0505-Olive Drab-XL,168.0,,10
twessie-au-bb-0505,Structural Econyl Sleek Satin Bikini Bottom,<p>A statement piece in Econyl Sleek Satin. This bikini bottom combines rebellious yet refined design with impeccable craftsmanship. Available in Obsidian Black with Olive Drab detailing. Not loud. Not obvious. Unmistakably Twessie.</p>,Twessie,Bikini Bottom,"minimalist luxury, minimalist bikini bottom, independent fashion, architectural swimsuit, luxury Obsidian Black swimwear",TRUE,Color,Olive Drab,Size,XXL,TWESSIE_AU_BB_0505-Olive Drab-XXL,168.0,,10
twessie-na-bt-0506,Chalk White Sculptural Crinkled Seersucker Bikini Top,<p>Crafted in premium Crinkled Seersucker with Matte Ribbed Knit accents. This bikini top epitomizes minimalist luxury luxury. Featuring color-blocking in Chalk White and Stone Gray. Perfect for the discerning swimmer who refuses the obvious.</p>,Twessie,Bikini Top,"minimalist bikini top, Crinkled Seersucker bikini, high-end swimwear, minimalist luxury, luxury Chalk White swimwear",TRUE,Color,Chalk White,Size,XS,TWESSIE_NA_BT_0506-Chalk White-XS,168.0,,10
twessie-na-bt-0506,Chalk White Sculptural Crinkled Seersucker Bikini Top,<p>Crafted in premium Crinkled Seersucker with Matte Ribbed Knit accents. This bikini top epitomizes minimalist luxury luxury. Featuring color-blocking in Chalk White and Stone Gray. Perfect for the discerning swimmer who refuses the obvious.</p>,Twessie,Bikini Top,"minimalist bikini top, Crinkled Seersucker bikini, high-end swimwear, minimalist luxury, luxury Chalk White swimwear",TRUE,Color,Chalk White,Size,S,TWESSIE_NA_BT_0506-Chalk White-S,168.0,,10
twessie-na-bt-0506,Chalk White Sculptural Crinkled Seersucker Bikini Top,<p>Crafted in premium Crinkled Seersucker with Matte Ribbed Knit accents. This bikini top epitomizes minimalist luxury luxury. Featuring color-blocking in Chalk White and Stone Gray. Perfect for the discerning swimmer who refuses the obvious.</p>,Twessie,Bikini Top,"minimalist bikini top, Crinkled Seersucker bikini, high-end swimwear, minimalist luxury, luxury Chalk White swimwear",TRUE,Color,Chalk White,Size,M,TWESSIE_NA_BT_0506-Chalk White-M,168.0,,10
twessie-na-bt-0506,Chalk White Sculptural Crinkled Seersucker Bikini Top,<p>Crafted in premium Crinkled Seersucker with Matte Ribbed Knit accents. This bikini top epitomizes minimalist luxury luxury. Featuring color-blocking in Chalk White and Stone Gray. Perfect for the discerning swimmer who refuses the obvious.</p>,Twessie,Bikini Top,"minimalist bikini top, Crinkled Seersucker bikini, high-end swimwear, minimalist luxury, luxury Chalk White swimwear",TRUE,Color,Chalk White,Size,L,TWESSIE_NA_BT_0506-Chalk White-L,168.0,,10
twessie-na-bt-0506,Chalk White Sculptural Crinkled Seersucker Bikini Top,<p>Crafted in premium Crinkled Seersucker with Matte Ribbed Knit accents. This bikini top epitomizes minimalist luxury luxury. Featuring color-blocking in Chalk White and Stone Gray. Perfect for the discerning swimmer who refuses the obvious.</p>,Twessie,Bikini Top,"minimalist bikini top, Crinkled Seersucker bikini, high-end swimwear, minimalist luxury, luxury Chalk White swimwear",TRUE,Color,Chalk White,Size,XL,TWESSIE_NA_BT_0506-Chalk White-XL,168.0,,10
twessie-na-bt-0506,Chalk White Sculptural Crinkled Seersucker Bikini Top,<p>Crafted in premium Crinkled Seersucker with Matte Ribbed Knit accents. This bikini top epitomizes minimalist luxury luxury. Featuring color-blocking in Chalk White and Stone Gray. Perfect for the discerning swimmer who refuses the obvious.</p>,Twessie,Bikini Top,"minimalist bikini top, Crinkled Seersucker bikini, high-end swimwear, minimalist luxury, luxury Chalk White swimwear",TRUE,Color,Chalk White,Size,XXL,TWESSIE_NA_BT_0506-Chalk White-XXL,168.0,,10
twessie-na-bt-0506,Chalk White Sculptural Crinkled Seersucker Bikini Top,<p>Crafted in premium Crinkled Seersucker with Matte Ribbed Knit accents. This bikini top epitomizes minimalist luxury luxury. Featuring color-blocking in Chalk White and Stone Gray. Perfect for the discerning swimmer who refuses the obvious.</p>,Twessie,Bikini Top,"minimalist bikini top, Crinkled Seersucker bikini, high-end swimwear, minimalist luxury, luxury Chalk White swimwear",TRUE,Color,Stone Gray,Size,XS,TWESSIE_NA_BT_0506-Stone Gray-XS,168.0,,10
twessie-na-bt-0506,Chalk White Sculptural Crinkled Seersucker Bikini Top,<p>Crafted in premium Crinkled Seersucker with Matte Ribbed Knit accents. This bikini top epitomizes minimalist luxury luxury. Featuring color-blocking in Chalk White and Stone Gray. Perfect for the discerning swimmer who refuses the obvious.</p>,Twessie,Bikini Top,"minimalist bikini top, Crinkled Seersucker bikini, high-end swimwear, minimalist luxury, luxury Chalk White swimwear",TRUE,Color,Stone Gray,Size,S,TWESSIE_NA_BT_0506-Stone Gray-S,168.0,,10
twessie-na-bt-0506,Chalk White Sculptural Crinkled Seersucker Bikini Top,<p>Crafted in premium Crinkled Seersucker with Matte Ribbed Knit accents. This bikini top epitomizes minimalist luxury luxury. Featuring color-blocking in Chalk White and Stone Gray. Perfect for the discerning swimmer who refuses the obvious.</p>,Twessie,Bikini Top,"minimalist bikini top, Crinkled Seersucker bikini, high-end swimwear, minimalist luxury, luxury Chalk White swimwear",TRUE,Color,Stone Gray,Size,M,TWESSIE_NA_BT_0506-Stone Gray-M,168.0,,10
twessie-na-bt-0506,Chalk White Sculptural Crinkled Seersucker Bikini Top,<p>Crafted in premium Crinkled Seersucker with Matte Ribbed Knit accents. This bikini top epitomizes minimalist luxury luxury. Featuring color-blocking in Chalk White and Stone Gray. Perfect for the discerning swimmer who refuses the obvious.</p>,Twessie,Bikini Top,"minimalist bikini top, Crinkled Seersucker bikini, high-end swimwear, minimalist luxury, luxury Chalk White swimwear",TRUE,Color,Stone Gray,Size,L,TWESSIE_NA_BT_0506-Stone Gray-L,168.0,,10
twessie-na-bt-0506,Chalk White Sculptural Crinkled Seersucker Bikini Top,<p>Crafted in premium Crinkled Seersucker with Matte Ribbed Knit accents. This bikini top epitomizes minimalist luxury luxury. Featuring color-blocking in Chalk White and Stone Gray. Perfect for the discerning swimmer who refuses the obvious.</p>,Twessie,Bikini Top,"minimalist bikini top, Crinkled Seersucker bikini, high-end swimwear, minimalist luxury, luxury Chalk White swimwear",TRUE,Color,Stone Gray,Size,XL,TWESSIE_NA_BT_0506-Stone Gray-XL,168.0,,10
twessie-na-bt-0506,Chalk White Sculptural Crinkled Seersucker Bikini Top,<p>Crafted in premium Crinkled Seersucker with Matte Ribbed Knit accents. This bikini top epitomizes minimalist luxury luxury. Featuring color-blocking in Chalk White and Stone Gray. Perfect for the discerning swimmer who refuses the obvious.</p>,Twessie,Bikini Top,"minimalist bikini top, Crinkled Seersucker bikini, high-end swimwear, minimalist luxury, luxury Chalk White swimwear",TRUE,Color,Stone Gray,Size,XXL,TWESSIE_NA_BT_0506-Stone Gray-XXL,168.0,,10
twessie-sg-op-0507,Minimalist Crinkled Seersucker One-Piece,"<p>Crinkled Seersucker construction meets architectural precision in this one-piece. Designed for the intelligent, independent woman. The Chalk White colorway with Stone Gray accents creates a sophisticated palette. Pure intelligent aesthetic elegance.</p>",Twessie,One-Piece,"minimalist one-piece, architectural swimsuit, independent fashion, luxury Chalk White swimwear, high-end swimwear",TRUE,Color,Chalk White,Size,XS,TWESSIE_SG_OP_0507-Chalk White-XS,168.0,,10
twessie-sg-op-0507,Minimalist Crinkled Seersucker One-Piece,"<p>Crinkled Seersucker construction meets architectural precision in this one-piece. Designed for the intelligent, independent woman. The Chalk White colorway with Stone Gray accents creates a sophisticated palette. Pure intelligent aesthetic elegance.</p>",Twessie,One-Piece,"minimalist one-piece, architectural swimsuit, independent fashion, luxury Chalk White swimwear, high-end swimwear",TRUE,Color,Chalk White,Size,S,TWESSIE_SG_OP_0507-Chalk White-S,168.0,,10
twessie-sg-op-0507,Minimalist Crinkled Seersucker One-Piece,"<p>Crinkled Seersucker construction meets architectural precision in this one-piece. Designed for the intelligent, independent woman. The Chalk White colorway with Stone Gray accents creates a sophisticated palette. Pure intelligent aesthetic elegance.</p>",Twessie,One-Piece,"minimalist one-piece, architectural swimsuit, independent fashion, luxury Chalk White swimwear, high-end swimwear",TRUE,Color,Chalk White,Size,M,TWESSIE_SG_OP_0507-Chalk White-M,168.0,,10
twessie-sg-op-0507,Minimalist Crinkled Seersucker One-Piece,"<p>Crinkled Seersucker construction meets architectural precision in this one-piece. Designed for the intelligent, independent woman. The Chalk White colorway with Stone Gray accents creates a sophisticated palette. Pure intelligent aesthetic elegance.</p>",Twessie,One-Piece,"minimalist one-piece, architectural swimsuit, independent fashion, luxury Chalk White swimwear, high-end swimwear",TRUE,Color,Chalk White,Size,L,TWESSIE_SG_OP_0507-Chalk White-L,168.0,,10
twessie-sg-op-0507,Minimalist Crinkled Seersucker One-Piece,"<p>Crinkled Seersucker construction meets architectural precision in this one-piece. Designed for the intelligent, independent woman. The Chalk White colorway with Stone Gray accents creates a sophisticated palette. Pure intelligent aesthetic elegance.</p>",Twessie,One-Piece,"minimalist one-piece, architectural swimsuit, independent fashion, luxury Chalk White swimwear, high-end swimwear",TRUE,Color,Chalk White,Size,XL,TWESSIE_SG_OP_0507-Chalk White-XL,168.0,,10
twessie-sg-op-0507,Minimalist Crinkled Seersucker One-Piece,"<p>Crinkled Seersucker construction meets architectural precision in this one-piece. Designed for the intelligent, independent woman. The Chalk White colorway with Stone Gray accents creates a sophisticated palette. Pure intelligent aesthetic elegance.</p>",Twessie,One-Piece,"minimalist one-piece, architectural swimsuit, independent fashion, luxury Chalk White swimwear, high-end swimwear",TRUE,Color,Chalk White,Size,XXL,TWESSIE_SG_OP_0507-Chalk White-XXL,168.0,,10
twessie-sg-op-0507,Minimalist Crinkled Seersucker One-Piece,"<p>Crinkled Seersucker construction meets architectural precision in this one-piece. Designed for the intelligent, independent woman. The Chalk White colorway with Stone Gray accents creates a sophisticated palette. Pure intelligent aesthetic elegance.</p>",Twessie,One-Piece,"minimalist one-piece, architectural swimsuit, independent fashion, luxury Chalk White swimwear, high-end swimwear",TRUE,Color,Stone Gray,Size,XS,TWESSIE_SG_OP_0507-Stone Gray-XS,168.0,,10
twessie-sg-op-0507,Minimalist Crinkled Seersucker One-Piece,"<p>Crinkled Seersucker construction meets architectural precision in this one-piece. Designed for the intelligent, independent woman. The Chalk White colorway with Stone Gray accents creates a sophisticated palette. Pure intelligent aesthetic elegance.</p>",Twessie,One-Piece,"minimalist one-piece, architectural swimsuit, independent fashion, luxury Chalk White swimwear, high-end swimwear",TRUE,Color,Stone Gray,Size,S,TWESSIE_SG_OP_0507-Stone Gray-S,168.0,,10
twessie-sg-op-0507,Minimalist Crinkled Seersucker One-Piece,"<p>Crinkled Seersucker construction meets architectural precision in this one-piece. Designed for the intelligent, independent woman. The Chalk White colorway with Stone Gray accents creates a sophisticated palette. Pure intelligent aesthetic elegance.</p>",Twessie,One-Piece,"minimalist one-piece, architectural swimsuit, independent fashion, luxury Chalk White swimwear, high-end swimwear",TRUE,Color,Stone Gray,Size,M,TWESSIE_SG_OP_0507-Stone Gray-M,168.0,,10
twessie-sg-op-0507,Minimalist Crinkled Seersucker One-Piece,"<p>Crinkled Seersucker construction meets architectural precision in this one-piece. Designed for the intelligent, independent woman. The Chalk White colorway with Stone Gray accents creates a sophisticated palette. Pure intelligent aesthetic elegance.</p>",Twessie,One-Piece,"minimalist one-piece, architectural swimsuit, independent fashion, luxury Chalk White swimwear, high-end swimwear",TRUE,Color,Stone Gray,Size,L,TWESSIE_SG_OP_0507-Stone Gray-L,168.0,,10
twessie-sg-op-0507,Minimalist Crinkled Seersucker One-Piece,"<p>Crinkled Seersucker construction meets architectural precision in this one-piece. Designed for the intelligent, independent woman. The Chalk White colorway with Stone Gray accents creates a sophisticated palette. Pure intelligent aesthetic elegance.</p>",Twessie,One-Piece,"minimalist one-piece, architectural swimsuit, independent fashion, luxury Chalk White swimwear, high-end swimwear",TRUE,Color,Stone Gray,Size,XL,TWESSIE_SG_OP_0507-Stone Gray-XL,168.0,,10
twessie-sg-op-0507,Minimalist Crinkled Seersucker One-Piece,"<p>Crinkled Seersucker construction meets architectural precision in this one-piece. Designed for the intelligent, independent woman. The Chalk White colorway with Stone Gray accents creates a sophisticated palette. Pure intelligent aesthetic elegance.</p>",Twessie,One-Piece,"minimalist one-piece, architectural swimsuit, independent fashion, luxury Chalk White swimwear, high-end swimwear",TRUE,Color,Stone Gray,Size,XXL,TWESSIE_SG_OP_0507-Stone Gray-XXL,168.0,,10
twessie-sg-bt-0508,Obsidian Black Sculptural Econyl Sleek Satin Bikini Top,<p>Crafted in premium Econyl Sleek Satin with Matte Ribbed Knit accents. This bikini top epitomizes rebellious yet refined luxury. Featuring color-blocking in Obsidian Black and Olive Drab. Perfect for the discerning swimmer who refuses the obvious.</p>,Twessie,Bikini Top,"luxury Obsidian Black swimwear, independent fashion, architectural swimsuit, minimalist luxury, high-end swimwear",TRUE,Color,Obsidian Black,Size,XS,TWESSIE_SG_BT_0508-Obsidian Black-XS,168.0,,10
twessie-sg-bt-0508,Obsidian Black Sculptural Econyl Sleek Satin Bikini Top,<p>Crafted in premium Econyl Sleek Satin with Matte Ribbed Knit accents. This bikini top epitomizes rebellious yet refined luxury. Featuring color-blocking in Obsidian Black and Olive Drab. Perfect for the discerning swimmer who refuses the obvious.</p>,Twessie,Bikini Top,"luxury Obsidian Black swimwear, independent fashion, architectural swimsuit, minimalist luxury, high-end swimwear",TRUE,Color,Obsidian Black,Size,S,TWESSIE_SG_BT_0508-Obsidian Black-S,168.0,,10
twessie-sg-bt-0508,Obsidian Black Sculptural Econyl Sleek Satin Bikini Top,<p>Crafted in premium Econyl Sleek Satin with Matte Ribbed Knit accents. This bikini top epitomizes rebellious yet refined luxury. Featuring color-blocking in Obsidian Black and Olive Drab. Perfect for the discerning swimmer who refuses the obvious.</p>,Twessie,Bikini Top,"luxury Obsidian Black swimwear, independent fashion, architectural swimsuit, minimalist luxury, high-end swimwear",TRUE,Color,Obsidian Black,Size,M,TWESSIE_SG_BT_0508-Obsidian Black-M,168.0,,10
twessie-sg-bt-0508,Obsidian Black Sculptural Econyl Sleek Satin Bikini Top,<p>Crafted in premium Econyl Sleek Satin with Matte Ribbed Knit accents. This bikini top epitomizes rebellious yet refined luxury. Featuring color-blocking in Obsidian Black and Olive Drab. Perfect for the discerning swimmer who refuses the obvious.</p>,Twessie,Bikini Top,"luxury Obsidian Black swimwear, independent fashion, architectural swimsuit, minimalist luxury, high-end swimwear",TRUE,Color,Obsidian Black,Size,L,TWESSIE_SG_BT_0508-Obsidian Black-L,168.0,,10
twessie-sg-bt-0508,Obsidian Black Sculptural Econyl Sleek Satin Bikini Top,<p>Crafted in premium Econyl Sleek Satin with Matte Ribbed Knit accents. This bikini top epitomizes rebellious yet refined luxury. Featuring color-blocking in Obsidian Black and Olive Drab. Perfect for the discerning swimmer who refuses the obvious.</p>,Twessie,Bikini Top,"luxury Obsidian Black swimwear, independent fashion, architectural swimsuit, minimalist luxury, high-end swimwear",TRUE,Color,Obsidian Black,Size,XL,TWESSIE_SG_BT_0508-Obsidian Black-XL,168.0,,10
twessie-sg-bt-0508,Obsidian Black Sculptural Econyl Sleek Satin Bikini Top,<p>Crafted in premium Econyl Sleek Satin with Matte Ribbed Knit accents. This bikini top epitomizes rebellious yet refined luxury. Featuring color-blocking in Obsidian Black and Olive Drab. Perfect for the discerning swimmer who refuses the obvious.</p>,Twessie,Bikini Top,"luxury Obsidian Black swimwear, independent fashion, architectural swimsuit, minimalist luxury, high-end swimwear",TRUE,Color,Obsidian Black,Size,XXL,TWESSIE_SG_BT_0508-Obsidian Black-XXL,168.0,,10
twessie-sg-bt-0508,Obsidian Black Sculptural Econyl Sleek Satin Bikini Top,<p>Crafted in premium Econyl Sleek Satin with Matte Ribbed Knit accents. This bikini top epitomizes rebellious yet refined luxury. Featuring color-blocking in Obsidian Black and Olive Drab. Perfect for the discerning swimmer who refuses the obvious.</p>,Twessie,Bikini Top,"luxury Obsidian Black swimwear, independent fashion, architectural swimsuit, minimalist luxury, high-end swimwear",TRUE,Color,Olive Drab,Size,XS,TWESSIE_SG_BT_0508-Olive Drab-XS,168.0,,10
twessie-sg-bt-0508,Obsidian Black Sculptural Econyl Sleek Satin Bikini Top,<p>Crafted in premium Econyl Sleek Satin with Matte Ribbed Knit accents. This bikini top epitomizes rebellious yet refined luxury. Featuring color-blocking in Obsidian Black and Olive Drab. Perfect for the discerning swimmer who refuses the obvious.</p>,Twessie,Bikini Top,"luxury Obsidian Black swimwear, independent fashion, architectural swimsuit, minimalist luxury, high-end swimwear",TRUE,Color,Olive Drab,Size,S,TWESSIE_SG_BT_0508-Olive Drab-S,168.0,,10
twessie-sg-bt-0508,Obsidian Black Sculptural Econyl Sleek Satin Bikini Top,<p>Crafted in premium Econyl Sleek Satin with Matte Ribbed Knit accents. This bikini top epitomizes rebellious yet refined luxury. Featuring color-blocking in Obsidian Black and Olive Drab. Perfect for the discerning swimmer who refuses the obvious.</p>,Twessie,Bikini Top,"luxury Obsidian Black swimwear, independent fashion, architectural swimsuit, minimalist luxury, high-end swimwear",TRUE,Color,Olive Drab,Size,M,TWESSIE_SG_BT_0508-Olive Drab-M,168.0,,10
twessie-sg-bt-0508,Obsidian Black Sculptural Econyl Sleek Satin Bikini Top,<p>Crafted in premium Econyl Sleek Satin with Matte Ribbed Knit accents. This bikini top epitomizes rebellious yet refined luxury. Featuring color-blocking in Obsidian Black and Olive Drab. Perfect for the discerning swimmer who refuses the obvious.</p>,Twessie,Bikini Top,"luxury Obsidian Black swimwear, independent fashion, architectural swimsuit, minimalist luxury, high-end swimwear",TRUE,Color,Olive Drab,Size,L,TWESSIE_SG_BT_0508-Olive Drab-L,168.0,,10
twessie-sg-bt-0508,Obsidian Black Sculptural Econyl Sleek Satin Bikini Top,<p>Crafted in premium Econyl Sleek Satin with Matte Ribbed Knit accents. This bikini top epitomizes rebellious yet refined luxury. Featuring color-blocking in Obsidian Black and Olive Drab. Perfect for the discerning swimmer who refuses the obvious.</p>,Twessie,Bikini Top,"luxury Obsidian Black swimwear, independent fashion, architectural swimsuit, minimalist luxury, high-end swimwear",TRUE,Color,Olive Drab,Size,XL,TWESSIE_SG_BT_0508-Olive Drab-XL,168.0,,10
twessie-sg-bt-0508,Obsidian Black Sculptural Econyl Sleek Satin Bikini Top,<p>Crafted in premium Econyl Sleek Satin with Matte Ribbed Knit accents. This bikini top epitomizes rebellious yet refined luxury. Featuring color-blocking in Obsidian Black and Olive Drab. Perfect for the discerning swimmer who refuses the obvious.</p>,Twessie,Bikini Top,"luxury Obsidian Black swimwear, independent fashion, architectural swimsuit, minimalist luxury, high-end swimwear",TRUE,Color,Olive Drab,Size,XXL,TWESSIE_SG_BT_0508-Olive Drab-XXL,168.0,,10
twessie-eu-bb-0509,Chalk White Minimalist Crinkled Seersucker Bikini Bottom,<p>A statement piece in Crinkled Seersucker. This bikini bottom combines minimalist luxury design with impeccable craftsmanship. Available in Chalk White with Stone Gray detailing. Not loud. Not obvious. Unmistakably Twessie.</p>,Twessie,Bikini Bottom,"minimalist luxury, architectural swimsuit, luxury Chalk White swimwear, independent fashion, minimalist bikini bottom",TRUE,Color,Chalk White,Size,XS,TWESSIE_EU_BB_0509-Chalk White-XS,168.0,,10
twessie-eu-bb-0509,Chalk White Minimalist Crinkled Seersucker Bikini Bottom,<p>A statement piece in Crinkled Seersucker. This bikini bottom combines minimalist luxury design with impeccable craftsmanship. Available in Chalk White with Stone Gray detailing. Not loud. Not obvious. Unmistakably Twessie.</p>,Twessie,Bikini Bottom,"minimalist luxury, architectural swimsuit, luxury Chalk White swimwear, independent fashion, minimalist bikini bottom",TRUE,Color,Chalk White,Size,S,TWESSIE_EU_BB_0509-Chalk White-S,168.0,,10
twessie-eu-bb-0509,Chalk White Minimalist Crinkled Seersucker Bikini Bottom,<p>A statement piece in Crinkled Seersucker. This bikini bottom combines minimalist luxury design with impeccable craftsmanship. Available in Chalk White with Stone Gray detailing. Not loud. Not obvious. Unmistakably Twessie.</p>,Twessie,Bikini Bottom,"minimalist luxury, architectural swimsuit, luxury Chalk White swimwear, independent fashion, minimalist bikini bottom",TRUE,Color,Chalk White,Size,M,TWESSIE_EU_BB_0509-Chalk White-M,168.0,,10
twessie-eu-bb-0509,Chalk White Minimalist Crinkled Seersucker Bikini Bottom,<p>A statement piece in Crinkled Seersucker. This bikini bottom combines minimalist luxury design with impeccable craftsmanship. Available in Chalk White with Stone Gray detailing. Not loud. Not obvious. Unmistakably Twessie.</p>,Twessie,Bikini Bottom,"minimalist luxury, architectural swimsuit, luxury Chalk White swimwear, independent fashion, minimalist bikini bottom",TRUE,Color,Chalk White,Size,L,TWESSIE_EU_BB_0509-Chalk White-L,168.0,,10
twessie-eu-bb-0509,Chalk White Minimalist Crinkled Seersucker Bikini Bottom,<p>A statement piece in Crinkled Seersucker. This bikini bottom combines minimalist luxury design with impeccable craftsmanship. Available in Chalk White with Stone Gray detailing. Not loud. Not obvious. Unmistakably Twessie.</p>,Twessie,Bikini Bottom,"minimalist luxury, architectural swimsuit, luxury Chalk White swimwear, independent fashion, minimalist bikini bottom",TRUE,Color,Chalk White,Size,XL,TWESSIE_EU_BB_0509-Chalk White-XL,168.0,,10
twessie-eu-bb-0509,Chalk White Minimalist Crinkled Seersucker Bikini Bottom,<p>A statement piece in Crinkled Seersucker. This bikini bottom combines minimalist luxury design with impeccable craftsmanship. Available in Chalk White with Stone Gray detailing. Not loud. Not obvious. Unmistakably Twessie.</p>,Twessie,Bikini Bottom,"minimalist luxury, architectural swimsuit, luxury Chalk White swimwear, independent fashion, minimalist bikini bottom",TRUE,Color,Chalk White,Size,XXL,TWESSIE_EU_BB_0509-Chalk White-XXL,168.0,,10
twessie-eu-bb-0509,Chalk White Minimalist Crinkled Seersucker Bikini Bottom,<p>A statement piece in Crinkled Seersucker. This bikini bottom combines minimalist luxury design with impeccable craftsmanship. Available in Chalk White with Stone Gray detailing. Not loud. Not obvious. Unmistakably Twessie.</p>,Twessie,Bikini Bottom,"minimalist luxury, architectural swimsuit, luxury Chalk White swimwear, independent fashion, minimalist bikini bottom",TRUE,Color,Stone Gray,Size,XS,TWESSIE_EU_BB_0509-Stone Gray-XS,168.0,,10
twessie-eu-bb-0509,Chalk White Minimalist Crinkled Seersucker Bikini Bottom,<p>A statement piece in Crinkled Seersucker. This bikini bottom combines minimalist luxury design with impeccable craftsmanship. Available in Chalk White with Stone Gray detailing. Not loud. Not obvious. Unmistakably Twessie.</p>,Twessie,Bikini Bottom,"minimalist luxury, architectural swimsuit, luxury Chalk White swimwear, independent fashion, minimalist bikini bottom",TRUE,Color,Stone Gray,Size,S,TWESSIE_EU_BB_0509-Stone Gray-S,168.0,,10
twessie-eu-bb-0509,Chalk White Minimalist Crinkled Seersucker Bikini Bottom,<p>A statement piece in Crinkled Seersucker. This bikini bottom combines minimalist luxury design with impeccable craftsmanship. Available in Chalk White with Stone Gray detailing. Not loud. Not obvious. Unmistakably Twessie.</p>,Twessie,Bikini Bottom,"minimalist luxury, architectural swimsuit, luxury Chalk White swimwear, independent fashion, minimalist bikini bottom",TRUE,Color,Stone Gray,Size,M,TWESSIE_EU_BB_0509-Stone Gray-M,168.0,,10
twessie-eu-bb-0509,Chalk White Minimalist Crinkled Seersucker Bikini Bottom,<p>A statement piece in Crinkled Seersucker. This bikini bottom combines minimalist luxury design with impeccable craftsmanship. Available in Chalk White with Stone Gray detailing. Not loud. Not obvious. Unmistakably Twessie.</p>,Twessie,Bikini Bottom,"minimalist luxury, architectural swimsuit, luxury Chalk White swimwear, independent fashion, minimalist bikini bottom",TRUE,Color,Stone Gray,Size,L,TWESSIE_EU_BB_0509-Stone Gray-L,168.0,,10
twessie-eu-bb-0509,Chalk White Minimalist Crinkled Seersucker Bikini Bottom,<p>A statement piece in Crinkled Seersucker. This bikini bottom combines minimalist luxury design with impeccable craftsmanship. Available in Chalk White with Stone Gray detailing. Not loud. Not obvious. Unmistakably Twessie.</p>,Twessie,Bikini Bottom,"minimalist luxury, architectural swimsuit, luxury Chalk White swimwear, independent fashion, minimalist bikini bottom",TRUE,Color,Stone Gray,Size,XL,TWESSIE_EU_BB_0509-Stone Gray-XL,168.0,,10
twessie-eu-bb-0509,Chalk White Minimalist Crinkled Seersucker Bikini Bottom,<p>A statement piece in Crinkled Seersucker. This bikini bottom combines minimalist luxury design with impeccable craftsmanship. Available in Chalk White with Stone Gray detailing. Not loud. Not obvious. Unmistakably Twessie.</p>,Twessie,Bikini Bottom,"minimalist luxury, architectural swimsuit, luxury Chalk White swimwear, independent fashion, minimalist bikini bottom",TRUE,Color,Stone Gray,Size,XXL,TWESSIE_EU_BB_0509-Stone Gray-XXL,168.0,,10
twessie-jp-bt-0510,Minimalist Obsidian Black Textured Bikini Top,<p>A statement piece in Econyl Sleek Satin. This bikini top combines intelligent aesthetic design with impeccable craftsmanship. Available in Obsidian Black with Chalk White detailing. Not loud. Not obvious. Unmistakably Twessie.</p>,Twessie,Bikini Top,"minimalist bikini top, architectural swimsuit, Econyl Sleek Satin bikini, luxury Obsidian Black swimwear, minimalist luxury",TRUE,Color,Obsidian Black,Size,XS,TWESSIE_JP_BT_0510-Obsidian Black-XS,168.0,,10
twessie-jp-bt-0510,Minimalist Obsidian Black Textured Bikini Top,<p>A statement piece in Econyl Sleek Satin. This bikini top combines intelligent aesthetic design with impeccable craftsmanship. Available in Obsidian Black with Chalk White detailing. Not loud. Not obvious. Unmistakably Twessie.</p>,Twessie,Bikini Top,"minimalist bikini top, architectural swimsuit, Econyl Sleek Satin bikini, luxury Obsidian Black swimwear, minimalist luxury",TRUE,Color,Obsidian Black,Size,S,TWESSIE_JP_BT_0510-Obsidian Black-S,168.0,,10
twessie-jp-bt-0510,Minimalist Obsidian Black Textured Bikini Top,<p>A statement piece in Econyl Sleek Satin. This bikini top combines intelligent aesthetic design with impeccable craftsmanship. Available in Obsidian Black with Chalk White detailing. Not loud. Not obvious. Unmistakably Twessie.</p>,Twessie,Bikini Top,"minimalist bikini top, architectural swimsuit, Econyl Sleek Satin bikini, luxury Obsidian Black swimwear, minimalist luxury",TRUE,Color,Obsidian Black,Size,M,TWESSIE_JP_BT_0510-Obsidian Black-M,168.0,,10
twessie-jp-bt-0510,Minimalist Obsidian Black Textured Bikini Top,<p>A statement piece in Econyl Sleek Satin. This bikini top combines intelligent aesthetic design with impeccable craftsmanship. Available in Obsidian Black with Chalk White detailing. Not loud. Not obvious. Unmistakably Twessie.</p>,Twessie,Bikini Top,"minimalist bikini top, architectural swimsuit, Econyl Sleek Satin bikini, luxury Obsidian Black swimwear, minimalist luxury",TRUE,Color,Obsidian Black,Size,L,TWESSIE_JP_BT_0510-Obsidian Black-L,168.0,,10
twessie-jp-bt-0510,Minimalist Obsidian Black Textured Bikini Top,<p>A statement piece in Econyl Sleek Satin. This bikini top combines intelligent aesthetic design with impeccable craftsmanship. Available in Obsidian Black with Chalk White detailing. Not loud. Not obvious. Unmistakably Twessie.</p>,Twessie,Bikini Top,"minimalist bikini top, architectural swimsuit, Econyl Sleek Satin bikini, luxury Obsidian Black swimwear, minimalist luxury",TRUE,Color,Obsidian Black,Size,XL,TWESSIE_JP_BT_0510-Obsidian Black-XL,168.0,,10
twessie-jp-bt-0510,Minimalist Obsidian Black Textured Bikini Top,<p>A statement piece in Econyl Sleek Satin. This bikini top combines intelligent aesthetic design with impeccable craftsmanship. Available in Obsidian Black with Chalk White detailing. Not loud. Not obvious. Unmistakably Twessie.</p>,Twessie,Bikini Top,"minimalist bikini top, architectural swimsuit, Econyl Sleek Satin bikini, luxury Obsidian Black swimwear, minimalist luxury",TRUE,Color,Obsidian Black,Size,XXL,TWESSIE_JP_BT_0510-Obsidian Black-XXL,168.0,,10
twessie-jp-bt-0510,Minimalist Obsidian Black Textured Bikini Top,<p>A statement piece in Econyl Sleek Satin. This bikini top combines intelligent aesthetic design with impeccable craftsmanship. Available in Obsidian Black with Chalk White detailing. Not loud. Not obvious. Unmistakably Twessie.</p>,Twessie,Bikini Top,"minimalist bikini top, architectural swimsuit, Econyl Sleek Satin bikini, luxury Obsidian Black swimwear, minimalist luxury",TRUE,Color,Chalk White,Size,XS,TWESSIE_JP_BT_0510-Chalk White-XS,168.0,,10
twessie-jp-bt-0510,Minimalist Obsidian Black Textured Bikini Top,<p>A statement piece in Econyl Sleek Satin. This bikini top combines intelligent aesthetic design with impeccable craftsmanship. Available in Obsidian Black with Chalk White detailing. Not loud. Not obvious. Unmistakably Twessie.</p>,Twessie,Bikini Top,"minimalist bikini top, architectural swimsuit, Econyl Sleek Satin bikini, luxury Obsidian Black swimwear, minimalist luxury",TRUE,Color,Chalk White,Size,S,TWESSIE_JP_BT_0510-Chalk White-S,168.0,,10
twessie-jp-bt-0510,Minimalist Obsidian Black Textured Bikini Top,<p>A statement piece in Econyl Sleek Satin. This bikini top combines intelligent aesthetic design with impeccable craftsmanship. Available in Obsidian Black with Chalk White detailing. Not loud. Not obvious. Unmistakably Twessie.</p>,Twessie,Bikini Top,"minimalist bikini top, architectural swimsuit, Econyl Sleek Satin bikini, luxury Obsidian Black swimwear, minimalist luxury",TRUE,Color,Chalk White,Size,M,TWESSIE_JP_BT_0510-Chalk White-M,168.0,,10
twessie-jp-bt-0510,Minimalist Obsidian Black Textured Bikini Top,<p>A statement piece in Econyl Sleek Satin. This bikini top combines intelligent aesthetic design with impeccable craftsmanship. Available in Obsidian Black with Chalk White detailing. Not loud. Not obvious. Unmistakably Twessie.</p>,Twessie,Bikini Top,"minimalist bikini top, architectural swimsuit, Econyl Sleek Satin bikini, luxury Obsidian Black swimwear, minimalist luxury",TRUE,Color,Chalk White,Size,L,TWESSIE_JP_BT_0510-Chalk White-L,168.0,,10
twessie-jp-bt-0510,Minimalist Obsidian Black Textured Bikini Top,<p>A statement piece in Econyl Sleek Satin. This bikini top combines intelligent aesthetic design with impeccable craftsmanship. Available in Obsidian Black with Chalk White detailing. Not loud. Not obvious. Unmistakably Twessie.</p>,Twessie,Bikini Top,"minimalist bikini top, architectural swimsuit, Econyl Sleek Satin bikini, luxury Obsidian Black swimwear, minimalist luxury",TRUE,Color,Chalk White,Size,XL,TWESSIE_JP_BT_0510-Chalk White-XL,168.0,,10
twessie-jp-bt-0510,Minimalist Obsidian Black Textured Bikini Top,<p>A statement piece in Econyl Sleek Satin. This bikini top combines intelligent aesthetic design with impeccable craftsmanship. Available in Obsidian Black with Chalk White detailing. Not loud. Not obvious. Unmistakably Twessie.</p>,Twessie,Bikini Top,"minimalist bikini top, architectural swimsuit, Econyl Sleek Satin bikini, luxury Obsidian Black swimwear, minimalist luxury",TRUE,Color,Chalk White,Size,XXL,TWESSIE_JP_BT_0510-Chalk White-XXL,168.0,,10
