Handle,Title,Body (HTML),Vendor,Product Type,Tags,Published,Option1 Name,Option1 Value,Option2 Name,Option2 Value,Variant SKU,Variant Price,Variant Compare At Price,Variant Inventory Qty
twessie-jp-bb-0101,Raw-Edge Chalk White Bikini Bottom,<p>Crafted in premium Crinkled Seersucker with Matte Ribbed Knit accents. This bikini bottom epitomizes anti-fashion statement luxury. Featuring color-blocking in Chalk White and Stone Gray. Perfect for the discerning swimmer who refuses the obvious.</p>,Twessie,Bikini Bottom,"minimalist luxury, minimalist bikini bottom, architectural swimsuit, Crinkled Seersucker bikini, high-end swimwear",TRUE,Color,Chalk White,Size,XS,TWESSIE_JP_BB_0101-Chalk White-XS,168.0,,10
twessie-jp-bb-0101,Raw-Edge Chalk White Bikini Bottom,<p>Crafted in premium Crinkled Seersucker with Matte Ribbed Knit accents. This bikini bottom epitomizes anti-fashion statement luxury. Featuring color-blocking in Chalk White and Stone Gray. Perfect for the discerning swimmer who refuses the obvious.</p>,Twessie,Bikini Bottom,"minimalist luxury, minimalist bikini bottom, architectural swimsuit, Crinkled Seersucker bikini, high-end swimwear",TRUE,Color,Chalk White,Size,S,TWESSIE_JP_BB_0101-Chalk White-S,168.0,,10
twessie-jp-bb-0101,Raw-Edge Chalk White Bikini Bottom,<p>Crafted in premium Crinkled Seersucker with Matte Ribbed Knit accents. This bikini bottom epitomizes anti-fashion statement luxury. Featuring color-blocking in Chalk White and Stone Gray. Perfect for the discerning swimmer who refuses the obvious.</p>,Twessie,Bikini Bottom,"minimalist luxury, minimalist bikini bottom, architectural swimsuit, Crinkled Seersucker bikini, high-end swimwear",TRUE,Color,Chalk White,Size,M,TWESSIE_JP_BB_0101-Chalk White-M,168.0,,10
twessie-jp-bb-0101,Raw-Edge Chalk White Bikini Bottom,<p>Crafted in premium Crinkled Seersucker with Matte Ribbed Knit accents. This bikini bottom epitomizes anti-fashion statement luxury. Featuring color-blocking in Chalk White and Stone Gray. Perfect for the discerning swimmer who refuses the obvious.</p>,Twessie,Bikini Bottom,"minimalist luxury, minimalist bikini bottom, architectural swimsuit, Crinkled Seersucker bikini, high-end swimwear",TRUE,Color,Chalk White,Size,L,TWESSIE_JP_BB_0101-Chalk White-L,168.0,,10
twessie-jp-bb-0101,Raw-Edge Chalk White Bikini Bottom,<p>Crafted in premium Crinkled Seersucker with Matte Ribbed Knit accents. This bikini bottom epitomizes anti-fashion statement luxury. Featuring color-blocking in Chalk White and Stone Gray. Perfect for the discerning swimmer who refuses the obvious.</p>,Twessie,Bikini Bottom,"minimalist luxury, minimalist bikini bottom, architectural swimsuit, Crinkled Seersucker bikini, high-end swimwear",TRUE,Color,Chalk White,Size,XL,TWESSIE_JP_BB_0101-Chalk White-XL,168.0,,10
twessie-jp-bb-0101,Raw-Edge Chalk White Bikini Bottom,<p>Crafted in premium Crinkled Seersucker with Matte Ribbed Knit accents. This bikini bottom epitomizes anti-fashion statement luxury. Featuring color-blocking in Chalk White and Stone Gray. Perfect for the discerning swimmer who refuses the obvious.</p>,Twessie,Bikini Bottom,"minimalist luxury, minimalist bikini bottom, architectural swimsuit, Crinkled Seersucker bikini, high-end swimwear",TRUE,Color,Chalk White,Size,XXL,TWESSIE_JP_BB_0101-Chalk White-XXL,168.0,,10
twessie-jp-bb-0101,Raw-Edge Chalk White Bikini Bottom,<p>Crafted in premium Crinkled Seersucker with Matte Ribbed Knit accents. This bikini bottom epitomizes anti-fashion statement luxury. Featuring color-blocking in Chalk White and Stone Gray. Perfect for the discerning swimmer who refuses the obvious.</p>,Twessie,Bikini Bottom,"minimalist luxury, minimalist bikini bottom, architectural swimsuit, Crinkled Seersucker bikini, high-end swimwear",TRUE,Color,Stone Gray,Size,XS,TWESSIE_JP_BB_0101-Stone Gray-XS,168.0,,10
twessie-jp-bb-0101,Raw-Edge Chalk White Bikini Bottom,<p>Crafted in premium Crinkled Seersucker with Matte Ribbed Knit accents. This bikini bottom epitomizes anti-fashion statement luxury. Featuring color-blocking in Chalk White and Stone Gray. Perfect for the discerning swimmer who refuses the obvious.</p>,Twessie,Bikini Bottom,"minimalist luxury, minimalist bikini bottom, architectural swimsuit, Crinkled Seersucker bikini, high-end swimwear",TRUE,Color,Stone Gray,Size,S,TWESSIE_JP_BB_0101-Stone Gray-S,168.0,,10
twessie-jp-bb-0101,Raw-Edge Chalk White Bikini Bottom,<p>Crafted in premium Crinkled Seersucker with Matte Ribbed Knit accents. This bikini bottom epitomizes anti-fashion statement luxury. Featuring color-blocking in Chalk White and Stone Gray. Perfect for the discerning swimmer who refuses the obvious.</p>,Twessie,Bikini Bottom,"minimalist luxury, minimalist bikini bottom, architectural swimsuit, Crinkled Seersucker bikini, high-end swimwear",TRUE,Color,Stone Gray,Size,M,TWESSIE_JP_BB_0101-Stone Gray-M,168.0,,10
twessie-jp-bb-0101,Raw-Edge Chalk White Bikini Bottom,<p>Crafted in premium Crinkled Seersucker with Matte Ribbed Knit accents. This bikini bottom epitomizes anti-fashion statement luxury. Featuring color-blocking in Chalk White and Stone Gray. Perfect for the discerning swimmer who refuses the obvious.</p>,Twessie,Bikini Bottom,"minimalist luxury, minimalist bikini bottom, architectural swimsuit, Crinkled Seersucker bikini, high-end swimwear",TRUE,Color,Stone Gray,Size,L,TWESSIE_JP_BB_0101-Stone Gray-L,168.0,,10
twessie-jp-bb-0101,Raw-Edge Chalk White Bikini Bottom,<p>Crafted in premium Crinkled Seersucker with Matte Ribbed Knit accents. This bikini bottom epitomizes anti-fashion statement luxury. Featuring color-blocking in Chalk White and Stone Gray. Perfect for the discerning swimmer who refuses the obvious.</p>,Twessie,Bikini Bottom,"minimalist luxury, minimalist bikini bottom, architectural swimsuit, Crinkled Seersucker bikini, high-end swimwear",TRUE,Color,Stone Gray,Size,XL,TWESSIE_JP_BB_0101-Stone Gray-XL,168.0,,10
twessie-jp-bb-0101,Raw-Edge Chalk White Bikini Bottom,<p>Crafted in premium Crinkled Seersucker with Matte Ribbed Knit accents. This bikini bottom epitomizes anti-fashion statement luxury. Featuring color-blocking in Chalk White and Stone Gray. Perfect for the discerning swimmer who refuses the obvious.</p>,Twessie,Bikini Bottom,"minimalist luxury, minimalist bikini bottom, architectural swimsuit, Crinkled Seersucker bikini, high-end swimwear",TRUE,Color,Stone Gray,Size,XXL,TWESSIE_JP_BB_0101-Stone Gray-XXL,168.0,,10
twessie-jp-bb-0102,Structural Econyl Sleek Satin Bikini Bottom,<p>Crafted in premium Econyl Sleek Satin with Matte Ribbed Knit accents. This bikini bottom epitomizes anti-fashion statement luxury. Featuring color-blocking in Obsidian Black and Burnt Terracotta. Perfect for the discerning swimmer who refuses the obvious.</p>,Twessie,Bikini Bottom,"luxury Obsidian Black swimwear, minimalist bikini bottom, minimalist luxury, high-end swimwear, Econyl Sleek Satin bikini",TRUE,Color,Obsidian Black,Size,XS,TWESSIE_JP_BB_0102-Obsidian Black-XS,168.0,,10
twessie-jp-bb-0102,Structural Econyl Sleek Satin Bikini Bottom,<p>Crafted in premium Econyl Sleek Satin with Matte Ribbed Knit accents. This bikini bottom epitomizes anti-fashion statement luxury. Featuring color-blocking in Obsidian Black and Burnt Terracotta. Perfect for the discerning swimmer who refuses the obvious.</p>,Twessie,Bikini Bottom,"luxury Obsidian Black swimwear, minimalist bikini bottom, minimalist luxury, high-end swimwear, Econyl Sleek Satin bikini",TRUE,Color,Obsidian Black,Size,S,TWESSIE_JP_BB_0102-Obsidian Black-S,168.0,,10
twessie-jp-bb-0102,Structural Econyl Sleek Satin Bikini Bottom,<p>Crafted in premium Econyl Sleek Satin with Matte Ribbed Knit accents. This bikini bottom epitomizes anti-fashion statement luxury. Featuring color-blocking in Obsidian Black and Burnt Terracotta. Perfect for the discerning swimmer who refuses the obvious.</p>,Twessie,Bikini Bottom,"luxury Obsidian Black swimwear, minimalist bikini bottom, minimalist luxury, high-end swimwear, Econyl Sleek Satin bikini",TRUE,Color,Obsidian Black,Size,M,TWESSIE_JP_BB_0102-Obsidian Black-M,168.0,,10
twessie-jp-bb-0102,Structural Econyl Sleek Satin Bikini Bottom,<p>Crafted in premium Econyl Sleek Satin with Matte Ribbed Knit accents. This bikini bottom epitomizes anti-fashion statement luxury. Featuring color-blocking in Obsidian Black and Burnt Terracotta. Perfect for the discerning swimmer who refuses the obvious.</p>,Twessie,Bikini Bottom,"luxury Obsidian Black swimwear, minimalist bikini bottom, minimalist luxury, high-end swimwear, Econyl Sleek Satin bikini",TRUE,Color,Obsidian Black,Size,L,TWESSIE_JP_BB_0102-Obsidian Black-L,168.0,,10
twessie-jp-bb-0102,Structural Econyl Sleek Satin Bikini Bottom,<p>Crafted in premium Econyl Sleek Satin with Matte Ribbed Knit accents. This bikini bottom epitomizes anti-fashion statement luxury. Featuring color-blocking in Obsidian Black and Burnt Terracotta. Perfect for the discerning swimmer who refuses the obvious.</p>,Twessie,Bikini Bottom,"luxury Obsidian Black swimwear, minimalist bikini bottom, minimalist luxury, high-end swimwear, Econyl Sleek Satin bikini",TRUE,Color,Obsidian Black,Size,XL,TWESSIE_JP_BB_0102-Obsidian Black-XL,168.0,,10
twessie-jp-bb-0102,Structural Econyl Sleek Satin Bikini Bottom,<p>Crafted in premium Econyl Sleek Satin with Matte Ribbed Knit accents. This bikini bottom epitomizes anti-fashion statement luxury. Featuring color-blocking in Obsidian Black and Burnt Terracotta. Perfect for the discerning swimmer who refuses the obvious.</p>,Twessie,Bikini Bottom,"luxury Obsidian Black swimwear, minimalist bikini bottom, minimalist luxury, high-end swimwear, Econyl Sleek Satin bikini",TRUE,Color,Obsidian Black,Size,XXL,TWESSIE_JP_BB_0102-Obsidian Black-XXL,168.0,,10
twessie-jp-bb-0102,Structural Econyl Sleek Satin Bikini Bottom,<p>Crafted in premium Econyl Sleek Satin with Matte Ribbed Knit accents. This bikini bottom epitomizes anti-fashion statement luxury. Featuring color-blocking in Obsidian Black and Burnt Terracotta. Perfect for the discerning swimmer who refuses the obvious.</p>,Twessie,Bikini Bottom,"luxury Obsidian Black swimwear, minimalist bikini bottom, minimalist luxury, high-end swimwear, Econyl Sleek Satin bikini",TRUE,Color,Burnt Terracotta,Size,XS,TWESSIE_JP_BB_0102-Burnt Terracotta-XS,168.0,,10
twessie-jp-bb-0102,Structural Econyl Sleek Satin Bikini Bottom,<p>Crafted in premium Econyl Sleek Satin with Matte Ribbed Knit accents. This bikini bottom epitomizes anti-fashion statement luxury. Featuring color-blocking in Obsidian Black and Burnt Terracotta. Perfect for the discerning swimmer who refuses the obvious.</p>,Twessie,Bikini Bottom,"luxury Obsidian Black swimwear, minimalist bikini bottom, minimalist luxury, high-end swimwear, Econyl Sleek Satin bikini",TRUE,Color,Burnt Terracotta,Size,S,TWESSIE_JP_BB_0102-Burnt Terracotta-S,168.0,,10
twessie-jp-bb-0102,Structural Econyl Sleek Satin Bikini Bottom,<p>Crafted in premium Econyl Sleek Satin with Matte Ribbed Knit accents. This bikini bottom epitomizes anti-fashion statement luxury. Featuring color-blocking in Obsidian Black and Burnt Terracotta. Perfect for the discerning swimmer who refuses the obvious.</p>,Twessie,Bikini Bottom,"luxury Obsidian Black swimwear, minimalist bikini bottom, minimalist luxury, high-end swimwear, Econyl Sleek Satin bikini",TRUE,Color,Burnt Terracotta,Size,M,TWESSIE_JP_BB_0102-Burnt Terracotta-M,168.0,,10
twessie-jp-bb-0102,Structural Econyl Sleek Satin Bikini Bottom,<p>Crafted in premium Econyl Sleek Satin with Matte Ribbed Knit accents. This bikini bottom epitomizes anti-fashion statement luxury. Featuring color-blocking in Obsidian Black and Burnt Terracotta. Perfect for the discerning swimmer who refuses the obvious.</p>,Twessie,Bikini Bottom,"luxury Obsidian Black swimwear, minimalist bikini bottom, minimalist luxury, high-end swimwear, Econyl Sleek Satin bikini",TRUE,Color,Burnt Terracotta,Size,L,TWESSIE_JP_BB_0102-Burnt Terracotta-L,168.0,,10
twessie-jp-bb-0102,Structural Econyl Sleek Satin Bikini Bottom,<p>Crafted in premium Econyl Sleek Satin with Matte Ribbed Knit accents. This bikini bottom epitomizes anti-fashion statement luxury. Featuring color-blocking in Obsidian Black and Burnt Terracotta. Perfect for the discerning swimmer who refuses the obvious.</p>,Twessie,Bikini Bottom,"luxury Obsidian Black swimwear, minimalist bikini bottom, minimalist luxury, high-end swimwear, Econyl Sleek Satin bikini",TRUE,Color,Burnt Terracotta,Size,XL,TWESSIE_JP_BB_0102-Burnt Terracotta-XL,168.0,,10
twessie-jp-bb-0102,Structural Econyl Sleek Satin Bikini Bottom,<p>Crafted in premium Econyl Sleek Satin with Matte Ribbed Knit accents. This bikini bottom epitomizes anti-fashion statement luxury. Featuring color-blocking in Obsidian Black and Burnt Terracotta. Perfect for the discerning swimmer who refuses the obvious.</p>,Twessie,Bikini Bottom,"luxury Obsidian Black swimwear, minimalist bikini bottom, minimalist luxury, high-end swimwear, Econyl Sleek Satin bikini",TRUE,Color,Burnt Terracotta,Size,XXL,TWESSIE_JP_BB_0102-Burnt Terracotta-XXL,168.0,,10
twessie-sg-bb-0103,Raw-Edge Stone Gray Bikini Bottom,"<p>Crinkled Seersucker construction meets architectural precision in this bikini bottom. Designed for the intelligent, independent woman. The Stone Gray colorway with Chalk White accents creates a sophisticated palette. Pure minimalist luxury elegance.</p>",Twessie,Bikini Bottom,"minimalist bikini bottom, high-end swimwear, luxury Stone Gray swimwear, Crinkled Seersucker bikini, independent fashion",TRUE,Color,Stone Gray,Size,XS,TWESSIE_SG_BB_0103-Stone Gray-XS,168.0,,10
twessie-sg-bb-0103,Raw-Edge Stone Gray Bikini Bottom,"<p>Crinkled Seersucker construction meets architectural precision in this bikini bottom. Designed for the intelligent, independent woman. The Stone Gray colorway with Chalk White accents creates a sophisticated palette. Pure minimalist luxury elegance.</p>",Twessie,Bikini Bottom,"minimalist bikini bottom, high-end swimwear, luxury Stone Gray swimwear, Crinkled Seersucker bikini, independent fashion",TRUE,Color,Stone Gray,Size,S,TWESSIE_SG_BB_0103-Stone Gray-S,168.0,,10
twessie-sg-bb-0103,Raw-Edge Stone Gray Bikini Bottom,"<p>Crinkled Seersucker construction meets architectural precision in this bikini bottom. Designed for the intelligent, independent woman. The Stone Gray colorway with Chalk White accents creates a sophisticated palette. Pure minimalist luxury elegance.</p>",Twessie,Bikini Bottom,"minimalist bikini bottom, high-end swimwear, luxury Stone Gray swimwear, Crinkled Seersucker bikini, independent fashion",TRUE,Color,Stone Gray,Size,M,TWESSIE_SG_BB_0103-Stone Gray-M,168.0,,10
twessie-sg-bb-0103,Raw-Edge Stone Gray Bikini Bottom,"<p>Crinkled Seersucker construction meets architectural precision in this bikini bottom. Designed for the intelligent, independent woman. The Stone Gray colorway with Chalk White accents creates a sophisticated palette. Pure minimalist luxury elegance.</p>",Twessie,Bikini Bottom,"minimalist bikini bottom, high-end swimwear, luxury Stone Gray swimwear, Crinkled Seersucker bikini, independent fashion",TRUE,Color,Stone Gray,Size,L,TWESSIE_SG_BB_0103-Stone Gray-L,168.0,,10
twessie-sg-bb-0103,Raw-Edge Stone Gray Bikini Bottom,"<p>Crinkled Seersucker construction meets architectural precision in this bikini bottom. Designed for the intelligent, independent woman. The Stone Gray colorway with Chalk White accents creates a sophisticated palette. Pure minimalist luxury elegance.</p>",Twessie,Bikini Bottom,"minimalist bikini bottom, high-end swimwear, luxury Stone Gray swimwear, Crinkled Seersucker bikini, independent fashion",TRUE,Color,Stone Gray,Size,XL,TWESSIE_SG_BB_0103-Stone Gray-XL,168.0,,10
twessie-sg-bb-0103,Raw-Edge Stone Gray Bikini Bottom,"<p>Crinkled Seersucker construction meets architectural precision in this bikini bottom. Designed for the intelligent, independent woman. The Stone Gray colorway with Chalk White accents creates a sophisticated palette. Pure minimalist luxury elegance.</p>",Twessie,Bikini Bottom,"minimalist bikini bottom, high-end swimwear, luxury Stone Gray swimwear, Crinkled Seersucker bikini, independent fashion",TRUE,Color,Stone Gray,Size,XXL,TWESSIE_SG_BB_0103-Stone Gray-XXL,168.0,,10
twessie-sg-bb-0103,Raw-Edge Stone Gray Bikini Bottom,"<p>Crinkled Seersucker construction meets architectural precision in this bikini bottom. Designed for the intelligent, independent woman. The Stone Gray colorway with Chalk White accents creates a sophisticated palette. Pure minimalist luxury elegance.</p>",Twessie,Bikini Bottom,"minimalist bikini bottom, high-end swimwear, luxury Stone Gray swimwear, Crinkled Seersucker bikini, independent fashion",TRUE,Color,Chalk White,Size,XS,TWESSIE_SG_BB_0103-Chalk White-XS,168.0,,10
twessie-sg-bb-0103,Raw-Edge Stone Gray Bikini Bottom,"<p>Crinkled Seersucker construction meets architectural precision in this bikini bottom. Designed for the intelligent, independent woman. The Stone Gray colorway with Chalk White accents creates a sophisticated palette. Pure minimalist luxury elegance.</p>",Twessie,Bikini Bottom,"minimalist bikini bottom, high-end swimwear, luxury Stone Gray swimwear, Crinkled Seersucker bikini, independent fashion",TRUE,Color,Chalk White,Size,S,TWESSIE_SG_BB_0103-Chalk White-S,168.0,,10
twessie-sg-bb-0103,Raw-Edge Stone Gray Bikini Bottom,"<p>Crinkled Seersucker construction meets architectural precision in this bikini bottom. Designed for the intelligent, independent woman. The Stone Gray colorway with Chalk White accents creates a sophisticated palette. Pure minimalist luxury elegance.</p>",Twessie,Bikini Bottom,"minimalist bikini bottom, high-end swimwear, luxury Stone Gray swimwear, Crinkled Seersucker bikini, independent fashion",TRUE,Color,Chalk White,Size,M,TWESSIE_SG_BB_0103-Chalk White-M,168.0,,10
twessie-sg-bb-0103,Raw-Edge Stone Gray Bikini Bottom,"<p>Crinkled Seersucker construction meets architectural precision in this bikini bottom. Designed for the intelligent, independent woman. The Stone Gray colorway with Chalk White accents creates a sophisticated palette. Pure minimalist luxury elegance.</p>",Twessie,Bikini Bottom,"minimalist bikini bottom, high-end swimwear, luxury Stone Gray swimwear, Crinkled Seersucker bikini, independent fashion",TRUE,Color,Chalk White,Size,L,TWESSIE_SG_BB_0103-Chalk White-L,168.0,,10
twessie-sg-bb-0103,Raw-Edge Stone Gray Bikini Bottom,"<p>Crinkled Seersucker construction meets architectural precision in this bikini bottom. Designed for the intelligent, independent woman. The Stone Gray colorway with Chalk White accents creates a sophisticated palette. Pure minimalist luxury elegance.</p>",Twessie,Bikini Bottom,"minimalist bikini bottom, high-end swimwear, luxury Stone Gray swimwear, Crinkled Seersucker bikini, independent fashion",TRUE,Color,Chalk White,Size,XL,TWESSIE_SG_BB_0103-Chalk White-XL,168.0,,10
twessie-sg-bb-0103,Raw-Edge Stone Gray Bikini Bottom,"<p>Crinkled Seersucker construction meets architectural precision in this bikini bottom. Designed for the intelligent, independent woman. The Stone Gray colorway with Chalk White accents creates a sophisticated palette. Pure minimalist luxury elegance.</p>",Twessie,Bikini Bottom,"minimalist bikini bottom, high-end swimwear, luxury Stone Gray swimwear, Crinkled Seersucker bikini, independent fashion",TRUE,Color,Chalk White,Size,XXL,TWESSIE_SG_BB_0103-Chalk White-XXL,168.0,,10
twessie-sg-bt-0104,Architecture-Cut Obsidian Black Bikini Top,<p>A statement piece in Econyl Sleek Satin. This bikini top combines rebellious yet refined design with impeccable craftsmanship. Available in Obsidian Black with Chalk White detailing. Not loud. Not obvious. Unmistakably Twessie.</p>,Twessie,Bikini Top,"luxury Obsidian Black swimwear, minimalist luxury, Econyl Sleek Satin bikini, architectural swimsuit, minimalist bikini top",TRUE,Color,Obsidian Black,Size,XS,TWESSIE_SG_BT_0104-Obsidian Black-XS,168.0,,10
twessie-sg-bt-0104,Architecture-Cut Obsidian Black Bikini Top,<p>A statement piece in Econyl Sleek Satin. This bikini top combines rebellious yet refined design with impeccable craftsmanship. Available in Obsidian Black with Chalk White detailing. Not loud. Not obvious. Unmistakably Twessie.</p>,Twessie,Bikini Top,"luxury Obsidian Black swimwear, minimalist luxury, Econyl Sleek Satin bikini, architectural swimsuit, minimalist bikini top",TRUE,Color,Obsidian Black,Size,S,TWESSIE_SG_BT_0104-Obsidian Black-S,168.0,,10
twessie-sg-bt-0104,Architecture-Cut Obsidian Black Bikini Top,<p>A statement piece in Econyl Sleek Satin. This bikini top combines rebellious yet refined design with impeccable craftsmanship. Available in Obsidian Black with Chalk White detailing. Not loud. Not obvious. Unmistakably Twessie.</p>,Twessie,Bikini Top,"luxury Obsidian Black swimwear, minimalist luxury, Econyl Sleek Satin bikini, architectural swimsuit, minimalist bikini top",TRUE,Color,Obsidian Black,Size,M,TWESSIE_SG_BT_0104-Obsidian Black-M,168.0,,10
twessie-sg-bt-0104,Architecture-Cut Obsidian Black Bikini Top,<p>A statement piece in Econyl Sleek Satin. This bikini top combines rebellious yet refined design with impeccable craftsmanship. Available in Obsidian Black with Chalk White detailing. Not loud. Not obvious. Unmistakably Twessie.</p>,Twessie,Bikini Top,"luxury Obsidian Black swimwear, minimalist luxury, Econyl Sleek Satin bikini, architectural swimsuit, minimalist bikini top",TRUE,Color,Obsidian Black,Size,L,TWESSIE_SG_BT_0104-Obsidian Black-L,168.0,,10
twessie-sg-bt-0104,Architecture-Cut Obsidian Black Bikini Top,<p>A statement piece in Econyl Sleek Satin. This bikini top combines rebellious yet refined design with impeccable craftsmanship. Available in Obsidian Black with Chalk White detailing. Not loud. Not obvious. Unmistakably Twessie.</p>,Twessie,Bikini Top,"luxury Obsidian Black swimwear, minimalist luxury, Econyl Sleek Satin bikini, architectural swimsuit, minimalist bikini top",TRUE,Color,Obsidian Black,Size,XL,TWESSIE_SG_BT_0104-Obsidian Black-XL,168.0,,10
twessie-sg-bt-0104,Architecture-Cut Obsidian Black Bikini Top,<p>A statement piece in Econyl Sleek Satin. This bikini top combines rebellious yet refined design with impeccable craftsmanship. Available in Obsidian Black with Chalk White detailing. Not loud. Not obvious. Unmistakably Twessie.</p>,Twessie,Bikini Top,"luxury Obsidian Black swimwear, minimalist luxury, Econyl Sleek Satin bikini, architectural swimsuit, minimalist bikini top",TRUE,Color,Obsidian Black,Size,XXL,TWESSIE_SG_BT_0104-Obsidian Black-XXL,168.0,,10
twessie-sg-bt-0104,Architecture-Cut Obsidian Black Bikini Top,<p>A statement piece in Econyl Sleek Satin. This bikini top combines rebellious yet refined design with impeccable craftsmanship. Available in Obsidian Black with Chalk White detailing. Not loud. Not obvious. Unmistakably Twessie.</p>,Twessie,Bikini Top,"luxury Obsidian Black swimwear, minimalist luxury, Econyl Sleek Satin bikini, architectural swimsuit, minimalist bikini top",TRUE,Color,Chalk White,Size,XS,TWESSIE_SG_BT_0104-Chalk White-XS,168.0,,10
twessie-sg-bt-0104,Architecture-Cut Obsidian Black Bikini Top,<p>A statement piece in Econyl Sleek Satin. This bikini top combines rebellious yet refined design with impeccable craftsmanship. Available in Obsidian Black with Chalk White detailing. Not loud. Not obvious. Unmistakably Twessie.</p>,Twessie,Bikini Top,"luxury Obsidian Black swimwear, minimalist luxury, Econyl Sleek Satin bikini, architectural swimsuit, minimalist bikini top",TRUE,Color,Chalk White,Size,S,TWESSIE_SG_BT_0104-Chalk White-S,168.0,,10
twessie-sg-bt-0104,Architecture-Cut Obsidian Black Bikini Top,<p>A statement piece in Econyl Sleek Satin. This bikini top combines rebellious yet refined design with impeccable craftsmanship. Available in Obsidian Black with Chalk White detailing. Not loud. Not obvious. Unmistakably Twessie.</p>,Twessie,Bikini Top,"luxury Obsidian Black swimwear, minimalist luxury, Econyl Sleek Satin bikini, architectural swimsuit, minimalist bikini top",TRUE,Color,Chalk White,Size,M,TWESSIE_SG_BT_0104-Chalk White-M,168.0,,10
twessie-sg-bt-0104,Architecture-Cut Obsidian Black Bikini Top,<p>A statement piece in Econyl Sleek Satin. This bikini top combines rebellious yet refined design with impeccable craftsmanship. Available in Obsidian Black with Chalk White detailing. Not loud. Not obvious. Unmistakably Twessie.</p>,Twessie,Bikini Top,"luxury Obsidian Black swimwear, minimalist luxury, Econyl Sleek Satin bikini, architectural swimsuit, minimalist bikini top",TRUE,Color,Chalk White,Size,L,TWESSIE_SG_BT_0104-Chalk White-L,168.0,,10
twessie-sg-bt-0104,Architecture-Cut Obsidian Black Bikini Top,<p>A statement piece in Econyl Sleek Satin. This bikini top combines rebellious yet refined design with impeccable craftsmanship. Available in Obsidian Black with Chalk White detailing. Not loud. Not obvious. Unmistakably Twessie.</p>,Twessie,Bikini Top,"luxury Obsidian Black swimwear, minimalist luxury, Econyl Sleek Satin bikini, architectural swimsuit, minimalist bikini top",TRUE,Color,Chalk White,Size,XL,TWESSIE_SG_BT_0104-Chalk White-XL,168.0,,10
twessie-sg-bt-0104,Architecture-Cut Obsidian Black Bikini Top,<p>A statement piece in Econyl Sleek Satin. This bikini top combines rebellious yet refined design with impeccable craftsmanship. Available in Obsidian Black with Chalk White detailing. Not loud. Not obvious. Unmistakably Twessie.</p>,Twessie,Bikini Top,"luxury Obsidian Black swimwear, minimalist luxury, Econyl Sleek Satin bikini, architectural swimsuit, minimalist bikini top",TRUE,Color,Chalk White,Size,XXL,TWESSIE_SG_BT_0104-Chalk White-XXL,168.0,,10
twessie-eu-bt-0105,Minimalist Obsidian Black Textured Bikini Top,"<p>Econyl Sleek Satin construction meets architectural precision in this bikini top. Designed for the intelligent, independent woman. The Obsidian Black colorway with Chalk White accents creates a sophisticated palette. Pure rebellious yet refined elegance.</p>",Twessie,Bikini Top,"Econyl Sleek Satin bikini, luxury Obsidian Black swimwear, independent fashion, high-end swimwear, architectural swimsuit",TRUE,Color,Obsidian Black,Size,XS,TWESSIE_EU_BT_0105-Obsidian Black-XS,168.0,,10
twessie-eu-bt-0105,Minimalist Obsidian Black Textured Bikini Top,"<p>Econyl Sleek Satin construction meets architectural precision in this bikini top. Designed for the intelligent, independent woman. The Obsidian Black colorway with Chalk White accents creates a sophisticated palette. Pure rebellious yet refined elegance.</p>",Twessie,Bikini Top,"Econyl Sleek Satin bikini, luxury Obsidian Black swimwear, independent fashion, high-end swimwear, architectural swimsuit",TRUE,Color,Obsidian Black,Size,S,TWESSIE_EU_BT_0105-Obsidian Black-S,168.0,,10
twessie-eu-bt-0105,Minimalist Obsidian Black Textured Bikini Top,"<p>Econyl Sleek Satin construction meets architectural precision in this bikini top. Designed for the intelligent, independent woman. The Obsidian Black colorway with Chalk White accents creates a sophisticated palette. Pure rebellious yet refined elegance.</p>",Twessie,Bikini Top,"Econyl Sleek Satin bikini, luxury Obsidian Black swimwear, independent fashion, high-end swimwear, architectural swimsuit",TRUE,Color,Obsidian Black,Size,M,TWESSIE_EU_BT_0105-Obsidian Black-M,168.0,,10
twessie-eu-bt-0105,Minimalist Obsidian Black Textured Bikini Top,"<p>Econyl Sleek Satin construction meets architectural precision in this bikini top. Designed for the intelligent, independent woman. The Obsidian Black colorway with Chalk White accents creates a sophisticated palette. Pure rebellious yet refined elegance.</p>",Twessie,Bikini Top,"Econyl Sleek Satin bikini, luxury Obsidian Black swimwear, independent fashion, high-end swimwear, architectural swimsuit",TRUE,Color,Obsidian Black,Size,L,TWESSIE_EU_BT_0105-Obsidian Black-L,168.0,,10
twessie-eu-bt-0105,Minimalist Obsidian Black Textured Bikini Top,"<p>Econyl Sleek Satin construction meets architectural precision in this bikini top. Designed for the intelligent, independent woman. The Obsidian Black colorway with Chalk White accents creates a sophisticated palette. Pure rebellious yet refined elegance.</p>",Twessie,Bikini Top,"Econyl Sleek Satin bikini, luxury Obsidian Black swimwear, independent fashion, high-end swimwear, architectural swimsuit",TRUE,Color,Obsidian Black,Size,XL,TWESSIE_EU_BT_0105-Obsidian Black-XL,168.0,,10
twessie-eu-bt-0105,Minimalist Obsidian Black Textured Bikini Top,"<p>Econyl Sleek Satin construction meets architectural precision in this bikini top. Designed for the intelligent, independent woman. The Obsidian Black colorway with Chalk White accents creates a sophisticated palette. Pure rebellious yet refined elegance.</p>",Twessie,Bikini Top,"Econyl Sleek Satin bikini, luxury Obsidian Black swimwear, independent fashion, high-end swimwear, architectural swimsuit",TRUE,Color,Obsidian Black,Size,XXL,TWESSIE_EU_BT_0105-Obsidian Black-XXL,168.0,,10
twessie-eu-bt-0105,Minimalist Obsidian Black Textured Bikini Top,"<p>Econyl Sleek Satin construction meets architectural precision in this bikini top. Designed for the intelligent, independent woman. The Obsidian Black colorway with Chalk White accents creates a sophisticated palette. Pure rebellious yet refined elegance.</p>",Twessie,Bikini Top,"Econyl Sleek Satin bikini, luxury Obsidian Black swimwear, independent fashion, high-end swimwear, architectural swimsuit",TRUE,Color,Chalk White,Size,XS,TWESSIE_EU_BT_0105-Chalk White-XS,168.0,,10
twessie-eu-bt-0105,Minimalist Obsidian Black Textured Bikini Top,"<p>Econyl Sleek Satin construction meets architectural precision in this bikini top. Designed for the intelligent, independent woman. The Obsidian Black colorway with Chalk White accents creates a sophisticated palette. Pure rebellious yet refined elegance.</p>",Twessie,Bikini Top,"Econyl Sleek Satin bikini, luxury Obsidian Black swimwear, independent fashion, high-end swimwear, architectural swimsuit",TRUE,Color,Chalk White,Size,S,TWESSIE_EU_BT_0105-Chalk White-S,168.0,,10
twessie-eu-bt-0105,Minimalist Obsidian Black Textured Bikini Top,"<p>Econyl Sleek Satin construction meets architectural precision in this bikini top. Designed for the intelligent, independent woman. The Obsidian Black colorway with Chalk White accents creates a sophisticated palette. Pure rebellious yet refined elegance.</p>",Twessie,Bikini Top,"Econyl Sleek Satin bikini, luxury Obsidian Black swimwear, independent fashion, high-end swimwear, architectural swimsuit",TRUE,Color,Chalk White,Size,M,TWESSIE_EU_BT_0105-Chalk White-M,168.0,,10
twessie-eu-bt-0105,Minimalist Obsidian Black Textured Bikini Top,"<p>Econyl Sleek Satin construction meets architectural precision in this bikini top. Designed for the intelligent, independent woman. The Obsidian Black colorway with Chalk White accents creates a sophisticated palette. Pure rebellious yet refined elegance.</p>",Twessie,Bikini Top,"Econyl Sleek Satin bikini, luxury Obsidian Black swimwear, independent fashion, high-end swimwear, architectural swimsuit",TRUE,Color,Chalk White,Size,L,TWESSIE_EU_BT_0105-Chalk White-L,168.0,,10
twessie-eu-bt-0105,Minimalist Obsidian Black Textured Bikini Top,"<p>Econyl Sleek Satin construction meets architectural precision in this bikini top. Designed for the intelligent, independent woman. The Obsidian Black colorway with Chalk White accents creates a sophisticated palette. Pure rebellious yet refined elegance.</p>",Twessie,Bikini Top,"Econyl Sleek Satin bikini, luxury Obsidian Black swimwear, independent fashion, high-end swimwear, architectural swimsuit",TRUE,Color,Chalk White,Size,XL,TWESSIE_EU_BT_0105-Chalk White-XL,168.0,,10
twessie-eu-bt-0105,Minimalist Obsidian Black Textured Bikini Top,"<p>Econyl Sleek Satin construction meets architectural precision in this bikini top. Designed for the intelligent, independent woman. The Obsidian Black colorway with Chalk White accents creates a sophisticated palette. Pure rebellious yet refined elegance.</p>",Twessie,Bikini Top,"Econyl Sleek Satin bikini, luxury Obsidian Black swimwear, independent fashion, high-end swimwear, architectural swimsuit",TRUE,Color,Chalk White,Size,XXL,TWESSIE_EU_BT_0105-Chalk White-XXL,168.0,,10
twessie-jp-op-0106,High-Fashion Stone Gray One-Piece Suit,"<p>Crinkled Seersucker construction meets architectural precision in this one-piece. Designed for the intelligent, independent woman. The Stone Gray colorway with Chalk White accents creates a sophisticated palette. Pure intelligent aesthetic elegance.</p>",Twessie,One-Piece,"high-end swimwear, luxury Stone Gray swimwear, Crinkled Seersucker bikini, minimalist luxury, minimalist one-piece",TRUE,Color,Stone Gray,Size,XS,TWESSIE_JP_OP_0106-Stone Gray-XS,168.0,,10
twessie-jp-op-0106,High-Fashion Stone Gray One-Piece Suit,"<p>Crinkled Seersucker construction meets architectural precision in this one-piece. Designed for the intelligent, independent woman. The Stone Gray colorway with Chalk White accents creates a sophisticated palette. Pure intelligent aesthetic elegance.</p>",Twessie,One-Piece,"high-end swimwear, luxury Stone Gray swimwear, Crinkled Seersucker bikini, minimalist luxury, minimalist one-piece",TRUE,Color,Stone Gray,Size,S,TWESSIE_JP_OP_0106-Stone Gray-S,168.0,,10
twessie-jp-op-0106,High-Fashion Stone Gray One-Piece Suit,"<p>Crinkled Seersucker construction meets architectural precision in this one-piece. Designed for the intelligent, independent woman. The Stone Gray colorway with Chalk White accents creates a sophisticated palette. Pure intelligent aesthetic elegance.</p>",Twessie,One-Piece,"high-end swimwear, luxury Stone Gray swimwear, Crinkled Seersucker bikini, minimalist luxury, minimalist one-piece",TRUE,Color,Stone Gray,Size,M,TWESSIE_JP_OP_0106-Stone Gray-M,168.0,,10
twessie-jp-op-0106,High-Fashion Stone Gray One-Piece Suit,"<p>Crinkled Seersucker construction meets architectural precision in this one-piece. Designed for the intelligent, independent woman. The Stone Gray colorway with Chalk White accents creates a sophisticated palette. Pure intelligent aesthetic elegance.</p>",Twessie,One-Piece,"high-end swimwear, luxury Stone Gray swimwear, Crinkled Seersucker bikini, minimalist luxury, minimalist one-piece",TRUE,Color,Stone Gray,Size,L,TWESSIE_JP_OP_0106-Stone Gray-L,168.0,,10
twessie-jp-op-0106,High-Fashion Stone Gray One-Piece Suit,"<p>Crinkled Seersucker construction meets architectural precision in this one-piece. Designed for the intelligent, independent woman. The Stone Gray colorway with Chalk White accents creates a sophisticated palette. Pure intelligent aesthetic elegance.</p>",Twessie,One-Piece,"high-end swimwear, luxury Stone Gray swimwear, Crinkled Seersucker bikini, minimalist luxury, minimalist one-piece",TRUE,Color,Stone Gray,Size,XL,TWESSIE_JP_OP_0106-Stone Gray-XL,168.0,,10
twessie-jp-op-0106,High-Fashion Stone Gray One-Piece Suit,"<p>Crinkled Seersucker construction meets architectural precision in this one-piece. Designed for the intelligent, independent woman. The Stone Gray colorway with Chalk White accents creates a sophisticated palette. Pure intelligent aesthetic elegance.</p>",Twessie,One-Piece,"high-end swimwear, luxury Stone Gray swimwear, Crinkled Seersucker bikini, minimalist luxury, minimalist one-piece",TRUE,Color,Stone Gray,Size,XXL,TWESSIE_JP_OP_0106-Stone Gray-XXL,168.0,,10
twessie-jp-op-0106,High-Fashion Stone Gray One-Piece Suit,"<p>Crinkled Seersucker construction meets architectural precision in this one-piece. Designed for the intelligent, independent woman. The Stone Gray colorway with Chalk White accents creates a sophisticated palette. Pure intelligent aesthetic elegance.</p>",Twessie,One-Piece,"high-end swimwear, luxury Stone Gray swimwear, Crinkled Seersucker bikini, minimalist luxury, minimalist one-piece",TRUE,Color,Chalk White,Size,XS,TWESSIE_JP_OP_0106-Chalk White-XS,168.0,,10
twessie-jp-op-0106,High-Fashion Stone Gray One-Piece Suit,"<p>Crinkled Seersucker construction meets architectural precision in this one-piece. Designed for the intelligent, independent woman. The Stone Gray colorway with Chalk White accents creates a sophisticated palette. Pure intelligent aesthetic elegance.</p>",Twessie,One-Piece,"high-end swimwear, luxury Stone Gray swimwear, Crinkled Seersucker bikini, minimalist luxury, minimalist one-piece",TRUE,Color,Chalk White,Size,S,TWESSIE_JP_OP_0106-Chalk White-S,168.0,,10
twessie-jp-op-0106,High-Fashion Stone Gray One-Piece Suit,"<p>Crinkled Seersucker construction meets architectural precision in this one-piece. Designed for the intelligent, independent woman. The Stone Gray colorway with Chalk White accents creates a sophisticated palette. Pure intelligent aesthetic elegance.</p>",Twessie,One-Piece,"high-end swimwear, luxury Stone Gray swimwear, Crinkled Seersucker bikini, minimalist luxury, minimalist one-piece",TRUE,Color,Chalk White,Size,M,TWESSIE_JP_OP_0106-Chalk White-M,168.0,,10
twessie-jp-op-0106,High-Fashion Stone Gray One-Piece Suit,"<p>Crinkled Seersucker construction meets architectural precision in this one-piece. Designed for the intelligent, independent woman. The Stone Gray colorway with Chalk White accents creates a sophisticated palette. Pure intelligent aesthetic elegance.</p>",Twessie,One-Piece,"high-end swimwear, luxury Stone Gray swimwear, Crinkled Seersucker bikini, minimalist luxury, minimalist one-piece",TRUE,Color,Chalk White,Size,L,TWESSIE_JP_OP_0106-Chalk White-L,168.0,,10
twessie-jp-op-0106,High-Fashion Stone Gray One-Piece Suit,"<p>Crinkled Seersucker construction meets architectural precision in this one-piece. Designed for the intelligent, independent woman. The Stone Gray colorway with Chalk White accents creates a sophisticated palette. Pure intelligent aesthetic elegance.</p>",Twessie,One-Piece,"high-end swimwear, luxury Stone Gray swimwear, Crinkled Seersucker bikini, minimalist luxury, minimalist one-piece",TRUE,Color,Chalk White,Size,XL,TWESSIE_JP_OP_0106-Chalk White-XL,168.0,,10
twessie-jp-op-0106,High-Fashion Stone Gray One-Piece Suit,"<p>Crinkled Seersucker construction meets architectural precision in this one-piece. Designed for the intelligent, independent woman. The Stone Gray colorway with Chalk White accents creates a sophisticated palette. Pure intelligent aesthetic elegance.</p>",Twessie,One-Piece,"high-end swimwear, luxury Stone Gray swimwear, Crinkled Seersucker bikini, minimalist luxury, minimalist one-piece",TRUE,Color,Chalk White,Size,XXL,TWESSIE_JP_OP_0106-Chalk White-XXL,168.0,,10
twessie-jp-op-0107,Chalk White Architectural One-Piece Swimsuit,<p>A statement piece in Crinkled Seersucker. This one-piece combines architectural elegance design with impeccable craftsmanship. Available in Chalk White with Stone Gray detailing. Not loud. Not obvious. Unmistakably Twessie.</p>,Twessie,One-Piece,"minimalist luxury, architectural swimsuit, high-end swimwear, luxury Chalk White swimwear, Crinkled Seersucker bikini",TRUE,Color,Chalk White,Size,XS,TWESSIE_JP_OP_0107-Chalk White-XS,168.0,,10
twessie-jp-op-0107,Chalk White Architectural One-Piece Swimsuit,<p>A statement piece in Crinkled Seersucker. This one-piece combines architectural elegance design with impeccable craftsmanship. Available in Chalk White with Stone Gray detailing. Not loud. Not obvious. Unmistakably Twessie.</p>,Twessie,One-Piece,"minimalist luxury, architectural swimsuit, high-end swimwear, luxury Chalk White swimwear, Crinkled Seersucker bikini",TRUE,Color,Chalk White,Size,S,TWESSIE_JP_OP_0107-Chalk White-S,168.0,,10
twessie-jp-op-0107,Chalk White Architectural One-Piece Swimsuit,<p>A statement piece in Crinkled Seersucker. This one-piece combines architectural elegance design with impeccable craftsmanship. Available in Chalk White with Stone Gray detailing. Not loud. Not obvious. Unmistakably Twessie.</p>,Twessie,One-Piece,"minimalist luxury, architectural swimsuit, high-end swimwear, luxury Chalk White swimwear, Crinkled Seersucker bikini",TRUE,Color,Chalk White,Size,M,TWESSIE_JP_OP_0107-Chalk White-M,168.0,,10
twessie-jp-op-0107,Chalk White Architectural One-Piece Swimsuit,<p>A statement piece in Crinkled Seersucker. This one-piece combines architectural elegance design with impeccable craftsmanship. Available in Chalk White with Stone Gray detailing. Not loud. Not obvious. Unmistakably Twessie.</p>,Twessie,One-Piece,"minimalist luxury, architectural swimsuit, high-end swimwear, luxury Chalk White swimwear, Crinkled Seersucker bikini",TRUE,Color,Chalk White,Size,L,TWESSIE_JP_OP_0107-Chalk White-L,168.0,,10
twessie-jp-op-0107,Chalk White Architectural One-Piece Swimsuit,<p>A statement piece in Crinkled Seersucker. This one-piece combines architectural elegance design with impeccable craftsmanship. Available in Chalk White with Stone Gray detailing. Not loud. Not obvious. Unmistakably Twessie.</p>,Twessie,One-Piece,"minimalist luxury, architectural swimsuit, high-end swimwear, luxury Chalk White swimwear, Crinkled Seersucker bikini",TRUE,Color,Chalk White,Size,XL,TWESSIE_JP_OP_0107-Chalk White-XL,168.0,,10
twessie-jp-op-0107,Chalk White Architectural One-Piece Swimsuit,<p>A statement piece in Crinkled Seersucker. This one-piece combines architectural elegance design with impeccable craftsmanship. Available in Chalk White with Stone Gray detailing. Not loud. Not obvious. Unmistakably Twessie.</p>,Twessie,One-Piece,"minimalist luxury, architectural swimsuit, high-end swimwear, luxury Chalk White swimwear, Crinkled Seersucker bikini",TRUE,Color,Chalk White,Size,XXL,TWESSIE_JP_OP_0107-Chalk White-XXL,168.0,,10
twessie-jp-op-0107,Chalk White Architectural One-Piece Swimsuit,<p>A statement piece in Crinkled Seersucker. This one-piece combines architectural elegance design with impeccable craftsmanship. Available in Chalk White with Stone Gray detailing. Not loud. Not obvious. Unmistakably Twessie.</p>,Twessie,One-Piece,"minimalist luxury, architectural swimsuit, high-end swimwear, luxury Chalk White swimwear, Crinkled Seersucker bikini",TRUE,Color,Stone Gray,Size,XS,TWESSIE_JP_OP_0107-Stone Gray-XS,168.0,,10
twessie-jp-op-0107,Chalk White Architectural One-Piece Swimsuit,<p>A statement piece in Crinkled Seersucker. This one-piece combines architectural elegance design with impeccable craftsmanship. Available in Chalk White with Stone Gray detailing. Not loud. Not obvious. Unmistakably Twessie.</p>,Twessie,One-Piece,"minimalist luxury, architectural swimsuit, high-end swimwear, luxury Chalk White swimwear, Crinkled Seersucker bikini",TRUE,Color,Stone Gray,Size,S,TWESSIE_JP_OP_0107-Stone Gray-S,168.0,,10
twessie-jp-op-0107,Chalk White Architectural One-Piece Swimsuit,<p>A statement piece in Crinkled Seersucker. This one-piece combines architectural elegance design with impeccable craftsmanship. Available in Chalk White with Stone Gray detailing. Not loud. Not obvious. Unmistakably Twessie.</p>,Twessie,One-Piece,"minimalist luxury, architectural swimsuit, high-end swimwear, luxury Chalk White swimwear, Crinkled Seersucker bikini",TRUE,Color,Stone Gray,Size,M,TWESSIE_JP_OP_0107-Stone Gray-M,168.0,,10
twessie-jp-op-0107,Chalk White Architectural One-Piece Swimsuit,<p>A statement piece in Crinkled Seersucker. This one-piece combines architectural elegance design with impeccable craftsmanship. Available in Chalk White with Stone Gray detailing. Not loud. Not obvious. Unmistakably Twessie.</p>,Twessie,One-Piece,"minimalist luxury, architectural swimsuit, high-end swimwear, luxury Chalk White swimwear, Crinkled Seersucker bikini",TRUE,Color,Stone Gray,Size,L,TWESSIE_JP_OP_0107-Stone Gray-L,168.0,,10
twessie-jp-op-0107,Chalk White Architectural One-Piece Swimsuit,<p>A statement piece in Crinkled Seersucker. This one-piece combines architectural elegance design with impeccable craftsmanship. Available in Chalk White with Stone Gray detailing. Not loud. Not obvious. Unmistakably Twessie.</p>,Twessie,One-Piece,"minimalist luxury, architectural swimsuit, high-end swimwear, luxury Chalk White swimwear, Crinkled Seersucker bikini",TRUE,Color,Stone Gray,Size,XL,TWESSIE_JP_OP_0107-Stone Gray-XL,168.0,,10
twessie-jp-op-0107,Chalk White Architectural One-Piece Swimsuit,<p>A statement piece in Crinkled Seersucker. This one-piece combines architectural elegance design with impeccable craftsmanship. Available in Chalk White with Stone Gray detailing. Not loud. Not obvious. Unmistakably Twessie.</p>,Twessie,One-Piece,"minimalist luxury, architectural swimsuit, high-end swimwear, luxury Chalk White swimwear, Crinkled Seersucker bikini",TRUE,Color,Stone Gray,Size,XXL,TWESSIE_JP_OP_0107-Stone Gray-XXL,168.0,,10
twessie-sg-op-0108,High-Fashion Burnt Terracotta One-Piece Suit,"<p>Matte Ribbed Knit construction meets architectural precision in this one-piece. Designed for the intelligent, independent woman. The Burnt Terracotta colorway with Olive Drab accents creates a sophisticated palette. Pure anti-fashion statement elegance.</p>",Twessie,One-Piece,"architectural swimsuit, independent fashion, high-end swimwear, Matte Ribbed Knit bikini, minimalist one-piece",TRUE,Color,Burnt Terracotta,Size,XS,TWESSIE_SG_OP_0108-Burnt Terracotta-XS,168.0,,10
twessie-sg-op-0108,High-Fashion Burnt Terracotta One-Piece Suit,"<p>Matte Ribbed Knit construction meets architectural precision in this one-piece. Designed for the intelligent, independent woman. The Burnt Terracotta colorway with Olive Drab accents creates a sophisticated palette. Pure anti-fashion statement elegance.</p>",Twessie,One-Piece,"architectural swimsuit, independent fashion, high-end swimwear, Matte Ribbed Knit bikini, minimalist one-piece",TRUE,Color,Burnt Terracotta,Size,S,TWESSIE_SG_OP_0108-Burnt Terracotta-S,168.0,,10
twessie-sg-op-0108,High-Fashion Burnt Terracotta One-Piece Suit,"<p>Matte Ribbed Knit construction meets architectural precision in this one-piece. Designed for the intelligent, independent woman. The Burnt Terracotta colorway with Olive Drab accents creates a sophisticated palette. Pure anti-fashion statement elegance.</p>",Twessie,One-Piece,"architectural swimsuit, independent fashion, high-end swimwear, Matte Ribbed Knit bikini, minimalist one-piece",TRUE,Color,Burnt Terracotta,Size,M,TWESSIE_SG_OP_0108-Burnt Terracotta-M,168.0,,10
twessie-sg-op-0108,High-Fashion Burnt Terracotta One-Piece Suit,"<p>Matte Ribbed Knit construction meets architectural precision in this one-piece. Designed for the intelligent, independent woman. The Burnt Terracotta colorway with Olive Drab accents creates a sophisticated palette. Pure anti-fashion statement elegance.</p>",Twessie,One-Piece,"architectural swimsuit, independent fashion, high-end swimwear, Matte Ribbed Knit bikini, minimalist one-piece",TRUE,Color,Burnt Terracotta,Size,L,TWESSIE_SG_OP_0108-Burnt Terracotta-L,168.0,,10
twessie-sg-op-0108,High-Fashion Burnt Terracotta One-Piece Suit,"<p>Matte Ribbed Knit construction meets architectural precision in this one-piece. Designed for the intelligent, independent woman. The Burnt Terracotta colorway with Olive Drab accents creates a sophisticated palette. Pure anti-fashion statement elegance.</p>",Twessie,One-Piece,"architectural swimsuit, independent fashion, high-end swimwear, Matte Ribbed Knit bikini, minimalist one-piece",TRUE,Color,Burnt Terracotta,Size,XL,TWESSIE_SG_OP_0108-Burnt Terracotta-XL,168.0,,10
twessie-sg-op-0108,High-Fashion Burnt Terracotta One-Piece Suit,"<p>Matte Ribbed Knit construction meets architectural precision in this one-piece. Designed for the intelligent, independent woman. The Burnt Terracotta colorway with Olive Drab accents creates a sophisticated palette. Pure anti-fashion statement elegance.</p>",Twessie,One-Piece,"architectural swimsuit, independent fashion, high-end swimwear, Matte Ribbed Knit bikini, minimalist one-piece",TRUE,Color,Burnt Terracotta,Size,XXL,TWESSIE_SG_OP_0108-Burnt Terracotta-XXL,168.0,,10
twessie-sg-op-0108,High-Fashion Burnt Terracotta One-Piece Suit,"<p>Matte Ribbed Knit construction meets architectural precision in this one-piece. Designed for the intelligent, independent woman. The Burnt Terracotta colorway with Olive Drab accents creates a sophisticated palette. Pure anti-fashion statement elegance.</p>",Twessie,One-Piece,"architectural swimsuit, independent fashion, high-end swimwear, Matte Ribbed Knit bikini, minimalist one-piece",TRUE,Color,Olive Drab,Size,XS,TWESSIE_SG_OP_0108-Olive Drab-XS,168.0,,10
twessie-sg-op-0108,High-Fashion Burnt Terracotta One-Piece Suit,"<p>Matte Ribbed Knit construction meets architectural precision in this one-piece. Designed for the intelligent, independent woman. The Burnt Terracotta colorway with Olive Drab accents creates a sophisticated palette. Pure anti-fashion statement elegance.</p>",Twessie,One-Piece,"architectural swimsuit, independent fashion, high-end swimwear, Matte Ribbed Knit bikini, minimalist one-piece",TRUE,Color,Olive Drab,Size,S,TWESSIE_SG_OP_0108-Olive Drab-S,168.0,,10
twessie-sg-op-0108,High-Fashion Burnt Terracotta One-Piece Suit,"<p>Matte Ribbed Knit construction meets architectural precision in this one-piece. Designed for the intelligent, independent woman. The Burnt Terracotta colorway with Olive Drab accents creates a sophisticated palette. Pure anti-fashion statement elegance.</p>",Twessie,One-Piece,"architectural swimsuit, independent fashion, high-end swimwear, Matte Ribbed Knit bikini, minimalist one-piece",TRUE,Color,Olive Drab,Size,M,TWESSIE_SG_OP_0108-Olive Drab-M,168.0,,10
twessie-sg-op-0108,High-Fashion Burnt Terracotta One-Piece Suit,"<p>Matte Ribbed Knit construction meets architectural precision in this one-piece. Designed for the intelligent, independent woman. The Burnt Terracotta colorway with Olive Drab accents creates a sophisticated palette. Pure anti-fashion statement elegance.</p>",Twessie,One-Piece,"architectural swimsuit, independent fashion, high-end swimwear, Matte Ribbed Knit bikini, minimalist one-piece",TRUE,Color,Olive Drab,Size,L,TWESSIE_SG_OP_0108-Olive Drab-L,168.0,,10
twessie-sg-op-0108,High-Fashion Burnt Terracotta One-Piece Suit,"<p>Matte Ribbed Knit construction meets architectural precision in this one-piece. Designed for the intelligent, independent woman. The Burnt Terracotta colorway with Olive Drab accents creates a sophisticated palette. Pure anti-fashion statement elegance.</p>",Twessie,One-Piece,"architectural swimsuit, independent fashion, high-end swimwear, Matte Ribbed Knit bikini, minimalist one-piece",TRUE,Color,Olive Drab,Size,XL,TWESSIE_SG_OP_0108-Olive Drab-XL,168.0,,10
twessie-sg-op-0108,High-Fashion Burnt Terracotta One-Piece Suit,"<p>Matte Ribbed Knit construction meets architectural precision in this one-piece. Designed for the intelligent, independent woman. The Burnt Terracotta colorway with Olive Drab accents creates a sophisticated palette. Pure anti-fashion statement elegance.</p>",Twessie,One-Piece,"architectural swimsuit, independent fashion, high-end swimwear, Matte Ribbed Knit bikini, minimalist one-piece",TRUE,Color,Olive Drab,Size,XXL,TWESSIE_SG_OP_0108-Olive Drab-XXL,168.0,,10
twessie-jp-op-0109,Sculptural Obsidian Black Monokini,<p>A statement piece in Econyl Sleek Satin. This one-piece combines anti-fashion statement design with impeccable craftsmanship. Available in Obsidian Black with Chalk White detailing. Not loud. Not obvious. Unmistakably Twessie.</p>,Twessie,One-Piece,"high-end swimwear, independent fashion, minimalist one-piece, Econyl Sleek Satin bikini, architectural swimsuit",TRUE,Color,Obsidian Black,Size,XS,TWESSIE_JP_OP_0109-Obsidian Black-XS,168.0,,10
twessie-jp-op-0109,Sculptural Obsidian Black Monokini,<p>A statement piece in Econyl Sleek Satin. This one-piece combines anti-fashion statement design with impeccable craftsmanship. Available in Obsidian Black with Chalk White detailing. Not loud. Not obvious. Unmistakably Twessie.</p>,Twessie,One-Piece,"high-end swimwear, independent fashion, minimalist one-piece, Econyl Sleek Satin bikini, architectural swimsuit",TRUE,Color,Obsidian Black,Size,S,TWESSIE_JP_OP_0109-Obsidian Black-S,168.0,,10
twessie-jp-op-0109,Sculptural Obsidian Black Monokini,<p>A statement piece in Econyl Sleek Satin. This one-piece combines anti-fashion statement design with impeccable craftsmanship. Available in Obsidian Black with Chalk White detailing. Not loud. Not obvious. Unmistakably Twessie.</p>,Twessie,One-Piece,"high-end swimwear, independent fashion, minimalist one-piece, Econyl Sleek Satin bikini, architectural swimsuit",TRUE,Color,Obsidian Black,Size,M,TWESSIE_JP_OP_0109-Obsidian Black-M,168.0,,10
twessie-jp-op-0109,Sculptural Obsidian Black Monokini,<p>A statement piece in Econyl Sleek Satin. This one-piece combines anti-fashion statement design with impeccable craftsmanship. Available in Obsidian Black with Chalk White detailing. Not loud. Not obvious. Unmistakably Twessie.</p>,Twessie,One-Piece,"high-end swimwear, independent fashion, minimalist one-piece, Econyl Sleek Satin bikini, architectural swimsuit",TRUE,Color,Obsidian Black,Size,L,TWESSIE_JP_OP_0109-Obsidian Black-L,168.0,,10
twessie-jp-op-0109,Sculptural Obsidian Black Monokini,<p>A statement piece in Econyl Sleek Satin. This one-piece combines anti-fashion statement design with impeccable craftsmanship. Available in Obsidian Black with Chalk White detailing. Not loud. Not obvious. Unmistakably Twessie.</p>,Twessie,One-Piece,"high-end swimwear, independent fashion, minimalist one-piece, Econyl Sleek Satin bikini, architectural swimsuit",TRUE,Color,Obsidian Black,Size,XL,TWESSIE_JP_OP_0109-Obsidian Black-XL,168.0,,10
twessie-jp-op-0109,Sculptural Obsidian Black Monokini,<p>A statement piece in Econyl Sleek Satin. This one-piece combines anti-fashion statement design with impeccable craftsmanship. Available in Obsidian Black with Chalk White detailing. Not loud. Not obvious. Unmistakably Twessie.</p>,Twessie,One-Piece,"high-end swimwear, independent fashion, minimalist one-piece, Econyl Sleek Satin bikini, architectural swimsuit",TRUE,Color,Obsidian Black,Size,XXL,TWESSIE_JP_OP_0109-Obsidian Black-XXL,168.0,,10
twessie-jp-op-0109,Sculptural Obsidian Black Monokini,<p>A statement piece in Econyl Sleek Satin. This one-piece combines anti-fashion statement design with impeccable craftsmanship. Available in Obsidian Black with Chalk White detailing. Not loud. Not obvious. Unmistakably Twessie.</p>,Twessie,One-Piece,"high-end swimwear, independent fashion, minimalist one-piece, Econyl Sleek Satin bikini, architectural swimsuit",TRUE,Color,Chalk White,Size,XS,TWESSIE_JP_OP_0109-Chalk White-XS,168.0,,10
twessie-jp-op-0109,Sculptural Obsidian Black Monokini,<p>A statement piece in Econyl Sleek Satin. This one-piece combines anti-fashion statement design with impeccable craftsmanship. Available in Obsidian Black with Chalk White detailing. Not loud. Not obvious. Unmistakably Twessie.</p>,Twessie,One-Piece,"high-end swimwear, independent fashion, minimalist one-piece, Econyl Sleek Satin bikini, architectural swimsuit",TRUE,Color,Chalk White,Size,S,TWESSIE_JP_OP_0109-Chalk White-S,168.0,,10
twessie-jp-op-0109,Sculptural Obsidian Black Monokini,<p>A statement piece in Econyl Sleek Satin. This one-piece combines anti-fashion statement design with impeccable craftsmanship. Available in Obsidian Black with Chalk White detailing. Not loud. Not obvious. Unmistakably Twessie.</p>,Twessie,One-Piece,"high-end swimwear, independent fashion, minimalist one-piece, Econyl Sleek Satin bikini, architectural swimsuit",TRUE,Color,Chalk White,Size,M,TWESSIE_JP_OP_0109-Chalk White-M,168.0,,10
twessie-jp-op-0109,Sculptural Obsidian Black Monokini,<p>A statement piece in Econyl Sleek Satin. This one-piece combines anti-fashion statement design with impeccable craftsmanship. Available in Obsidian Black with Chalk White detailing. Not loud. Not obvious. Unmistakably Twessie.</p>,Twessie,One-Piece,"high-end swimwear, independent fashion, minimalist one-piece, Econyl Sleek Satin bikini, architectural swimsuit",TRUE,Color,Chalk White,Size,L,TWESSIE_JP_OP_0109-Chalk White-L,168.0,,10
twessie-jp-op-0109,Sculptural Obsidian Black Monokini,<p>A statement piece in Econyl Sleek Satin. This one-piece combines anti-fashion statement design with impeccable craftsmanship. Available in Obsidian Black with Chalk White detailing. Not loud. Not obvious. Unmistakably Twessie.</p>,Twessie,One-Piece,"high-end swimwear, independent fashion, minimalist one-piece, Econyl Sleek Satin bikini, architectural swimsuit",TRUE,Color,Chalk White,Size,XL,TWESSIE_JP_OP_0109-Chalk White-XL,168.0,,10
twessie-jp-op-0109,Sculptural Obsidian Black Monokini,<p>A statement piece in Econyl Sleek Satin. This one-piece combines anti-fashion statement design with impeccable craftsmanship. Available in Obsidian Black with Chalk White detailing. Not loud. Not obvious. Unmistakably Twessie.</p>,Twessie,One-Piece,"high-end swimwear, independent fashion, minimalist one-piece, Econyl Sleek Satin bikini, architectural swimsuit",TRUE,Color,Chalk White,Size,XXL,TWESSIE_JP_OP_0109-Chalk White-XXL,168.0,,10
twessie-jp-bt-0110,Architecture-Cut Obsidian Black Bikini Top,<p>A statement piece in Econyl Sleek Satin. This bikini top combines anti-fashion statement design with impeccable craftsmanship. Available in Obsidian Black with Chalk White detailing. Not loud. Not obvious. Unmistakably Twessie.</p>,Twessie,Bikini Top,"high-end swimwear, minimalist luxury, luxury Obsidian Black swimwear, architectural swimsuit, minimalist bikini top",TRUE,Color,Obsidian Black,Size,XS,TWESSIE_JP_BT_0110-Obsidian Black-XS,168.0,,10
twessie-jp-bt-0110,Architecture-Cut Obsidian Black Bikini Top,<p>A statement piece in Econyl Sleek Satin. This bikini top combines anti-fashion statement design with impeccable craftsmanship. Available in Obsidian Black with Chalk White detailing. Not loud. Not obvious. Unmistakably Twessie.</p>,Twessie,Bikini Top,"high-end swimwear, minimalist luxury, luxury Obsidian Black swimwear, architectural swimsuit, minimalist bikini top",TRUE,Color,Obsidian Black,Size,S,TWESSIE_JP_BT_0110-Obsidian Black-S,168.0,,10
twessie-jp-bt-0110,Architecture-Cut Obsidian Black Bikini Top,<p>A statement piece in Econyl Sleek Satin. This bikini top combines anti-fashion statement design with impeccable craftsmanship. Available in Obsidian Black with Chalk White detailing. Not loud. Not obvious. Unmistakably Twessie.</p>,Twessie,Bikini Top,"high-end swimwear, minimalist luxury, luxury Obsidian Black swimwear, architectural swimsuit, minimalist bikini top",TRUE,Color,Obsidian Black,Size,M,TWESSIE_JP_BT_0110-Obsidian Black-M,168.0,,10
twessie-jp-bt-0110,Architecture-Cut Obsidian Black Bikini Top,<p>A statement piece in Econyl Sleek Satin. This bikini top combines anti-fashion statement design with impeccable craftsmanship. Available in Obsidian Black with Chalk White detailing. Not loud. Not obvious. Unmistakably Twessie.</p>,Twessie,Bikini Top,"high-end swimwear, minimalist luxury, luxury Obsidian Black swimwear, architectural swimsuit, minimalist bikini top",TRUE,Color,Obsidian Black,Size,L,TWESSIE_JP_BT_0110-Obsidian Black-L,168.0,,10
twessie-jp-bt-0110,Architecture-Cut Obsidian Black Bikini Top,<p>A statement piece in Econyl Sleek Satin. This bikini top combines anti-fashion statement design with impeccable craftsmanship. Available in Obsidian Black with Chalk White detailing. Not loud. Not obvious. Unmistakably Twessie.</p>,Twessie,Bikini Top,"high-end swimwear, minimalist luxury, luxury Obsidian Black swimwear, architectural swimsuit, minimalist bikini top",TRUE,Color,Obsidian Black,Size,XL,TWESSIE_JP_BT_0110-Obsidian Black-XL,168.0,,10
twessie-jp-bt-0110,Architecture-Cut Obsidian Black Bikini Top,<p>A statement piece in Econyl Sleek Satin. This bikini top combines anti-fashion statement design with impeccable craftsmanship. Available in Obsidian Black with Chalk White detailing. Not loud. Not obvious. Unmistakably Twessie.</p>,Twessie,Bikini Top,"high-end swimwear, minimalist luxury, luxury Obsidian Black swimwear, architectural swimsuit, minimalist bikini top",TRUE,Color,Obsidian Black,Size,XXL,TWESSIE_JP_BT_0110-Obsidian Black-XXL,168.0,,10
twessie-jp-bt-0110,Architecture-Cut Obsidian Black Bikini Top,<p>A statement piece in Econyl Sleek Satin. This bikini top combines anti-fashion statement design with impeccable craftsmanship. Available in Obsidian Black with Chalk White detailing. Not loud. Not obvious. Unmistakably Twessie.</p>,Twessie,Bikini Top,"high-end swimwear, minimalist luxury, luxury Obsidian Black swimwear, architectural swimsuit, minimalist bikini top",TRUE,Color,Chalk White,Size,XS,TWESSIE_JP_BT_0110-Chalk White-XS,168.0,,10
twessie-jp-bt-0110,Architecture-Cut Obsidian Black Bikini Top,<p>A statement piece in Econyl Sleek Satin. This bikini top combines anti-fashion statement design with impeccable craftsmanship. Available in Obsidian Black with Chalk White detailing. Not loud. Not obvious. Unmistakably Twessie.</p>,Twessie,Bikini Top,"high-end swimwear, minimalist luxury, luxury Obsidian Black swimwear, architectural swimsuit, minimalist bikini top",TRUE,Color,Chalk White,Size,S,TWESSIE_JP_BT_0110-Chalk White-S,168.0,,10
twessie-jp-bt-0110,Architecture-Cut Obsidian Black Bikini Top,<p>A statement piece in Econyl Sleek Satin. This bikini top combines anti-fashion statement design with impeccable craftsmanship. Available in Obsidian Black with Chalk White detailing. Not loud. Not obvious. Unmistakably Twessie.</p>,Twessie,Bikini Top,"high-end swimwear, minimalist luxury, luxury Obsidian Black swimwear, architectural swimsuit, minimalist bikini top",TRUE,Color,Chalk White,Size,M,TWESSIE_JP_BT_0110-Chalk White-M,168.0,,10
twessie-jp-bt-0110,Architecture-Cut Obsidian Black Bikini Top,<p>A statement piece in Econyl Sleek Satin. This bikini top combines anti-fashion statement design with impeccable craftsmanship. Available in Obsidian Black with Chalk White detailing. Not loud. Not obvious. Unmistakably Twessie.</p>,Twessie,Bikini Top,"high-end swimwear, minimalist luxury, luxury Obsidian Black swimwear, architectural swimsuit, minimalist bikini top",TRUE,Color,Chalk White,Size,L,TWESSIE_JP_BT_0110-Chalk White-L,168.0,,10
twessie-jp-bt-0110,Architecture-Cut Obsidian Black Bikini Top,<p>A statement piece in Econyl Sleek Satin. This bikini top combines anti-fashion statement design with impeccable craftsmanship. Available in Obsidian Black with Chalk White detailing. Not loud. Not obvious. Unmistakably Twessie.</p>,Twessie,Bikini Top,"high-end swimwear, minimalist luxury, luxury Obsidian Black swimwear, architectural swimsuit, minimalist bikini top",TRUE,Color,Chalk White,Size,XL,TWESSIE_JP_BT_0110-Chalk White-XL,168.0,,10
twessie-jp-bt-0110,Architecture-Cut Obsidian Black Bikini Top,<p>A statement piece in Econyl Sleek Satin. This bikini top combines anti-fashion statement design with impeccable craftsmanship. Available in Obsidian Black with Chalk White detailing. Not loud. Not obvious. Unmistakably Twessie.</p>,Twessie,Bikini Top,"high-end swimwear, minimalist luxury, luxury Obsidian Black swimwear, architectural swimsuit, minimalist bikini top",TRUE,Color,Chalk White,Size,XXL,TWESSIE_JP_BT_0110-Chalk White-XXL,168.0,,10
twessie-eu-bb-0201,High-Cut Chalk White Bikini Brief,<p>Crafted in premium Crinkled Seersucker with Econyl Sleek Satin accents. This bikini bottom epitomizes minimalist luxury luxury. Featuring color-blocking in Chalk White and Stone Gray. Perfect for the discerning swimmer who refuses the obvious.</p>,Twessie,Bikini Bottom,"minimalist bikini bottom, architectural swimsuit, high-end swimwear, Crinkled Seersucker bikini, independent fashion",TRUE,Color,Chalk White,Size,XS,TWESSIE_EU_BB_0201-Chalk White-XS,168.0,,10
twessie-eu-bb-0201,High-Cut Chalk White Bikini Brief,<p>Crafted in premium Crinkled Seersucker with Econyl Sleek Satin accents. This bikini bottom epitomizes minimalist luxury luxury. Featuring color-blocking in Chalk White and Stone Gray. Perfect for the discerning swimmer who refuses the obvious.</p>,Twessie,Bikini Bottom,"minimalist bikini bottom, architectural swimsuit, high-end swimwear, Crinkled Seersucker bikini, independent fashion",TRUE,Color,Chalk White,Size,S,TWESSIE_EU_BB_0201-Chalk White-S,168.0,,10
twessie-eu-bb-0201,High-Cut Chalk White Bikini Brief,<p>Crafted in premium Crinkled Seersucker with Econyl Sleek Satin accents. This bikini bottom epitomizes minimalist luxury luxury. Featuring color-blocking in Chalk White and Stone Gray. Perfect for the discerning swimmer who refuses the obvious.</p>,Twessie,Bikini Bottom,"minimalist bikini bottom, architectural swimsuit, high-end swimwear, Crinkled Seersucker bikini, independent fashion",TRUE,Color,Chalk White,Size,M,TWESSIE_EU_BB_0201-Chalk White-M,168.0,,10
twessie-eu-bb-0201,High-Cut Chalk White Bikini Brief,<p>Crafted in premium Crinkled Seersucker with Econyl Sleek Satin accents. This bikini bottom epitomizes minimalist luxury luxury. Featuring color-blocking in Chalk White and Stone Gray. Perfect for the discerning swimmer who refuses the obvious.</p>,Twessie,Bikini Bottom,"minimalist bikini bottom, architectural swimsuit, high-end swimwear, Crinkled Seersucker bikini, independent fashion",TRUE,Color,Chalk White,Size,L,TWESSIE_EU_BB_0201-Chalk White-L,168.0,,10
twessie-eu-bb-0201,High-Cut Chalk White Bikini Brief,<p>Crafted in premium Crinkled Seersucker with Econyl Sleek Satin accents. This bikini bottom epitomizes minimalist luxury luxury. Featuring color-blocking in Chalk White and Stone Gray. Perfect for the discerning swimmer who refuses the obvious.</p>,Twessie,Bikini Bottom,"minimalist bikini bottom, architectural swimsuit, high-end swimwear, Crinkled Seersucker bikini, independent fashion",TRUE,Color,Chalk White,Size,XL,TWESSIE_EU_BB_0201-Chalk White-XL,168.0,,10
twessie-eu-bb-0201,High-Cut Chalk White Bikini Brief,<p>Crafted in premium Crinkled Seersucker with Econyl Sleek Satin accents. This bikini bottom epitomizes minimalist luxury luxury. Featuring color-blocking in Chalk White and Stone Gray. Perfect for the discerning swimmer who refuses the obvious.</p>,Twessie,Bikini Bottom,"minimalist bikini bottom, architectural swimsuit, high-end swimwear, Crinkled Seersucker bikini, independent fashion",TRUE,Color,Chalk White,Size,XXL,TWESSIE_EU_BB_0201-Chalk White-XXL,168.0,,10
twessie-eu-bb-0201,High-Cut Chalk White Bikini Brief,<p>Crafted in premium Crinkled Seersucker with Econyl Sleek Satin accents. This bikini bottom epitomizes minimalist luxury luxury. Featuring color-blocking in Chalk White and Stone Gray. Perfect for the discerning swimmer who refuses the obvious.</p>,Twessie,Bikini Bottom,"minimalist bikini bottom, architectural swimsuit, high-end swimwear, Crinkled Seersucker bikini, independent fashion",TRUE,Color,Stone Gray,Size,XS,TWESSIE_EU_BB_0201-Stone Gray-XS,168.0,,10
twessie-eu-bb-0201,High-Cut Chalk White Bikini Brief,<p>Crafted in premium Crinkled Seersucker with Econyl Sleek Satin accents. This bikini bottom epitomizes minimalist luxury luxury. Featuring color-blocking in Chalk White and Stone Gray. Perfect for the discerning swimmer who refuses the obvious.</p>,Twessie,Bikini Bottom,"minimalist bikini bottom, architectural swimsuit, high-end swimwear, Crinkled Seersucker bikini, independent fashion",TRUE,Color,Stone Gray,Size,S,TWESSIE_EU_BB_0201-Stone Gray-S,168.0,,10
twessie-eu-bb-0201,High-Cut Chalk White Bikini Brief,<p>Crafted in premium Crinkled Seersucker with Econyl Sleek Satin accents. This bikini bottom epitomizes minimalist luxury luxury. Featuring color-blocking in Chalk White and Stone Gray. Perfect for the discerning swimmer who refuses the obvious.</p>,Twessie,Bikini Bottom,"minimalist bikini bottom, architectural swimsuit, high-end swimwear, Crinkled Seersucker bikini, independent fashion",TRUE,Color,Stone Gray,Size,M,TWESSIE_EU_BB_0201-Stone Gray-M,168.0,,10
twessie-eu-bb-0201,High-Cut Chalk White Bikini Brief,<p>Crafted in premium Crinkled Seersucker with Econyl Sleek Satin accents. This bikini bottom epitomizes minimalist luxury luxury. Featuring color-blocking in Chalk White and Stone Gray. Perfect for the discerning swimmer who refuses the obvious.</p>,Twessie,Bikini Bottom,"minimalist bikini bottom, architectural swimsuit, high-end swimwear, Crinkled Seersucker bikini, independent fashion",TRUE,Color,Stone Gray,Size,L,TWESSIE_EU_BB_0201-Stone Gray-L,168.0,,10
twessie-eu-bb-0201,High-Cut Chalk White Bikini Brief,<p>Crafted in premium Crinkled Seersucker with Econyl Sleek Satin accents. This bikini bottom epitomizes minimalist luxury luxury. Featuring color-blocking in Chalk White and Stone Gray. Perfect for the discerning swimmer who refuses the obvious.</p>,Twessie,Bikini Bottom,"minimalist bikini bottom, architectural swimsuit, high-end swimwear, Crinkled Seersucker bikini, independent fashion",TRUE,Color,Stone Gray,Size,XL,TWESSIE_EU_BB_0201-Stone Gray-XL,168.0,,10
twessie-eu-bb-0201,High-Cut Chalk White Bikini Brief,<p>Crafted in premium Crinkled Seersucker with Econyl Sleek Satin accents. This bikini bottom epitomizes minimalist luxury luxury. Featuring color-blocking in Chalk White and Stone Gray. Perfect for the discerning swimmer who refuses the obvious.</p>,Twessie,Bikini Bottom,"minimalist bikini bottom, architectural swimsuit, high-end swimwear, Crinkled Seersucker bikini, independent fashion",TRUE,Color,Stone Gray,Size,XXL,TWESSIE_EU_BB_0201-Stone Gray-XXL,168.0,,10
twessie-sg-bb-0202,Raw-Edge Obsidian Black Bikini Bottom,"<p>Econyl Sleek Satin construction meets architectural precision in this bikini bottom. Designed for the intelligent, independent woman. The Obsidian Black colorway with Burnt Terracotta accents creates a sophisticated palette. Pure architectural elegance elegance.</p>",Twessie,Bikini Bottom,"architectural swimsuit, high-end swimwear, independent fashion, luxury Obsidian Black swimwear, minimalist luxury",TRUE,Color,Obsidian Black,Size,XS,TWESSIE_SG_BB_0202-Obsidian Black-XS,168.0,,10
twessie-sg-bb-0202,Raw-Edge Obsidian Black Bikini Bottom,"<p>Econyl Sleek Satin construction meets architectural precision in this bikini bottom. Designed for the intelligent, independent woman. The Obsidian Black colorway with Burnt Terracotta accents creates a sophisticated palette. Pure architectural elegance elegance.</p>",Twessie,Bikini Bottom,"architectural swimsuit, high-end swimwear, independent fashion, luxury Obsidian Black swimwear, minimalist luxury",TRUE,Color,Obsidian Black,Size,S,TWESSIE_SG_BB_0202-Obsidian Black-S,168.0,,10
twessie-sg-bb-0202,Raw-Edge Obsidian Black Bikini Bottom,"<p>Econyl Sleek Satin construction meets architectural precision in this bikini bottom. Designed for the intelligent, independent woman. The Obsidian Black colorway with Burnt Terracotta accents creates a sophisticated palette. Pure architectural elegance elegance.</p>",Twessie,Bikini Bottom,"architectural swimsuit, high-end swimwear, independent fashion, luxury Obsidian Black swimwear, minimalist luxury",TRUE,Color,Obsidian Black,Size,M,TWESSIE_SG_BB_0202-Obsidian Black-M,168.0,,10
twessie-sg-bb-0202,Raw-Edge Obsidian Black Bikini Bottom,"<p>Econyl Sleek Satin construction meets architectural precision in this bikini bottom. Designed for the intelligent, independent woman. The Obsidian Black colorway with Burnt Terracotta accents creates a sophisticated palette. Pure architectural elegance elegance.</p>",Twessie,Bikini Bottom,"architectural swimsuit, high-end swimwear, independent fashion, luxury Obsidian Black swimwear, minimalist luxury",TRUE,Color,Obsidian Black,Size,L,TWESSIE_SG_BB_0202-Obsidian Black-L,168.0,,10
twessie-sg-bb-0202,Raw-Edge Obsidian Black Bikini Bottom,"<p>Econyl Sleek Satin construction meets architectural precision in this bikini bottom. Designed for the intelligent, independent woman. The Obsidian Black colorway with Burnt Terracotta accents creates a sophisticated palette. Pure architectural elegance elegance.</p>",Twessie,Bikini Bottom,"architectural swimsuit, high-end swimwear, independent fashion, luxury Obsidian Black swimwear, minimalist luxury",TRUE,Color,Obsidian Black,Size,XL,TWESSIE_SG_BB_0202-Obsidian Black-XL,168.0,,10
twessie-sg-bb-0202,Raw-Edge Obsidian Black Bikini Bottom,"<p>Econyl Sleek Satin construction meets architectural precision in this bikini bottom. Designed for the intelligent, independent woman. The Obsidian Black colorway with Burnt Terracotta accents creates a sophisticated palette. Pure architectural elegance elegance.</p>",Twessie,Bikini Bottom,"architectural swimsuit, high-end swimwear, independent fashion, luxury Obsidian Black swimwear, minimalist luxury",TRUE,Color,Obsidian Black,Size,XXL,TWESSIE_SG_BB_0202-Obsidian Black-XXL,168.0,,10
twessie-sg-bb-0202,Raw-Edge Obsidian Black Bikini Bottom,"<p>Econyl Sleek Satin construction meets architectural precision in this bikini bottom. Designed for the intelligent, independent woman. The Obsidian Black colorway with Burnt Terracotta accents creates a sophisticated palette. Pure architectural elegance elegance.</p>",Twessie,Bikini Bottom,"architectural swimsuit, high-end swimwear, independent fashion, luxury Obsidian Black swimwear, minimalist luxury",TRUE,Color,Burnt Terracotta,Size,XS,TWESSIE_SG_BB_0202-Burnt Terracotta-XS,168.0,,10
twessie-sg-bb-0202,Raw-Edge Obsidian Black Bikini Bottom,"<p>Econyl Sleek Satin construction meets architectural precision in this bikini bottom. Designed for the intelligent, independent woman. The Obsidian Black colorway with Burnt Terracotta accents creates a sophisticated palette. Pure architectural elegance elegance.</p>",Twessie,Bikini Bottom,"architectural swimsuit, high-end swimwear, independent fashion, luxury Obsidian Black swimwear, minimalist luxury",TRUE,Color,Burnt Terracotta,Size,S,TWESSIE_SG_BB_0202-Burnt Terracotta-S,168.0,,10
twessie-sg-bb-0202,Raw-Edge Obsidian Black Bikini Bottom,"<p>Econyl Sleek Satin construction meets architectural precision in this bikini bottom. Designed for the intelligent, independent woman. The Obsidian Black colorway with Burnt Terracotta accents creates a sophisticated palette. Pure architectural elegance elegance.</p>",Twessie,Bikini Bottom,"architectural swimsuit, high-end swimwear, independent fashion, luxury Obsidian Black swimwear, minimalist luxury",TRUE,Color,Burnt Terracotta,Size,M,TWESSIE_SG_BB_0202-Burnt Terracotta-M,168.0,,10
twessie-sg-bb-0202,Raw-Edge Obsidian Black Bikini Bottom,"<p>Econyl Sleek Satin construction meets architectural precision in this bikini bottom. Designed for the intelligent, independent woman. The Obsidian Black colorway with Burnt Terracotta accents creates a sophisticated palette. Pure architectural elegance elegance.</p>",Twessie,Bikini Bottom,"architectural swimsuit, high-end swimwear, independent fashion, luxury Obsidian Black swimwear, minimalist luxury",TRUE,Color,Burnt Terracotta,Size,L,TWESSIE_SG_BB_0202-Burnt Terracotta-L,168.0,,10
twessie-sg-bb-0202,Raw-Edge Obsidian Black Bikini Bottom,"<p>Econyl Sleek Satin construction meets architectural precision in this bikini bottom. Designed for the intelligent, independent woman. The Obsidian Black colorway with Burnt Terracotta accents creates a sophisticated palette. Pure architectural elegance elegance.</p>",Twessie,Bikini Bottom,"architectural swimsuit, high-end swimwear, independent fashion, luxury Obsidian Black swimwear, minimalist luxury",TRUE,Color,Burnt Terracotta,Size,XL,TWESSIE_SG_BB_0202-Burnt Terracotta-XL,168.0,,10
twessie-sg-bb-0202,Raw-Edge Obsidian Black Bikini Bottom,"<p>Econyl Sleek Satin construction meets architectural precision in this bikini bottom. Designed for the intelligent, independent woman. The Obsidian Black colorway with Burnt Terracotta accents creates a sophisticated palette. Pure architectural elegance elegance.</p>",Twessie,Bikini Bottom,"architectural swimsuit, high-end swimwear, independent fashion, luxury Obsidian Black swimwear, minimalist luxury",TRUE,Color,Burnt Terracotta,Size,XXL,TWESSIE_SG_BB_0202-Burnt Terracotta-XXL,168.0,,10
twessie-eu-bt-0203,Econyl Sleek Satin High-Waist Bikini Top in Obsidian Black,<p>A statement piece in Econyl Sleek Satin. This bikini top combines anti-fashion statement design with impeccable craftsmanship. Available in Obsidian Black with Stone Gray detailing. Not loud. Not obvious. Unmistakably Twessie.</p>,Twessie,Bikini Top,"luxury Obsidian Black swimwear, minimalist bikini top, minimalist luxury, high-end swimwear, architectural swimsuit",TRUE,Color,Obsidian Black,Size,XS,TWESSIE_EU_BT_0203-Obsidian Black-XS,168.0,,10
twessie-eu-bt-0203,Econyl Sleek Satin High-Waist Bikini Top in Obsidian Black,<p>A statement piece in Econyl Sleek Satin. This bikini top combines anti-fashion statement design with impeccable craftsmanship. Available in Obsidian Black with Stone Gray detailing. Not loud. Not obvious. Unmistakably Twessie.</p>,Twessie,Bikini Top,"luxury Obsidian Black swimwear, minimalist bikini top, minimalist luxury, high-end swimwear, architectural swimsuit",TRUE,Color,Obsidian Black,Size,S,TWESSIE_EU_BT_0203-Obsidian Black-S,168.0,,10
twessie-eu-bt-0203,Econyl Sleek Satin High-Waist Bikini Top in Obsidian Black,<p>A statement piece in Econyl Sleek Satin. This bikini top combines anti-fashion statement design with impeccable craftsmanship. Available in Obsidian Black with Stone Gray detailing. Not loud. Not obvious. Unmistakably Twessie.</p>,Twessie,Bikini Top,"luxury Obsidian Black swimwear, minimalist bikini top, minimalist luxury, high-end swimwear, architectural swimsuit",TRUE,Color,Obsidian Black,Size,M,TWESSIE_EU_BT_0203-Obsidian Black-M,168.0,,10
twessie-eu-bt-0203,Econyl Sleek Satin High-Waist Bikini Top in Obsidian Black,<p>A statement piece in Econyl Sleek Satin. This bikini top combines anti-fashion statement design with impeccable craftsmanship. Available in Obsidian Black with Stone Gray detailing. Not loud. Not obvious. Unmistakably Twessie.</p>,Twessie,Bikini Top,"luxury Obsidian Black swimwear, minimalist bikini top, minimalist luxury, high-end swimwear, architectural swimsuit",TRUE,Color,Obsidian Black,Size,L,TWESSIE_EU_BT_0203-Obsidian Black-L,168.0,,10
twessie-eu-bt-0203,Econyl Sleek Satin High-Waist Bikini Top in Obsidian Black,<p>A statement piece in Econyl Sleek Satin. This bikini top combines anti-fashion statement design with impeccable craftsmanship. Available in Obsidian Black with Stone Gray detailing. Not loud. Not obvious. Unmistakably Twessie.</p>,Twessie,Bikini Top,"luxury Obsidian Black swimwear, minimalist bikini top, minimalist luxury, high-end swimwear, architectural swimsuit",TRUE,Color,Obsidian Black,Size,XL,TWESSIE_EU_BT_0203-Obsidian Black-XL,168.0,,10
twessie-eu-bt-0203,Econyl Sleek Satin High-Waist Bikini Top in Obsidian Black,<p>A statement piece in Econyl Sleek Satin. This bikini top combines anti-fashion statement design with impeccable craftsmanship. Available in Obsidian Black with Stone Gray detailing. Not loud. Not obvious. Unmistakably Twessie.</p>,Twessie,Bikini Top,"luxury Obsidian Black swimwear, minimalist bikini top, minimalist luxury, high-end swimwear, architectural swimsuit",TRUE,Color,Obsidian Black,Size,XXL,TWESSIE_EU_BT_0203-Obsidian Black-XXL,168.0,,10
twessie-eu-bt-0203,Econyl Sleek Satin High-Waist Bikini Top in Obsidian Black,<p>A statement piece in Econyl Sleek Satin. This bikini top combines anti-fashion statement design with impeccable craftsmanship. Available in Obsidian Black with Stone Gray detailing. Not loud. Not obvious. Unmistakably Twessie.</p>,Twessie,Bikini Top,"luxury Obsidian Black swimwear, minimalist bikini top, minimalist luxury, high-end swimwear, architectural swimsuit",TRUE,Color,Stone Gray,Size,XS,TWESSIE_EU_BT_0203-Stone Gray-XS,168.0,,10
twessie-eu-bt-0203,Econyl Sleek Satin High-Waist Bikini Top in Obsidian Black,<p>A statement piece in Econyl Sleek Satin. This bikini top combines anti-fashion statement design with impeccable craftsmanship. Available in Obsidian Black with Stone Gray detailing. Not loud. Not obvious. Unmistakably Twessie.</p>,Twessie,Bikini Top,"luxury Obsidian Black swimwear, minimalist bikini top, minimalist luxury, high-end swimwear, architectural swimsuit",TRUE,Color,Stone Gray,Size,S,TWESSIE_EU_BT_0203-Stone Gray-S,168.0,,10
twessie-eu-bt-0203,Econyl Sleek Satin High-Waist Bikini Top in Obsidian Black,<p>A statement piece in Econyl Sleek Satin. This bikini top combines anti-fashion statement design with impeccable craftsmanship. Available in Obsidian Black with Stone Gray detailing. Not loud. Not obvious. Unmistakably Twessie.</p>,Twessie,Bikini Top,"luxury Obsidian Black swimwear, minimalist bikini top, minimalist luxury, high-end swimwear, architectural swimsuit",TRUE,Color,Stone Gray,Size,M,TWESSIE_EU_BT_0203-Stone Gray-M,168.0,,10
twessie-eu-bt-0203,Econyl Sleek Satin High-Waist Bikini Top in Obsidian Black,<p>A statement piece in Econyl Sleek Satin. This bikini top combines anti-fashion statement design with impeccable craftsmanship. Available in Obsidian Black with Stone Gray detailing. Not loud. Not obvious. Unmistakably Twessie.</p>,Twessie,Bikini Top,"luxury Obsidian Black swimwear, minimalist bikini top, minimalist luxury, high-end swimwear, architectural swimsuit",TRUE,Color,Stone Gray,Size,L,TWESSIE_EU_BT_0203-Stone Gray-L,168.0,,10
twessie-eu-bt-0203,Econyl Sleek Satin High-Waist Bikini Top in Obsidian Black,<p>A statement piece in Econyl Sleek Satin. This bikini top combines anti-fashion statement design with impeccable craftsmanship. Available in Obsidian Black with Stone Gray detailing. Not loud. Not obvious. Unmistakably Twessie.</p>,Twessie,Bikini Top,"luxury Obsidian Black swimwear, minimalist bikini top, minimalist luxury, high-end swimwear, architectural swimsuit",TRUE,Color,Stone Gray,Size,XL,TWESSIE_EU_BT_0203-Stone Gray-XL,168.0,,10
twessie-eu-bt-0203,Econyl Sleek Satin High-Waist Bikini Top in Obsidian Black,<p>A statement piece in Econyl Sleek Satin. This bikini top combines anti-fashion statement design with impeccable craftsmanship. Available in Obsidian Black with Stone Gray detailing. Not loud. Not obvious. Unmistakably Twessie.</p>,Twessie,Bikini Top,"luxury Obsidian Black swimwear, minimalist bikini top, minimalist luxury, high-end swimwear, architectural swimsuit",TRUE,Color,Stone Gray,Size,XXL,TWESSIE_EU_BT_0203-Stone Gray-XXL,168.0,,10
twessie-jp-bb-0204,Stone Gray Minimalist Crinkled Seersucker Bikini Bottom,"<p>Crinkled Seersucker construction meets architectural precision in this bikini bottom. Designed for the intelligent, independent woman. The Stone Gray colorway with Chalk White accents creates a sophisticated palette. Pure anti-fashion statement elegance.</p>",Twessie,Bikini Bottom,"minimalist luxury, luxury Stone Gray swimwear, minimalist bikini bottom, Crinkled Seersucker bikini, high-end swimwear",TRUE,Color,Stone Gray,Size,XS,TWESSIE_JP_BB_0204-Stone Gray-XS,168.0,,10
twessie-jp-bb-0204,Stone Gray Minimalist Crinkled Seersucker Bikini Bottom,"<p>Crinkled Seersucker construction meets architectural precision in this bikini bottom. Designed for the intelligent, independent woman. The Stone Gray colorway with Chalk White accents creates a sophisticated palette. Pure anti-fashion statement elegance.</p>",Twessie,Bikini Bottom,"minimalist luxury, luxury Stone Gray swimwear, minimalist bikini bottom, Crinkled Seersucker bikini, high-end swimwear",TRUE,Color,Stone Gray,Size,S,TWESSIE_JP_BB_0204-Stone Gray-S,168.0,,10
twessie-jp-bb-0204,Stone Gray Minimalist Crinkled Seersucker Bikini Bottom,"<p>Crinkled Seersucker construction meets architectural precision in this bikini bottom. Designed for the intelligent, independent woman. The Stone Gray colorway with Chalk White accents creates a sophisticated palette. Pure anti-fashion statement elegance.</p>",Twessie,Bikini Bottom,"minimalist luxury, luxury Stone Gray swimwear, minimalist bikini bottom, Crinkled Seersucker bikini, high-end swimwear",TRUE,Color,Stone Gray,Size,M,TWESSIE_JP_BB_0204-Stone Gray-M,168.0,,10
twessie-jp-bb-0204,Stone Gray Minimalist Crinkled Seersucker Bikini Bottom,"<p>Crinkled Seersucker construction meets architectural precision in this bikini bottom. Designed for the intelligent, independent woman. The Stone Gray colorway with Chalk White accents creates a sophisticated palette. Pure anti-fashion statement elegance.</p>",Twessie,Bikini Bottom,"minimalist luxury, luxury Stone Gray swimwear, minimalist bikini bottom, Crinkled Seersucker bikini, high-end swimwear",TRUE,Color,Stone Gray,Size,L,TWESSIE_JP_BB_0204-Stone Gray-L,168.0,,10
twessie-jp-bb-0204,Stone Gray Minimalist Crinkled Seersucker Bikini Bottom,"<p>Crinkled Seersucker construction meets architectural precision in this bikini bottom. Designed for the intelligent, independent woman. The Stone Gray colorway with Chalk White accents creates a sophisticated palette. Pure anti-fashion statement elegance.</p>",Twessie,Bikini Bottom,"minimalist luxury, luxury Stone Gray swimwear, minimalist bikini bottom, Crinkled Seersucker bikini, high-end swimwear",TRUE,Color,Stone Gray,Size,XL,TWESSIE_JP_BB_0204-Stone Gray-XL,168.0,,10
twessie-jp-bb-0204,Stone Gray Minimalist Crinkled Seersucker Bikini Bottom,"<p>Crinkled Seersucker construction meets architectural precision in this bikini bottom. Designed for the intelligent, independent woman. The Stone Gray colorway with Chalk White accents creates a sophisticated palette. Pure anti-fashion statement elegance.</p>",Twessie,Bikini Bottom,"minimalist luxury, luxury Stone Gray swimwear, minimalist bikini bottom, Crinkled Seersucker bikini, high-end swimwear",TRUE,Color,Stone Gray,Size,XXL,TWESSIE_JP_BB_0204-Stone Gray-XXL,168.0,,10
twessie-jp-bb-0204,Stone Gray Minimalist Crinkled Seersucker Bikini Bottom,"<p>Crinkled Seersucker construction meets architectural precision in this bikini bottom. Designed for the intelligent, independent woman. The Stone Gray colorway with Chalk White accents creates a sophisticated palette. Pure anti-fashion statement elegance.</p>",Twessie,Bikini Bottom,"minimalist luxury, luxury Stone Gray swimwear, minimalist bikini bottom, Crinkled Seersucker bikini, high-end swimwear",TRUE,Color,Chalk White,Size,XS,TWESSIE_JP_BB_0204-Chalk White-XS,168.0,,10
twessie-jp-bb-0204,Stone Gray Minimalist Crinkled Seersucker Bikini Bottom,"<p>Crinkled Seersucker construction meets architectural precision in this bikini bottom. Designed for the intelligent, independent woman. The Stone Gray colorway with Chalk White accents creates a sophisticated palette. Pure anti-fashion statement elegance.</p>",Twessie,Bikini Bottom,"minimalist luxury, luxury Stone Gray swimwear, minimalist bikini bottom, Crinkled Seersucker bikini, high-end swimwear",TRUE,Color,Chalk White,Size,S,TWESSIE_JP_BB_0204-Chalk White-S,168.0,,10
twessie-jp-bb-0204,Stone Gray Minimalist Crinkled Seersucker Bikini Bottom,"<p>Crinkled Seersucker construction meets architectural precision in this bikini bottom. Designed for the intelligent, independent woman. The Stone Gray colorway with Chalk White accents creates a sophisticated palette. Pure anti-fashion statement elegance.</p>",Twessie,Bikini Bottom,"minimalist luxury, luxury Stone Gray swimwear, minimalist bikini bottom, Crinkled Seersucker bikini, high-end swimwear",TRUE,Color,Chalk White,Size,M,TWESSIE_JP_BB_0204-Chalk White-M,168.0,,10
twessie-jp-bb-0204,Stone Gray Minimalist Crinkled Seersucker Bikini Bottom,"<p>Crinkled Seersucker construction meets architectural precision in this bikini bottom. Designed for the intelligent, independent woman. The Stone Gray colorway with Chalk White accents creates a sophisticated palette. Pure anti-fashion statement elegance.</p>",Twessie,Bikini Bottom,"minimalist luxury, luxury Stone Gray swimwear, minimalist bikini bottom, Crinkled Seersucker bikini, high-end swimwear",TRUE,Color,Chalk White,Size,L,TWESSIE_JP_BB_0204-Chalk White-L,168.0,,10
twessie-jp-bb-0204,Stone Gray Minimalist Crinkled Seersucker Bikini Bottom,"<p>Crinkled Seersucker construction meets architectural precision in this bikini bottom. Designed for the intelligent, independent woman. The Stone Gray colorway with Chalk White accents creates a sophisticated palette. Pure anti-fashion statement elegance.</p>",Twessie,Bikini Bottom,"minimalist luxury, luxury Stone Gray swimwear, minimalist bikini bottom, Crinkled Seersucker bikini, high-end swimwear",TRUE,Color,Chalk White,Size,XL,TWESSIE_JP_BB_0204-Chalk White-XL,168.0,,10
twessie-jp-bb-0204,Stone Gray Minimalist Crinkled Seersucker Bikini Bottom,"<p>Crinkled Seersucker construction meets architectural precision in this bikini bottom. Designed for the intelligent, independent woman. The Stone Gray colorway with Chalk White accents creates a sophisticated palette. Pure anti-fashion statement elegance.</p>",Twessie,Bikini Bottom,"minimalist luxury, luxury Stone Gray swimwear, minimalist bikini bottom, Crinkled Seersucker bikini, high-end swimwear",TRUE,Color,Chalk White,Size,XXL,TWESSIE_JP_BB_0204-Chalk White-XXL,168.0,,10
twessie-au-bt-0205,Architecture-Cut Chalk White Bikini Top,"<p>Crinkled Seersucker construction meets architectural precision in this bikini top. Designed for the intelligent, independent woman. The Chalk White colorway with Stone Gray accents creates a sophisticated palette. Pure architectural elegance elegance.</p>",Twessie,Bikini Top,"architectural swimsuit, luxury Chalk White swimwear, high-end swimwear, minimalist luxury, minimalist bikini top",TRUE,Color,Chalk White,Size,XS,TWESSIE_AU_BT_0205-Chalk White-XS,168.0,,10
twessie-au-bt-0205,Architecture-Cut Chalk White Bikini Top,"<p>Crinkled Seersucker construction meets architectural precision in this bikini top. Designed for the intelligent, independent woman. The Chalk White colorway with Stone Gray accents creates a sophisticated palette. Pure architectural elegance elegance.</p>",Twessie,Bikini Top,"architectural swimsuit, luxury Chalk White swimwear, high-end swimwear, minimalist luxury, minimalist bikini top",TRUE,Color,Chalk White,Size,S,TWESSIE_AU_BT_0205-Chalk White-S,168.0,,10
twessie-au-bt-0205,Architecture-Cut Chalk White Bikini Top,"<p>Crinkled Seersucker construction meets architectural precision in this bikini top. Designed for the intelligent, independent woman. The Chalk White colorway with Stone Gray accents creates a sophisticated palette. Pure architectural elegance elegance.</p>",Twessie,Bikini Top,"architectural swimsuit, luxury Chalk White swimwear, high-end swimwear, minimalist luxury, minimalist bikini top",TRUE,Color,Chalk White,Size,M,TWESSIE_AU_BT_0205-Chalk White-M,168.0,,10
twessie-au-bt-0205,Architecture-Cut Chalk White Bikini Top,"<p>Crinkled Seersucker construction meets architectural precision in this bikini top. Designed for the intelligent, independent woman. The Chalk White colorway with Stone Gray accents creates a sophisticated palette. Pure architectural elegance elegance.</p>",Twessie,Bikini Top,"architectural swimsuit, luxury Chalk White swimwear, high-end swimwear, minimalist luxury, minimalist bikini top",TRUE,Color,Chalk White,Size,L,TWESSIE_AU_BT_0205-Chalk White-L,168.0,,10
twessie-au-bt-0205,Architecture-Cut Chalk White Bikini Top,"<p>Crinkled Seersucker construction meets architectural precision in this bikini top. Designed for the intelligent, independent woman. The Chalk White colorway with Stone Gray accents creates a sophisticated palette. Pure architectural elegance elegance.</p>",Twessie,Bikini Top,"architectural swimsuit, luxury Chalk White swimwear, high-end swimwear, minimalist luxury, minimalist bikini top",TRUE,Color,Chalk White,Size,XL,TWESSIE_AU_BT_0205-Chalk White-XL,168.0,,10
twessie-au-bt-0205,Architecture-Cut Chalk White Bikini Top,"<p>Crinkled Seersucker construction meets architectural precision in this bikini top. Designed for the intelligent, independent woman. The Chalk White colorway with Stone Gray accents creates a sophisticated palette. Pure architectural elegance elegance.</p>",Twessie,Bikini Top,"architectural swimsuit, luxury Chalk White swimwear, high-end swimwear, minimalist luxury, minimalist bikini top",TRUE,Color,Chalk White,Size,XXL,TWESSIE_AU_BT_0205-Chalk White-XXL,168.0,,10
twessie-au-bt-0205,Architecture-Cut Chalk White Bikini Top,"<p>Crinkled Seersucker construction meets architectural precision in this bikini top. Designed for the intelligent, independent woman. The Chalk White colorway with Stone Gray accents creates a sophisticated palette. Pure architectural elegance elegance.</p>",Twessie,Bikini Top,"architectural swimsuit, luxury Chalk White swimwear, high-end swimwear, minimalist luxury, minimalist bikini top",TRUE,Color,Stone Gray,Size,XS,TWESSIE_AU_BT_0205-Stone Gray-XS,168.0,,10
twessie-au-bt-0205,Architecture-Cut Chalk White Bikini Top,"<p>Crinkled Seersucker construction meets architectural precision in this bikini top. Designed for the intelligent, independent woman. The Chalk White colorway with Stone Gray accents creates a sophisticated palette. Pure architectural elegance elegance.</p>",Twessie,Bikini Top,"architectural swimsuit, luxury Chalk White swimwear, high-end swimwear, minimalist luxury, minimalist bikini top",TRUE,Color,Stone Gray,Size,S,TWESSIE_AU_BT_0205-Stone Gray-S,168.0,,10
twessie-au-bt-0205,Architecture-Cut Chalk White Bikini Top,"<p>Crinkled Seersucker construction meets architectural precision in this bikini top. Designed for the intelligent, independent woman. The Chalk White colorway with Stone Gray accents creates a sophisticated palette. Pure architectural elegance elegance.</p>",Twessie,Bikini Top,"architectural swimsuit, luxury Chalk White swimwear, high-end swimwear, minimalist luxury, minimalist bikini top",TRUE,Color,Stone Gray,Size,M,TWESSIE_AU_BT_0205-Stone Gray-M,168.0,,10
twessie-au-bt-0205,Architecture-Cut Chalk White Bikini Top,"<p>Crinkled Seersucker construction meets architectural precision in this bikini top. Designed for the intelligent, independent woman. The Chalk White colorway with Stone Gray accents creates a sophisticated palette. Pure architectural elegance elegance.</p>",Twessie,Bikini Top,"architectural swimsuit, luxury Chalk White swimwear, high-end swimwear, minimalist luxury, minimalist bikini top",TRUE,Color,Stone Gray,Size,L,TWESSIE_AU_BT_0205-Stone Gray-L,168.0,,10
twessie-au-bt-0205,Architecture-Cut Chalk White Bikini Top,"<p>Crinkled Seersucker construction meets architectural precision in this bikini top. Designed for the intelligent, independent woman. The Chalk White colorway with Stone Gray accents creates a sophisticated palette. Pure architectural elegance elegance.</p>",Twessie,Bikini Top,"architectural swimsuit, luxury Chalk White swimwear, high-end swimwear, minimalist luxury, minimalist bikini top",TRUE,Color,Stone Gray,Size,XL,TWESSIE_AU_BT_0205-Stone Gray-XL,168.0,,10
twessie-au-bt-0205,Architecture-Cut Chalk White Bikini Top,"<p>Crinkled Seersucker construction meets architectural precision in this bikini top. Designed for the intelligent, independent woman. The Chalk White colorway with Stone Gray accents creates a sophisticated palette. Pure architectural elegance elegance.</p>",Twessie,Bikini Top,"architectural swimsuit, luxury Chalk White swimwear, high-end swimwear, minimalist luxury, minimalist bikini top",TRUE,Color,Stone Gray,Size,XXL,TWESSIE_AU_BT_0205-Stone Gray-XXL,168.0,,10
twessie-sg-bb-0206,Structural Matte Ribbed Knit Bikini Bottom,<p>Crafted in premium Matte Ribbed Knit with Crinkled Seersucker accents. This bikini bottom epitomizes rebellious yet refined luxury. Featuring color-blocking in Olive Drab and Burnt Terracotta. Perfect for the discerning swimmer who refuses the obvious.</p>,Twessie,Bikini Bottom,"luxury Olive Drab swimwear, Matte Ribbed Knit bikini, minimalist luxury, architectural swimsuit, independent fashion",TRUE,Color,Olive Drab,Size,XS,TWESSIE_SG_BB_0206-Olive Drab-XS,168.0,,10
twessie-sg-bb-0206,Structural Matte Ribbed Knit Bikini Bottom,<p>Crafted in premium Matte Ribbed Knit with Crinkled Seersucker accents. This bikini bottom epitomizes rebellious yet refined luxury. Featuring color-blocking in Olive Drab and Burnt Terracotta. Perfect for the discerning swimmer who refuses the obvious.</p>,Twessie,Bikini Bottom,"luxury Olive Drab swimwear, Matte Ribbed Knit bikini, minimalist luxury, architectural swimsuit, independent fashion",TRUE,Color,Olive Drab,Size,S,TWESSIE_SG_BB_0206-Olive Drab-S,168.0,,10
twessie-sg-bb-0206,Structural Matte Ribbed Knit Bikini Bottom,<p>Crafted in premium Matte Ribbed Knit with Crinkled Seersucker accents. This bikini bottom epitomizes rebellious yet refined luxury. Featuring color-blocking in Olive Drab and Burnt Terracotta. Perfect for the discerning swimmer who refuses the obvious.</p>,Twessie,Bikini Bottom,"luxury Olive Drab swimwear, Matte Ribbed Knit bikini, minimalist luxury, architectural swimsuit, independent fashion",TRUE,Color,Olive Drab,Size,M,TWESSIE_SG_BB_0206-Olive Drab-M,168.0,,10
twessie-sg-bb-0206,Structural Matte Ribbed Knit Bikini Bottom,<p>Crafted in premium Matte Ribbed Knit with Crinkled Seersucker accents. This bikini bottom epitomizes rebellious yet refined luxury. Featuring color-blocking in Olive Drab and Burnt Terracotta. Perfect for the discerning swimmer who refuses the obvious.</p>,Twessie,Bikini Bottom,"luxury Olive Drab swimwear, Matte Ribbed Knit bikini, minimalist luxury, architectural swimsuit, independent fashion",TRUE,Color,Olive Drab,Size,L,TWESSIE_SG_BB_0206-Olive Drab-L,168.0,,10
twessie-sg-bb-0206,Structural Matte Ribbed Knit Bikini Bottom,<p>Crafted in premium Matte Ribbed Knit with Crinkled Seersucker accents. This bikini bottom epitomizes rebellious yet refined luxury. Featuring color-blocking in Olive Drab and Burnt Terracotta. Perfect for the discerning swimmer who refuses the obvious.</p>,Twessie,Bikini Bottom,"luxury Olive Drab swimwear, Matte Ribbed Knit bikini, minimalist luxury, architectural swimsuit, independent fashion",TRUE,Color,Olive Drab,Size,XL,TWESSIE_SG_BB_0206-Olive Drab-XL,168.0,,10
twessie-sg-bb-0206,Structural Matte Ribbed Knit Bikini Bottom,<p>Crafted in premium Matte Ribbed Knit with Crinkled Seersucker accents. This bikini bottom epitomizes rebellious yet refined luxury. Featuring color-blocking in Olive Drab and Burnt Terracotta. Perfect for the discerning swimmer who refuses the obvious.</p>,Twessie,Bikini Bottom,"luxury Olive Drab swimwear, Matte Ribbed Knit bikini, minimalist luxury, architectural swimsuit, independent fashion",TRUE,Color,Olive Drab,Size,XXL,TWESSIE_SG_BB_0206-Olive Drab-XXL,168.0,,10
twessie-sg-bb-0206,Structural Matte Ribbed Knit Bikini Bottom,<p>Crafted in premium Matte Ribbed Knit with Crinkled Seersucker accents. This bikini bottom epitomizes rebellious yet refined luxury. Featuring color-blocking in Olive Drab and Burnt Terracotta. Perfect for the discerning swimmer who refuses the obvious.</p>,Twessie,Bikini Bottom,"luxury Olive Drab swimwear, Matte Ribbed Knit bikini, minimalist luxury, architectural swimsuit, independent fashion",TRUE,Color,Burnt Terracotta,Size,XS,TWESSIE_SG_BB_0206-Burnt Terracotta-XS,168.0,,10
twessie-sg-bb-0206,Structural Matte Ribbed Knit Bikini Bottom,<p>Crafted in premium Matte Ribbed Knit with Crinkled Seersucker accents. This bikini bottom epitomizes rebellious yet refined luxury. Featuring color-blocking in Olive Drab and Burnt Terracotta. Perfect for the discerning swimmer who refuses the obvious.</p>,Twessie,Bikini Bottom,"luxury Olive Drab swimwear, Matte Ribbed Knit bikini, minimalist luxury, architectural swimsuit, independent fashion",TRUE,Color,Burnt Terracotta,Size,S,TWESSIE_SG_BB_0206-Burnt Terracotta-S,168.0,,10
twessie-sg-bb-0206,Structural Matte Ribbed Knit Bikini Bottom,<p>Crafted in premium Matte Ribbed Knit with Crinkled Seersucker accents. This bikini bottom epitomizes rebellious yet refined luxury. Featuring color-blocking in Olive Drab and Burnt Terracotta. Perfect for the discerning swimmer who refuses the obvious.</p>,Twessie,Bikini Bottom,"luxury Olive Drab swimwear, Matte Ribbed Knit bikini, minimalist luxury, architectural swimsuit, independent fashion",TRUE,Color,Burnt Terracotta,Size,M,TWESSIE_SG_BB_0206-Burnt Terracotta-M,168.0,,10
twessie-sg-bb-0206,Structural Matte Ribbed Knit Bikini Bottom,<p>Crafted in premium Matte Ribbed Knit with Crinkled Seersucker accents. This bikini bottom epitomizes rebellious yet refined luxury. Featuring color-blocking in Olive Drab and Burnt Terracotta. Perfect for the discerning swimmer who refuses the obvious.</p>,Twessie,Bikini Bottom,"luxury Olive Drab swimwear, Matte Ribbed Knit bikini, minimalist luxury, architectural swimsuit, independent fashion",TRUE,Color,Burnt Terracotta,Size,L,TWESSIE_SG_BB_0206-Burnt Terracotta-L,168.0,,10
twessie-sg-bb-0206,Structural Matte Ribbed Knit Bikini Bottom,<p>Crafted in premium Matte Ribbed Knit with Crinkled Seersucker accents. This bikini bottom epitomizes rebellious yet refined luxury. Featuring color-blocking in Olive Drab and Burnt Terracotta. Perfect for the discerning swimmer who refuses the obvious.</p>,Twessie,Bikini Bottom,"luxury Olive Drab swimwear, Matte Ribbed Knit bikini, minimalist luxury, architectural swimsuit, independent fashion",TRUE,Color,Burnt Terracotta,Size,XL,TWESSIE_SG_BB_0206-Burnt Terracotta-XL,168.0,,10
twessie-sg-bb-0206,Structural Matte Ribbed Knit Bikini Bottom,<p>Crafted in premium Matte Ribbed Knit with Crinkled Seersucker accents. This bikini bottom epitomizes rebellious yet refined luxury. Featuring color-blocking in Olive Drab and Burnt Terracotta. Perfect for the discerning swimmer who refuses the obvious.</p>,Twessie,Bikini Bottom,"luxury Olive Drab swimwear, Matte Ribbed Knit bikini, minimalist luxury, architectural swimsuit, independent fashion",TRUE,Color,Burnt Terracotta,Size,XXL,TWESSIE_SG_BB_0206-Burnt Terracotta-XXL,168.0,,10
twessie-au-bt-0207,Crinkled Seersucker High-Waist Bikini Top in Chalk White,<p>A statement piece in Crinkled Seersucker. This bikini top combines architectural elegance design with impeccable craftsmanship. Available in Chalk White with Stone Gray detailing. Not loud. Not obvious. Unmistakably Twessie.</p>,Twessie,Bikini Top,"Crinkled Seersucker bikini, architectural swimsuit, minimalist bikini top, independent fashion, high-end swimwear",TRUE,Color,Chalk White,Size,XS,TWESSIE_AU_BT_0207-Chalk White-XS,168.0,,10
twessie-au-bt-0207,Crinkled Seersucker High-Waist Bikini Top in Chalk White,<p>A statement piece in Crinkled Seersucker. This bikini top combines architectural elegance design with impeccable craftsmanship. Available in Chalk White with Stone Gray detailing. Not loud. Not obvious. Unmistakably Twessie.</p>,Twessie,Bikini Top,"Crinkled Seersucker bikini, architectural swimsuit, minimalist bikini top, independent fashion, high-end swimwear",TRUE,Color,Chalk White,Size,S,TWESSIE_AU_BT_0207-Chalk White-S,168.0,,10
twessie-au-bt-0207,Crinkled Seersucker High-Waist Bikini Top in Chalk White,<p>A statement piece in Crinkled Seersucker. This bikini top combines architectural elegance design with impeccable craftsmanship. Available in Chalk White with Stone Gray detailing. Not loud. Not obvious. Unmistakably Twessie.</p>,Twessie,Bikini Top,"Crinkled Seersucker bikini, architectural swimsuit, minimalist bikini top, independent fashion, high-end swimwear",TRUE,Color,Chalk White,Size,M,TWESSIE_AU_BT_0207-Chalk White-M,168.0,,10
twessie-au-bt-0207,Crinkled Seersucker High-Waist Bikini Top in Chalk White,<p>A statement piece in Crinkled Seersucker. This bikini top combines architectural elegance design with impeccable craftsmanship. Available in Chalk White with Stone Gray detailing. Not loud. Not obvious. Unmistakably Twessie.</p>,Twessie,Bikini Top,"Crinkled Seersucker bikini, architectural swimsuit, minimalist bikini top, independent fashion, high-end swimwear",TRUE,Color,Chalk White,Size,L,TWESSIE_AU_BT_0207-Chalk White-L,168.0,,10
twessie-au-bt-0207,Crinkled Seersucker High-Waist Bikini Top in Chalk White,<p>A statement piece in Crinkled Seersucker. This bikini top combines architectural elegance design with impeccable craftsmanship. Available in Chalk White with Stone Gray detailing. Not loud. Not obvious. Unmistakably Twessie.</p>,Twessie,Bikini Top,"Crinkled Seersucker bikini, architectural swimsuit, minimalist bikini top, independent fashion, high-end swimwear",TRUE,Color,Chalk White,Size,XL,TWESSIE_AU_BT_0207-Chalk White-XL,168.0,,10
twessie-au-bt-0207,Crinkled Seersucker High-Waist Bikini Top in Chalk White,<p>A statement piece in Crinkled Seersucker. This bikini top combines architectural elegance design with impeccable craftsmanship. Available in Chalk White with Stone Gray detailing. Not loud. Not obvious. Unmistakably Twessie.</p>,Twessie,Bikini Top,"Crinkled Seersucker bikini, architectural swimsuit, minimalist bikini top, independent fashion, high-end swimwear",TRUE,Color,Chalk White,Size,XXL,TWESSIE_AU_BT_0207-Chalk White-XXL,168.0,,10
twessie-au-bt-0207,Crinkled Seersucker High-Waist Bikini Top in Chalk White,<p>A statement piece in Crinkled Seersucker. This bikini top combines architectural elegance design with impeccable craftsmanship. Available in Chalk White with Stone Gray detailing. Not loud. Not obvious. Unmistakably Twessie.</p>,Twessie,Bikini Top,"Crinkled Seersucker bikini, architectural swimsuit, minimalist bikini top, independent fashion, high-end swimwear",TRUE,Color,Stone Gray,Size,XS,TWESSIE_AU_BT_0207-Stone Gray-XS,168.0,,10
twessie-au-bt-0207,Crinkled Seersucker High-Waist Bikini Top in Chalk White,<p>A statement piece in Crinkled Seersucker. This bikini top combines architectural elegance design with impeccable craftsmanship. Available in Chalk White with Stone Gray detailing. Not loud. Not obvious. Unmistakably Twessie.</p>,Twessie,Bikini Top,"Crinkled Seersucker bikini, architectural swimsuit, minimalist bikini top, independent fashion, high-end swimwear",TRUE,Color,Stone Gray,Size,S,TWESSIE_AU_BT_0207-Stone Gray-S,168.0,,10
twessie-au-bt-0207,Crinkled Seersucker High-Waist Bikini Top in Chalk White,<p>A statement piece in Crinkled Seersucker. This bikini top combines architectural elegance design with impeccable craftsmanship. Available in Chalk White with Stone Gray detailing. Not loud. Not obvious. Unmistakably Twessie.</p>,Twessie,Bikini Top,"Crinkled Seersucker bikini, architectural swimsuit, minimalist bikini top, independent fashion, high-end swimwear",TRUE,Color,Stone Gray,Size,M,TWESSIE_AU_BT_0207-Stone Gray-M,168.0,,10
twessie-au-bt-0207,Crinkled Seersucker High-Waist Bikini Top in Chalk White,<p>A statement piece in Crinkled Seersucker. This bikini top combines architectural elegance design with impeccable craftsmanship. Available in Chalk White with Stone Gray detailing. Not loud. Not obvious. Unmistakably Twessie.</p>,Twessie,Bikini Top,"Crinkled Seersucker bikini, architectural swimsuit, minimalist bikini top, independent fashion, high-end swimwear",TRUE,Color,Stone Gray,Size,L,TWESSIE_AU_BT_0207-Stone Gray-L,168.0,,10
twessie-au-bt-0207,Crinkled Seersucker High-Waist Bikini Top in Chalk White,<p>A statement piece in Crinkled Seersucker. This bikini top combines architectural elegance design with impeccable craftsmanship. Available in Chalk White with Stone Gray detailing. Not loud. Not obvious. Unmistakably Twessie.</p>,Twessie,Bikini Top,"Crinkled Seersucker bikini, architectural swimsuit, minimalist bikini top, independent fashion, high-end swimwear",TRUE,Color,Stone Gray,Size,XL,TWESSIE_AU_BT_0207-Stone Gray-XL,168.0,,10
twessie-au-bt-0207,Crinkled Seersucker High-Waist Bikini Top in Chalk White,<p>A statement piece in Crinkled Seersucker. This bikini top combines architectural elegance design with impeccable craftsmanship. Available in Chalk White with Stone Gray detailing. Not loud. Not obvious. Unmistakably Twessie.</p>,Twessie,Bikini Top,"Crinkled Seersucker bikini, architectural swimsuit, minimalist bikini top, independent fashion, high-end swimwear",TRUE,Color,Stone Gray,Size,XXL,TWESSIE_AU_BT_0207-Stone Gray-XXL,168.0,,10
twessie-na-bt-0208,Architecture-Cut Olive Drab Bikini Top,<p>A statement piece in Matte Ribbed Knit. This bikini top combines anti-fashion statement design with impeccable craftsmanship. Available in Olive Drab with Burnt Terracotta detailing. Not loud. Not obvious. Unmistakably Twessie.</p>,Twessie,Bikini Top,"Matte Ribbed Knit bikini, minimalist luxury, independent fashion, architectural swimsuit, luxury Olive Drab swimwear",TRUE,Color,Olive Drab,Size,XS,TWESSIE_NA_BT_0208-Olive Drab-XS,168.0,,10
twessie-na-bt-0208,Architecture-Cut Olive Drab Bikini Top,<p>A statement piece in Matte Ribbed Knit. This bikini top combines anti-fashion statement design with impeccable craftsmanship. Available in Olive Drab with Burnt Terracotta detailing. Not loud. Not obvious. Unmistakably Twessie.</p>,Twessie,Bikini Top,"Matte Ribbed Knit bikini, minimalist luxury, independent fashion, architectural swimsuit, luxury Olive Drab swimwear",TRUE,Color,Olive Drab,Size,S,TWESSIE_NA_BT_0208-Olive Drab-S,168.0,,10
twessie-na-bt-0208,Architecture-Cut Olive Drab Bikini Top,<p>A statement piece in Matte Ribbed Knit. This bikini top combines anti-fashion statement design with impeccable craftsmanship. Available in Olive Drab with Burnt Terracotta detailing. Not loud. Not obvious. Unmistakably Twessie.</p>,Twessie,Bikini Top,"Matte Ribbed Knit bikini, minimalist luxury, independent fashion, architectural swimsuit, luxury Olive Drab swimwear",TRUE,Color,Olive Drab,Size,M,TWESSIE_NA_BT_0208-Olive Drab-M,168.0,,10
twessie-na-bt-0208,Architecture-Cut Olive Drab Bikini Top,<p>A statement piece in Matte Ribbed Knit. This bikini top combines anti-fashion statement design with impeccable craftsmanship. Available in Olive Drab with Burnt Terracotta detailing. Not loud. Not obvious. Unmistakably Twessie.</p>,Twessie,Bikini Top,"Matte Ribbed Knit bikini, minimalist luxury, independent fashion, architectural swimsuit, luxury Olive Drab swimwear",TRUE,Color,Olive Drab,Size,L,TWESSIE_NA_BT_0208-Olive Drab-L,168.0,,10
twessie-na-bt-0208,Architecture-Cut Olive Drab Bikini Top,<p>A statement piece in Matte Ribbed Knit. This bikini top combines anti-fashion statement design with impeccable craftsmanship. Available in Olive Drab with Burnt Terracotta detailing. Not loud. Not obvious. Unmistakably Twessie.</p>,Twessie,Bikini Top,"Matte Ribbed Knit bikini, minimalist luxury, independent fashion, architectural swimsuit, luxury Olive Drab swimwear",TRUE,Color,Olive Drab,Size,XL,TWESSIE_NA_BT_0208-Olive Drab-XL,168.0,,10
twessie-na-bt-0208,Architecture-Cut Olive Drab Bikini Top,<p>A statement piece in Matte Ribbed Knit. This bikini top combines anti-fashion statement design with impeccable craftsmanship. Available in Olive Drab with Burnt Terracotta detailing. Not loud. Not obvious. Unmistakably Twessie.</p>,Twessie,Bikini Top,"Matte Ribbed Knit bikini, minimalist luxury, independent fashion, architectural swimsuit, luxury Olive Drab swimwear",TRUE,Color,Olive Drab,Size,XXL,TWESSIE_NA_BT_0208-Olive Drab-XXL,168.0,,10
twessie-na-bt-0208,Architecture-Cut Olive Drab Bikini Top,<p>A statement piece in Matte Ribbed Knit. This bikini top combines anti-fashion statement design with impeccable craftsmanship. Available in Olive Drab with Burnt Terracotta detailing. Not loud. Not obvious. Unmistakably Twessie.</p>,Twessie,Bikini Top,"Matte Ribbed Knit bikini, minimalist luxury, independent fashion, architectural swimsuit, luxury Olive Drab swimwear",TRUE,Color,Burnt Terracotta,Size,XS,TWESSIE_NA_BT_0208-Burnt Terracotta-XS,168.0,,10
twessie-na-bt-0208,Architecture-Cut Olive Drab Bikini Top,<p>A statement piece in Matte Ribbed Knit. This bikini top combines anti-fashion statement design with impeccable craftsmanship. Available in Olive Drab with Burnt Terracotta detailing. Not loud. Not obvious. Unmistakably Twessie.</p>,Twessie,Bikini Top,"Matte Ribbed Knit bikini, minimalist luxury, independent fashion, architectural swimsuit, luxury Olive Drab swimwear",TRUE,Color,Burnt Terracotta,Size,S,TWESSIE_NA_BT_0208-Burnt Terracotta-S,168.0,,10
twessie-na-bt-0208,Architecture-Cut Olive Drab Bikini Top,<p>A statement piece in Matte Ribbed Knit. This bikini top combines anti-fashion statement design with impeccable craftsmanship. Available in Olive Drab with Burnt Terracotta detailing. Not loud. Not obvious. Unmistakably Twessie.</p>,Twessie,Bikini Top,"Matte Ribbed Knit bikini, minimalist luxury, independent fashion, architectural swimsuit, luxury Olive Drab swimwear",TRUE,Color,Burnt Terracotta,Size,M,TWESSIE_NA_BT_0208-Burnt Terracotta-M,168.0,,10
twessie-na-bt-0208,Architecture-Cut Olive Drab Bikini Top,<p>A statement piece in Matte Ribbed Knit. This bikini top combines anti-fashion statement design with impeccable craftsmanship. Available in Olive Drab with Burnt Terracotta detailing. Not loud. Not obvious. Unmistakably Twessie.</p>,Twessie,Bikini Top,"Matte Ribbed Knit bikini, minimalist luxury, independent fashion, architectural swimsuit, luxury Olive Drab swimwear",TRUE,Color,Burnt Terracotta,Size,L,TWESSIE_NA_BT_0208-Burnt Terracotta-L,168.0,,10
twessie-na-bt-0208,Architecture-Cut Olive Drab Bikini Top,<p>A statement piece in Matte Ribbed Knit. This bikini top combines anti-fashion statement design with impeccable craftsmanship. Available in Olive Drab with Burnt Terracotta detailing. Not loud. Not obvious. Unmistakably Twessie.</p>,Twessie,Bikini Top,"Matte Ribbed Knit bikini, minimalist luxury, independent fashion, architectural swimsuit, luxury Olive Drab swimwear",TRUE,Color,Burnt Terracotta,Size,XL,TWESSIE_NA_BT_0208-Burnt Terracotta-XL,168.0,,10
twessie-na-bt-0208,Architecture-Cut Olive Drab Bikini Top,<p>A statement piece in Matte Ribbed Knit. This bikini top combines anti-fashion statement design with impeccable craftsmanship. Available in Olive Drab with Burnt Terracotta detailing. Not loud. Not obvious. Unmistakably Twessie.</p>,Twessie,Bikini Top,"Matte Ribbed Knit bikini, minimalist luxury, independent fashion, architectural swimsuit, luxury Olive Drab swimwear",TRUE,Color,Burnt Terracotta,Size,XXL,TWESSIE_NA_BT_0208-Burnt Terracotta-XXL,168.0,,10
twessie-jp-bb-0209,Obsidian Black Minimalist Econyl Sleek Satin Bikini Bottom,<p>A statement piece in Econyl Sleek Satin. This bikini bottom combines anti-fashion statement design with impeccable craftsmanship. Available in Obsidian Black with Stone Gray detailing. Not loud. Not obvious. Unmistakably Twessie.</p>,Twessie,Bikini Bottom,"minimalist bikini bottom, luxury Obsidian Black swimwear, minimalist luxury, independent fashion, Econyl Sleek Satin bikini",TRUE,Color,Obsidian Black,Size,XS,TWESSIE_JP_BB_0209-Obsidian Black-XS,168.0,,10
twessie-jp-bb-0209,Obsidian Black Minimalist Econyl Sleek Satin Bikini Bottom,<p>A statement piece in Econyl Sleek Satin. This bikini bottom combines anti-fashion statement design with impeccable craftsmanship. Available in Obsidian Black with Stone Gray detailing. Not loud. Not obvious. Unmistakably Twessie.</p>,Twessie,Bikini Bottom,"minimalist bikini bottom, luxury Obsidian Black swimwear, minimalist luxury, independent fashion, Econyl Sleek Satin bikini",TRUE,Color,Obsidian Black,Size,S,TWESSIE_JP_BB_0209-Obsidian Black-S,168.0,,10
twessie-jp-bb-0209,Obsidian Black Minimalist Econyl Sleek Satin Bikini Bottom,<p>A statement piece in Econyl Sleek Satin. This bikini bottom combines anti-fashion statement design with impeccable craftsmanship. Available in Obsidian Black with Stone Gray detailing. Not loud. Not obvious. Unmistakably Twessie.</p>,Twessie,Bikini Bottom,"minimalist bikini bottom, luxury Obsidian Black swimwear, minimalist luxury, independent fashion, Econyl Sleek Satin bikini",TRUE,Color,Obsidian Black,Size,M,TWESSIE_JP_BB_0209-Obsidian Black-M,168.0,,10
twessie-jp-bb-0209,Obsidian Black Minimalist Econyl Sleek Satin Bikini Bottom,<p>A statement piece in Econyl Sleek Satin. This bikini bottom combines anti-fashion statement design with impeccable craftsmanship. Available in Obsidian Black with Stone Gray detailing. Not loud. Not obvious. Unmistakably Twessie.</p>,Twessie,Bikini Bottom,"minimalist bikini bottom, luxury Obsidian Black swimwear, minimalist luxury, independent fashion, Econyl Sleek Satin bikini",TRUE,Color,Obsidian Black,Size,L,TWESSIE_JP_BB_0209-Obsidian Black-L,168.0,,10
twessie-jp-bb-0209,Obsidian Black Minimalist Econyl Sleek Satin Bikini Bottom,<p>A statement piece in Econyl Sleek Satin. This bikini bottom combines anti-fashion statement design with impeccable craftsmanship. Available in Obsidian Black with Stone Gray detailing. Not loud. Not obvious. Unmistakably Twessie.</p>,Twessie,Bikini Bottom,"minimalist bikini bottom, luxury Obsidian Black swimwear, minimalist luxury, independent fashion, Econyl Sleek Satin bikini",TRUE,Color,Obsidian Black,Size,XL,TWESSIE_JP_BB_0209-Obsidian Black-XL,168.0,,10
twessie-jp-bb-0209,Obsidian Black Minimalist Econyl Sleek Satin Bikini Bottom,<p>A statement piece in Econyl Sleek Satin. This bikini bottom combines anti-fashion statement design with impeccable craftsmanship. Available in Obsidian Black with Stone Gray detailing. Not loud. Not obvious. Unmistakably Twessie.</p>,Twessie,Bikini Bottom,"minimalist bikini bottom, luxury Obsidian Black swimwear, minimalist luxury, independent fashion, Econyl Sleek Satin bikini",TRUE,Color,Obsidian Black,Size,XXL,TWESSIE_JP_BB_0209-Obsidian Black-XXL,168.0,,10
twessie-jp-bb-0209,Obsidian Black Minimalist Econyl Sleek Satin Bikini Bottom,<p>A statement piece in Econyl Sleek Satin. This bikini bottom combines anti-fashion statement design with impeccable craftsmanship. Available in Obsidian Black with Stone Gray detailing. Not loud. Not obvious. Unmistakably Twessie.</p>,Twessie,Bikini Bottom,"minimalist bikini bottom, luxury Obsidian Black swimwear, minimalist luxury, independent fashion, Econyl Sleek Satin bikini",TRUE,Color,Stone Gray,Size,XS,TWESSIE_JP_BB_0209-Stone Gray-XS,168.0,,10
twessie-jp-bb-0209,Obsidian Black Minimalist Econyl Sleek Satin Bikini Bottom,<p>A statement piece in Econyl Sleek Satin. This bikini bottom combines anti-fashion statement design with impeccable craftsmanship. Available in Obsidian Black with Stone Gray detailing. Not loud. Not obvious. Unmistakably Twessie.</p>,Twessie,Bikini Bottom,"minimalist bikini bottom, luxury Obsidian Black swimwear, minimalist luxury, independent fashion, Econyl Sleek Satin bikini",TRUE,Color,Stone Gray,Size,S,TWESSIE_JP_BB_0209-Stone Gray-S,168.0,,10
twessie-jp-bb-0209,Obsidian Black Minimalist Econyl Sleek Satin Bikini Bottom,<p>A statement piece in Econyl Sleek Satin. This bikini bottom combines anti-fashion statement design with impeccable craftsmanship. Available in Obsidian Black with Stone Gray detailing. Not loud. Not obvious. Unmistakably Twessie.</p>,Twessie,Bikini Bottom,"minimalist bikini bottom, luxury Obsidian Black swimwear, minimalist luxury, independent fashion, Econyl Sleek Satin bikini",TRUE,Color,Stone Gray,Size,M,TWESSIE_JP_BB_0209-Stone Gray-M,168.0,,10
twessie-jp-bb-0209,Obsidian Black Minimalist Econyl Sleek Satin Bikini Bottom,<p>A statement piece in Econyl Sleek Satin. This bikini bottom combines anti-fashion statement design with impeccable craftsmanship. Available in Obsidian Black with Stone Gray detailing. Not loud. Not obvious. Unmistakably Twessie.</p>,Twessie,Bikini Bottom,"minimalist bikini bottom, luxury Obsidian Black swimwear, minimalist luxury, independent fashion, Econyl Sleek Satin bikini",TRUE,Color,Stone Gray,Size,L,TWESSIE_JP_BB_0209-Stone Gray-L,168.0,,10
twessie-jp-bb-0209,Obsidian Black Minimalist Econyl Sleek Satin Bikini Bottom,<p>A statement piece in Econyl Sleek Satin. This bikini bottom combines anti-fashion statement design with impeccable craftsmanship. Available in Obsidian Black with Stone Gray detailing. Not loud. Not obvious. Unmistakably Twessie.</p>,Twessie,Bikini Bottom,"minimalist bikini bottom, luxury Obsidian Black swimwear, minimalist luxury, independent fashion, Econyl Sleek Satin bikini",TRUE,Color,Stone Gray,Size,XL,TWESSIE_JP_BB_0209-Stone Gray-XL,168.0,,10
twessie-jp-bb-0209,Obsidian Black Minimalist Econyl Sleek Satin Bikini Bottom,<p>A statement piece in Econyl Sleek Satin. This bikini bottom combines anti-fashion statement design with impeccable craftsmanship. Available in Obsidian Black with Stone Gray detailing. Not loud. Not obvious. Unmistakably Twessie.</p>,Twessie,Bikini Bottom,"minimalist bikini bottom, luxury Obsidian Black swimwear, minimalist luxury, independent fashion, Econyl Sleek Satin bikini",TRUE,Color,Stone Gray,Size,XXL,TWESSIE_JP_BB_0209-Stone Gray-XXL,168.0,,10
twessie-au-bt-0210,Architecture-Cut Obsidian Black Bikini Top,"<p>Econyl Sleek Satin construction meets architectural precision in this bikini top. Designed for the intelligent, independent woman. The Obsidian Black colorway with Chalk White accents creates a sophisticated palette. Pure minimalist luxury elegance.</p>",Twessie,Bikini Top,"independent fashion, luxury Obsidian Black swimwear, architectural swimsuit, Econyl Sleek Satin bikini, minimalist bikini top",TRUE,Color,Obsidian Black,Size,XS,TWESSIE_AU_BT_0210-Obsidian Black-XS,168.0,,10
twessie-au-bt-0210,Architecture-Cut Obsidian Black Bikini Top,"<p>Econyl Sleek Satin construction meets architectural precision in this bikini top. Designed for the intelligent, independent woman. The Obsidian Black colorway with Chalk White accents creates a sophisticated palette. Pure minimalist luxury elegance.</p>",Twessie,Bikini Top,"independent fashion, luxury Obsidian Black swimwear, architectural swimsuit, Econyl Sleek Satin bikini, minimalist bikini top",TRUE,Color,Obsidian Black,Size,S,TWESSIE_AU_BT_0210-Obsidian Black-S,168.0,,10
twessie-au-bt-0210,Architecture-Cut Obsidian Black Bikini Top,"<p>Econyl Sleek Satin construction meets architectural precision in this bikini top. Designed for the intelligent, independent woman. The Obsidian Black colorway with Chalk White accents creates a sophisticated palette. Pure minimalist luxury elegance.</p>",Twessie,Bikini Top,"independent fashion, luxury Obsidian Black swimwear, architectural swimsuit, Econyl Sleek Satin bikini, minimalist bikini top",TRUE,Color,Obsidian Black,Size,M,TWESSIE_AU_BT_0210-Obsidian Black-M,168.0,,10
twessie-au-bt-0210,Architecture-Cut Obsidian Black Bikini Top,"<p>Econyl Sleek Satin construction meets architectural precision in this bikini top. Designed for the intelligent, independent woman. The Obsidian Black colorway with Chalk White accents creates a sophisticated palette. Pure minimalist luxury elegance.</p>",Twessie,Bikini Top,"independent fashion, luxury Obsidian Black swimwear, architectural swimsuit, Econyl Sleek Satin bikini, minimalist bikini top",TRUE,Color,Obsidian Black,Size,L,TWESSIE_AU_BT_0210-Obsidian Black-L,168.0,,10
twessie-au-bt-0210,Architecture-Cut Obsidian Black Bikini Top,"<p>Econyl Sleek Satin construction meets architectural precision in this bikini top. Designed for the intelligent, independent woman. The Obsidian Black colorway with Chalk White accents creates a sophisticated palette. Pure minimalist luxury elegance.</p>",Twessie,Bikini Top,"independent fashion, luxury Obsidian Black swimwear, architectural swimsuit, Econyl Sleek Satin bikini, minimalist bikini top",TRUE,Color,Obsidian Black,Size,XL,TWESSIE_AU_BT_0210-Obsidian Black-XL,168.0,,10
twessie-au-bt-0210,Architecture-Cut Obsidian Black Bikini Top,"<p>Econyl Sleek Satin construction meets architectural precision in this bikini top. Designed for the intelligent, independent woman. The Obsidian Black colorway with Chalk White accents creates a sophisticated palette. Pure minimalist luxury elegance.</p>",Twessie,Bikini Top,"independent fashion, luxury Obsidian Black swimwear, architectural swimsuit, Econyl Sleek Satin bikini, minimalist bikini top",TRUE,Color,Obsidian Black,Size,XXL,TWESSIE_AU_BT_0210-Obsidian Black-XXL,168.0,,10
twessie-au-bt-0210,Architecture-Cut Obsidian Black Bikini Top,"<p>Econyl Sleek Satin construction meets architectural precision in this bikini top. Designed for the intelligent, independent woman. The Obsidian Black colorway with Chalk White accents creates a sophisticated palette. Pure minimalist luxury elegance.</p>",Twessie,Bikini Top,"independent fashion, luxury Obsidian Black swimwear, architectural swimsuit, Econyl Sleek Satin bikini, minimalist bikini top",TRUE,Color,Chalk White,Size,XS,TWESSIE_AU_BT_0210-Chalk White-XS,168.0,,10
twessie-au-bt-0210,Architecture-Cut Obsidian Black Bikini Top,"<p>Econyl Sleek Satin construction meets architectural precision in this bikini top. Designed for the intelligent, independent woman. The Obsidian Black colorway with Chalk White accents creates a sophisticated palette. Pure minimalist luxury elegance.</p>",Twessie,Bikini Top,"independent fashion, luxury Obsidian Black swimwear, architectural swimsuit, Econyl Sleek Satin bikini, minimalist bikini top",TRUE,Color,Chalk White,Size,S,TWESSIE_AU_BT_0210-Chalk White-S,168.0,,10
twessie-au-bt-0210,Architecture-Cut Obsidian Black Bikini Top,"<p>Econyl Sleek Satin construction meets architectural precision in this bikini top. Designed for the intelligent, independent woman. The Obsidian Black colorway with Chalk White accents creates a sophisticated palette. Pure minimalist luxury elegance.</p>",Twessie,Bikini Top,"independent fashion, luxury Obsidian Black swimwear, architectural swimsuit, Econyl Sleek Satin bikini, minimalist bikini top",TRUE,Color,Chalk White,Size,M,TWESSIE_AU_BT_0210-Chalk White-M,168.0,,10
twessie-au-bt-0210,Architecture-Cut Obsidian Black Bikini Top,"<p>Econyl Sleek Satin construction meets architectural precision in this bikini top. Designed for the intelligent, independent woman. The Obsidian Black colorway with Chalk White accents creates a sophisticated palette. Pure minimalist luxury elegance.</p>",Twessie,Bikini Top,"independent fashion, luxury Obsidian Black swimwear, architectural swimsuit, Econyl Sleek Satin bikini, minimalist bikini top",TRUE,Color,Chalk White,Size,L,TWESSIE_AU_BT_0210-Chalk White-L,168.0,,10
twessie-au-bt-0210,Architecture-Cut Obsidian Black Bikini Top,"<p>Econyl Sleek Satin construction meets architectural precision in this bikini top. Designed for the intelligent, independent woman. The Obsidian Black colorway with Chalk White accents creates a sophisticated palette. Pure minimalist luxury elegance.</p>",Twessie,Bikini Top,"independent fashion, luxury Obsidian Black swimwear, architectural swimsuit, Econyl Sleek Satin bikini, minimalist bikini top",TRUE,Color,Chalk White,Size,XL,TWESSIE_AU_BT_0210-Chalk White-XL,168.0,,10
twessie-au-bt-0210,Architecture-Cut Obsidian Black Bikini Top,"<p>Econyl Sleek Satin construction meets architectural precision in this bikini top. Designed for the intelligent, independent woman. The Obsidian Black colorway with Chalk White accents creates a sophisticated palette. Pure minimalist luxury elegance.</p>",Twessie,Bikini Top,"independent fashion, luxury Obsidian Black swimwear, architectural swimsuit, Econyl Sleek Satin bikini, minimalist bikini top",TRUE,Color,Chalk White,Size,XXL,TWESSIE_AU_BT_0210-Chalk White-XXL,168.0,,10
twessie-au-bt-0301,Architecture-Cut Stone Gray Bikini Top,<p>A statement piece in Crinkled Seersucker. This bikini top combines intelligent aesthetic design with impeccable craftsmanship. Available in Stone Gray with Chalk White detailing. Not loud. Not obvious. Unmistakably Twessie.</p>,Twessie,Bikini Top,"architectural swimsuit, luxury Stone Gray swimwear, Crinkled Seersucker bikini, minimalist luxury, independent fashion",TRUE,Color,Stone Gray,Size,XS,TWESSIE_AU_BT_0301-Stone Gray-XS,168.0,,10
twessie-au-bt-0301,Architecture-Cut Stone Gray Bikini Top,<p>A statement piece in Crinkled Seersucker. This bikini top combines intelligent aesthetic design with impeccable craftsmanship. Available in Stone Gray with Chalk White detailing. Not loud. Not obvious. Unmistakably Twessie.</p>,Twessie,Bikini Top,"architectural swimsuit, luxury Stone Gray swimwear, Crinkled Seersucker bikini, minimalist luxury, independent fashion",TRUE,Color,Stone Gray,Size,S,TWESSIE_AU_BT_0301-Stone Gray-S,168.0,,10
twessie-au-bt-0301,Architecture-Cut Stone Gray Bikini Top,<p>A statement piece in Crinkled Seersucker. This bikini top combines intelligent aesthetic design with impeccable craftsmanship. Available in Stone Gray with Chalk White detailing. Not loud. Not obvious. Unmistakably Twessie.</p>,Twessie,Bikini Top,"architectural swimsuit, luxury Stone Gray swimwear, Crinkled Seersucker bikini, minimalist luxury, independent fashion",TRUE,Color,Stone Gray,Size,M,TWESSIE_AU_BT_0301-Stone Gray-M,168.0,,10
twessie-au-bt-0301,Architecture-Cut Stone Gray Bikini Top,<p>A statement piece in Crinkled Seersucker. This bikini top combines intelligent aesthetic design with impeccable craftsmanship. Available in Stone Gray with Chalk White detailing. Not loud. Not obvious. Unmistakably Twessie.</p>,Twessie,Bikini Top,"architectural swimsuit, luxury Stone Gray swimwear, Crinkled Seersucker bikini, minimalist luxury, independent fashion",TRUE,Color,Stone Gray,Size,L,TWESSIE_AU_BT_0301-Stone Gray-L,168.0,,10
twessie-au-bt-0301,Architecture-Cut Stone Gray Bikini Top,<p>A statement piece in Crinkled Seersucker. This bikini top combines intelligent aesthetic design with impeccable craftsmanship. Available in Stone Gray with Chalk White detailing. Not loud. Not obvious. Unmistakably Twessie.</p>,Twessie,Bikini Top,"architectural swimsuit, luxury Stone Gray swimwear, Crinkled Seersucker bikini, minimalist luxury, independent fashion",TRUE,Color,Stone Gray,Size,XL,TWESSIE_AU_BT_0301-Stone Gray-XL,168.0,,10
twessie-au-bt-0301,Architecture-Cut Stone Gray Bikini Top,<p>A statement piece in Crinkled Seersucker. This bikini top combines intelligent aesthetic design with impeccable craftsmanship. Available in Stone Gray with Chalk White detailing. Not loud. Not obvious. Unmistakably Twessie.</p>,Twessie,Bikini Top,"architectural swimsuit, luxury Stone Gray swimwear, Crinkled Seersucker bikini, minimalist luxury, independent fashion",TRUE,Color,Stone Gray,Size,XXL,TWESSIE_AU_BT_0301-Stone Gray-XXL,168.0,,10
twessie-au-bt-0301,Architecture-Cut Stone Gray Bikini Top,<p>A statement piece in Crinkled Seersucker. This bikini top combines intelligent aesthetic design with impeccable craftsmanship. Available in Stone Gray with Chalk White detailing. Not loud. Not obvious. Unmistakably Twessie.</p>,Twessie,Bikini Top,"architectural swimsuit, luxury Stone Gray swimwear, Crinkled Seersucker bikini, minimalist luxury, independent fashion",TRUE,Color,Chalk White,Size,XS,TWESSIE_AU_BT_0301-Chalk White-XS,168.0,,10
twessie-au-bt-0301,Architecture-Cut Stone Gray Bikini Top,<p>A statement piece in Crinkled Seersucker. This bikini top combines intelligent aesthetic design with impeccable craftsmanship. Available in Stone Gray with Chalk White detailing. Not loud. Not obvious. Unmistakably Twessie.</p>,Twessie,Bikini Top,"architectural swimsuit, luxury Stone Gray swimwear, Crinkled Seersucker bikini, minimalist luxury, independent fashion",TRUE,Color,Chalk White,Size,S,TWESSIE_AU_BT_0301-Chalk White-S,168.0,,10
twessie-au-bt-0301,Architecture-Cut Stone Gray Bikini Top,<p>A statement piece in Crinkled Seersucker. This bikini top combines intelligent aesthetic design with impeccable craftsmanship. Available in Stone Gray with Chalk White detailing. Not loud. Not obvious. Unmistakably Twessie.</p>,Twessie,Bikini Top,"architectural swimsuit, luxury Stone Gray swimwear, Crinkled Seersucker bikini, minimalist luxury, independent fashion",TRUE,Color,Chalk White,Size,M,TWESSIE_AU_BT_0301-Chalk White-M,168.0,,10
twessie-au-bt-0301,Architecture-Cut Stone Gray Bikini Top,<p>A statement piece in Crinkled Seersucker. This bikini top combines intelligent aesthetic design with impeccable craftsmanship. Available in Stone Gray with Chalk White detailing. Not loud. Not obvious. Unmistakably Twessie.</p>,Twessie,Bikini Top,"architectural swimsuit, luxury Stone Gray swimwear, Crinkled Seersucker bikini, minimalist luxury, independent fashion",TRUE,Color,Chalk White,Size,L,TWESSIE_AU_BT_0301-Chalk White-L,168.0,,10
twessie-au-bt-0301,Architecture-Cut Stone Gray Bikini Top,<p>A statement piece in Crinkled Seersucker. This bikini top combines intelligent aesthetic design with impeccable craftsmanship. Available in Stone Gray with Chalk White detailing. Not loud. Not obvious. Unmistakably Twessie.</p>,Twessie,Bikini Top,"architectural swimsuit, luxury Stone Gray swimwear, Crinkled Seersucker bikini, minimalist luxury, independent fashion",TRUE,Color,Chalk White,Size,XL,TWESSIE_AU_BT_0301-Chalk White-XL,168.0,,10
twessie-au-bt-0301,Architecture-Cut Stone Gray Bikini Top,<p>A statement piece in Crinkled Seersucker. This bikini top combines intelligent aesthetic design with impeccable craftsmanship. Available in Stone Gray with Chalk White detailing. Not loud. Not obvious. Unmistakably Twessie.</p>,Twessie,Bikini Top,"architectural swimsuit, luxury Stone Gray swimwear, Crinkled Seersucker bikini, minimalist luxury, independent fashion",TRUE,Color,Chalk White,Size,XXL,TWESSIE_AU_BT_0301-Chalk White-XXL,168.0,,10
twessie-au-bt-0302,Minimalist Chalk White Textured Bikini Top,"<p>Crinkled Seersucker construction meets architectural precision in this bikini top. Designed for the intelligent, independent woman. The Chalk White colorway with Stone Gray accents creates a sophisticated palette. Pure rebellious yet refined elegance.</p>",Twessie,Bikini Top,"independent fashion, architectural swimsuit, minimalist luxury, luxury Chalk White swimwear, minimalist bikini top",TRUE,Color,Chalk White,Size,XS,TWESSIE_AU_BT_0302-Chalk White-XS,168.0,,10
twessie-au-bt-0302,Minimalist Chalk White Textured Bikini Top,"<p>Crinkled Seersucker construction meets architectural precision in this bikini top. Designed for the intelligent, independent woman. The Chalk White colorway with Stone Gray accents creates a sophisticated palette. Pure rebellious yet refined elegance.</p>",Twessie,Bikini Top,"independent fashion, architectural swimsuit, minimalist luxury, luxury Chalk White swimwear, minimalist bikini top",TRUE,Color,Chalk White,Size,S,TWESSIE_AU_BT_0302-Chalk White-S,168.0,,10
twessie-au-bt-0302,Minimalist Chalk White Textured Bikini Top,"<p>Crinkled Seersucker construction meets architectural precision in this bikini top. Designed for the intelligent, independent woman. The Chalk White colorway with Stone Gray accents creates a sophisticated palette. Pure rebellious yet refined elegance.</p>",Twessie,Bikini Top,"independent fashion, architectural swimsuit, minimalist luxury, luxury Chalk White swimwear, minimalist bikini top",TRUE,Color,Chalk White,Size,M,TWESSIE_AU_BT_0302-Chalk White-M,168.0,,10
twessie-au-bt-0302,Minimalist Chalk White Textured Bikini Top,"<p>Crinkled Seersucker construction meets architectural precision in this bikini top. Designed for the intelligent, independent woman. The Chalk White colorway with Stone Gray accents creates a sophisticated palette. Pure rebellious yet refined elegance.</p>",Twessie,Bikini Top,"independent fashion, architectural swimsuit, minimalist luxury, luxury Chalk White swimwear, minimalist bikini top",TRUE,Color,Chalk White,Size,L,TWESSIE_AU_BT_0302-Chalk White-L,168.0,,10
twessie-au-bt-0302,Minimalist Chalk White Textured Bikini Top,"<p>Crinkled Seersucker construction meets architectural precision in this bikini top. Designed for the intelligent, independent woman. The Chalk White colorway with Stone Gray accents creates a sophisticated palette. Pure rebellious yet refined elegance.</p>",Twessie,Bikini Top,"independent fashion, architectural swimsuit, minimalist luxury, luxury Chalk White swimwear, minimalist bikini top",TRUE,Color,Chalk White,Size,XL,TWESSIE_AU_BT_0302-Chalk White-XL,168.0,,10
twessie-au-bt-0302,Minimalist Chalk White Textured Bikini Top,"<p>Crinkled Seersucker construction meets architectural precision in this bikini top. Designed for the intelligent, independent woman. The Chalk White colorway with Stone Gray accents creates a sophisticated palette. Pure rebellious yet refined elegance.</p>",Twessie,Bikini Top,"independent fashion, architectural swimsuit, minimalist luxury, luxury Chalk White swimwear, minimalist bikini top",TRUE,Color,Chalk White,Size,XXL,TWESSIE_AU_BT_0302-Chalk White-XXL,168.0,,10
twessie-au-bt-0302,Minimalist Chalk White Textured Bikini Top,"<p>Crinkled Seersucker construction meets architectural precision in this bikini top. Designed for the intelligent, independent woman. The Chalk White colorway with Stone Gray accents creates a sophisticated palette. Pure rebellious yet refined elegance.</p>",Twessie,Bikini Top,"independent fashion, architectural swimsuit, minimalist luxury, luxury Chalk White swimwear, minimalist bikini top",TRUE,Color,Stone Gray,Size,XS,TWESSIE_AU_BT_0302-Stone Gray-XS,168.0,,10
twessie-au-bt-0302,Minimalist Chalk White Textured Bikini Top,"<p>Crinkled Seersucker construction meets architectural precision in this bikini top. Designed for the intelligent, independent woman. The Chalk White colorway with Stone Gray accents creates a sophisticated palette. Pure rebellious yet refined elegance.</p>",Twessie,Bikini Top,"independent fashion, architectural swimsuit, minimalist luxury, luxury Chalk White swimwear, minimalist bikini top",TRUE,Color,Stone Gray,Size,S,TWESSIE_AU_BT_0302-Stone Gray-S,168.0,,10
twessie-au-bt-0302,Minimalist Chalk White Textured Bikini Top,"<p>Crinkled Seersucker construction meets architectural precision in this bikini top. Designed for the intelligent, independent woman. The Chalk White colorway with Stone Gray accents creates a sophisticated palette. Pure rebellious yet refined elegance.</p>",Twessie,Bikini Top,"independent fashion, architectural swimsuit, minimalist luxury, luxury Chalk White swimwear, minimalist bikini top",TRUE,Color,Stone Gray,Size,M,TWESSIE_AU_BT_0302-Stone Gray-M,168.0,,10
twessie-au-bt-0302,Minimalist Chalk White Textured Bikini Top,"<p>Crinkled Seersucker construction meets architectural precision in this bikini top. Designed for the intelligent, independent woman. The Chalk White colorway with Stone Gray accents creates a sophisticated palette. Pure rebellious yet refined elegance.</p>",Twessie,Bikini Top,"independent fashion, architectural swimsuit, minimalist luxury, luxury Chalk White swimwear, minimalist bikini top",TRUE,Color,Stone Gray,Size,L,TWESSIE_AU_BT_0302-Stone Gray-L,168.0,,10
twessie-au-bt-0302,Minimalist Chalk White Textured Bikini Top,"<p>Crinkled Seersucker construction meets architectural precision in this bikini top. Designed for the intelligent, independent woman. The Chalk White colorway with Stone Gray accents creates a sophisticated palette. Pure rebellious yet refined elegance.</p>",Twessie,Bikini Top,"independent fashion, architectural swimsuit, minimalist luxury, luxury Chalk White swimwear, minimalist bikini top",TRUE,Color,Stone Gray,Size,XL,TWESSIE_AU_BT_0302-Stone Gray-XL,168.0,,10
twessie-au-bt-0302,Minimalist Chalk White Textured Bikini Top,"<p>Crinkled Seersucker construction meets architectural precision in this bikini top. Designed for the intelligent, independent woman. The Chalk White colorway with Stone Gray accents creates a sophisticated palette. Pure rebellious yet refined elegance.</p>",Twessie,Bikini Top,"independent fashion, architectural swimsuit, minimalist luxury, luxury Chalk White swimwear, minimalist bikini top",TRUE,Color,Stone Gray,Size,XXL,TWESSIE_AU_BT_0302-Stone Gray-XXL,168.0,,10
twessie-au-op-0303,High-Fashion Olive Drab One-Piece Suit,"<p>Matte Ribbed Knit construction meets architectural precision in this one-piece. Designed for the intelligent, independent woman. The Olive Drab colorway with Burnt Terracotta accents creates a sophisticated palette. Pure rebellious yet refined elegance.</p>",Twessie,One-Piece,"minimalist luxury, high-end swimwear, architectural swimsuit, minimalist one-piece, independent fashion",TRUE,Color,Olive Drab,Size,XS,TWESSIE_AU_OP_0303-Olive Drab-XS,168.0,,10
twessie-au-op-0303,High-Fashion Olive Drab One-Piece Suit,"<p>Matte Ribbed Knit construction meets architectural precision in this one-piece. Designed for the intelligent, independent woman. The Olive Drab colorway with Burnt Terracotta accents creates a sophisticated palette. Pure rebellious yet refined elegance.</p>",Twessie,One-Piece,"minimalist luxury, high-end swimwear, architectural swimsuit, minimalist one-piece, independent fashion",TRUE,Color,Olive Drab,Size,S,TWESSIE_AU_OP_0303-Olive Drab-S,168.0,,10
twessie-au-op-0303,High-Fashion Olive Drab One-Piece Suit,"<p>Matte Ribbed Knit construction meets architectural precision in this one-piece. Designed for the intelligent, independent woman. The Olive Drab colorway with Burnt Terracotta accents creates a sophisticated palette. Pure rebellious yet refined elegance.</p>",Twessie,One-Piece,"minimalist luxury, high-end swimwear, architectural swimsuit, minimalist one-piece, independent fashion",TRUE,Color,Olive Drab,Size,M,TWESSIE_AU_OP_0303-Olive Drab-M,168.0,,10
twessie-au-op-0303,High-Fashion Olive Drab One-Piece Suit,"<p>Matte Ribbed Knit construction meets architectural precision in this one-piece. Designed for the intelligent, independent woman. The Olive Drab colorway with Burnt Terracotta accents creates a sophisticated palette. Pure rebellious yet refined elegance.</p>",Twessie,One-Piece,"minimalist luxury, high-end swimwear, architectural swimsuit, minimalist one-piece, independent fashion",TRUE,Color,Olive Drab,Size,L,TWESSIE_AU_OP_0303-Olive Drab-L,168.0,,10
twessie-au-op-0303,High-Fashion Olive Drab One-Piece Suit,"<p>Matte Ribbed Knit construction meets architectural precision in this one-piece. Designed for the intelligent, independent woman. The Olive Drab colorway with Burnt Terracotta accents creates a sophisticated palette. Pure rebellious yet refined elegance.</p>",Twessie,One-Piece,"minimalist luxury, high-end swimwear, architectural swimsuit, minimalist one-piece, independent fashion",TRUE,Color,Olive Drab,Size,XL,TWESSIE_AU_OP_0303-Olive Drab-XL,168.0,,10
twessie-au-op-0303,High-Fashion Olive Drab One-Piece Suit,"<p>Matte Ribbed Knit construction meets architectural precision in this one-piece. Designed for the intelligent, independent woman. The Olive Drab colorway with Burnt Terracotta accents creates a sophisticated palette. Pure rebellious yet refined elegance.</p>",Twessie,One-Piece,"minimalist luxury, high-end swimwear, architectural swimsuit, minimalist one-piece, independent fashion",TRUE,Color,Olive Drab,Size,XXL,TWESSIE_AU_OP_0303-Olive Drab-XXL,168.0,,10
twessie-au-op-0303,High-Fashion Olive Drab One-Piece Suit,"<p>Matte Ribbed Knit construction meets architectural precision in this one-piece. Designed for the intelligent, independent woman. The Olive Drab colorway with Burnt Terracotta accents creates a sophisticated palette. Pure rebellious yet refined elegance.</p>",Twessie,One-Piece,"minimalist luxury, high-end swimwear, architectural swimsuit, minimalist one-piece, independent fashion",TRUE,Color,Burnt Terracotta,Size,XS,TWESSIE_AU_OP_0303-Burnt Terracotta-XS,168.0,,10
twessie-au-op-0303,High-Fashion Olive Drab One-Piece Suit,"<p>Matte Ribbed Knit construction meets architectural precision in this one-piece. Designed for the intelligent, independent woman. The Olive Drab colorway with Burnt Terracotta accents creates a sophisticated palette. Pure rebellious yet refined elegance.</p>",Twessie,One-Piece,"minimalist luxury, high-end swimwear, architectural swimsuit, minimalist one-piece, independent fashion",TRUE,Color,Burnt Terracotta,Size,S,TWESSIE_AU_OP_0303-Burnt Terracotta-S,168.0,,10
twessie-au-op-0303,High-Fashion Olive Drab One-Piece Suit,"<p>Matte Ribbed Knit construction meets architectural precision in this one-piece. Designed for the intelligent, independent woman. The Olive Drab colorway with Burnt Terracotta accents creates a sophisticated palette. Pure rebellious yet refined elegance.</p>",Twessie,One-Piece,"minimalist luxury, high-end swimwear, architectural swimsuit, minimalist one-piece, independent fashion",TRUE,Color,Burnt Terracotta,Size,M,TWESSIE_AU_OP_0303-Burnt Terracotta-M,168.0,,10
twessie-au-op-0303,High-Fashion Olive Drab One-Piece Suit,"<p>Matte Ribbed Knit construction meets architectural precision in this one-piece. Designed for the intelligent, independent woman. The Olive Drab colorway with Burnt Terracotta accents creates a sophisticated palette. Pure rebellious yet refined elegance.</p>",Twessie,One-Piece,"minimalist luxury, high-end swimwear, architectural swimsuit, minimalist one-piece, independent fashion",TRUE,Color,Burnt Terracotta,Size,L,TWESSIE_AU_OP_0303-Burnt Terracotta-L,168.0,,10
twessie-au-op-0303,High-Fashion Olive Drab One-Piece Suit,"<p>Matte Ribbed Knit construction meets architectural precision in this one-piece. Designed for the intelligent, independent woman. The Olive Drab colorway with Burnt Terracotta accents creates a sophisticated palette. Pure rebellious yet refined elegance.</p>",Twessie,One-Piece,"minimalist luxury, high-end swimwear, architectural swimsuit, minimalist one-piece, independent fashion",TRUE,Color,Burnt Terracotta,Size,XL,TWESSIE_AU_OP_0303-Burnt Terracotta-XL,168.0,,10
twessie-au-op-0303,High-Fashion Olive Drab One-Piece Suit,"<p>Matte Ribbed Knit construction meets architectural precision in this one-piece. Designed for the intelligent, independent woman. The Olive Drab colorway with Burnt Terracotta accents creates a sophisticated palette. Pure rebellious yet refined elegance.</p>",Twessie,One-Piece,"minimalist luxury, high-end swimwear, architectural swimsuit, minimalist one-piece, independent fashion",TRUE,Color,Burnt Terracotta,Size,XXL,TWESSIE_AU_OP_0303-Burnt Terracotta-XXL,168.0,,10
twessie-au-bt-0304,Olive Drab Sculptural Matte Ribbed Knit Bikini Top,<p>A statement piece in Matte Ribbed Knit. This bikini top combines anti-fashion statement design with impeccable craftsmanship. Available in Olive Drab with Burnt Terracotta detailing. Not loud. Not obvious. Unmistakably Twessie.</p>,Twessie,Bikini Top,"luxury Olive Drab swimwear, high-end swimwear, architectural swimsuit, independent fashion, minimalist bikini top",TRUE,Color,Olive Drab,Size,XS,TWESSIE_AU_BT_0304-Olive Drab-XS,168.0,,10
twessie-au-bt-0304,Olive Drab Sculptural Matte Ribbed Knit Bikini Top,<p>A statement piece in Matte Ribbed Knit. This bikini top combines anti-fashion statement design with impeccable craftsmanship. Available in Olive Drab with Burnt Terracotta detailing. Not loud. Not obvious. Unmistakably Twessie.</p>,Twessie,Bikini Top,"luxury Olive Drab swimwear, high-end swimwear, architectural swimsuit, independent fashion, minimalist bikini top",TRUE,Color,Olive Drab,Size,S,TWESSIE_AU_BT_0304-Olive Drab-S,168.0,,10
twessie-au-bt-0304,Olive Drab Sculptural Matte Ribbed Knit Bikini Top,<p>A statement piece in Matte Ribbed Knit. This bikini top combines anti-fashion statement design with impeccable craftsmanship. Available in Olive Drab with Burnt Terracotta detailing. Not loud. Not obvious. Unmistakably Twessie.</p>,Twessie,Bikini Top,"luxury Olive Drab swimwear, high-end swimwear, architectural swimsuit, independent fashion, minimalist bikini top",TRUE,Color,Olive Drab,Size,M,TWESSIE_AU_BT_0304-Olive Drab-M,168.0,,10
twessie-au-bt-0304,Olive Drab Sculptural Matte Ribbed Knit Bikini Top,<p>A statement piece in Matte Ribbed Knit. This bikini top combines anti-fashion statement design with impeccable craftsmanship. Available in Olive Drab with Burnt Terracotta detailing. Not loud. Not obvious. Unmistakably Twessie.</p>,Twessie,Bikini Top,"luxury Olive Drab swimwear, high-end swimwear, architectural swimsuit, independent fashion, minimalist bikini top",TRUE,Color,Olive Drab,Size,L,TWESSIE_AU_BT_0304-Olive Drab-L,168.0,,10
twessie-au-bt-0304,Olive Drab Sculptural Matte Ribbed Knit Bikini Top,<p>A statement piece in Matte Ribbed Knit. This bikini top combines anti-fashion statement design with impeccable craftsmanship. Available in Olive Drab with Burnt Terracotta detailing. Not loud. Not obvious. Unmistakably Twessie.</p>,Twessie,Bikini Top,"luxury Olive Drab swimwear, high-end swimwear, architectural swimsuit, independent fashion, minimalist bikini top",TRUE,Color,Olive Drab,Size,XL,TWESSIE_AU_BT_0304-Olive Drab-XL,168.0,,10
twessie-au-bt-0304,Olive Drab Sculptural Matte Ribbed Knit Bikini Top,<p>A statement piece in Matte Ribbed Knit. This bikini top combines anti-fashion statement design with impeccable craftsmanship. Available in Olive Drab with Burnt Terracotta detailing. Not loud. Not obvious. Unmistakably Twessie.</p>,Twessie,Bikini Top,"luxury Olive Drab swimwear, high-end swimwear, architectural swimsuit, independent fashion, minimalist bikini top",TRUE,Color,Olive Drab,Size,XXL,TWESSIE_AU_BT_0304-Olive Drab-XXL,168.0,,10
twessie-au-bt-0304,Olive Drab Sculptural Matte Ribbed Knit Bikini Top,<p>A statement piece in Matte Ribbed Knit. This bikini top combines anti-fashion statement design with impeccable craftsmanship. Available in Olive Drab with Burnt Terracotta detailing. Not loud. Not obvious. Unmistakably Twessie.</p>,Twessie,Bikini Top,"luxury Olive Drab swimwear, high-end swimwear, architectural swimsuit, independent fashion, minimalist bikini top",TRUE,Color,Burnt Terracotta,Size,XS,TWESSIE_AU_BT_0304-Burnt Terracotta-XS,168.0,,10
twessie-au-bt-0304,Olive Drab Sculptural Matte Ribbed Knit Bikini Top,<p>A statement piece in Matte Ribbed Knit. This bikini top combines anti-fashion statement design with impeccable craftsmanship. Available in Olive Drab with Burnt Terracotta detailing. Not loud. Not obvious. Unmistakably Twessie.</p>,Twessie,Bikini Top,"luxury Olive Drab swimwear, high-end swimwear, architectural swimsuit, independent fashion, minimalist bikini top",TRUE,Color,Burnt Terracotta,Size,S,TWESSIE_AU_BT_0304-Burnt Terracotta-S,168.0,,10
twessie-au-bt-0304,Olive Drab Sculptural Matte Ribbed Knit Bikini Top,<p>A statement piece in Matte Ribbed Knit. This bikini top combines anti-fashion statement design with impeccable craftsmanship. Available in Olive Drab with Burnt Terracotta detailing. Not loud. Not obvious. Unmistakably Twessie.</p>,Twessie,Bikini Top,"luxury Olive Drab swimwear, high-end swimwear, architectural swimsuit, independent fashion, minimalist bikini top",TRUE,Color,Burnt Terracotta,Size,M,TWESSIE_AU_BT_0304-Burnt Terracotta-M,168.0,,10
twessie-au-bt-0304,Olive Drab Sculptural Matte Ribbed Knit Bikini Top,<p>A statement piece in Matte Ribbed Knit. This bikini top combines anti-fashion statement design with impeccable craftsmanship. Available in Olive Drab with Burnt Terracotta detailing. Not loud. Not obvious. Unmistakably Twessie.</p>,Twessie,Bikini Top,"luxury Olive Drab swimwear, high-end swimwear, architectural swimsuit, independent fashion, minimalist bikini top",TRUE,Color,Burnt Terracotta,Size,L,TWESSIE_AU_BT_0304-Burnt Terracotta-L,168.0,,10
twessie-au-bt-0304,Olive Drab Sculptural Matte Ribbed Knit Bikini Top,<p>A statement piece in Matte Ribbed Knit. This bikini top combines anti-fashion statement design with impeccable craftsmanship. Available in Olive Drab with Burnt Terracotta detailing. Not loud. Not obvious. Unmistakably Twessie.</p>,Twessie,Bikini Top,"luxury Olive Drab swimwear, high-end swimwear, architectural swimsuit, independent fashion, minimalist bikini top",TRUE,Color,Burnt Terracotta,Size,XL,TWESSIE_AU_BT_0304-Burnt Terracotta-XL,168.0,,10
twessie-au-bt-0304,Olive Drab Sculptural Matte Ribbed Knit Bikini Top,<p>A statement piece in Matte Ribbed Knit. This bikini top combines anti-fashion statement design with impeccable craftsmanship. Available in Olive Drab with Burnt Terracotta detailing. Not loud. Not obvious. Unmistakably Twessie.</p>,Twessie,Bikini Top,"luxury Olive Drab swimwear, high-end swimwear, architectural swimsuit, independent fashion, minimalist bikini top",TRUE,Color,Burnt Terracotta,Size,XXL,TWESSIE_AU_BT_0304-Burnt Terracotta-XXL,168.0,,10
twessie-na-bb-0305,High-Cut Obsidian Black Bikini Brief,<p>Crafted in premium Econyl Sleek Satin with Crinkled Seersucker accents. This bikini bottom epitomizes minimalist luxury luxury. Featuring color-blocking in Obsidian Black and Stone Gray. Perfect for the discerning swimmer who refuses the obvious.</p>,Twessie,Bikini Bottom,"independent fashion, minimalist bikini bottom, minimalist luxury, Econyl Sleek Satin bikini, high-end swimwear",TRUE,Color,Obsidian Black,Size,XS,TWESSIE_NA_BB_0305-Obsidian Black-XS,168.0,,10
twessie-na-bb-0305,High-Cut Obsidian Black Bikini Brief,<p>Crafted in premium Econyl Sleek Satin with Crinkled Seersucker accents. This bikini bottom epitomizes minimalist luxury luxury. Featuring color-blocking in Obsidian Black and Stone Gray. Perfect for the discerning swimmer who refuses the obvious.</p>,Twessie,Bikini Bottom,"independent fashion, minimalist bikini bottom, minimalist luxury, Econyl Sleek Satin bikini, high-end swimwear",TRUE,Color,Obsidian Black,Size,S,TWESSIE_NA_BB_0305-Obsidian Black-S,168.0,,10
twessie-na-bb-0305,High-Cut Obsidian Black Bikini Brief,<p>Crafted in premium Econyl Sleek Satin with Crinkled Seersucker accents. This bikini bottom epitomizes minimalist luxury luxury. Featuring color-blocking in Obsidian Black and Stone Gray. Perfect for the discerning swimmer who refuses the obvious.</p>,Twessie,Bikini Bottom,"independent fashion, minimalist bikini bottom, minimalist luxury, Econyl Sleek Satin bikini, high-end swimwear",TRUE,Color,Obsidian Black,Size,M,TWESSIE_NA_BB_0305-Obsidian Black-M,168.0,,10
twessie-na-bb-0305,High-Cut Obsidian Black Bikini Brief,<p>Crafted in premium Econyl Sleek Satin with Crinkled Seersucker accents. This bikini bottom epitomizes minimalist luxury luxury. Featuring color-blocking in Obsidian Black and Stone Gray. Perfect for the discerning swimmer who refuses the obvious.</p>,Twessie,Bikini Bottom,"independent fashion, minimalist bikini bottom, minimalist luxury, Econyl Sleek Satin bikini, high-end swimwear",TRUE,Color,Obsidian Black,Size,L,TWESSIE_NA_BB_0305-Obsidian Black-L,168.0,,10
twessie-na-bb-0305,High-Cut Obsidian Black Bikini Brief,<p>Crafted in premium Econyl Sleek Satin with Crinkled Seersucker accents. This bikini bottom epitomizes minimalist luxury luxury. Featuring color-blocking in Obsidian Black and Stone Gray. Perfect for the discerning swimmer who refuses the obvious.</p>,Twessie,Bikini Bottom,"independent fashion, minimalist bikini bottom, minimalist luxury, Econyl Sleek Satin bikini, high-end swimwear",TRUE,Color,Obsidian Black,Size,XL,TWESSIE_NA_BB_0305-Obsidian Black-XL,168.0,,10
twessie-na-bb-0305,High-Cut Obsidian Black Bikini Brief,<p>Crafted in premium Econyl Sleek Satin with Crinkled Seersucker accents. This bikini bottom epitomizes minimalist luxury luxury. Featuring color-blocking in Obsidian Black and Stone Gray. Perfect for the discerning swimmer who refuses the obvious.</p>,Twessie,Bikini Bottom,"independent fashion, minimalist bikini bottom, minimalist luxury, Econyl Sleek Satin bikini, high-end swimwear",TRUE,Color,Obsidian Black,Size,XXL,TWESSIE_NA_BB_0305-Obsidian Black-XXL,168.0,,10
twessie-na-bb-0305,High-Cut Obsidian Black Bikini Brief,<p>Crafted in premium Econyl Sleek Satin with Crinkled Seersucker accents. This bikini bottom epitomizes minimalist luxury luxury. Featuring color-blocking in Obsidian Black and Stone Gray. Perfect for the discerning swimmer who refuses the obvious.</p>,Twessie,Bikini Bottom,"independent fashion, minimalist bikini bottom, minimalist luxury, Econyl Sleek Satin bikini, high-end swimwear",TRUE,Color,Stone Gray,Size,XS,TWESSIE_NA_BB_0305-Stone Gray-XS,168.0,,10
twessie-na-bb-0305,High-Cut Obsidian Black Bikini Brief,<p>Crafted in premium Econyl Sleek Satin with Crinkled Seersucker accents. This bikini bottom epitomizes minimalist luxury luxury. Featuring color-blocking in Obsidian Black and Stone Gray. Perfect for the discerning swimmer who refuses the obvious.</p>,Twessie,Bikini Bottom,"independent fashion, minimalist bikini bottom, minimalist luxury, Econyl Sleek Satin bikini, high-end swimwear",TRUE,Color,Stone Gray,Size,S,TWESSIE_NA_BB_0305-Stone Gray-S,168.0,,10
twessie-na-bb-0305,High-Cut Obsidian Black Bikini Brief,<p>Crafted in premium Econyl Sleek Satin with Crinkled Seersucker accents. This bikini bottom epitomizes minimalist luxury luxury. Featuring color-blocking in Obsidian Black and Stone Gray. Perfect for the discerning swimmer who refuses the obvious.</p>,Twessie,Bikini Bottom,"independent fashion, minimalist bikini bottom, minimalist luxury, Econyl Sleek Satin bikini, high-end swimwear",TRUE,Color,Stone Gray,Size,M,TWESSIE_NA_BB_0305-Stone Gray-M,168.0,,10
twessie-na-bb-0305,High-Cut Obsidian Black Bikini Brief,<p>Crafted in premium Econyl Sleek Satin with Crinkled Seersucker accents. This bikini bottom epitomizes minimalist luxury luxury. Featuring color-blocking in Obsidian Black and Stone Gray. Perfect for the discerning swimmer who refuses the obvious.</p>,Twessie,Bikini Bottom,"independent fashion, minimalist bikini bottom, minimalist luxury, Econyl Sleek Satin bikini, high-end swimwear",TRUE,Color,Stone Gray,Size,L,TWESSIE_NA_BB_0305-Stone Gray-L,168.0,,10
twessie-na-bb-0305,High-Cut Obsidian Black Bikini Brief,<p>Crafted in premium Econyl Sleek Satin with Crinkled Seersucker accents. This bikini bottom epitomizes minimalist luxury luxury. Featuring color-blocking in Obsidian Black and Stone Gray. Perfect for the discerning swimmer who refuses the obvious.</p>,Twessie,Bikini Bottom,"independent fashion, minimalist bikini bottom, minimalist luxury, Econyl Sleek Satin bikini, high-end swimwear",TRUE,Color,Stone Gray,Size,XL,TWESSIE_NA_BB_0305-Stone Gray-XL,168.0,,10
twessie-na-bb-0305,High-Cut Obsidian Black Bikini Brief,<p>Crafted in premium Econyl Sleek Satin with Crinkled Seersucker accents. This bikini bottom epitomizes minimalist luxury luxury. Featuring color-blocking in Obsidian Black and Stone Gray. Perfect for the discerning swimmer who refuses the obvious.</p>,Twessie,Bikini Bottom,"independent fashion, minimalist bikini bottom, minimalist luxury, Econyl Sleek Satin bikini, high-end swimwear",TRUE,Color,Stone Gray,Size,XXL,TWESSIE_NA_BB_0305-Stone Gray-XXL,168.0,,10
twessie-na-op-0306,Minimalist Econyl Sleek Satin One-Piece,<p>A statement piece in Econyl Sleek Satin. This one-piece combines intelligent aesthetic design with impeccable craftsmanship. Available in Obsidian Black with Stone Gray detailing. Not loud. Not obvious. Unmistakably Twessie.</p>,Twessie,One-Piece,"Econyl Sleek Satin bikini, minimalist luxury, luxury Obsidian Black swimwear, high-end swimwear, architectural swimsuit",TRUE,Color,Obsidian Black,Size,XS,TWESSIE_NA_OP_0306-Obsidian Black-XS,168.0,,10
twessie-na-op-0306,Minimalist Econyl Sleek Satin One-Piece,<p>A statement piece in Econyl Sleek Satin. This one-piece combines intelligent aesthetic design with impeccable craftsmanship. Available in Obsidian Black with Stone Gray detailing. Not loud. Not obvious. Unmistakably Twessie.</p>,Twessie,One-Piece,"Econyl Sleek Satin bikini, minimalist luxury, luxury Obsidian Black swimwear, high-end swimwear, architectural swimsuit",TRUE,Color,Obsidian Black,Size,S,TWESSIE_NA_OP_0306-Obsidian Black-S,168.0,,10
twessie-na-op-0306,Minimalist Econyl Sleek Satin One-Piece,<p>A statement piece in Econyl Sleek Satin. This one-piece combines intelligent aesthetic design with impeccable craftsmanship. Available in Obsidian Black with Stone Gray detailing. Not loud. Not obvious. Unmistakably Twessie.</p>,Twessie,One-Piece,"Econyl Sleek Satin bikini, minimalist luxury, luxury Obsidian Black swimwear, high-end swimwear, architectural swimsuit",TRUE,Color,Obsidian Black,Size,M,TWESSIE_NA_OP_0306-Obsidian Black-M,168.0,,10
twessie-na-op-0306,Minimalist Econyl Sleek Satin One-Piece,<p>A statement piece in Econyl Sleek Satin. This one-piece combines intelligent aesthetic design with impeccable craftsmanship. Available in Obsidian Black with Stone Gray detailing. Not loud. Not obvious. Unmistakably Twessie.</p>,Twessie,One-Piece,"Econyl Sleek Satin bikini, minimalist luxury, luxury Obsidian Black swimwear, high-end swimwear, architectural swimsuit",TRUE,Color,Obsidian Black,Size,L,TWESSIE_NA_OP_0306-Obsidian Black-L,168.0,,10
twessie-na-op-0306,Minimalist Econyl Sleek Satin One-Piece,<p>A statement piece in Econyl Sleek Satin. This one-piece combines intelligent aesthetic design with impeccable craftsmanship. Available in Obsidian Black with Stone Gray detailing. Not loud. Not obvious. Unmistakably Twessie.</p>,Twessie,One-Piece,"Econyl Sleek Satin bikini, minimalist luxury, luxury Obsidian Black swimwear, high-end swimwear, architectural swimsuit",TRUE,Color,Obsidian Black,Size,XL,TWESSIE_NA_OP_0306-Obsidian Black-XL,168.0,,10
twessie-na-op-0306,Minimalist Econyl Sleek Satin One-Piece,<p>A statement piece in Econyl Sleek Satin. This one-piece combines intelligent aesthetic design with impeccable craftsmanship. Available in Obsidian Black with Stone Gray detailing. Not loud. Not obvious. Unmistakably Twessie.</p>,Twessie,One-Piece,"Econyl Sleek Satin bikini, minimalist luxury, luxury Obsidian Black swimwear, high-end swimwear, architectural swimsuit",TRUE,Color,Obsidian Black,Size,XXL,TWESSIE_NA_OP_0306-Obsidian Black-XXL,168.0,,10
twessie-na-op-0306,Minimalist Econyl Sleek Satin One-Piece,<p>A statement piece in Econyl Sleek Satin. This one-piece combines intelligent aesthetic design with impeccable craftsmanship. Available in Obsidian Black with Stone Gray detailing. Not loud. Not obvious. Unmistakably Twessie.</p>,Twessie,One-Piece,"Econyl Sleek Satin bikini, minimalist luxury, luxury Obsidian Black swimwear, high-end swimwear, architectural swimsuit",TRUE,Color,Stone Gray,Size,XS,TWESSIE_NA_OP_0306-Stone Gray-XS,168.0,,10
twessie-na-op-0306,Minimalist Econyl Sleek Satin One-Piece,<p>A statement piece in Econyl Sleek Satin. This one-piece combines intelligent aesthetic design with impeccable craftsmanship. Available in Obsidian Black with Stone Gray detailing. Not loud. Not obvious. Unmistakably Twessie.</p>,Twessie,One-Piece,"Econyl Sleek Satin bikini, minimalist luxury, luxury Obsidian Black swimwear, high-end swimwear, architectural swimsuit",TRUE,Color,Stone Gray,Size,S,TWESSIE_NA_OP_0306-Stone Gray-S,168.0,,10
twessie-na-op-0306,Minimalist Econyl Sleek Satin One-Piece,<p>A statement piece in Econyl Sleek Satin. This one-piece combines intelligent aesthetic design with impeccable craftsmanship. Available in Obsidian Black with Stone Gray detailing. Not loud. Not obvious. Unmistakably Twessie.</p>,Twessie,One-Piece,"Econyl Sleek Satin bikini, minimalist luxury, luxury Obsidian Black swimwear, high-end swimwear, architectural swimsuit",TRUE,Color,Stone Gray,Size,M,TWESSIE_NA_OP_0306-Stone Gray-M,168.0,,10
twessie-na-op-0306,Minimalist Econyl Sleek Satin One-Piece,<p>A statement piece in Econyl Sleek Satin. This one-piece combines intelligent aesthetic design with impeccable craftsmanship. Available in Obsidian Black with Stone Gray detailing. Not loud. Not obvious. Unmistakably Twessie.</p>,Twessie,One-Piece,"Econyl Sleek Satin bikini, minimalist luxury, luxury Obsidian Black swimwear, high-end swimwear, architectural swimsuit",TRUE,Color,Stone Gray,Size,L,TWESSIE_NA_OP_0306-Stone Gray-L,168.0,,10
twessie-na-op-0306,Minimalist Econyl Sleek Satin One-Piece,<p>A statement piece in Econyl Sleek Satin. This one-piece combines intelligent aesthetic design with impeccable craftsmanship. Available in Obsidian Black with Stone Gray detailing. Not loud. Not obvious. Unmistakably Twessie.</p>,Twessie,One-Piece,"Econyl Sleek Satin bikini, minimalist luxury, luxury Obsidian Black swimwear, high-end swimwear, architectural swimsuit",TRUE,Color,Stone Gray,Size,XL,TWESSIE_NA_OP_0306-Stone Gray-XL,168.0,,10
twessie-na-op-0306,Minimalist Econyl Sleek Satin One-Piece,<p>A statement piece in Econyl Sleek Satin. This one-piece combines intelligent aesthetic design with impeccable craftsmanship. Available in Obsidian Black with Stone Gray detailing. Not loud. Not obvious. Unmistakably Twessie.</p>,Twessie,One-Piece,"Econyl Sleek Satin bikini, minimalist luxury, luxury Obsidian Black swimwear, high-end swimwear, architectural swimsuit",TRUE,Color,Stone Gray,Size,XXL,TWESSIE_NA_OP_0306-Stone Gray-XXL,168.0,,10
twessie-sg-bt-0307,Minimalist Stone Gray Textured Bikini Top,<p>Crafted in premium Crinkled Seersucker with Econyl Sleek Satin accents. This bikini top epitomizes minimalist luxury luxury. Featuring color-blocking in Stone Gray and Chalk White. Perfect for the discerning swimmer who refuses the obvious.</p>,Twessie,Bikini Top,"high-end swimwear, luxury Stone Gray swimwear, independent fashion, Crinkled Seersucker bikini, architectural swimsuit",TRUE,Color,Stone Gray,Size,XS,TWESSIE_SG_BT_0307-Stone Gray-XS,168.0,,10
twessie-sg-bt-0307,Minimalist Stone Gray Textured Bikini Top,<p>Crafted in premium Crinkled Seersucker with Econyl Sleek Satin accents. This bikini top epitomizes minimalist luxury luxury. Featuring color-blocking in Stone Gray and Chalk White. Perfect for the discerning swimmer who refuses the obvious.</p>,Twessie,Bikini Top,"high-end swimwear, luxury Stone Gray swimwear, independent fashion, Crinkled Seersucker bikini, architectural swimsuit",TRUE,Color,Stone Gray,Size,S,TWESSIE_SG_BT_0307-Stone Gray-S,168.0,,10
twessie-sg-bt-0307,Minimalist Stone Gray Textured Bikini Top,<p>Crafted in premium Crinkled Seersucker with Econyl Sleek Satin accents. This bikini top epitomizes minimalist luxury luxury. Featuring color-blocking in Stone Gray and Chalk White. Perfect for the discerning swimmer who refuses the obvious.</p>,Twessie,Bikini Top,"high-end swimwear, luxury Stone Gray swimwear, independent fashion, Crinkled Seersucker bikini, architectural swimsuit",TRUE,Color,Stone Gray,Size,M,TWESSIE_SG_BT_0307-Stone Gray-M,168.0,,10
twessie-sg-bt-0307,Minimalist Stone Gray Textured Bikini Top,<p>Crafted in premium Crinkled Seersucker with Econyl Sleek Satin accents. This bikini top epitomizes minimalist luxury luxury. Featuring color-blocking in Stone Gray and Chalk White. Perfect for the discerning swimmer who refuses the obvious.</p>,Twessie,Bikini Top,"high-end swimwear, luxury Stone Gray swimwear, independent fashion, Crinkled Seersucker bikini, architectural swimsuit",TRUE,Color,Stone Gray,Size,L,TWESSIE_SG_BT_0307-Stone Gray-L,168.0,,10
twessie-sg-bt-0307,Minimalist Stone Gray Textured Bikini Top,<p>Crafted in premium Crinkled Seersucker with Econyl Sleek Satin accents. This bikini top epitomizes minimalist luxury luxury. Featuring color-blocking in Stone Gray and Chalk White. Perfect for the discerning swimmer who refuses the obvious.</p>,Twessie,Bikini Top,"high-end swimwear, luxury Stone Gray swimwear, independent fashion, Crinkled Seersucker bikini, architectural swimsuit",TRUE,Color,Stone Gray,Size,XL,TWESSIE_SG_BT_0307-Stone Gray-XL,168.0,,10
twessie-sg-bt-0307,Minimalist Stone Gray Textured Bikini Top,<p>Crafted in premium Crinkled Seersucker with Econyl Sleek Satin accents. This bikini top epitomizes minimalist luxury luxury. Featuring color-blocking in Stone Gray and Chalk White. Perfect for the discerning swimmer who refuses the obvious.</p>,Twessie,Bikini Top,"high-end swimwear, luxury Stone Gray swimwear, independent fashion, Crinkled Seersucker bikini, architectural swimsuit",TRUE,Color,Stone Gray,Size,XXL,TWESSIE_SG_BT_0307-Stone Gray-XXL,168.0,,10
twessie-sg-bt-0307,Minimalist Stone Gray Textured Bikini Top,<p>Crafted in premium Crinkled Seersucker with Econyl Sleek Satin accents. This bikini top epitomizes minimalist luxury luxury. Featuring color-blocking in Stone Gray and Chalk White. Perfect for the discerning swimmer who refuses the obvious.</p>,Twessie,Bikini Top,"high-end swimwear, luxury Stone Gray swimwear, independent fashion, Crinkled Seersucker bikini, architectural swimsuit",TRUE,Color,Chalk White,Size,XS,TWESSIE_SG_BT_0307-Chalk White-XS,168.0,,10
twessie-sg-bt-0307,Minimalist Stone Gray Textured Bikini Top,<p>Crafted in premium Crinkled Seersucker with Econyl Sleek Satin accents. This bikini top epitomizes minimalist luxury luxury. Featuring color-blocking in Stone Gray and Chalk White. Perfect for the discerning swimmer who refuses the obvious.</p>,Twessie,Bikini Top,"high-end swimwear, luxury Stone Gray swimwear, independent fashion, Crinkled Seersucker bikini, architectural swimsuit",TRUE,Color,Chalk White,Size,S,TWESSIE_SG_BT_0307-Chalk White-S,168.0,,10
twessie-sg-bt-0307,Minimalist Stone Gray Textured Bikini Top,<p>Crafted in premium Crinkled Seersucker with Econyl Sleek Satin accents. This bikini top epitomizes minimalist luxury luxury. Featuring color-blocking in Stone Gray and Chalk White. Perfect for the discerning swimmer who refuses the obvious.</p>,Twessie,Bikini Top,"high-end swimwear, luxury Stone Gray swimwear, independent fashion, Crinkled Seersucker bikini, architectural swimsuit",TRUE,Color,Chalk White,Size,M,TWESSIE_SG_BT_0307-Chalk White-M,168.0,,10
twessie-sg-bt-0307,Minimalist Stone Gray Textured Bikini Top,<p>Crafted in premium Crinkled Seersucker with Econyl Sleek Satin accents. This bikini top epitomizes minimalist luxury luxury. Featuring color-blocking in Stone Gray and Chalk White. Perfect for the discerning swimmer who refuses the obvious.</p>,Twessie,Bikini Top,"high-end swimwear, luxury Stone Gray swimwear, independent fashion, Crinkled Seersucker bikini, architectural swimsuit",TRUE,Color,Chalk White,Size,L,TWESSIE_SG_BT_0307-Chalk White-L,168.0,,10
twessie-sg-bt-0307,Minimalist Stone Gray Textured Bikini Top,<p>Crafted in premium Crinkled Seersucker with Econyl Sleek Satin accents. This bikini top epitomizes minimalist luxury luxury. Featuring color-blocking in Stone Gray and Chalk White. Perfect for the discerning swimmer who refuses the obvious.</p>,Twessie,Bikini Top,"high-end swimwear, luxury Stone Gray swimwear, independent fashion, Crinkled Seersucker bikini, architectural swimsuit",TRUE,Color,Chalk White,Size,XL,TWESSIE_SG_BT_0307-Chalk White-XL,168.0,,10
twessie-sg-bt-0307,Minimalist Stone Gray Textured Bikini Top,<p>Crafted in premium Crinkled Seersucker with Econyl Sleek Satin accents. This bikini top epitomizes minimalist luxury luxury. Featuring color-blocking in Stone Gray and Chalk White. Perfect for the discerning swimmer who refuses the obvious.</p>,Twessie,Bikini Top,"high-end swimwear, luxury Stone Gray swimwear, independent fashion, Crinkled Seersucker bikini, architectural swimsuit",TRUE,Color,Chalk White,Size,XXL,TWESSIE_SG_BT_0307-Chalk White-XXL,168.0,,10
twessie-na-bb-0308,Raw-Edge Olive Drab Bikini Bottom,<p>A statement piece in Matte Ribbed Knit. This bikini bottom combines intelligent aesthetic design with impeccable craftsmanship. Available in Olive Drab with Burnt Terracotta detailing. Not loud. Not obvious. Unmistakably Twessie.</p>,Twessie,Bikini Bottom,"architectural swimsuit, high-end swimwear, minimalist luxury, independent fashion, Matte Ribbed Knit bikini",TRUE,Color,Olive Drab,Size,XS,TWESSIE_NA_BB_0308-Olive Drab-XS,168.0,,10
twessie-na-bb-0308,Raw-Edge Olive Drab Bikini Bottom,<p>A statement piece in Matte Ribbed Knit. This bikini bottom combines intelligent aesthetic design with impeccable craftsmanship. Available in Olive Drab with Burnt Terracotta detailing. Not loud. Not obvious. Unmistakably Twessie.</p>,Twessie,Bikini Bottom,"architectural swimsuit, high-end swimwear, minimalist luxury, independent fashion, Matte Ribbed Knit bikini",TRUE,Color,Olive Drab,Size,S,TWESSIE_NA_BB_0308-Olive Drab-S,168.0,,10
twessie-na-bb-0308,Raw-Edge Olive Drab Bikini Bottom,<p>A statement piece in Matte Ribbed Knit. This bikini bottom combines intelligent aesthetic design with impeccable craftsmanship. Available in Olive Drab with Burnt Terracotta detailing. Not loud. Not obvious. Unmistakably Twessie.</p>,Twessie,Bikini Bottom,"architectural swimsuit, high-end swimwear, minimalist luxury, independent fashion, Matte Ribbed Knit bikini",TRUE,Color,Olive Drab,Size,M,TWESSIE_NA_BB_0308-Olive Drab-M,168.0,,10
twessie-na-bb-0308,Raw-Edge Olive Drab Bikini Bottom,<p>A statement piece in Matte Ribbed Knit. This bikini bottom combines intelligent aesthetic design with impeccable craftsmanship. Available in Olive Drab with Burnt Terracotta detailing. Not loud. Not obvious. Unmistakably Twessie.</p>,Twessie,Bikini Bottom,"architectural swimsuit, high-end swimwear, minimalist luxury, independent fashion, Matte Ribbed Knit bikini",TRUE,Color,Olive Drab,Size,L,TWESSIE_NA_BB_0308-Olive Drab-L,168.0,,10
twessie-na-bb-0308,Raw-Edge Olive Drab Bikini Bottom,<p>A statement piece in Matte Ribbed Knit. This bikini bottom combines intelligent aesthetic design with impeccable craftsmanship. Available in Olive Drab with Burnt Terracotta detailing. Not loud. Not obvious. Unmistakably Twessie.</p>,Twessie,Bikini Bottom,"architectural swimsuit, high-end swimwear, minimalist luxury, independent fashion, Matte Ribbed Knit bikini",TRUE,Color,Olive Drab,Size,XL,TWESSIE_NA_BB_0308-Olive Drab-XL,168.0,,10
twessie-na-bb-0308,Raw-Edge Olive Drab Bikini Bottom,<p>A statement piece in Matte Ribbed Knit. This bikini bottom combines intelligent aesthetic design with impeccable craftsmanship. Available in Olive Drab with Burnt Terracotta detailing. Not loud. Not obvious. Unmistakably Twessie.</p>,Twessie,Bikini Bottom,"architectural swimsuit, high-end swimwear, minimalist luxury, independent fashion, Matte Ribbed Knit bikini",TRUE,Color,Olive Drab,Size,XXL,TWESSIE_NA_BB_0308-Olive Drab-XXL,168.0,,10
twessie-na-bb-0308,Raw-Edge Olive Drab Bikini Bottom,<p>A statement piece in Matte Ribbed Knit. This bikini bottom combines intelligent aesthetic design with impeccable craftsmanship. Available in Olive Drab with Burnt Terracotta detailing. Not loud. Not obvious. Unmistakably Twessie.</p>,Twessie,Bikini Bottom,"architectural swimsuit, high-end swimwear, minimalist luxury, independent fashion, Matte Ribbed Knit bikini",TRUE,Color,Burnt Terracotta,Size,XS,TWESSIE_NA_BB_0308-Burnt Terracotta-XS,168.0,,10
twessie-na-bb-0308,Raw-Edge Olive Drab Bikini Bottom,<p>A statement piece in Matte Ribbed Knit. This bikini bottom combines intelligent aesthetic design with impeccable craftsmanship. Available in Olive Drab with Burnt Terracotta detailing. Not loud. Not obvious. Unmistakably Twessie.</p>,Twessie,Bikini Bottom,"architectural swimsuit, high-end swimwear, minimalist luxury, independent fashion, Matte Ribbed Knit bikini",TRUE,Color,Burnt Terracotta,Size,S,TWESSIE_NA_BB_0308-Burnt Terracotta-S,168.0,,10
twessie-na-bb-0308,Raw-Edge Olive Drab Bikini Bottom,<p>A statement piece in Matte Ribbed Knit. This bikini bottom combines intelligent aesthetic design with impeccable craftsmanship. Available in Olive Drab with Burnt Terracotta detailing. Not loud. Not obvious. Unmistakably Twessie.</p>,Twessie,Bikini Bottom,"architectural swimsuit, high-end swimwear, minimalist luxury, independent fashion, Matte Ribbed Knit bikini",TRUE,Color,Burnt Terracotta,Size,M,TWESSIE_NA_BB_0308-Burnt Terracotta-M,168.0,,10
twessie-na-bb-0308,Raw-Edge Olive Drab Bikini Bottom,<p>A statement piece in Matte Ribbed Knit. This bikini bottom combines intelligent aesthetic design with impeccable craftsmanship. Available in Olive Drab with Burnt Terracotta detailing. Not loud. Not obvious. Unmistakably Twessie.</p>,Twessie,Bikini Bottom,"architectural swimsuit, high-end swimwear, minimalist luxury, independent fashion, Matte Ribbed Knit bikini",TRUE,Color,Burnt Terracotta,Size,L,TWESSIE_NA_BB_0308-Burnt Terracotta-L,168.0,,10
twessie-na-bb-0308,Raw-Edge Olive Drab Bikini Bottom,<p>A statement piece in Matte Ribbed Knit. This bikini bottom combines intelligent aesthetic design with impeccable craftsmanship. Available in Olive Drab with Burnt Terracotta detailing. Not loud. Not obvious. Unmistakably Twessie.</p>,Twessie,Bikini Bottom,"architectural swimsuit, high-end swimwear, minimalist luxury, independent fashion, Matte Ribbed Knit bikini",TRUE,Color,Burnt Terracotta,Size,XL,TWESSIE_NA_BB_0308-Burnt Terracotta-XL,168.0,,10
twessie-na-bb-0308,Raw-Edge Olive Drab Bikini Bottom,<p>A statement piece in Matte Ribbed Knit. This bikini bottom combines intelligent aesthetic design with impeccable craftsmanship. Available in Olive Drab with Burnt Terracotta detailing. Not loud. Not obvious. Unmistakably Twessie.</p>,Twessie,Bikini Bottom,"architectural swimsuit, high-end swimwear, minimalist luxury, independent fashion, Matte Ribbed Knit bikini",TRUE,Color,Burnt Terracotta,Size,XXL,TWESSIE_NA_BB_0308-Burnt Terracotta-XXL,168.0,,10
twessie-na-bb-0309,Structural Crinkled Seersucker Bikini Bottom,<p>A statement piece in Crinkled Seersucker. This bikini bottom combines rebellious yet refined design with impeccable craftsmanship. Available in Chalk White with Stone Gray detailing. Not loud. Not obvious. Unmistakably Twessie.</p>,Twessie,Bikini Bottom,"independent fashion, high-end swimwear, minimalist bikini bottom, luxury Chalk White swimwear, Crinkled Seersucker bikini",TRUE,Color,Chalk White,Size,XS,TWESSIE_NA_BB_0309-Chalk White-XS,168.0,,10
twessie-na-bb-0309,Structural Crinkled Seersucker Bikini Bottom,<p>A statement piece in Crinkled Seersucker. This bikini bottom combines rebellious yet refined design with impeccable craftsmanship. Available in Chalk White with Stone Gray detailing. Not loud. Not obvious. Unmistakably Twessie.</p>,Twessie,Bikini Bottom,"independent fashion, high-end swimwear, minimalist bikini bottom, luxury Chalk White swimwear, Crinkled Seersucker bikini",TRUE,Color,Chalk White,Size,S,TWESSIE_NA_BB_0309-Chalk White-S,168.0,,10
twessie-na-bb-0309,Structural Crinkled Seersucker Bikini Bottom,<p>A statement piece in Crinkled Seersucker. This bikini bottom combines rebellious yet refined design with impeccable craftsmanship. Available in Chalk White with Stone Gray detailing. Not loud. Not obvious. Unmistakably Twessie.</p>,Twessie,Bikini Bottom,"independent fashion, high-end swimwear, minimalist bikini bottom, luxury Chalk White swimwear, Crinkled Seersucker bikini",TRUE,Color,Chalk White,Size,M,TWESSIE_NA_BB_0309-Chalk White-M,168.0,,10
twessie-na-bb-0309,Structural Crinkled Seersucker Bikini Bottom,<p>A statement piece in Crinkled Seersucker. This bikini bottom combines rebellious yet refined design with impeccable craftsmanship. Available in Chalk White with Stone Gray detailing. Not loud. Not obvious. Unmistakably Twessie.</p>,Twessie,Bikini Bottom,"independent fashion, high-end swimwear, minimalist bikini bottom, luxury Chalk White swimwear, Crinkled Seersucker bikini",TRUE,Color,Chalk White,Size,L,TWESSIE_NA_BB_0309-Chalk White-L,168.0,,10
twessie-na-bb-0309,Structural Crinkled Seersucker Bikini Bottom,<p>A statement piece in Crinkled Seersucker. This bikini bottom combines rebellious yet refined design with impeccable craftsmanship. Available in Chalk White with Stone Gray detailing. Not loud. Not obvious. Unmistakably Twessie.</p>,Twessie,Bikini Bottom,"independent fashion, high-end swimwear, minimalist bikini bottom, luxury Chalk White swimwear, Crinkled Seersucker bikini",TRUE,Color,Chalk White,Size,XL,TWESSIE_NA_BB_0309-Chalk White-XL,168.0,,10
twessie-na-bb-0309,Structural Crinkled Seersucker Bikini Bottom,<p>A statement piece in Crinkled Seersucker. This bikini bottom combines rebellious yet refined design with impeccable craftsmanship. Available in Chalk White with Stone Gray detailing. Not loud. Not obvious. Unmistakably Twessie.</p>,Twessie,Bikini Bottom,"independent fashion, high-end swimwear, minimalist bikini bottom, luxury Chalk White swimwear, Crinkled Seersucker bikini",TRUE,Color,Chalk White,Size,XXL,TWESSIE_NA_BB_0309-Chalk White-XXL,168.0,,10
twessie-na-bb-0309,Structural Crinkled Seersucker Bikini Bottom,<p>A statement piece in Crinkled Seersucker. This bikini bottom combines rebellious yet refined design with impeccable craftsmanship. Available in Chalk White with Stone Gray detailing. Not loud. Not obvious. Unmistakably Twessie.</p>,Twessie,Bikini Bottom,"independent fashion, high-end swimwear, minimalist bikini bottom, luxury Chalk White swimwear, Crinkled Seersucker bikini",TRUE,Color,Stone Gray,Size,XS,TWESSIE_NA_BB_0309-Stone Gray-XS,168.0,,10
twessie-na-bb-0309,Structural Crinkled Seersucker Bikini Bottom,<p>A statement piece in Crinkled Seersucker. This bikini bottom combines rebellious yet refined design with impeccable craftsmanship. Available in Chalk White with Stone Gray detailing. Not loud. Not obvious. Unmistakably Twessie.</p>,Twessie,Bikini Bottom,"independent fashion, high-end swimwear, minimalist bikini bottom, luxury Chalk White swimwear, Crinkled Seersucker bikini",TRUE,Color,Stone Gray,Size,S,TWESSIE_NA_BB_0309-Stone Gray-S,168.0,,10
twessie-na-bb-0309,Structural Crinkled Seersucker Bikini Bottom,<p>A statement piece in Crinkled Seersucker. This bikini bottom combines rebellious yet refined design with impeccable craftsmanship. Available in Chalk White with Stone Gray detailing. Not loud. Not obvious. Unmistakably Twessie.</p>,Twessie,Bikini Bottom,"independent fashion, high-end swimwear, minimalist bikini bottom, luxury Chalk White swimwear, Crinkled Seersucker bikini",TRUE,Color,Stone Gray,Size,M,TWESSIE_NA_BB_0309-Stone Gray-M,168.0,,10
twessie-na-bb-0309,Structural Crinkled Seersucker Bikini Bottom,<p>A statement piece in Crinkled Seersucker. This bikini bottom combines rebellious yet refined design with impeccable craftsmanship. Available in Chalk White with Stone Gray detailing. Not loud. Not obvious. Unmistakably Twessie.</p>,Twessie,Bikini Bottom,"independent fashion, high-end swimwear, minimalist bikini bottom, luxury Chalk White swimwear, Crinkled Seersucker bikini",TRUE,Color,Stone Gray,Size,L,TWESSIE_NA_BB_0309-Stone Gray-L,168.0,,10
twessie-na-bb-0309,Structural Crinkled Seersucker Bikini Bottom,<p>A statement piece in Crinkled Seersucker. This bikini bottom combines rebellious yet refined design with impeccable craftsmanship. Available in Chalk White with Stone Gray detailing. Not loud. Not obvious. Unmistakably Twessie.</p>,Twessie,Bikini Bottom,"independent fashion, high-end swimwear, minimalist bikini bottom, luxury Chalk White swimwear, Crinkled Seersucker bikini",TRUE,Color,Stone Gray,Size,XL,TWESSIE_NA_BB_0309-Stone Gray-XL,168.0,,10
twessie-na-bb-0309,Structural Crinkled Seersucker Bikini Bottom,<p>A statement piece in Crinkled Seersucker. This bikini bottom combines rebellious yet refined design with impeccable craftsmanship. Available in Chalk White with Stone Gray detailing. Not loud. Not obvious. Unmistakably Twessie.</p>,Twessie,Bikini Bottom,"independent fashion, high-end swimwear, minimalist bikini bottom, luxury Chalk White swimwear, Crinkled Seersucker bikini",TRUE,Color,Stone Gray,Size,XXL,TWESSIE_NA_BB_0309-Stone Gray-XXL,168.0,,10
twessie-jp-bb-0310,Raw-Edge Olive Drab Bikini Bottom,<p>A statement piece in Matte Ribbed Knit. This bikini bottom combines anti-fashion statement design with impeccable craftsmanship. Available in Olive Drab with Burnt Terracotta detailing. Not loud. Not obvious. Unmistakably Twessie.</p>,Twessie,Bikini Bottom,"minimalist luxury, luxury Olive Drab swimwear, Matte Ribbed Knit bikini, minimalist bikini bottom, architectural swimsuit",TRUE,Color,Olive Drab,Size,XS,TWESSIE_JP_BB_0310-Olive Drab-XS,168.0,,10
twessie-jp-bb-0310,Raw-Edge Olive Drab Bikini Bottom,<p>A statement piece in Matte Ribbed Knit. This bikini bottom combines anti-fashion statement design with impeccable craftsmanship. Available in Olive Drab with Burnt Terracotta detailing. Not loud. Not obvious. Unmistakably Twessie.</p>,Twessie,Bikini Bottom,"minimalist luxury, luxury Olive Drab swimwear, Matte Ribbed Knit bikini, minimalist bikini bottom, architectural swimsuit",TRUE,Color,Olive Drab,Size,S,TWESSIE_JP_BB_0310-Olive Drab-S,168.0,,10
twessie-jp-bb-0310,Raw-Edge Olive Drab Bikini Bottom,<p>A statement piece in Matte Ribbed Knit. This bikini bottom combines anti-fashion statement design with impeccable craftsmanship. Available in Olive Drab with Burnt Terracotta detailing. Not loud. Not obvious. Unmistakably Twessie.</p>,Twessie,Bikini Bottom,"minimalist luxury, luxury Olive Drab swimwear, Matte Ribbed Knit bikini, minimalist bikini bottom, architectural swimsuit",TRUE,Color,Olive Drab,Size,M,TWESSIE_JP_BB_0310-Olive Drab-M,168.0,,10
twessie-jp-bb-0310,Raw-Edge Olive Drab Bikini Bottom,<p>A statement piece in Matte Ribbed Knit. This bikini bottom combines anti-fashion statement design with impeccable craftsmanship. Available in Olive Drab with Burnt Terracotta detailing. Not loud. Not obvious. Unmistakably Twessie.</p>,Twessie,Bikini Bottom,"minimalist luxury, luxury Olive Drab swimwear, Matte Ribbed Knit bikini, minimalist bikini bottom, architectural swimsuit",TRUE,Color,Olive Drab,Size,L,TWESSIE_JP_BB_0310-Olive Drab-L,168.0,,10
twessie-jp-bb-0310,Raw-Edge Olive Drab Bikini Bottom,<p>A statement piece in Matte Ribbed Knit. This bikini bottom combines anti-fashion statement design with impeccable craftsmanship. Available in Olive Drab with Burnt Terracotta detailing. Not loud. Not obvious. Unmistakably Twessie.</p>,Twessie,Bikini Bottom,"minimalist luxury, luxury Olive Drab swimwear, Matte Ribbed Knit bikini, minimalist bikini bottom, architectural swimsuit",TRUE,Color,Olive Drab,Size,XL,TWESSIE_JP_BB_0310-Olive Drab-XL,168.0,,10
twessie-jp-bb-0310,Raw-Edge Olive Drab Bikini Bottom,<p>A statement piece in Matte Ribbed Knit. This bikini bottom combines anti-fashion statement design with impeccable craftsmanship. Available in Olive Drab with Burnt Terracotta detailing. Not loud. Not obvious. Unmistakably Twessie.</p>,Twessie,Bikini Bottom,"minimalist luxury, luxury Olive Drab swimwear, Matte Ribbed Knit bikini, minimalist bikini bottom, architectural swimsuit",TRUE,Color,Olive Drab,Size,XXL,TWESSIE_JP_BB_0310-Olive Drab-XXL,168.0,,10
twessie-jp-bb-0310,Raw-Edge Olive Drab Bikini Bottom,<p>A statement piece in Matte Ribbed Knit. This bikini bottom combines anti-fashion statement design with impeccable craftsmanship. Available in Olive Drab with Burnt Terracotta detailing. Not loud. Not obvious. Unmistakably Twessie.</p>,Twessie,Bikini Bottom,"minimalist luxury, luxury Olive Drab swimwear, Matte Ribbed Knit bikini, minimalist bikini bottom, architectural swimsuit",TRUE,Color,Burnt Terracotta,Size,XS,TWESSIE_JP_BB_0310-Burnt Terracotta-XS,168.0,,10
twessie-jp-bb-0310,Raw-Edge Olive Drab Bikini Bottom,<p>A statement piece in Matte Ribbed Knit. This bikini bottom combines anti-fashion statement design with impeccable craftsmanship. Available in Olive Drab with Burnt Terracotta detailing. Not loud. Not obvious. Unmistakably Twessie.</p>,Twessie,Bikini Bottom,"minimalist luxury, luxury Olive Drab swimwear, Matte Ribbed Knit bikini, minimalist bikini bottom, architectural swimsuit",TRUE,Color,Burnt Terracotta,Size,S,TWESSIE_JP_BB_0310-Burnt Terracotta-S,168.0,,10
twessie-jp-bb-0310,Raw-Edge Olive Drab Bikini Bottom,<p>A statement piece in Matte Ribbed Knit. This bikini bottom combines anti-fashion statement design with impeccable craftsmanship. Available in Olive Drab with Burnt Terracotta detailing. Not loud. Not obvious. Unmistakably Twessie.</p>,Twessie,Bikini Bottom,"minimalist luxury, luxury Olive Drab swimwear, Matte Ribbed Knit bikini, minimalist bikini bottom, architectural swimsuit",TRUE,Color,Burnt Terracotta,Size,M,TWESSIE_JP_BB_0310-Burnt Terracotta-M,168.0,,10
twessie-jp-bb-0310,Raw-Edge Olive Drab Bikini Bottom,<p>A statement piece in Matte Ribbed Knit. This bikini bottom combines anti-fashion statement design with impeccable craftsmanship. Available in Olive Drab with Burnt Terracotta detailing. Not loud. Not obvious. Unmistakably Twessie.</p>,Twessie,Bikini Bottom,"minimalist luxury, luxury Olive Drab swimwear, Matte Ribbed Knit bikini, minimalist bikini bottom, architectural swimsuit",TRUE,Color,Burnt Terracotta,Size,L,TWESSIE_JP_BB_0310-Burnt Terracotta-L,168.0,,10
twessie-jp-bb-0310,Raw-Edge Olive Drab Bikini Bottom,<p>A statement piece in Matte Ribbed Knit. This bikini bottom combines anti-fashion statement design with impeccable craftsmanship. Available in Olive Drab with Burnt Terracotta detailing. Not loud. Not obvious. Unmistakably Twessie.</p>,Twessie,Bikini Bottom,"minimalist luxury, luxury Olive Drab swimwear, Matte Ribbed Knit bikini, minimalist bikini bottom, architectural swimsuit",TRUE,Color,Burnt Terracotta,Size,XL,TWESSIE_JP_BB_0310-Burnt Terracotta-XL,168.0,,10
twessie-jp-bb-0310,Raw-Edge Olive Drab Bikini Bottom,<p>A statement piece in Matte Ribbed Knit. This bikini bottom combines anti-fashion statement design with impeccable craftsmanship. Available in Olive Drab with Burnt Terracotta detailing. Not loud. Not obvious. Unmistakably Twessie.</p>,Twessie,Bikini Bottom,"minimalist luxury, luxury Olive Drab swimwear, Matte Ribbed Knit bikini, minimalist bikini bottom, architectural swimsuit",TRUE,Color,Burnt Terracotta,Size,XXL,TWESSIE_JP_BB_0310-Burnt Terracotta-XXL,168.0,,10
twessie-na-bb-0401,Raw-Edge Olive Drab Bikini Bottom,"<p>Matte Ribbed Knit construction meets architectural precision in this bikini bottom. Designed for the intelligent, independent woman. The Olive Drab colorway with Burnt Terracotta accents creates a sophisticated palette. Pure architectural elegance elegance.</p>",Twessie,Bikini Bottom,"luxury Olive Drab swimwear, high-end swimwear, minimalist bikini bottom, Matte Ribbed Knit bikini, independent fashion",TRUE,Color,Olive Drab,Size,XS,TWESSIE_NA_BB_0401-Olive Drab-XS,168.0,,10
twessie-na-bb-0401,Raw-Edge Olive Drab Bikini Bottom,"<p>Matte Ribbed Knit construction meets architectural precision in this bikini bottom. Designed for the intelligent, independent woman. The Olive Drab colorway with Burnt Terracotta accents creates a sophisticated palette. Pure architectural elegance elegance.</p>",Twessie,Bikini Bottom,"luxury Olive Drab swimwear, high-end swimwear, minimalist bikini bottom, Matte Ribbed Knit bikini, independent fashion",TRUE,Color,Olive Drab,Size,S,TWESSIE_NA_BB_0401-Olive Drab-S,168.0,,10
twessie-na-bb-0401,Raw-Edge Olive Drab Bikini Bottom,"<p>Matte Ribbed Knit construction meets architectural precision in this bikini bottom. Designed for the intelligent, independent woman. The Olive Drab colorway with Burnt Terracotta accents creates a sophisticated palette. Pure architectural elegance elegance.</p>",Twessie,Bikini Bottom,"luxury Olive Drab swimwear, high-end swimwear, minimalist bikini bottom, Matte Ribbed Knit bikini, independent fashion",TRUE,Color,Olive Drab,Size,M,TWESSIE_NA_BB_0401-Olive Drab-M,168.0,,10
twessie-na-bb-0401,Raw-Edge Olive Drab Bikini Bottom,"<p>Matte Ribbed Knit construction meets architectural precision in this bikini bottom. Designed for the intelligent, independent woman. The Olive Drab colorway with Burnt Terracotta accents creates a sophisticated palette. Pure architectural elegance elegance.</p>",Twessie,Bikini Bottom,"luxury Olive Drab swimwear, high-end swimwear, minimalist bikini bottom, Matte Ribbed Knit bikini, independent fashion",TRUE,Color,Olive Drab,Size,L,TWESSIE_NA_BB_0401-Olive Drab-L,168.0,,10
twessie-na-bb-0401,Raw-Edge Olive Drab Bikini Bottom,"<p>Matte Ribbed Knit construction meets architectural precision in this bikini bottom. Designed for the intelligent, independent woman. The Olive Drab colorway with Burnt Terracotta accents creates a sophisticated palette. Pure architectural elegance elegance.</p>",Twessie,Bikini Bottom,"luxury Olive Drab swimwear, high-end swimwear, minimalist bikini bottom, Matte Ribbed Knit bikini, independent fashion",TRUE,Color,Olive Drab,Size,XL,TWESSIE_NA_BB_0401-Olive Drab-XL,168.0,,10
twessie-na-bb-0401,Raw-Edge Olive Drab Bikini Bottom,"<p>Matte Ribbed Knit construction meets architectural precision in this bikini bottom. Designed for the intelligent, independent woman. The Olive Drab colorway with Burnt Terracotta accents creates a sophisticated palette. Pure architectural elegance elegance.</p>",Twessie,Bikini Bottom,"luxury Olive Drab swimwear, high-end swimwear, minimalist bikini bottom, Matte Ribbed Knit bikini, independent fashion",TRUE,Color,Olive Drab,Size,XXL,TWESSIE_NA_BB_0401-Olive Drab-XXL,168.0,,10
twessie-na-bb-0401,Raw-Edge Olive Drab Bikini Bottom,"<p>Matte Ribbed Knit construction meets architectural precision in this bikini bottom. Designed for the intelligent, independent woman. The Olive Drab colorway with Burnt Terracotta accents creates a sophisticated palette. Pure architectural elegance elegance.</p>",Twessie,Bikini Bottom,"luxury Olive Drab swimwear, high-end swimwear, minimalist bikini bottom, Matte Ribbed Knit bikini, independent fashion",TRUE,Color,Burnt Terracotta,Size,XS,TWESSIE_NA_BB_0401-Burnt Terracotta-XS,168.0,,10
twessie-na-bb-0401,Raw-Edge Olive Drab Bikini Bottom,"<p>Matte Ribbed Knit construction meets architectural precision in this bikini bottom. Designed for the intelligent, independent woman. The Olive Drab colorway with Burnt Terracotta accents creates a sophisticated palette. Pure architectural elegance elegance.</p>",Twessie,Bikini Bottom,"luxury Olive Drab swimwear, high-end swimwear, minimalist bikini bottom, Matte Ribbed Knit bikini, independent fashion",TRUE,Color,Burnt Terracotta,Size,S,TWESSIE_NA_BB_0401-Burnt Terracotta-S,168.0,,10
twessie-na-bb-0401,Raw-Edge Olive Drab Bikini Bottom,"<p>Matte Ribbed Knit construction meets architectural precision in this bikini bottom. Designed for the intelligent, independent woman. The Olive Drab colorway with Burnt Terracotta accents creates a sophisticated palette. Pure architectural elegance elegance.</p>",Twessie,Bikini Bottom,"luxury Olive Drab swimwear, high-end swimwear, minimalist bikini bottom, Matte Ribbed Knit bikini, independent fashion",TRUE,Color,Burnt Terracotta,Size,M,TWESSIE_NA_BB_0401-Burnt Terracotta-M,168.0,,10
twessie-na-bb-0401,Raw-Edge Olive Drab Bikini Bottom,"<p>Matte Ribbed Knit construction meets architectural precision in this bikini bottom. Designed for the intelligent, independent woman. The Olive Drab colorway with Burnt Terracotta accents creates a sophisticated palette. Pure architectural elegance elegance.</p>",Twessie,Bikini Bottom,"luxury Olive Drab swimwear, high-end swimwear, minimalist bikini bottom, Matte Ribbed Knit bikini, independent fashion",TRUE,Color,Burnt Terracotta,Size,L,TWESSIE_NA_BB_0401-Burnt Terracotta-L,168.0,,10
twessie-na-bb-0401,Raw-Edge Olive Drab Bikini Bottom,"<p>Matte Ribbed Knit construction meets architectural precision in this bikini bottom. Designed for the intelligent, independent woman. The Olive Drab colorway with Burnt Terracotta accents creates a sophisticated palette. Pure architectural elegance elegance.</p>",Twessie,Bikini Bottom,"luxury Olive Drab swimwear, high-end swimwear, minimalist bikini bottom, Matte Ribbed Knit bikini, independent fashion",TRUE,Color,Burnt Terracotta,Size,XL,TWESSIE_NA_BB_0401-Burnt Terracotta-XL,168.0,,10
twessie-na-bb-0401,Raw-Edge Olive Drab Bikini Bottom,"<p>Matte Ribbed Knit construction meets architectural precision in this bikini bottom. Designed for the intelligent, independent woman. The Olive Drab colorway with Burnt Terracotta accents creates a sophisticated palette. Pure architectural elegance elegance.</p>",Twessie,Bikini Bottom,"luxury Olive Drab swimwear, high-end swimwear, minimalist bikini bottom, Matte Ribbed Knit bikini, independent fashion",TRUE,Color,Burnt Terracotta,Size,XXL,TWESSIE_NA_BB_0401-Burnt Terracotta-XXL,168.0,,10
twessie-eu-bt-0402,Minimalist Chalk White Textured Bikini Top,<p>A statement piece in Crinkled Seersucker. This bikini top combines anti-fashion statement design with impeccable craftsmanship. Available in Chalk White with Stone Gray detailing. Not loud. Not obvious. Unmistakably Twessie.</p>,Twessie,Bikini Top,"minimalist luxury, architectural swimsuit, independent fashion, Crinkled Seersucker bikini, high-end swimwear",TRUE,Color,Chalk White,Size,XS,TWESSIE_EU_BT_0402-Chalk White-XS,168.0,,10
twessie-eu-bt-0402,Minimalist Chalk White Textured Bikini Top,<p>A statement piece in Crinkled Seersucker. This bikini top combines anti-fashion statement design with impeccable craftsmanship. Available in Chalk White with Stone Gray detailing. Not loud. Not obvious. Unmistakably Twessie.</p>,Twessie,Bikini Top,"minimalist luxury, architectural swimsuit, independent fashion, Crinkled Seersucker bikini, high-end swimwear",TRUE,Color,Chalk White,Size,S,TWESSIE_EU_BT_0402-Chalk White-S,168.0,,10
twessie-eu-bt-0402,Minimalist Chalk White Textured Bikini Top,<p>A statement piece in Crinkled Seersucker. This bikini top combines anti-fashion statement design with impeccable craftsmanship. Available in Chalk White with Stone Gray detailing. Not loud. Not obvious. Unmistakably Twessie.</p>,Twessie,Bikini Top,"minimalist luxury, architectural swimsuit, independent fashion, Crinkled Seersucker bikini, high-end swimwear",TRUE,Color,Chalk White,Size,M,TWESSIE_EU_BT_0402-Chalk White-M,168.0,,10
twessie-eu-bt-0402,Minimalist Chalk White Textured Bikini Top,<p>A statement piece in Crinkled Seersucker. This bikini top combines anti-fashion statement design with impeccable craftsmanship. Available in Chalk White with Stone Gray detailing. Not loud. Not obvious. Unmistakably Twessie.</p>,Twessie,Bikini Top,"minimalist luxury, architectural swimsuit, independent fashion, Crinkled Seersucker bikini, high-end swimwear",TRUE,Color,Chalk White,Size,L,TWESSIE_EU_BT_0402-Chalk White-L,168.0,,10
twessie-eu-bt-0402,Minimalist Chalk White Textured Bikini Top,<p>A statement piece in Crinkled Seersucker. This bikini top combines anti-fashion statement design with impeccable craftsmanship. Available in Chalk White with Stone Gray detailing. Not loud. Not obvious. Unmistakably Twessie.</p>,Twessie,Bikini Top,"minimalist luxury, architectural swimsuit, independent fashion, Crinkled Seersucker bikini, high-end swimwear",TRUE,Color,Chalk White,Size,XL,TWESSIE_EU_BT_0402-Chalk White-XL,168.0,,10
twessie-eu-bt-0402,Minimalist Chalk White Textured Bikini Top,<p>A statement piece in Crinkled Seersucker. This bikini top combines anti-fashion statement design with impeccable craftsmanship. Available in Chalk White with Stone Gray detailing. Not loud. Not obvious. Unmistakably Twessie.</p>,Twessie,Bikini Top,"minimalist luxury, architectural swimsuit, independent fashion, Crinkled Seersucker bikini, high-end swimwear",TRUE,Color,Chalk White,Size,XXL,TWESSIE_EU_BT_0402-Chalk White-XXL,168.0,,10
twessie-eu-bt-0402,Minimalist Chalk White Textured Bikini Top,<p>A statement piece in Crinkled Seersucker. This bikini top combines anti-fashion statement design with impeccable craftsmanship. Available in Chalk White with Stone Gray detailing. Not loud. Not obvious. Unmistakably Twessie.</p>,Twessie,Bikini Top,"minimalist luxury, architectural swimsuit, independent fashion, Crinkled Seersucker bikini, high-end swimwear",TRUE,Color,Stone Gray,Size,XS,TWESSIE_EU_BT_0402-Stone Gray-XS,168.0,,10
twessie-eu-bt-0402,Minimalist Chalk White Textured Bikini Top,<p>A statement piece in Crinkled Seersucker. This bikini top combines anti-fashion statement design with impeccable craftsmanship. Available in Chalk White with Stone Gray detailing. Not loud. Not obvious. Unmistakably Twessie.</p>,Twessie,Bikini Top,"minimalist luxury, architectural swimsuit, independent fashion, Crinkled Seersucker bikini, high-end swimwear",TRUE,Color,Stone Gray,Size,S,TWESSIE_EU_BT_0402-Stone Gray-S,168.0,,10
twessie-eu-bt-0402,Minimalist Chalk White Textured Bikini Top,<p>A statement piece in Crinkled Seersucker. This bikini top combines anti-fashion statement design with impeccable craftsmanship. Available in Chalk White with Stone Gray detailing. Not loud. Not obvious. Unmistakably Twessie.</p>,Twessie,Bikini Top,"minimalist luxury, architectural swimsuit, independent fashion, Crinkled Seersucker bikini, high-end swimwear",TRUE,Color,Stone Gray,Size,M,TWESSIE_EU_BT_0402-Stone Gray-M,168.0,,10
twessie-eu-bt-0402,Minimalist Chalk White Textured Bikini Top,<p>A statement piece in Crinkled Seersucker. This bikini top combines anti-fashion statement design with impeccable craftsmanship. Available in Chalk White with Stone Gray detailing. Not loud. Not obvious. Unmistakably Twessie.</p>,Twessie,Bikini Top,"minimalist luxury, architectural swimsuit, independent fashion, Crinkled Seersucker bikini, high-end swimwear",TRUE,Color,Stone Gray,Size,L,TWESSIE_EU_BT_0402-Stone Gray-L,168.0,,10
twessie-eu-bt-0402,Minimalist Chalk White Textured Bikini Top,<p>A statement piece in Crinkled Seersucker. This bikini top combines anti-fashion statement design with impeccable craftsmanship. Available in Chalk White with Stone Gray detailing. Not loud. Not obvious. Unmistakably Twessie.</p>,Twessie,Bikini Top,"minimalist luxury, architectural swimsuit, independent fashion, Crinkled Seersucker bikini, high-end swimwear",TRUE,Color,Stone Gray,Size,XL,TWESSIE_EU_BT_0402-Stone Gray-XL,168.0,,10
twessie-eu-bt-0402,Minimalist Chalk White Textured Bikini Top,<p>A statement piece in Crinkled Seersucker. This bikini top combines anti-fashion statement design with impeccable craftsmanship. Available in Chalk White with Stone Gray detailing. Not loud. Not obvious. Unmistakably Twessie.</p>,Twessie,Bikini Top,"minimalist luxury, architectural swimsuit, independent fashion, Crinkled Seersucker bikini, high-end swimwear",TRUE,Color,Stone Gray,Size,XXL,TWESSIE_EU_BT_0402-Stone Gray-XXL,168.0,,10
twessie-sg-bt-0403,Obsidian Black Sculptural Econyl Sleek Satin Bikini Top,<p>A statement piece in Econyl Sleek Satin. This bikini top combines intelligent aesthetic design with impeccable craftsmanship. Available in Obsidian Black with Burnt Terracotta detailing. Not loud. Not obvious. Unmistakably Twessie.</p>,Twessie,Bikini Top,"luxury Obsidian Black swimwear, architectural swimsuit, independent fashion, minimalist bikini top, Econyl Sleek Satin bikini",TRUE,Color,Obsidian Black,Size,XS,TWESSIE_SG_BT_0403-Obsidian Black-XS,168.0,,10
twessie-sg-bt-0403,Obsidian Black Sculptural Econyl Sleek Satin Bikini Top,<p>A statement piece in Econyl Sleek Satin. This bikini top combines intelligent aesthetic design with impeccable craftsmanship. Available in Obsidian Black with Burnt Terracotta detailing. Not loud. Not obvious. Unmistakably Twessie.</p>,Twessie,Bikini Top,"luxury Obsidian Black swimwear, architectural swimsuit, independent fashion, minimalist bikini top, Econyl Sleek Satin bikini",TRUE,Color,Obsidian Black,Size,S,TWESSIE_SG_BT_0403-Obsidian Black-S,168.0,,10
twessie-sg-bt-0403,Obsidian Black Sculptural Econyl Sleek Satin Bikini Top,<p>A statement piece in Econyl Sleek Satin. This bikini top combines intelligent aesthetic design with impeccable craftsmanship. Available in Obsidian Black with Burnt Terracotta detailing. Not loud. Not obvious. Unmistakably Twessie.</p>,Twessie,Bikini Top,"luxury Obsidian Black swimwear, architectural swimsuit, independent fashion, minimalist bikini top, Econyl Sleek Satin bikini",TRUE,Color,Obsidian Black,Size,M,TWESSIE_SG_BT_0403-Obsidian Black-M,168.0,,10
twessie-sg-bt-0403,Obsidian Black Sculptural Econyl Sleek Satin Bikini Top,<p>A statement piece in Econyl Sleek Satin. This bikini top combines intelligent aesthetic design with impeccable craftsmanship. Available in Obsidian Black with Burnt Terracotta detailing. Not loud. Not obvious. Unmistakably Twessie.</p>,Twessie,Bikini Top,"luxury Obsidian Black swimwear, architectural swimsuit, independent fashion, minimalist bikini top, Econyl Sleek Satin bikini",TRUE,Color,Obsidian Black,Size,L,TWESSIE_SG_BT_0403-Obsidian Black-L,168.0,,10
twessie-sg-bt-0403,Obsidian Black Sculptural Econyl Sleek Satin Bikini Top,<p>A statement piece in Econyl Sleek Satin. This bikini top combines intelligent aesthetic design with impeccable craftsmanship. Available in Obsidian Black with Burnt Terracotta detailing. Not loud. Not obvious. Unmistakably Twessie.</p>,Twessie,Bikini Top,"luxury Obsidian Black swimwear, architectural swimsuit, independent fashion, minimalist bikini top, Econyl Sleek Satin bikini",TRUE,Color,Obsidian Black,Size,XL,TWESSIE_SG_BT_0403-Obsidian Black-XL,168.0,,10
twessie-sg-bt-0403,Obsidian Black Sculptural Econyl Sleek Satin Bikini Top,<p>A statement piece in Econyl Sleek Satin. This bikini top combines intelligent aesthetic design with impeccable craftsmanship. Available in Obsidian Black with Burnt Terracotta detailing. Not loud. Not obvious. Unmistakably Twessie.</p>,Twessie,Bikini Top,"luxury Obsidian Black swimwear, architectural swimsuit, independent fashion, minimalist bikini top, Econyl Sleek Satin bikini",TRUE,Color,Obsidian Black,Size,XXL,TWESSIE_SG_BT_0403-Obsidian Black-XXL,168.0,,10
twessie-sg-bt-0403,Obsidian Black Sculptural Econyl Sleek Satin Bikini Top,<p>A statement piece in Econyl Sleek Satin. This bikini top combines intelligent aesthetic design with impeccable craftsmanship. Available in Obsidian Black with Burnt Terracotta detailing. Not loud. Not obvious. Unmistakably Twessie.</p>,Twessie,Bikini Top,"luxury Obsidian Black swimwear, architectural swimsuit, independent fashion, minimalist bikini top, Econyl Sleek Satin bikini",TRUE,Color,Burnt Terracotta,Size,XS,TWESSIE_SG_BT_0403-Burnt Terracotta-XS,168.0,,10
twessie-sg-bt-0403,Obsidian Black Sculptural Econyl Sleek Satin Bikini Top,<p>A statement piece in Econyl Sleek Satin. This bikini top combines intelligent aesthetic design with impeccable craftsmanship. Available in Obsidian Black with Burnt Terracotta detailing. Not loud. Not obvious. Unmistakably Twessie.</p>,Twessie,Bikini Top,"luxury Obsidian Black swimwear, architectural swimsuit, independent fashion, minimalist bikini top, Econyl Sleek Satin bikini",TRUE,Color,Burnt Terracotta,Size,S,TWESSIE_SG_BT_0403-Burnt Terracotta-S,168.0,,10
twessie-sg-bt-0403,Obsidian Black Sculptural Econyl Sleek Satin Bikini Top,<p>A statement piece in Econyl Sleek Satin. This bikini top combines intelligent aesthetic design with impeccable craftsmanship. Available in Obsidian Black with Burnt Terracotta detailing. Not loud. Not obvious. Unmistakably Twessie.</p>,Twessie,Bikini Top,"luxury Obsidian Black swimwear, architectural swimsuit, independent fashion, minimalist bikini top, Econyl Sleek Satin bikini",TRUE,Color,Burnt Terracotta,Size,M,TWESSIE_SG_BT_0403-Burnt Terracotta-M,168.0,,10
twessie-sg-bt-0403,Obsidian Black Sculptural Econyl Sleek Satin Bikini Top,<p>A statement piece in Econyl Sleek Satin. This bikini top combines intelligent aesthetic design with impeccable craftsmanship. Available in Obsidian Black with Burnt Terracotta detailing. Not loud. Not obvious. Unmistakably Twessie.</p>,Twessie,Bikini Top,"luxury Obsidian Black swimwear, architectural swimsuit, independent fashion, minimalist bikini top, Econyl Sleek Satin bikini",TRUE,Color,Burnt Terracotta,Size,L,TWESSIE_SG_BT_0403-Burnt Terracotta-L,168.0,,10
twessie-sg-bt-0403,Obsidian Black Sculptural Econyl Sleek Satin Bikini Top,<p>A statement piece in Econyl Sleek Satin. This bikini top combines intelligent aesthetic design with impeccable craftsmanship. Available in Obsidian Black with Burnt Terracotta detailing. Not loud. Not obvious. Unmistakably Twessie.</p>,Twessie,Bikini Top,"luxury Obsidian Black swimwear, architectural swimsuit, independent fashion, minimalist bikini top, Econyl Sleek Satin bikini",TRUE,Color,Burnt Terracotta,Size,XL,TWESSIE_SG_BT_0403-Burnt Terracotta-XL,168.0,,10
twessie-sg-bt-0403,Obsidian Black Sculptural Econyl Sleek Satin Bikini Top,<p>A statement piece in Econyl Sleek Satin. This bikini top combines intelligent aesthetic design with impeccable craftsmanship. Available in Obsidian Black with Burnt Terracotta detailing. Not loud. Not obvious. Unmistakably Twessie.</p>,Twessie,Bikini Top,"luxury Obsidian Black swimwear, architectural swimsuit, independent fashion, minimalist bikini top, Econyl Sleek Satin bikini",TRUE,Color,Burnt Terracotta,Size,XXL,TWESSIE_SG_BT_0403-Burnt Terracotta-XXL,168.0,,10
twessie-eu-op-0404,High-Fashion Burnt Terracotta One-Piece Suit,<p>A statement piece in Matte Ribbed Knit. This one-piece combines minimalist luxury design with impeccable craftsmanship. Available in Burnt Terracotta with Olive Drab detailing. Not loud. Not obvious. Unmistakably Twessie.</p>,Twessie,One-Piece,"minimalist luxury, independent fashion, architectural swimsuit, Matte Ribbed Knit bikini, luxury Burnt Terracotta swimwear",TRUE,Color,Burnt Terracotta,Size,XS,TWESSIE_EU_OP_0404-Burnt Terracotta-XS,168.0,,10
twessie-eu-op-0404,High-Fashion Burnt Terracotta One-Piece Suit,<p>A statement piece in Matte Ribbed Knit. This one-piece combines minimalist luxury design with impeccable craftsmanship. Available in Burnt Terracotta with Olive Drab detailing. Not loud. Not obvious. Unmistakably Twessie.</p>,Twessie,One-Piece,"minimalist luxury, independent fashion, architectural swimsuit, Matte Ribbed Knit bikini, luxury Burnt Terracotta swimwear",TRUE,Color,Burnt Terracotta,Size,S,TWESSIE_EU_OP_0404-Burnt Terracotta-S,168.0,,10
twessie-eu-op-0404,High-Fashion Burnt Terracotta One-Piece Suit,<p>A statement piece in Matte Ribbed Knit. This one-piece combines minimalist luxury design with impeccable craftsmanship. Available in Burnt Terracotta with Olive Drab detailing. Not loud. Not obvious. Unmistakably Twessie.</p>,Twessie,One-Piece,"minimalist luxury, independent fashion, architectural swimsuit, Matte Ribbed Knit bikini, luxury Burnt Terracotta swimwear",TRUE,Color,Burnt Terracotta,Size,M,TWESSIE_EU_OP_0404-Burnt Terracotta-M,168.0,,10
twessie-eu-op-0404,High-Fashion Burnt Terracotta One-Piece Suit,<p>A statement piece in Matte Ribbed Knit. This one-piece combines minimalist luxury design with impeccable craftsmanship. Available in Burnt Terracotta with Olive Drab detailing. Not loud. Not obvious. Unmistakably Twessie.</p>,Twessie,One-Piece,"minimalist luxury, independent fashion, architectural swimsuit, Matte Ribbed Knit bikini, luxury Burnt Terracotta swimwear",TRUE,Color,Burnt Terracotta,Size,L,TWESSIE_EU_OP_0404-Burnt Terracotta-L,168.0,,10
twessie-eu-op-0404,High-Fashion Burnt Terracotta One-Piece Suit,<p>A statement piece in Matte Ribbed Knit. This one-piece combines minimalist luxury design with impeccable craftsmanship. Available in Burnt Terracotta with Olive Drab detailing. Not loud. Not obvious. Unmistakably Twessie.</p>,Twessie,One-Piece,"minimalist luxury, independent fashion, architectural swimsuit, Matte Ribbed Knit bikini, luxury Burnt Terracotta swimwear",TRUE,Color,Burnt Terracotta,Size,XL,TWESSIE_EU_OP_0404-Burnt Terracotta-XL,168.0,,10
twessie-eu-op-0404,High-Fashion Burnt Terracotta One-Piece Suit,<p>A statement piece in Matte Ribbed Knit. This one-piece combines minimalist luxury design with impeccable craftsmanship. Available in Burnt Terracotta with Olive Drab detailing. Not loud. Not obvious. Unmistakably Twessie.</p>,Twessie,One-Piece,"minimalist luxury, independent fashion, architectural swimsuit, Matte Ribbed Knit bikini, luxury Burnt Terracotta swimwear",TRUE,Color,Burnt Terracotta,Size,XXL,TWESSIE_EU_OP_0404-Burnt Terracotta-XXL,168.0,,10
twessie-eu-op-0404,High-Fashion Burnt Terracotta One-Piece Suit,<p>A statement piece in Matte Ribbed Knit. This one-piece combines minimalist luxury design with impeccable craftsmanship. Available in Burnt Terracotta with Olive Drab detailing. Not loud. Not obvious. Unmistakably Twessie.</p>,Twessie,One-Piece,"minimalist luxury, independent fashion, architectural swimsuit, Matte Ribbed Knit bikini, luxury Burnt Terracotta swimwear",TRUE,Color,Olive Drab,Size,XS,TWESSIE_EU_OP_0404-Olive Drab-XS,168.0,,10
twessie-eu-op-0404,High-Fashion Burnt Terracotta One-Piece Suit,<p>A statement piece in Matte Ribbed Knit. This one-piece combines minimalist luxury design with impeccable craftsmanship. Available in Burnt Terracotta with Olive Drab detailing. Not loud. Not obvious. Unmistakably Twessie.</p>,Twessie,One-Piece,"minimalist luxury, independent fashion, architectural swimsuit, Matte Ribbed Knit bikini, luxury Burnt Terracotta swimwear",TRUE,Color,Olive Drab,Size,S,TWESSIE_EU_OP_0404-Olive Drab-S,168.0,,10
twessie-eu-op-0404,High-Fashion Burnt Terracotta One-Piece Suit,<p>A statement piece in Matte Ribbed Knit. This one-piece combines minimalist luxury design with impeccable craftsmanship. Available in Burnt Terracotta with Olive Drab detailing. Not loud. Not obvious. Unmistakably Twessie.</p>,Twessie,One-Piece,"minimalist luxury, independent fashion, architectural swimsuit, Matte Ribbed Knit bikini, luxury Burnt Terracotta swimwear",TRUE,Color,Olive Drab,Size,M,TWESSIE_EU_OP_0404-Olive Drab-M,168.0,,10
twessie-eu-op-0404,High-Fashion Burnt Terracotta One-Piece Suit,<p>A statement piece in Matte Ribbed Knit. This one-piece combines minimalist luxury design with impeccable craftsmanship. Available in Burnt Terracotta with Olive Drab detailing. Not loud. Not obvious. Unmistakably Twessie.</p>,Twessie,One-Piece,"minimalist luxury, independent fashion, architectural swimsuit, Matte Ribbed Knit bikini, luxury Burnt Terracotta swimwear",TRUE,Color,Olive Drab,Size,L,TWESSIE_EU_OP_0404-Olive Drab-L,168.0,,10
twessie-eu-op-0404,High-Fashion Burnt Terracotta One-Piece Suit,<p>A statement piece in Matte Ribbed Knit. This one-piece combines minimalist luxury design with impeccable craftsmanship. Available in Burnt Terracotta with Olive Drab detailing. Not loud. Not obvious. Unmistakably Twessie.</p>,Twessie,One-Piece,"minimalist luxury, independent fashion, architectural swimsuit, Matte Ribbed Knit bikini, luxury Burnt Terracotta swimwear",TRUE,Color,Olive Drab,Size,XL,TWESSIE_EU_OP_0404-Olive Drab-XL,168.0,,10
twessie-eu-op-0404,High-Fashion Burnt Terracotta One-Piece Suit,<p>A statement piece in Matte Ribbed Knit. This one-piece combines minimalist luxury design with impeccable craftsmanship. Available in Burnt Terracotta with Olive Drab detailing. Not loud. Not obvious. Unmistakably Twessie.</p>,Twessie,One-Piece,"minimalist luxury, independent fashion, architectural swimsuit, Matte Ribbed Knit bikini, luxury Burnt Terracotta swimwear",TRUE,Color,Olive Drab,Size,XXL,TWESSIE_EU_OP_0404-Olive Drab-XXL,168.0,,10
twessie-eu-bb-0405,Structural Matte Ribbed Knit Bikini Bottom,<p>A statement piece in Matte Ribbed Knit. This bikini bottom combines minimalist luxury design with impeccable craftsmanship. Available in Burnt Terracotta with Olive Drab detailing. Not loud. Not obvious. Unmistakably Twessie.</p>,Twessie,Bikini Bottom,"luxury Burnt Terracotta swimwear, minimalist bikini bottom, independent fashion, Matte Ribbed Knit bikini, minimalist luxury",TRUE,Color,Burnt Terracotta,Size,XS,TWESSIE_EU_BB_0405-Burnt Terracotta-XS,168.0,,10
twessie-eu-bb-0405,Structural Matte Ribbed Knit Bikini Bottom,<p>A statement piece in Matte Ribbed Knit. This bikini bottom combines minimalist luxury design with impeccable craftsmanship. Available in Burnt Terracotta with Olive Drab detailing. Not loud. Not obvious. Unmistakably Twessie.</p>,Twessie,Bikini Bottom,"luxury Burnt Terracotta swimwear, minimalist bikini bottom, independent fashion, Matte Ribbed Knit bikini, minimalist luxury",TRUE,Color,Burnt Terracotta,Size,S,TWESSIE_EU_BB_0405-Burnt Terracotta-S,168.0,,10
twessie-eu-bb-0405,Structural Matte Ribbed Knit Bikini Bottom,<p>A statement piece in Matte Ribbed Knit. This bikini bottom combines minimalist luxury design with impeccable craftsmanship. Available in Burnt Terracotta with Olive Drab detailing. Not loud. Not obvious. Unmistakably Twessie.</p>,Twessie,Bikini Bottom,"luxury Burnt Terracotta swimwear, minimalist bikini bottom, independent fashion, Matte Ribbed Knit bikini, minimalist luxury",TRUE,Color,Burnt Terracotta,Size,M,TWESSIE_EU_BB_0405-Burnt Terracotta-M,168.0,,10
twessie-eu-bb-0405,Structural Matte Ribbed Knit Bikini Bottom,<p>A statement piece in Matte Ribbed Knit. This bikini bottom combines minimalist luxury design with impeccable craftsmanship. Available in Burnt Terracotta with Olive Drab detailing. Not loud. Not obvious. Unmistakably Twessie.</p>,Twessie,Bikini Bottom,"luxury Burnt Terracotta swimwear, minimalist bikini bottom, independent fashion, Matte Ribbed Knit bikini, minimalist luxury",TRUE,Color,Burnt Terracotta,Size,L,TWESSIE_EU_BB_0405-Burnt Terracotta-L,168.0,,10
twessie-eu-bb-0405,Structural Matte Ribbed Knit Bikini Bottom,<p>A statement piece in Matte Ribbed Knit. This bikini bottom combines minimalist luxury design with impeccable craftsmanship. Available in Burnt Terracotta with Olive Drab detailing. Not loud. Not obvious. Unmistakably Twessie.</p>,Twessie,Bikini Bottom,"luxury Burnt Terracotta swimwear, minimalist bikini bottom, independent fashion, Matte Ribbed Knit bikini, minimalist luxury",TRUE,Color,Burnt Terracotta,Size,XL,TWESSIE_EU_BB_0405-Burnt Terracotta-XL,168.0,,10
twessie-eu-bb-0405,Structural Matte Ribbed Knit Bikini Bottom,<p>A statement piece in Matte Ribbed Knit. This bikini bottom combines minimalist luxury design with impeccable craftsmanship. Available in Burnt Terracotta with Olive Drab detailing. Not loud. Not obvious. Unmistakably Twessie.</p>,Twessie,Bikini Bottom,"luxury Burnt Terracotta swimwear, minimalist bikini bottom, independent fashion, Matte Ribbed Knit bikini, minimalist luxury",TRUE,Color,Burnt Terracotta,Size,XXL,TWESSIE_EU_BB_0405-Burnt Terracotta-XXL,168.0,,10
twessie-eu-bb-0405,Structural Matte Ribbed Knit Bikini Bottom,<p>A statement piece in Matte Ribbed Knit. This bikini bottom combines minimalist luxury design with impeccable craftsmanship. Available in Burnt Terracotta with Olive Drab detailing. Not loud. Not obvious. Unmistakably Twessie.</p>,Twessie,Bikini Bottom,"luxury Burnt Terracotta swimwear, minimalist bikini bottom, independent fashion, Matte Ribbed Knit bikini, minimalist luxury",TRUE,Color,Olive Drab,Size,XS,TWESSIE_EU_BB_0405-Olive Drab-XS,168.0,,10
twessie-eu-bb-0405,Structural Matte Ribbed Knit Bikini Bottom,<p>A statement piece in Matte Ribbed Knit. This bikini bottom combines minimalist luxury design with impeccable craftsmanship. Available in Burnt Terracotta with Olive Drab detailing. Not loud. Not obvious. Unmistakably Twessie.</p>,Twessie,Bikini Bottom,"luxury Burnt Terracotta swimwear, minimalist bikini bottom, independent fashion, Matte Ribbed Knit bikini, minimalist luxury",TRUE,Color,Olive Drab,Size,S,TWESSIE_EU_BB_0405-Olive Drab-S,168.0,,10
twessie-eu-bb-0405,Structural Matte Ribbed Knit Bikini Bottom,<p>A statement piece in Matte Ribbed Knit. This bikini bottom combines minimalist luxury design with impeccable craftsmanship. Available in Burnt Terracotta with Olive Drab detailing. Not loud. Not obvious. Unmistakably Twessie.</p>,Twessie,Bikini Bottom,"luxury Burnt Terracotta swimwear, minimalist bikini bottom, independent fashion, Matte Ribbed Knit bikini, minimalist luxury",TRUE,Color,Olive Drab,Size,M,TWESSIE_EU_BB_0405-Olive Drab-M,168.0,,10
twessie-eu-bb-0405,Structural Matte Ribbed Knit Bikini Bottom,<p>A statement piece in Matte Ribbed Knit. This bikini bottom combines minimalist luxury design with impeccable craftsmanship. Available in Burnt Terracotta with Olive Drab detailing. Not loud. Not obvious. Unmistakably Twessie.</p>,Twessie,Bikini Bottom,"luxury Burnt Terracotta swimwear, minimalist bikini bottom, independent fashion, Matte Ribbed Knit bikini, minimalist luxury",TRUE,Color,Olive Drab,Size,L,TWESSIE_EU_BB_0405-Olive Drab-L,168.0,,10
twessie-eu-bb-0405,Structural Matte Ribbed Knit Bikini Bottom,<p>A statement piece in Matte Ribbed Knit. This bikini bottom combines minimalist luxury design with impeccable craftsmanship. Available in Burnt Terracotta with Olive Drab detailing. Not loud. Not obvious. Unmistakably Twessie.</p>,Twessie,Bikini Bottom,"luxury Burnt Terracotta swimwear, minimalist bikini bottom, independent fashion, Matte Ribbed Knit bikini, minimalist luxury",TRUE,Color,Olive Drab,Size,XL,TWESSIE_EU_BB_0405-Olive Drab-XL,168.0,,10
twessie-eu-bb-0405,Structural Matte Ribbed Knit Bikini Bottom,<p>A statement piece in Matte Ribbed Knit. This bikini bottom combines minimalist luxury design with impeccable craftsmanship. Available in Burnt Terracotta with Olive Drab detailing. Not loud. Not obvious. Unmistakably Twessie.</p>,Twessie,Bikini Bottom,"luxury Burnt Terracotta swimwear, minimalist bikini bottom, independent fashion, Matte Ribbed Knit bikini, minimalist luxury",TRUE,Color,Olive Drab,Size,XXL,TWESSIE_EU_BB_0405-Olive Drab-XXL,168.0,,10
twessie-eu-bt-0406,Econyl Sleek Satin High-Waist Bikini Top in Obsidian Black,<p>A statement piece in Econyl Sleek Satin. This bikini top combines minimalist luxury design with impeccable craftsmanship. Available in Obsidian Black with Olive Drab detailing. Not loud. Not obvious. Unmistakably Twessie.</p>,Twessie,Bikini Top,"high-end swimwear, independent fashion, luxury Obsidian Black swimwear, minimalist bikini top, architectural swimsuit",TRUE,Color,Obsidian Black,Size,XS,TWESSIE_EU_BT_0406-Obsidian Black-XS,168.0,,10
twessie-eu-bt-0406,Econyl Sleek Satin High-Waist Bikini Top in Obsidian Black,<p>A statement piece in Econyl Sleek Satin. This bikini top combines minimalist luxury design with impeccable craftsmanship. Available in Obsidian Black with Olive Drab detailing. Not loud. Not obvious. Unmistakably Twessie.</p>,Twessie,Bikini Top,"high-end swimwear, independent fashion, luxury Obsidian Black swimwear, minimalist bikini top, architectural swimsuit",TRUE,Color,Obsidian Black,Size,S,TWESSIE_EU_BT_0406-Obsidian Black-S,168.0,,10
twessie-eu-bt-0406,Econyl Sleek Satin High-Waist Bikini Top in Obsidian Black,<p>A statement piece in Econyl Sleek Satin. This bikini top combines minimalist luxury design with impeccable craftsmanship. Available in Obsidian Black with Olive Drab detailing. Not loud. Not obvious. Unmistakably Twessie.</p>,Twessie,Bikini Top,"high-end swimwear, independent fashion, luxury Obsidian Black swimwear, minimalist bikini top, architectural swimsuit",TRUE,Color,Obsidian Black,Size,M,TWESSIE_EU_BT_0406-Obsidian Black-M,168.0,,10
twessie-eu-bt-0406,Econyl Sleek Satin High-Waist Bikini Top in Obsidian Black,<p>A statement piece in Econyl Sleek Satin. This bikini top combines minimalist luxury design with impeccable craftsmanship. Available in Obsidian Black with Olive Drab detailing. Not loud. Not obvious. Unmistakably Twessie.</p>,Twessie,Bikini Top,"high-end swimwear, independent fashion, luxury Obsidian Black swimwear, minimalist bikini top, architectural swimsuit",TRUE,Color,Obsidian Black,Size,L,TWESSIE_EU_BT_0406-Obsidian Black-L,168.0,,10
twessie-eu-bt-0406,Econyl Sleek Satin High-Waist Bikini Top in Obsidian Black,<p>A statement piece in Econyl Sleek Satin. This bikini top combines minimalist luxury design with impeccable craftsmanship. Available in Obsidian Black with Olive Drab detailing. Not loud. Not obvious. Unmistakably Twessie.</p>,Twessie,Bikini Top,"high-end swimwear, independent fashion, luxury Obsidian Black swimwear, minimalist bikini top, architectural swimsuit",TRUE,Color,Obsidian Black,Size,XL,TWESSIE_EU_BT_0406-Obsidian Black-XL,168.0,,10
twessie-eu-bt-0406,Econyl Sleek Satin High-Waist Bikini Top in Obsidian Black,<p>A statement piece in Econyl Sleek Satin. This bikini top combines minimalist luxury design with impeccable craftsmanship. Available in Obsidian Black with Olive Drab detailing. Not loud. Not obvious. Unmistakably Twessie.</p>,Twessie,Bikini Top,"high-end swimwear, independent fashion, luxury Obsidian Black swimwear, minimalist bikini top, architectural swimsuit",TRUE,Color,Obsidian Black,Size,XXL,TWESSIE_EU_BT_0406-Obsidian Black-XXL,168.0,,10
twessie-eu-bt-0406,Econyl Sleek Satin High-Waist Bikini Top in Obsidian Black,<p>A statement piece in Econyl Sleek Satin. This bikini top combines minimalist luxury design with impeccable craftsmanship. Available in Obsidian Black with Olive Drab detailing. Not loud. Not obvious. Unmistakably Twessie.</p>,Twessie,Bikini Top,"high-end swimwear, independent fashion, luxury Obsidian Black swimwear, minimalist bikini top, architectural swimsuit",TRUE,Color,Olive Drab,Size,XS,TWESSIE_EU_BT_0406-Olive Drab-XS,168.0,,10
twessie-eu-bt-0406,Econyl Sleek Satin High-Waist Bikini Top in Obsidian Black,<p>A statement piece in Econyl Sleek Satin. This bikini top combines minimalist luxury design with impeccable craftsmanship. Available in Obsidian Black with Olive Drab detailing. Not loud. Not obvious. Unmistakably Twessie.</p>,Twessie,Bikini Top,"high-end swimwear, independent fashion, luxury Obsidian Black swimwear, minimalist bikini top, architectural swimsuit",TRUE,Color,Olive Drab,Size,S,TWESSIE_EU_BT_0406-Olive Drab-S,168.0,,10
twessie-eu-bt-0406,Econyl Sleek Satin High-Waist Bikini Top in Obsidian Black,<p>A statement piece in Econyl Sleek Satin. This bikini top combines minimalist luxury design with impeccable craftsmanship. Available in Obsidian Black with Olive Drab detailing. Not loud. Not obvious. Unmistakably Twessie.</p>,Twessie,Bikini Top,"high-end swimwear, independent fashion, luxury Obsidian Black swimwear, minimalist bikini top, architectural swimsuit",TRUE,Color,Olive Drab,Size,M,TWESSIE_EU_BT_0406-Olive Drab-M,168.0,,10
twessie-eu-bt-0406,Econyl Sleek Satin High-Waist Bikini Top in Obsidian Black,<p>A statement piece in Econyl Sleek Satin. This bikini top combines minimalist luxury design with impeccable craftsmanship. Available in Obsidian Black with Olive Drab detailing. Not loud. Not obvious. Unmistakably Twessie.</p>,Twessie,Bikini Top,"high-end swimwear, independent fashion, luxury Obsidian Black swimwear, minimalist bikini top, architectural swimsuit",TRUE,Color,Olive Drab,Size,L,TWESSIE_EU_BT_0406-Olive Drab-L,168.0,,10
twessie-eu-bt-0406,Econyl Sleek Satin High-Waist Bikini Top in Obsidian Black,<p>A statement piece in Econyl Sleek Satin. This bikini top combines minimalist luxury design with impeccable craftsmanship. Available in Obsidian Black with Olive Drab detailing. Not loud. Not obvious. Unmistakably Twessie.</p>,Twessie,Bikini Top,"high-end swimwear, independent fashion, luxury Obsidian Black swimwear, minimalist bikini top, architectural swimsuit",TRUE,Color,Olive Drab,Size,XL,TWESSIE_EU_BT_0406-Olive Drab-XL,168.0,,10
twessie-eu-bt-0406,Econyl Sleek Satin High-Waist Bikini Top in Obsidian Black,<p>A statement piece in Econyl Sleek Satin. This bikini top combines minimalist luxury design with impeccable craftsmanship. Available in Obsidian Black with Olive Drab detailing. Not loud. Not obvious. Unmistakably Twessie.</p>,Twessie,Bikini Top,"high-end swimwear, independent fashion, luxury Obsidian Black swimwear, minimalist bikini top, architectural swimsuit",TRUE,Color,Olive Drab,Size,XXL,TWESSIE_EU_BT_0406-Olive Drab-XXL,168.0,,10
twessie-sg-ha-0407,Sculptural Halter Accessory - Obsidian Black,<p>Crafted in premium Econyl Sleek Satin with Crinkled Seersucker accents. This halter strap accessory epitomizes anti-fashion statement luxury. Featuring color-blocking in Obsidian Black and Chalk White. Perfect for the discerning swimmer who refuses the obvious.</p>,Twessie,Halter Strap Accessory,"architectural swimsuit, luxury Obsidian Black swimwear, high-end swimwear, minimalist luxury, Econyl Sleek Satin bikini",TRUE,Color,Obsidian Black,Size,XS,TWESSIE_SG_HA_0407-Obsidian Black-XS,168.0,,10
twessie-sg-ha-0407,Sculptural Halter Accessory - Obsidian Black,<p>Crafted in premium Econyl Sleek Satin with Crinkled Seersucker accents. This halter strap accessory epitomizes anti-fashion statement luxury. Featuring color-blocking in Obsidian Black and Chalk White. Perfect for the discerning swimmer who refuses the obvious.</p>,Twessie,Halter Strap Accessory,"architectural swimsuit, luxury Obsidian Black swimwear, high-end swimwear, minimalist luxury, Econyl Sleek Satin bikini",TRUE,Color,Obsidian Black,Size,S,TWESSIE_SG_HA_0407-Obsidian Black-S,168.0,,10
twessie-sg-ha-0407,Sculptural Halter Accessory - Obsidian Black,<p>Crafted in premium Econyl Sleek Satin with Crinkled Seersucker accents. This halter strap accessory epitomizes anti-fashion statement luxury. Featuring color-blocking in Obsidian Black and Chalk White. Perfect for the discerning swimmer who refuses the obvious.</p>,Twessie,Halter Strap Accessory,"architectural swimsuit, luxury Obsidian Black swimwear, high-end swimwear, minimalist luxury, Econyl Sleek Satin bikini",TRUE,Color,Obsidian Black,Size,M,TWESSIE_SG_HA_0407-Obsidian Black-M,168.0,,10
twessie-sg-ha-0407,Sculptural Halter Accessory - Obsidian Black,<p>Crafted in premium Econyl Sleek Satin with Crinkled Seersucker accents. This halter strap accessory epitomizes anti-fashion statement luxury. Featuring color-blocking in Obsidian Black and Chalk White. Perfect for the discerning swimmer who refuses the obvious.</p>,Twessie,Halter Strap Accessory,"architectural swimsuit, luxury Obsidian Black swimwear, high-end swimwear, minimalist luxury, Econyl Sleek Satin bikini",TRUE,Color,Obsidian Black,Size,L,TWESSIE_SG_HA_0407-Obsidian Black-L,168.0,,10
twessie-sg-ha-0407,Sculptural Halter Accessory - Obsidian Black,<p>Crafted in premium Econyl Sleek Satin with Crinkled Seersucker accents. This halter strap accessory epitomizes anti-fashion statement luxury. Featuring color-blocking in Obsidian Black and Chalk White. Perfect for the discerning swimmer who refuses the obvious.</p>,Twessie,Halter Strap Accessory,"architectural swimsuit, luxury Obsidian Black swimwear, high-end swimwear, minimalist luxury, Econyl Sleek Satin bikini",TRUE,Color,Obsidian Black,Size,XL,TWESSIE_SG_HA_0407-Obsidian Black-XL,168.0,,10
twessie-sg-ha-0407,Sculptural Halter Accessory - Obsidian Black,<p>Crafted in premium Econyl Sleek Satin with Crinkled Seersucker accents. This halter strap accessory epitomizes anti-fashion statement luxury. Featuring color-blocking in Obsidian Black and Chalk White. Perfect for the discerning swimmer who refuses the obvious.</p>,Twessie,Halter Strap Accessory,"architectural swimsuit, luxury Obsidian Black swimwear, high-end swimwear, minimalist luxury, Econyl Sleek Satin bikini",TRUE,Color,Obsidian Black,Size,XXL,TWESSIE_SG_HA_0407-Obsidian Black-XXL,168.0,,10
twessie-sg-ha-0407,Sculptural Halter Accessory - Obsidian Black,<p>Crafted in premium Econyl Sleek Satin with Crinkled Seersucker accents. This halter strap accessory epitomizes anti-fashion statement luxury. Featuring color-blocking in Obsidian Black and Chalk White. Perfect for the discerning swimmer who refuses the obvious.</p>,Twessie,Halter Strap Accessory,"architectural swimsuit, luxury Obsidian Black swimwear, high-end swimwear, minimalist luxury, Econyl Sleek Satin bikini",TRUE,Color,Chalk White,Size,XS,TWESSIE_SG_HA_0407-Chalk White-XS,168.0,,10
twessie-sg-ha-0407,Sculptural Halter Accessory - Obsidian Black,<p>Crafted in premium Econyl Sleek Satin with Crinkled Seersucker accents. This halter strap accessory epitomizes anti-fashion statement luxury. Featuring color-blocking in Obsidian Black and Chalk White. Perfect for the discerning swimmer who refuses the obvious.</p>,Twessie,Halter Strap Accessory,"architectural swimsuit, luxury Obsidian Black swimwear, high-end swimwear, minimalist luxury, Econyl Sleek Satin bikini",TRUE,Color,Chalk White,Size,S,TWESSIE_SG_HA_0407-Chalk White-S,168.0,,10
twessie-sg-ha-0407,Sculptural Halter Accessory - Obsidian Black,<p>Crafted in premium Econyl Sleek Satin with Crinkled Seersucker accents. This halter strap accessory epitomizes anti-fashion statement luxury. Featuring color-blocking in Obsidian Black and Chalk White. Perfect for the discerning swimmer who refuses the obvious.</p>,Twessie,Halter Strap Accessory,"architectural swimsuit, luxury Obsidian Black swimwear, high-end swimwear, minimalist luxury, Econyl Sleek Satin bikini",TRUE,Color,Chalk White,Size,M,TWESSIE_SG_HA_0407-Chalk White-M,168.0,,10
twessie-sg-ha-0407,Sculptural Halter Accessory - Obsidian Black,<p>Crafted in premium Econyl Sleek Satin with Crinkled Seersucker accents. This halter strap accessory epitomizes anti-fashion statement luxury. Featuring color-blocking in Obsidian Black and Chalk White. Perfect for the discerning swimmer who refuses the obvious.</p>,Twessie,Halter Strap Accessory,"architectural swimsuit, luxury Obsidian Black swimwear, high-end swimwear, minimalist luxury, Econyl Sleek Satin bikini",TRUE,Color,Chalk White,Size,L,TWESSIE_SG_HA_0407-Chalk White-L,168.0,,10
twessie-sg-ha-0407,Sculptural Halter Accessory - Obsidian Black,<p>Crafted in premium Econyl Sleek Satin with Crinkled Seersucker accents. This halter strap accessory epitomizes anti-fashion statement luxury. Featuring color-blocking in Obsidian Black and Chalk White. Perfect for the discerning swimmer who refuses the obvious.</p>,Twessie,Halter Strap Accessory,"architectural swimsuit, luxury Obsidian Black swimwear, high-end swimwear, minimalist luxury, Econyl Sleek Satin bikini",TRUE,Color,Chalk White,Size,XL,TWESSIE_SG_HA_0407-Chalk White-XL,168.0,,10
twessie-sg-ha-0407,Sculptural Halter Accessory - Obsidian Black,<p>Crafted in premium Econyl Sleek Satin with Crinkled Seersucker accents. This halter strap accessory epitomizes anti-fashion statement luxury. Featuring color-blocking in Obsidian Black and Chalk White. Perfect for the discerning swimmer who refuses the obvious.</p>,Twessie,Halter Strap Accessory,"architectural swimsuit, luxury Obsidian Black swimwear, high-end swimwear, minimalist luxury, Econyl Sleek Satin bikini",TRUE,Color,Chalk White,Size,XXL,TWESSIE_SG_HA_0407-Chalk White-XXL,168.0,,10
twessie-au-bb-0408,Obsidian Black Minimalist Econyl Sleek Satin Bikini Bottom,<p>A statement piece in Econyl Sleek Satin. This bikini bottom combines intelligent aesthetic design with impeccable craftsmanship. Available in Obsidian Black with Stone Gray detailing. Not loud. Not obvious. Unmistakably Twessie.</p>,Twessie,Bikini Bottom,"independent fashion, minimalist bikini bottom, architectural swimsuit, minimalist luxury, Econyl Sleek Satin bikini",TRUE,Color,Obsidian Black,Size,XS,TWESSIE_AU_BB_0408-Obsidian Black-XS,168.0,,10
twessie-au-bb-0408,Obsidian Black Minimalist Econyl Sleek Satin Bikini Bottom,<p>A statement piece in Econyl Sleek Satin. This bikini bottom combines intelligent aesthetic design with impeccable craftsmanship. Available in Obsidian Black with Stone Gray detailing. Not loud. Not obvious. Unmistakably Twessie.</p>,Twessie,Bikini Bottom,"independent fashion, minimalist bikini bottom, architectural swimsuit, minimalist luxury, Econyl Sleek Satin bikini",TRUE,Color,Obsidian Black,Size,S,TWESSIE_AU_BB_0408-Obsidian Black-S,168.0,,10
twessie-au-bb-0408,Obsidian Black Minimalist Econyl Sleek Satin Bikini Bottom,<p>A statement piece in Econyl Sleek Satin. This bikini bottom combines intelligent aesthetic design with impeccable craftsmanship. Available in Obsidian Black with Stone Gray detailing. Not loud. Not obvious. Unmistakably Twessie.</p>,Twessie,Bikini Bottom,"independent fashion, minimalist bikini bottom, architectural swimsuit, minimalist luxury, Econyl Sleek Satin bikini",TRUE,Color,Obsidian Black,Size,M,TWESSIE_AU_BB_0408-Obsidian Black-M,168.0,,10
twessie-au-bb-0408,Obsidian Black Minimalist Econyl Sleek Satin Bikini Bottom,<p>A statement piece in Econyl Sleek Satin. This bikini bottom combines intelligent aesthetic design with impeccable craftsmanship. Available in Obsidian Black with Stone Gray detailing. Not loud. Not obvious. Unmistakably Twessie.</p>,Twessie,Bikini Bottom,"independent fashion, minimalist bikini bottom, architectural swimsuit, minimalist luxury, Econyl Sleek Satin bikini",TRUE,Color,Obsidian Black,Size,L,TWESSIE_AU_BB_0408-Obsidian Black-L,168.0,,10
twessie-au-bb-0408,Obsidian Black Minimalist Econyl Sleek Satin Bikini Bottom,<p>A statement piece in Econyl Sleek Satin. This bikini bottom combines intelligent aesthetic design with impeccable craftsmanship. Available in Obsidian Black with Stone Gray detailing. Not loud. Not obvious. Unmistakably Twessie.</p>,Twessie,Bikini Bottom,"independent fashion, minimalist bikini bottom, architectural swimsuit, minimalist luxury, Econyl Sleek Satin bikini",TRUE,Color,Obsidian Black,Size,XL,TWESSIE_AU_BB_0408-Obsidian Black-XL,168.0,,10
twessie-au-bb-0408,Obsidian Black Minimalist Econyl Sleek Satin Bikini Bottom,<p>A statement piece in Econyl Sleek Satin. This bikini bottom combines intelligent aesthetic design with impeccable craftsmanship. Available in Obsidian Black with Stone Gray detailing. Not loud. Not obvious. Unmistakably Twessie.</p>,Twessie,Bikini Bottom,"independent fashion, minimalist bikini bottom, architectural swimsuit, minimalist luxury, Econyl Sleek Satin bikini",TRUE,Color,Obsidian Black,Size,XXL,TWESSIE_AU_BB_0408-Obsidian Black-XXL,168.0,,10
twessie-au-bb-0408,Obsidian Black Minimalist Econyl Sleek Satin Bikini Bottom,<p>A statement piece in Econyl Sleek Satin. This bikini bottom combines intelligent aesthetic design with impeccable craftsmanship. Available in Obsidian Black with Stone Gray detailing. Not loud. Not obvious. Unmistakably Twessie.</p>,Twessie,Bikini Bottom,"independent fashion, minimalist bikini bottom, architectural swimsuit, minimalist luxury, Econyl Sleek Satin bikini",TRUE,Color,Stone Gray,Size,XS,TWESSIE_AU_BB_0408-Stone Gray-XS,168.0,,10
twessie-au-bb-0408,Obsidian Black Minimalist Econyl Sleek Satin Bikini Bottom,<p>A statement piece in Econyl Sleek Satin. This bikini bottom combines intelligent aesthetic design with impeccable craftsmanship. Available in Obsidian Black with Stone Gray detailing. Not loud. Not obvious. Unmistakably Twessie.</p>,Twessie,Bikini Bottom,"independent fashion, minimalist bikini bottom, architectural swimsuit, minimalist luxury, Econyl Sleek Satin bikini",TRUE,Color,Stone Gray,Size,S,TWESSIE_AU_BB_0408-Stone Gray-S,168.0,,10
twessie-au-bb-0408,Obsidian Black Minimalist Econyl Sleek Satin Bikini Bottom,<p>A statement piece in Econyl Sleek Satin. This bikini bottom combines intelligent aesthetic design with impeccable craftsmanship. Available in Obsidian Black with Stone Gray detailing. Not loud. Not obvious. Unmistakably Twessie.</p>,Twessie,Bikini Bottom,"independent fashion, minimalist bikini bottom, architectural swimsuit, minimalist luxury, Econyl Sleek Satin bikini",TRUE,Color,Stone Gray,Size,M,TWESSIE_AU_BB_0408-Stone Gray-M,168.0,,10
twessie-au-bb-0408,Obsidian Black Minimalist Econyl Sleek Satin Bikini Bottom,<p>A statement piece in Econyl Sleek Satin. This bikini bottom combines intelligent aesthetic design with impeccable craftsmanship. Available in Obsidian Black with Stone Gray detailing. Not loud. Not obvious. Unmistakably Twessie.</p>,Twessie,Bikini Bottom,"independent fashion, minimalist bikini bottom, architectural swimsuit, minimalist luxury, Econyl Sleek Satin bikini",TRUE,Color,Stone Gray,Size,L,TWESSIE_AU_BB_0408-Stone Gray-L,168.0,,10
twessie-au-bb-0408,Obsidian Black Minimalist Econyl Sleek Satin Bikini Bottom,<p>A statement piece in Econyl Sleek Satin. This bikini bottom combines intelligent aesthetic design with impeccable craftsmanship. Available in Obsidian Black with Stone Gray detailing. Not loud. Not obvious. Unmistakably Twessie.</p>,Twessie,Bikini Bottom,"independent fashion, minimalist bikini bottom, architectural swimsuit, minimalist luxury, Econyl Sleek Satin bikini",TRUE,Color,Stone Gray,Size,XL,TWESSIE_AU_BB_0408-Stone Gray-XL,168.0,,10
twessie-au-bb-0408,Obsidian Black Minimalist Econyl Sleek Satin Bikini Bottom,<p>A statement piece in Econyl Sleek Satin. This bikini bottom combines intelligent aesthetic design with impeccable craftsmanship. Available in Obsidian Black with Stone Gray detailing. Not loud. Not obvious. Unmistakably Twessie.</p>,Twessie,Bikini Bottom,"independent fashion, minimalist bikini bottom, architectural swimsuit, minimalist luxury, Econyl Sleek Satin bikini",TRUE,Color,Stone Gray,Size,XXL,TWESSIE_AU_BB_0408-Stone Gray-XXL,168.0,,10
twessie-sg-bt-0409,Crinkled Seersucker High-Waist Bikini Top in Chalk White,<p>A statement piece in Crinkled Seersucker. This bikini top combines anti-fashion statement design with impeccable craftsmanship. Available in Chalk White with Stone Gray detailing. Not loud. Not obvious. Unmistakably Twessie.</p>,Twessie,Bikini Top,"minimalist luxury, luxury Chalk White swimwear, high-end swimwear, architectural swimsuit, independent fashion",TRUE,Color,Chalk White,Size,XS,TWESSIE_SG_BT_0409-Chalk White-XS,168.0,,10
twessie-sg-bt-0409,Crinkled Seersucker High-Waist Bikini Top in Chalk White,<p>A statement piece in Crinkled Seersucker. This bikini top combines anti-fashion statement design with impeccable craftsmanship. Available in Chalk White with Stone Gray detailing. Not loud. Not obvious. Unmistakably Twessie.</p>,Twessie,Bikini Top,"minimalist luxury, luxury Chalk White swimwear, high-end swimwear, architectural swimsuit, independent fashion",TRUE,Color,Chalk White,Size,S,TWESSIE_SG_BT_0409-Chalk White-S,168.0,,10
twessie-sg-bt-0409,Crinkled Seersucker High-Waist Bikini Top in Chalk White,<p>A statement piece in Crinkled Seersucker. This bikini top combines anti-fashion statement design with impeccable craftsmanship. Available in Chalk White with Stone Gray detailing. Not loud. Not obvious. Unmistakably Twessie.</p>,Twessie,Bikini Top,"minimalist luxury, luxury Chalk White swimwear, high-end swimwear, architectural swimsuit, independent fashion",TRUE,Color,Chalk White,Size,M,TWESSIE_SG_BT_0409-Chalk White-M,168.0,,10
twessie-sg-bt-0409,Crinkled Seersucker High-Waist Bikini Top in Chalk White,<p>A statement piece in Crinkled Seersucker. This bikini top combines anti-fashion statement design with impeccable craftsmanship. Available in Chalk White with Stone Gray detailing. Not loud. Not obvious. Unmistakably Twessie.</p>,Twessie,Bikini Top,"minimalist luxury, luxury Chalk White swimwear, high-end swimwear, architectural swimsuit, independent fashion",TRUE,Color,Chalk White,Size,L,TWESSIE_SG_BT_0409-Chalk White-L,168.0,,10
twessie-sg-bt-0409,Crinkled Seersucker High-Waist Bikini Top in Chalk White,<p>A statement piece in Crinkled Seersucker. This bikini top combines anti-fashion statement design with impeccable craftsmanship. Available in Chalk White with Stone Gray detailing. Not loud. Not obvious. Unmistakably Twessie.</p>,Twessie,Bikini Top,"minimalist luxury, luxury Chalk White swimwear, high-end swimwear, architectural swimsuit, independent fashion",TRUE,Color,Chalk White,Size,XL,TWESSIE_SG_BT_0409-Chalk White-XL,168.0,,10
twessie-sg-bt-0409,Crinkled Seersucker High-Waist Bikini Top in Chalk White,<p>A statement piece in Crinkled Seersucker. This bikini top combines anti-fashion statement design with impeccable craftsmanship. Available in Chalk White with Stone Gray detailing. Not loud. Not obvious. Unmistakably Twessie.</p>,Twessie,Bikini Top,"minimalist luxury, luxury Chalk White swimwear, high-end swimwear, architectural swimsuit, independent fashion",TRUE,Color,Chalk White,Size,XXL,TWESSIE_SG_BT_0409-Chalk White-XXL,168.0,,10
twessie-sg-bt-0409,Crinkled Seersucker High-Waist Bikini Top in Chalk White,<p>A statement piece in Crinkled Seersucker. This bikini top combines anti-fashion statement design with impeccable craftsmanship. Available in Chalk White with Stone Gray detailing. Not loud. Not obvious. Unmistakably Twessie.</p>,Twessie,Bikini Top,"minimalist luxury, luxury Chalk White swimwear, high-end swimwear, architectural swimsuit, independent fashion",TRUE,Color,Stone Gray,Size,XS,TWESSIE_SG_BT_0409-Stone Gray-XS,168.0,,10
twessie-sg-bt-0409,Crinkled Seersucker High-Waist Bikini Top in Chalk White,<p>A statement piece in Crinkled Seersucker. This bikini top combines anti-fashion statement design with impeccable craftsmanship. Available in Chalk White with Stone Gray detailing. Not loud. Not obvious. Unmistakably Twessie.</p>,Twessie,Bikini Top,"minimalist luxury, luxury Chalk White swimwear, high-end swimwear, architectural swimsuit, independent fashion",TRUE,Color,Stone Gray,Size,S,TWESSIE_SG_BT_0409-Stone Gray-S,168.0,,10
twessie-sg-bt-0409,Crinkled Seersucker High-Waist Bikini Top in Chalk White,<p>A statement piece in Crinkled Seersucker. This bikini top combines anti-fashion statement design with impeccable craftsmanship. Available in Chalk White with Stone Gray detailing. Not loud. Not obvious. Unmistakably Twessie.</p>,Twessie,Bikini Top,"minimalist luxury, luxury Chalk White swimwear, high-end swimwear, architectural swimsuit, independent fashion",TRUE,Color,Stone Gray,Size,M,TWESSIE_SG_BT_0409-Stone Gray-M,168.0,,10
twessie-sg-bt-0409,Crinkled Seersucker High-Waist Bikini Top in Chalk White,<p>A statement piece in Crinkled Seersucker. This bikini top combines anti-fashion statement design with impeccable craftsmanship. Available in Chalk White with Stone Gray detailing. Not loud. Not obvious. Unmistakably Twessie.</p>,Twessie,Bikini Top,"minimalist luxury, luxury Chalk White swimwear, high-end swimwear, architectural swimsuit, independent fashion",TRUE,Color,Stone Gray,Size,L,TWESSIE_SG_BT_0409-Stone Gray-L,168.0,,10
twessie-sg-bt-0409,Crinkled Seersucker High-Waist Bikini Top in Chalk White,<p>A statement piece in Crinkled Seersucker. This bikini top combines anti-fashion statement design with impeccable craftsmanship. Available in Chalk White with Stone Gray detailing. Not loud. Not obvious. Unmistakably Twessie.</p>,Twessie,Bikini Top,"minimalist luxury, luxury Chalk White swimwear, high-end swimwear, architectural swimsuit, independent fashion",TRUE,Color,Stone Gray,Size,XL,TWESSIE_SG_BT_0409-Stone Gray-XL,168.0,,10
twessie-sg-bt-0409,Crinkled Seersucker High-Waist Bikini Top in Chalk White,<p>A statement piece in Crinkled Seersucker. This bikini top combines anti-fashion statement design with impeccable craftsmanship. Available in Chalk White with Stone Gray detailing. Not loud. Not obvious. Unmistakably Twessie.</p>,Twessie,Bikini Top,"minimalist luxury, luxury Chalk White swimwear, high-end swimwear, architectural swimsuit, independent fashion",TRUE,Color,Stone Gray,Size,XXL,TWESSIE_SG_BT_0409-Stone Gray-XXL,168.0,,10
twessie-eu-bb-0410,Structural Crinkled Seersucker Bikini Bottom,<p>A statement piece in Crinkled Seersucker. This bikini bottom combines architectural elegance design with impeccable craftsmanship. Available in Chalk White with Stone Gray detailing. Not loud. Not obvious. Unmistakably Twessie.</p>,Twessie,Bikini Bottom,"minimalist luxury, Crinkled Seersucker bikini, independent fashion, high-end swimwear, luxury Chalk White swimwear",TRUE,Color,Chalk White,Size,XS,TWESSIE_EU_BB_0410-Chalk White-XS,168.0,,10
twessie-eu-bb-0410,Structural Crinkled Seersucker Bikini Bottom,<p>A statement piece in Crinkled Seersucker. This bikini bottom combines architectural elegance design with impeccable craftsmanship. Available in Chalk White with Stone Gray detailing. Not loud. Not obvious. Unmistakably Twessie.</p>,Twessie,Bikini Bottom,"minimalist luxury, Crinkled Seersucker bikini, independent fashion, high-end swimwear, luxury Chalk White swimwear",TRUE,Color,Chalk White,Size,S,TWESSIE_EU_BB_0410-Chalk White-S,168.0,,10
twessie-eu-bb-0410,Structural Crinkled Seersucker Bikini Bottom,<p>A statement piece in Crinkled Seersucker. This bikini bottom combines architectural elegance design with impeccable craftsmanship. Available in Chalk White with Stone Gray detailing. Not loud. Not obvious. Unmistakably Twessie.</p>,Twessie,Bikini Bottom,"minimalist luxury, Crinkled Seersucker bikini, independent fashion, high-end swimwear, luxury Chalk White swimwear",TRUE,Color,Chalk White,Size,M,TWESSIE_EU_BB_0410-Chalk White-M,168.0,,10
twessie-eu-bb-0410,Structural Crinkled Seersucker Bikini Bottom,<p>A statement piece in Crinkled Seersucker. This bikini bottom combines architectural elegance design with impeccable craftsmanship. Available in Chalk White with Stone Gray detailing. Not loud. Not obvious. Unmistakably Twessie.</p>,Twessie,Bikini Bottom,"minimalist luxury, Crinkled Seersucker bikini, independent fashion, high-end swimwear, luxury Chalk White swimwear",TRUE,Color,Chalk White,Size,L,TWESSIE_EU_BB_0410-Chalk White-L,168.0,,10
twessie-eu-bb-0410,Structural Crinkled Seersucker Bikini Bottom,<p>A statement piece in Crinkled Seersucker. This bikini bottom combines architectural elegance design with impeccable craftsmanship. Available in Chalk White with Stone Gray detailing. Not loud. Not obvious. Unmistakably Twessie.</p>,Twessie,Bikini Bottom,"minimalist luxury, Crinkled Seersucker bikini, independent fashion, high-end swimwear, luxury Chalk White swimwear",TRUE,Color,Chalk White,Size,XL,TWESSIE_EU_BB_0410-Chalk White-XL,168.0,,10
twessie-eu-bb-0410,Structural Crinkled Seersucker Bikini Bottom,<p>A statement piece in Crinkled Seersucker. This bikini bottom combines architectural elegance design with impeccable craftsmanship. Available in Chalk White with Stone Gray detailing. Not loud. Not obvious. Unmistakably Twessie.</p>,Twessie,Bikini Bottom,"minimalist luxury, Crinkled Seersucker bikini, independent fashion, high-end swimwear, luxury Chalk White swimwear",TRUE,Color,Chalk White,Size,XXL,TWESSIE_EU_BB_0410-Chalk White-XXL,168.0,,10
twessie-eu-bb-0410,Structural Crinkled Seersucker Bikini Bottom,<p>A statement piece in Crinkled Seersucker. This bikini bottom combines architectural elegance design with impeccable craftsmanship. Available in Chalk White with Stone Gray detailing. Not loud. Not obvious. Unmistakably Twessie.</p>,Twessie,Bikini Bottom,"minimalist luxury, Crinkled Seersucker bikini, independent fashion, high-end swimwear, luxury Chalk White swimwear",TRUE,Color,Stone Gray,Size,XS,TWESSIE_EU_BB_0410-Stone Gray-XS,168.0,,10
twessie-eu-bb-0410,Structural Crinkled Seersucker Bikini Bottom,<p>A statement piece in Crinkled Seersucker. This bikini bottom combines architectural elegance design with impeccable craftsmanship. Available in Chalk White with Stone Gray detailing. Not loud. Not obvious. Unmistakably Twessie.</p>,Twessie,Bikini Bottom,"minimalist luxury, Crinkled Seersucker bikini, independent fashion, high-end swimwear, luxury Chalk White swimwear",TRUE,Color,Stone Gray,Size,S,TWESSIE_EU_BB_0410-Stone Gray-S,168.0,,10
twessie-eu-bb-0410,Structural Crinkled Seersucker Bikini Bottom,<p>A statement piece in Crinkled Seersucker. This bikini bottom combines architectural elegance design with impeccable craftsmanship. Available in Chalk White with Stone Gray detailing. Not loud. Not obvious. Unmistakably Twessie.</p>,Twessie,Bikini Bottom,"minimalist luxury, Crinkled Seersucker bikini, independent fashion, high-end swimwear, luxury Chalk White swimwear",TRUE,Color,Stone Gray,Size,M,TWESSIE_EU_BB_0410-Stone Gray-M,168.0,,10
twessie-eu-bb-0410,Structural Crinkled Seersucker Bikini Bottom,<p>A statement piece in Crinkled Seersucker. This bikini bottom combines architectural elegance design with impeccable craftsmanship. Available in Chalk White with Stone Gray detailing. Not loud. Not obvious. Unmistakably Twessie.</p>,Twessie,Bikini Bottom,"minimalist luxury, Crinkled Seersucker bikini, independent fashion, high-end swimwear, luxury Chalk White swimwear",TRUE,Color,Stone Gray,Size,L,TWESSIE_EU_BB_0410-Stone Gray-L,168.0,,10
twessie-eu-bb-0410,Structural Crinkled Seersucker Bikini Bottom,<p>A statement piece in Crinkled Seersucker. This bikini bottom combines architectural elegance design with impeccable craftsmanship. Available in Chalk White with Stone Gray detailing. Not loud. Not obvious. Unmistakably Twessie.</p>,Twessie,Bikini Bottom,"minimalist luxury, Crinkled Seersucker bikini, independent fashion, high-end swimwear, luxury Chalk White swimwear",TRUE,Color,Stone Gray,Size,XL,TWESSIE_EU_BB_0410-Stone Gray-XL,168.0,,10
twessie-eu-bb-0410,Structural Crinkled Seersucker Bikini Bottom,<p>A statement piece in Crinkled Seersucker. This bikini bottom combines architectural elegance design with impeccable craftsmanship. Available in Chalk White with Stone Gray detailing. Not loud. Not obvious. Unmistakably Twessie.</p>,Twessie,Bikini Bottom,"minimalist luxury, Crinkled Seersucker bikini, independent fashion, high-end swimwear, luxury Chalk White swimwear",TRUE,Color,Stone Gray,Size,XXL,TWESSIE_EU_BB_0410-Stone Gray-XXL,168.0,,10
twessie-sg-bb-0501,Raw-Edge Obsidian Black Bikini Bottom,<p>A statement piece in Econyl Sleek Satin. This bikini bottom combines minimalist luxury design with impeccable craftsmanship. Available in Obsidian Black with Stone Gray detailing. Not loud. Not obvious. Unmistakably Twessie.</p>,Twessie,Bikini Bottom,"minimalist bikini bottom, high-end swimwear, Econyl Sleek Satin bikini, architectural swimsuit, luxury Obsidian Black swimwear",TRUE,Color,Obsidian Black,Size,XS,TWESSIE_SG_BB_0501-Obsidian Black-XS,168.0,,10
twessie-sg-bb-0501,Raw-Edge Obsidian Black Bikini Bottom,<p>A statement piece in Econyl Sleek Satin. This bikini bottom combines minimalist luxury design with impeccable craftsmanship. Available in Obsidian Black with Stone Gray detailing. Not loud. Not obvious. Unmistakably Twessie.</p>,Twessie,Bikini Bottom,"minimalist bikini bottom, high-end swimwear, Econyl Sleek Satin bikini, architectural swimsuit, luxury Obsidian Black swimwear",TRUE,Color,Obsidian Black,Size,S,TWESSIE_SG_BB_0501-Obsidian Black-S,168.0,,10
twessie-sg-bb-0501,Raw-Edge Obsidian Black Bikini Bottom,<p>A statement piece in Econyl Sleek Satin. This bikini bottom combines minimalist luxury design with impeccable craftsmanship. Available in Obsidian Black with Stone Gray detailing. Not loud. Not obvious. Unmistakably Twessie.</p>,Twessie,Bikini Bottom,"minimalist bikini bottom, high-end swimwear, Econyl Sleek Satin bikini, architectural swimsuit, luxury Obsidian Black swimwear",TRUE,Color,Obsidian Black,Size,M,TWESSIE_SG_BB_0501-Obsidian Black-M,168.0,,10
twessie-sg-bb-0501,Raw-Edge Obsidian Black Bikini Bottom,<p>A statement piece in Econyl Sleek Satin. This bikini bottom combines minimalist luxury design with impeccable craftsmanship. Available in Obsidian Black with Stone Gray detailing. Not loud. Not obvious. Unmistakably Twessie.</p>,Twessie,Bikini Bottom,"minimalist bikini bottom, high-end swimwear, Econyl Sleek Satin bikini, architectural swimsuit, luxury Obsidian Black swimwear",TRUE,Color,Obsidian Black,Size,L,TWESSIE_SG_BB_0501-Obsidian Black-L,168.0,,10
twessie-sg-bb-0501,Raw-Edge Obsidian Black Bikini Bottom,<p>A statement piece in Econyl Sleek Satin. This bikini bottom combines minimalist luxury design with impeccable craftsmanship. Available in Obsidian Black with Stone Gray detailing. Not loud. Not obvious. Unmistakably Twessie.</p>,Twessie,Bikini Bottom,"minimalist bikini bottom, high-end swimwear, Econyl Sleek Satin bikini, architectural swimsuit, luxury Obsidian Black swimwear",TRUE,Color,Obsidian Black,Size,XL,TWESSIE_SG_BB_0501-Obsidian Black-XL,168.0,,10
twessie-sg-bb-0501,Raw-Edge Obsidian Black Bikini Bottom,<p>A statement piece in Econyl Sleek Satin. This bikini bottom combines minimalist luxury design with impeccable craftsmanship. Available in Obsidian Black with Stone Gray detailing. Not loud. Not obvious. Unmistakably Twessie.</p>,Twessie,Bikini Bottom,"minimalist bikini bottom, high-end swimwear, Econyl Sleek Satin bikini, architectural swimsuit, luxury Obsidian Black swimwear",TRUE,Color,Obsidian Black,Size,XXL,TWESSIE_SG_BB_0501-Obsidian Black-XXL,168.0,,10
twessie-sg-bb-0501,Raw-Edge Obsidian Black Bikini Bottom,<p>A statement piece in Econyl Sleek Satin. This bikini bottom combines minimalist luxury design with impeccable craftsmanship. Available in Obsidian Black with Stone Gray detailing. Not loud. Not obvious. Unmistakably Twessie.</p>,Twessie,Bikini Bottom,"minimalist bikini bottom, high-end swimwear, Econyl Sleek Satin bikini, architectural swimsuit, luxury Obsidian Black swimwear",TRUE,Color,Stone Gray,Size,XS,TWESSIE_SG_BB_0501-Stone Gray-XS,168.0,,10
twessie-sg-bb-0501,Raw-Edge Obsidian Black Bikini Bottom,<p>A statement piece in Econyl Sleek Satin. This bikini bottom combines minimalist luxury design with impeccable craftsmanship. Available in Obsidian Black with Stone Gray detailing. Not loud. Not obvious. Unmistakably Twessie.</p>,Twessie,Bikini Bottom,"minimalist bikini bottom, high-end swimwear, Econyl Sleek Satin bikini, architectural swimsuit, luxury Obsidian Black swimwear",TRUE,Color,Stone Gray,Size,S,TWESSIE_SG_BB_0501-Stone Gray-S,168.0,,10
twessie-sg-bb-0501,Raw-Edge Obsidian Black Bikini Bottom,<p>A statement piece in Econyl Sleek Satin. This bikini bottom combines minimalist luxury design with impeccable craftsmanship. Available in Obsidian Black with Stone Gray detailing. Not loud. Not obvious. Unmistakably Twessie.</p>,Twessie,Bikini Bottom,"minimalist bikini bottom, high-end swimwear, Econyl Sleek Satin bikini, architectural swimsuit, luxury Obsidian Black swimwear",TRUE,Color,Stone Gray,Size,M,TWESSIE_SG_BB_0501-Stone Gray-M,168.0,,10
twessie-sg-bb-0501,Raw-Edge Obsidian Black Bikini Bottom,<p>A statement piece in Econyl Sleek Satin. This bikini bottom combines minimalist luxury design with impeccable craftsmanship. Available in Obsidian Black with Stone Gray detailing. Not loud. Not obvious. Unmistakably Twessie.</p>,Twessie,Bikini Bottom,"minimalist bikini bottom, high-end swimwear, Econyl Sleek Satin bikini, architectural swimsuit, luxury Obsidian Black swimwear",TRUE,Color,Stone Gray,Size,L,TWESSIE_SG_BB_0501-Stone Gray-L,168.0,,10
twessie-sg-bb-0501,Raw-Edge Obsidian Black Bikini Bottom,<p>A statement piece in Econyl Sleek Satin. This bikini bottom combines minimalist luxury design with impeccable craftsmanship. Available in Obsidian Black with Stone Gray detailing. Not loud. Not obvious. Unmistakably Twessie.</p>,Twessie,Bikini Bottom,"minimalist bikini bottom, high-end swimwear, Econyl Sleek Satin bikini, architectural swimsuit, luxury Obsidian Black swimwear",TRUE,Color,Stone Gray,Size,XL,TWESSIE_SG_BB_0501-Stone Gray-XL,168.0,,10
twessie-sg-bb-0501,Raw-Edge Obsidian Black Bikini Bottom,<p>A statement piece in Econyl Sleek Satin. This bikini bottom combines minimalist luxury design with impeccable craftsmanship. Available in Obsidian Black with Stone Gray detailing. Not loud. Not obvious. Unmistakably Twessie.</p>,Twessie,Bikini Bottom,"minimalist bikini bottom, high-end swimwear, Econyl Sleek Satin bikini, architectural swimsuit, luxury Obsidian Black swimwear",TRUE,Color,Stone Gray,Size,XXL,TWESSIE_SG_BB_0501-Stone Gray-XXL,168.0,,10
twessie-eu-ha-0502,Sculptural Halter Accessory - Obsidian Black,<p>A statement piece in Econyl Sleek Satin. This halter strap accessory combines architectural elegance design with impeccable craftsmanship. Available in Obsidian Black with Burnt Terracotta detailing. Not loud. Not obvious. Unmistakably Twessie.</p>,Twessie,Halter Strap Accessory,"minimalist luxury, Econyl Sleek Satin bikini, luxury Obsidian Black swimwear, independent fashion, minimalist halter strap accessory",TRUE,Color,Obsidian Black,Size,XS,TWESSIE_EU_HA_0502-Obsidian Black-XS,168.0,,10
twessie-eu-ha-0502,Sculptural Halter Accessory - Obsidian Black,<p>A statement piece in Econyl Sleek Satin. This halter strap accessory combines architectural elegance design with impeccable craftsmanship. Available in Obsidian Black with Burnt Terracotta detailing. Not loud. Not obvious. Unmistakably Twessie.</p>,Twessie,Halter Strap Accessory,"minimalist luxury, Econyl Sleek Satin bikini, luxury Obsidian Black swimwear, independent fashion, minimalist halter strap accessory",TRUE,Color,Obsidian Black,Size,S,TWESSIE_EU_HA_0502-Obsidian Black-S,168.0,,10
twessie-eu-ha-0502,Sculptural Halter Accessory - Obsidian Black,<p>A statement piece in Econyl Sleek Satin. This halter strap accessory combines architectural elegance design with impeccable craftsmanship. Available in Obsidian Black with Burnt Terracotta detailing. Not loud. Not obvious. Unmistakably Twessie.</p>,Twessie,Halter Strap Accessory,"minimalist luxury, Econyl Sleek Satin bikini, luxury Obsidian Black swimwear, independent fashion, minimalist halter strap accessory",TRUE,Color,Obsidian Black,Size,M,TWESSIE_EU_HA_0502-Obsidian Black-M,168.0,,10
twessie-eu-ha-0502,Sculptural Halter Accessory - Obsidian Black,<p>A statement piece in Econyl Sleek Satin. This halter strap accessory combines architectural elegance design with impeccable craftsmanship. Available in Obsidian Black with Burnt Terracotta detailing. Not loud. Not obvious. Unmistakably Twessie.</p>,Twessie,Halter Strap Accessory,"minimalist luxury, Econyl Sleek Satin bikini, luxury Obsidian Black swimwear, independent fashion, minimalist halter strap accessory",TRUE,Color,Obsidian Black,Size,L,TWESSIE_EU_HA_0502-Obsidian Black-L,168.0,,10
twessie-eu-ha-0502,Sculptural Halter Accessory - Obsidian Black,<p>A statement piece in Econyl Sleek Satin. This halter strap accessory combines architectural elegance design with impeccable craftsmanship. Available in Obsidian Black with Burnt Terracotta detailing. Not loud. Not obvious. Unmistakably Twessie.</p>,Twessie,Halter Strap Accessory,"minimalist luxury, Econyl Sleek Satin bikini, luxury Obsidian Black swimwear, independent fashion, minimalist halter strap accessory",TRUE,Color,Obsidian Black,Size,XL,TWESSIE_EU_HA_0502-Obsidian Black-XL,168.0,,10
twessie-eu-ha-0502,Sculptural Halter Accessory - Obsidian Black,<p>A statement piece in Econyl Sleek Satin. This halter strap accessory combines architectural elegance design with impeccable craftsmanship. Available in Obsidian Black with Burnt Terracotta detailing. Not loud. Not obvious. Unmistakably Twessie.</p>,Twessie,Halter Strap Accessory,"minimalist luxury, Econyl Sleek Satin bikini, luxury Obsidian Black swimwear, independent fashion, minimalist halter strap accessory",TRUE,Color,Obsidian Black,Size,XXL,TWESSIE_EU_HA_0502-Obsidian Black-XXL,168.0,,10
twessie-eu-ha-0502,Sculptural Halter Accessory - Obsidian Black,<p>A statement piece in Econyl Sleek Satin. This halter strap accessory combines architectural elegance design with impeccable craftsmanship. Available in Obsidian Black with Burnt Terracotta detailing. Not loud. Not obvious. Unmistakably Twessie.</p>,Twessie,Halter Strap Accessory,"minimalist luxury, Econyl Sleek Satin bikini, luxury Obsidian Black swimwear, independent fashion, minimalist halter strap accessory",TRUE,Color,Burnt Terracotta,Size,XS,TWESSIE_EU_HA_0502-Burnt Terracotta-XS,168.0,,10
twessie-eu-ha-0502,Sculptural Halter Accessory - Obsidian Black,<p>A statement piece in Econyl Sleek Satin. This halter strap accessory combines architectural elegance design with impeccable craftsmanship. Available in Obsidian Black with Burnt Terracotta detailing. Not loud. Not obvious. Unmistakably Twessie.</p>,Twessie,Halter Strap Accessory,"minimalist luxury, Econyl Sleek Satin bikini, luxury Obsidian Black swimwear, independent fashion, minimalist halter strap accessory",TRUE,Color,Burnt Terracotta,Size,S,TWESSIE_EU_HA_0502-Burnt Terracotta-S,168.0,,10
twessie-eu-ha-0502,Sculptural Halter Accessory - Obsidian Black,<p>A statement piece in Econyl Sleek Satin. This halter strap accessory combines architectural elegance design with impeccable craftsmanship. Available in Obsidian Black with Burnt Terracotta detailing. Not loud. Not obvious. Unmistakably Twessie.</p>,Twessie,Halter Strap Accessory,"minimalist luxury, Econyl Sleek Satin bikini, luxury Obsidian Black swimwear, independent fashion, minimalist halter strap accessory",TRUE,Color,Burnt Terracotta,Size,M,TWESSIE_EU_HA_0502-Burnt Terracotta-M,168.0,,10
twessie-eu-ha-0502,Sculptural Halter Accessory - Obsidian Black,<p>A statement piece in Econyl Sleek Satin. This halter strap accessory combines architectural elegance design with impeccable craftsmanship. Available in Obsidian Black with Burnt Terracotta detailing. Not loud. Not obvious. Unmistakably Twessie.</p>,Twessie,Halter Strap Accessory,"minimalist luxury, Econyl Sleek Satin bikini, luxury Obsidian Black swimwear, independent fashion, minimalist halter strap accessory",TRUE,Color,Burnt Terracotta,Size,L,TWESSIE_EU_HA_0502-Burnt Terracotta-L,168.0,,10
twessie-eu-ha-0502,Sculptural Halter Accessory - Obsidian Black,<p>A statement piece in Econyl Sleek Satin. This halter strap accessory combines architectural elegance design with impeccable craftsmanship. Available in Obsidian Black with Burnt Terracotta detailing. Not loud. Not obvious. Unmistakably Twessie.</p>,Twessie,Halter Strap Accessory,"minimalist luxury, Econyl Sleek Satin bikini, luxury Obsidian Black swimwear, independent fashion, minimalist halter strap accessory",TRUE,Color,Burnt Terracotta,Size,XL,TWESSIE_EU_HA_0502-Burnt Terracotta-XL,168.0,,10
twessie-eu-ha-0502,Sculptural Halter Accessory - Obsidian Black,<p>A statement piece in Econyl Sleek Satin. This halter strap accessory combines architectural elegance design with impeccable craftsmanship. Available in Obsidian Black with Burnt Terracotta detailing. Not loud. Not obvious. Unmistakably Twessie.</p>,Twessie,Halter Strap Accessory,"minimalist luxury, Econyl Sleek Satin bikini, luxury Obsidian Black swimwear, independent fashion, minimalist halter strap accessory",TRUE,Color,Burnt Terracotta,Size,XXL,TWESSIE_EU_HA_0502-Burnt Terracotta-XXL,168.0,,10
twessie-au-bt-0503,Architecture-Cut Obsidian Black Bikini Top,"<p>Econyl Sleek Satin construction meets architectural precision in this bikini top. Designed for the intelligent, independent woman. The Obsidian Black colorway with Stone Gray accents creates a sophisticated palette. Pure intelligent aesthetic elegance.</p>",Twessie,Bikini Top,"luxury Obsidian Black swimwear, minimalist bikini top, Econyl Sleek Satin bikini, minimalist luxury, high-end swimwear",TRUE,Color,Obsidian Black,Size,XS,TWESSIE_AU_BT_0503-Obsidian Black-XS,168.0,,10
twessie-au-bt-0503,Architecture-Cut Obsidian Black Bikini Top,"<p>Econyl Sleek Satin construction meets architectural precision in this bikini top. Designed for the intelligent, independent woman. The Obsidian Black colorway with Stone Gray accents creates a sophisticated palette. Pure intelligent aesthetic elegance.</p>",Twessie,Bikini Top,"luxury Obsidian Black swimwear, minimalist bikini top, Econyl Sleek Satin bikini, minimalist luxury, high-end swimwear",TRUE,Color,Obsidian Black,Size,S,TWESSIE_AU_BT_0503-Obsidian Black-S,168.0,,10
twessie-au-bt-0503,Architecture-Cut Obsidian Black Bikini Top,"<p>Econyl Sleek Satin construction meets architectural precision in this bikini top. Designed for the intelligent, independent woman. The Obsidian Black colorway with Stone Gray accents creates a sophisticated palette. Pure intelligent aesthetic elegance.</p>",Twessie,Bikini Top,"luxury Obsidian Black swimwear, minimalist bikini top, Econyl Sleek Satin bikini, minimalist luxury, high-end swimwear",TRUE,Color,Obsidian Black,Size,M,TWESSIE_AU_BT_0503-Obsidian Black-M,168.0,,10
twessie-au-bt-0503,Architecture-Cut Obsidian Black Bikini Top,"<p>Econyl Sleek Satin construction meets architectural precision in this bikini top. Designed for the intelligent, independent woman. The Obsidian Black colorway with Stone Gray accents creates a sophisticated palette. Pure intelligent aesthetic elegance.</p>",Twessie,Bikini Top,"luxury Obsidian Black swimwear, minimalist bikini top, Econyl Sleek Satin bikini, minimalist luxury, high-end swimwear",TRUE,Color,Obsidian Black,Size,L,TWESSIE_AU_BT_0503-Obsidian Black-L,168.0,,10
twessie-au-bt-0503,Architecture-Cut Obsidian Black Bikini Top,"<p>Econyl Sleek Satin construction meets architectural precision in this bikini top. Designed for the intelligent, independent woman. The Obsidian Black colorway with Stone Gray accents creates a sophisticated palette. Pure intelligent aesthetic elegance.</p>",Twessie,Bikini Top,"luxury Obsidian Black swimwear, minimalist bikini top, Econyl Sleek Satin bikini, minimalist luxury, high-end swimwear",TRUE,Color,Obsidian Black,Size,XL,TWESSIE_AU_BT_0503-Obsidian Black-XL,168.0,,10
twessie-au-bt-0503,Architecture-Cut Obsidian Black Bikini Top,"<p>Econyl Sleek Satin construction meets architectural precision in this bikini top. Designed for the intelligent, independent woman. The Obsidian Black colorway with Stone Gray accents creates a sophisticated palette. Pure intelligent aesthetic elegance.</p>",Twessie,Bikini Top,"luxury Obsidian Black swimwear, minimalist bikini top, Econyl Sleek Satin bikini, minimalist luxury, high-end swimwear",TRUE,Color,Obsidian Black,Size,XXL,TWESSIE_AU_BT_0503-Obsidian Black-XXL,168.0,,10
twessie-au-bt-0503,Architecture-Cut Obsidian Black Bikini Top,"<p>Econyl Sleek Satin construction meets architectural precision in this bikini top. Designed for the intelligent, independent woman. The Obsidian Black colorway with Stone Gray accents creates a sophisticated palette. Pure intelligent aesthetic elegance.</p>",Twessie,Bikini Top,"luxury Obsidian Black swimwear, minimalist bikini top, Econyl Sleek Satin bikini, minimalist luxury, high-end swimwear",TRUE,Color,Stone Gray,Size,XS,TWESSIE_AU_BT_0503-Stone Gray-XS,168.0,,10
twessie-au-bt-0503,Architecture-Cut Obsidian Black Bikini Top,"<p>Econyl Sleek Satin construction meets architectural precision in this bikini top. Designed for the intelligent, independent woman. The Obsidian Black colorway with Stone Gray accents creates a sophisticated palette. Pure intelligent aesthetic elegance.</p>",Twessie,Bikini Top,"luxury Obsidian Black swimwear, minimalist bikini top, Econyl Sleek Satin bikini, minimalist luxury, high-end swimwear",TRUE,Color,Stone Gray,Size,S,TWESSIE_AU_BT_0503-Stone Gray-S,168.0,,10
twessie-au-bt-0503,Architecture-Cut Obsidian Black Bikini Top,"<p>Econyl Sleek Satin construction meets architectural precision in this bikini top. Designed for the intelligent, independent woman. The Obsidian Black colorway with Stone Gray accents creates a sophisticated palette. Pure intelligent aesthetic elegance.</p>",Twessie,Bikini Top,"luxury Obsidian Black swimwear, minimalist bikini top, Econyl Sleek Satin bikini, minimalist luxury, high-end swimwear",TRUE,Color,Stone Gray,Size,M,TWESSIE_AU_BT_0503-Stone Gray-M,168.0,,10
twessie-au-bt-0503,Architecture-Cut Obsidian Black Bikini Top,"<p>Econyl Sleek Satin construction meets architectural precision in this bikini top. Designed for the intelligent, independent woman. The Obsidian Black colorway with Stone Gray accents creates a sophisticated palette. Pure intelligent aesthetic elegance.</p>",Twessie,Bikini Top,"luxury Obsidian Black swimwear, minimalist bikini top, Econyl Sleek Satin bikini, minimalist luxury, high-end swimwear",TRUE,Color,Stone Gray,Size,L,TWESSIE_AU_BT_0503-Stone Gray-L,168.0,,10
twessie-au-bt-0503,Architecture-Cut Obsidian Black Bikini Top,"<p>Econyl Sleek Satin construction meets architectural precision in this bikini top. Designed for the intelligent, independent woman. The Obsidian Black colorway with Stone Gray accents creates a sophisticated palette. Pure intelligent aesthetic elegance.</p>",Twessie,Bikini Top,"luxury Obsidian Black swimwear, minimalist bikini top, Econyl Sleek Satin bikini, minimalist luxury, high-end swimwear",TRUE,Color,Stone Gray,Size,XL,TWESSIE_AU_BT_0503-Stone Gray-XL,168.0,,10
twessie-au-bt-0503,Architecture-Cut Obsidian Black Bikini Top,"<p>Econyl Sleek Satin construction meets architectural precision in this bikini top. Designed for the intelligent, independent woman. The Obsidian Black colorway with Stone Gray accents creates a sophisticated palette. Pure intelligent aesthetic elegance.</p>",Twessie,Bikini Top,"luxury Obsidian Black swimwear, minimalist bikini top, Econyl Sleek Satin bikini, minimalist luxury, high-end swimwear",TRUE,Color,Stone Gray,Size,XXL,TWESSIE_AU_BT_0503-Stone Gray-XXL,168.0,,10
twessie-sg-bt-0504,Minimalist Burnt Terracotta Textured Bikini Top,<p>A statement piece in Matte Ribbed Knit. This bikini top combines architectural elegance design with impeccable craftsmanship. Available in Burnt Terracotta with Olive Drab detailing. Not loud. Not obvious. Unmistakably Twessie.</p>,Twessie,Bikini Top,"Matte Ribbed Knit bikini, high-end swimwear, minimalist luxury, architectural swimsuit, luxury Burnt Terracotta swimwear",TRUE,Color,Burnt Terracotta,Size,XS,TWESSIE_SG_BT_0504-Burnt Terracotta-XS,168.0,,10
twessie-sg-bt-0504,Minimalist Burnt Terracotta Textured Bikini Top,<p>A statement piece in Matte Ribbed Knit. This bikini top combines architectural elegance design with impeccable craftsmanship. Available in Burnt Terracotta with Olive Drab detailing. Not loud. Not obvious. Unmistakably Twessie.</p>,Twessie,Bikini Top,"Matte Ribbed Knit bikini, high-end swimwear, minimalist luxury, architectural swimsuit, luxury Burnt Terracotta swimwear",TRUE,Color,Burnt Terracotta,Size,S,TWESSIE_SG_BT_0504-Burnt Terracotta-S,168.0,,10
twessie-sg-bt-0504,Minimalist Burnt Terracotta Textured Bikini Top,<p>A statement piece in Matte Ribbed Knit. This bikini top combines architectural elegance design with impeccable craftsmanship. Available in Burnt Terracotta with Olive Drab detailing. Not loud. Not obvious. Unmistakably Twessie.</p>,Twessie,Bikini Top,"Matte Ribbed Knit bikini, high-end swimwear, minimalist luxury, architectural swimsuit, luxury Burnt Terracotta swimwear",TRUE,Color,Burnt Terracotta,Size,M,TWESSIE_SG_BT_0504-Burnt Terracotta-M,168.0,,10
twessie-sg-bt-0504,Minimalist Burnt Terracotta Textured Bikini Top,<p>A statement piece in Matte Ribbed Knit. This bikini top combines architectural elegance design with impeccable craftsmanship. Available in Burnt Terracotta with Olive Drab detailing. Not loud. Not obvious. Unmistakably Twessie.</p>,Twessie,Bikini Top,"Matte Ribbed Knit bikini, high-end swimwear, minimalist luxury, architectural swimsuit, luxury Burnt Terracotta swimwear",TRUE,Color,Burnt Terracotta,Size,L,TWESSIE_SG_BT_0504-Burnt Terracotta-L,168.0,,10
twessie-sg-bt-0504,Minimalist Burnt Terracotta Textured Bikini Top,<p>A statement piece in Matte Ribbed Knit. This bikini top combines architectural elegance design with impeccable craftsmanship. Available in Burnt Terracotta with Olive Drab detailing. Not loud. Not obvious. Unmistakably Twessie.</p>,Twessie,Bikini Top,"Matte Ribbed Knit bikini, high-end swimwear, minimalist luxury, architectural swimsuit, luxury Burnt Terracotta swimwear",TRUE,Color,Burnt Terracotta,Size,XL,TWESSIE_SG_BT_0504-Burnt Terracotta-XL,168.0,,10
twessie-sg-bt-0504,Minimalist Burnt Terracotta Textured Bikini Top,<p>A statement piece in Matte Ribbed Knit. This bikini top combines architectural elegance design with impeccable craftsmanship. Available in Burnt Terracotta with Olive Drab detailing. Not loud. Not obvious. Unmistakably Twessie.</p>,Twessie,Bikini Top,"Matte Ribbed Knit bikini, high-end swimwear, minimalist luxury, architectural swimsuit, luxury Burnt Terracotta swimwear",TRUE,Color,Burnt Terracotta,Size,XXL,TWESSIE_SG_BT_0504-Burnt Terracotta-XXL,168.0,,10
twessie-sg-bt-0504,Minimalist Burnt Terracotta Textured Bikini Top,<p>A statement piece in Matte Ribbed Knit. This bikini top combines architectural elegance design with impeccable craftsmanship. Available in Burnt Terracotta with Olive Drab detailing. Not loud. Not obvious. Unmistakably Twessie.</p>,Twessie,Bikini Top,"Matte Ribbed Knit bikini, high-end swimwear, minimalist luxury, architectural swimsuit, luxury Burnt Terracotta swimwear",TRUE,Color,Olive Drab,Size,XS,TWESSIE_SG_BT_0504-Olive Drab-XS,168.0,,10
twessie-sg-bt-0504,Minimalist Burnt Terracotta Textured Bikini Top,<p>A statement piece in Matte Ribbed Knit. This bikini top combines architectural elegance design with impeccable craftsmanship. Available in Burnt Terracotta with Olive Drab detailing. Not loud. Not obvious. Unmistakably Twessie.</p>,Twessie,Bikini Top,"Matte Ribbed Knit bikini, high-end swimwear, minimalist luxury, architectural swimsuit, luxury Burnt Terracotta swimwear",TRUE,Color,Olive Drab,Size,S,TWESSIE_SG_BT_0504-Olive Drab-S,168.0,,10
twessie-sg-bt-0504,Minimalist Burnt Terracotta Textured Bikini Top,<p>A statement piece in Matte Ribbed Knit. This bikini top combines architectural elegance design with impeccable craftsmanship. Available in Burnt Terracotta with Olive Drab detailing. Not loud. Not obvious. Unmistakably Twessie.</p>,Twessie,Bikini Top,"Matte Ribbed Knit bikini, high-end swimwear, minimalist luxury, architectural swimsuit, luxury Burnt Terracotta swimwear",TRUE,Color,Olive Drab,Size,M,TWESSIE_SG_BT_0504-Olive Drab-M,168.0,,10
twessie-sg-bt-0504,Minimalist Burnt Terracotta Textured Bikini Top,<p>A statement piece in Matte Ribbed Knit. This bikini top combines architectural elegance design with impeccable craftsmanship. Available in Burnt Terracotta with Olive Drab detailing. Not loud. Not obvious. Unmistakably Twessie.</p>,Twessie,Bikini Top,"Matte Ribbed Knit bikini, high-end swimwear, minimalist luxury, architectural swimsuit, luxury Burnt Terracotta swimwear",TRUE,Color,Olive Drab,Size,L,TWESSIE_SG_BT_0504-Olive Drab-L,168.0,,10
twessie-sg-bt-0504,Minimalist Burnt Terracotta Textured Bikini Top,<p>A statement piece in Matte Ribbed Knit. This bikini top combines architectural elegance design with impeccable craftsmanship. Available in Burnt Terracotta with Olive Drab detailing. Not loud. Not obvious. Unmistakably Twessie.</p>,Twessie,Bikini Top,"Matte Ribbed Knit bikini, high-end swimwear, minimalist luxury, architectural swimsuit, luxury Burnt Terracotta swimwear",TRUE,Color,Olive Drab,Size,XL,TWESSIE_SG_BT_0504-Olive Drab-XL,168.0,,10
twessie-sg-bt-0504,Minimalist Burnt Terracotta Textured Bikini Top,<p>A statement piece in Matte Ribbed Knit. This bikini top combines architectural elegance design with impeccable craftsmanship. Available in Burnt Terracotta with Olive Drab detailing. Not loud. Not obvious. Unmistakably Twessie.</p>,Twessie,Bikini Top,"Matte Ribbed Knit bikini, high-end swimwear, minimalist luxury, architectural swimsuit, luxury Burnt Terracotta swimwear",TRUE,Color,Olive Drab,Size,XXL,TWESSIE_SG_BT_0504-Olive Drab-XXL,168.0,,10
twessie-au-bb-0505,Obsidian Black Minimalist Econyl Sleek Satin Bikini Bottom,<p>A statement piece in Econyl Sleek Satin. This bikini bottom combines intelligent aesthetic design with impeccable craftsmanship. Available in Obsidian Black with Chalk White detailing. Not loud. Not obvious. Unmistakably Twessie.</p>,Twessie,Bikini Bottom,"Econyl Sleek Satin bikini, architectural swimsuit, independent fashion, minimalist luxury, high-end swimwear",TRUE,Color,Obsidian Black,Size,XS,TWESSIE_AU_BB_0505-Obsidian Black-XS,168.0,,10
twessie-au-bb-0505,Obsidian Black Minimalist Econyl Sleek Satin Bikini Bottom,<p>A statement piece in Econyl Sleek Satin. This bikini bottom combines intelligent aesthetic design with impeccable craftsmanship. Available in Obsidian Black with Chalk White detailing. Not loud. Not obvious. Unmistakably Twessie.</p>,Twessie,Bikini Bottom,"Econyl Sleek Satin bikini, architectural swimsuit, independent fashion, minimalist luxury, high-end swimwear",TRUE,Color,Obsidian Black,Size,S,TWESSIE_AU_BB_0505-Obsidian Black-S,168.0,,10
twessie-au-bb-0505,Obsidian Black Minimalist Econyl Sleek Satin Bikini Bottom,<p>A statement piece in Econyl Sleek Satin. This bikini bottom combines intelligent aesthetic design with impeccable craftsmanship. Available in Obsidian Black with Chalk White detailing. Not loud. Not obvious. Unmistakably Twessie.</p>,Twessie,Bikini Bottom,"Econyl Sleek Satin bikini, architectural swimsuit, independent fashion, minimalist luxury, high-end swimwear",TRUE,Color,Obsidian Black,Size,M,TWESSIE_AU_BB_0505-Obsidian Black-M,168.0,,10
twessie-au-bb-0505,Obsidian Black Minimalist Econyl Sleek Satin Bikini Bottom,<p>A statement piece in Econyl Sleek Satin. This bikini bottom combines intelligent aesthetic design with impeccable craftsmanship. Available in Obsidian Black with Chalk White detailing. Not loud. Not obvious. Unmistakably Twessie.</p>,Twessie,Bikini Bottom,"Econyl Sleek Satin bikini, architectural swimsuit, independent fashion, minimalist luxury, high-end swimwear",TRUE,Color,Obsidian Black,Size,L,TWESSIE_AU_BB_0505-Obsidian Black-L,168.0,,10
twessie-au-bb-0505,Obsidian Black Minimalist Econyl Sleek Satin Bikini Bottom,<p>A statement piece in Econyl Sleek Satin. This bikini bottom combines intelligent aesthetic design with impeccable craftsmanship. Available in Obsidian Black with Chalk White detailing. Not loud. Not obvious. Unmistakably Twessie.</p>,Twessie,Bikini Bottom,"Econyl Sleek Satin bikini, architectural swimsuit, independent fashion, minimalist luxury, high-end swimwear",TRUE,Color,Obsidian Black,Size,XL,TWESSIE_AU_BB_0505-Obsidian Black-XL,168.0,,10
twessie-au-bb-0505,Obsidian Black Minimalist Econyl Sleek Satin Bikini Bottom,<p>A statement piece in Econyl Sleek Satin. This bikini bottom combines intelligent aesthetic design with impeccable craftsmanship. Available in Obsidian Black with Chalk White detailing. Not loud. Not obvious. Unmistakably Twessie.</p>,Twessie,Bikini Bottom,"Econyl Sleek Satin bikini, architectural swimsuit, independent fashion, minimalist luxury, high-end swimwear",TRUE,Color,Obsidian Black,Size,XXL,TWESSIE_AU_BB_0505-Obsidian Black-XXL,168.0,,10
twessie-au-bb-0505,Obsidian Black Minimalist Econyl Sleek Satin Bikini Bottom,<p>A statement piece in Econyl Sleek Satin. This bikini bottom combines intelligent aesthetic design with impeccable craftsmanship. Available in Obsidian Black with Chalk White detailing. Not loud. Not obvious. Unmistakably Twessie.</p>,Twessie,Bikini Bottom,"Econyl Sleek Satin bikini, architectural swimsuit, independent fashion, minimalist luxury, high-end swimwear",TRUE,Color,Chalk White,Size,XS,TWESSIE_AU_BB_0505-Chalk White-XS,168.0,,10
twessie-au-bb-0505,Obsidian Black Minimalist Econyl Sleek Satin Bikini Bottom,<p>A statement piece in Econyl Sleek Satin. This bikini bottom combines intelligent aesthetic design with impeccable craftsmanship. Available in Obsidian Black with Chalk White detailing. Not loud. Not obvious. Unmistakably Twessie.</p>,Twessie,Bikini Bottom,"Econyl Sleek Satin bikini, architectural swimsuit, independent fashion, minimalist luxury, high-end swimwear",TRUE,Color,Chalk White,Size,S,TWESSIE_AU_BB_0505-Chalk White-S,168.0,,10
twessie-au-bb-0505,Obsidian Black Minimalist Econyl Sleek Satin Bikini Bottom,<p>A statement piece in Econyl Sleek Satin. This bikini bottom combines intelligent aesthetic design with impeccable craftsmanship. Available in Obsidian Black with Chalk White detailing. Not loud. Not obvious. Unmistakably Twessie.</p>,Twessie,Bikini Bottom,"Econyl Sleek Satin bikini, architectural swimsuit, independent fashion, minimalist luxury, high-end swimwear",TRUE,Color,Chalk White,Size,M,TWESSIE_AU_BB_0505-Chalk White-M,168.0,,10
twessie-au-bb-0505,Obsidian Black Minimalist Econyl Sleek Satin Bikini Bottom,<p>A statement piece in Econyl Sleek Satin. This bikini bottom combines intelligent aesthetic design with impeccable craftsmanship. Available in Obsidian Black with Chalk White detailing. Not loud. Not obvious. Unmistakably Twessie.</p>,Twessie,Bikini Bottom,"Econyl Sleek Satin bikini, architectural swimsuit, independent fashion, minimalist luxury, high-end swimwear",TRUE,Color,Chalk White,Size,L,TWESSIE_AU_BB_0505-Chalk White-L,168.0,,10
twessie-au-bb-0505,Obsidian Black Minimalist Econyl Sleek Satin Bikini Bottom,<p>A statement piece in Econyl Sleek Satin. This bikini bottom combines intelligent aesthetic design with impeccable craftsmanship. Available in Obsidian Black with Chalk White detailing. Not loud. Not obvious. Unmistakably Twessie.</p>,Twessie,Bikini Bottom,"Econyl Sleek Satin bikini, architectural swimsuit, independent fashion, minimalist luxury, high-end swimwear",TRUE,Color,Chalk White,Size,XL,TWESSIE_AU_BB_0505-Chalk White-XL,168.0,,10
twessie-au-bb-0505,Obsidian Black Minimalist Econyl Sleek Satin Bikini Bottom,<p>A statement piece in Econyl Sleek Satin. This bikini bottom combines intelligent aesthetic design with impeccable craftsmanship. Available in Obsidian Black with Chalk White detailing. Not loud. Not obvious. Unmistakably Twessie.</p>,Twessie,Bikini Bottom,"Econyl Sleek Satin bikini, architectural swimsuit, independent fashion, minimalist luxury, high-end swimwear",TRUE,Color,Chalk White,Size,XXL,TWESSIE_AU_BB_0505-Chalk White-XXL,168.0,,10
twessie-au-op-0506,Olive Drab Architectural One-Piece Swimsuit,<p>Crafted in premium Matte Ribbed Knit with Crinkled Seersucker accents. This one-piece epitomizes minimalist luxury luxury. Featuring color-blocking in Olive Drab and Burnt Terracotta. Perfect for the discerning swimmer who refuses the obvious.</p>,Twessie,One-Piece,"high-end swimwear, minimalist one-piece, Matte Ribbed Knit bikini, architectural swimsuit, independent fashion",TRUE,Color,Olive Drab,Size,XS,TWESSIE_AU_OP_0506-Olive Drab-XS,168.0,,10
twessie-au-op-0506,Olive Drab Architectural One-Piece Swimsuit,<p>Crafted in premium Matte Ribbed Knit with Crinkled Seersucker accents. This one-piece epitomizes minimalist luxury luxury. Featuring color-blocking in Olive Drab and Burnt Terracotta. Perfect for the discerning swimmer who refuses the obvious.</p>,Twessie,One-Piece,"high-end swimwear, minimalist one-piece, Matte Ribbed Knit bikini, architectural swimsuit, independent fashion",TRUE,Color,Olive Drab,Size,S,TWESSIE_AU_OP_0506-Olive Drab-S,168.0,,10
twessie-au-op-0506,Olive Drab Architectural One-Piece Swimsuit,<p>Crafted in premium Matte Ribbed Knit with Crinkled Seersucker accents. This one-piece epitomizes minimalist luxury luxury. Featuring color-blocking in Olive Drab and Burnt Terracotta. Perfect for the discerning swimmer who refuses the obvious.</p>,Twessie,One-Piece,"high-end swimwear, minimalist one-piece, Matte Ribbed Knit bikini, architectural swimsuit, independent fashion",TRUE,Color,Olive Drab,Size,M,TWESSIE_AU_OP_0506-Olive Drab-M,168.0,,10
twessie-au-op-0506,Olive Drab Architectural One-Piece Swimsuit,<p>Crafted in premium Matte Ribbed Knit with Crinkled Seersucker accents. This one-piece epitomizes minimalist luxury luxury. Featuring color-blocking in Olive Drab and Burnt Terracotta. Perfect for the discerning swimmer who refuses the obvious.</p>,Twessie,One-Piece,"high-end swimwear, minimalist one-piece, Matte Ribbed Knit bikini, architectural swimsuit, independent fashion",TRUE,Color,Olive Drab,Size,L,TWESSIE_AU_OP_0506-Olive Drab-L,168.0,,10
twessie-au-op-0506,Olive Drab Architectural One-Piece Swimsuit,<p>Crafted in premium Matte Ribbed Knit with Crinkled Seersucker accents. This one-piece epitomizes minimalist luxury luxury. Featuring color-blocking in Olive Drab and Burnt Terracotta. Perfect for the discerning swimmer who refuses the obvious.</p>,Twessie,One-Piece,"high-end swimwear, minimalist one-piece, Matte Ribbed Knit bikini, architectural swimsuit, independent fashion",TRUE,Color,Olive Drab,Size,XL,TWESSIE_AU_OP_0506-Olive Drab-XL,168.0,,10
twessie-au-op-0506,Olive Drab Architectural One-Piece Swimsuit,<p>Crafted in premium Matte Ribbed Knit with Crinkled Seersucker accents. This one-piece epitomizes minimalist luxury luxury. Featuring color-blocking in Olive Drab and Burnt Terracotta. Perfect for the discerning swimmer who refuses the obvious.</p>,Twessie,One-Piece,"high-end swimwear, minimalist one-piece, Matte Ribbed Knit bikini, architectural swimsuit, independent fashion",TRUE,Color,Olive Drab,Size,XXL,TWESSIE_AU_OP_0506-Olive Drab-XXL,168.0,,10
twessie-au-op-0506,Olive Drab Architectural One-Piece Swimsuit,<p>Crafted in premium Matte Ribbed Knit with Crinkled Seersucker accents. This one-piece epitomizes minimalist luxury luxury. Featuring color-blocking in Olive Drab and Burnt Terracotta. Perfect for the discerning swimmer who refuses the obvious.</p>,Twessie,One-Piece,"high-end swimwear, minimalist one-piece, Matte Ribbed Knit bikini, architectural swimsuit, independent fashion",TRUE,Color,Burnt Terracotta,Size,XS,TWESSIE_AU_OP_0506-Burnt Terracotta-XS,168.0,,10
twessie-au-op-0506,Olive Drab Architectural One-Piece Swimsuit,<p>Crafted in premium Matte Ribbed Knit with Crinkled Seersucker accents. This one-piece epitomizes minimalist luxury luxury. Featuring color-blocking in Olive Drab and Burnt Terracotta. Perfect for the discerning swimmer who refuses the obvious.</p>,Twessie,One-Piece,"high-end swimwear, minimalist one-piece, Matte Ribbed Knit bikini, architectural swimsuit, independent fashion",TRUE,Color,Burnt Terracotta,Size,S,TWESSIE_AU_OP_0506-Burnt Terracotta-S,168.0,,10
twessie-au-op-0506,Olive Drab Architectural One-Piece Swimsuit,<p>Crafted in premium Matte Ribbed Knit with Crinkled Seersucker accents. This one-piece epitomizes minimalist luxury luxury. Featuring color-blocking in Olive Drab and Burnt Terracotta. Perfect for the discerning swimmer who refuses the obvious.</p>,Twessie,One-Piece,"high-end swimwear, minimalist one-piece, Matte Ribbed Knit bikini, architectural swimsuit, independent fashion",TRUE,Color,Burnt Terracotta,Size,M,TWESSIE_AU_OP_0506-Burnt Terracotta-M,168.0,,10
twessie-au-op-0506,Olive Drab Architectural One-Piece Swimsuit,<p>Crafted in premium Matte Ribbed Knit with Crinkled Seersucker accents. This one-piece epitomizes minimalist luxury luxury. Featuring color-blocking in Olive Drab and Burnt Terracotta. Perfect for the discerning swimmer who refuses the obvious.</p>,Twessie,One-Piece,"high-end swimwear, minimalist one-piece, Matte Ribbed Knit bikini, architectural swimsuit, independent fashion",TRUE,Color,Burnt Terracotta,Size,L,TWESSIE_AU_OP_0506-Burnt Terracotta-L,168.0,,10
twessie-au-op-0506,Olive Drab Architectural One-Piece Swimsuit,<p>Crafted in premium Matte Ribbed Knit with Crinkled Seersucker accents. This one-piece epitomizes minimalist luxury luxury. Featuring color-blocking in Olive Drab and Burnt Terracotta. Perfect for the discerning swimmer who refuses the obvious.</p>,Twessie,One-Piece,"high-end swimwear, minimalist one-piece, Matte Ribbed Knit bikini, architectural swimsuit, independent fashion",TRUE,Color,Burnt Terracotta,Size,XL,TWESSIE_AU_OP_0506-Burnt Terracotta-XL,168.0,,10
twessie-au-op-0506,Olive Drab Architectural One-Piece Swimsuit,<p>Crafted in premium Matte Ribbed Knit with Crinkled Seersucker accents. This one-piece epitomizes minimalist luxury luxury. Featuring color-blocking in Olive Drab and Burnt Terracotta. Perfect for the discerning swimmer who refuses the obvious.</p>,Twessie,One-Piece,"high-end swimwear, minimalist one-piece, Matte Ribbed Knit bikini, architectural swimsuit, independent fashion",TRUE,Color,Burnt Terracotta,Size,XXL,TWESSIE_AU_OP_0506-Burnt Terracotta-XXL,168.0,,10
twessie-jp-bt-0507,Burnt Terracotta Sculptural Matte Ribbed Knit Bikini Top,"<p>Matte Ribbed Knit construction meets architectural precision in this bikini top. Designed for the intelligent, independent woman. The Burnt Terracotta colorway with Olive Drab accents creates a sophisticated palette. Pure minimalist luxury elegance.</p>",Twessie,Bikini Top,"minimalist bikini top, architectural swimsuit, high-end swimwear, minimalist luxury, Matte Ribbed Knit bikini",TRUE,Color,Burnt Terracotta,Size,XS,TWESSIE_JP_BT_0507-Burnt Terracotta-XS,168.0,,10
twessie-jp-bt-0507,Burnt Terracotta Sculptural Matte Ribbed Knit Bikini Top,"<p>Matte Ribbed Knit construction meets architectural precision in this bikini top. Designed for the intelligent, independent woman. The Burnt Terracotta colorway with Olive Drab accents creates a sophisticated palette. Pure minimalist luxury elegance.</p>",Twessie,Bikini Top,"minimalist bikini top, architectural swimsuit, high-end swimwear, minimalist luxury, Matte Ribbed Knit bikini",TRUE,Color,Burnt Terracotta,Size,S,TWESSIE_JP_BT_0507-Burnt Terracotta-S,168.0,,10
twessie-jp-bt-0507,Burnt Terracotta Sculptural Matte Ribbed Knit Bikini Top,"<p>Matte Ribbed Knit construction meets architectural precision in this bikini top. Designed for the intelligent, independent woman. The Burnt Terracotta colorway with Olive Drab accents creates a sophisticated palette. Pure minimalist luxury elegance.</p>",Twessie,Bikini Top,"minimalist bikini top, architectural swimsuit, high-end swimwear, minimalist luxury, Matte Ribbed Knit bikini",TRUE,Color,Burnt Terracotta,Size,M,TWESSIE_JP_BT_0507-Burnt Terracotta-M,168.0,,10
twessie-jp-bt-0507,Burnt Terracotta Sculptural Matte Ribbed Knit Bikini Top,"<p>Matte Ribbed Knit construction meets architectural precision in this bikini top. Designed for the intelligent, independent woman. The Burnt Terracotta colorway with Olive Drab accents creates a sophisticated palette. Pure minimalist luxury elegance.</p>",Twessie,Bikini Top,"minimalist bikini top, architectural swimsuit, high-end swimwear, minimalist luxury, Matte Ribbed Knit bikini",TRUE,Color,Burnt Terracotta,Size,L,TWESSIE_JP_BT_0507-Burnt Terracotta-L,168.0,,10
twessie-jp-bt-0507,Burnt Terracotta Sculptural Matte Ribbed Knit Bikini Top,"<p>Matte Ribbed Knit construction meets architectural precision in this bikini top. Designed for the intelligent, independent woman. The Burnt Terracotta colorway with Olive Drab accents creates a sophisticated palette. Pure minimalist luxury elegance.</p>",Twessie,Bikini Top,"minimalist bikini top, architectural swimsuit, high-end swimwear, minimalist luxury, Matte Ribbed Knit bikini",TRUE,Color,Burnt Terracotta,Size,XL,TWESSIE_JP_BT_0507-Burnt Terracotta-XL,168.0,,10
twessie-jp-bt-0507,Burnt Terracotta Sculptural Matte Ribbed Knit Bikini Top,"<p>Matte Ribbed Knit construction meets architectural precision in this bikini top. Designed for the intelligent, independent woman. The Burnt Terracotta colorway with Olive Drab accents creates a sophisticated palette. Pure minimalist luxury elegance.</p>",Twessie,Bikini Top,"minimalist bikini top, architectural swimsuit, high-end swimwear, minimalist luxury, Matte Ribbed Knit bikini",TRUE,Color,Burnt Terracotta,Size,XXL,TWESSIE_JP_BT_0507-Burnt Terracotta-XXL,168.0,,10
twessie-jp-bt-0507,Burnt Terracotta Sculptural Matte Ribbed Knit Bikini Top,"<p>Matte Ribbed Knit construction meets architectural precision in this bikini top. Designed for the intelligent, independent woman. The Burnt Terracotta colorway with Olive Drab accents creates a sophisticated palette. Pure minimalist luxury elegance.</p>",Twessie,Bikini Top,"minimalist bikini top, architectural swimsuit, high-end swimwear, minimalist luxury, Matte Ribbed Knit bikini",TRUE,Color,Olive Drab,Size,XS,TWESSIE_JP_BT_0507-Olive Drab-XS,168.0,,10
twessie-jp-bt-0507,Burnt Terracotta Sculptural Matte Ribbed Knit Bikini Top,"<p>Matte Ribbed Knit construction meets architectural precision in this bikini top. Designed for the intelligent, independent woman. The Burnt Terracotta colorway with Olive Drab accents creates a sophisticated palette. Pure minimalist luxury elegance.</p>",Twessie,Bikini Top,"minimalist bikini top, architectural swimsuit, high-end swimwear, minimalist luxury, Matte Ribbed Knit bikini",TRUE,Color,Olive Drab,Size,S,TWESSIE_JP_BT_0507-Olive Drab-S,168.0,,10
twessie-jp-bt-0507,Burnt Terracotta Sculptural Matte Ribbed Knit Bikini Top,"<p>Matte Ribbed Knit construction meets architectural precision in this bikini top. Designed for the intelligent, independent woman. The Burnt Terracotta colorway with Olive Drab accents creates a sophisticated palette. Pure minimalist luxury elegance.</p>",Twessie,Bikini Top,"minimalist bikini top, architectural swimsuit, high-end swimwear, minimalist luxury, Matte Ribbed Knit bikini",TRUE,Color,Olive Drab,Size,M,TWESSIE_JP_BT_0507-Olive Drab-M,168.0,,10
twessie-jp-bt-0507,Burnt Terracotta Sculptural Matte Ribbed Knit Bikini Top,"<p>Matte Ribbed Knit construction meets architectural precision in this bikini top. Designed for the intelligent, independent woman. The Burnt Terracotta colorway with Olive Drab accents creates a sophisticated palette. Pure minimalist luxury elegance.</p>",Twessie,Bikini Top,"minimalist bikini top, architectural swimsuit, high-end swimwear, minimalist luxury, Matte Ribbed Knit bikini",TRUE,Color,Olive Drab,Size,L,TWESSIE_JP_BT_0507-Olive Drab-L,168.0,,10
twessie-jp-bt-0507,Burnt Terracotta Sculptural Matte Ribbed Knit Bikini Top,"<p>Matte Ribbed Knit construction meets architectural precision in this bikini top. Designed for the intelligent, independent woman. The Burnt Terracotta colorway with Olive Drab accents creates a sophisticated palette. Pure minimalist luxury elegance.</p>",Twessie,Bikini Top,"minimalist bikini top, architectural swimsuit, high-end swimwear, minimalist luxury, Matte Ribbed Knit bikini",TRUE,Color,Olive Drab,Size,XL,TWESSIE_JP_BT_0507-Olive Drab-XL,168.0,,10
twessie-jp-bt-0507,Burnt Terracotta Sculptural Matte Ribbed Knit Bikini Top,"<p>Matte Ribbed Knit construction meets architectural precision in this bikini top. Designed for the intelligent, independent woman. The Burnt Terracotta colorway with Olive Drab accents creates a sophisticated palette. Pure minimalist luxury elegance.</p>",Twessie,Bikini Top,"minimalist bikini top, architectural swimsuit, high-end swimwear, minimalist luxury, Matte Ribbed Knit bikini",TRUE,Color,Olive Drab,Size,XXL,TWESSIE_JP_BT_0507-Olive Drab-XXL,168.0,,10
twessie-sg-bb-0508,Chalk White Minimalist Crinkled Seersucker Bikini Bottom,<p>A statement piece in Crinkled Seersucker. This bikini bottom combines intelligent aesthetic design with impeccable craftsmanship. Available in Chalk White with Stone Gray detailing. Not loud. Not obvious. Unmistakably Twessie.</p>,Twessie,Bikini Bottom,"high-end swimwear, luxury Chalk White swimwear, minimalist luxury, Crinkled Seersucker bikini, independent fashion",TRUE,Color,Chalk White,Size,XS,TWESSIE_SG_BB_0508-Chalk White-XS,168.0,,10
twessie-sg-bb-0508,Chalk White Minimalist Crinkled Seersucker Bikini Bottom,<p>A statement piece in Crinkled Seersucker. This bikini bottom combines intelligent aesthetic design with impeccable craftsmanship. Available in Chalk White with Stone Gray detailing. Not loud. Not obvious. Unmistakably Twessie.</p>,Twessie,Bikini Bottom,"high-end swimwear, luxury Chalk White swimwear, minimalist luxury, Crinkled Seersucker bikini, independent fashion",TRUE,Color,Chalk White,Size,S,TWESSIE_SG_BB_0508-Chalk White-S,168.0,,10
twessie-sg-bb-0508,Chalk White Minimalist Crinkled Seersucker Bikini Bottom,<p>A statement piece in Crinkled Seersucker. This bikini bottom combines intelligent aesthetic design with impeccable craftsmanship. Available in Chalk White with Stone Gray detailing. Not loud. Not obvious. Unmistakably Twessie.</p>,Twessie,Bikini Bottom,"high-end swimwear, luxury Chalk White swimwear, minimalist luxury, Crinkled Seersucker bikini, independent fashion",TRUE,Color,Chalk White,Size,M,TWESSIE_SG_BB_0508-Chalk White-M,168.0,,10
twessie-sg-bb-0508,Chalk White Minimalist Crinkled Seersucker Bikini Bottom,<p>A statement piece in Crinkled Seersucker. This bikini bottom combines intelligent aesthetic design with impeccable craftsmanship. Available in Chalk White with Stone Gray detailing. Not loud. Not obvious. Unmistakably Twessie.</p>,Twessie,Bikini Bottom,"high-end swimwear, luxury Chalk White swimwear, minimalist luxury, Crinkled Seersucker bikini, independent fashion",TRUE,Color,Chalk White,Size,L,TWESSIE_SG_BB_0508-Chalk White-L,168.0,,10
twessie-sg-bb-0508,Chalk White Minimalist Crinkled Seersucker Bikini Bottom,<p>A statement piece in Crinkled Seersucker. This bikini bottom combines intelligent aesthetic design with impeccable craftsmanship. Available in Chalk White with Stone Gray detailing. Not loud. Not obvious. Unmistakably Twessie.</p>,Twessie,Bikini Bottom,"high-end swimwear, luxury Chalk White swimwear, minimalist luxury, Crinkled Seersucker bikini, independent fashion",TRUE,Color,Chalk White,Size,XL,TWESSIE_SG_BB_0508-Chalk White-XL,168.0,,10
twessie-sg-bb-0508,Chalk White Minimalist Crinkled Seersucker Bikini Bottom,<p>A statement piece in Crinkled Seersucker. This bikini bottom combines intelligent aesthetic design with impeccable craftsmanship. Available in Chalk White with Stone Gray detailing. Not loud. Not obvious. Unmistakably Twessie.</p>,Twessie,Bikini Bottom,"high-end swimwear, luxury Chalk White swimwear, minimalist luxury, Crinkled Seersucker bikini, independent fashion",TRUE,Color,Chalk White,Size,XXL,TWESSIE_SG_BB_0508-Chalk White-XXL,168.0,,10
twessie-sg-bb-0508,Chalk White Minimalist Crinkled Seersucker Bikini Bottom,<p>A statement piece in Crinkled Seersucker. This bikini bottom combines intelligent aesthetic design with impeccable craftsmanship. Available in Chalk White with Stone Gray detailing. Not loud. Not obvious. Unmistakably Twessie.</p>,Twessie,Bikini Bottom,"high-end swimwear, luxury Chalk White swimwear, minimalist luxury, Crinkled Seersucker bikini, independent fashion",TRUE,Color,Stone Gray,Size,XS,TWESSIE_SG_BB_0508-Stone Gray-XS,168.0,,10
twessie-sg-bb-0508,Chalk White Minimalist Crinkled Seersucker Bikini Bottom,<p>A statement piece in Crinkled Seersucker. This bikini bottom combines intelligent aesthetic design with impeccable craftsmanship. Available in Chalk White with Stone Gray detailing. Not loud. Not obvious. Unmistakably Twessie.</p>,Twessie,Bikini Bottom,"high-end swimwear, luxury Chalk White swimwear, minimalist luxury, Crinkled Seersucker bikini, independent fashion",TRUE,Color,Stone Gray,Size,S,TWESSIE_SG_BB_0508-Stone Gray-S,168.0,,10
twessie-sg-bb-0508,Chalk White Minimalist Crinkled Seersucker Bikini Bottom,<p>A statement piece in Crinkled Seersucker. This bikini bottom combines intelligent aesthetic design with impeccable craftsmanship. Available in Chalk White with Stone Gray detailing. Not loud. Not obvious. Unmistakably Twessie.</p>,Twessie,Bikini Bottom,"high-end swimwear, luxury Chalk White swimwear, minimalist luxury, Crinkled Seersucker bikini, independent fashion",TRUE,Color,Stone Gray,Size,M,TWESSIE_SG_BB_0508-Stone Gray-M,168.0,,10
twessie-sg-bb-0508,Chalk White Minimalist Crinkled Seersucker Bikini Bottom,<p>A statement piece in Crinkled Seersucker. This bikini bottom combines intelligent aesthetic design with impeccable craftsmanship. Available in Chalk White with Stone Gray detailing. Not loud. Not obvious. Unmistakably Twessie.</p>,Twessie,Bikini Bottom,"high-end swimwear, luxury Chalk White swimwear, minimalist luxury, Crinkled Seersucker bikini, independent fashion",TRUE,Color,Stone Gray,Size,L,TWESSIE_SG_BB_0508-Stone Gray-L,168.0,,10
twessie-sg-bb-0508,Chalk White Minimalist Crinkled Seersucker Bikini Bottom,<p>A statement piece in Crinkled Seersucker. This bikini bottom combines intelligent aesthetic design with impeccable craftsmanship. Available in Chalk White with Stone Gray detailing. Not loud. Not obvious. Unmistakably Twessie.</p>,Twessie,Bikini Bottom,"high-end swimwear, luxury Chalk White swimwear, minimalist luxury, Crinkled Seersucker bikini, independent fashion",TRUE,Color,Stone Gray,Size,XL,TWESSIE_SG_BB_0508-Stone Gray-XL,168.0,,10
twessie-sg-bb-0508,Chalk White Minimalist Crinkled Seersucker Bikini Bottom,<p>A statement piece in Crinkled Seersucker. This bikini bottom combines intelligent aesthetic design with impeccable craftsmanship. Available in Chalk White with Stone Gray detailing. Not loud. Not obvious. Unmistakably Twessie.</p>,Twessie,Bikini Bottom,"high-end swimwear, luxury Chalk White swimwear, minimalist luxury, Crinkled Seersucker bikini, independent fashion",TRUE,Color,Stone Gray,Size,XXL,TWESSIE_SG_BB_0508-Stone Gray-XXL,168.0,,10
twessie-au-bt-0509,Architecture-Cut Chalk White Bikini Top,<p>A statement piece in Crinkled Seersucker. This bikini top combines intelligent aesthetic design with impeccable craftsmanship. Available in Chalk White with Stone Gray detailing. Not loud. Not obvious. Unmistakably Twessie.</p>,Twessie,Bikini Top,"architectural swimsuit, independent fashion, luxury Chalk White swimwear, Crinkled Seersucker bikini, minimalist bikini top",TRUE,Color,Chalk White,Size,XS,TWESSIE_AU_BT_0509-Chalk White-XS,168.0,,10
twessie-au-bt-0509,Architecture-Cut Chalk White Bikini Top,<p>A statement piece in Crinkled Seersucker. This bikini top combines intelligent aesthetic design with impeccable craftsmanship. Available in Chalk White with Stone Gray detailing. Not loud. Not obvious. Unmistakably Twessie.</p>,Twessie,Bikini Top,"architectural swimsuit, independent fashion, luxury Chalk White swimwear, Crinkled Seersucker bikini, minimalist bikini top",TRUE,Color,Chalk White,Size,S,TWESSIE_AU_BT_0509-Chalk White-S,168.0,,10
twessie-au-bt-0509,Architecture-Cut Chalk White Bikini Top,<p>A statement piece in Crinkled Seersucker. This bikini top combines intelligent aesthetic design with impeccable craftsmanship. Available in Chalk White with Stone Gray detailing. Not loud. Not obvious. Unmistakably Twessie.</p>,Twessie,Bikini Top,"architectural swimsuit, independent fashion, luxury Chalk White swimwear, Crinkled Seersucker bikini, minimalist bikini top",TRUE,Color,Chalk White,Size,M,TWESSIE_AU_BT_0509-Chalk White-M,168.0,,10
twessie-au-bt-0509,Architecture-Cut Chalk White Bikini Top,<p>A statement piece in Crinkled Seersucker. This bikini top combines intelligent aesthetic design with impeccable craftsmanship. Available in Chalk White with Stone Gray detailing. Not loud. Not obvious. Unmistakably Twessie.</p>,Twessie,Bikini Top,"architectural swimsuit, independent fashion, luxury Chalk White swimwear, Crinkled Seersucker bikini, minimalist bikini top",TRUE,Color,Chalk White,Size,L,TWESSIE_AU_BT_0509-Chalk White-L,168.0,,10
twessie-au-bt-0509,Architecture-Cut Chalk White Bikini Top,<p>A statement piece in Crinkled Seersucker. This bikini top combines intelligent aesthetic design with impeccable craftsmanship. Available in Chalk White with Stone Gray detailing. Not loud. Not obvious. Unmistakably Twessie.</p>,Twessie,Bikini Top,"architectural swimsuit, independent fashion, luxury Chalk White swimwear, Crinkled Seersucker bikini, minimalist bikini top",TRUE,Color,Chalk White,Size,XL,TWESSIE_AU_BT_0509-Chalk White-XL,168.0,,10
twessie-au-bt-0509,Architecture-Cut Chalk White Bikini Top,<p>A statement piece in Crinkled Seersucker. This bikini top combines intelligent aesthetic design with impeccable craftsmanship. Available in Chalk White with Stone Gray detailing. Not loud. Not obvious. Unmistakably Twessie.</p>,Twessie,Bikini Top,"architectural swimsuit, independent fashion, luxury Chalk White swimwear, Crinkled Seersucker bikini, minimalist bikini top",TRUE,Color,Chalk White,Size,XXL,TWESSIE_AU_BT_0509-Chalk White-XXL,168.0,,10
twessie-au-bt-0509,Architecture-Cut Chalk White Bikini Top,<p>A statement piece in Crinkled Seersucker. This bikini top combines intelligent aesthetic design with impeccable craftsmanship. Available in Chalk White with Stone Gray detailing. Not loud. Not obvious. Unmistakably Twessie.</p>,Twessie,Bikini Top,"architectural swimsuit, independent fashion, luxury Chalk White swimwear, Crinkled Seersucker bikini, minimalist bikini top",TRUE,Color,Stone Gray,Size,XS,TWESSIE_AU_BT_0509-Stone Gray-XS,168.0,,10
twessie-au-bt-0509,Architecture-Cut Chalk White Bikini Top,<p>A statement piece in Crinkled Seersucker. This bikini top combines intelligent aesthetic design with impeccable craftsmanship. Available in Chalk White with Stone Gray detailing. Not loud. Not obvious. Unmistakably Twessie.</p>,Twessie,Bikini Top,"architectural swimsuit, independent fashion, luxury Chalk White swimwear, Crinkled Seersucker bikini, minimalist bikini top",TRUE,Color,Stone Gray,Size,S,TWESSIE_AU_BT_0509-Stone Gray-S,168.0,,10
twessie-au-bt-0509,Architecture-Cut Chalk White Bikini Top,<p>A statement piece in Crinkled Seersucker. This bikini top combines intelligent aesthetic design with impeccable craftsmanship. Available in Chalk White with Stone Gray detailing. Not loud. Not obvious. Unmistakably Twessie.</p>,Twessie,Bikini Top,"architectural swimsuit, independent fashion, luxury Chalk White swimwear, Crinkled Seersucker bikini, minimalist bikini top",TRUE,Color,Stone Gray,Size,M,TWESSIE_AU_BT_0509-Stone Gray-M,168.0,,10
twessie-au-bt-0509,Architecture-Cut Chalk White Bikini Top,<p>A statement piece in Crinkled Seersucker. This bikini top combines intelligent aesthetic design with impeccable craftsmanship. Available in Chalk White with Stone Gray detailing. Not loud. Not obvious. Unmistakably Twessie.</p>,Twessie,Bikini Top,"architectural swimsuit, independent fashion, luxury Chalk White swimwear, Crinkled Seersucker bikini, minimalist bikini top",TRUE,Color,Stone Gray,Size,L,TWESSIE_AU_BT_0509-Stone Gray-L,168.0,,10
twessie-au-bt-0509,Architecture-Cut Chalk White Bikini Top,<p>A statement piece in Crinkled Seersucker. This bikini top combines intelligent aesthetic design with impeccable craftsmanship. Available in Chalk White with Stone Gray detailing. Not loud. Not obvious. Unmistakably Twessie.</p>,Twessie,Bikini Top,"architectural swimsuit, independent fashion, luxury Chalk White swimwear, Crinkled Seersucker bikini, minimalist bikini top",TRUE,Color,Stone Gray,Size,XL,TWESSIE_AU_BT_0509-Stone Gray-XL,168.0,,10
twessie-au-bt-0509,Architecture-Cut Chalk White Bikini Top,<p>A statement piece in Crinkled Seersucker. This bikini top combines intelligent aesthetic design with impeccable craftsmanship. Available in Chalk White with Stone Gray detailing. Not loud. Not obvious. Unmistakably Twessie.</p>,Twessie,Bikini Top,"architectural swimsuit, independent fashion, luxury Chalk White swimwear, Crinkled Seersucker bikini, minimalist bikini top",TRUE,Color,Stone Gray,Size,XXL,TWESSIE_AU_BT_0509-Stone Gray-XXL,168.0,,10
twessie-au-bb-0510,Structural Matte Ribbed Knit Bikini Bottom,"<p>Matte Ribbed Knit construction meets architectural precision in this bikini bottom. Designed for the intelligent, independent woman. The Olive Drab colorway with Burnt Terracotta accents creates a sophisticated palette. Pure architectural elegance elegance.</p>",Twessie,Bikini Bottom,"minimalist luxury, minimalist bikini bottom, luxury Olive Drab swimwear, architectural swimsuit, high-end swimwear",TRUE,Color,Olive Drab,Size,XS,TWESSIE_AU_BB_0510-Olive Drab-XS,168.0,,10
twessie-au-bb-0510,Structural Matte Ribbed Knit Bikini Bottom,"<p>Matte Ribbed Knit construction meets architectural precision in this bikini bottom. Designed for the intelligent, independent woman. The Olive Drab colorway with Burnt Terracotta accents creates a sophisticated palette. Pure architectural elegance elegance.</p>",Twessie,Bikini Bottom,"minimalist luxury, minimalist bikini bottom, luxury Olive Drab swimwear, architectural swimsuit, high-end swimwear",TRUE,Color,Olive Drab,Size,S,TWESSIE_AU_BB_0510-Olive Drab-S,168.0,,10
twessie-au-bb-0510,Structural Matte Ribbed Knit Bikini Bottom,"<p>Matte Ribbed Knit construction meets architectural precision in this bikini bottom. Designed for the intelligent, independent woman. The Olive Drab colorway with Burnt Terracotta accents creates a sophisticated palette. Pure architectural elegance elegance.</p>",Twessie,Bikini Bottom,"minimalist luxury, minimalist bikini bottom, luxury Olive Drab swimwear, architectural swimsuit, high-end swimwear",TRUE,Color,Olive Drab,Size,M,TWESSIE_AU_BB_0510-Olive Drab-M,168.0,,10
twessie-au-bb-0510,Structural Matte Ribbed Knit Bikini Bottom,"<p>Matte Ribbed Knit construction meets architectural precision in this bikini bottom. Designed for the intelligent, independent woman. The Olive Drab colorway with Burnt Terracotta accents creates a sophisticated palette. Pure architectural elegance elegance.</p>",Twessie,Bikini Bottom,"minimalist luxury, minimalist bikini bottom, luxury Olive Drab swimwear, architectural swimsuit, high-end swimwear",TRUE,Color,Olive Drab,Size,L,TWESSIE_AU_BB_0510-Olive Drab-L,168.0,,10
twessie-au-bb-0510,Structural Matte Ribbed Knit Bikini Bottom,"<p>Matte Ribbed Knit construction meets architectural precision in this bikini bottom. Designed for the intelligent, independent woman. The Olive Drab colorway with Burnt Terracotta accents creates a sophisticated palette. Pure architectural elegance elegance.</p>",Twessie,Bikini Bottom,"minimalist luxury, minimalist bikini bottom, luxury Olive Drab swimwear, architectural swimsuit, high-end swimwear",TRUE,Color,Olive Drab,Size,XL,TWESSIE_AU_BB_0510-Olive Drab-XL,168.0,,10
twessie-au-bb-0510,Structural Matte Ribbed Knit Bikini Bottom,"<p>Matte Ribbed Knit construction meets architectural precision in this bikini bottom. Designed for the intelligent, independent woman. The Olive Drab colorway with Burnt Terracotta accents creates a sophisticated palette. Pure architectural elegance elegance.</p>",Twessie,Bikini Bottom,"minimalist luxury, minimalist bikini bottom, luxury Olive Drab swimwear, architectural swimsuit, high-end swimwear",TRUE,Color,Olive Drab,Size,XXL,TWESSIE_AU_BB_0510-Olive Drab-XXL,168.0,,10
twessie-au-bb-0510,Structural Matte Ribbed Knit Bikini Bottom,"<p>Matte Ribbed Knit construction meets architectural precision in this bikini bottom. Designed for the intelligent, independent woman. The Olive Drab colorway with Burnt Terracotta accents creates a sophisticated palette. Pure architectural elegance elegance.</p>",Twessie,Bikini Bottom,"minimalist luxury, minimalist bikini bottom, luxury Olive Drab swimwear, architectural swimsuit, high-end swimwear",TRUE,Color,Burnt Terracotta,Size,XS,TWESSIE_AU_BB_0510-Burnt Terracotta-XS,168.0,,10
twessie-au-bb-0510,Structural Matte Ribbed Knit Bikini Bottom,"<p>Matte Ribbed Knit construction meets architectural precision in this bikini bottom. Designed for the intelligent, independent woman. The Olive Drab colorway with Burnt Terracotta accents creates a sophisticated palette. Pure architectural elegance elegance.</p>",Twessie,Bikini Bottom,"minimalist luxury, minimalist bikini bottom, luxury Olive Drab swimwear, architectural swimsuit, high-end swimwear",TRUE,Color,Burnt Terracotta,Size,S,TWESSIE_AU_BB_0510-Burnt Terracotta-S,168.0,,10
twessie-au-bb-0510,Structural Matte Ribbed Knit Bikini Bottom,"<p>Matte Ribbed Knit construction meets architectural precision in this bikini bottom. Designed for the intelligent, independent woman. The Olive Drab colorway with Burnt Terracotta accents creates a sophisticated palette. Pure architectural elegance elegance.</p>",Twessie,Bikini Bottom,"minimalist luxury, minimalist bikini bottom, luxury Olive Drab swimwear, architectural swimsuit, high-end swimwear",TRUE,Color,Burnt Terracotta,Size,M,TWESSIE_AU_BB_0510-Burnt Terracotta-M,168.0,,10
twessie-au-bb-0510,Structural Matte Ribbed Knit Bikini Bottom,"<p>Matte Ribbed Knit construction meets architectural precision in this bikini bottom. Designed for the intelligent, independent woman. The Olive Drab colorway with Burnt Terracotta accents creates a sophisticated palette. Pure architectural elegance elegance.</p>",Twessie,Bikini Bottom,"minimalist luxury, minimalist bikini bottom, luxury Olive Drab swimwear, architectural swimsuit, high-end swimwear",TRUE,Color,Burnt Terracotta,Size,L,TWESSIE_AU_BB_0510-Burnt Terracotta-L,168.0,,10
twessie-au-bb-0510,Structural Matte Ribbed Knit Bikini Bottom,"<p>Matte Ribbed Knit construction meets architectural precision in this bikini bottom. Designed for the intelligent, independent woman. The Olive Drab colorway with Burnt Terracotta accents creates a sophisticated palette. Pure architectural elegance elegance.</p>",Twessie,Bikini Bottom,"minimalist luxury, minimalist bikini bottom, luxury Olive Drab swimwear, architectural swimsuit, high-end swimwear",TRUE,Color,Burnt Terracotta,Size,XL,TWESSIE_AU_BB_0510-Burnt Terracotta-XL,168.0,,10
twessie-au-bb-0510,Structural Matte Ribbed Knit Bikini Bottom,"<p>Matte Ribbed Knit construction meets architectural precision in this bikini bottom. Designed for the intelligent, independent woman. The Olive Drab colorway with Burnt Terracotta accents creates a sophisticated palette. Pure architectural elegance elegance.</p>",Twessie,Bikini Bottom,"minimalist luxury, minimalist bikini bottom, luxury Olive Drab swimwear, architectural swimsuit, high-end swimwear",TRUE,Color,Burnt Terracotta,Size,XXL,TWESSIE_AU_BB_0510-Burnt Terracotta-XXL,168.0,,10
