Handle,Title,Body (HTML),Vendor,Product Type,Tags,Published,Option1 Name,Option1 Value,Option2 Name,Option2 Value,Variant SKU,Variant Price,Variant Compare At Price,Variant Inventory Qty
twessie-eu-bb-0101,Structural Matte Ribbed Knit Bikini Bottom,<p>Crafted in premium Matte Ribbed Knit with Econyl Sleek Satin accents. This bikini bottom epitomizes intelligent aesthetic luxury. Featuring color-blocking in Olive Drab and Burnt Terracotta. Perfect for the discerning swimmer who refuses the obvious.</p>,Twessie,Bikini Bottom,"minimalist luxury, independent fashion, Matte Ribbed Knit bikini, high-end swimwear, minimalist bikini bottom",TRUE,Color,Olive Drab,Size,XS,TWESSIE_EU_BB_0101-Olive Drab-XS,168.0,,10
twessie-eu-bb-0101,Structural Matte Ribbed Knit Bikini Bottom,<p>Crafted in premium Matte Ribbed Knit with Econyl Sleek Satin accents. This bikini bottom epitomizes intelligent aesthetic luxury. Featuring color-blocking in Olive Drab and Burnt Terracotta. Perfect for the discerning swimmer who refuses the obvious.</p>,Twessie,Bikini Bottom,"minimalist luxury, independent fashion, Matte Ribbed Knit bikini, high-end swimwear, minimalist bikini bottom",TRUE,Color,Olive Drab,Size,S,TWESSIE_EU_BB_0101-Olive Drab-S,168.0,,10
twessie-eu-bb-0101,Structural Matte Ribbed Knit Bikini Bottom,<p>Crafted in premium Matte Ribbed Knit with Econyl Sleek Satin accents. This bikini bottom epitomizes intelligent aesthetic luxury. Featuring color-blocking in Olive Drab and Burnt Terracotta. Perfect for the discerning swimmer who refuses the obvious.</p>,Twessie,Bikini Bottom,"minimalist luxury, independent fashion, Matte Ribbed Knit bikini, high-end swimwear, minimalist bikini bottom",TRUE,Color,Olive Drab,Size,M,TWESSIE_EU_BB_0101-Olive Drab-M,168.0,,10
twessie-eu-bb-0101,Structural Matte Ribbed Knit Bikini Bottom,<p>Crafted in premium Matte Ribbed Knit with Econyl Sleek Satin accents. This bikini bottom epitomizes intelligent aesthetic luxury. Featuring color-blocking in Olive Drab and Burnt Terracotta. Perfect for the discerning swimmer who refuses the obvious.</p>,Twessie,Bikini Bottom,"minimalist luxury, independent fashion, Matte Ribbed Knit bikini, high-end swimwear, minimalist bikini bottom",TRUE,Color,Olive Drab,Size,L,TWESSIE_EU_BB_0101-Olive Drab-L,168.0,,10
twessie-eu-bb-0101,Structural Matte Ribbed Knit Bikini Bottom,<p>Crafted in premium Matte Ribbed Knit with Econyl Sleek Satin accents. This bikini bottom epitomizes intelligent aesthetic luxury. Featuring color-blocking in Olive Drab and Burnt Terracotta. Perfect for the discerning swimmer who refuses the obvious.</p>,Twessie,Bikini Bottom,"minimalist luxury, independent fashion, Matte Ribbed Knit bikini, high-end swimwear, minimalist bikini bottom",TRUE,Color,Olive Drab,Size,XL,TWESSIE_EU_BB_0101-Olive Drab-XL,168.0,,10
twessie-eu-bb-0101,Structural Matte Ribbed Knit Bikini Bottom,<p>Crafted in premium Matte Ribbed Knit with Econyl Sleek Satin accents. This bikini bottom epitomizes intelligent aesthetic luxury. Featuring color-blocking in Olive Drab and Burnt Terracotta. Perfect for the discerning swimmer who refuses the obvious.</p>,Twessie,Bikini Bottom,"minimalist luxury, independent fashion, Matte Ribbed Knit bikini, high-end swimwear, minimalist bikini bottom",TRUE,Color,Olive Drab,Size,XXL,TWESSIE_EU_BB_0101-Olive Drab-XXL,168.0,,10
twessie-eu-bb-0101,Structural Matte Ribbed Knit Bikini Bottom,<p>Crafted in premium Matte Ribbed Knit with Econyl Sleek Satin accents. This bikini bottom epitomizes intelligent aesthetic luxury. Featuring color-blocking in Olive Drab and Burnt Terracotta. Perfect for the discerning swimmer who refuses the obvious.</p>,Twessie,Bikini Bottom,"minimalist luxury, independent fashion, Matte Ribbed Knit bikini, high-end swimwear, minimalist bikini bottom",TRUE,Color,Burnt Terracotta,Size,XS,TWESSIE_EU_BB_0101-Burnt Terracotta-XS,168.0,,10
twessie-eu-bb-0101,Structural Matte Ribbed Knit Bikini Bottom,<p>Crafted in premium Matte Ribbed Knit with Econyl Sleek Satin accents. This bikini bottom epitomizes intelligent aesthetic luxury. Featuring color-blocking in Olive Drab and Burnt Terracotta. Perfect for the discerning swimmer who refuses the obvious.</p>,Twessie,Bikini Bottom,"minimalist luxury, independent fashion, Matte Ribbed Knit bikini, high-end swimwear, minimalist bikini bottom",TRUE,Color,Burnt Terracotta,Size,S,TWESSIE_EU_BB_0101-Burnt Terracotta-S,168.0,,10
twessie-eu-bb-0101,Structural Matte Ribbed Knit Bikini Bottom,<p>Crafted in premium Matte Ribbed Knit with Econyl Sleek Satin accents. This bikini bottom epitomizes intelligent aesthetic luxury. Featuring color-blocking in Olive Drab and Burnt Terracotta. Perfect for the discerning swimmer who refuses the obvious.</p>,Twessie,Bikini Bottom,"minimalist luxury, independent fashion, Matte Ribbed Knit bikini, high-end swimwear, minimalist bikini bottom",TRUE,Color,Burnt Terracotta,Size,M,TWESSIE_EU_BB_0101-Burnt Terracotta-M,168.0,,10
twessie-eu-bb-0101,Structural Matte Ribbed Knit Bikini Bottom,<p>Crafted in premium Matte Ribbed Knit with Econyl Sleek Satin accents. This bikini bottom epitomizes intelligent aesthetic luxury. Featuring color-blocking in Olive Drab and Burnt Terracotta. Perfect for the discerning swimmer who refuses the obvious.</p>,Twessie,Bikini Bottom,"minimalist luxury, independent fashion, Matte Ribbed Knit bikini, high-end swimwear, minimalist bikini bottom",TRUE,Color,Burnt Terracotta,Size,L,TWESSIE_EU_BB_0101-Burnt Terracotta-L,168.0,,10
twessie-eu-bb-0101,Structural Matte Ribbed Knit Bikini Bottom,<p>Crafted in premium Matte Ribbed Knit with Econyl Sleek Satin accents. This bikini bottom epitomizes intelligent aesthetic luxury. Featuring color-blocking in Olive Drab and Burnt Terracotta. Perfect for the discerning swimmer who refuses the obvious.</p>,Twessie,Bikini Bottom,"minimalist luxury, independent fashion, Matte Ribbed Knit bikini, high-end swimwear, minimalist bikini bottom",TRUE,Color,Burnt Terracotta,Size,XL,TWESSIE_EU_BB_0101-Burnt Terracotta-XL,168.0,,10
twessie-eu-bb-0101,Structural Matte Ribbed Knit Bikini Bottom,<p>Crafted in premium Matte Ribbed Knit with Econyl Sleek Satin accents. This bikini bottom epitomizes intelligent aesthetic luxury. Featuring color-blocking in Olive Drab and Burnt Terracotta. Perfect for the discerning swimmer who refuses the obvious.</p>,Twessie,Bikini Bottom,"minimalist luxury, independent fashion, Matte Ribbed Knit bikini, high-end swimwear, minimalist bikini bottom",TRUE,Color,Burnt Terracotta,Size,XXL,TWESSIE_EU_BB_0101-Burnt Terracotta-XXL,168.0,,10
twessie-jp-ha-0102,Minimalist Halter Extension - Obsidian Black,<p>Crafted in premium Econyl Sleek Satin with Matte Ribbed Knit accents. This halter strap accessory epitomizes intelligent aesthetic luxury. Featuring color-blocking in Obsidian Black and Olive Drab. Perfect for the discerning swimmer who refuses the obvious.</p>,Twessie,Halter Strap Accessory,"minimalist luxury, Econyl Sleek Satin bikini, minimalist halter strap accessory, architectural swimsuit, independent fashion",TRUE,Color,Obsidian Black,Size,XS,TWESSIE_JP_HA_0102-Obsidian Black-XS,168.0,,10
twessie-jp-ha-0102,Minimalist Halter Extension - Obsidian Black,<p>Crafted in premium Econyl Sleek Satin with Matte Ribbed Knit accents. This halter strap accessory epitomizes intelligent aesthetic luxury. Featuring color-blocking in Obsidian Black and Olive Drab. Perfect for the discerning swimmer who refuses the obvious.</p>,Twessie,Halter Strap Accessory,"minimalist luxury, Econyl Sleek Satin bikini, minimalist halter strap accessory, architectural swimsuit, independent fashion",TRUE,Color,Obsidian Black,Size,S,TWESSIE_JP_HA_0102-Obsidian Black-S,168.0,,10
twessie-jp-ha-0102,Minimalist Halter Extension - Obsidian Black,<p>Crafted in premium Econyl Sleek Satin with Matte Ribbed Knit accents. This halter strap accessory epitomizes intelligent aesthetic luxury. Featuring color-blocking in Obsidian Black and Olive Drab. Perfect for the discerning swimmer who refuses the obvious.</p>,Twessie,Halter Strap Accessory,"minimalist luxury, Econyl Sleek Satin bikini, minimalist halter strap accessory, architectural swimsuit, independent fashion",TRUE,Color,Obsidian Black,Size,M,TWESSIE_JP_HA_0102-Obsidian Black-M,168.0,,10
twessie-jp-ha-0102,Minimalist Halter Extension - Obsidian Black,<p>Crafted in premium Econyl Sleek Satin with Matte Ribbed Knit accents. This halter strap accessory epitomizes intelligent aesthetic luxury. Featuring color-blocking in Obsidian Black and Olive Drab. Perfect for the discerning swimmer who refuses the obvious.</p>,Twessie,Halter Strap Accessory,"minimalist luxury, Econyl Sleek Satin bikini, minimalist halter strap accessory, architectural swimsuit, independent fashion",TRUE,Color,Obsidian Black,Size,L,TWESSIE_JP_HA_0102-Obsidian Black-L,168.0,,10
twessie-jp-ha-0102,Minimalist Halter Extension - Obsidian Black,<p>Crafted in premium Econyl Sleek Satin with Matte Ribbed Knit accents. This halter strap accessory epitomizes intelligent aesthetic luxury. Featuring color-blocking in Obsidian Black and Olive Drab. Perfect for the discerning swimmer who refuses the obvious.</p>,Twessie,Halter Strap Accessory,"minimalist luxury, Econyl Sleek Satin bikini, minimalist halter strap accessory, architectural swimsuit, independent fashion",TRUE,Color,Obsidian Black,Size,XL,TWESSIE_JP_HA_0102-Obsidian Black-XL,168.0,,10
twessie-jp-ha-0102,Minimalist Halter Extension - Obsidian Black,<p>Crafted in premium Econyl Sleek Satin with Matte Ribbed Knit accents. This halter strap accessory epitomizes intelligent aesthetic luxury. Featuring color-blocking in Obsidian Black and Olive Drab. Perfect for the discerning swimmer who refuses the obvious.</p>,Twessie,Halter Strap Accessory,"minimalist luxury, Econyl Sleek Satin bikini, minimalist halter strap accessory, architectural swimsuit, independent fashion",TRUE,Color,Obsidian Black,Size,XXL,TWESSIE_JP_HA_0102-Obsidian Black-XXL,168.0,,10
twessie-jp-ha-0102,Minimalist Halter Extension - Obsidian Black,<p>Crafted in premium Econyl Sleek Satin with Matte Ribbed Knit accents. This halter strap accessory epitomizes intelligent aesthetic luxury. Featuring color-blocking in Obsidian Black and Olive Drab. Perfect for the discerning swimmer who refuses the obvious.</p>,Twessie,Halter Strap Accessory,"minimalist luxury, Econyl Sleek Satin bikini, minimalist halter strap accessory, architectural swimsuit, independent fashion",TRUE,Color,Olive Drab,Size,XS,TWESSIE_JP_HA_0102-Olive Drab-XS,168.0,,10
twessie-jp-ha-0102,Minimalist Halter Extension - Obsidian Black,<p>Crafted in premium Econyl Sleek Satin with Matte Ribbed Knit accents. This halter strap accessory epitomizes intelligent aesthetic luxury. Featuring color-blocking in Obsidian Black and Olive Drab. Perfect for the discerning swimmer who refuses the obvious.</p>,Twessie,Halter Strap Accessory,"minimalist luxury, Econyl Sleek Satin bikini, minimalist halter strap accessory, architectural swimsuit, independent fashion",TRUE,Color,Olive Drab,Size,S,TWESSIE_JP_HA_0102-Olive Drab-S,168.0,,10
twessie-jp-ha-0102,Minimalist Halter Extension - Obsidian Black,<p>Crafted in premium Econyl Sleek Satin with Matte Ribbed Knit accents. This halter strap accessory epitomizes intelligent aesthetic luxury. Featuring color-blocking in Obsidian Black and Olive Drab. Perfect for the discerning swimmer who refuses the obvious.</p>,Twessie,Halter Strap Accessory,"minimalist luxury, Econyl Sleek Satin bikini, minimalist halter strap accessory, architectural swimsuit, independent fashion",TRUE,Color,Olive Drab,Size,M,TWESSIE_JP_HA_0102-Olive Drab-M,168.0,,10
twessie-jp-ha-0102,Minimalist Halter Extension - Obsidian Black,<p>Crafted in premium Econyl Sleek Satin with Matte Ribbed Knit accents. This halter strap accessory epitomizes intelligent aesthetic luxury. Featuring color-blocking in Obsidian Black and Olive Drab. Perfect for the discerning swimmer who refuses the obvious.</p>,Twessie,Halter Strap Accessory,"minimalist luxury, Econyl Sleek Satin bikini, minimalist halter strap accessory, architectural swimsuit, independent fashion",TRUE,Color,Olive Drab,Size,L,TWESSIE_JP_HA_0102-Olive Drab-L,168.0,,10
twessie-jp-ha-0102,Minimalist Halter Extension - Obsidian Black,<p>Crafted in premium Econyl Sleek Satin with Matte Ribbed Knit accents. This halter strap accessory epitomizes intelligent aesthetic luxury. Featuring color-blocking in Obsidian Black and Olive Drab. Perfect for the discerning swimmer who refuses the obvious.</p>,Twessie,Halter Strap Accessory,"minimalist luxury, Econyl Sleek Satin bikini, minimalist halter strap accessory, architectural swimsuit, independent fashion",TRUE,Color,Olive Drab,Size,XL,TWESSIE_JP_HA_0102-Olive Drab-XL,168.0,,10
twessie-jp-ha-0102,Minimalist Halter Extension - Obsidian Black,<p>Crafted in premium Econyl Sleek Satin with Matte Ribbed Knit accents. This halter strap accessory epitomizes intelligent aesthetic luxury. Featuring color-blocking in Obsidian Black and Olive Drab. Perfect for the discerning swimmer who refuses the obvious.</p>,Twessie,Halter Strap Accessory,"minimalist luxury, Econyl Sleek Satin bikini, minimalist halter strap accessory, architectural swimsuit, independent fashion",TRUE,Color,Olive Drab,Size,XXL,TWESSIE_JP_HA_0102-Olive Drab-XXL,168.0,,10
twessie-na-op-0103,High-Fashion Chalk White One-Piece Suit,"<p>Crinkled Seersucker construction meets architectural precision in this one-piece. Designed for the intelligent, independent woman. The Chalk White colorway with Stone Gray accents creates a sophisticated palette. Pure architectural elegance elegance.</p>",Twessie,One-Piece,"luxury Chalk White swimwear, high-end swimwear, Crinkled Seersucker bikini, minimalist one-piece, independent fashion",TRUE,Color,Chalk White,Size,XS,TWESSIE_NA_OP_0103-Chalk White-XS,168.0,,10
twessie-na-op-0103,High-Fashion Chalk White One-Piece Suit,"<p>Crinkled Seersucker construction meets architectural precision in this one-piece. Designed for the intelligent, independent woman. The Chalk White colorway with Stone Gray accents creates a sophisticated palette. Pure architectural elegance elegance.</p>",Twessie,One-Piece,"luxury Chalk White swimwear, high-end swimwear, Crinkled Seersucker bikini, minimalist one-piece, independent fashion",TRUE,Color,Chalk White,Size,S,TWESSIE_NA_OP_0103-Chalk White-S,168.0,,10
twessie-na-op-0103,High-Fashion Chalk White One-Piece Suit,"<p>Crinkled Seersucker construction meets architectural precision in this one-piece. Designed for the intelligent, independent woman. The Chalk White colorway with Stone Gray accents creates a sophisticated palette. Pure architectural elegance elegance.</p>",Twessie,One-Piece,"luxury Chalk White swimwear, high-end swimwear, Crinkled Seersucker bikini, minimalist one-piece, independent fashion",TRUE,Color,Chalk White,Size,M,TWESSIE_NA_OP_0103-Chalk White-M,168.0,,10
twessie-na-op-0103,High-Fashion Chalk White One-Piece Suit,"<p>Crinkled Seersucker construction meets architectural precision in this one-piece. Designed for the intelligent, independent woman. The Chalk White colorway with Stone Gray accents creates a sophisticated palette. Pure architectural elegance elegance.</p>",Twessie,One-Piece,"luxury Chalk White swimwear, high-end swimwear, Crinkled Seersucker bikini, minimalist one-piece, independent fashion",TRUE,Color,Chalk White,Size,L,TWESSIE_NA_OP_0103-Chalk White-L,168.0,,10
twessie-na-op-0103,High-Fashion Chalk White One-Piece Suit,"<p>Crinkled Seersucker construction meets architectural precision in this one-piece. Designed for the intelligent, independent woman. The Chalk White colorway with Stone Gray accents creates a sophisticated palette. Pure architectural elegance elegance.</p>",Twessie,One-Piece,"luxury Chalk White swimwear, high-end swimwear, Crinkled Seersucker bikini, minimalist one-piece, independent fashion",TRUE,Color,Chalk White,Size,XL,TWESSIE_NA_OP_0103-Chalk White-XL,168.0,,10
twessie-na-op-0103,High-Fashion Chalk White One-Piece Suit,"<p>Crinkled Seersucker construction meets architectural precision in this one-piece. Designed for the intelligent, independent woman. The Chalk White colorway with Stone Gray accents creates a sophisticated palette. Pure architectural elegance elegance.</p>",Twessie,One-Piece,"luxury Chalk White swimwear, high-end swimwear, Crinkled Seersucker bikini, minimalist one-piece, independent fashion",TRUE,Color,Chalk White,Size,XXL,TWESSIE_NA_OP_0103-Chalk White-XXL,168.0,,10
twessie-na-op-0103,High-Fashion Chalk White One-Piece Suit,"<p>Crinkled Seersucker construction meets architectural precision in this one-piece. Designed for the intelligent, independent woman. The Chalk White colorway with Stone Gray accents creates a sophisticated palette. Pure architectural elegance elegance.</p>",Twessie,One-Piece,"luxury Chalk White swimwear, high-end swimwear, Crinkled Seersucker bikini, minimalist one-piece, independent fashion",TRUE,Color,Stone Gray,Size,XS,TWESSIE_NA_OP_0103-Stone Gray-XS,168.0,,10
twessie-na-op-0103,High-Fashion Chalk White One-Piece Suit,"<p>Crinkled Seersucker construction meets architectural precision in this one-piece. Designed for the intelligent, independent woman. The Chalk White colorway with Stone Gray accents creates a sophisticated palette. Pure architectural elegance elegance.</p>",Twessie,One-Piece,"luxury Chalk White swimwear, high-end swimwear, Crinkled Seersucker bikini, minimalist one-piece, independent fashion",TRUE,Color,Stone Gray,Size,S,TWESSIE_NA_OP_0103-Stone Gray-S,168.0,,10
twessie-na-op-0103,High-Fashion Chalk White One-Piece Suit,"<p>Crinkled Seersucker construction meets architectural precision in this one-piece. Designed for the intelligent, independent woman. The Chalk White colorway with Stone Gray accents creates a sophisticated palette. Pure architectural elegance elegance.</p>",Twessie,One-Piece,"luxury Chalk White swimwear, high-end swimwear, Crinkled Seersucker bikini, minimalist one-piece, independent fashion",TRUE,Color,Stone Gray,Size,M,TWESSIE_NA_OP_0103-Stone Gray-M,168.0,,10
twessie-na-op-0103,High-Fashion Chalk White One-Piece Suit,"<p>Crinkled Seersucker construction meets architectural precision in this one-piece. Designed for the intelligent, independent woman. The Chalk White colorway with Stone Gray accents creates a sophisticated palette. Pure architectural elegance elegance.</p>",Twessie,One-Piece,"luxury Chalk White swimwear, high-end swimwear, Crinkled Seersucker bikini, minimalist one-piece, independent fashion",TRUE,Color,Stone Gray,Size,L,TWESSIE_NA_OP_0103-Stone Gray-L,168.0,,10
twessie-na-op-0103,High-Fashion Chalk White One-Piece Suit,"<p>Crinkled Seersucker construction meets architectural precision in this one-piece. Designed for the intelligent, independent woman. The Chalk White colorway with Stone Gray accents creates a sophisticated palette. Pure architectural elegance elegance.</p>",Twessie,One-Piece,"luxury Chalk White swimwear, high-end swimwear, Crinkled Seersucker bikini, minimalist one-piece, independent fashion",TRUE,Color,Stone Gray,Size,XL,TWESSIE_NA_OP_0103-Stone Gray-XL,168.0,,10
twessie-na-op-0103,High-Fashion Chalk White One-Piece Suit,"<p>Crinkled Seersucker construction meets architectural precision in this one-piece. Designed for the intelligent, independent woman. The Chalk White colorway with Stone Gray accents creates a sophisticated palette. Pure architectural elegance elegance.</p>",Twessie,One-Piece,"luxury Chalk White swimwear, high-end swimwear, Crinkled Seersucker bikini, minimalist one-piece, independent fashion",TRUE,Color,Stone Gray,Size,XXL,TWESSIE_NA_OP_0103-Stone Gray-XXL,168.0,,10
twessie-jp-bb-0104,High-Cut Obsidian Black Bikini Brief,<p>Crafted in premium Econyl Sleek Satin with Matte Ribbed Knit accents. This bikini bottom epitomizes minimalist luxury luxury. Featuring color-blocking in Obsidian Black and Olive Drab. Perfect for the discerning swimmer who refuses the obvious.</p>,Twessie,Bikini Bottom,"Econyl Sleek Satin bikini, independent fashion, high-end swimwear, luxury Obsidian Black swimwear, architectural swimsuit",TRUE,Color,Obsidian Black,Size,XS,TWESSIE_JP_BB_0104-Obsidian Black-XS,168.0,,10
twessie-jp-bb-0104,High-Cut Obsidian Black Bikini Brief,<p>Crafted in premium Econyl Sleek Satin with Matte Ribbed Knit accents. This bikini bottom epitomizes minimalist luxury luxury. Featuring color-blocking in Obsidian Black and Olive Drab. Perfect for the discerning swimmer who refuses the obvious.</p>,Twessie,Bikini Bottom,"Econyl Sleek Satin bikini, independent fashion, high-end swimwear, luxury Obsidian Black swimwear, architectural swimsuit",TRUE,Color,Obsidian Black,Size,S,TWESSIE_JP_BB_0104-Obsidian Black-S,168.0,,10
twessie-jp-bb-0104,High-Cut Obsidian Black Bikini Brief,<p>Crafted in premium Econyl Sleek Satin with Matte Ribbed Knit accents. This bikini bottom epitomizes minimalist luxury luxury. Featuring color-blocking in Obsidian Black and Olive Drab. Perfect for the discerning swimmer who refuses the obvious.</p>,Twessie,Bikini Bottom,"Econyl Sleek Satin bikini, independent fashion, high-end swimwear, luxury Obsidian Black swimwear, architectural swimsuit",TRUE,Color,Obsidian Black,Size,M,TWESSIE_JP_BB_0104-Obsidian Black-M,168.0,,10
twessie-jp-bb-0104,High-Cut Obsidian Black Bikini Brief,<p>Crafted in premium Econyl Sleek Satin with Matte Ribbed Knit accents. This bikini bottom epitomizes minimalist luxury luxury. Featuring color-blocking in Obsidian Black and Olive Drab. Perfect for the discerning swimmer who refuses the obvious.</p>,Twessie,Bikini Bottom,"Econyl Sleek Satin bikini, independent fashion, high-end swimwear, luxury Obsidian Black swimwear, architectural swimsuit",TRUE,Color,Obsidian Black,Size,L,TWESSIE_JP_BB_0104-Obsidian Black-L,168.0,,10
twessie-jp-bb-0104,High-Cut Obsidian Black Bikini Brief,<p>Crafted in premium Econyl Sleek Satin with Matte Ribbed Knit accents. This bikini bottom epitomizes minimalist luxury luxury. Featuring color-blocking in Obsidian Black and Olive Drab. Perfect for the discerning swimmer who refuses the obvious.</p>,Twessie,Bikini Bottom,"Econyl Sleek Satin bikini, independent fashion, high-end swimwear, luxury Obsidian Black swimwear, architectural swimsuit",TRUE,Color,Obsidian Black,Size,XL,TWESSIE_JP_BB_0104-Obsidian Black-XL,168.0,,10
twessie-jp-bb-0104,High-Cut Obsidian Black Bikini Brief,<p>Crafted in premium Econyl Sleek Satin with Matte Ribbed Knit accents. This bikini bottom epitomizes minimalist luxury luxury. Featuring color-blocking in Obsidian Black and Olive Drab. Perfect for the discerning swimmer who refuses the obvious.</p>,Twessie,Bikini Bottom,"Econyl Sleek Satin bikini, independent fashion, high-end swimwear, luxury Obsidian Black swimwear, architectural swimsuit",TRUE,Color,Obsidian Black,Size,XXL,TWESSIE_JP_BB_0104-Obsidian Black-XXL,168.0,,10
twessie-jp-bb-0104,High-Cut Obsidian Black Bikini Brief,<p>Crafted in premium Econyl Sleek Satin with Matte Ribbed Knit accents. This bikini bottom epitomizes minimalist luxury luxury. Featuring color-blocking in Obsidian Black and Olive Drab. Perfect for the discerning swimmer who refuses the obvious.</p>,Twessie,Bikini Bottom,"Econyl Sleek Satin bikini, independent fashion, high-end swimwear, luxury Obsidian Black swimwear, architectural swimsuit",TRUE,Color,Olive Drab,Size,XS,TWESSIE_JP_BB_0104-Olive Drab-XS,168.0,,10
twessie-jp-bb-0104,High-Cut Obsidian Black Bikini Brief,<p>Crafted in premium Econyl Sleek Satin with Matte Ribbed Knit accents. This bikini bottom epitomizes minimalist luxury luxury. Featuring color-blocking in Obsidian Black and Olive Drab. Perfect for the discerning swimmer who refuses the obvious.</p>,Twessie,Bikini Bottom,"Econyl Sleek Satin bikini, independent fashion, high-end swimwear, luxury Obsidian Black swimwear, architectural swimsuit",TRUE,Color,Olive Drab,Size,S,TWESSIE_JP_BB_0104-Olive Drab-S,168.0,,10
twessie-jp-bb-0104,High-Cut Obsidian Black Bikini Brief,<p>Crafted in premium Econyl Sleek Satin with Matte Ribbed Knit accents. This bikini bottom epitomizes minimalist luxury luxury. Featuring color-blocking in Obsidian Black and Olive Drab. Perfect for the discerning swimmer who refuses the obvious.</p>,Twessie,Bikini Bottom,"Econyl Sleek Satin bikini, independent fashion, high-end swimwear, luxury Obsidian Black swimwear, architectural swimsuit",TRUE,Color,Olive Drab,Size,M,TWESSIE_JP_BB_0104-Olive Drab-M,168.0,,10
twessie-jp-bb-0104,High-Cut Obsidian Black Bikini Brief,<p>Crafted in premium Econyl Sleek Satin with Matte Ribbed Knit accents. This bikini bottom epitomizes minimalist luxury luxury. Featuring color-blocking in Obsidian Black and Olive Drab. Perfect for the discerning swimmer who refuses the obvious.</p>,Twessie,Bikini Bottom,"Econyl Sleek Satin bikini, independent fashion, high-end swimwear, luxury Obsidian Black swimwear, architectural swimsuit",TRUE,Color,Olive Drab,Size,L,TWESSIE_JP_BB_0104-Olive Drab-L,168.0,,10
twessie-jp-bb-0104,High-Cut Obsidian Black Bikini Brief,<p>Crafted in premium Econyl Sleek Satin with Matte Ribbed Knit accents. This bikini bottom epitomizes minimalist luxury luxury. Featuring color-blocking in Obsidian Black and Olive Drab. Perfect for the discerning swimmer who refuses the obvious.</p>,Twessie,Bikini Bottom,"Econyl Sleek Satin bikini, independent fashion, high-end swimwear, luxury Obsidian Black swimwear, architectural swimsuit",TRUE,Color,Olive Drab,Size,XL,TWESSIE_JP_BB_0104-Olive Drab-XL,168.0,,10
twessie-jp-bb-0104,High-Cut Obsidian Black Bikini Brief,<p>Crafted in premium Econyl Sleek Satin with Matte Ribbed Knit accents. This bikini bottom epitomizes minimalist luxury luxury. Featuring color-blocking in Obsidian Black and Olive Drab. Perfect for the discerning swimmer who refuses the obvious.</p>,Twessie,Bikini Bottom,"Econyl Sleek Satin bikini, independent fashion, high-end swimwear, luxury Obsidian Black swimwear, architectural swimsuit",TRUE,Color,Olive Drab,Size,XXL,TWESSIE_JP_BB_0104-Olive Drab-XXL,168.0,,10
twessie-au-bt-0105,Architecture-Cut Chalk White Bikini Top,<p>A statement piece in Crinkled Seersucker. This bikini top combines minimalist luxury design with impeccable craftsmanship. Available in Chalk White with Stone Gray detailing. Not loud. Not obvious. Unmistakably Twessie.</p>,Twessie,Bikini Top,"high-end swimwear, minimalist luxury, minimalist bikini top, Crinkled Seersucker bikini, luxury Chalk White swimwear",TRUE,Color,Chalk White,Size,XS,TWESSIE_AU_BT_0105-Chalk White-XS,168.0,,10
twessie-au-bt-0105,Architecture-Cut Chalk White Bikini Top,<p>A statement piece in Crinkled Seersucker. This bikini top combines minimalist luxury design with impeccable craftsmanship. Available in Chalk White with Stone Gray detailing. Not loud. Not obvious. Unmistakably Twessie.</p>,Twessie,Bikini Top,"high-end swimwear, minimalist luxury, minimalist bikini top, Crinkled Seersucker bikini, luxury Chalk White swimwear",TRUE,Color,Chalk White,Size,S,TWESSIE_AU_BT_0105-Chalk White-S,168.0,,10
twessie-au-bt-0105,Architecture-Cut Chalk White Bikini Top,<p>A statement piece in Crinkled Seersucker. This bikini top combines minimalist luxury design with impeccable craftsmanship. Available in Chalk White with Stone Gray detailing. Not loud. Not obvious. Unmistakably Twessie.</p>,Twessie,Bikini Top,"high-end swimwear, minimalist luxury, minimalist bikini top, Crinkled Seersucker bikini, luxury Chalk White swimwear",TRUE,Color,Chalk White,Size,M,TWESSIE_AU_BT_0105-Chalk White-M,168.0,,10
twessie-au-bt-0105,Architecture-Cut Chalk White Bikini Top,<p>A statement piece in Crinkled Seersucker. This bikini top combines minimalist luxury design with impeccable craftsmanship. Available in Chalk White with Stone Gray detailing. Not loud. Not obvious. Unmistakably Twessie.</p>,Twessie,Bikini Top,"high-end swimwear, minimalist luxury, minimalist bikini top, Crinkled Seersucker bikini, luxury Chalk White swimwear",TRUE,Color,Chalk White,Size,L,TWESSIE_AU_BT_0105-Chalk White-L,168.0,,10
twessie-au-bt-0105,Architecture-Cut Chalk White Bikini Top,<p>A statement piece in Crinkled Seersucker. This bikini top combines minimalist luxury design with impeccable craftsmanship. Available in Chalk White with Stone Gray detailing. Not loud. Not obvious. Unmistakably Twessie.</p>,Twessie,Bikini Top,"high-end swimwear, minimalist luxury, minimalist bikini top, Crinkled Seersucker bikini, luxury Chalk White swimwear",TRUE,Color,Chalk White,Size,XL,TWESSIE_AU_BT_0105-Chalk White-XL,168.0,,10
twessie-au-bt-0105,Architecture-Cut Chalk White Bikini Top,<p>A statement piece in Crinkled Seersucker. This bikini top combines minimalist luxury design with impeccable craftsmanship. Available in Chalk White with Stone Gray detailing. Not loud. Not obvious. Unmistakably Twessie.</p>,Twessie,Bikini Top,"high-end swimwear, minimalist luxury, minimalist bikini top, Crinkled Seersucker bikini, luxury Chalk White swimwear",TRUE,Color,Chalk White,Size,XXL,TWESSIE_AU_BT_0105-Chalk White-XXL,168.0,,10
twessie-au-bt-0105,Architecture-Cut Chalk White Bikini Top,<p>A statement piece in Crinkled Seersucker. This bikini top combines minimalist luxury design with impeccable craftsmanship. Available in Chalk White with Stone Gray detailing. Not loud. Not obvious. Unmistakably Twessie.</p>,Twessie,Bikini Top,"high-end swimwear, minimalist luxury, minimalist bikini top, Crinkled Seersucker bikini, luxury Chalk White swimwear",TRUE,Color,Stone Gray,Size,XS,TWESSIE_AU_BT_0105-Stone Gray-XS,168.0,,10
twessie-au-bt-0105,Architecture-Cut Chalk White Bikini Top,<p>A statement piece in Crinkled Seersucker. This bikini top combines minimalist luxury design with impeccable craftsmanship. Available in Chalk White with Stone Gray detailing. Not loud. Not obvious. Unmistakably Twessie.</p>,Twessie,Bikini Top,"high-end swimwear, minimalist luxury, minimalist bikini top, Crinkled Seersucker bikini, luxury Chalk White swimwear",TRUE,Color,Stone Gray,Size,S,TWESSIE_AU_BT_0105-Stone Gray-S,168.0,,10
twessie-au-bt-0105,Architecture-Cut Chalk White Bikini Top,<p>A statement piece in Crinkled Seersucker. This bikini top combines minimalist luxury design with impeccable craftsmanship. Available in Chalk White with Stone Gray detailing. Not loud. Not obvious. Unmistakably Twessie.</p>,Twessie,Bikini Top,"high-end swimwear, minimalist luxury, minimalist bikini top, Crinkled Seersucker bikini, luxury Chalk White swimwear",TRUE,Color,Stone Gray,Size,M,TWESSIE_AU_BT_0105-Stone Gray-M,168.0,,10
twessie-au-bt-0105,Architecture-Cut Chalk White Bikini Top,<p>A statement piece in Crinkled Seersucker. This bikini top combines minimalist luxury design with impeccable craftsmanship. Available in Chalk White with Stone Gray detailing. Not loud. Not obvious. Unmistakably Twessie.</p>,Twessie,Bikini Top,"high-end swimwear, minimalist luxury, minimalist bikini top, Crinkled Seersucker bikini, luxury Chalk White swimwear",TRUE,Color,Stone Gray,Size,L,TWESSIE_AU_BT_0105-Stone Gray-L,168.0,,10
twessie-au-bt-0105,Architecture-Cut Chalk White Bikini Top,<p>A statement piece in Crinkled Seersucker. This bikini top combines minimalist luxury design with impeccable craftsmanship. Available in Chalk White with Stone Gray detailing. Not loud. Not obvious. Unmistakably Twessie.</p>,Twessie,Bikini Top,"high-end swimwear, minimalist luxury, minimalist bikini top, Crinkled Seersucker bikini, luxury Chalk White swimwear",TRUE,Color,Stone Gray,Size,XL,TWESSIE_AU_BT_0105-Stone Gray-XL,168.0,,10
twessie-au-bt-0105,Architecture-Cut Chalk White Bikini Top,<p>A statement piece in Crinkled Seersucker. This bikini top combines minimalist luxury design with impeccable craftsmanship. Available in Chalk White with Stone Gray detailing. Not loud. Not obvious. Unmistakably Twessie.</p>,Twessie,Bikini Top,"high-end swimwear, minimalist luxury, minimalist bikini top, Crinkled Seersucker bikini, luxury Chalk White swimwear",TRUE,Color,Stone Gray,Size,XXL,TWESSIE_AU_BT_0105-Stone Gray-XXL,168.0,,10
twessie-jp-bt-0106,Architecture-Cut Stone Gray Bikini Top,<p>A statement piece in Crinkled Seersucker. This bikini top combines rebellious yet refined design with impeccable craftsmanship. Available in Stone Gray with Chalk White detailing. Not loud. Not obvious. Unmistakably Twessie.</p>,Twessie,Bikini Top,"luxury Stone Gray swimwear, high-end swimwear, Crinkled Seersucker bikini, architectural swimsuit, independent fashion",TRUE,Color,Stone Gray,Size,XS,TWESSIE_JP_BT_0106-Stone Gray-XS,168.0,,10
twessie-jp-bt-0106,Architecture-Cut Stone Gray Bikini Top,<p>A statement piece in Crinkled Seersucker. This bikini top combines rebellious yet refined design with impeccable craftsmanship. Available in Stone Gray with Chalk White detailing. Not loud. Not obvious. Unmistakably Twessie.</p>,Twessie,Bikini Top,"luxury Stone Gray swimwear, high-end swimwear, Crinkled Seersucker bikini, architectural swimsuit, independent fashion",TRUE,Color,Stone Gray,Size,S,TWESSIE_JP_BT_0106-Stone Gray-S,168.0,,10
twessie-jp-bt-0106,Architecture-Cut Stone Gray Bikini Top,<p>A statement piece in Crinkled Seersucker. This bikini top combines rebellious yet refined design with impeccable craftsmanship. Available in Stone Gray with Chalk White detailing. Not loud. Not obvious. Unmistakably Twessie.</p>,Twessie,Bikini Top,"luxury Stone Gray swimwear, high-end swimwear, Crinkled Seersucker bikini, architectural swimsuit, independent fashion",TRUE,Color,Stone Gray,Size,M,TWESSIE_JP_BT_0106-Stone Gray-M,168.0,,10
twessie-jp-bt-0106,Architecture-Cut Stone Gray Bikini Top,<p>A statement piece in Crinkled Seersucker. This bikini top combines rebellious yet refined design with impeccable craftsmanship. Available in Stone Gray with Chalk White detailing. Not loud. Not obvious. Unmistakably Twessie.</p>,Twessie,Bikini Top,"luxury Stone Gray swimwear, high-end swimwear, Crinkled Seersucker bikini, architectural swimsuit, independent fashion",TRUE,Color,Stone Gray,Size,L,TWESSIE_JP_BT_0106-Stone Gray-L,168.0,,10
twessie-jp-bt-0106,Architecture-Cut Stone Gray Bikini Top,<p>A statement piece in Crinkled Seersucker. This bikini top combines rebellious yet refined design with impeccable craftsmanship. Available in Stone Gray with Chalk White detailing. Not loud. Not obvious. Unmistakably Twessie.</p>,Twessie,Bikini Top,"luxury Stone Gray swimwear, high-end swimwear, Crinkled Seersucker bikini, architectural swimsuit, independent fashion",TRUE,Color,Stone Gray,Size,XL,TWESSIE_JP_BT_0106-Stone Gray-XL,168.0,,10
twessie-jp-bt-0106,Architecture-Cut Stone Gray Bikini Top,<p>A statement piece in Crinkled Seersucker. This bikini top combines rebellious yet refined design with impeccable craftsmanship. Available in Stone Gray with Chalk White detailing. Not loud. Not obvious. Unmistakably Twessie.</p>,Twessie,Bikini Top,"luxury Stone Gray swimwear, high-end swimwear, Crinkled Seersucker bikini, architectural swimsuit, independent fashion",TRUE,Color,Stone Gray,Size,XXL,TWESSIE_JP_BT_0106-Stone Gray-XXL,168.0,,10
twessie-jp-bt-0106,Architecture-Cut Stone Gray Bikini Top,<p>A statement piece in Crinkled Seersucker. This bikini top combines rebellious yet refined design with impeccable craftsmanship. Available in Stone Gray with Chalk White detailing. Not loud. Not obvious. Unmistakably Twessie.</p>,Twessie,Bikini Top,"luxury Stone Gray swimwear, high-end swimwear, Crinkled Seersucker bikini, architectural swimsuit, independent fashion",TRUE,Color,Chalk White,Size,XS,TWESSIE_JP_BT_0106-Chalk White-XS,168.0,,10
twessie-jp-bt-0106,Architecture-Cut Stone Gray Bikini Top,<p>A statement piece in Crinkled Seersucker. This bikini top combines rebellious yet refined design with impeccable craftsmanship. Available in Stone Gray with Chalk White detailing. Not loud. Not obvious. Unmistakably Twessie.</p>,Twessie,Bikini Top,"luxury Stone Gray swimwear, high-end swimwear, Crinkled Seersucker bikini, architectural swimsuit, independent fashion",TRUE,Color,Chalk White,Size,S,TWESSIE_JP_BT_0106-Chalk White-S,168.0,,10
twessie-jp-bt-0106,Architecture-Cut Stone Gray Bikini Top,<p>A statement piece in Crinkled Seersucker. This bikini top combines rebellious yet refined design with impeccable craftsmanship. Available in Stone Gray with Chalk White detailing. Not loud. Not obvious. Unmistakably Twessie.</p>,Twessie,Bikini Top,"luxury Stone Gray swimwear, high-end swimwear, Crinkled Seersucker bikini, architectural swimsuit, independent fashion",TRUE,Color,Chalk White,Size,M,TWESSIE_JP_BT_0106-Chalk White-M,168.0,,10
twessie-jp-bt-0106,Architecture-Cut Stone Gray Bikini Top,<p>A statement piece in Crinkled Seersucker. This bikini top combines rebellious yet refined design with impeccable craftsmanship. Available in Stone Gray with Chalk White detailing. Not loud. Not obvious. Unmistakably Twessie.</p>,Twessie,Bikini Top,"luxury Stone Gray swimwear, high-end swimwear, Crinkled Seersucker bikini, architectural swimsuit, independent fashion",TRUE,Color,Chalk White,Size,L,TWESSIE_JP_BT_0106-Chalk White-L,168.0,,10
twessie-jp-bt-0106,Architecture-Cut Stone Gray Bikini Top,<p>A statement piece in Crinkled Seersucker. This bikini top combines rebellious yet refined design with impeccable craftsmanship. Available in Stone Gray with Chalk White detailing. Not loud. Not obvious. Unmistakably Twessie.</p>,Twessie,Bikini Top,"luxury Stone Gray swimwear, high-end swimwear, Crinkled Seersucker bikini, architectural swimsuit, independent fashion",TRUE,Color,Chalk White,Size,XL,TWESSIE_JP_BT_0106-Chalk White-XL,168.0,,10
twessie-jp-bt-0106,Architecture-Cut Stone Gray Bikini Top,<p>A statement piece in Crinkled Seersucker. This bikini top combines rebellious yet refined design with impeccable craftsmanship. Available in Stone Gray with Chalk White detailing. Not loud. Not obvious. Unmistakably Twessie.</p>,Twessie,Bikini Top,"luxury Stone Gray swimwear, high-end swimwear, Crinkled Seersucker bikini, architectural swimsuit, independent fashion",TRUE,Color,Chalk White,Size,XXL,TWESSIE_JP_BT_0106-Chalk White-XXL,168.0,,10
twessie-jp-bb-0107,High-Cut Olive Drab Bikini Brief,<p>Crafted in premium Matte Ribbed Knit with Crinkled Seersucker accents. This bikini bottom epitomizes anti-fashion statement luxury. Featuring color-blocking in Olive Drab and Burnt Terracotta. Perfect for the discerning swimmer who refuses the obvious.</p>,Twessie,Bikini Bottom,"Matte Ribbed Knit bikini, minimalist luxury, independent fashion, high-end swimwear, luxury Olive Drab swimwear",TRUE,Color,Olive Drab,Size,XS,TWESSIE_JP_BB_0107-Olive Drab-XS,168.0,,10
twessie-jp-bb-0107,High-Cut Olive Drab Bikini Brief,<p>Crafted in premium Matte Ribbed Knit with Crinkled Seersucker accents. This bikini bottom epitomizes anti-fashion statement luxury. Featuring color-blocking in Olive Drab and Burnt Terracotta. Perfect for the discerning swimmer who refuses the obvious.</p>,Twessie,Bikini Bottom,"Matte Ribbed Knit bikini, minimalist luxury, independent fashion, high-end swimwear, luxury Olive Drab swimwear",TRUE,Color,Olive Drab,Size,S,TWESSIE_JP_BB_0107-Olive Drab-S,168.0,,10
twessie-jp-bb-0107,High-Cut Olive Drab Bikini Brief,<p>Crafted in premium Matte Ribbed Knit with Crinkled Seersucker accents. This bikini bottom epitomizes anti-fashion statement luxury. Featuring color-blocking in Olive Drab and Burnt Terracotta. Perfect for the discerning swimmer who refuses the obvious.</p>,Twessie,Bikini Bottom,"Matte Ribbed Knit bikini, minimalist luxury, independent fashion, high-end swimwear, luxury Olive Drab swimwear",TRUE,Color,Olive Drab,Size,M,TWESSIE_JP_BB_0107-Olive Drab-M,168.0,,10
twessie-jp-bb-0107,High-Cut Olive Drab Bikini Brief,<p>Crafted in premium Matte Ribbed Knit with Crinkled Seersucker accents. This bikini bottom epitomizes anti-fashion statement luxury. Featuring color-blocking in Olive Drab and Burnt Terracotta. Perfect for the discerning swimmer who refuses the obvious.</p>,Twessie,Bikini Bottom,"Matte Ribbed Knit bikini, minimalist luxury, independent fashion, high-end swimwear, luxury Olive Drab swimwear",TRUE,Color,Olive Drab,Size,L,TWESSIE_JP_BB_0107-Olive Drab-L,168.0,,10
twessie-jp-bb-0107,High-Cut Olive Drab Bikini Brief,<p>Crafted in premium Matte Ribbed Knit with Crinkled Seersucker accents. This bikini bottom epitomizes anti-fashion statement luxury. Featuring color-blocking in Olive Drab and Burnt Terracotta. Perfect for the discerning swimmer who refuses the obvious.</p>,Twessie,Bikini Bottom,"Matte Ribbed Knit bikini, minimalist luxury, independent fashion, high-end swimwear, luxury Olive Drab swimwear",TRUE,Color,Olive Drab,Size,XL,TWESSIE_JP_BB_0107-Olive Drab-XL,168.0,,10
twessie-jp-bb-0107,High-Cut Olive Drab Bikini Brief,<p>Crafted in premium Matte Ribbed Knit with Crinkled Seersucker accents. This bikini bottom epitomizes anti-fashion statement luxury. Featuring color-blocking in Olive Drab and Burnt Terracotta. Perfect for the discerning swimmer who refuses the obvious.</p>,Twessie,Bikini Bottom,"Matte Ribbed Knit bikini, minimalist luxury, independent fashion, high-end swimwear, luxury Olive Drab swimwear",TRUE,Color,Olive Drab,Size,XXL,TWESSIE_JP_BB_0107-Olive Drab-XXL,168.0,,10
twessie-jp-bb-0107,High-Cut Olive Drab Bikini Brief,<p>Crafted in premium Matte Ribbed Knit with Crinkled Seersucker accents. This bikini bottom epitomizes anti-fashion statement luxury. Featuring color-blocking in Olive Drab and Burnt Terracotta. Perfect for the discerning swimmer who refuses the obvious.</p>,Twessie,Bikini Bottom,"Matte Ribbed Knit bikini, minimalist luxury, independent fashion, high-end swimwear, luxury Olive Drab swimwear",TRUE,Color,Burnt Terracotta,Size,XS,TWESSIE_JP_BB_0107-Burnt Terracotta-XS,168.0,,10
twessie-jp-bb-0107,High-Cut Olive Drab Bikini Brief,<p>Crafted in premium Matte Ribbed Knit with Crinkled Seersucker accents. This bikini bottom epitomizes anti-fashion statement luxury. Featuring color-blocking in Olive Drab and Burnt Terracotta. Perfect for the discerning swimmer who refuses the obvious.</p>,Twessie,Bikini Bottom,"Matte Ribbed Knit bikini, minimalist luxury, independent fashion, high-end swimwear, luxury Olive Drab swimwear",TRUE,Color,Burnt Terracotta,Size,S,TWESSIE_JP_BB_0107-Burnt Terracotta-S,168.0,,10
twessie-jp-bb-0107,High-Cut Olive Drab Bikini Brief,<p>Crafted in premium Matte Ribbed Knit with Crinkled Seersucker accents. This bikini bottom epitomizes anti-fashion statement luxury. Featuring color-blocking in Olive Drab and Burnt Terracotta. Perfect for the discerning swimmer who refuses the obvious.</p>,Twessie,Bikini Bottom,"Matte Ribbed Knit bikini, minimalist luxury, independent fashion, high-end swimwear, luxury Olive Drab swimwear",TRUE,Color,Burnt Terracotta,Size,M,TWESSIE_JP_BB_0107-Burnt Terracotta-M,168.0,,10
twessie-jp-bb-0107,High-Cut Olive Drab Bikini Brief,<p>Crafted in premium Matte Ribbed Knit with Crinkled Seersucker accents. This bikini bottom epitomizes anti-fashion statement luxury. Featuring color-blocking in Olive Drab and Burnt Terracotta. Perfect for the discerning swimmer who refuses the obvious.</p>,Twessie,Bikini Bottom,"Matte Ribbed Knit bikini, minimalist luxury, independent fashion, high-end swimwear, luxury Olive Drab swimwear",TRUE,Color,Burnt Terracotta,Size,L,TWESSIE_JP_BB_0107-Burnt Terracotta-L,168.0,,10
twessie-jp-bb-0107,High-Cut Olive Drab Bikini Brief,<p>Crafted in premium Matte Ribbed Knit with Crinkled Seersucker accents. This bikini bottom epitomizes anti-fashion statement luxury. Featuring color-blocking in Olive Drab and Burnt Terracotta. Perfect for the discerning swimmer who refuses the obvious.</p>,Twessie,Bikini Bottom,"Matte Ribbed Knit bikini, minimalist luxury, independent fashion, high-end swimwear, luxury Olive Drab swimwear",TRUE,Color,Burnt Terracotta,Size,XL,TWESSIE_JP_BB_0107-Burnt Terracotta-XL,168.0,,10
twessie-jp-bb-0107,High-Cut Olive Drab Bikini Brief,<p>Crafted in premium Matte Ribbed Knit with Crinkled Seersucker accents. This bikini bottom epitomizes anti-fashion statement luxury. Featuring color-blocking in Olive Drab and Burnt Terracotta. Perfect for the discerning swimmer who refuses the obvious.</p>,Twessie,Bikini Bottom,"Matte Ribbed Knit bikini, minimalist luxury, independent fashion, high-end swimwear, luxury Olive Drab swimwear",TRUE,Color,Burnt Terracotta,Size,XXL,TWESSIE_JP_BB_0107-Burnt Terracotta-XXL,168.0,,10
twessie-au-bb-0108,Raw-Edge Olive Drab Bikini Bottom,"<p>Matte Ribbed Knit construction meets architectural precision in this bikini bottom. Designed for the intelligent, independent woman. The Olive Drab colorway with Burnt Terracotta accents creates a sophisticated palette. Pure rebellious yet refined elegance.</p>",Twessie,Bikini Bottom,"luxury Olive Drab swimwear, minimalist luxury, architectural swimsuit, high-end swimwear, Matte Ribbed Knit bikini",TRUE,Color,Olive Drab,Size,XS,TWESSIE_AU_BB_0108-Olive Drab-XS,168.0,,10
twessie-au-bb-0108,Raw-Edge Olive Drab Bikini Bottom,"<p>Matte Ribbed Knit construction meets architectural precision in this bikini bottom. Designed for the intelligent, independent woman. The Olive Drab colorway with Burnt Terracotta accents creates a sophisticated palette. Pure rebellious yet refined elegance.</p>",Twessie,Bikini Bottom,"luxury Olive Drab swimwear, minimalist luxury, architectural swimsuit, high-end swimwear, Matte Ribbed Knit bikini",TRUE,Color,Olive Drab,Size,S,TWESSIE_AU_BB_0108-Olive Drab-S,168.0,,10
twessie-au-bb-0108,Raw-Edge Olive Drab Bikini Bottom,"<p>Matte Ribbed Knit construction meets architectural precision in this bikini bottom. Designed for the intelligent, independent woman. The Olive Drab colorway with Burnt Terracotta accents creates a sophisticated palette. Pure rebellious yet refined elegance.</p>",Twessie,Bikini Bottom,"luxury Olive Drab swimwear, minimalist luxury, architectural swimsuit, high-end swimwear, Matte Ribbed Knit bikini",TRUE,Color,Olive Drab,Size,M,TWESSIE_AU_BB_0108-Olive Drab-M,168.0,,10
twessie-au-bb-0108,Raw-Edge Olive Drab Bikini Bottom,"<p>Matte Ribbed Knit construction meets architectural precision in this bikini bottom. Designed for the intelligent, independent woman. The Olive Drab colorway with Burnt Terracotta accents creates a sophisticated palette. Pure rebellious yet refined elegance.</p>",Twessie,Bikini Bottom,"luxury Olive Drab swimwear, minimalist luxury, architectural swimsuit, high-end swimwear, Matte Ribbed Knit bikini",TRUE,Color,Olive Drab,Size,L,TWESSIE_AU_BB_0108-Olive Drab-L,168.0,,10
twessie-au-bb-0108,Raw-Edge Olive Drab Bikini Bottom,"<p>Matte Ribbed Knit construction meets architectural precision in this bikini bottom. Designed for the intelligent, independent woman. The Olive Drab colorway with Burnt Terracotta accents creates a sophisticated palette. Pure rebellious yet refined elegance.</p>",Twessie,Bikini Bottom,"luxury Olive Drab swimwear, minimalist luxury, architectural swimsuit, high-end swimwear, Matte Ribbed Knit bikini",TRUE,Color,Olive Drab,Size,XL,TWESSIE_AU_BB_0108-Olive Drab-XL,168.0,,10
twessie-au-bb-0108,Raw-Edge Olive Drab Bikini Bottom,"<p>Matte Ribbed Knit construction meets architectural precision in this bikini bottom. Designed for the intelligent, independent woman. The Olive Drab colorway with Burnt Terracotta accents creates a sophisticated palette. Pure rebellious yet refined elegance.</p>",Twessie,Bikini Bottom,"luxury Olive Drab swimwear, minimalist luxury, architectural swimsuit, high-end swimwear, Matte Ribbed Knit bikini",TRUE,Color,Olive Drab,Size,XXL,TWESSIE_AU_BB_0108-Olive Drab-XXL,168.0,,10
twessie-au-bb-0108,Raw-Edge Olive Drab Bikini Bottom,"<p>Matte Ribbed Knit construction meets architectural precision in this bikini bottom. Designed for the intelligent, independent woman. The Olive Drab colorway with Burnt Terracotta accents creates a sophisticated palette. Pure rebellious yet refined elegance.</p>",Twessie,Bikini Bottom,"luxury Olive Drab swimwear, minimalist luxury, architectural swimsuit, high-end swimwear, Matte Ribbed Knit bikini",TRUE,Color,Burnt Terracotta,Size,XS,TWESSIE_AU_BB_0108-Burnt Terracotta-XS,168.0,,10
twessie-au-bb-0108,Raw-Edge Olive Drab Bikini Bottom,"<p>Matte Ribbed Knit construction meets architectural precision in this bikini bottom. Designed for the intelligent, independent woman. The Olive Drab colorway with Burnt Terracotta accents creates a sophisticated palette. Pure rebellious yet refined elegance.</p>",Twessie,Bikini Bottom,"luxury Olive Drab swimwear, minimalist luxury, architectural swimsuit, high-end swimwear, Matte Ribbed Knit bikini",TRUE,Color,Burnt Terracotta,Size,S,TWESSIE_AU_BB_0108-Burnt Terracotta-S,168.0,,10
twessie-au-bb-0108,Raw-Edge Olive Drab Bikini Bottom,"<p>Matte Ribbed Knit construction meets architectural precision in this bikini bottom. Designed for the intelligent, independent woman. The Olive Drab colorway with Burnt Terracotta accents creates a sophisticated palette. Pure rebellious yet refined elegance.</p>",Twessie,Bikini Bottom,"luxury Olive Drab swimwear, minimalist luxury, architectural swimsuit, high-end swimwear, Matte Ribbed Knit bikini",TRUE,Color,Burnt Terracotta,Size,M,TWESSIE_AU_BB_0108-Burnt Terracotta-M,168.0,,10
twessie-au-bb-0108,Raw-Edge Olive Drab Bikini Bottom,"<p>Matte Ribbed Knit construction meets architectural precision in this bikini bottom. Designed for the intelligent, independent woman. The Olive Drab colorway with Burnt Terracotta accents creates a sophisticated palette. Pure rebellious yet refined elegance.</p>",Twessie,Bikini Bottom,"luxury Olive Drab swimwear, minimalist luxury, architectural swimsuit, high-end swimwear, Matte Ribbed Knit bikini",TRUE,Color,Burnt Terracotta,Size,L,TWESSIE_AU_BB_0108-Burnt Terracotta-L,168.0,,10
twessie-au-bb-0108,Raw-Edge Olive Drab Bikini Bottom,"<p>Matte Ribbed Knit construction meets architectural precision in this bikini bottom. Designed for the intelligent, independent woman. The Olive Drab colorway with Burnt Terracotta accents creates a sophisticated palette. Pure rebellious yet refined elegance.</p>",Twessie,Bikini Bottom,"luxury Olive Drab swimwear, minimalist luxury, architectural swimsuit, high-end swimwear, Matte Ribbed Knit bikini",TRUE,Color,Burnt Terracotta,Size,XL,TWESSIE_AU_BB_0108-Burnt Terracotta-XL,168.0,,10
twessie-au-bb-0108,Raw-Edge Olive Drab Bikini Bottom,"<p>Matte Ribbed Knit construction meets architectural precision in this bikini bottom. Designed for the intelligent, independent woman. The Olive Drab colorway with Burnt Terracotta accents creates a sophisticated palette. Pure rebellious yet refined elegance.</p>",Twessie,Bikini Bottom,"luxury Olive Drab swimwear, minimalist luxury, architectural swimsuit, high-end swimwear, Matte Ribbed Knit bikini",TRUE,Color,Burnt Terracotta,Size,XXL,TWESSIE_AU_BB_0108-Burnt Terracotta-XXL,168.0,,10
twessie-na-bb-0109,Raw-Edge Obsidian Black Bikini Bottom,<p>A statement piece in Econyl Sleek Satin. This bikini bottom combines intelligent aesthetic design with impeccable craftsmanship. Available in Obsidian Black with Chalk White detailing. Not loud. Not obvious. Unmistakably Twessie.</p>,Twessie,Bikini Bottom,"architectural swimsuit, independent fashion, luxury Obsidian Black swimwear, minimalist luxury, high-end swimwear",TRUE,Color,Obsidian Black,Size,XS,TWESSIE_NA_BB_0109-Obsidian Black-XS,168.0,,10
twessie-na-bb-0109,Raw-Edge Obsidian Black Bikini Bottom,<p>A statement piece in Econyl Sleek Satin. This bikini bottom combines intelligent aesthetic design with impeccable craftsmanship. Available in Obsidian Black with Chalk White detailing. Not loud. Not obvious. Unmistakably Twessie.</p>,Twessie,Bikini Bottom,"architectural swimsuit, independent fashion, luxury Obsidian Black swimwear, minimalist luxury, high-end swimwear",TRUE,Color,Obsidian Black,Size,S,TWESSIE_NA_BB_0109-Obsidian Black-S,168.0,,10
twessie-na-bb-0109,Raw-Edge Obsidian Black Bikini Bottom,<p>A statement piece in Econyl Sleek Satin. This bikini bottom combines intelligent aesthetic design with impeccable craftsmanship. Available in Obsidian Black with Chalk White detailing. Not loud. Not obvious. Unmistakably Twessie.</p>,Twessie,Bikini Bottom,"architectural swimsuit, independent fashion, luxury Obsidian Black swimwear, minimalist luxury, high-end swimwear",TRUE,Color,Obsidian Black,Size,M,TWESSIE_NA_BB_0109-Obsidian Black-M,168.0,,10
twessie-na-bb-0109,Raw-Edge Obsidian Black Bikini Bottom,<p>A statement piece in Econyl Sleek Satin. This bikini bottom combines intelligent aesthetic design with impeccable craftsmanship. Available in Obsidian Black with Chalk White detailing. Not loud. Not obvious. Unmistakably Twessie.</p>,Twessie,Bikini Bottom,"architectural swimsuit, independent fashion, luxury Obsidian Black swimwear, minimalist luxury, high-end swimwear",TRUE,Color,Obsidian Black,Size,L,TWESSIE_NA_BB_0109-Obsidian Black-L,168.0,,10
twessie-na-bb-0109,Raw-Edge Obsidian Black Bikini Bottom,<p>A statement piece in Econyl Sleek Satin. This bikini bottom combines intelligent aesthetic design with impeccable craftsmanship. Available in Obsidian Black with Chalk White detailing. Not loud. Not obvious. Unmistakably Twessie.</p>,Twessie,Bikini Bottom,"architectural swimsuit, independent fashion, luxury Obsidian Black swimwear, minimalist luxury, high-end swimwear",TRUE,Color,Obsidian Black,Size,XL,TWESSIE_NA_BB_0109-Obsidian Black-XL,168.0,,10
twessie-na-bb-0109,Raw-Edge Obsidian Black Bikini Bottom,<p>A statement piece in Econyl Sleek Satin. This bikini bottom combines intelligent aesthetic design with impeccable craftsmanship. Available in Obsidian Black with Chalk White detailing. Not loud. Not obvious. Unmistakably Twessie.</p>,Twessie,Bikini Bottom,"architectural swimsuit, independent fashion, luxury Obsidian Black swimwear, minimalist luxury, high-end swimwear",TRUE,Color,Obsidian Black,Size,XXL,TWESSIE_NA_BB_0109-Obsidian Black-XXL,168.0,,10
twessie-na-bb-0109,Raw-Edge Obsidian Black Bikini Bottom,<p>A statement piece in Econyl Sleek Satin. This bikini bottom combines intelligent aesthetic design with impeccable craftsmanship. Available in Obsidian Black with Chalk White detailing. Not loud. Not obvious. Unmistakably Twessie.</p>,Twessie,Bikini Bottom,"architectural swimsuit, independent fashion, luxury Obsidian Black swimwear, minimalist luxury, high-end swimwear",TRUE,Color,Chalk White,Size,XS,TWESSIE_NA_BB_0109-Chalk White-XS,168.0,,10
twessie-na-bb-0109,Raw-Edge Obsidian Black Bikini Bottom,<p>A statement piece in Econyl Sleek Satin. This bikini bottom combines intelligent aesthetic design with impeccable craftsmanship. Available in Obsidian Black with Chalk White detailing. Not loud. Not obvious. Unmistakably Twessie.</p>,Twessie,Bikini Bottom,"architectural swimsuit, independent fashion, luxury Obsidian Black swimwear, minimalist luxury, high-end swimwear",TRUE,Color,Chalk White,Size,S,TWESSIE_NA_BB_0109-Chalk White-S,168.0,,10
twessie-na-bb-0109,Raw-Edge Obsidian Black Bikini Bottom,<p>A statement piece in Econyl Sleek Satin. This bikini bottom combines intelligent aesthetic design with impeccable craftsmanship. Available in Obsidian Black with Chalk White detailing. Not loud. Not obvious. Unmistakably Twessie.</p>,Twessie,Bikini Bottom,"architectural swimsuit, independent fashion, luxury Obsidian Black swimwear, minimalist luxury, high-end swimwear",TRUE,Color,Chalk White,Size,M,TWESSIE_NA_BB_0109-Chalk White-M,168.0,,10
twessie-na-bb-0109,Raw-Edge Obsidian Black Bikini Bottom,<p>A statement piece in Econyl Sleek Satin. This bikini bottom combines intelligent aesthetic design with impeccable craftsmanship. Available in Obsidian Black with Chalk White detailing. Not loud. Not obvious. Unmistakably Twessie.</p>,Twessie,Bikini Bottom,"architectural swimsuit, independent fashion, luxury Obsidian Black swimwear, minimalist luxury, high-end swimwear",TRUE,Color,Chalk White,Size,L,TWESSIE_NA_BB_0109-Chalk White-L,168.0,,10
twessie-na-bb-0109,Raw-Edge Obsidian Black Bikini Bottom,<p>A statement piece in Econyl Sleek Satin. This bikini bottom combines intelligent aesthetic design with impeccable craftsmanship. Available in Obsidian Black with Chalk White detailing. Not loud. Not obvious. Unmistakably Twessie.</p>,Twessie,Bikini Bottom,"architectural swimsuit, independent fashion, luxury Obsidian Black swimwear, minimalist luxury, high-end swimwear",TRUE,Color,Chalk White,Size,XL,TWESSIE_NA_BB_0109-Chalk White-XL,168.0,,10
twessie-na-bb-0109,Raw-Edge Obsidian Black Bikini Bottom,<p>A statement piece in Econyl Sleek Satin. This bikini bottom combines intelligent aesthetic design with impeccable craftsmanship. Available in Obsidian Black with Chalk White detailing. Not loud. Not obvious. Unmistakably Twessie.</p>,Twessie,Bikini Bottom,"architectural swimsuit, independent fashion, luxury Obsidian Black swimwear, minimalist luxury, high-end swimwear",TRUE,Color,Chalk White,Size,XXL,TWESSIE_NA_BB_0109-Chalk White-XXL,168.0,,10
twessie-sg-bt-0110,Olive Drab Sculptural Matte Ribbed Knit Bikini Top,<p>Crafted in premium Matte Ribbed Knit with Crinkled Seersucker accents. This bikini top epitomizes architectural elegance luxury. Featuring color-blocking in Olive Drab and Burnt Terracotta. Perfect for the discerning swimmer who refuses the obvious.</p>,Twessie,Bikini Top,"independent fashion, architectural swimsuit, minimalist bikini top, luxury Olive Drab swimwear, minimalist luxury",TRUE,Color,Olive Drab,Size,XS,TWESSIE_SG_BT_0110-Olive Drab-XS,168.0,,10
twessie-sg-bt-0110,Olive Drab Sculptural Matte Ribbed Knit Bikini Top,<p>Crafted in premium Matte Ribbed Knit with Crinkled Seersucker accents. This bikini top epitomizes architectural elegance luxury. Featuring color-blocking in Olive Drab and Burnt Terracotta. Perfect for the discerning swimmer who refuses the obvious.</p>,Twessie,Bikini Top,"independent fashion, architectural swimsuit, minimalist bikini top, luxury Olive Drab swimwear, minimalist luxury",TRUE,Color,Olive Drab,Size,S,TWESSIE_SG_BT_0110-Olive Drab-S,168.0,,10
twessie-sg-bt-0110,Olive Drab Sculptural Matte Ribbed Knit Bikini Top,<p>Crafted in premium Matte Ribbed Knit with Crinkled Seersucker accents. This bikini top epitomizes architectural elegance luxury. Featuring color-blocking in Olive Drab and Burnt Terracotta. Perfect for the discerning swimmer who refuses the obvious.</p>,Twessie,Bikini Top,"independent fashion, architectural swimsuit, minimalist bikini top, luxury Olive Drab swimwear, minimalist luxury",TRUE,Color,Olive Drab,Size,M,TWESSIE_SG_BT_0110-Olive Drab-M,168.0,,10
twessie-sg-bt-0110,Olive Drab Sculptural Matte Ribbed Knit Bikini Top,<p>Crafted in premium Matte Ribbed Knit with Crinkled Seersucker accents. This bikini top epitomizes architectural elegance luxury. Featuring color-blocking in Olive Drab and Burnt Terracotta. Perfect for the discerning swimmer who refuses the obvious.</p>,Twessie,Bikini Top,"independent fashion, architectural swimsuit, minimalist bikini top, luxury Olive Drab swimwear, minimalist luxury",TRUE,Color,Olive Drab,Size,L,TWESSIE_SG_BT_0110-Olive Drab-L,168.0,,10
twessie-sg-bt-0110,Olive Drab Sculptural Matte Ribbed Knit Bikini Top,<p>Crafted in premium Matte Ribbed Knit with Crinkled Seersucker accents. This bikini top epitomizes architectural elegance luxury. Featuring color-blocking in Olive Drab and Burnt Terracotta. Perfect for the discerning swimmer who refuses the obvious.</p>,Twessie,Bikini Top,"independent fashion, architectural swimsuit, minimalist bikini top, luxury Olive Drab swimwear, minimalist luxury",TRUE,Color,Olive Drab,Size,XL,TWESSIE_SG_BT_0110-Olive Drab-XL,168.0,,10
twessie-sg-bt-0110,Olive Drab Sculptural Matte Ribbed Knit Bikini Top,<p>Crafted in premium Matte Ribbed Knit with Crinkled Seersucker accents. This bikini top epitomizes architectural elegance luxury. Featuring color-blocking in Olive Drab and Burnt Terracotta. Perfect for the discerning swimmer who refuses the obvious.</p>,Twessie,Bikini Top,"independent fashion, architectural swimsuit, minimalist bikini top, luxury Olive Drab swimwear, minimalist luxury",TRUE,Color,Olive Drab,Size,XXL,TWESSIE_SG_BT_0110-Olive Drab-XXL,168.0,,10
twessie-sg-bt-0110,Olive Drab Sculptural Matte Ribbed Knit Bikini Top,<p>Crafted in premium Matte Ribbed Knit with Crinkled Seersucker accents. This bikini top epitomizes architectural elegance luxury. Featuring color-blocking in Olive Drab and Burnt Terracotta. Perfect for the discerning swimmer who refuses the obvious.</p>,Twessie,Bikini Top,"independent fashion, architectural swimsuit, minimalist bikini top, luxury Olive Drab swimwear, minimalist luxury",TRUE,Color,Burnt Terracotta,Size,XS,TWESSIE_SG_BT_0110-Burnt Terracotta-XS,168.0,,10
twessie-sg-bt-0110,Olive Drab Sculptural Matte Ribbed Knit Bikini Top,<p>Crafted in premium Matte Ribbed Knit with Crinkled Seersucker accents. This bikini top epitomizes architectural elegance luxury. Featuring color-blocking in Olive Drab and Burnt Terracotta. Perfect for the discerning swimmer who refuses the obvious.</p>,Twessie,Bikini Top,"independent fashion, architectural swimsuit, minimalist bikini top, luxury Olive Drab swimwear, minimalist luxury",TRUE,Color,Burnt Terracotta,Size,S,TWESSIE_SG_BT_0110-Burnt Terracotta-S,168.0,,10
twessie-sg-bt-0110,Olive Drab Sculptural Matte Ribbed Knit Bikini Top,<p>Crafted in premium Matte Ribbed Knit with Crinkled Seersucker accents. This bikini top epitomizes architectural elegance luxury. Featuring color-blocking in Olive Drab and Burnt Terracotta. Perfect for the discerning swimmer who refuses the obvious.</p>,Twessie,Bikini Top,"independent fashion, architectural swimsuit, minimalist bikini top, luxury Olive Drab swimwear, minimalist luxury",TRUE,Color,Burnt Terracotta,Size,M,TWESSIE_SG_BT_0110-Burnt Terracotta-M,168.0,,10
twessie-sg-bt-0110,Olive Drab Sculptural Matte Ribbed Knit Bikini Top,<p>Crafted in premium Matte Ribbed Knit with Crinkled Seersucker accents. This bikini top epitomizes architectural elegance luxury. Featuring color-blocking in Olive Drab and Burnt Terracotta. Perfect for the discerning swimmer who refuses the obvious.</p>,Twessie,Bikini Top,"independent fashion, architectural swimsuit, minimalist bikini top, luxury Olive Drab swimwear, minimalist luxury",TRUE,Color,Burnt Terracotta,Size,L,TWESSIE_SG_BT_0110-Burnt Terracotta-L,168.0,,10
twessie-sg-bt-0110,Olive Drab Sculptural Matte Ribbed Knit Bikini Top,<p>Crafted in premium Matte Ribbed Knit with Crinkled Seersucker accents. This bikini top epitomizes architectural elegance luxury. Featuring color-blocking in Olive Drab and Burnt Terracotta. Perfect for the discerning swimmer who refuses the obvious.</p>,Twessie,Bikini Top,"independent fashion, architectural swimsuit, minimalist bikini top, luxury Olive Drab swimwear, minimalist luxury",TRUE,Color,Burnt Terracotta,Size,XL,TWESSIE_SG_BT_0110-Burnt Terracotta-XL,168.0,,10
twessie-sg-bt-0110,Olive Drab Sculptural Matte Ribbed Knit Bikini Top,<p>Crafted in premium Matte Ribbed Knit with Crinkled Seersucker accents. This bikini top epitomizes architectural elegance luxury. Featuring color-blocking in Olive Drab and Burnt Terracotta. Perfect for the discerning swimmer who refuses the obvious.</p>,Twessie,Bikini Top,"independent fashion, architectural swimsuit, minimalist bikini top, luxury Olive Drab swimwear, minimalist luxury",TRUE,Color,Burnt Terracotta,Size,XXL,TWESSIE_SG_BT_0110-Burnt Terracotta-XXL,168.0,,10
twessie-jp-op-0201,Minimalist Matte Ribbed Knit One-Piece,<p>Crafted in premium Matte Ribbed Knit with Econyl Sleek Satin accents. This one-piece epitomizes anti-fashion statement luxury. Featuring color-blocking in Olive Drab and Burnt Terracotta. Perfect for the discerning swimmer who refuses the obvious.</p>,Twessie,One-Piece,"minimalist luxury, high-end swimwear, architectural swimsuit, Matte Ribbed Knit bikini, independent fashion",TRUE,Color,Olive Drab,Size,XS,TWESSIE_JP_OP_0201-Olive Drab-XS,168.0,,10
twessie-jp-op-0201,Minimalist Matte Ribbed Knit One-Piece,<p>Crafted in premium Matte Ribbed Knit with Econyl Sleek Satin accents. This one-piece epitomizes anti-fashion statement luxury. Featuring color-blocking in Olive Drab and Burnt Terracotta. Perfect for the discerning swimmer who refuses the obvious.</p>,Twessie,One-Piece,"minimalist luxury, high-end swimwear, architectural swimsuit, Matte Ribbed Knit bikini, independent fashion",TRUE,Color,Olive Drab,Size,S,TWESSIE_JP_OP_0201-Olive Drab-S,168.0,,10
twessie-jp-op-0201,Minimalist Matte Ribbed Knit One-Piece,<p>Crafted in premium Matte Ribbed Knit with Econyl Sleek Satin accents. This one-piece epitomizes anti-fashion statement luxury. Featuring color-blocking in Olive Drab and Burnt Terracotta. Perfect for the discerning swimmer who refuses the obvious.</p>,Twessie,One-Piece,"minimalist luxury, high-end swimwear, architectural swimsuit, Matte Ribbed Knit bikini, independent fashion",TRUE,Color,Olive Drab,Size,M,TWESSIE_JP_OP_0201-Olive Drab-M,168.0,,10
twessie-jp-op-0201,Minimalist Matte Ribbed Knit One-Piece,<p>Crafted in premium Matte Ribbed Knit with Econyl Sleek Satin accents. This one-piece epitomizes anti-fashion statement luxury. Featuring color-blocking in Olive Drab and Burnt Terracotta. Perfect for the discerning swimmer who refuses the obvious.</p>,Twessie,One-Piece,"minimalist luxury, high-end swimwear, architectural swimsuit, Matte Ribbed Knit bikini, independent fashion",TRUE,Color,Olive Drab,Size,L,TWESSIE_JP_OP_0201-Olive Drab-L,168.0,,10
twessie-jp-op-0201,Minimalist Matte Ribbed Knit One-Piece,<p>Crafted in premium Matte Ribbed Knit with Econyl Sleek Satin accents. This one-piece epitomizes anti-fashion statement luxury. Featuring color-blocking in Olive Drab and Burnt Terracotta. Perfect for the discerning swimmer who refuses the obvious.</p>,Twessie,One-Piece,"minimalist luxury, high-end swimwear, architectural swimsuit, Matte Ribbed Knit bikini, independent fashion",TRUE,Color,Olive Drab,Size,XL,TWESSIE_JP_OP_0201-Olive Drab-XL,168.0,,10
twessie-jp-op-0201,Minimalist Matte Ribbed Knit One-Piece,<p>Crafted in premium Matte Ribbed Knit with Econyl Sleek Satin accents. This one-piece epitomizes anti-fashion statement luxury. Featuring color-blocking in Olive Drab and Burnt Terracotta. Perfect for the discerning swimmer who refuses the obvious.</p>,Twessie,One-Piece,"minimalist luxury, high-end swimwear, architectural swimsuit, Matte Ribbed Knit bikini, independent fashion",TRUE,Color,Olive Drab,Size,XXL,TWESSIE_JP_OP_0201-Olive Drab-XXL,168.0,,10
twessie-jp-op-0201,Minimalist Matte Ribbed Knit One-Piece,<p>Crafted in premium Matte Ribbed Knit with Econyl Sleek Satin accents. This one-piece epitomizes anti-fashion statement luxury. Featuring color-blocking in Olive Drab and Burnt Terracotta. Perfect for the discerning swimmer who refuses the obvious.</p>,Twessie,One-Piece,"minimalist luxury, high-end swimwear, architectural swimsuit, Matte Ribbed Knit bikini, independent fashion",TRUE,Color,Burnt Terracotta,Size,XS,TWESSIE_JP_OP_0201-Burnt Terracotta-XS,168.0,,10
twessie-jp-op-0201,Minimalist Matte Ribbed Knit One-Piece,<p>Crafted in premium Matte Ribbed Knit with Econyl Sleek Satin accents. This one-piece epitomizes anti-fashion statement luxury. Featuring color-blocking in Olive Drab and Burnt Terracotta. Perfect for the discerning swimmer who refuses the obvious.</p>,Twessie,One-Piece,"minimalist luxury, high-end swimwear, architectural swimsuit, Matte Ribbed Knit bikini, independent fashion",TRUE,Color,Burnt Terracotta,Size,S,TWESSIE_JP_OP_0201-Burnt Terracotta-S,168.0,,10
twessie-jp-op-0201,Minimalist Matte Ribbed Knit One-Piece,<p>Crafted in premium Matte Ribbed Knit with Econyl Sleek Satin accents. This one-piece epitomizes anti-fashion statement luxury. Featuring color-blocking in Olive Drab and Burnt Terracotta. Perfect for the discerning swimmer who refuses the obvious.</p>,Twessie,One-Piece,"minimalist luxury, high-end swimwear, architectural swimsuit, Matte Ribbed Knit bikini, independent fashion",TRUE,Color,Burnt Terracotta,Size,M,TWESSIE_JP_OP_0201-Burnt Terracotta-M,168.0,,10
twessie-jp-op-0201,Minimalist Matte Ribbed Knit One-Piece,<p>Crafted in premium Matte Ribbed Knit with Econyl Sleek Satin accents. This one-piece epitomizes anti-fashion statement luxury. Featuring color-blocking in Olive Drab and Burnt Terracotta. Perfect for the discerning swimmer who refuses the obvious.</p>,Twessie,One-Piece,"minimalist luxury, high-end swimwear, architectural swimsuit, Matte Ribbed Knit bikini, independent fashion",TRUE,Color,Burnt Terracotta,Size,L,TWESSIE_JP_OP_0201-Burnt Terracotta-L,168.0,,10
twessie-jp-op-0201,Minimalist Matte Ribbed Knit One-Piece,<p>Crafted in premium Matte Ribbed Knit with Econyl Sleek Satin accents. This one-piece epitomizes anti-fashion statement luxury. Featuring color-blocking in Olive Drab and Burnt Terracotta. Perfect for the discerning swimmer who refuses the obvious.</p>,Twessie,One-Piece,"minimalist luxury, high-end swimwear, architectural swimsuit, Matte Ribbed Knit bikini, independent fashion",TRUE,Color,Burnt Terracotta,Size,XL,TWESSIE_JP_OP_0201-Burnt Terracotta-XL,168.0,,10
twessie-jp-op-0201,Minimalist Matte Ribbed Knit One-Piece,<p>Crafted in premium Matte Ribbed Knit with Econyl Sleek Satin accents. This one-piece epitomizes anti-fashion statement luxury. Featuring color-blocking in Olive Drab and Burnt Terracotta. Perfect for the discerning swimmer who refuses the obvious.</p>,Twessie,One-Piece,"minimalist luxury, high-end swimwear, architectural swimsuit, Matte Ribbed Knit bikini, independent fashion",TRUE,Color,Burnt Terracotta,Size,XXL,TWESSIE_JP_OP_0201-Burnt Terracotta-XXL,168.0,,10
twessie-jp-op-0202,Sculptural Obsidian Black Monokini,<p>Crafted in premium Econyl Sleek Satin with Matte Ribbed Knit accents. This one-piece epitomizes intelligent aesthetic luxury. Featuring color-blocking in Obsidian Black and Burnt Terracotta. Perfect for the discerning swimmer who refuses the obvious.</p>,Twessie,One-Piece,"Econyl Sleek Satin bikini, architectural swimsuit, luxury Obsidian Black swimwear, independent fashion, minimalist one-piece",TRUE,Color,Obsidian Black,Size,XS,TWESSIE_JP_OP_0202-Obsidian Black-XS,168.0,,10
twessie-jp-op-0202,Sculptural Obsidian Black Monokini,<p>Crafted in premium Econyl Sleek Satin with Matte Ribbed Knit accents. This one-piece epitomizes intelligent aesthetic luxury. Featuring color-blocking in Obsidian Black and Burnt Terracotta. Perfect for the discerning swimmer who refuses the obvious.</p>,Twessie,One-Piece,"Econyl Sleek Satin bikini, architectural swimsuit, luxury Obsidian Black swimwear, independent fashion, minimalist one-piece",TRUE,Color,Obsidian Black,Size,S,TWESSIE_JP_OP_0202-Obsidian Black-S,168.0,,10
twessie-jp-op-0202,Sculptural Obsidian Black Monokini,<p>Crafted in premium Econyl Sleek Satin with Matte Ribbed Knit accents. This one-piece epitomizes intelligent aesthetic luxury. Featuring color-blocking in Obsidian Black and Burnt Terracotta. Perfect for the discerning swimmer who refuses the obvious.</p>,Twessie,One-Piece,"Econyl Sleek Satin bikini, architectural swimsuit, luxury Obsidian Black swimwear, independent fashion, minimalist one-piece",TRUE,Color,Obsidian Black,Size,M,TWESSIE_JP_OP_0202-Obsidian Black-M,168.0,,10
twessie-jp-op-0202,Sculptural Obsidian Black Monokini,<p>Crafted in premium Econyl Sleek Satin with Matte Ribbed Knit accents. This one-piece epitomizes intelligent aesthetic luxury. Featuring color-blocking in Obsidian Black and Burnt Terracotta. Perfect for the discerning swimmer who refuses the obvious.</p>,Twessie,One-Piece,"Econyl Sleek Satin bikini, architectural swimsuit, luxury Obsidian Black swimwear, independent fashion, minimalist one-piece",TRUE,Color,Obsidian Black,Size,L,TWESSIE_JP_OP_0202-Obsidian Black-L,168.0,,10
twessie-jp-op-0202,Sculptural Obsidian Black Monokini,<p>Crafted in premium Econyl Sleek Satin with Matte Ribbed Knit accents. This one-piece epitomizes intelligent aesthetic luxury. Featuring color-blocking in Obsidian Black and Burnt Terracotta. Perfect for the discerning swimmer who refuses the obvious.</p>,Twessie,One-Piece,"Econyl Sleek Satin bikini, architectural swimsuit, luxury Obsidian Black swimwear, independent fashion, minimalist one-piece",TRUE,Color,Obsidian Black,Size,XL,TWESSIE_JP_OP_0202-Obsidian Black-XL,168.0,,10
twessie-jp-op-0202,Sculptural Obsidian Black Monokini,<p>Crafted in premium Econyl Sleek Satin with Matte Ribbed Knit accents. This one-piece epitomizes intelligent aesthetic luxury. Featuring color-blocking in Obsidian Black and Burnt Terracotta. Perfect for the discerning swimmer who refuses the obvious.</p>,Twessie,One-Piece,"Econyl Sleek Satin bikini, architectural swimsuit, luxury Obsidian Black swimwear, independent fashion, minimalist one-piece",TRUE,Color,Obsidian Black,Size,XXL,TWESSIE_JP_OP_0202-Obsidian Black-XXL,168.0,,10
twessie-jp-op-0202,Sculptural Obsidian Black Monokini,<p>Crafted in premium Econyl Sleek Satin with Matte Ribbed Knit accents. This one-piece epitomizes intelligent aesthetic luxury. Featuring color-blocking in Obsidian Black and Burnt Terracotta. Perfect for the discerning swimmer who refuses the obvious.</p>,Twessie,One-Piece,"Econyl Sleek Satin bikini, architectural swimsuit, luxury Obsidian Black swimwear, independent fashion, minimalist one-piece",TRUE,Color,Burnt Terracotta,Size,XS,TWESSIE_JP_OP_0202-Burnt Terracotta-XS,168.0,,10
twessie-jp-op-0202,Sculptural Obsidian Black Monokini,<p>Crafted in premium Econyl Sleek Satin with Matte Ribbed Knit accents. This one-piece epitomizes intelligent aesthetic luxury. Featuring color-blocking in Obsidian Black and Burnt Terracotta. Perfect for the discerning swimmer who refuses the obvious.</p>,Twessie,One-Piece,"Econyl Sleek Satin bikini, architectural swimsuit, luxury Obsidian Black swimwear, independent fashion, minimalist one-piece",TRUE,Color,Burnt Terracotta,Size,S,TWESSIE_JP_OP_0202-Burnt Terracotta-S,168.0,,10
twessie-jp-op-0202,Sculptural Obsidian Black Monokini,<p>Crafted in premium Econyl Sleek Satin with Matte Ribbed Knit accents. This one-piece epitomizes intelligent aesthetic luxury. Featuring color-blocking in Obsidian Black and Burnt Terracotta. Perfect for the discerning swimmer who refuses the obvious.</p>,Twessie,One-Piece,"Econyl Sleek Satin bikini, architectural swimsuit, luxury Obsidian Black swimwear, independent fashion, minimalist one-piece",TRUE,Color,Burnt Terracotta,Size,M,TWESSIE_JP_OP_0202-Burnt Terracotta-M,168.0,,10
twessie-jp-op-0202,Sculptural Obsidian Black Monokini,<p>Crafted in premium Econyl Sleek Satin with Matte Ribbed Knit accents. This one-piece epitomizes intelligent aesthetic luxury. Featuring color-blocking in Obsidian Black and Burnt Terracotta. Perfect for the discerning swimmer who refuses the obvious.</p>,Twessie,One-Piece,"Econyl Sleek Satin bikini, architectural swimsuit, luxury Obsidian Black swimwear, independent fashion, minimalist one-piece",TRUE,Color,Burnt Terracotta,Size,L,TWESSIE_JP_OP_0202-Burnt Terracotta-L,168.0,,10
twessie-jp-op-0202,Sculptural Obsidian Black Monokini,<p>Crafted in premium Econyl Sleek Satin with Matte Ribbed Knit accents. This one-piece epitomizes intelligent aesthetic luxury. Featuring color-blocking in Obsidian Black and Burnt Terracotta. Perfect for the discerning swimmer who refuses the obvious.</p>,Twessie,One-Piece,"Econyl Sleek Satin bikini, architectural swimsuit, luxury Obsidian Black swimwear, independent fashion, minimalist one-piece",TRUE,Color,Burnt Terracotta,Size,XL,TWESSIE_JP_OP_0202-Burnt Terracotta-XL,168.0,,10
twessie-jp-op-0202,Sculptural Obsidian Black Monokini,<p>Crafted in premium Econyl Sleek Satin with Matte Ribbed Knit accents. This one-piece epitomizes intelligent aesthetic luxury. Featuring color-blocking in Obsidian Black and Burnt Terracotta. Perfect for the discerning swimmer who refuses the obvious.</p>,Twessie,One-Piece,"Econyl Sleek Satin bikini, architectural swimsuit, luxury Obsidian Black swimwear, independent fashion, minimalist one-piece",TRUE,Color,Burnt Terracotta,Size,XXL,TWESSIE_JP_OP_0202-Burnt Terracotta-XXL,168.0,,10
twessie-jp-bb-0203,High-Cut Obsidian Black Bikini Brief,<p>Crafted in premium Econyl Sleek Satin with Crinkled Seersucker accents. This bikini bottom epitomizes anti-fashion statement luxury. Featuring color-blocking in Obsidian Black and Chalk White. Perfect for the discerning swimmer who refuses the obvious.</p>,Twessie,Bikini Bottom,"Econyl Sleek Satin bikini, luxury Obsidian Black swimwear, independent fashion, high-end swimwear, minimalist bikini bottom",TRUE,Color,Obsidian Black,Size,XS,TWESSIE_JP_BB_0203-Obsidian Black-XS,168.0,,10
twessie-jp-bb-0203,High-Cut Obsidian Black Bikini Brief,<p>Crafted in premium Econyl Sleek Satin with Crinkled Seersucker accents. This bikini bottom epitomizes anti-fashion statement luxury. Featuring color-blocking in Obsidian Black and Chalk White. Perfect for the discerning swimmer who refuses the obvious.</p>,Twessie,Bikini Bottom,"Econyl Sleek Satin bikini, luxury Obsidian Black swimwear, independent fashion, high-end swimwear, minimalist bikini bottom",TRUE,Color,Obsidian Black,Size,S,TWESSIE_JP_BB_0203-Obsidian Black-S,168.0,,10
twessie-jp-bb-0203,High-Cut Obsidian Black Bikini Brief,<p>Crafted in premium Econyl Sleek Satin with Crinkled Seersucker accents. This bikini bottom epitomizes anti-fashion statement luxury. Featuring color-blocking in Obsidian Black and Chalk White. Perfect for the discerning swimmer who refuses the obvious.</p>,Twessie,Bikini Bottom,"Econyl Sleek Satin bikini, luxury Obsidian Black swimwear, independent fashion, high-end swimwear, minimalist bikini bottom",TRUE,Color,Obsidian Black,Size,M,TWESSIE_JP_BB_0203-Obsidian Black-M,168.0,,10
twessie-jp-bb-0203,High-Cut Obsidian Black Bikini Brief,<p>Crafted in premium Econyl Sleek Satin with Crinkled Seersucker accents. This bikini bottom epitomizes anti-fashion statement luxury. Featuring color-blocking in Obsidian Black and Chalk White. Perfect for the discerning swimmer who refuses the obvious.</p>,Twessie,Bikini Bottom,"Econyl Sleek Satin bikini, luxury Obsidian Black swimwear, independent fashion, high-end swimwear, minimalist bikini bottom",TRUE,Color,Obsidian Black,Size,L,TWESSIE_JP_BB_0203-Obsidian Black-L,168.0,,10
twessie-jp-bb-0203,High-Cut Obsidian Black Bikini Brief,<p>Crafted in premium Econyl Sleek Satin with Crinkled Seersucker accents. This bikini bottom epitomizes anti-fashion statement luxury. Featuring color-blocking in Obsidian Black and Chalk White. Perfect for the discerning swimmer who refuses the obvious.</p>,Twessie,Bikini Bottom,"Econyl Sleek Satin bikini, luxury Obsidian Black swimwear, independent fashion, high-end swimwear, minimalist bikini bottom",TRUE,Color,Obsidian Black,Size,XL,TWESSIE_JP_BB_0203-Obsidian Black-XL,168.0,,10
twessie-jp-bb-0203,High-Cut Obsidian Black Bikini Brief,<p>Crafted in premium Econyl Sleek Satin with Crinkled Seersucker accents. This bikini bottom epitomizes anti-fashion statement luxury. Featuring color-blocking in Obsidian Black and Chalk White. Perfect for the discerning swimmer who refuses the obvious.</p>,Twessie,Bikini Bottom,"Econyl Sleek Satin bikini, luxury Obsidian Black swimwear, independent fashion, high-end swimwear, minimalist bikini bottom",TRUE,Color,Obsidian Black,Size,XXL,TWESSIE_JP_BB_0203-Obsidian Black-XXL,168.0,,10
twessie-jp-bb-0203,High-Cut Obsidian Black Bikini Brief,<p>Crafted in premium Econyl Sleek Satin with Crinkled Seersucker accents. This bikini bottom epitomizes anti-fashion statement luxury. Featuring color-blocking in Obsidian Black and Chalk White. Perfect for the discerning swimmer who refuses the obvious.</p>,Twessie,Bikini Bottom,"Econyl Sleek Satin bikini, luxury Obsidian Black swimwear, independent fashion, high-end swimwear, minimalist bikini bottom",TRUE,Color,Chalk White,Size,XS,TWESSIE_JP_BB_0203-Chalk White-XS,168.0,,10
twessie-jp-bb-0203,High-Cut Obsidian Black Bikini Brief,<p>Crafted in premium Econyl Sleek Satin with Crinkled Seersucker accents. This bikini bottom epitomizes anti-fashion statement luxury. Featuring color-blocking in Obsidian Black and Chalk White. Perfect for the discerning swimmer who refuses the obvious.</p>,Twessie,Bikini Bottom,"Econyl Sleek Satin bikini, luxury Obsidian Black swimwear, independent fashion, high-end swimwear, minimalist bikini bottom",TRUE,Color,Chalk White,Size,S,TWESSIE_JP_BB_0203-Chalk White-S,168.0,,10
twessie-jp-bb-0203,High-Cut Obsidian Black Bikini Brief,<p>Crafted in premium Econyl Sleek Satin with Crinkled Seersucker accents. This bikini bottom epitomizes anti-fashion statement luxury. Featuring color-blocking in Obsidian Black and Chalk White. Perfect for the discerning swimmer who refuses the obvious.</p>,Twessie,Bikini Bottom,"Econyl Sleek Satin bikini, luxury Obsidian Black swimwear, independent fashion, high-end swimwear, minimalist bikini bottom",TRUE,Color,Chalk White,Size,M,TWESSIE_JP_BB_0203-Chalk White-M,168.0,,10
twessie-jp-bb-0203,High-Cut Obsidian Black Bikini Brief,<p>Crafted in premium Econyl Sleek Satin with Crinkled Seersucker accents. This bikini bottom epitomizes anti-fashion statement luxury. Featuring color-blocking in Obsidian Black and Chalk White. Perfect for the discerning swimmer who refuses the obvious.</p>,Twessie,Bikini Bottom,"Econyl Sleek Satin bikini, luxury Obsidian Black swimwear, independent fashion, high-end swimwear, minimalist bikini bottom",TRUE,Color,Chalk White,Size,L,TWESSIE_JP_BB_0203-Chalk White-L,168.0,,10
twessie-jp-bb-0203,High-Cut Obsidian Black Bikini Brief,<p>Crafted in premium Econyl Sleek Satin with Crinkled Seersucker accents. This bikini bottom epitomizes anti-fashion statement luxury. Featuring color-blocking in Obsidian Black and Chalk White. Perfect for the discerning swimmer who refuses the obvious.</p>,Twessie,Bikini Bottom,"Econyl Sleek Satin bikini, luxury Obsidian Black swimwear, independent fashion, high-end swimwear, minimalist bikini bottom",TRUE,Color,Chalk White,Size,XL,TWESSIE_JP_BB_0203-Chalk White-XL,168.0,,10
twessie-jp-bb-0203,High-Cut Obsidian Black Bikini Brief,<p>Crafted in premium Econyl Sleek Satin with Crinkled Seersucker accents. This bikini bottom epitomizes anti-fashion statement luxury. Featuring color-blocking in Obsidian Black and Chalk White. Perfect for the discerning swimmer who refuses the obvious.</p>,Twessie,Bikini Bottom,"Econyl Sleek Satin bikini, luxury Obsidian Black swimwear, independent fashion, high-end swimwear, minimalist bikini bottom",TRUE,Color,Chalk White,Size,XXL,TWESSIE_JP_BB_0203-Chalk White-XXL,168.0,,10
twessie-au-bt-0204,Architecture-Cut Chalk White Bikini Top,<p>A statement piece in Crinkled Seersucker. This bikini top combines anti-fashion statement design with impeccable craftsmanship. Available in Chalk White with Stone Gray detailing. Not loud. Not obvious. Unmistakably Twessie.</p>,Twessie,Bikini Top,"minimalist luxury, Crinkled Seersucker bikini, high-end swimwear, independent fashion, luxury Chalk White swimwear",TRUE,Color,Chalk White,Size,XS,TWESSIE_AU_BT_0204-Chalk White-XS,168.0,,10
twessie-au-bt-0204,Architecture-Cut Chalk White Bikini Top,<p>A statement piece in Crinkled Seersucker. This bikini top combines anti-fashion statement design with impeccable craftsmanship. Available in Chalk White with Stone Gray detailing. Not loud. Not obvious. Unmistakably Twessie.</p>,Twessie,Bikini Top,"minimalist luxury, Crinkled Seersucker bikini, high-end swimwear, independent fashion, luxury Chalk White swimwear",TRUE,Color,Chalk White,Size,S,TWESSIE_AU_BT_0204-Chalk White-S,168.0,,10
twessie-au-bt-0204,Architecture-Cut Chalk White Bikini Top,<p>A statement piece in Crinkled Seersucker. This bikini top combines anti-fashion statement design with impeccable craftsmanship. Available in Chalk White with Stone Gray detailing. Not loud. Not obvious. Unmistakably Twessie.</p>,Twessie,Bikini Top,"minimalist luxury, Crinkled Seersucker bikini, high-end swimwear, independent fashion, luxury Chalk White swimwear",TRUE,Color,Chalk White,Size,M,TWESSIE_AU_BT_0204-Chalk White-M,168.0,,10
twessie-au-bt-0204,Architecture-Cut Chalk White Bikini Top,<p>A statement piece in Crinkled Seersucker. This bikini top combines anti-fashion statement design with impeccable craftsmanship. Available in Chalk White with Stone Gray detailing. Not loud. Not obvious. Unmistakably Twessie.</p>,Twessie,Bikini Top,"minimalist luxury, Crinkled Seersucker bikini, high-end swimwear, independent fashion, luxury Chalk White swimwear",TRUE,Color,Chalk White,Size,L,TWESSIE_AU_BT_0204-Chalk White-L,168.0,,10
twessie-au-bt-0204,Architecture-Cut Chalk White Bikini Top,<p>A statement piece in Crinkled Seersucker. This bikini top combines anti-fashion statement design with impeccable craftsmanship. Available in Chalk White with Stone Gray detailing. Not loud. Not obvious. Unmistakably Twessie.</p>,Twessie,Bikini Top,"minimalist luxury, Crinkled Seersucker bikini, high-end swimwear, independent fashion, luxury Chalk White swimwear",TRUE,Color,Chalk White,Size,XL,TWESSIE_AU_BT_0204-Chalk White-XL,168.0,,10
twessie-au-bt-0204,Architecture-Cut Chalk White Bikini Top,<p>A statement piece in Crinkled Seersucker. This bikini top combines anti-fashion statement design with impeccable craftsmanship. Available in Chalk White with Stone Gray detailing. Not loud. Not obvious. Unmistakably Twessie.</p>,Twessie,Bikini Top,"minimalist luxury, Crinkled Seersucker bikini, high-end swimwear, independent fashion, luxury Chalk White swimwear",TRUE,Color,Chalk White,Size,XXL,TWESSIE_AU_BT_0204-Chalk White-XXL,168.0,,10
twessie-au-bt-0204,Architecture-Cut Chalk White Bikini Top,<p>A statement piece in Crinkled Seersucker. This bikini top combines anti-fashion statement design with impeccable craftsmanship. Available in Chalk White with Stone Gray detailing. Not loud. Not obvious. Unmistakably Twessie.</p>,Twessie,Bikini Top,"minimalist luxury, Crinkled Seersucker bikini, high-end swimwear, independent fashion, luxury Chalk White swimwear",TRUE,Color,Stone Gray,Size,XS,TWESSIE_AU_BT_0204-Stone Gray-XS,168.0,,10
twessie-au-bt-0204,Architecture-Cut Chalk White Bikini Top,<p>A statement piece in Crinkled Seersucker. This bikini top combines anti-fashion statement design with impeccable craftsmanship. Available in Chalk White with Stone Gray detailing. Not loud. Not obvious. Unmistakably Twessie.</p>,Twessie,Bikini Top,"minimalist luxury, Crinkled Seersucker bikini, high-end swimwear, independent fashion, luxury Chalk White swimwear",TRUE,Color,Stone Gray,Size,S,TWESSIE_AU_BT_0204-Stone Gray-S,168.0,,10
twessie-au-bt-0204,Architecture-Cut Chalk White Bikini Top,<p>A statement piece in Crinkled Seersucker. This bikini top combines anti-fashion statement design with impeccable craftsmanship. Available in Chalk White with Stone Gray detailing. Not loud. Not obvious. Unmistakably Twessie.</p>,Twessie,Bikini Top,"minimalist luxury, Crinkled Seersucker bikini, high-end swimwear, independent fashion, luxury Chalk White swimwear",TRUE,Color,Stone Gray,Size,M,TWESSIE_AU_BT_0204-Stone Gray-M,168.0,,10
twessie-au-bt-0204,Architecture-Cut Chalk White Bikini Top,<p>A statement piece in Crinkled Seersucker. This bikini top combines anti-fashion statement design with impeccable craftsmanship. Available in Chalk White with Stone Gray detailing. Not loud. Not obvious. Unmistakably Twessie.</p>,Twessie,Bikini Top,"minimalist luxury, Crinkled Seersucker bikini, high-end swimwear, independent fashion, luxury Chalk White swimwear",TRUE,Color,Stone Gray,Size,L,TWESSIE_AU_BT_0204-Stone Gray-L,168.0,,10
twessie-au-bt-0204,Architecture-Cut Chalk White Bikini Top,<p>A statement piece in Crinkled Seersucker. This bikini top combines anti-fashion statement design with impeccable craftsmanship. Available in Chalk White with Stone Gray detailing. Not loud. Not obvious. Unmistakably Twessie.</p>,Twessie,Bikini Top,"minimalist luxury, Crinkled Seersucker bikini, high-end swimwear, independent fashion, luxury Chalk White swimwear",TRUE,Color,Stone Gray,Size,XL,TWESSIE_AU_BT_0204-Stone Gray-XL,168.0,,10
twessie-au-bt-0204,Architecture-Cut Chalk White Bikini Top,<p>A statement piece in Crinkled Seersucker. This bikini top combines anti-fashion statement design with impeccable craftsmanship. Available in Chalk White with Stone Gray detailing. Not loud. Not obvious. Unmistakably Twessie.</p>,Twessie,Bikini Top,"minimalist luxury, Crinkled Seersucker bikini, high-end swimwear, independent fashion, luxury Chalk White swimwear",TRUE,Color,Stone Gray,Size,XXL,TWESSIE_AU_BT_0204-Stone Gray-XXL,168.0,,10
twessie-jp-bb-0205,Structural Matte Ribbed Knit Bikini Bottom,<p>Crafted in premium Matte Ribbed Knit with Crinkled Seersucker accents. This bikini bottom epitomizes rebellious yet refined luxury. Featuring color-blocking in Burnt Terracotta and Olive Drab. Perfect for the discerning swimmer who refuses the obvious.</p>,Twessie,Bikini Bottom,"high-end swimwear, minimalist luxury, minimalist bikini bottom, architectural swimsuit, luxury Burnt Terracotta swimwear",TRUE,Color,Burnt Terracotta,Size,XS,TWESSIE_JP_BB_0205-Burnt Terracotta-XS,168.0,,10
twessie-jp-bb-0205,Structural Matte Ribbed Knit Bikini Bottom,<p>Crafted in premium Matte Ribbed Knit with Crinkled Seersucker accents. This bikini bottom epitomizes rebellious yet refined luxury. Featuring color-blocking in Burnt Terracotta and Olive Drab. Perfect for the discerning swimmer who refuses the obvious.</p>,Twessie,Bikini Bottom,"high-end swimwear, minimalist luxury, minimalist bikini bottom, architectural swimsuit, luxury Burnt Terracotta swimwear",TRUE,Color,Burnt Terracotta,Size,S,TWESSIE_JP_BB_0205-Burnt Terracotta-S,168.0,,10
twessie-jp-bb-0205,Structural Matte Ribbed Knit Bikini Bottom,<p>Crafted in premium Matte Ribbed Knit with Crinkled Seersucker accents. This bikini bottom epitomizes rebellious yet refined luxury. Featuring color-blocking in Burnt Terracotta and Olive Drab. Perfect for the discerning swimmer who refuses the obvious.</p>,Twessie,Bikini Bottom,"high-end swimwear, minimalist luxury, minimalist bikini bottom, architectural swimsuit, luxury Burnt Terracotta swimwear",TRUE,Color,Burnt Terracotta,Size,M,TWESSIE_JP_BB_0205-Burnt Terracotta-M,168.0,,10
twessie-jp-bb-0205,Structural Matte Ribbed Knit Bikini Bottom,<p>Crafted in premium Matte Ribbed Knit with Crinkled Seersucker accents. This bikini bottom epitomizes rebellious yet refined luxury. Featuring color-blocking in Burnt Terracotta and Olive Drab. Perfect for the discerning swimmer who refuses the obvious.</p>,Twessie,Bikini Bottom,"high-end swimwear, minimalist luxury, minimalist bikini bottom, architectural swimsuit, luxury Burnt Terracotta swimwear",TRUE,Color,Burnt Terracotta,Size,L,TWESSIE_JP_BB_0205-Burnt Terracotta-L,168.0,,10
twessie-jp-bb-0205,Structural Matte Ribbed Knit Bikini Bottom,<p>Crafted in premium Matte Ribbed Knit with Crinkled Seersucker accents. This bikini bottom epitomizes rebellious yet refined luxury. Featuring color-blocking in Burnt Terracotta and Olive Drab. Perfect for the discerning swimmer who refuses the obvious.</p>,Twessie,Bikini Bottom,"high-end swimwear, minimalist luxury, minimalist bikini bottom, architectural swimsuit, luxury Burnt Terracotta swimwear",TRUE,Color,Burnt Terracotta,Size,XL,TWESSIE_JP_BB_0205-Burnt Terracotta-XL,168.0,,10
twessie-jp-bb-0205,Structural Matte Ribbed Knit Bikini Bottom,<p>Crafted in premium Matte Ribbed Knit with Crinkled Seersucker accents. This bikini bottom epitomizes rebellious yet refined luxury. Featuring color-blocking in Burnt Terracotta and Olive Drab. Perfect for the discerning swimmer who refuses the obvious.</p>,Twessie,Bikini Bottom,"high-end swimwear, minimalist luxury, minimalist bikini bottom, architectural swimsuit, luxury Burnt Terracotta swimwear",TRUE,Color,Burnt Terracotta,Size,XXL,TWESSIE_JP_BB_0205-Burnt Terracotta-XXL,168.0,,10
twessie-jp-bb-0205,Structural Matte Ribbed Knit Bikini Bottom,<p>Crafted in premium Matte Ribbed Knit with Crinkled Seersucker accents. This bikini bottom epitomizes rebellious yet refined luxury. Featuring color-blocking in Burnt Terracotta and Olive Drab. Perfect for the discerning swimmer who refuses the obvious.</p>,Twessie,Bikini Bottom,"high-end swimwear, minimalist luxury, minimalist bikini bottom, architectural swimsuit, luxury Burnt Terracotta swimwear",TRUE,Color,Olive Drab,Size,XS,TWESSIE_JP_BB_0205-Olive Drab-XS,168.0,,10
twessie-jp-bb-0205,Structural Matte Ribbed Knit Bikini Bottom,<p>Crafted in premium Matte Ribbed Knit with Crinkled Seersucker accents. This bikini bottom epitomizes rebellious yet refined luxury. Featuring color-blocking in Burnt Terracotta and Olive Drab. Perfect for the discerning swimmer who refuses the obvious.</p>,Twessie,Bikini Bottom,"high-end swimwear, minimalist luxury, minimalist bikini bottom, architectural swimsuit, luxury Burnt Terracotta swimwear",TRUE,Color,Olive Drab,Size,S,TWESSIE_JP_BB_0205-Olive Drab-S,168.0,,10
twessie-jp-bb-0205,Structural Matte Ribbed Knit Bikini Bottom,<p>Crafted in premium Matte Ribbed Knit with Crinkled Seersucker accents. This bikini bottom epitomizes rebellious yet refined luxury. Featuring color-blocking in Burnt Terracotta and Olive Drab. Perfect for the discerning swimmer who refuses the obvious.</p>,Twessie,Bikini Bottom,"high-end swimwear, minimalist luxury, minimalist bikini bottom, architectural swimsuit, luxury Burnt Terracotta swimwear",TRUE,Color,Olive Drab,Size,M,TWESSIE_JP_BB_0205-Olive Drab-M,168.0,,10
twessie-jp-bb-0205,Structural Matte Ribbed Knit Bikini Bottom,<p>Crafted in premium Matte Ribbed Knit with Crinkled Seersucker accents. This bikini bottom epitomizes rebellious yet refined luxury. Featuring color-blocking in Burnt Terracotta and Olive Drab. Perfect for the discerning swimmer who refuses the obvious.</p>,Twessie,Bikini Bottom,"high-end swimwear, minimalist luxury, minimalist bikini bottom, architectural swimsuit, luxury Burnt Terracotta swimwear",TRUE,Color,Olive Drab,Size,L,TWESSIE_JP_BB_0205-Olive Drab-L,168.0,,10
twessie-jp-bb-0205,Structural Matte Ribbed Knit Bikini Bottom,<p>Crafted in premium Matte Ribbed Knit with Crinkled Seersucker accents. This bikini bottom epitomizes rebellious yet refined luxury. Featuring color-blocking in Burnt Terracotta and Olive Drab. Perfect for the discerning swimmer who refuses the obvious.</p>,Twessie,Bikini Bottom,"high-end swimwear, minimalist luxury, minimalist bikini bottom, architectural swimsuit, luxury Burnt Terracotta swimwear",TRUE,Color,Olive Drab,Size,XL,TWESSIE_JP_BB_0205-Olive Drab-XL,168.0,,10
twessie-jp-bb-0205,Structural Matte Ribbed Knit Bikini Bottom,<p>Crafted in premium Matte Ribbed Knit with Crinkled Seersucker accents. This bikini bottom epitomizes rebellious yet refined luxury. Featuring color-blocking in Burnt Terracotta and Olive Drab. Perfect for the discerning swimmer who refuses the obvious.</p>,Twessie,Bikini Bottom,"high-end swimwear, minimalist luxury, minimalist bikini bottom, architectural swimsuit, luxury Burnt Terracotta swimwear",TRUE,Color,Olive Drab,Size,XXL,TWESSIE_JP_BB_0205-Olive Drab-XXL,168.0,,10
twessie-au-bt-0206,Crinkled Seersucker High-Waist Bikini Top in Stone Gray,<p>Crafted in premium Crinkled Seersucker with Matte Ribbed Knit accents. This bikini top epitomizes architectural elegance luxury. Featuring color-blocking in Stone Gray and Chalk White. Perfect for the discerning swimmer who refuses the obvious.</p>,Twessie,Bikini Top,"high-end swimwear, luxury Stone Gray swimwear, minimalist luxury, independent fashion, Crinkled Seersucker bikini",TRUE,Color,Stone Gray,Size,XS,TWESSIE_AU_BT_0206-Stone Gray-XS,168.0,,10
twessie-au-bt-0206,Crinkled Seersucker High-Waist Bikini Top in Stone Gray,<p>Crafted in premium Crinkled Seersucker with Matte Ribbed Knit accents. This bikini top epitomizes architectural elegance luxury. Featuring color-blocking in Stone Gray and Chalk White. Perfect for the discerning swimmer who refuses the obvious.</p>,Twessie,Bikini Top,"high-end swimwear, luxury Stone Gray swimwear, minimalist luxury, independent fashion, Crinkled Seersucker bikini",TRUE,Color,Stone Gray,Size,S,TWESSIE_AU_BT_0206-Stone Gray-S,168.0,,10
twessie-au-bt-0206,Crinkled Seersucker High-Waist Bikini Top in Stone Gray,<p>Crafted in premium Crinkled Seersucker with Matte Ribbed Knit accents. This bikini top epitomizes architectural elegance luxury. Featuring color-blocking in Stone Gray and Chalk White. Perfect for the discerning swimmer who refuses the obvious.</p>,Twessie,Bikini Top,"high-end swimwear, luxury Stone Gray swimwear, minimalist luxury, independent fashion, Crinkled Seersucker bikini",TRUE,Color,Stone Gray,Size,M,TWESSIE_AU_BT_0206-Stone Gray-M,168.0,,10
twessie-au-bt-0206,Crinkled Seersucker High-Waist Bikini Top in Stone Gray,<p>Crafted in premium Crinkled Seersucker with Matte Ribbed Knit accents. This bikini top epitomizes architectural elegance luxury. Featuring color-blocking in Stone Gray and Chalk White. Perfect for the discerning swimmer who refuses the obvious.</p>,Twessie,Bikini Top,"high-end swimwear, luxury Stone Gray swimwear, minimalist luxury, independent fashion, Crinkled Seersucker bikini",TRUE,Color,Stone Gray,Size,L,TWESSIE_AU_BT_0206-Stone Gray-L,168.0,,10
twessie-au-bt-0206,Crinkled Seersucker High-Waist Bikini Top in Stone Gray,<p>Crafted in premium Crinkled Seersucker with Matte Ribbed Knit accents. This bikini top epitomizes architectural elegance luxury. Featuring color-blocking in Stone Gray and Chalk White. Perfect for the discerning swimmer who refuses the obvious.</p>,Twessie,Bikini Top,"high-end swimwear, luxury Stone Gray swimwear, minimalist luxury, independent fashion, Crinkled Seersucker bikini",TRUE,Color,Stone Gray,Size,XL,TWESSIE_AU_BT_0206-Stone Gray-XL,168.0,,10
twessie-au-bt-0206,Crinkled Seersucker High-Waist Bikini Top in Stone Gray,<p>Crafted in premium Crinkled Seersucker with Matte Ribbed Knit accents. This bikini top epitomizes architectural elegance luxury. Featuring color-blocking in Stone Gray and Chalk White. Perfect for the discerning swimmer who refuses the obvious.</p>,Twessie,Bikini Top,"high-end swimwear, luxury Stone Gray swimwear, minimalist luxury, independent fashion, Crinkled Seersucker bikini",TRUE,Color,Stone Gray,Size,XXL,TWESSIE_AU_BT_0206-Stone Gray-XXL,168.0,,10
twessie-au-bt-0206,Crinkled Seersucker High-Waist Bikini Top in Stone Gray,<p>Crafted in premium Crinkled Seersucker with Matte Ribbed Knit accents. This bikini top epitomizes architectural elegance luxury. Featuring color-blocking in Stone Gray and Chalk White. Perfect for the discerning swimmer who refuses the obvious.</p>,Twessie,Bikini Top,"high-end swimwear, luxury Stone Gray swimwear, minimalist luxury, independent fashion, Crinkled Seersucker bikini",TRUE,Color,Chalk White,Size,XS,TWESSIE_AU_BT_0206-Chalk White-XS,168.0,,10
twessie-au-bt-0206,Crinkled Seersucker High-Waist Bikini Top in Stone Gray,<p>Crafted in premium Crinkled Seersucker with Matte Ribbed Knit accents. This bikini top epitomizes architectural elegance luxury. Featuring color-blocking in Stone Gray and Chalk White. Perfect for the discerning swimmer who refuses the obvious.</p>,Twessie,Bikini Top,"high-end swimwear, luxury Stone Gray swimwear, minimalist luxury, independent fashion, Crinkled Seersucker bikini",TRUE,Color,Chalk White,Size,S,TWESSIE_AU_BT_0206-Chalk White-S,168.0,,10
twessie-au-bt-0206,Crinkled Seersucker High-Waist Bikini Top in Stone Gray,<p>Crafted in premium Crinkled Seersucker with Matte Ribbed Knit accents. This bikini top epitomizes architectural elegance luxury. Featuring color-blocking in Stone Gray and Chalk White. Perfect for the discerning swimmer who refuses the obvious.</p>,Twessie,Bikini Top,"high-end swimwear, luxury Stone Gray swimwear, minimalist luxury, independent fashion, Crinkled Seersucker bikini",TRUE,Color,Chalk White,Size,M,TWESSIE_AU_BT_0206-Chalk White-M,168.0,,10
twessie-au-bt-0206,Crinkled Seersucker High-Waist Bikini Top in Stone Gray,<p>Crafted in premium Crinkled Seersucker with Matte Ribbed Knit accents. This bikini top epitomizes architectural elegance luxury. Featuring color-blocking in Stone Gray and Chalk White. Perfect for the discerning swimmer who refuses the obvious.</p>,Twessie,Bikini Top,"high-end swimwear, luxury Stone Gray swimwear, minimalist luxury, independent fashion, Crinkled Seersucker bikini",TRUE,Color,Chalk White,Size,L,TWESSIE_AU_BT_0206-Chalk White-L,168.0,,10
twessie-au-bt-0206,Crinkled Seersucker High-Waist Bikini Top in Stone Gray,<p>Crafted in premium Crinkled Seersucker with Matte Ribbed Knit accents. This bikini top epitomizes architectural elegance luxury. Featuring color-blocking in Stone Gray and Chalk White. Perfect for the discerning swimmer who refuses the obvious.</p>,Twessie,Bikini Top,"high-end swimwear, luxury Stone Gray swimwear, minimalist luxury, independent fashion, Crinkled Seersucker bikini",TRUE,Color,Chalk White,Size,XL,TWESSIE_AU_BT_0206-Chalk White-XL,168.0,,10
twessie-au-bt-0206,Crinkled Seersucker High-Waist Bikini Top in Stone Gray,<p>Crafted in premium Crinkled Seersucker with Matte Ribbed Knit accents. This bikini top epitomizes architectural elegance luxury. Featuring color-blocking in Stone Gray and Chalk White. Perfect for the discerning swimmer who refuses the obvious.</p>,Twessie,Bikini Top,"high-end swimwear, luxury Stone Gray swimwear, minimalist luxury, independent fashion, Crinkled Seersucker bikini",TRUE,Color,Chalk White,Size,XXL,TWESSIE_AU_BT_0206-Chalk White-XXL,168.0,,10
twessie-sg-ha-0207,Sculptural Halter Accessory - Obsidian Black,<p>A statement piece in Econyl Sleek Satin. This halter strap accessory combines architectural elegance design with impeccable craftsmanship. Available in Obsidian Black with Burnt Terracotta detailing. Not loud. Not obvious. Unmistakably Twessie.</p>,Twessie,Halter Strap Accessory,"architectural swimsuit, independent fashion, minimalist luxury, luxury Obsidian Black swimwear, minimalist halter strap accessory",TRUE,Color,Obsidian Black,Size,XS,TWESSIE_SG_HA_0207-Obsidian Black-XS,168.0,,10
twessie-sg-ha-0207,Sculptural Halter Accessory - Obsidian Black,<p>A statement piece in Econyl Sleek Satin. This halter strap accessory combines architectural elegance design with impeccable craftsmanship. Available in Obsidian Black with Burnt Terracotta detailing. Not loud. Not obvious. Unmistakably Twessie.</p>,Twessie,Halter Strap Accessory,"architectural swimsuit, independent fashion, minimalist luxury, luxury Obsidian Black swimwear, minimalist halter strap accessory",TRUE,Color,Obsidian Black,Size,S,TWESSIE_SG_HA_0207-Obsidian Black-S,168.0,,10
twessie-sg-ha-0207,Sculptural Halter Accessory - Obsidian Black,<p>A statement piece in Econyl Sleek Satin. This halter strap accessory combines architectural elegance design with impeccable craftsmanship. Available in Obsidian Black with Burnt Terracotta detailing. Not loud. Not obvious. Unmistakably Twessie.</p>,Twessie,Halter Strap Accessory,"architectural swimsuit, independent fashion, minimalist luxury, luxury Obsidian Black swimwear, minimalist halter strap accessory",TRUE,Color,Obsidian Black,Size,M,TWESSIE_SG_HA_0207-Obsidian Black-M,168.0,,10
twessie-sg-ha-0207,Sculptural Halter Accessory - Obsidian Black,<p>A statement piece in Econyl Sleek Satin. This halter strap accessory combines architectural elegance design with impeccable craftsmanship. Available in Obsidian Black with Burnt Terracotta detailing. Not loud. Not obvious. Unmistakably Twessie.</p>,Twessie,Halter Strap Accessory,"architectural swimsuit, independent fashion, minimalist luxury, luxury Obsidian Black swimwear, minimalist halter strap accessory",TRUE,Color,Obsidian Black,Size,L,TWESSIE_SG_HA_0207-Obsidian Black-L,168.0,,10
twessie-sg-ha-0207,Sculptural Halter Accessory - Obsidian Black,<p>A statement piece in Econyl Sleek Satin. This halter strap accessory combines architectural elegance design with impeccable craftsmanship. Available in Obsidian Black with Burnt Terracotta detailing. Not loud. Not obvious. Unmistakably Twessie.</p>,Twessie,Halter Strap Accessory,"architectural swimsuit, independent fashion, minimalist luxury, luxury Obsidian Black swimwear, minimalist halter strap accessory",TRUE,Color,Obsidian Black,Size,XL,TWESSIE_SG_HA_0207-Obsidian Black-XL,168.0,,10
twessie-sg-ha-0207,Sculptural Halter Accessory - Obsidian Black,<p>A statement piece in Econyl Sleek Satin. This halter strap accessory combines architectural elegance design with impeccable craftsmanship. Available in Obsidian Black with Burnt Terracotta detailing. Not loud. Not obvious. Unmistakably Twessie.</p>,Twessie,Halter Strap Accessory,"architectural swimsuit, independent fashion, minimalist luxury, luxury Obsidian Black swimwear, minimalist halter strap accessory",TRUE,Color,Obsidian Black,Size,XXL,TWESSIE_SG_HA_0207-Obsidian Black-XXL,168.0,,10
twessie-sg-ha-0207,Sculptural Halter Accessory - Obsidian Black,<p>A statement piece in Econyl Sleek Satin. This halter strap accessory combines architectural elegance design with impeccable craftsmanship. Available in Obsidian Black with Burnt Terracotta detailing. Not loud. Not obvious. Unmistakably Twessie.</p>,Twessie,Halter Strap Accessory,"architectural swimsuit, independent fashion, minimalist luxury, luxury Obsidian Black swimwear, minimalist halter strap accessory",TRUE,Color,Burnt Terracotta,Size,XS,TWESSIE_SG_HA_0207-Burnt Terracotta-XS,168.0,,10
twessie-sg-ha-0207,Sculptural Halter Accessory - Obsidian Black,<p>A statement piece in Econyl Sleek Satin. This halter strap accessory combines architectural elegance design with impeccable craftsmanship. Available in Obsidian Black with Burnt Terracotta detailing. Not loud. Not obvious. Unmistakably Twessie.</p>,Twessie,Halter Strap Accessory,"architectural swimsuit, independent fashion, minimalist luxury, luxury Obsidian Black swimwear, minimalist halter strap accessory",TRUE,Color,Burnt Terracotta,Size,S,TWESSIE_SG_HA_0207-Burnt Terracotta-S,168.0,,10
twessie-sg-ha-0207,Sculptural Halter Accessory - Obsidian Black,<p>A statement piece in Econyl Sleek Satin. This halter strap accessory combines architectural elegance design with impeccable craftsmanship. Available in Obsidian Black with Burnt Terracotta detailing. Not loud. Not obvious. Unmistakably Twessie.</p>,Twessie,Halter Strap Accessory,"architectural swimsuit, independent fashion, minimalist luxury, luxury Obsidian Black swimwear, minimalist halter strap accessory",TRUE,Color,Burnt Terracotta,Size,M,TWESSIE_SG_HA_0207-Burnt Terracotta-M,168.0,,10
twessie-sg-ha-0207,Sculptural Halter Accessory - Obsidian Black,<p>A statement piece in Econyl Sleek Satin. This halter strap accessory combines architectural elegance design with impeccable craftsmanship. Available in Obsidian Black with Burnt Terracotta detailing. Not loud. Not obvious. Unmistakably Twessie.</p>,Twessie,Halter Strap Accessory,"architectural swimsuit, independent fashion, minimalist luxury, luxury Obsidian Black swimwear, minimalist halter strap accessory",TRUE,Color,Burnt Terracotta,Size,L,TWESSIE_SG_HA_0207-Burnt Terracotta-L,168.0,,10
twessie-sg-ha-0207,Sculptural Halter Accessory - Obsidian Black,<p>A statement piece in Econyl Sleek Satin. This halter strap accessory combines architectural elegance design with impeccable craftsmanship. Available in Obsidian Black with Burnt Terracotta detailing. Not loud. Not obvious. Unmistakably Twessie.</p>,Twessie,Halter Strap Accessory,"architectural swimsuit, independent fashion, minimalist luxury, luxury Obsidian Black swimwear, minimalist halter strap accessory",TRUE,Color,Burnt Terracotta,Size,XL,TWESSIE_SG_HA_0207-Burnt Terracotta-XL,168.0,,10
twessie-sg-ha-0207,Sculptural Halter Accessory - Obsidian Black,<p>A statement piece in Econyl Sleek Satin. This halter strap accessory combines architectural elegance design with impeccable craftsmanship. Available in Obsidian Black with Burnt Terracotta detailing. Not loud. Not obvious. Unmistakably Twessie.</p>,Twessie,Halter Strap Accessory,"architectural swimsuit, independent fashion, minimalist luxury, luxury Obsidian Black swimwear, minimalist halter strap accessory",TRUE,Color,Burnt Terracotta,Size,XXL,TWESSIE_SG_HA_0207-Burnt Terracotta-XXL,168.0,,10
twessie-eu-bb-0208,High-Cut Burnt Terracotta Bikini Brief,<p>Crafted in premium Matte Ribbed Knit with Crinkled Seersucker accents. This bikini bottom epitomizes anti-fashion statement luxury. Featuring color-blocking in Burnt Terracotta and Olive Drab. Perfect for the discerning swimmer who refuses the obvious.</p>,Twessie,Bikini Bottom,"independent fashion, minimalist bikini bottom, minimalist luxury, luxury Burnt Terracotta swimwear, high-end swimwear",TRUE,Color,Burnt Terracotta,Size,XS,TWESSIE_EU_BB_0208-Burnt Terracotta-XS,168.0,,10
twessie-eu-bb-0208,High-Cut Burnt Terracotta Bikini Brief,<p>Crafted in premium Matte Ribbed Knit with Crinkled Seersucker accents. This bikini bottom epitomizes anti-fashion statement luxury. Featuring color-blocking in Burnt Terracotta and Olive Drab. Perfect for the discerning swimmer who refuses the obvious.</p>,Twessie,Bikini Bottom,"independent fashion, minimalist bikini bottom, minimalist luxury, luxury Burnt Terracotta swimwear, high-end swimwear",TRUE,Color,Burnt Terracotta,Size,S,TWESSIE_EU_BB_0208-Burnt Terracotta-S,168.0,,10
twessie-eu-bb-0208,High-Cut Burnt Terracotta Bikini Brief,<p>Crafted in premium Matte Ribbed Knit with Crinkled Seersucker accents. This bikini bottom epitomizes anti-fashion statement luxury. Featuring color-blocking in Burnt Terracotta and Olive Drab. Perfect for the discerning swimmer who refuses the obvious.</p>,Twessie,Bikini Bottom,"independent fashion, minimalist bikini bottom, minimalist luxury, luxury Burnt Terracotta swimwear, high-end swimwear",TRUE,Color,Burnt Terracotta,Size,M,TWESSIE_EU_BB_0208-Burnt Terracotta-M,168.0,,10
twessie-eu-bb-0208,High-Cut Burnt Terracotta Bikini Brief,<p>Crafted in premium Matte Ribbed Knit with Crinkled Seersucker accents. This bikini bottom epitomizes anti-fashion statement luxury. Featuring color-blocking in Burnt Terracotta and Olive Drab. Perfect for the discerning swimmer who refuses the obvious.</p>,Twessie,Bikini Bottom,"independent fashion, minimalist bikini bottom, minimalist luxury, luxury Burnt Terracotta swimwear, high-end swimwear",TRUE,Color,Burnt Terracotta,Size,L,TWESSIE_EU_BB_0208-Burnt Terracotta-L,168.0,,10
twessie-eu-bb-0208,High-Cut Burnt Terracotta Bikini Brief,<p>Crafted in premium Matte Ribbed Knit with Crinkled Seersucker accents. This bikini bottom epitomizes anti-fashion statement luxury. Featuring color-blocking in Burnt Terracotta and Olive Drab. Perfect for the discerning swimmer who refuses the obvious.</p>,Twessie,Bikini Bottom,"independent fashion, minimalist bikini bottom, minimalist luxury, luxury Burnt Terracotta swimwear, high-end swimwear",TRUE,Color,Burnt Terracotta,Size,XL,TWESSIE_EU_BB_0208-Burnt Terracotta-XL,168.0,,10
twessie-eu-bb-0208,High-Cut Burnt Terracotta Bikini Brief,<p>Crafted in premium Matte Ribbed Knit with Crinkled Seersucker accents. This bikini bottom epitomizes anti-fashion statement luxury. Featuring color-blocking in Burnt Terracotta and Olive Drab. Perfect for the discerning swimmer who refuses the obvious.</p>,Twessie,Bikini Bottom,"independent fashion, minimalist bikini bottom, minimalist luxury, luxury Burnt Terracotta swimwear, high-end swimwear",TRUE,Color,Burnt Terracotta,Size,XXL,TWESSIE_EU_BB_0208-Burnt Terracotta-XXL,168.0,,10
twessie-eu-bb-0208,High-Cut Burnt Terracotta Bikini Brief,<p>Crafted in premium Matte Ribbed Knit with Crinkled Seersucker accents. This bikini bottom epitomizes anti-fashion statement luxury. Featuring color-blocking in Burnt Terracotta and Olive Drab. Perfect for the discerning swimmer who refuses the obvious.</p>,Twessie,Bikini Bottom,"independent fashion, minimalist bikini bottom, minimalist luxury, luxury Burnt Terracotta swimwear, high-end swimwear",TRUE,Color,Olive Drab,Size,XS,TWESSIE_EU_BB_0208-Olive Drab-XS,168.0,,10
twessie-eu-bb-0208,High-Cut Burnt Terracotta Bikini Brief,<p>Crafted in premium Matte Ribbed Knit with Crinkled Seersucker accents. This bikini bottom epitomizes anti-fashion statement luxury. Featuring color-blocking in Burnt Terracotta and Olive Drab. Perfect for the discerning swimmer who refuses the obvious.</p>,Twessie,Bikini Bottom,"independent fashion, minimalist bikini bottom, minimalist luxury, luxury Burnt Terracotta swimwear, high-end swimwear",TRUE,Color,Olive Drab,Size,S,TWESSIE_EU_BB_0208-Olive Drab-S,168.0,,10
twessie-eu-bb-0208,High-Cut Burnt Terracotta Bikini Brief,<p>Crafted in premium Matte Ribbed Knit with Crinkled Seersucker accents. This bikini bottom epitomizes anti-fashion statement luxury. Featuring color-blocking in Burnt Terracotta and Olive Drab. Perfect for the discerning swimmer who refuses the obvious.</p>,Twessie,Bikini Bottom,"independent fashion, minimalist bikini bottom, minimalist luxury, luxury Burnt Terracotta swimwear, high-end swimwear",TRUE,Color,Olive Drab,Size,M,TWESSIE_EU_BB_0208-Olive Drab-M,168.0,,10
twessie-eu-bb-0208,High-Cut Burnt Terracotta Bikini Brief,<p>Crafted in premium Matte Ribbed Knit with Crinkled Seersucker accents. This bikini bottom epitomizes anti-fashion statement luxury. Featuring color-blocking in Burnt Terracotta and Olive Drab. Perfect for the discerning swimmer who refuses the obvious.</p>,Twessie,Bikini Bottom,"independent fashion, minimalist bikini bottom, minimalist luxury, luxury Burnt Terracotta swimwear, high-end swimwear",TRUE,Color,Olive Drab,Size,L,TWESSIE_EU_BB_0208-Olive Drab-L,168.0,,10
twessie-eu-bb-0208,High-Cut Burnt Terracotta Bikini Brief,<p>Crafted in premium Matte Ribbed Knit with Crinkled Seersucker accents. This bikini bottom epitomizes anti-fashion statement luxury. Featuring color-blocking in Burnt Terracotta and Olive Drab. Perfect for the discerning swimmer who refuses the obvious.</p>,Twessie,Bikini Bottom,"independent fashion, minimalist bikini bottom, minimalist luxury, luxury Burnt Terracotta swimwear, high-end swimwear",TRUE,Color,Olive Drab,Size,XL,TWESSIE_EU_BB_0208-Olive Drab-XL,168.0,,10
twessie-eu-bb-0208,High-Cut Burnt Terracotta Bikini Brief,<p>Crafted in premium Matte Ribbed Knit with Crinkled Seersucker accents. This bikini bottom epitomizes anti-fashion statement luxury. Featuring color-blocking in Burnt Terracotta and Olive Drab. Perfect for the discerning swimmer who refuses the obvious.</p>,Twessie,Bikini Bottom,"independent fashion, minimalist bikini bottom, minimalist luxury, luxury Burnt Terracotta swimwear, high-end swimwear",TRUE,Color,Olive Drab,Size,XXL,TWESSIE_EU_BB_0208-Olive Drab-XXL,168.0,,10
twessie-eu-bb-0209,Structural Crinkled Seersucker Bikini Bottom,<p>Crafted in premium Crinkled Seersucker with Matte Ribbed Knit accents. This bikini bottom epitomizes minimalist luxury luxury. Featuring color-blocking in Stone Gray and Chalk White. Perfect for the discerning swimmer who refuses the obvious.</p>,Twessie,Bikini Bottom,"high-end swimwear, minimalist bikini bottom, independent fashion, Crinkled Seersucker bikini, architectural swimsuit",TRUE,Color,Stone Gray,Size,XS,TWESSIE_EU_BB_0209-Stone Gray-XS,168.0,,10
twessie-eu-bb-0209,Structural Crinkled Seersucker Bikini Bottom,<p>Crafted in premium Crinkled Seersucker with Matte Ribbed Knit accents. This bikini bottom epitomizes minimalist luxury luxury. Featuring color-blocking in Stone Gray and Chalk White. Perfect for the discerning swimmer who refuses the obvious.</p>,Twessie,Bikini Bottom,"high-end swimwear, minimalist bikini bottom, independent fashion, Crinkled Seersucker bikini, architectural swimsuit",TRUE,Color,Stone Gray,Size,S,TWESSIE_EU_BB_0209-Stone Gray-S,168.0,,10
twessie-eu-bb-0209,Structural Crinkled Seersucker Bikini Bottom,<p>Crafted in premium Crinkled Seersucker with Matte Ribbed Knit accents. This bikini bottom epitomizes minimalist luxury luxury. Featuring color-blocking in Stone Gray and Chalk White. Perfect for the discerning swimmer who refuses the obvious.</p>,Twessie,Bikini Bottom,"high-end swimwear, minimalist bikini bottom, independent fashion, Crinkled Seersucker bikini, architectural swimsuit",TRUE,Color,Stone Gray,Size,M,TWESSIE_EU_BB_0209-Stone Gray-M,168.0,,10
twessie-eu-bb-0209,Structural Crinkled Seersucker Bikini Bottom,<p>Crafted in premium Crinkled Seersucker with Matte Ribbed Knit accents. This bikini bottom epitomizes minimalist luxury luxury. Featuring color-blocking in Stone Gray and Chalk White. Perfect for the discerning swimmer who refuses the obvious.</p>,Twessie,Bikini Bottom,"high-end swimwear, minimalist bikini bottom, independent fashion, Crinkled Seersucker bikini, architectural swimsuit",TRUE,Color,Stone Gray,Size,L,TWESSIE_EU_BB_0209-Stone Gray-L,168.0,,10
twessie-eu-bb-0209,Structural Crinkled Seersucker Bikini Bottom,<p>Crafted in premium Crinkled Seersucker with Matte Ribbed Knit accents. This bikini bottom epitomizes minimalist luxury luxury. Featuring color-blocking in Stone Gray and Chalk White. Perfect for the discerning swimmer who refuses the obvious.</p>,Twessie,Bikini Bottom,"high-end swimwear, minimalist bikini bottom, independent fashion, Crinkled Seersucker bikini, architectural swimsuit",TRUE,Color,Stone Gray,Size,XL,TWESSIE_EU_BB_0209-Stone Gray-XL,168.0,,10
twessie-eu-bb-0209,Structural Crinkled Seersucker Bikini Bottom,<p>Crafted in premium Crinkled Seersucker with Matte Ribbed Knit accents. This bikini bottom epitomizes minimalist luxury luxury. Featuring color-blocking in Stone Gray and Chalk White. Perfect for the discerning swimmer who refuses the obvious.</p>,Twessie,Bikini Bottom,"high-end swimwear, minimalist bikini bottom, independent fashion, Crinkled Seersucker bikini, architectural swimsuit",TRUE,Color,Stone Gray,Size,XXL,TWESSIE_EU_BB_0209-Stone Gray-XXL,168.0,,10
twessie-eu-bb-0209,Structural Crinkled Seersucker Bikini Bottom,<p>Crafted in premium Crinkled Seersucker with Matte Ribbed Knit accents. This bikini bottom epitomizes minimalist luxury luxury. Featuring color-blocking in Stone Gray and Chalk White. Perfect for the discerning swimmer who refuses the obvious.</p>,Twessie,Bikini Bottom,"high-end swimwear, minimalist bikini bottom, independent fashion, Crinkled Seersucker bikini, architectural swimsuit",TRUE,Color,Chalk White,Size,XS,TWESSIE_EU_BB_0209-Chalk White-XS,168.0,,10
twessie-eu-bb-0209,Structural Crinkled Seersucker Bikini Bottom,<p>Crafted in premium Crinkled Seersucker with Matte Ribbed Knit accents. This bikini bottom epitomizes minimalist luxury luxury. Featuring color-blocking in Stone Gray and Chalk White. Perfect for the discerning swimmer who refuses the obvious.</p>,Twessie,Bikini Bottom,"high-end swimwear, minimalist bikini bottom, independent fashion, Crinkled Seersucker bikini, architectural swimsuit",TRUE,Color,Chalk White,Size,S,TWESSIE_EU_BB_0209-Chalk White-S,168.0,,10
twessie-eu-bb-0209,Structural Crinkled Seersucker Bikini Bottom,<p>Crafted in premium Crinkled Seersucker with Matte Ribbed Knit accents. This bikini bottom epitomizes minimalist luxury luxury. Featuring color-blocking in Stone Gray and Chalk White. Perfect for the discerning swimmer who refuses the obvious.</p>,Twessie,Bikini Bottom,"high-end swimwear, minimalist bikini bottom, independent fashion, Crinkled Seersucker bikini, architectural swimsuit",TRUE,Color,Chalk White,Size,M,TWESSIE_EU_BB_0209-Chalk White-M,168.0,,10
twessie-eu-bb-0209,Structural Crinkled Seersucker Bikini Bottom,<p>Crafted in premium Crinkled Seersucker with Matte Ribbed Knit accents. This bikini bottom epitomizes minimalist luxury luxury. Featuring color-blocking in Stone Gray and Chalk White. Perfect for the discerning swimmer who refuses the obvious.</p>,Twessie,Bikini Bottom,"high-end swimwear, minimalist bikini bottom, independent fashion, Crinkled Seersucker bikini, architectural swimsuit",TRUE,Color,Chalk White,Size,L,TWESSIE_EU_BB_0209-Chalk White-L,168.0,,10
twessie-eu-bb-0209,Structural Crinkled Seersucker Bikini Bottom,<p>Crafted in premium Crinkled Seersucker with Matte Ribbed Knit accents. This bikini bottom epitomizes minimalist luxury luxury. Featuring color-blocking in Stone Gray and Chalk White. Perfect for the discerning swimmer who refuses the obvious.</p>,Twessie,Bikini Bottom,"high-end swimwear, minimalist bikini bottom, independent fashion, Crinkled Seersucker bikini, architectural swimsuit",TRUE,Color,Chalk White,Size,XL,TWESSIE_EU_BB_0209-Chalk White-XL,168.0,,10
twessie-eu-bb-0209,Structural Crinkled Seersucker Bikini Bottom,<p>Crafted in premium Crinkled Seersucker with Matte Ribbed Knit accents. This bikini bottom epitomizes minimalist luxury luxury. Featuring color-blocking in Stone Gray and Chalk White. Perfect for the discerning swimmer who refuses the obvious.</p>,Twessie,Bikini Bottom,"high-end swimwear, minimalist bikini bottom, independent fashion, Crinkled Seersucker bikini, architectural swimsuit",TRUE,Color,Chalk White,Size,XXL,TWESSIE_EU_BB_0209-Chalk White-XXL,168.0,,10
twessie-au-op-0210,Minimalist Crinkled Seersucker One-Piece,<p>Crafted in premium Crinkled Seersucker with Econyl Sleek Satin accents. This one-piece epitomizes architectural elegance luxury. Featuring color-blocking in Stone Gray and Chalk White. Perfect for the discerning swimmer who refuses the obvious.</p>,Twessie,One-Piece,"minimalist luxury, independent fashion, luxury Stone Gray swimwear, Crinkled Seersucker bikini, minimalist one-piece",TRUE,Color,Stone Gray,Size,XS,TWESSIE_AU_OP_0210-Stone Gray-XS,168.0,,10
twessie-au-op-0210,Minimalist Crinkled Seersucker One-Piece,<p>Crafted in premium Crinkled Seersucker with Econyl Sleek Satin accents. This one-piece epitomizes architectural elegance luxury. Featuring color-blocking in Stone Gray and Chalk White. Perfect for the discerning swimmer who refuses the obvious.</p>,Twessie,One-Piece,"minimalist luxury, independent fashion, luxury Stone Gray swimwear, Crinkled Seersucker bikini, minimalist one-piece",TRUE,Color,Stone Gray,Size,S,TWESSIE_AU_OP_0210-Stone Gray-S,168.0,,10
twessie-au-op-0210,Minimalist Crinkled Seersucker One-Piece,<p>Crafted in premium Crinkled Seersucker with Econyl Sleek Satin accents. This one-piece epitomizes architectural elegance luxury. Featuring color-blocking in Stone Gray and Chalk White. Perfect for the discerning swimmer who refuses the obvious.</p>,Twessie,One-Piece,"minimalist luxury, independent fashion, luxury Stone Gray swimwear, Crinkled Seersucker bikini, minimalist one-piece",TRUE,Color,Stone Gray,Size,M,TWESSIE_AU_OP_0210-Stone Gray-M,168.0,,10
twessie-au-op-0210,Minimalist Crinkled Seersucker One-Piece,<p>Crafted in premium Crinkled Seersucker with Econyl Sleek Satin accents. This one-piece epitomizes architectural elegance luxury. Featuring color-blocking in Stone Gray and Chalk White. Perfect for the discerning swimmer who refuses the obvious.</p>,Twessie,One-Piece,"minimalist luxury, independent fashion, luxury Stone Gray swimwear, Crinkled Seersucker bikini, minimalist one-piece",TRUE,Color,Stone Gray,Size,L,TWESSIE_AU_OP_0210-Stone Gray-L,168.0,,10
twessie-au-op-0210,Minimalist Crinkled Seersucker One-Piece,<p>Crafted in premium Crinkled Seersucker with Econyl Sleek Satin accents. This one-piece epitomizes architectural elegance luxury. Featuring color-blocking in Stone Gray and Chalk White. Perfect for the discerning swimmer who refuses the obvious.</p>,Twessie,One-Piece,"minimalist luxury, independent fashion, luxury Stone Gray swimwear, Crinkled Seersucker bikini, minimalist one-piece",TRUE,Color,Stone Gray,Size,XL,TWESSIE_AU_OP_0210-Stone Gray-XL,168.0,,10
twessie-au-op-0210,Minimalist Crinkled Seersucker One-Piece,<p>Crafted in premium Crinkled Seersucker with Econyl Sleek Satin accents. This one-piece epitomizes architectural elegance luxury. Featuring color-blocking in Stone Gray and Chalk White. Perfect for the discerning swimmer who refuses the obvious.</p>,Twessie,One-Piece,"minimalist luxury, independent fashion, luxury Stone Gray swimwear, Crinkled Seersucker bikini, minimalist one-piece",TRUE,Color,Stone Gray,Size,XXL,TWESSIE_AU_OP_0210-Stone Gray-XXL,168.0,,10
twessie-au-op-0210,Minimalist Crinkled Seersucker One-Piece,<p>Crafted in premium Crinkled Seersucker with Econyl Sleek Satin accents. This one-piece epitomizes architectural elegance luxury. Featuring color-blocking in Stone Gray and Chalk White. Perfect for the discerning swimmer who refuses the obvious.</p>,Twessie,One-Piece,"minimalist luxury, independent fashion, luxury Stone Gray swimwear, Crinkled Seersucker bikini, minimalist one-piece",TRUE,Color,Chalk White,Size,XS,TWESSIE_AU_OP_0210-Chalk White-XS,168.0,,10
twessie-au-op-0210,Minimalist Crinkled Seersucker One-Piece,<p>Crafted in premium Crinkled Seersucker with Econyl Sleek Satin accents. This one-piece epitomizes architectural elegance luxury. Featuring color-blocking in Stone Gray and Chalk White. Perfect for the discerning swimmer who refuses the obvious.</p>,Twessie,One-Piece,"minimalist luxury, independent fashion, luxury Stone Gray swimwear, Crinkled Seersucker bikini, minimalist one-piece",TRUE,Color,Chalk White,Size,S,TWESSIE_AU_OP_0210-Chalk White-S,168.0,,10
twessie-au-op-0210,Minimalist Crinkled Seersucker One-Piece,<p>Crafted in premium Crinkled Seersucker with Econyl Sleek Satin accents. This one-piece epitomizes architectural elegance luxury. Featuring color-blocking in Stone Gray and Chalk White. Perfect for the discerning swimmer who refuses the obvious.</p>,Twessie,One-Piece,"minimalist luxury, independent fashion, luxury Stone Gray swimwear, Crinkled Seersucker bikini, minimalist one-piece",TRUE,Color,Chalk White,Size,M,TWESSIE_AU_OP_0210-Chalk White-M,168.0,,10
twessie-au-op-0210,Minimalist Crinkled Seersucker One-Piece,<p>Crafted in premium Crinkled Seersucker with Econyl Sleek Satin accents. This one-piece epitomizes architectural elegance luxury. Featuring color-blocking in Stone Gray and Chalk White. Perfect for the discerning swimmer who refuses the obvious.</p>,Twessie,One-Piece,"minimalist luxury, independent fashion, luxury Stone Gray swimwear, Crinkled Seersucker bikini, minimalist one-piece",TRUE,Color,Chalk White,Size,L,TWESSIE_AU_OP_0210-Chalk White-L,168.0,,10
twessie-au-op-0210,Minimalist Crinkled Seersucker One-Piece,<p>Crafted in premium Crinkled Seersucker with Econyl Sleek Satin accents. This one-piece epitomizes architectural elegance luxury. Featuring color-blocking in Stone Gray and Chalk White. Perfect for the discerning swimmer who refuses the obvious.</p>,Twessie,One-Piece,"minimalist luxury, independent fashion, luxury Stone Gray swimwear, Crinkled Seersucker bikini, minimalist one-piece",TRUE,Color,Chalk White,Size,XL,TWESSIE_AU_OP_0210-Chalk White-XL,168.0,,10
twessie-au-op-0210,Minimalist Crinkled Seersucker One-Piece,<p>Crafted in premium Crinkled Seersucker with Econyl Sleek Satin accents. This one-piece epitomizes architectural elegance luxury. Featuring color-blocking in Stone Gray and Chalk White. Perfect for the discerning swimmer who refuses the obvious.</p>,Twessie,One-Piece,"minimalist luxury, independent fashion, luxury Stone Gray swimwear, Crinkled Seersucker bikini, minimalist one-piece",TRUE,Color,Chalk White,Size,XXL,TWESSIE_AU_OP_0210-Chalk White-XXL,168.0,,10
twessie-au-bt-0301,Minimalist Chalk White Textured Bikini Top,<p>A statement piece in Crinkled Seersucker. This bikini top combines intelligent aesthetic design with impeccable craftsmanship. Available in Chalk White with Stone Gray detailing. Not loud. Not obvious. Unmistakably Twessie.</p>,Twessie,Bikini Top,"Crinkled Seersucker bikini, architectural swimsuit, high-end swimwear, minimalist bikini top, luxury Chalk White swimwear",TRUE,Color,Chalk White,Size,XS,TWESSIE_AU_BT_0301-Chalk White-XS,168.0,,10
twessie-au-bt-0301,Minimalist Chalk White Textured Bikini Top,<p>A statement piece in Crinkled Seersucker. This bikini top combines intelligent aesthetic design with impeccable craftsmanship. Available in Chalk White with Stone Gray detailing. Not loud. Not obvious. Unmistakably Twessie.</p>,Twessie,Bikini Top,"Crinkled Seersucker bikini, architectural swimsuit, high-end swimwear, minimalist bikini top, luxury Chalk White swimwear",TRUE,Color,Chalk White,Size,S,TWESSIE_AU_BT_0301-Chalk White-S,168.0,,10
twessie-au-bt-0301,Minimalist Chalk White Textured Bikini Top,<p>A statement piece in Crinkled Seersucker. This bikini top combines intelligent aesthetic design with impeccable craftsmanship. Available in Chalk White with Stone Gray detailing. Not loud. Not obvious. Unmistakably Twessie.</p>,Twessie,Bikini Top,"Crinkled Seersucker bikini, architectural swimsuit, high-end swimwear, minimalist bikini top, luxury Chalk White swimwear",TRUE,Color,Chalk White,Size,M,TWESSIE_AU_BT_0301-Chalk White-M,168.0,,10
twessie-au-bt-0301,Minimalist Chalk White Textured Bikini Top,<p>A statement piece in Crinkled Seersucker. This bikini top combines intelligent aesthetic design with impeccable craftsmanship. Available in Chalk White with Stone Gray detailing. Not loud. Not obvious. Unmistakably Twessie.</p>,Twessie,Bikini Top,"Crinkled Seersucker bikini, architectural swimsuit, high-end swimwear, minimalist bikini top, luxury Chalk White swimwear",TRUE,Color,Chalk White,Size,L,TWESSIE_AU_BT_0301-Chalk White-L,168.0,,10
twessie-au-bt-0301,Minimalist Chalk White Textured Bikini Top,<p>A statement piece in Crinkled Seersucker. This bikini top combines intelligent aesthetic design with impeccable craftsmanship. Available in Chalk White with Stone Gray detailing. Not loud. Not obvious. Unmistakably Twessie.</p>,Twessie,Bikini Top,"Crinkled Seersucker bikini, architectural swimsuit, high-end swimwear, minimalist bikini top, luxury Chalk White swimwear",TRUE,Color,Chalk White,Size,XL,TWESSIE_AU_BT_0301-Chalk White-XL,168.0,,10
twessie-au-bt-0301,Minimalist Chalk White Textured Bikini Top,<p>A statement piece in Crinkled Seersucker. This bikini top combines intelligent aesthetic design with impeccable craftsmanship. Available in Chalk White with Stone Gray detailing. Not loud. Not obvious. Unmistakably Twessie.</p>,Twessie,Bikini Top,"Crinkled Seersucker bikini, architectural swimsuit, high-end swimwear, minimalist bikini top, luxury Chalk White swimwear",TRUE,Color,Chalk White,Size,XXL,TWESSIE_AU_BT_0301-Chalk White-XXL,168.0,,10
twessie-au-bt-0301,Minimalist Chalk White Textured Bikini Top,<p>A statement piece in Crinkled Seersucker. This bikini top combines intelligent aesthetic design with impeccable craftsmanship. Available in Chalk White with Stone Gray detailing. Not loud. Not obvious. Unmistakably Twessie.</p>,Twessie,Bikini Top,"Crinkled Seersucker bikini, architectural swimsuit, high-end swimwear, minimalist bikini top, luxury Chalk White swimwear",TRUE,Color,Stone Gray,Size,XS,TWESSIE_AU_BT_0301-Stone Gray-XS,168.0,,10
twessie-au-bt-0301,Minimalist Chalk White Textured Bikini Top,<p>A statement piece in Crinkled Seersucker. This bikini top combines intelligent aesthetic design with impeccable craftsmanship. Available in Chalk White with Stone Gray detailing. Not loud. Not obvious. Unmistakably Twessie.</p>,Twessie,Bikini Top,"Crinkled Seersucker bikini, architectural swimsuit, high-end swimwear, minimalist bikini top, luxury Chalk White swimwear",TRUE,Color,Stone Gray,Size,S,TWESSIE_AU_BT_0301-Stone Gray-S,168.0,,10
twessie-au-bt-0301,Minimalist Chalk White Textured Bikini Top,<p>A statement piece in Crinkled Seersucker. This bikini top combines intelligent aesthetic design with impeccable craftsmanship. Available in Chalk White with Stone Gray detailing. Not loud. Not obvious. Unmistakably Twessie.</p>,Twessie,Bikini Top,"Crinkled Seersucker bikini, architectural swimsuit, high-end swimwear, minimalist bikini top, luxury Chalk White swimwear",TRUE,Color,Stone Gray,Size,M,TWESSIE_AU_BT_0301-Stone Gray-M,168.0,,10
twessie-au-bt-0301,Minimalist Chalk White Textured Bikini Top,<p>A statement piece in Crinkled Seersucker. This bikini top combines intelligent aesthetic design with impeccable craftsmanship. Available in Chalk White with Stone Gray detailing. Not loud. Not obvious. Unmistakably Twessie.</p>,Twessie,Bikini Top,"Crinkled Seersucker bikini, architectural swimsuit, high-end swimwear, minimalist bikini top, luxury Chalk White swimwear",TRUE,Color,Stone Gray,Size,L,TWESSIE_AU_BT_0301-Stone Gray-L,168.0,,10
twessie-au-bt-0301,Minimalist Chalk White Textured Bikini Top,<p>A statement piece in Crinkled Seersucker. This bikini top combines intelligent aesthetic design with impeccable craftsmanship. Available in Chalk White with Stone Gray detailing. Not loud. Not obvious. Unmistakably Twessie.</p>,Twessie,Bikini Top,"Crinkled Seersucker bikini, architectural swimsuit, high-end swimwear, minimalist bikini top, luxury Chalk White swimwear",TRUE,Color,Stone Gray,Size,XL,TWESSIE_AU_BT_0301-Stone Gray-XL,168.0,,10
twessie-au-bt-0301,Minimalist Chalk White Textured Bikini Top,<p>A statement piece in Crinkled Seersucker. This bikini top combines intelligent aesthetic design with impeccable craftsmanship. Available in Chalk White with Stone Gray detailing. Not loud. Not obvious. Unmistakably Twessie.</p>,Twessie,Bikini Top,"Crinkled Seersucker bikini, architectural swimsuit, high-end swimwear, minimalist bikini top, luxury Chalk White swimwear",TRUE,Color,Stone Gray,Size,XXL,TWESSIE_AU_BT_0301-Stone Gray-XXL,168.0,,10
twessie-na-bb-0302,Structural Econyl Sleek Satin Bikini Bottom,<p>Crafted in premium Econyl Sleek Satin with Crinkled Seersucker accents. This bikini bottom epitomizes architectural elegance luxury. Featuring color-blocking in Obsidian Black and Stone Gray. Perfect for the discerning swimmer who refuses the obvious.</p>,Twessie,Bikini Bottom,"independent fashion, architectural swimsuit, minimalist bikini bottom, Econyl Sleek Satin bikini, high-end swimwear",TRUE,Color,Obsidian Black,Size,XS,TWESSIE_NA_BB_0302-Obsidian Black-XS,168.0,,10
twessie-na-bb-0302,Structural Econyl Sleek Satin Bikini Bottom,<p>Crafted in premium Econyl Sleek Satin with Crinkled Seersucker accents. This bikini bottom epitomizes architectural elegance luxury. Featuring color-blocking in Obsidian Black and Stone Gray. Perfect for the discerning swimmer who refuses the obvious.</p>,Twessie,Bikini Bottom,"independent fashion, architectural swimsuit, minimalist bikini bottom, Econyl Sleek Satin bikini, high-end swimwear",TRUE,Color,Obsidian Black,Size,S,TWESSIE_NA_BB_0302-Obsidian Black-S,168.0,,10
twessie-na-bb-0302,Structural Econyl Sleek Satin Bikini Bottom,<p>Crafted in premium Econyl Sleek Satin with Crinkled Seersucker accents. This bikini bottom epitomizes architectural elegance luxury. Featuring color-blocking in Obsidian Black and Stone Gray. Perfect for the discerning swimmer who refuses the obvious.</p>,Twessie,Bikini Bottom,"independent fashion, architectural swimsuit, minimalist bikini bottom, Econyl Sleek Satin bikini, high-end swimwear",TRUE,Color,Obsidian Black,Size,M,TWESSIE_NA_BB_0302-Obsidian Black-M,168.0,,10
twessie-na-bb-0302,Structural Econyl Sleek Satin Bikini Bottom,<p>Crafted in premium Econyl Sleek Satin with Crinkled Seersucker accents. This bikini bottom epitomizes architectural elegance luxury. Featuring color-blocking in Obsidian Black and Stone Gray. Perfect for the discerning swimmer who refuses the obvious.</p>,Twessie,Bikini Bottom,"independent fashion, architectural swimsuit, minimalist bikini bottom, Econyl Sleek Satin bikini, high-end swimwear",TRUE,Color,Obsidian Black,Size,L,TWESSIE_NA_BB_0302-Obsidian Black-L,168.0,,10
twessie-na-bb-0302,Structural Econyl Sleek Satin Bikini Bottom,<p>Crafted in premium Econyl Sleek Satin with Crinkled Seersucker accents. This bikini bottom epitomizes architectural elegance luxury. Featuring color-blocking in Obsidian Black and Stone Gray. Perfect for the discerning swimmer who refuses the obvious.</p>,Twessie,Bikini Bottom,"independent fashion, architectural swimsuit, minimalist bikini bottom, Econyl Sleek Satin bikini, high-end swimwear",TRUE,Color,Obsidian Black,Size,XL,TWESSIE_NA_BB_0302-Obsidian Black-XL,168.0,,10
twessie-na-bb-0302,Structural Econyl Sleek Satin Bikini Bottom,<p>Crafted in premium Econyl Sleek Satin with Crinkled Seersucker accents. This bikini bottom epitomizes architectural elegance luxury. Featuring color-blocking in Obsidian Black and Stone Gray. Perfect for the discerning swimmer who refuses the obvious.</p>,Twessie,Bikini Bottom,"independent fashion, architectural swimsuit, minimalist bikini bottom, Econyl Sleek Satin bikini, high-end swimwear",TRUE,Color,Obsidian Black,Size,XXL,TWESSIE_NA_BB_0302-Obsidian Black-XXL,168.0,,10
twessie-na-bb-0302,Structural Econyl Sleek Satin Bikini Bottom,<p>Crafted in premium Econyl Sleek Satin with Crinkled Seersucker accents. This bikini bottom epitomizes architectural elegance luxury. Featuring color-blocking in Obsidian Black and Stone Gray. Perfect for the discerning swimmer who refuses the obvious.</p>,Twessie,Bikini Bottom,"independent fashion, architectural swimsuit, minimalist bikini bottom, Econyl Sleek Satin bikini, high-end swimwear",TRUE,Color,Stone Gray,Size,XS,TWESSIE_NA_BB_0302-Stone Gray-XS,168.0,,10
twessie-na-bb-0302,Structural Econyl Sleek Satin Bikini Bottom,<p>Crafted in premium Econyl Sleek Satin with Crinkled Seersucker accents. This bikini bottom epitomizes architectural elegance luxury. Featuring color-blocking in Obsidian Black and Stone Gray. Perfect for the discerning swimmer who refuses the obvious.</p>,Twessie,Bikini Bottom,"independent fashion, architectural swimsuit, minimalist bikini bottom, Econyl Sleek Satin bikini, high-end swimwear",TRUE,Color,Stone Gray,Size,S,TWESSIE_NA_BB_0302-Stone Gray-S,168.0,,10
twessie-na-bb-0302,Structural Econyl Sleek Satin Bikini Bottom,<p>Crafted in premium Econyl Sleek Satin with Crinkled Seersucker accents. This bikini bottom epitomizes architectural elegance luxury. Featuring color-blocking in Obsidian Black and Stone Gray. Perfect for the discerning swimmer who refuses the obvious.</p>,Twessie,Bikini Bottom,"independent fashion, architectural swimsuit, minimalist bikini bottom, Econyl Sleek Satin bikini, high-end swimwear",TRUE,Color,Stone Gray,Size,M,TWESSIE_NA_BB_0302-Stone Gray-M,168.0,,10
twessie-na-bb-0302,Structural Econyl Sleek Satin Bikini Bottom,<p>Crafted in premium Econyl Sleek Satin with Crinkled Seersucker accents. This bikini bottom epitomizes architectural elegance luxury. Featuring color-blocking in Obsidian Black and Stone Gray. Perfect for the discerning swimmer who refuses the obvious.</p>,Twessie,Bikini Bottom,"independent fashion, architectural swimsuit, minimalist bikini bottom, Econyl Sleek Satin bikini, high-end swimwear",TRUE,Color,Stone Gray,Size,L,TWESSIE_NA_BB_0302-Stone Gray-L,168.0,,10
twessie-na-bb-0302,Structural Econyl Sleek Satin Bikini Bottom,<p>Crafted in premium Econyl Sleek Satin with Crinkled Seersucker accents. This bikini bottom epitomizes architectural elegance luxury. Featuring color-blocking in Obsidian Black and Stone Gray. Perfect for the discerning swimmer who refuses the obvious.</p>,Twessie,Bikini Bottom,"independent fashion, architectural swimsuit, minimalist bikini bottom, Econyl Sleek Satin bikini, high-end swimwear",TRUE,Color,Stone Gray,Size,XL,TWESSIE_NA_BB_0302-Stone Gray-XL,168.0,,10
twessie-na-bb-0302,Structural Econyl Sleek Satin Bikini Bottom,<p>Crafted in premium Econyl Sleek Satin with Crinkled Seersucker accents. This bikini bottom epitomizes architectural elegance luxury. Featuring color-blocking in Obsidian Black and Stone Gray. Perfect for the discerning swimmer who refuses the obvious.</p>,Twessie,Bikini Bottom,"independent fashion, architectural swimsuit, minimalist bikini bottom, Econyl Sleek Satin bikini, high-end swimwear",TRUE,Color,Stone Gray,Size,XXL,TWESSIE_NA_BB_0302-Stone Gray-XXL,168.0,,10
twessie-sg-bt-0303,Crinkled Seersucker High-Waist Bikini Top in Chalk White,<p>A statement piece in Crinkled Seersucker. This bikini top combines architectural elegance design with impeccable craftsmanship. Available in Chalk White with Stone Gray detailing. Not loud. Not obvious. Unmistakably Twessie.</p>,Twessie,Bikini Top,"minimalist bikini top, independent fashion, high-end swimwear, architectural swimsuit, luxury Chalk White swimwear",TRUE,Color,Chalk White,Size,XS,TWESSIE_SG_BT_0303-Chalk White-XS,168.0,,10
twessie-sg-bt-0303,Crinkled Seersucker High-Waist Bikini Top in Chalk White,<p>A statement piece in Crinkled Seersucker. This bikini top combines architectural elegance design with impeccable craftsmanship. Available in Chalk White with Stone Gray detailing. Not loud. Not obvious. Unmistakably Twessie.</p>,Twessie,Bikini Top,"minimalist bikini top, independent fashion, high-end swimwear, architectural swimsuit, luxury Chalk White swimwear",TRUE,Color,Chalk White,Size,S,TWESSIE_SG_BT_0303-Chalk White-S,168.0,,10
twessie-sg-bt-0303,Crinkled Seersucker High-Waist Bikini Top in Chalk White,<p>A statement piece in Crinkled Seersucker. This bikini top combines architectural elegance design with impeccable craftsmanship. Available in Chalk White with Stone Gray detailing. Not loud. Not obvious. Unmistakably Twessie.</p>,Twessie,Bikini Top,"minimalist bikini top, independent fashion, high-end swimwear, architectural swimsuit, luxury Chalk White swimwear",TRUE,Color,Chalk White,Size,M,TWESSIE_SG_BT_0303-Chalk White-M,168.0,,10
twessie-sg-bt-0303,Crinkled Seersucker High-Waist Bikini Top in Chalk White,<p>A statement piece in Crinkled Seersucker. This bikini top combines architectural elegance design with impeccable craftsmanship. Available in Chalk White with Stone Gray detailing. Not loud. Not obvious. Unmistakably Twessie.</p>,Twessie,Bikini Top,"minimalist bikini top, independent fashion, high-end swimwear, architectural swimsuit, luxury Chalk White swimwear",TRUE,Color,Chalk White,Size,L,TWESSIE_SG_BT_0303-Chalk White-L,168.0,,10
twessie-sg-bt-0303,Crinkled Seersucker High-Waist Bikini Top in Chalk White,<p>A statement piece in Crinkled Seersucker. This bikini top combines architectural elegance design with impeccable craftsmanship. Available in Chalk White with Stone Gray detailing. Not loud. Not obvious. Unmistakably Twessie.</p>,Twessie,Bikini Top,"minimalist bikini top, independent fashion, high-end swimwear, architectural swimsuit, luxury Chalk White swimwear",TRUE,Color,Chalk White,Size,XL,TWESSIE_SG_BT_0303-Chalk White-XL,168.0,,10
twessie-sg-bt-0303,Crinkled Seersucker High-Waist Bikini Top in Chalk White,<p>A statement piece in Crinkled Seersucker. This bikini top combines architectural elegance design with impeccable craftsmanship. Available in Chalk White with Stone Gray detailing. Not loud. Not obvious. Unmistakably Twessie.</p>,Twessie,Bikini Top,"minimalist bikini top, independent fashion, high-end swimwear, architectural swimsuit, luxury Chalk White swimwear",TRUE,Color,Chalk White,Size,XXL,TWESSIE_SG_BT_0303-Chalk White-XXL,168.0,,10
twessie-sg-bt-0303,Crinkled Seersucker High-Waist Bikini Top in Chalk White,<p>A statement piece in Crinkled Seersucker. This bikini top combines architectural elegance design with impeccable craftsmanship. Available in Chalk White with Stone Gray detailing. Not loud. Not obvious. Unmistakably Twessie.</p>,Twessie,Bikini Top,"minimalist bikini top, independent fashion, high-end swimwear, architectural swimsuit, luxury Chalk White swimwear",TRUE,Color,Stone Gray,Size,XS,TWESSIE_SG_BT_0303-Stone Gray-XS,168.0,,10
twessie-sg-bt-0303,Crinkled Seersucker High-Waist Bikini Top in Chalk White,<p>A statement piece in Crinkled Seersucker. This bikini top combines architectural elegance design with impeccable craftsmanship. Available in Chalk White with Stone Gray detailing. Not loud. Not obvious. Unmistakably Twessie.</p>,Twessie,Bikini Top,"minimalist bikini top, independent fashion, high-end swimwear, architectural swimsuit, luxury Chalk White swimwear",TRUE,Color,Stone Gray,Size,S,TWESSIE_SG_BT_0303-Stone Gray-S,168.0,,10
twessie-sg-bt-0303,Crinkled Seersucker High-Waist Bikini Top in Chalk White,<p>A statement piece in Crinkled Seersucker. This bikini top combines architectural elegance design with impeccable craftsmanship. Available in Chalk White with Stone Gray detailing. Not loud. Not obvious. Unmistakably Twessie.</p>,Twessie,Bikini Top,"minimalist bikini top, independent fashion, high-end swimwear, architectural swimsuit, luxury Chalk White swimwear",TRUE,Color,Stone Gray,Size,M,TWESSIE_SG_BT_0303-Stone Gray-M,168.0,,10
twessie-sg-bt-0303,Crinkled Seersucker High-Waist Bikini Top in Chalk White,<p>A statement piece in Crinkled Seersucker. This bikini top combines architectural elegance design with impeccable craftsmanship. Available in Chalk White with Stone Gray detailing. Not loud. Not obvious. Unmistakably Twessie.</p>,Twessie,Bikini Top,"minimalist bikini top, independent fashion, high-end swimwear, architectural swimsuit, luxury Chalk White swimwear",TRUE,Color,Stone Gray,Size,L,TWESSIE_SG_BT_0303-Stone Gray-L,168.0,,10
twessie-sg-bt-0303,Crinkled Seersucker High-Waist Bikini Top in Chalk White,<p>A statement piece in Crinkled Seersucker. This bikini top combines architectural elegance design with impeccable craftsmanship. Available in Chalk White with Stone Gray detailing. Not loud. Not obvious. Unmistakably Twessie.</p>,Twessie,Bikini Top,"minimalist bikini top, independent fashion, high-end swimwear, architectural swimsuit, luxury Chalk White swimwear",TRUE,Color,Stone Gray,Size,XL,TWESSIE_SG_BT_0303-Stone Gray-XL,168.0,,10
twessie-sg-bt-0303,Crinkled Seersucker High-Waist Bikini Top in Chalk White,<p>A statement piece in Crinkled Seersucker. This bikini top combines architectural elegance design with impeccable craftsmanship. Available in Chalk White with Stone Gray detailing. Not loud. Not obvious. Unmistakably Twessie.</p>,Twessie,Bikini Top,"minimalist bikini top, independent fashion, high-end swimwear, architectural swimsuit, luxury Chalk White swimwear",TRUE,Color,Stone Gray,Size,XXL,TWESSIE_SG_BT_0303-Stone Gray-XXL,168.0,,10
twessie-sg-bt-0304,Architecture-Cut Obsidian Black Bikini Top,<p>Crafted in premium Econyl Sleek Satin with Crinkled Seersucker accents. This bikini top epitomizes architectural elegance luxury. Featuring color-blocking in Obsidian Black and Chalk White. Perfect for the discerning swimmer who refuses the obvious.</p>,Twessie,Bikini Top,"architectural swimsuit, Econyl Sleek Satin bikini, luxury Obsidian Black swimwear, independent fashion, minimalist luxury",TRUE,Color,Obsidian Black,Size,XS,TWESSIE_SG_BT_0304-Obsidian Black-XS,168.0,,10
twessie-sg-bt-0304,Architecture-Cut Obsidian Black Bikini Top,<p>Crafted in premium Econyl Sleek Satin with Crinkled Seersucker accents. This bikini top epitomizes architectural elegance luxury. Featuring color-blocking in Obsidian Black and Chalk White. Perfect for the discerning swimmer who refuses the obvious.</p>,Twessie,Bikini Top,"architectural swimsuit, Econyl Sleek Satin bikini, luxury Obsidian Black swimwear, independent fashion, minimalist luxury",TRUE,Color,Obsidian Black,Size,S,TWESSIE_SG_BT_0304-Obsidian Black-S,168.0,,10
twessie-sg-bt-0304,Architecture-Cut Obsidian Black Bikini Top,<p>Crafted in premium Econyl Sleek Satin with Crinkled Seersucker accents. This bikini top epitomizes architectural elegance luxury. Featuring color-blocking in Obsidian Black and Chalk White. Perfect for the discerning swimmer who refuses the obvious.</p>,Twessie,Bikini Top,"architectural swimsuit, Econyl Sleek Satin bikini, luxury Obsidian Black swimwear, independent fashion, minimalist luxury",TRUE,Color,Obsidian Black,Size,M,TWESSIE_SG_BT_0304-Obsidian Black-M,168.0,,10
twessie-sg-bt-0304,Architecture-Cut Obsidian Black Bikini Top,<p>Crafted in premium Econyl Sleek Satin with Crinkled Seersucker accents. This bikini top epitomizes architectural elegance luxury. Featuring color-blocking in Obsidian Black and Chalk White. Perfect for the discerning swimmer who refuses the obvious.</p>,Twessie,Bikini Top,"architectural swimsuit, Econyl Sleek Satin bikini, luxury Obsidian Black swimwear, independent fashion, minimalist luxury",TRUE,Color,Obsidian Black,Size,L,TWESSIE_SG_BT_0304-Obsidian Black-L,168.0,,10
twessie-sg-bt-0304,Architecture-Cut Obsidian Black Bikini Top,<p>Crafted in premium Econyl Sleek Satin with Crinkled Seersucker accents. This bikini top epitomizes architectural elegance luxury. Featuring color-blocking in Obsidian Black and Chalk White. Perfect for the discerning swimmer who refuses the obvious.</p>,Twessie,Bikini Top,"architectural swimsuit, Econyl Sleek Satin bikini, luxury Obsidian Black swimwear, independent fashion, minimalist luxury",TRUE,Color,Obsidian Black,Size,XL,TWESSIE_SG_BT_0304-Obsidian Black-XL,168.0,,10
twessie-sg-bt-0304,Architecture-Cut Obsidian Black Bikini Top,<p>Crafted in premium Econyl Sleek Satin with Crinkled Seersucker accents. This bikini top epitomizes architectural elegance luxury. Featuring color-blocking in Obsidian Black and Chalk White. Perfect for the discerning swimmer who refuses the obvious.</p>,Twessie,Bikini Top,"architectural swimsuit, Econyl Sleek Satin bikini, luxury Obsidian Black swimwear, independent fashion, minimalist luxury",TRUE,Color,Obsidian Black,Size,XXL,TWESSIE_SG_BT_0304-Obsidian Black-XXL,168.0,,10
twessie-sg-bt-0304,Architecture-Cut Obsidian Black Bikini Top,<p>Crafted in premium Econyl Sleek Satin with Crinkled Seersucker accents. This bikini top epitomizes architectural elegance luxury. Featuring color-blocking in Obsidian Black and Chalk White. Perfect for the discerning swimmer who refuses the obvious.</p>,Twessie,Bikini Top,"architectural swimsuit, Econyl Sleek Satin bikini, luxury Obsidian Black swimwear, independent fashion, minimalist luxury",TRUE,Color,Chalk White,Size,XS,TWESSIE_SG_BT_0304-Chalk White-XS,168.0,,10
twessie-sg-bt-0304,Architecture-Cut Obsidian Black Bikini Top,<p>Crafted in premium Econyl Sleek Satin with Crinkled Seersucker accents. This bikini top epitomizes architectural elegance luxury. Featuring color-blocking in Obsidian Black and Chalk White. Perfect for the discerning swimmer who refuses the obvious.</p>,Twessie,Bikini Top,"architectural swimsuit, Econyl Sleek Satin bikini, luxury Obsidian Black swimwear, independent fashion, minimalist luxury",TRUE,Color,Chalk White,Size,S,TWESSIE_SG_BT_0304-Chalk White-S,168.0,,10
twessie-sg-bt-0304,Architecture-Cut Obsidian Black Bikini Top,<p>Crafted in premium Econyl Sleek Satin with Crinkled Seersucker accents. This bikini top epitomizes architectural elegance luxury. Featuring color-blocking in Obsidian Black and Chalk White. Perfect for the discerning swimmer who refuses the obvious.</p>,Twessie,Bikini Top,"architectural swimsuit, Econyl Sleek Satin bikini, luxury Obsidian Black swimwear, independent fashion, minimalist luxury",TRUE,Color,Chalk White,Size,M,TWESSIE_SG_BT_0304-Chalk White-M,168.0,,10
twessie-sg-bt-0304,Architecture-Cut Obsidian Black Bikini Top,<p>Crafted in premium Econyl Sleek Satin with Crinkled Seersucker accents. This bikini top epitomizes architectural elegance luxury. Featuring color-blocking in Obsidian Black and Chalk White. Perfect for the discerning swimmer who refuses the obvious.</p>,Twessie,Bikini Top,"architectural swimsuit, Econyl Sleek Satin bikini, luxury Obsidian Black swimwear, independent fashion, minimalist luxury",TRUE,Color,Chalk White,Size,L,TWESSIE_SG_BT_0304-Chalk White-L,168.0,,10
twessie-sg-bt-0304,Architecture-Cut Obsidian Black Bikini Top,<p>Crafted in premium Econyl Sleek Satin with Crinkled Seersucker accents. This bikini top epitomizes architectural elegance luxury. Featuring color-blocking in Obsidian Black and Chalk White. Perfect for the discerning swimmer who refuses the obvious.</p>,Twessie,Bikini Top,"architectural swimsuit, Econyl Sleek Satin bikini, luxury Obsidian Black swimwear, independent fashion, minimalist luxury",TRUE,Color,Chalk White,Size,XL,TWESSIE_SG_BT_0304-Chalk White-XL,168.0,,10
twessie-sg-bt-0304,Architecture-Cut Obsidian Black Bikini Top,<p>Crafted in premium Econyl Sleek Satin with Crinkled Seersucker accents. This bikini top epitomizes architectural elegance luxury. Featuring color-blocking in Obsidian Black and Chalk White. Perfect for the discerning swimmer who refuses the obvious.</p>,Twessie,Bikini Top,"architectural swimsuit, Econyl Sleek Satin bikini, luxury Obsidian Black swimwear, independent fashion, minimalist luxury",TRUE,Color,Chalk White,Size,XXL,TWESSIE_SG_BT_0304-Chalk White-XXL,168.0,,10
twessie-jp-bt-0305,Olive Drab Sculptural Matte Ribbed Knit Bikini Top,<p>A statement piece in Matte Ribbed Knit. This bikini top combines rebellious yet refined design with impeccable craftsmanship. Available in Olive Drab with Burnt Terracotta detailing. Not loud. Not obvious. Unmistakably Twessie.</p>,Twessie,Bikini Top,"independent fashion, Matte Ribbed Knit bikini, minimalist luxury, luxury Olive Drab swimwear, minimalist bikini top",TRUE,Color,Olive Drab,Size,XS,TWESSIE_JP_BT_0305-Olive Drab-XS,168.0,,10
twessie-jp-bt-0305,Olive Drab Sculptural Matte Ribbed Knit Bikini Top,<p>A statement piece in Matte Ribbed Knit. This bikini top combines rebellious yet refined design with impeccable craftsmanship. Available in Olive Drab with Burnt Terracotta detailing. Not loud. Not obvious. Unmistakably Twessie.</p>,Twessie,Bikini Top,"independent fashion, Matte Ribbed Knit bikini, minimalist luxury, luxury Olive Drab swimwear, minimalist bikini top",TRUE,Color,Olive Drab,Size,S,TWESSIE_JP_BT_0305-Olive Drab-S,168.0,,10
twessie-jp-bt-0305,Olive Drab Sculptural Matte Ribbed Knit Bikini Top,<p>A statement piece in Matte Ribbed Knit. This bikini top combines rebellious yet refined design with impeccable craftsmanship. Available in Olive Drab with Burnt Terracotta detailing. Not loud. Not obvious. Unmistakably Twessie.</p>,Twessie,Bikini Top,"independent fashion, Matte Ribbed Knit bikini, minimalist luxury, luxury Olive Drab swimwear, minimalist bikini top",TRUE,Color,Olive Drab,Size,M,TWESSIE_JP_BT_0305-Olive Drab-M,168.0,,10
twessie-jp-bt-0305,Olive Drab Sculptural Matte Ribbed Knit Bikini Top,<p>A statement piece in Matte Ribbed Knit. This bikini top combines rebellious yet refined design with impeccable craftsmanship. Available in Olive Drab with Burnt Terracotta detailing. Not loud. Not obvious. Unmistakably Twessie.</p>,Twessie,Bikini Top,"independent fashion, Matte Ribbed Knit bikini, minimalist luxury, luxury Olive Drab swimwear, minimalist bikini top",TRUE,Color,Olive Drab,Size,L,TWESSIE_JP_BT_0305-Olive Drab-L,168.0,,10
twessie-jp-bt-0305,Olive Drab Sculptural Matte Ribbed Knit Bikini Top,<p>A statement piece in Matte Ribbed Knit. This bikini top combines rebellious yet refined design with impeccable craftsmanship. Available in Olive Drab with Burnt Terracotta detailing. Not loud. Not obvious. Unmistakably Twessie.</p>,Twessie,Bikini Top,"independent fashion, Matte Ribbed Knit bikini, minimalist luxury, luxury Olive Drab swimwear, minimalist bikini top",TRUE,Color,Olive Drab,Size,XL,TWESSIE_JP_BT_0305-Olive Drab-XL,168.0,,10
twessie-jp-bt-0305,Olive Drab Sculptural Matte Ribbed Knit Bikini Top,<p>A statement piece in Matte Ribbed Knit. This bikini top combines rebellious yet refined design with impeccable craftsmanship. Available in Olive Drab with Burnt Terracotta detailing. Not loud. Not obvious. Unmistakably Twessie.</p>,Twessie,Bikini Top,"independent fashion, Matte Ribbed Knit bikini, minimalist luxury, luxury Olive Drab swimwear, minimalist bikini top",TRUE,Color,Olive Drab,Size,XXL,TWESSIE_JP_BT_0305-Olive Drab-XXL,168.0,,10
twessie-jp-bt-0305,Olive Drab Sculptural Matte Ribbed Knit Bikini Top,<p>A statement piece in Matte Ribbed Knit. This bikini top combines rebellious yet refined design with impeccable craftsmanship. Available in Olive Drab with Burnt Terracotta detailing. Not loud. Not obvious. Unmistakably Twessie.</p>,Twessie,Bikini Top,"independent fashion, Matte Ribbed Knit bikini, minimalist luxury, luxury Olive Drab swimwear, minimalist bikini top",TRUE,Color,Burnt Terracotta,Size,XS,TWESSIE_JP_BT_0305-Burnt Terracotta-XS,168.0,,10
twessie-jp-bt-0305,Olive Drab Sculptural Matte Ribbed Knit Bikini Top,<p>A statement piece in Matte Ribbed Knit. This bikini top combines rebellious yet refined design with impeccable craftsmanship. Available in Olive Drab with Burnt Terracotta detailing. Not loud. Not obvious. Unmistakably Twessie.</p>,Twessie,Bikini Top,"independent fashion, Matte Ribbed Knit bikini, minimalist luxury, luxury Olive Drab swimwear, minimalist bikini top",TRUE,Color,Burnt Terracotta,Size,S,TWESSIE_JP_BT_0305-Burnt Terracotta-S,168.0,,10
twessie-jp-bt-0305,Olive Drab Sculptural Matte Ribbed Knit Bikini Top,<p>A statement piece in Matte Ribbed Knit. This bikini top combines rebellious yet refined design with impeccable craftsmanship. Available in Olive Drab with Burnt Terracotta detailing. Not loud. Not obvious. Unmistakably Twessie.</p>,Twessie,Bikini Top,"independent fashion, Matte Ribbed Knit bikini, minimalist luxury, luxury Olive Drab swimwear, minimalist bikini top",TRUE,Color,Burnt Terracotta,Size,M,TWESSIE_JP_BT_0305-Burnt Terracotta-M,168.0,,10
twessie-jp-bt-0305,Olive Drab Sculptural Matte Ribbed Knit Bikini Top,<p>A statement piece in Matte Ribbed Knit. This bikini top combines rebellious yet refined design with impeccable craftsmanship. Available in Olive Drab with Burnt Terracotta detailing. Not loud. Not obvious. Unmistakably Twessie.</p>,Twessie,Bikini Top,"independent fashion, Matte Ribbed Knit bikini, minimalist luxury, luxury Olive Drab swimwear, minimalist bikini top",TRUE,Color,Burnt Terracotta,Size,L,TWESSIE_JP_BT_0305-Burnt Terracotta-L,168.0,,10
twessie-jp-bt-0305,Olive Drab Sculptural Matte Ribbed Knit Bikini Top,<p>A statement piece in Matte Ribbed Knit. This bikini top combines rebellious yet refined design with impeccable craftsmanship. Available in Olive Drab with Burnt Terracotta detailing. Not loud. Not obvious. Unmistakably Twessie.</p>,Twessie,Bikini Top,"independent fashion, Matte Ribbed Knit bikini, minimalist luxury, luxury Olive Drab swimwear, minimalist bikini top",TRUE,Color,Burnt Terracotta,Size,XL,TWESSIE_JP_BT_0305-Burnt Terracotta-XL,168.0,,10
twessie-jp-bt-0305,Olive Drab Sculptural Matte Ribbed Knit Bikini Top,<p>A statement piece in Matte Ribbed Knit. This bikini top combines rebellious yet refined design with impeccable craftsmanship. Available in Olive Drab with Burnt Terracotta detailing. Not loud. Not obvious. Unmistakably Twessie.</p>,Twessie,Bikini Top,"independent fashion, Matte Ribbed Knit bikini, minimalist luxury, luxury Olive Drab swimwear, minimalist bikini top",TRUE,Color,Burnt Terracotta,Size,XXL,TWESSIE_JP_BT_0305-Burnt Terracotta-XXL,168.0,,10
twessie-sg-op-0306,Sculptural Stone Gray Monokini,<p>A statement piece in Crinkled Seersucker. This one-piece combines minimalist luxury design with impeccable craftsmanship. Available in Stone Gray with Chalk White detailing. Not loud. Not obvious. Unmistakably Twessie.</p>,Twessie,One-Piece,"minimalist luxury, architectural swimsuit, luxury Stone Gray swimwear, Crinkled Seersucker bikini, minimalist one-piece",TRUE,Color,Stone Gray,Size,XS,TWESSIE_SG_OP_0306-Stone Gray-XS,168.0,,10
twessie-sg-op-0306,Sculptural Stone Gray Monokini,<p>A statement piece in Crinkled Seersucker. This one-piece combines minimalist luxury design with impeccable craftsmanship. Available in Stone Gray with Chalk White detailing. Not loud. Not obvious. Unmistakably Twessie.</p>,Twessie,One-Piece,"minimalist luxury, architectural swimsuit, luxury Stone Gray swimwear, Crinkled Seersucker bikini, minimalist one-piece",TRUE,Color,Stone Gray,Size,S,TWESSIE_SG_OP_0306-Stone Gray-S,168.0,,10
twessie-sg-op-0306,Sculptural Stone Gray Monokini,<p>A statement piece in Crinkled Seersucker. This one-piece combines minimalist luxury design with impeccable craftsmanship. Available in Stone Gray with Chalk White detailing. Not loud. Not obvious. Unmistakably Twessie.</p>,Twessie,One-Piece,"minimalist luxury, architectural swimsuit, luxury Stone Gray swimwear, Crinkled Seersucker bikini, minimalist one-piece",TRUE,Color,Stone Gray,Size,M,TWESSIE_SG_OP_0306-Stone Gray-M,168.0,,10
twessie-sg-op-0306,Sculptural Stone Gray Monokini,<p>A statement piece in Crinkled Seersucker. This one-piece combines minimalist luxury design with impeccable craftsmanship. Available in Stone Gray with Chalk White detailing. Not loud. Not obvious. Unmistakably Twessie.</p>,Twessie,One-Piece,"minimalist luxury, architectural swimsuit, luxury Stone Gray swimwear, Crinkled Seersucker bikini, minimalist one-piece",TRUE,Color,Stone Gray,Size,L,TWESSIE_SG_OP_0306-Stone Gray-L,168.0,,10
twessie-sg-op-0306,Sculptural Stone Gray Monokini,<p>A statement piece in Crinkled Seersucker. This one-piece combines minimalist luxury design with impeccable craftsmanship. Available in Stone Gray with Chalk White detailing. Not loud. Not obvious. Unmistakably Twessie.</p>,Twessie,One-Piece,"minimalist luxury, architectural swimsuit, luxury Stone Gray swimwear, Crinkled Seersucker bikini, minimalist one-piece",TRUE,Color,Stone Gray,Size,XL,TWESSIE_SG_OP_0306-Stone Gray-XL,168.0,,10
twessie-sg-op-0306,Sculptural Stone Gray Monokini,<p>A statement piece in Crinkled Seersucker. This one-piece combines minimalist luxury design with impeccable craftsmanship. Available in Stone Gray with Chalk White detailing. Not loud. Not obvious. Unmistakably Twessie.</p>,Twessie,One-Piece,"minimalist luxury, architectural swimsuit, luxury Stone Gray swimwear, Crinkled Seersucker bikini, minimalist one-piece",TRUE,Color,Stone Gray,Size,XXL,TWESSIE_SG_OP_0306-Stone Gray-XXL,168.0,,10
twessie-sg-op-0306,Sculptural Stone Gray Monokini,<p>A statement piece in Crinkled Seersucker. This one-piece combines minimalist luxury design with impeccable craftsmanship. Available in Stone Gray with Chalk White detailing. Not loud. Not obvious. Unmistakably Twessie.</p>,Twessie,One-Piece,"minimalist luxury, architectural swimsuit, luxury Stone Gray swimwear, Crinkled Seersucker bikini, minimalist one-piece",TRUE,Color,Chalk White,Size,XS,TWESSIE_SG_OP_0306-Chalk White-XS,168.0,,10
twessie-sg-op-0306,Sculptural Stone Gray Monokini,<p>A statement piece in Crinkled Seersucker. This one-piece combines minimalist luxury design with impeccable craftsmanship. Available in Stone Gray with Chalk White detailing. Not loud. Not obvious. Unmistakably Twessie.</p>,Twessie,One-Piece,"minimalist luxury, architectural swimsuit, luxury Stone Gray swimwear, Crinkled Seersucker bikini, minimalist one-piece",TRUE,Color,Chalk White,Size,S,TWESSIE_SG_OP_0306-Chalk White-S,168.0,,10
twessie-sg-op-0306,Sculptural Stone Gray Monokini,<p>A statement piece in Crinkled Seersucker. This one-piece combines minimalist luxury design with impeccable craftsmanship. Available in Stone Gray with Chalk White detailing. Not loud. Not obvious. Unmistakably Twessie.</p>,Twessie,One-Piece,"minimalist luxury, architectural swimsuit, luxury Stone Gray swimwear, Crinkled Seersucker bikini, minimalist one-piece",TRUE,Color,Chalk White,Size,M,TWESSIE_SG_OP_0306-Chalk White-M,168.0,,10
twessie-sg-op-0306,Sculptural Stone Gray Monokini,<p>A statement piece in Crinkled Seersucker. This one-piece combines minimalist luxury design with impeccable craftsmanship. Available in Stone Gray with Chalk White detailing. Not loud. Not obvious. Unmistakably Twessie.</p>,Twessie,One-Piece,"minimalist luxury, architectural swimsuit, luxury Stone Gray swimwear, Crinkled Seersucker bikini, minimalist one-piece",TRUE,Color,Chalk White,Size,L,TWESSIE_SG_OP_0306-Chalk White-L,168.0,,10
twessie-sg-op-0306,Sculptural Stone Gray Monokini,<p>A statement piece in Crinkled Seersucker. This one-piece combines minimalist luxury design with impeccable craftsmanship. Available in Stone Gray with Chalk White detailing. Not loud. Not obvious. Unmistakably Twessie.</p>,Twessie,One-Piece,"minimalist luxury, architectural swimsuit, luxury Stone Gray swimwear, Crinkled Seersucker bikini, minimalist one-piece",TRUE,Color,Chalk White,Size,XL,TWESSIE_SG_OP_0306-Chalk White-XL,168.0,,10
twessie-sg-op-0306,Sculptural Stone Gray Monokini,<p>A statement piece in Crinkled Seersucker. This one-piece combines minimalist luxury design with impeccable craftsmanship. Available in Stone Gray with Chalk White detailing. Not loud. Not obvious. Unmistakably Twessie.</p>,Twessie,One-Piece,"minimalist luxury, architectural swimsuit, luxury Stone Gray swimwear, Crinkled Seersucker bikini, minimalist one-piece",TRUE,Color,Chalk White,Size,XXL,TWESSIE_SG_OP_0306-Chalk White-XXL,168.0,,10
twessie-na-bb-0307,Raw-Edge Olive Drab Bikini Bottom,<p>A statement piece in Matte Ribbed Knit. This bikini bottom combines rebellious yet refined design with impeccable craftsmanship. Available in Olive Drab with Burnt Terracotta detailing. Not loud. Not obvious. Unmistakably Twessie.</p>,Twessie,Bikini Bottom,"high-end swimwear, architectural swimsuit, luxury Olive Drab swimwear, minimalist luxury, minimalist bikini bottom",TRUE,Color,Olive Drab,Size,XS,TWESSIE_NA_BB_0307-Olive Drab-XS,168.0,,10
twessie-na-bb-0307,Raw-Edge Olive Drab Bikini Bottom,<p>A statement piece in Matte Ribbed Knit. This bikini bottom combines rebellious yet refined design with impeccable craftsmanship. Available in Olive Drab with Burnt Terracotta detailing. Not loud. Not obvious. Unmistakably Twessie.</p>,Twessie,Bikini Bottom,"high-end swimwear, architectural swimsuit, luxury Olive Drab swimwear, minimalist luxury, minimalist bikini bottom",TRUE,Color,Olive Drab,Size,S,TWESSIE_NA_BB_0307-Olive Drab-S,168.0,,10
twessie-na-bb-0307,Raw-Edge Olive Drab Bikini Bottom,<p>A statement piece in Matte Ribbed Knit. This bikini bottom combines rebellious yet refined design with impeccable craftsmanship. Available in Olive Drab with Burnt Terracotta detailing. Not loud. Not obvious. Unmistakably Twessie.</p>,Twessie,Bikini Bottom,"high-end swimwear, architectural swimsuit, luxury Olive Drab swimwear, minimalist luxury, minimalist bikini bottom",TRUE,Color,Olive Drab,Size,M,TWESSIE_NA_BB_0307-Olive Drab-M,168.0,,10
twessie-na-bb-0307,Raw-Edge Olive Drab Bikini Bottom,<p>A statement piece in Matte Ribbed Knit. This bikini bottom combines rebellious yet refined design with impeccable craftsmanship. Available in Olive Drab with Burnt Terracotta detailing. Not loud. Not obvious. Unmistakably Twessie.</p>,Twessie,Bikini Bottom,"high-end swimwear, architectural swimsuit, luxury Olive Drab swimwear, minimalist luxury, minimalist bikini bottom",TRUE,Color,Olive Drab,Size,L,TWESSIE_NA_BB_0307-Olive Drab-L,168.0,,10
twessie-na-bb-0307,Raw-Edge Olive Drab Bikini Bottom,<p>A statement piece in Matte Ribbed Knit. This bikini bottom combines rebellious yet refined design with impeccable craftsmanship. Available in Olive Drab with Burnt Terracotta detailing. Not loud. Not obvious. Unmistakably Twessie.</p>,Twessie,Bikini Bottom,"high-end swimwear, architectural swimsuit, luxury Olive Drab swimwear, minimalist luxury, minimalist bikini bottom",TRUE,Color,Olive Drab,Size,XL,TWESSIE_NA_BB_0307-Olive Drab-XL,168.0,,10
twessie-na-bb-0307,Raw-Edge Olive Drab Bikini Bottom,<p>A statement piece in Matte Ribbed Knit. This bikini bottom combines rebellious yet refined design with impeccable craftsmanship. Available in Olive Drab with Burnt Terracotta detailing. Not loud. Not obvious. Unmistakably Twessie.</p>,Twessie,Bikini Bottom,"high-end swimwear, architectural swimsuit, luxury Olive Drab swimwear, minimalist luxury, minimalist bikini bottom",TRUE,Color,Olive Drab,Size,XXL,TWESSIE_NA_BB_0307-Olive Drab-XXL,168.0,,10
twessie-na-bb-0307,Raw-Edge Olive Drab Bikini Bottom,<p>A statement piece in Matte Ribbed Knit. This bikini bottom combines rebellious yet refined design with impeccable craftsmanship. Available in Olive Drab with Burnt Terracotta detailing. Not loud. Not obvious. Unmistakably Twessie.</p>,Twessie,Bikini Bottom,"high-end swimwear, architectural swimsuit, luxury Olive Drab swimwear, minimalist luxury, minimalist bikini bottom",TRUE,Color,Burnt Terracotta,Size,XS,TWESSIE_NA_BB_0307-Burnt Terracotta-XS,168.0,,10
twessie-na-bb-0307,Raw-Edge Olive Drab Bikini Bottom,<p>A statement piece in Matte Ribbed Knit. This bikini bottom combines rebellious yet refined design with impeccable craftsmanship. Available in Olive Drab with Burnt Terracotta detailing. Not loud. Not obvious. Unmistakably Twessie.</p>,Twessie,Bikini Bottom,"high-end swimwear, architectural swimsuit, luxury Olive Drab swimwear, minimalist luxury, minimalist bikini bottom",TRUE,Color,Burnt Terracotta,Size,S,TWESSIE_NA_BB_0307-Burnt Terracotta-S,168.0,,10
twessie-na-bb-0307,Raw-Edge Olive Drab Bikini Bottom,<p>A statement piece in Matte Ribbed Knit. This bikini bottom combines rebellious yet refined design with impeccable craftsmanship. Available in Olive Drab with Burnt Terracotta detailing. Not loud. Not obvious. Unmistakably Twessie.</p>,Twessie,Bikini Bottom,"high-end swimwear, architectural swimsuit, luxury Olive Drab swimwear, minimalist luxury, minimalist bikini bottom",TRUE,Color,Burnt Terracotta,Size,M,TWESSIE_NA_BB_0307-Burnt Terracotta-M,168.0,,10
twessie-na-bb-0307,Raw-Edge Olive Drab Bikini Bottom,<p>A statement piece in Matte Ribbed Knit. This bikini bottom combines rebellious yet refined design with impeccable craftsmanship. Available in Olive Drab with Burnt Terracotta detailing. Not loud. Not obvious. Unmistakably Twessie.</p>,Twessie,Bikini Bottom,"high-end swimwear, architectural swimsuit, luxury Olive Drab swimwear, minimalist luxury, minimalist bikini bottom",TRUE,Color,Burnt Terracotta,Size,L,TWESSIE_NA_BB_0307-Burnt Terracotta-L,168.0,,10
twessie-na-bb-0307,Raw-Edge Olive Drab Bikini Bottom,<p>A statement piece in Matte Ribbed Knit. This bikini bottom combines rebellious yet refined design with impeccable craftsmanship. Available in Olive Drab with Burnt Terracotta detailing. Not loud. Not obvious. Unmistakably Twessie.</p>,Twessie,Bikini Bottom,"high-end swimwear, architectural swimsuit, luxury Olive Drab swimwear, minimalist luxury, minimalist bikini bottom",TRUE,Color,Burnt Terracotta,Size,XL,TWESSIE_NA_BB_0307-Burnt Terracotta-XL,168.0,,10
twessie-na-bb-0307,Raw-Edge Olive Drab Bikini Bottom,<p>A statement piece in Matte Ribbed Knit. This bikini bottom combines rebellious yet refined design with impeccable craftsmanship. Available in Olive Drab with Burnt Terracotta detailing. Not loud. Not obvious. Unmistakably Twessie.</p>,Twessie,Bikini Bottom,"high-end swimwear, architectural swimsuit, luxury Olive Drab swimwear, minimalist luxury, minimalist bikini bottom",TRUE,Color,Burnt Terracotta,Size,XXL,TWESSIE_NA_BB_0307-Burnt Terracotta-XXL,168.0,,10
twessie-jp-bb-0308,Structural Crinkled Seersucker Bikini Bottom,<p>A statement piece in Crinkled Seersucker. This bikini bottom combines minimalist luxury design with impeccable craftsmanship. Available in Chalk White with Stone Gray detailing. Not loud. Not obvious. Unmistakably Twessie.</p>,Twessie,Bikini Bottom,"luxury Chalk White swimwear, minimalist luxury, high-end swimwear, Crinkled Seersucker bikini, architectural swimsuit",TRUE,Color,Chalk White,Size,XS,TWESSIE_JP_BB_0308-Chalk White-XS,168.0,,10
twessie-jp-bb-0308,Structural Crinkled Seersucker Bikini Bottom,<p>A statement piece in Crinkled Seersucker. This bikini bottom combines minimalist luxury design with impeccable craftsmanship. Available in Chalk White with Stone Gray detailing. Not loud. Not obvious. Unmistakably Twessie.</p>,Twessie,Bikini Bottom,"luxury Chalk White swimwear, minimalist luxury, high-end swimwear, Crinkled Seersucker bikini, architectural swimsuit",TRUE,Color,Chalk White,Size,S,TWESSIE_JP_BB_0308-Chalk White-S,168.0,,10
twessie-jp-bb-0308,Structural Crinkled Seersucker Bikini Bottom,<p>A statement piece in Crinkled Seersucker. This bikini bottom combines minimalist luxury design with impeccable craftsmanship. Available in Chalk White with Stone Gray detailing. Not loud. Not obvious. Unmistakably Twessie.</p>,Twessie,Bikini Bottom,"luxury Chalk White swimwear, minimalist luxury, high-end swimwear, Crinkled Seersucker bikini, architectural swimsuit",TRUE,Color,Chalk White,Size,M,TWESSIE_JP_BB_0308-Chalk White-M,168.0,,10
twessie-jp-bb-0308,Structural Crinkled Seersucker Bikini Bottom,<p>A statement piece in Crinkled Seersucker. This bikini bottom combines minimalist luxury design with impeccable craftsmanship. Available in Chalk White with Stone Gray detailing. Not loud. Not obvious. Unmistakably Twessie.</p>,Twessie,Bikini Bottom,"luxury Chalk White swimwear, minimalist luxury, high-end swimwear, Crinkled Seersucker bikini, architectural swimsuit",TRUE,Color,Chalk White,Size,L,TWESSIE_JP_BB_0308-Chalk White-L,168.0,,10
twessie-jp-bb-0308,Structural Crinkled Seersucker Bikini Bottom,<p>A statement piece in Crinkled Seersucker. This bikini bottom combines minimalist luxury design with impeccable craftsmanship. Available in Chalk White with Stone Gray detailing. Not loud. Not obvious. Unmistakably Twessie.</p>,Twessie,Bikini Bottom,"luxury Chalk White swimwear, minimalist luxury, high-end swimwear, Crinkled Seersucker bikini, architectural swimsuit",TRUE,Color,Chalk White,Size,XL,TWESSIE_JP_BB_0308-Chalk White-XL,168.0,,10
twessie-jp-bb-0308,Structural Crinkled Seersucker Bikini Bottom,<p>A statement piece in Crinkled Seersucker. This bikini bottom combines minimalist luxury design with impeccable craftsmanship. Available in Chalk White with Stone Gray detailing. Not loud. Not obvious. Unmistakably Twessie.</p>,Twessie,Bikini Bottom,"luxury Chalk White swimwear, minimalist luxury, high-end swimwear, Crinkled Seersucker bikini, architectural swimsuit",TRUE,Color,Chalk White,Size,XXL,TWESSIE_JP_BB_0308-Chalk White-XXL,168.0,,10
twessie-jp-bb-0308,Structural Crinkled Seersucker Bikini Bottom,<p>A statement piece in Crinkled Seersucker. This bikini bottom combines minimalist luxury design with impeccable craftsmanship. Available in Chalk White with Stone Gray detailing. Not loud. Not obvious. Unmistakably Twessie.</p>,Twessie,Bikini Bottom,"luxury Chalk White swimwear, minimalist luxury, high-end swimwear, Crinkled Seersucker bikini, architectural swimsuit",TRUE,Color,Stone Gray,Size,XS,TWESSIE_JP_BB_0308-Stone Gray-XS,168.0,,10
twessie-jp-bb-0308,Structural Crinkled Seersucker Bikini Bottom,<p>A statement piece in Crinkled Seersucker. This bikini bottom combines minimalist luxury design with impeccable craftsmanship. Available in Chalk White with Stone Gray detailing. Not loud. Not obvious. Unmistakably Twessie.</p>,Twessie,Bikini Bottom,"luxury Chalk White swimwear, minimalist luxury, high-end swimwear, Crinkled Seersucker bikini, architectural swimsuit",TRUE,Color,Stone Gray,Size,S,TWESSIE_JP_BB_0308-Stone Gray-S,168.0,,10
twessie-jp-bb-0308,Structural Crinkled Seersucker Bikini Bottom,<p>A statement piece in Crinkled Seersucker. This bikini bottom combines minimalist luxury design with impeccable craftsmanship. Available in Chalk White with Stone Gray detailing. Not loud. Not obvious. Unmistakably Twessie.</p>,Twessie,Bikini Bottom,"luxury Chalk White swimwear, minimalist luxury, high-end swimwear, Crinkled Seersucker bikini, architectural swimsuit",TRUE,Color,Stone Gray,Size,M,TWESSIE_JP_BB_0308-Stone Gray-M,168.0,,10
twessie-jp-bb-0308,Structural Crinkled Seersucker Bikini Bottom,<p>A statement piece in Crinkled Seersucker. This bikini bottom combines minimalist luxury design with impeccable craftsmanship. Available in Chalk White with Stone Gray detailing. Not loud. Not obvious. Unmistakably Twessie.</p>,Twessie,Bikini Bottom,"luxury Chalk White swimwear, minimalist luxury, high-end swimwear, Crinkled Seersucker bikini, architectural swimsuit",TRUE,Color,Stone Gray,Size,L,TWESSIE_JP_BB_0308-Stone Gray-L,168.0,,10
twessie-jp-bb-0308,Structural Crinkled Seersucker Bikini Bottom,<p>A statement piece in Crinkled Seersucker. This bikini bottom combines minimalist luxury design with impeccable craftsmanship. Available in Chalk White with Stone Gray detailing. Not loud. Not obvious. Unmistakably Twessie.</p>,Twessie,Bikini Bottom,"luxury Chalk White swimwear, minimalist luxury, high-end swimwear, Crinkled Seersucker bikini, architectural swimsuit",TRUE,Color,Stone Gray,Size,XL,TWESSIE_JP_BB_0308-Stone Gray-XL,168.0,,10
twessie-jp-bb-0308,Structural Crinkled Seersucker Bikini Bottom,<p>A statement piece in Crinkled Seersucker. This bikini bottom combines minimalist luxury design with impeccable craftsmanship. Available in Chalk White with Stone Gray detailing. Not loud. Not obvious. Unmistakably Twessie.</p>,Twessie,Bikini Bottom,"luxury Chalk White swimwear, minimalist luxury, high-end swimwear, Crinkled Seersucker bikini, architectural swimsuit",TRUE,Color,Stone Gray,Size,XXL,TWESSIE_JP_BB_0308-Stone Gray-XXL,168.0,,10
twessie-na-bb-0309,High-Cut Burnt Terracotta Bikini Brief,<p>A statement piece in Matte Ribbed Knit. This bikini bottom combines minimalist luxury design with impeccable craftsmanship. Available in Burnt Terracotta with Olive Drab detailing. Not loud. Not obvious. Unmistakably Twessie.</p>,Twessie,Bikini Bottom,"architectural swimsuit, independent fashion, high-end swimwear, luxury Burnt Terracotta swimwear, minimalist luxury",TRUE,Color,Burnt Terracotta,Size,XS,TWESSIE_NA_BB_0309-Burnt Terracotta-XS,168.0,,10
twessie-na-bb-0309,High-Cut Burnt Terracotta Bikini Brief,<p>A statement piece in Matte Ribbed Knit. This bikini bottom combines minimalist luxury design with impeccable craftsmanship. Available in Burnt Terracotta with Olive Drab detailing. Not loud. Not obvious. Unmistakably Twessie.</p>,Twessie,Bikini Bottom,"architectural swimsuit, independent fashion, high-end swimwear, luxury Burnt Terracotta swimwear, minimalist luxury",TRUE,Color,Burnt Terracotta,Size,S,TWESSIE_NA_BB_0309-Burnt Terracotta-S,168.0,,10
twessie-na-bb-0309,High-Cut Burnt Terracotta Bikini Brief,<p>A statement piece in Matte Ribbed Knit. This bikini bottom combines minimalist luxury design with impeccable craftsmanship. Available in Burnt Terracotta with Olive Drab detailing. Not loud. Not obvious. Unmistakably Twessie.</p>,Twessie,Bikini Bottom,"architectural swimsuit, independent fashion, high-end swimwear, luxury Burnt Terracotta swimwear, minimalist luxury",TRUE,Color,Burnt Terracotta,Size,M,TWESSIE_NA_BB_0309-Burnt Terracotta-M,168.0,,10
twessie-na-bb-0309,High-Cut Burnt Terracotta Bikini Brief,<p>A statement piece in Matte Ribbed Knit. This bikini bottom combines minimalist luxury design with impeccable craftsmanship. Available in Burnt Terracotta with Olive Drab detailing. Not loud. Not obvious. Unmistakably Twessie.</p>,Twessie,Bikini Bottom,"architectural swimsuit, independent fashion, high-end swimwear, luxury Burnt Terracotta swimwear, minimalist luxury",TRUE,Color,Burnt Terracotta,Size,L,TWESSIE_NA_BB_0309-Burnt Terracotta-L,168.0,,10
twessie-na-bb-0309,High-Cut Burnt Terracotta Bikini Brief,<p>A statement piece in Matte Ribbed Knit. This bikini bottom combines minimalist luxury design with impeccable craftsmanship. Available in Burnt Terracotta with Olive Drab detailing. Not loud. Not obvious. Unmistakably Twessie.</p>,Twessie,Bikini Bottom,"architectural swimsuit, independent fashion, high-end swimwear, luxury Burnt Terracotta swimwear, minimalist luxury",TRUE,Color,Burnt Terracotta,Size,XL,TWESSIE_NA_BB_0309-Burnt Terracotta-XL,168.0,,10
twessie-na-bb-0309,High-Cut Burnt Terracotta Bikini Brief,<p>A statement piece in Matte Ribbed Knit. This bikini bottom combines minimalist luxury design with impeccable craftsmanship. Available in Burnt Terracotta with Olive Drab detailing. Not loud. Not obvious. Unmistakably Twessie.</p>,Twessie,Bikini Bottom,"architectural swimsuit, independent fashion, high-end swimwear, luxury Burnt Terracotta swimwear, minimalist luxury",TRUE,Color,Burnt Terracotta,Size,XXL,TWESSIE_NA_BB_0309-Burnt Terracotta-XXL,168.0,,10
twessie-na-bb-0309,High-Cut Burnt Terracotta Bikini Brief,<p>A statement piece in Matte Ribbed Knit. This bikini bottom combines minimalist luxury design with impeccable craftsmanship. Available in Burnt Terracotta with Olive Drab detailing. Not loud. Not obvious. Unmistakably Twessie.</p>,Twessie,Bikini Bottom,"architectural swimsuit, independent fashion, high-end swimwear, luxury Burnt Terracotta swimwear, minimalist luxury",TRUE,Color,Olive Drab,Size,XS,TWESSIE_NA_BB_0309-Olive Drab-XS,168.0,,10
twessie-na-bb-0309,High-Cut Burnt Terracotta Bikini Brief,<p>A statement piece in Matte Ribbed Knit. This bikini bottom combines minimalist luxury design with impeccable craftsmanship. Available in Burnt Terracotta with Olive Drab detailing. Not loud. Not obvious. Unmistakably Twessie.</p>,Twessie,Bikini Bottom,"architectural swimsuit, independent fashion, high-end swimwear, luxury Burnt Terracotta swimwear, minimalist luxury",TRUE,Color,Olive Drab,Size,S,TWESSIE_NA_BB_0309-Olive Drab-S,168.0,,10
twessie-na-bb-0309,High-Cut Burnt Terracotta Bikini Brief,<p>A statement piece in Matte Ribbed Knit. This bikini bottom combines minimalist luxury design with impeccable craftsmanship. Available in Burnt Terracotta with Olive Drab detailing. Not loud. Not obvious. Unmistakably Twessie.</p>,Twessie,Bikini Bottom,"architectural swimsuit, independent fashion, high-end swimwear, luxury Burnt Terracotta swimwear, minimalist luxury",TRUE,Color,Olive Drab,Size,M,TWESSIE_NA_BB_0309-Olive Drab-M,168.0,,10
twessie-na-bb-0309,High-Cut Burnt Terracotta Bikini Brief,<p>A statement piece in Matte Ribbed Knit. This bikini bottom combines minimalist luxury design with impeccable craftsmanship. Available in Burnt Terracotta with Olive Drab detailing. Not loud. Not obvious. Unmistakably Twessie.</p>,Twessie,Bikini Bottom,"architectural swimsuit, independent fashion, high-end swimwear, luxury Burnt Terracotta swimwear, minimalist luxury",TRUE,Color,Olive Drab,Size,L,TWESSIE_NA_BB_0309-Olive Drab-L,168.0,,10
twessie-na-bb-0309,High-Cut Burnt Terracotta Bikini Brief,<p>A statement piece in Matte Ribbed Knit. This bikini bottom combines minimalist luxury design with impeccable craftsmanship. Available in Burnt Terracotta with Olive Drab detailing. Not loud. Not obvious. Unmistakably Twessie.</p>,Twessie,Bikini Bottom,"architectural swimsuit, independent fashion, high-end swimwear, luxury Burnt Terracotta swimwear, minimalist luxury",TRUE,Color,Olive Drab,Size,XL,TWESSIE_NA_BB_0309-Olive Drab-XL,168.0,,10
twessie-na-bb-0309,High-Cut Burnt Terracotta Bikini Brief,<p>A statement piece in Matte Ribbed Knit. This bikini bottom combines minimalist luxury design with impeccable craftsmanship. Available in Burnt Terracotta with Olive Drab detailing. Not loud. Not obvious. Unmistakably Twessie.</p>,Twessie,Bikini Bottom,"architectural swimsuit, independent fashion, high-end swimwear, luxury Burnt Terracotta swimwear, minimalist luxury",TRUE,Color,Olive Drab,Size,XXL,TWESSIE_NA_BB_0309-Olive Drab-XXL,168.0,,10
twessie-na-bt-0310,Econyl Sleek Satin High-Waist Bikini Top in Obsidian Black,"<p>Econyl Sleek Satin construction meets architectural precision in this bikini top. Designed for the intelligent, independent woman. The Obsidian Black colorway with Chalk White accents creates a sophisticated palette. Pure rebellious yet refined elegance.</p>",Twessie,Bikini Top,"minimalist luxury, independent fashion, minimalist bikini top, Econyl Sleek Satin bikini, luxury Obsidian Black swimwear",TRUE,Color,Obsidian Black,Size,XS,TWESSIE_NA_BT_0310-Obsidian Black-XS,168.0,,10
twessie-na-bt-0310,Econyl Sleek Satin High-Waist Bikini Top in Obsidian Black,"<p>Econyl Sleek Satin construction meets architectural precision in this bikini top. Designed for the intelligent, independent woman. The Obsidian Black colorway with Chalk White accents creates a sophisticated palette. Pure rebellious yet refined elegance.</p>",Twessie,Bikini Top,"minimalist luxury, independent fashion, minimalist bikini top, Econyl Sleek Satin bikini, luxury Obsidian Black swimwear",TRUE,Color,Obsidian Black,Size,S,TWESSIE_NA_BT_0310-Obsidian Black-S,168.0,,10
twessie-na-bt-0310,Econyl Sleek Satin High-Waist Bikini Top in Obsidian Black,"<p>Econyl Sleek Satin construction meets architectural precision in this bikini top. Designed for the intelligent, independent woman. The Obsidian Black colorway with Chalk White accents creates a sophisticated palette. Pure rebellious yet refined elegance.</p>",Twessie,Bikini Top,"minimalist luxury, independent fashion, minimalist bikini top, Econyl Sleek Satin bikini, luxury Obsidian Black swimwear",TRUE,Color,Obsidian Black,Size,M,TWESSIE_NA_BT_0310-Obsidian Black-M,168.0,,10
twessie-na-bt-0310,Econyl Sleek Satin High-Waist Bikini Top in Obsidian Black,"<p>Econyl Sleek Satin construction meets architectural precision in this bikini top. Designed for the intelligent, independent woman. The Obsidian Black colorway with Chalk White accents creates a sophisticated palette. Pure rebellious yet refined elegance.</p>",Twessie,Bikini Top,"minimalist luxury, independent fashion, minimalist bikini top, Econyl Sleek Satin bikini, luxury Obsidian Black swimwear",TRUE,Color,Obsidian Black,Size,L,TWESSIE_NA_BT_0310-Obsidian Black-L,168.0,,10
twessie-na-bt-0310,Econyl Sleek Satin High-Waist Bikini Top in Obsidian Black,"<p>Econyl Sleek Satin construction meets architectural precision in this bikini top. Designed for the intelligent, independent woman. The Obsidian Black colorway with Chalk White accents creates a sophisticated palette. Pure rebellious yet refined elegance.</p>",Twessie,Bikini Top,"minimalist luxury, independent fashion, minimalist bikini top, Econyl Sleek Satin bikini, luxury Obsidian Black swimwear",TRUE,Color,Obsidian Black,Size,XL,TWESSIE_NA_BT_0310-Obsidian Black-XL,168.0,,10
twessie-na-bt-0310,Econyl Sleek Satin High-Waist Bikini Top in Obsidian Black,"<p>Econyl Sleek Satin construction meets architectural precision in this bikini top. Designed for the intelligent, independent woman. The Obsidian Black colorway with Chalk White accents creates a sophisticated palette. Pure rebellious yet refined elegance.</p>",Twessie,Bikini Top,"minimalist luxury, independent fashion, minimalist bikini top, Econyl Sleek Satin bikini, luxury Obsidian Black swimwear",TRUE,Color,Obsidian Black,Size,XXL,TWESSIE_NA_BT_0310-Obsidian Black-XXL,168.0,,10
twessie-na-bt-0310,Econyl Sleek Satin High-Waist Bikini Top in Obsidian Black,"<p>Econyl Sleek Satin construction meets architectural precision in this bikini top. Designed for the intelligent, independent woman. The Obsidian Black colorway with Chalk White accents creates a sophisticated palette. Pure rebellious yet refined elegance.</p>",Twessie,Bikini Top,"minimalist luxury, independent fashion, minimalist bikini top, Econyl Sleek Satin bikini, luxury Obsidian Black swimwear",TRUE,Color,Chalk White,Size,XS,TWESSIE_NA_BT_0310-Chalk White-XS,168.0,,10
twessie-na-bt-0310,Econyl Sleek Satin High-Waist Bikini Top in Obsidian Black,"<p>Econyl Sleek Satin construction meets architectural precision in this bikini top. Designed for the intelligent, independent woman. The Obsidian Black colorway with Chalk White accents creates a sophisticated palette. Pure rebellious yet refined elegance.</p>",Twessie,Bikini Top,"minimalist luxury, independent fashion, minimalist bikini top, Econyl Sleek Satin bikini, luxury Obsidian Black swimwear",TRUE,Color,Chalk White,Size,S,TWESSIE_NA_BT_0310-Chalk White-S,168.0,,10
twessie-na-bt-0310,Econyl Sleek Satin High-Waist Bikini Top in Obsidian Black,"<p>Econyl Sleek Satin construction meets architectural precision in this bikini top. Designed for the intelligent, independent woman. The Obsidian Black colorway with Chalk White accents creates a sophisticated palette. Pure rebellious yet refined elegance.</p>",Twessie,Bikini Top,"minimalist luxury, independent fashion, minimalist bikini top, Econyl Sleek Satin bikini, luxury Obsidian Black swimwear",TRUE,Color,Chalk White,Size,M,TWESSIE_NA_BT_0310-Chalk White-M,168.0,,10
twessie-na-bt-0310,Econyl Sleek Satin High-Waist Bikini Top in Obsidian Black,"<p>Econyl Sleek Satin construction meets architectural precision in this bikini top. Designed for the intelligent, independent woman. The Obsidian Black colorway with Chalk White accents creates a sophisticated palette. Pure rebellious yet refined elegance.</p>",Twessie,Bikini Top,"minimalist luxury, independent fashion, minimalist bikini top, Econyl Sleek Satin bikini, luxury Obsidian Black swimwear",TRUE,Color,Chalk White,Size,L,TWESSIE_NA_BT_0310-Chalk White-L,168.0,,10
twessie-na-bt-0310,Econyl Sleek Satin High-Waist Bikini Top in Obsidian Black,"<p>Econyl Sleek Satin construction meets architectural precision in this bikini top. Designed for the intelligent, independent woman. The Obsidian Black colorway with Chalk White accents creates a sophisticated palette. Pure rebellious yet refined elegance.</p>",Twessie,Bikini Top,"minimalist luxury, independent fashion, minimalist bikini top, Econyl Sleek Satin bikini, luxury Obsidian Black swimwear",TRUE,Color,Chalk White,Size,XL,TWESSIE_NA_BT_0310-Chalk White-XL,168.0,,10
twessie-na-bt-0310,Econyl Sleek Satin High-Waist Bikini Top in Obsidian Black,"<p>Econyl Sleek Satin construction meets architectural precision in this bikini top. Designed for the intelligent, independent woman. The Obsidian Black colorway with Chalk White accents creates a sophisticated palette. Pure rebellious yet refined elegance.</p>",Twessie,Bikini Top,"minimalist luxury, independent fashion, minimalist bikini top, Econyl Sleek Satin bikini, luxury Obsidian Black swimwear",TRUE,Color,Chalk White,Size,XXL,TWESSIE_NA_BT_0310-Chalk White-XXL,168.0,,10
twessie-au-bt-0401,Architecture-Cut Olive Drab Bikini Top,<p>Crafted in premium Matte Ribbed Knit with Econyl Sleek Satin accents. This bikini top epitomizes minimalist luxury luxury. Featuring color-blocking in Olive Drab and Burnt Terracotta. Perfect for the discerning swimmer who refuses the obvious.</p>,Twessie,Bikini Top,"independent fashion, high-end swimwear, minimalist luxury, Matte Ribbed Knit bikini, minimalist bikini top",TRUE,Color,Olive Drab,Size,XS,TWESSIE_AU_BT_0401-Olive Drab-XS,168.0,,10
twessie-au-bt-0401,Architecture-Cut Olive Drab Bikini Top,<p>Crafted in premium Matte Ribbed Knit with Econyl Sleek Satin accents. This bikini top epitomizes minimalist luxury luxury. Featuring color-blocking in Olive Drab and Burnt Terracotta. Perfect for the discerning swimmer who refuses the obvious.</p>,Twessie,Bikini Top,"independent fashion, high-end swimwear, minimalist luxury, Matte Ribbed Knit bikini, minimalist bikini top",TRUE,Color,Olive Drab,Size,S,TWESSIE_AU_BT_0401-Olive Drab-S,168.0,,10
twessie-au-bt-0401,Architecture-Cut Olive Drab Bikini Top,<p>Crafted in premium Matte Ribbed Knit with Econyl Sleek Satin accents. This bikini top epitomizes minimalist luxury luxury. Featuring color-blocking in Olive Drab and Burnt Terracotta. Perfect for the discerning swimmer who refuses the obvious.</p>,Twessie,Bikini Top,"independent fashion, high-end swimwear, minimalist luxury, Matte Ribbed Knit bikini, minimalist bikini top",TRUE,Color,Olive Drab,Size,M,TWESSIE_AU_BT_0401-Olive Drab-M,168.0,,10
twessie-au-bt-0401,Architecture-Cut Olive Drab Bikini Top,<p>Crafted in premium Matte Ribbed Knit with Econyl Sleek Satin accents. This bikini top epitomizes minimalist luxury luxury. Featuring color-blocking in Olive Drab and Burnt Terracotta. Perfect for the discerning swimmer who refuses the obvious.</p>,Twessie,Bikini Top,"independent fashion, high-end swimwear, minimalist luxury, Matte Ribbed Knit bikini, minimalist bikini top",TRUE,Color,Olive Drab,Size,L,TWESSIE_AU_BT_0401-Olive Drab-L,168.0,,10
twessie-au-bt-0401,Architecture-Cut Olive Drab Bikini Top,<p>Crafted in premium Matte Ribbed Knit with Econyl Sleek Satin accents. This bikini top epitomizes minimalist luxury luxury. Featuring color-blocking in Olive Drab and Burnt Terracotta. Perfect for the discerning swimmer who refuses the obvious.</p>,Twessie,Bikini Top,"independent fashion, high-end swimwear, minimalist luxury, Matte Ribbed Knit bikini, minimalist bikini top",TRUE,Color,Olive Drab,Size,XL,TWESSIE_AU_BT_0401-Olive Drab-XL,168.0,,10
twessie-au-bt-0401,Architecture-Cut Olive Drab Bikini Top,<p>Crafted in premium Matte Ribbed Knit with Econyl Sleek Satin accents. This bikini top epitomizes minimalist luxury luxury. Featuring color-blocking in Olive Drab and Burnt Terracotta. Perfect for the discerning swimmer who refuses the obvious.</p>,Twessie,Bikini Top,"independent fashion, high-end swimwear, minimalist luxury, Matte Ribbed Knit bikini, minimalist bikini top",TRUE,Color,Olive Drab,Size,XXL,TWESSIE_AU_BT_0401-Olive Drab-XXL,168.0,,10
twessie-au-bt-0401,Architecture-Cut Olive Drab Bikini Top,<p>Crafted in premium Matte Ribbed Knit with Econyl Sleek Satin accents. This bikini top epitomizes minimalist luxury luxury. Featuring color-blocking in Olive Drab and Burnt Terracotta. Perfect for the discerning swimmer who refuses the obvious.</p>,Twessie,Bikini Top,"independent fashion, high-end swimwear, minimalist luxury, Matte Ribbed Knit bikini, minimalist bikini top",TRUE,Color,Burnt Terracotta,Size,XS,TWESSIE_AU_BT_0401-Burnt Terracotta-XS,168.0,,10
twessie-au-bt-0401,Architecture-Cut Olive Drab Bikini Top,<p>Crafted in premium Matte Ribbed Knit with Econyl Sleek Satin accents. This bikini top epitomizes minimalist luxury luxury. Featuring color-blocking in Olive Drab and Burnt Terracotta. Perfect for the discerning swimmer who refuses the obvious.</p>,Twessie,Bikini Top,"independent fashion, high-end swimwear, minimalist luxury, Matte Ribbed Knit bikini, minimalist bikini top",TRUE,Color,Burnt Terracotta,Size,S,TWESSIE_AU_BT_0401-Burnt Terracotta-S,168.0,,10
twessie-au-bt-0401,Architecture-Cut Olive Drab Bikini Top,<p>Crafted in premium Matte Ribbed Knit with Econyl Sleek Satin accents. This bikini top epitomizes minimalist luxury luxury. Featuring color-blocking in Olive Drab and Burnt Terracotta. Perfect for the discerning swimmer who refuses the obvious.</p>,Twessie,Bikini Top,"independent fashion, high-end swimwear, minimalist luxury, Matte Ribbed Knit bikini, minimalist bikini top",TRUE,Color,Burnt Terracotta,Size,M,TWESSIE_AU_BT_0401-Burnt Terracotta-M,168.0,,10
twessie-au-bt-0401,Architecture-Cut Olive Drab Bikini Top,<p>Crafted in premium Matte Ribbed Knit with Econyl Sleek Satin accents. This bikini top epitomizes minimalist luxury luxury. Featuring color-blocking in Olive Drab and Burnt Terracotta. Perfect for the discerning swimmer who refuses the obvious.</p>,Twessie,Bikini Top,"independent fashion, high-end swimwear, minimalist luxury, Matte Ribbed Knit bikini, minimalist bikini top",TRUE,Color,Burnt Terracotta,Size,L,TWESSIE_AU_BT_0401-Burnt Terracotta-L,168.0,,10
twessie-au-bt-0401,Architecture-Cut Olive Drab Bikini Top,<p>Crafted in premium Matte Ribbed Knit with Econyl Sleek Satin accents. This bikini top epitomizes minimalist luxury luxury. Featuring color-blocking in Olive Drab and Burnt Terracotta. Perfect for the discerning swimmer who refuses the obvious.</p>,Twessie,Bikini Top,"independent fashion, high-end swimwear, minimalist luxury, Matte Ribbed Knit bikini, minimalist bikini top",TRUE,Color,Burnt Terracotta,Size,XL,TWESSIE_AU_BT_0401-Burnt Terracotta-XL,168.0,,10
twessie-au-bt-0401,Architecture-Cut Olive Drab Bikini Top,<p>Crafted in premium Matte Ribbed Knit with Econyl Sleek Satin accents. This bikini top epitomizes minimalist luxury luxury. Featuring color-blocking in Olive Drab and Burnt Terracotta. Perfect for the discerning swimmer who refuses the obvious.</p>,Twessie,Bikini Top,"independent fashion, high-end swimwear, minimalist luxury, Matte Ribbed Knit bikini, minimalist bikini top",TRUE,Color,Burnt Terracotta,Size,XXL,TWESSIE_AU_BT_0401-Burnt Terracotta-XXL,168.0,,10
twessie-au-bb-0402,Raw-Edge Burnt Terracotta Bikini Bottom,<p>Crafted in premium Matte Ribbed Knit with Econyl Sleek Satin accents. This bikini bottom epitomizes intelligent aesthetic luxury. Featuring color-blocking in Burnt Terracotta and Olive Drab. Perfect for the discerning swimmer who refuses the obvious.</p>,Twessie,Bikini Bottom,"luxury Burnt Terracotta swimwear, minimalist bikini bottom, minimalist luxury, Matte Ribbed Knit bikini, independent fashion",TRUE,Color,Burnt Terracotta,Size,XS,TWESSIE_AU_BB_0402-Burnt Terracotta-XS,168.0,,10
twessie-au-bb-0402,Raw-Edge Burnt Terracotta Bikini Bottom,<p>Crafted in premium Matte Ribbed Knit with Econyl Sleek Satin accents. This bikini bottom epitomizes intelligent aesthetic luxury. Featuring color-blocking in Burnt Terracotta and Olive Drab. Perfect for the discerning swimmer who refuses the obvious.</p>,Twessie,Bikini Bottom,"luxury Burnt Terracotta swimwear, minimalist bikini bottom, minimalist luxury, Matte Ribbed Knit bikini, independent fashion",TRUE,Color,Burnt Terracotta,Size,S,TWESSIE_AU_BB_0402-Burnt Terracotta-S,168.0,,10
twessie-au-bb-0402,Raw-Edge Burnt Terracotta Bikini Bottom,<p>Crafted in premium Matte Ribbed Knit with Econyl Sleek Satin accents. This bikini bottom epitomizes intelligent aesthetic luxury. Featuring color-blocking in Burnt Terracotta and Olive Drab. Perfect for the discerning swimmer who refuses the obvious.</p>,Twessie,Bikini Bottom,"luxury Burnt Terracotta swimwear, minimalist bikini bottom, minimalist luxury, Matte Ribbed Knit bikini, independent fashion",TRUE,Color,Burnt Terracotta,Size,M,TWESSIE_AU_BB_0402-Burnt Terracotta-M,168.0,,10
twessie-au-bb-0402,Raw-Edge Burnt Terracotta Bikini Bottom,<p>Crafted in premium Matte Ribbed Knit with Econyl Sleek Satin accents. This bikini bottom epitomizes intelligent aesthetic luxury. Featuring color-blocking in Burnt Terracotta and Olive Drab. Perfect for the discerning swimmer who refuses the obvious.</p>,Twessie,Bikini Bottom,"luxury Burnt Terracotta swimwear, minimalist bikini bottom, minimalist luxury, Matte Ribbed Knit bikini, independent fashion",TRUE,Color,Burnt Terracotta,Size,L,TWESSIE_AU_BB_0402-Burnt Terracotta-L,168.0,,10
twessie-au-bb-0402,Raw-Edge Burnt Terracotta Bikini Bottom,<p>Crafted in premium Matte Ribbed Knit with Econyl Sleek Satin accents. This bikini bottom epitomizes intelligent aesthetic luxury. Featuring color-blocking in Burnt Terracotta and Olive Drab. Perfect for the discerning swimmer who refuses the obvious.</p>,Twessie,Bikini Bottom,"luxury Burnt Terracotta swimwear, minimalist bikini bottom, minimalist luxury, Matte Ribbed Knit bikini, independent fashion",TRUE,Color,Burnt Terracotta,Size,XL,TWESSIE_AU_BB_0402-Burnt Terracotta-XL,168.0,,10
twessie-au-bb-0402,Raw-Edge Burnt Terracotta Bikini Bottom,<p>Crafted in premium Matte Ribbed Knit with Econyl Sleek Satin accents. This bikini bottom epitomizes intelligent aesthetic luxury. Featuring color-blocking in Burnt Terracotta and Olive Drab. Perfect for the discerning swimmer who refuses the obvious.</p>,Twessie,Bikini Bottom,"luxury Burnt Terracotta swimwear, minimalist bikini bottom, minimalist luxury, Matte Ribbed Knit bikini, independent fashion",TRUE,Color,Burnt Terracotta,Size,XXL,TWESSIE_AU_BB_0402-Burnt Terracotta-XXL,168.0,,10
twessie-au-bb-0402,Raw-Edge Burnt Terracotta Bikini Bottom,<p>Crafted in premium Matte Ribbed Knit with Econyl Sleek Satin accents. This bikini bottom epitomizes intelligent aesthetic luxury. Featuring color-blocking in Burnt Terracotta and Olive Drab. Perfect for the discerning swimmer who refuses the obvious.</p>,Twessie,Bikini Bottom,"luxury Burnt Terracotta swimwear, minimalist bikini bottom, minimalist luxury, Matte Ribbed Knit bikini, independent fashion",TRUE,Color,Olive Drab,Size,XS,TWESSIE_AU_BB_0402-Olive Drab-XS,168.0,,10
twessie-au-bb-0402,Raw-Edge Burnt Terracotta Bikini Bottom,<p>Crafted in premium Matte Ribbed Knit with Econyl Sleek Satin accents. This bikini bottom epitomizes intelligent aesthetic luxury. Featuring color-blocking in Burnt Terracotta and Olive Drab. Perfect for the discerning swimmer who refuses the obvious.</p>,Twessie,Bikini Bottom,"luxury Burnt Terracotta swimwear, minimalist bikini bottom, minimalist luxury, Matte Ribbed Knit bikini, independent fashion",TRUE,Color,Olive Drab,Size,S,TWESSIE_AU_BB_0402-Olive Drab-S,168.0,,10
twessie-au-bb-0402,Raw-Edge Burnt Terracotta Bikini Bottom,<p>Crafted in premium Matte Ribbed Knit with Econyl Sleek Satin accents. This bikini bottom epitomizes intelligent aesthetic luxury. Featuring color-blocking in Burnt Terracotta and Olive Drab. Perfect for the discerning swimmer who refuses the obvious.</p>,Twessie,Bikini Bottom,"luxury Burnt Terracotta swimwear, minimalist bikini bottom, minimalist luxury, Matte Ribbed Knit bikini, independent fashion",TRUE,Color,Olive Drab,Size,M,TWESSIE_AU_BB_0402-Olive Drab-M,168.0,,10
twessie-au-bb-0402,Raw-Edge Burnt Terracotta Bikini Bottom,<p>Crafted in premium Matte Ribbed Knit with Econyl Sleek Satin accents. This bikini bottom epitomizes intelligent aesthetic luxury. Featuring color-blocking in Burnt Terracotta and Olive Drab. Perfect for the discerning swimmer who refuses the obvious.</p>,Twessie,Bikini Bottom,"luxury Burnt Terracotta swimwear, minimalist bikini bottom, minimalist luxury, Matte Ribbed Knit bikini, independent fashion",TRUE,Color,Olive Drab,Size,L,TWESSIE_AU_BB_0402-Olive Drab-L,168.0,,10
twessie-au-bb-0402,Raw-Edge Burnt Terracotta Bikini Bottom,<p>Crafted in premium Matte Ribbed Knit with Econyl Sleek Satin accents. This bikini bottom epitomizes intelligent aesthetic luxury. Featuring color-blocking in Burnt Terracotta and Olive Drab. Perfect for the discerning swimmer who refuses the obvious.</p>,Twessie,Bikini Bottom,"luxury Burnt Terracotta swimwear, minimalist bikini bottom, minimalist luxury, Matte Ribbed Knit bikini, independent fashion",TRUE,Color,Olive Drab,Size,XL,TWESSIE_AU_BB_0402-Olive Drab-XL,168.0,,10
twessie-au-bb-0402,Raw-Edge Burnt Terracotta Bikini Bottom,<p>Crafted in premium Matte Ribbed Knit with Econyl Sleek Satin accents. This bikini bottom epitomizes intelligent aesthetic luxury. Featuring color-blocking in Burnt Terracotta and Olive Drab. Perfect for the discerning swimmer who refuses the obvious.</p>,Twessie,Bikini Bottom,"luxury Burnt Terracotta swimwear, minimalist bikini bottom, minimalist luxury, Matte Ribbed Knit bikini, independent fashion",TRUE,Color,Olive Drab,Size,XXL,TWESSIE_AU_BB_0402-Olive Drab-XXL,168.0,,10
twessie-au-bt-0403,Architecture-Cut Obsidian Black Bikini Top,<p>A statement piece in Econyl Sleek Satin. This bikini top combines anti-fashion statement design with impeccable craftsmanship. Available in Obsidian Black with Chalk White detailing. Not loud. Not obvious. Unmistakably Twessie.</p>,Twessie,Bikini Top,"minimalist bikini top, Econyl Sleek Satin bikini, independent fashion, luxury Obsidian Black swimwear, minimalist luxury",TRUE,Color,Obsidian Black,Size,XS,TWESSIE_AU_BT_0403-Obsidian Black-XS,168.0,,10
twessie-au-bt-0403,Architecture-Cut Obsidian Black Bikini Top,<p>A statement piece in Econyl Sleek Satin. This bikini top combines anti-fashion statement design with impeccable craftsmanship. Available in Obsidian Black with Chalk White detailing. Not loud. Not obvious. Unmistakably Twessie.</p>,Twessie,Bikini Top,"minimalist bikini top, Econyl Sleek Satin bikini, independent fashion, luxury Obsidian Black swimwear, minimalist luxury",TRUE,Color,Obsidian Black,Size,S,TWESSIE_AU_BT_0403-Obsidian Black-S,168.0,,10
twessie-au-bt-0403,Architecture-Cut Obsidian Black Bikini Top,<p>A statement piece in Econyl Sleek Satin. This bikini top combines anti-fashion statement design with impeccable craftsmanship. Available in Obsidian Black with Chalk White detailing. Not loud. Not obvious. Unmistakably Twessie.</p>,Twessie,Bikini Top,"minimalist bikini top, Econyl Sleek Satin bikini, independent fashion, luxury Obsidian Black swimwear, minimalist luxury",TRUE,Color,Obsidian Black,Size,M,TWESSIE_AU_BT_0403-Obsidian Black-M,168.0,,10
twessie-au-bt-0403,Architecture-Cut Obsidian Black Bikini Top,<p>A statement piece in Econyl Sleek Satin. This bikini top combines anti-fashion statement design with impeccable craftsmanship. Available in Obsidian Black with Chalk White detailing. Not loud. Not obvious. Unmistakably Twessie.</p>,Twessie,Bikini Top,"minimalist bikini top, Econyl Sleek Satin bikini, independent fashion, luxury Obsidian Black swimwear, minimalist luxury",TRUE,Color,Obsidian Black,Size,L,TWESSIE_AU_BT_0403-Obsidian Black-L,168.0,,10
twessie-au-bt-0403,Architecture-Cut Obsidian Black Bikini Top,<p>A statement piece in Econyl Sleek Satin. This bikini top combines anti-fashion statement design with impeccable craftsmanship. Available in Obsidian Black with Chalk White detailing. Not loud. Not obvious. Unmistakably Twessie.</p>,Twessie,Bikini Top,"minimalist bikini top, Econyl Sleek Satin bikini, independent fashion, luxury Obsidian Black swimwear, minimalist luxury",TRUE,Color,Obsidian Black,Size,XL,TWESSIE_AU_BT_0403-Obsidian Black-XL,168.0,,10
twessie-au-bt-0403,Architecture-Cut Obsidian Black Bikini Top,<p>A statement piece in Econyl Sleek Satin. This bikini top combines anti-fashion statement design with impeccable craftsmanship. Available in Obsidian Black with Chalk White detailing. Not loud. Not obvious. Unmistakably Twessie.</p>,Twessie,Bikini Top,"minimalist bikini top, Econyl Sleek Satin bikini, independent fashion, luxury Obsidian Black swimwear, minimalist luxury",TRUE,Color,Obsidian Black,Size,XXL,TWESSIE_AU_BT_0403-Obsidian Black-XXL,168.0,,10
twessie-au-bt-0403,Architecture-Cut Obsidian Black Bikini Top,<p>A statement piece in Econyl Sleek Satin. This bikini top combines anti-fashion statement design with impeccable craftsmanship. Available in Obsidian Black with Chalk White detailing. Not loud. Not obvious. Unmistakably Twessie.</p>,Twessie,Bikini Top,"minimalist bikini top, Econyl Sleek Satin bikini, independent fashion, luxury Obsidian Black swimwear, minimalist luxury",TRUE,Color,Chalk White,Size,XS,TWESSIE_AU_BT_0403-Chalk White-XS,168.0,,10
twessie-au-bt-0403,Architecture-Cut Obsidian Black Bikini Top,<p>A statement piece in Econyl Sleek Satin. This bikini top combines anti-fashion statement design with impeccable craftsmanship. Available in Obsidian Black with Chalk White detailing. Not loud. Not obvious. Unmistakably Twessie.</p>,Twessie,Bikini Top,"minimalist bikini top, Econyl Sleek Satin bikini, independent fashion, luxury Obsidian Black swimwear, minimalist luxury",TRUE,Color,Chalk White,Size,S,TWESSIE_AU_BT_0403-Chalk White-S,168.0,,10
twessie-au-bt-0403,Architecture-Cut Obsidian Black Bikini Top,<p>A statement piece in Econyl Sleek Satin. This bikini top combines anti-fashion statement design with impeccable craftsmanship. Available in Obsidian Black with Chalk White detailing. Not loud. Not obvious. Unmistakably Twessie.</p>,Twessie,Bikini Top,"minimalist bikini top, Econyl Sleek Satin bikini, independent fashion, luxury Obsidian Black swimwear, minimalist luxury",TRUE,Color,Chalk White,Size,M,TWESSIE_AU_BT_0403-Chalk White-M,168.0,,10
twessie-au-bt-0403,Architecture-Cut Obsidian Black Bikini Top,<p>A statement piece in Econyl Sleek Satin. This bikini top combines anti-fashion statement design with impeccable craftsmanship. Available in Obsidian Black with Chalk White detailing. Not loud. Not obvious. Unmistakably Twessie.</p>,Twessie,Bikini Top,"minimalist bikini top, Econyl Sleek Satin bikini, independent fashion, luxury Obsidian Black swimwear, minimalist luxury",TRUE,Color,Chalk White,Size,L,TWESSIE_AU_BT_0403-Chalk White-L,168.0,,10
twessie-au-bt-0403,Architecture-Cut Obsidian Black Bikini Top,<p>A statement piece in Econyl Sleek Satin. This bikini top combines anti-fashion statement design with impeccable craftsmanship. Available in Obsidian Black with Chalk White detailing. Not loud. Not obvious. Unmistakably Twessie.</p>,Twessie,Bikini Top,"minimalist bikini top, Econyl Sleek Satin bikini, independent fashion, luxury Obsidian Black swimwear, minimalist luxury",TRUE,Color,Chalk White,Size,XL,TWESSIE_AU_BT_0403-Chalk White-XL,168.0,,10
twessie-au-bt-0403,Architecture-Cut Obsidian Black Bikini Top,<p>A statement piece in Econyl Sleek Satin. This bikini top combines anti-fashion statement design with impeccable craftsmanship. Available in Obsidian Black with Chalk White detailing. Not loud. Not obvious. Unmistakably Twessie.</p>,Twessie,Bikini Top,"minimalist bikini top, Econyl Sleek Satin bikini, independent fashion, luxury Obsidian Black swimwear, minimalist luxury",TRUE,Color,Chalk White,Size,XXL,TWESSIE_AU_BT_0403-Chalk White-XXL,168.0,,10
twessie-sg-op-0404,Minimalist Matte Ribbed Knit One-Piece,"<p>Matte Ribbed Knit construction meets architectural precision in this one-piece. Designed for the intelligent, independent woman. The Burnt Terracotta colorway with Olive Drab accents creates a sophisticated palette. Pure minimalist luxury elegance.</p>",Twessie,One-Piece,"high-end swimwear, architectural swimsuit, independent fashion, minimalist luxury, luxury Burnt Terracotta swimwear",TRUE,Color,Burnt Terracotta,Size,XS,TWESSIE_SG_OP_0404-Burnt Terracotta-XS,168.0,,10
twessie-sg-op-0404,Minimalist Matte Ribbed Knit One-Piece,"<p>Matte Ribbed Knit construction meets architectural precision in this one-piece. Designed for the intelligent, independent woman. The Burnt Terracotta colorway with Olive Drab accents creates a sophisticated palette. Pure minimalist luxury elegance.</p>",Twessie,One-Piece,"high-end swimwear, architectural swimsuit, independent fashion, minimalist luxury, luxury Burnt Terracotta swimwear",TRUE,Color,Burnt Terracotta,Size,S,TWESSIE_SG_OP_0404-Burnt Terracotta-S,168.0,,10
twessie-sg-op-0404,Minimalist Matte Ribbed Knit One-Piece,"<p>Matte Ribbed Knit construction meets architectural precision in this one-piece. Designed for the intelligent, independent woman. The Burnt Terracotta colorway with Olive Drab accents creates a sophisticated palette. Pure minimalist luxury elegance.</p>",Twessie,One-Piece,"high-end swimwear, architectural swimsuit, independent fashion, minimalist luxury, luxury Burnt Terracotta swimwear",TRUE,Color,Burnt Terracotta,Size,M,TWESSIE_SG_OP_0404-Burnt Terracotta-M,168.0,,10
twessie-sg-op-0404,Minimalist Matte Ribbed Knit One-Piece,"<p>Matte Ribbed Knit construction meets architectural precision in this one-piece. Designed for the intelligent, independent woman. The Burnt Terracotta colorway with Olive Drab accents creates a sophisticated palette. Pure minimalist luxury elegance.</p>",Twessie,One-Piece,"high-end swimwear, architectural swimsuit, independent fashion, minimalist luxury, luxury Burnt Terracotta swimwear",TRUE,Color,Burnt Terracotta,Size,L,TWESSIE_SG_OP_0404-Burnt Terracotta-L,168.0,,10
twessie-sg-op-0404,Minimalist Matte Ribbed Knit One-Piece,"<p>Matte Ribbed Knit construction meets architectural precision in this one-piece. Designed for the intelligent, independent woman. The Burnt Terracotta colorway with Olive Drab accents creates a sophisticated palette. Pure minimalist luxury elegance.</p>",Twessie,One-Piece,"high-end swimwear, architectural swimsuit, independent fashion, minimalist luxury, luxury Burnt Terracotta swimwear",TRUE,Color,Burnt Terracotta,Size,XL,TWESSIE_SG_OP_0404-Burnt Terracotta-XL,168.0,,10
twessie-sg-op-0404,Minimalist Matte Ribbed Knit One-Piece,"<p>Matte Ribbed Knit construction meets architectural precision in this one-piece. Designed for the intelligent, independent woman. The Burnt Terracotta colorway with Olive Drab accents creates a sophisticated palette. Pure minimalist luxury elegance.</p>",Twessie,One-Piece,"high-end swimwear, architectural swimsuit, independent fashion, minimalist luxury, luxury Burnt Terracotta swimwear",TRUE,Color,Burnt Terracotta,Size,XXL,TWESSIE_SG_OP_0404-Burnt Terracotta-XXL,168.0,,10
twessie-sg-op-0404,Minimalist Matte Ribbed Knit One-Piece,"<p>Matte Ribbed Knit construction meets architectural precision in this one-piece. Designed for the intelligent, independent woman. The Burnt Terracotta colorway with Olive Drab accents creates a sophisticated palette. Pure minimalist luxury elegance.</p>",Twessie,One-Piece,"high-end swimwear, architectural swimsuit, independent fashion, minimalist luxury, luxury Burnt Terracotta swimwear",TRUE,Color,Olive Drab,Size,XS,TWESSIE_SG_OP_0404-Olive Drab-XS,168.0,,10
twessie-sg-op-0404,Minimalist Matte Ribbed Knit One-Piece,"<p>Matte Ribbed Knit construction meets architectural precision in this one-piece. Designed for the intelligent, independent woman. The Burnt Terracotta colorway with Olive Drab accents creates a sophisticated palette. Pure minimalist luxury elegance.</p>",Twessie,One-Piece,"high-end swimwear, architectural swimsuit, independent fashion, minimalist luxury, luxury Burnt Terracotta swimwear",TRUE,Color,Olive Drab,Size,S,TWESSIE_SG_OP_0404-Olive Drab-S,168.0,,10
twessie-sg-op-0404,Minimalist Matte Ribbed Knit One-Piece,"<p>Matte Ribbed Knit construction meets architectural precision in this one-piece. Designed for the intelligent, independent woman. The Burnt Terracotta colorway with Olive Drab accents creates a sophisticated palette. Pure minimalist luxury elegance.</p>",Twessie,One-Piece,"high-end swimwear, architectural swimsuit, independent fashion, minimalist luxury, luxury Burnt Terracotta swimwear",TRUE,Color,Olive Drab,Size,M,TWESSIE_SG_OP_0404-Olive Drab-M,168.0,,10
twessie-sg-op-0404,Minimalist Matte Ribbed Knit One-Piece,"<p>Matte Ribbed Knit construction meets architectural precision in this one-piece. Designed for the intelligent, independent woman. The Burnt Terracotta colorway with Olive Drab accents creates a sophisticated palette. Pure minimalist luxury elegance.</p>",Twessie,One-Piece,"high-end swimwear, architectural swimsuit, independent fashion, minimalist luxury, luxury Burnt Terracotta swimwear",TRUE,Color,Olive Drab,Size,L,TWESSIE_SG_OP_0404-Olive Drab-L,168.0,,10
twessie-sg-op-0404,Minimalist Matte Ribbed Knit One-Piece,"<p>Matte Ribbed Knit construction meets architectural precision in this one-piece. Designed for the intelligent, independent woman. The Burnt Terracotta colorway with Olive Drab accents creates a sophisticated palette. Pure minimalist luxury elegance.</p>",Twessie,One-Piece,"high-end swimwear, architectural swimsuit, independent fashion, minimalist luxury, luxury Burnt Terracotta swimwear",TRUE,Color,Olive Drab,Size,XL,TWESSIE_SG_OP_0404-Olive Drab-XL,168.0,,10
twessie-sg-op-0404,Minimalist Matte Ribbed Knit One-Piece,"<p>Matte Ribbed Knit construction meets architectural precision in this one-piece. Designed for the intelligent, independent woman. The Burnt Terracotta colorway with Olive Drab accents creates a sophisticated palette. Pure minimalist luxury elegance.</p>",Twessie,One-Piece,"high-end swimwear, architectural swimsuit, independent fashion, minimalist luxury, luxury Burnt Terracotta swimwear",TRUE,Color,Olive Drab,Size,XXL,TWESSIE_SG_OP_0404-Olive Drab-XXL,168.0,,10
twessie-na-bt-0405,Architecture-Cut Chalk White Bikini Top,<p>A statement piece in Crinkled Seersucker. This bikini top combines anti-fashion statement design with impeccable craftsmanship. Available in Chalk White with Stone Gray detailing. Not loud. Not obvious. Unmistakably Twessie.</p>,Twessie,Bikini Top,"minimalist luxury, minimalist bikini top, Crinkled Seersucker bikini, architectural swimsuit, high-end swimwear",TRUE,Color,Chalk White,Size,XS,TWESSIE_NA_BT_0405-Chalk White-XS,168.0,,10
twessie-na-bt-0405,Architecture-Cut Chalk White Bikini Top,<p>A statement piece in Crinkled Seersucker. This bikini top combines anti-fashion statement design with impeccable craftsmanship. Available in Chalk White with Stone Gray detailing. Not loud. Not obvious. Unmistakably Twessie.</p>,Twessie,Bikini Top,"minimalist luxury, minimalist bikini top, Crinkled Seersucker bikini, architectural swimsuit, high-end swimwear",TRUE,Color,Chalk White,Size,S,TWESSIE_NA_BT_0405-Chalk White-S,168.0,,10
twessie-na-bt-0405,Architecture-Cut Chalk White Bikini Top,<p>A statement piece in Crinkled Seersucker. This bikini top combines anti-fashion statement design with impeccable craftsmanship. Available in Chalk White with Stone Gray detailing. Not loud. Not obvious. Unmistakably Twessie.</p>,Twessie,Bikini Top,"minimalist luxury, minimalist bikini top, Crinkled Seersucker bikini, architectural swimsuit, high-end swimwear",TRUE,Color,Chalk White,Size,M,TWESSIE_NA_BT_0405-Chalk White-M,168.0,,10
twessie-na-bt-0405,Architecture-Cut Chalk White Bikini Top,<p>A statement piece in Crinkled Seersucker. This bikini top combines anti-fashion statement design with impeccable craftsmanship. Available in Chalk White with Stone Gray detailing. Not loud. Not obvious. Unmistakably Twessie.</p>,Twessie,Bikini Top,"minimalist luxury, minimalist bikini top, Crinkled Seersucker bikini, architectural swimsuit, high-end swimwear",TRUE,Color,Chalk White,Size,L,TWESSIE_NA_BT_0405-Chalk White-L,168.0,,10
twessie-na-bt-0405,Architecture-Cut Chalk White Bikini Top,<p>A statement piece in Crinkled Seersucker. This bikini top combines anti-fashion statement design with impeccable craftsmanship. Available in Chalk White with Stone Gray detailing. Not loud. Not obvious. Unmistakably Twessie.</p>,Twessie,Bikini Top,"minimalist luxury, minimalist bikini top, Crinkled Seersucker bikini, architectural swimsuit, high-end swimwear",TRUE,Color,Chalk White,Size,XL,TWESSIE_NA_BT_0405-Chalk White-XL,168.0,,10
twessie-na-bt-0405,Architecture-Cut Chalk White Bikini Top,<p>A statement piece in Crinkled Seersucker. This bikini top combines anti-fashion statement design with impeccable craftsmanship. Available in Chalk White with Stone Gray detailing. Not loud. Not obvious. Unmistakably Twessie.</p>,Twessie,Bikini Top,"minimalist luxury, minimalist bikini top, Crinkled Seersucker bikini, architectural swimsuit, high-end swimwear",TRUE,Color,Chalk White,Size,XXL,TWESSIE_NA_BT_0405-Chalk White-XXL,168.0,,10
twessie-na-bt-0405,Architecture-Cut Chalk White Bikini Top,<p>A statement piece in Crinkled Seersucker. This bikini top combines anti-fashion statement design with impeccable craftsmanship. Available in Chalk White with Stone Gray detailing. Not loud. Not obvious. Unmistakably Twessie.</p>,Twessie,Bikini Top,"minimalist luxury, minimalist bikini top, Crinkled Seersucker bikini, architectural swimsuit, high-end swimwear",TRUE,Color,Stone Gray,Size,XS,TWESSIE_NA_BT_0405-Stone Gray-XS,168.0,,10
twessie-na-bt-0405,Architecture-Cut Chalk White Bikini Top,<p>A statement piece in Crinkled Seersucker. This bikini top combines anti-fashion statement design with impeccable craftsmanship. Available in Chalk White with Stone Gray detailing. Not loud. Not obvious. Unmistakably Twessie.</p>,Twessie,Bikini Top,"minimalist luxury, minimalist bikini top, Crinkled Seersucker bikini, architectural swimsuit, high-end swimwear",TRUE,Color,Stone Gray,Size,S,TWESSIE_NA_BT_0405-Stone Gray-S,168.0,,10
twessie-na-bt-0405,Architecture-Cut Chalk White Bikini Top,<p>A statement piece in Crinkled Seersucker. This bikini top combines anti-fashion statement design with impeccable craftsmanship. Available in Chalk White with Stone Gray detailing. Not loud. Not obvious. Unmistakably Twessie.</p>,Twessie,Bikini Top,"minimalist luxury, minimalist bikini top, Crinkled Seersucker bikini, architectural swimsuit, high-end swimwear",TRUE,Color,Stone Gray,Size,M,TWESSIE_NA_BT_0405-Stone Gray-M,168.0,,10
twessie-na-bt-0405,Architecture-Cut Chalk White Bikini Top,<p>A statement piece in Crinkled Seersucker. This bikini top combines anti-fashion statement design with impeccable craftsmanship. Available in Chalk White with Stone Gray detailing. Not loud. Not obvious. Unmistakably Twessie.</p>,Twessie,Bikini Top,"minimalist luxury, minimalist bikini top, Crinkled Seersucker bikini, architectural swimsuit, high-end swimwear",TRUE,Color,Stone Gray,Size,L,TWESSIE_NA_BT_0405-Stone Gray-L,168.0,,10
twessie-na-bt-0405,Architecture-Cut Chalk White Bikini Top,<p>A statement piece in Crinkled Seersucker. This bikini top combines anti-fashion statement design with impeccable craftsmanship. Available in Chalk White with Stone Gray detailing. Not loud. Not obvious. Unmistakably Twessie.</p>,Twessie,Bikini Top,"minimalist luxury, minimalist bikini top, Crinkled Seersucker bikini, architectural swimsuit, high-end swimwear",TRUE,Color,Stone Gray,Size,XL,TWESSIE_NA_BT_0405-Stone Gray-XL,168.0,,10
twessie-na-bt-0405,Architecture-Cut Chalk White Bikini Top,<p>A statement piece in Crinkled Seersucker. This bikini top combines anti-fashion statement design with impeccable craftsmanship. Available in Chalk White with Stone Gray detailing. Not loud. Not obvious. Unmistakably Twessie.</p>,Twessie,Bikini Top,"minimalist luxury, minimalist bikini top, Crinkled Seersucker bikini, architectural swimsuit, high-end swimwear",TRUE,Color,Stone Gray,Size,XXL,TWESSIE_NA_BT_0405-Stone Gray-XXL,168.0,,10
twessie-na-bt-0406,Econyl Sleek Satin High-Waist Bikini Top in Obsidian Black,<p>Crafted in premium Econyl Sleek Satin with Matte Ribbed Knit accents. This bikini top epitomizes minimalist luxury luxury. Featuring color-blocking in Obsidian Black and Burnt Terracotta. Perfect for the discerning swimmer who refuses the obvious.</p>,Twessie,Bikini Top,"independent fashion, Econyl Sleek Satin bikini, high-end swimwear, minimalist bikini top, minimalist luxury",TRUE,Color,Obsidian Black,Size,XS,TWESSIE_NA_BT_0406-Obsidian Black-XS,168.0,,10
twessie-na-bt-0406,Econyl Sleek Satin High-Waist Bikini Top in Obsidian Black,<p>Crafted in premium Econyl Sleek Satin with Matte Ribbed Knit accents. This bikini top epitomizes minimalist luxury luxury. Featuring color-blocking in Obsidian Black and Burnt Terracotta. Perfect for the discerning swimmer who refuses the obvious.</p>,Twessie,Bikini Top,"independent fashion, Econyl Sleek Satin bikini, high-end swimwear, minimalist bikini top, minimalist luxury",TRUE,Color,Obsidian Black,Size,S,TWESSIE_NA_BT_0406-Obsidian Black-S,168.0,,10
twessie-na-bt-0406,Econyl Sleek Satin High-Waist Bikini Top in Obsidian Black,<p>Crafted in premium Econyl Sleek Satin with Matte Ribbed Knit accents. This bikini top epitomizes minimalist luxury luxury. Featuring color-blocking in Obsidian Black and Burnt Terracotta. Perfect for the discerning swimmer who refuses the obvious.</p>,Twessie,Bikini Top,"independent fashion, Econyl Sleek Satin bikini, high-end swimwear, minimalist bikini top, minimalist luxury",TRUE,Color,Obsidian Black,Size,M,TWESSIE_NA_BT_0406-Obsidian Black-M,168.0,,10
twessie-na-bt-0406,Econyl Sleek Satin High-Waist Bikini Top in Obsidian Black,<p>Crafted in premium Econyl Sleek Satin with Matte Ribbed Knit accents. This bikini top epitomizes minimalist luxury luxury. Featuring color-blocking in Obsidian Black and Burnt Terracotta. Perfect for the discerning swimmer who refuses the obvious.</p>,Twessie,Bikini Top,"independent fashion, Econyl Sleek Satin bikini, high-end swimwear, minimalist bikini top, minimalist luxury",TRUE,Color,Obsidian Black,Size,L,TWESSIE_NA_BT_0406-Obsidian Black-L,168.0,,10
twessie-na-bt-0406,Econyl Sleek Satin High-Waist Bikini Top in Obsidian Black,<p>Crafted in premium Econyl Sleek Satin with Matte Ribbed Knit accents. This bikini top epitomizes minimalist luxury luxury. Featuring color-blocking in Obsidian Black and Burnt Terracotta. Perfect for the discerning swimmer who refuses the obvious.</p>,Twessie,Bikini Top,"independent fashion, Econyl Sleek Satin bikini, high-end swimwear, minimalist bikini top, minimalist luxury",TRUE,Color,Obsidian Black,Size,XL,TWESSIE_NA_BT_0406-Obsidian Black-XL,168.0,,10
twessie-na-bt-0406,Econyl Sleek Satin High-Waist Bikini Top in Obsidian Black,<p>Crafted in premium Econyl Sleek Satin with Matte Ribbed Knit accents. This bikini top epitomizes minimalist luxury luxury. Featuring color-blocking in Obsidian Black and Burnt Terracotta. Perfect for the discerning swimmer who refuses the obvious.</p>,Twessie,Bikini Top,"independent fashion, Econyl Sleek Satin bikini, high-end swimwear, minimalist bikini top, minimalist luxury",TRUE,Color,Obsidian Black,Size,XXL,TWESSIE_NA_BT_0406-Obsidian Black-XXL,168.0,,10
twessie-na-bt-0406,Econyl Sleek Satin High-Waist Bikini Top in Obsidian Black,<p>Crafted in premium Econyl Sleek Satin with Matte Ribbed Knit accents. This bikini top epitomizes minimalist luxury luxury. Featuring color-blocking in Obsidian Black and Burnt Terracotta. Perfect for the discerning swimmer who refuses the obvious.</p>,Twessie,Bikini Top,"independent fashion, Econyl Sleek Satin bikini, high-end swimwear, minimalist bikini top, minimalist luxury",TRUE,Color,Burnt Terracotta,Size,XS,TWESSIE_NA_BT_0406-Burnt Terracotta-XS,168.0,,10
twessie-na-bt-0406,Econyl Sleek Satin High-Waist Bikini Top in Obsidian Black,<p>Crafted in premium Econyl Sleek Satin with Matte Ribbed Knit accents. This bikini top epitomizes minimalist luxury luxury. Featuring color-blocking in Obsidian Black and Burnt Terracotta. Perfect for the discerning swimmer who refuses the obvious.</p>,Twessie,Bikini Top,"independent fashion, Econyl Sleek Satin bikini, high-end swimwear, minimalist bikini top, minimalist luxury",TRUE,Color,Burnt Terracotta,Size,S,TWESSIE_NA_BT_0406-Burnt Terracotta-S,168.0,,10
twessie-na-bt-0406,Econyl Sleek Satin High-Waist Bikini Top in Obsidian Black,<p>Crafted in premium Econyl Sleek Satin with Matte Ribbed Knit accents. This bikini top epitomizes minimalist luxury luxury. Featuring color-blocking in Obsidian Black and Burnt Terracotta. Perfect for the discerning swimmer who refuses the obvious.</p>,Twessie,Bikini Top,"independent fashion, Econyl Sleek Satin bikini, high-end swimwear, minimalist bikini top, minimalist luxury",TRUE,Color,Burnt Terracotta,Size,M,TWESSIE_NA_BT_0406-Burnt Terracotta-M,168.0,,10
twessie-na-bt-0406,Econyl Sleek Satin High-Waist Bikini Top in Obsidian Black,<p>Crafted in premium Econyl Sleek Satin with Matte Ribbed Knit accents. This bikini top epitomizes minimalist luxury luxury. Featuring color-blocking in Obsidian Black and Burnt Terracotta. Perfect for the discerning swimmer who refuses the obvious.</p>,Twessie,Bikini Top,"independent fashion, Econyl Sleek Satin bikini, high-end swimwear, minimalist bikini top, minimalist luxury",TRUE,Color,Burnt Terracotta,Size,L,TWESSIE_NA_BT_0406-Burnt Terracotta-L,168.0,,10
twessie-na-bt-0406,Econyl Sleek Satin High-Waist Bikini Top in Obsidian Black,<p>Crafted in premium Econyl Sleek Satin with Matte Ribbed Knit accents. This bikini top epitomizes minimalist luxury luxury. Featuring color-blocking in Obsidian Black and Burnt Terracotta. Perfect for the discerning swimmer who refuses the obvious.</p>,Twessie,Bikini Top,"independent fashion, Econyl Sleek Satin bikini, high-end swimwear, minimalist bikini top, minimalist luxury",TRUE,Color,Burnt Terracotta,Size,XL,TWESSIE_NA_BT_0406-Burnt Terracotta-XL,168.0,,10
twessie-na-bt-0406,Econyl Sleek Satin High-Waist Bikini Top in Obsidian Black,<p>Crafted in premium Econyl Sleek Satin with Matte Ribbed Knit accents. This bikini top epitomizes minimalist luxury luxury. Featuring color-blocking in Obsidian Black and Burnt Terracotta. Perfect for the discerning swimmer who refuses the obvious.</p>,Twessie,Bikini Top,"independent fashion, Econyl Sleek Satin bikini, high-end swimwear, minimalist bikini top, minimalist luxury",TRUE,Color,Burnt Terracotta,Size,XXL,TWESSIE_NA_BT_0406-Burnt Terracotta-XXL,168.0,,10
twessie-eu-bt-0407,Architecture-Cut Olive Drab Bikini Top,<p>Crafted in premium Matte Ribbed Knit with Econyl Sleek Satin accents. This bikini top epitomizes rebellious yet refined luxury. Featuring color-blocking in Olive Drab and Burnt Terracotta. Perfect for the discerning swimmer who refuses the obvious.</p>,Twessie,Bikini Top,"high-end swimwear, independent fashion, minimalist bikini top, architectural swimsuit, Matte Ribbed Knit bikini",TRUE,Color,Olive Drab,Size,XS,TWESSIE_EU_BT_0407-Olive Drab-XS,168.0,,10
twessie-eu-bt-0407,Architecture-Cut Olive Drab Bikini Top,<p>Crafted in premium Matte Ribbed Knit with Econyl Sleek Satin accents. This bikini top epitomizes rebellious yet refined luxury. Featuring color-blocking in Olive Drab and Burnt Terracotta. Perfect for the discerning swimmer who refuses the obvious.</p>,Twessie,Bikini Top,"high-end swimwear, independent fashion, minimalist bikini top, architectural swimsuit, Matte Ribbed Knit bikini",TRUE,Color,Olive Drab,Size,S,TWESSIE_EU_BT_0407-Olive Drab-S,168.0,,10
twessie-eu-bt-0407,Architecture-Cut Olive Drab Bikini Top,<p>Crafted in premium Matte Ribbed Knit with Econyl Sleek Satin accents. This bikini top epitomizes rebellious yet refined luxury. Featuring color-blocking in Olive Drab and Burnt Terracotta. Perfect for the discerning swimmer who refuses the obvious.</p>,Twessie,Bikini Top,"high-end swimwear, independent fashion, minimalist bikini top, architectural swimsuit, Matte Ribbed Knit bikini",TRUE,Color,Olive Drab,Size,M,TWESSIE_EU_BT_0407-Olive Drab-M,168.0,,10
twessie-eu-bt-0407,Architecture-Cut Olive Drab Bikini Top,<p>Crafted in premium Matte Ribbed Knit with Econyl Sleek Satin accents. This bikini top epitomizes rebellious yet refined luxury. Featuring color-blocking in Olive Drab and Burnt Terracotta. Perfect for the discerning swimmer who refuses the obvious.</p>,Twessie,Bikini Top,"high-end swimwear, independent fashion, minimalist bikini top, architectural swimsuit, Matte Ribbed Knit bikini",TRUE,Color,Olive Drab,Size,L,TWESSIE_EU_BT_0407-Olive Drab-L,168.0,,10
twessie-eu-bt-0407,Architecture-Cut Olive Drab Bikini Top,<p>Crafted in premium Matte Ribbed Knit with Econyl Sleek Satin accents. This bikini top epitomizes rebellious yet refined luxury. Featuring color-blocking in Olive Drab and Burnt Terracotta. Perfect for the discerning swimmer who refuses the obvious.</p>,Twessie,Bikini Top,"high-end swimwear, independent fashion, minimalist bikini top, architectural swimsuit, Matte Ribbed Knit bikini",TRUE,Color,Olive Drab,Size,XL,TWESSIE_EU_BT_0407-Olive Drab-XL,168.0,,10
twessie-eu-bt-0407,Architecture-Cut Olive Drab Bikini Top,<p>Crafted in premium Matte Ribbed Knit with Econyl Sleek Satin accents. This bikini top epitomizes rebellious yet refined luxury. Featuring color-blocking in Olive Drab and Burnt Terracotta. Perfect for the discerning swimmer who refuses the obvious.</p>,Twessie,Bikini Top,"high-end swimwear, independent fashion, minimalist bikini top, architectural swimsuit, Matte Ribbed Knit bikini",TRUE,Color,Olive Drab,Size,XXL,TWESSIE_EU_BT_0407-Olive Drab-XXL,168.0,,10
twessie-eu-bt-0407,Architecture-Cut Olive Drab Bikini Top,<p>Crafted in premium Matte Ribbed Knit with Econyl Sleek Satin accents. This bikini top epitomizes rebellious yet refined luxury. Featuring color-blocking in Olive Drab and Burnt Terracotta. Perfect for the discerning swimmer who refuses the obvious.</p>,Twessie,Bikini Top,"high-end swimwear, independent fashion, minimalist bikini top, architectural swimsuit, Matte Ribbed Knit bikini",TRUE,Color,Burnt Terracotta,Size,XS,TWESSIE_EU_BT_0407-Burnt Terracotta-XS,168.0,,10
twessie-eu-bt-0407,Architecture-Cut Olive Drab Bikini Top,<p>Crafted in premium Matte Ribbed Knit with Econyl Sleek Satin accents. This bikini top epitomizes rebellious yet refined luxury. Featuring color-blocking in Olive Drab and Burnt Terracotta. Perfect for the discerning swimmer who refuses the obvious.</p>,Twessie,Bikini Top,"high-end swimwear, independent fashion, minimalist bikini top, architectural swimsuit, Matte Ribbed Knit bikini",TRUE,Color,Burnt Terracotta,Size,S,TWESSIE_EU_BT_0407-Burnt Terracotta-S,168.0,,10
twessie-eu-bt-0407,Architecture-Cut Olive Drab Bikini Top,<p>Crafted in premium Matte Ribbed Knit with Econyl Sleek Satin accents. This bikini top epitomizes rebellious yet refined luxury. Featuring color-blocking in Olive Drab and Burnt Terracotta. Perfect for the discerning swimmer who refuses the obvious.</p>,Twessie,Bikini Top,"high-end swimwear, independent fashion, minimalist bikini top, architectural swimsuit, Matte Ribbed Knit bikini",TRUE,Color,Burnt Terracotta,Size,M,TWESSIE_EU_BT_0407-Burnt Terracotta-M,168.0,,10
twessie-eu-bt-0407,Architecture-Cut Olive Drab Bikini Top,<p>Crafted in premium Matte Ribbed Knit with Econyl Sleek Satin accents. This bikini top epitomizes rebellious yet refined luxury. Featuring color-blocking in Olive Drab and Burnt Terracotta. Perfect for the discerning swimmer who refuses the obvious.</p>,Twessie,Bikini Top,"high-end swimwear, independent fashion, minimalist bikini top, architectural swimsuit, Matte Ribbed Knit bikini",TRUE,Color,Burnt Terracotta,Size,L,TWESSIE_EU_BT_0407-Burnt Terracotta-L,168.0,,10
twessie-eu-bt-0407,Architecture-Cut Olive Drab Bikini Top,<p>Crafted in premium Matte Ribbed Knit with Econyl Sleek Satin accents. This bikini top epitomizes rebellious yet refined luxury. Featuring color-blocking in Olive Drab and Burnt Terracotta. Perfect for the discerning swimmer who refuses the obvious.</p>,Twessie,Bikini Top,"high-end swimwear, independent fashion, minimalist bikini top, architectural swimsuit, Matte Ribbed Knit bikini",TRUE,Color,Burnt Terracotta,Size,XL,TWESSIE_EU_BT_0407-Burnt Terracotta-XL,168.0,,10
twessie-eu-bt-0407,Architecture-Cut Olive Drab Bikini Top,<p>Crafted in premium Matte Ribbed Knit with Econyl Sleek Satin accents. This bikini top epitomizes rebellious yet refined luxury. Featuring color-blocking in Olive Drab and Burnt Terracotta. Perfect for the discerning swimmer who refuses the obvious.</p>,Twessie,Bikini Top,"high-end swimwear, independent fashion, minimalist bikini top, architectural swimsuit, Matte Ribbed Knit bikini",TRUE,Color,Burnt Terracotta,Size,XXL,TWESSIE_EU_BT_0407-Burnt Terracotta-XXL,168.0,,10
twessie-eu-bt-0408,Architecture-Cut Olive Drab Bikini Top,<p>A statement piece in Matte Ribbed Knit. This bikini top combines anti-fashion statement design with impeccable craftsmanship. Available in Olive Drab with Burnt Terracotta detailing. Not loud. Not obvious. Unmistakably Twessie.</p>,Twessie,Bikini Top,"luxury Olive Drab swimwear, minimalist luxury, Matte Ribbed Knit bikini, high-end swimwear, architectural swimsuit",TRUE,Color,Olive Drab,Size,XS,TWESSIE_EU_BT_0408-Olive Drab-XS,168.0,,10
twessie-eu-bt-0408,Architecture-Cut Olive Drab Bikini Top,<p>A statement piece in Matte Ribbed Knit. This bikini top combines anti-fashion statement design with impeccable craftsmanship. Available in Olive Drab with Burnt Terracotta detailing. Not loud. Not obvious. Unmistakably Twessie.</p>,Twessie,Bikini Top,"luxury Olive Drab swimwear, minimalist luxury, Matte Ribbed Knit bikini, high-end swimwear, architectural swimsuit",TRUE,Color,Olive Drab,Size,S,TWESSIE_EU_BT_0408-Olive Drab-S,168.0,,10
twessie-eu-bt-0408,Architecture-Cut Olive Drab Bikini Top,<p>A statement piece in Matte Ribbed Knit. This bikini top combines anti-fashion statement design with impeccable craftsmanship. Available in Olive Drab with Burnt Terracotta detailing. Not loud. Not obvious. Unmistakably Twessie.</p>,Twessie,Bikini Top,"luxury Olive Drab swimwear, minimalist luxury, Matte Ribbed Knit bikini, high-end swimwear, architectural swimsuit",TRUE,Color,Olive Drab,Size,M,TWESSIE_EU_BT_0408-Olive Drab-M,168.0,,10
twessie-eu-bt-0408,Architecture-Cut Olive Drab Bikini Top,<p>A statement piece in Matte Ribbed Knit. This bikini top combines anti-fashion statement design with impeccable craftsmanship. Available in Olive Drab with Burnt Terracotta detailing. Not loud. Not obvious. Unmistakably Twessie.</p>,Twessie,Bikini Top,"luxury Olive Drab swimwear, minimalist luxury, Matte Ribbed Knit bikini, high-end swimwear, architectural swimsuit",TRUE,Color,Olive Drab,Size,L,TWESSIE_EU_BT_0408-Olive Drab-L,168.0,,10
twessie-eu-bt-0408,Architecture-Cut Olive Drab Bikini Top,<p>A statement piece in Matte Ribbed Knit. This bikini top combines anti-fashion statement design with impeccable craftsmanship. Available in Olive Drab with Burnt Terracotta detailing. Not loud. Not obvious. Unmistakably Twessie.</p>,Twessie,Bikini Top,"luxury Olive Drab swimwear, minimalist luxury, Matte Ribbed Knit bikini, high-end swimwear, architectural swimsuit",TRUE,Color,Olive Drab,Size,XL,TWESSIE_EU_BT_0408-Olive Drab-XL,168.0,,10
twessie-eu-bt-0408,Architecture-Cut Olive Drab Bikini Top,<p>A statement piece in Matte Ribbed Knit. This bikini top combines anti-fashion statement design with impeccable craftsmanship. Available in Olive Drab with Burnt Terracotta detailing. Not loud. Not obvious. Unmistakably Twessie.</p>,Twessie,Bikini Top,"luxury Olive Drab swimwear, minimalist luxury, Matte Ribbed Knit bikini, high-end swimwear, architectural swimsuit",TRUE,Color,Olive Drab,Size,XXL,TWESSIE_EU_BT_0408-Olive Drab-XXL,168.0,,10
twessie-eu-bt-0408,Architecture-Cut Olive Drab Bikini Top,<p>A statement piece in Matte Ribbed Knit. This bikini top combines anti-fashion statement design with impeccable craftsmanship. Available in Olive Drab with Burnt Terracotta detailing. Not loud. Not obvious. Unmistakably Twessie.</p>,Twessie,Bikini Top,"luxury Olive Drab swimwear, minimalist luxury, Matte Ribbed Knit bikini, high-end swimwear, architectural swimsuit",TRUE,Color,Burnt Terracotta,Size,XS,TWESSIE_EU_BT_0408-Burnt Terracotta-XS,168.0,,10
twessie-eu-bt-0408,Architecture-Cut Olive Drab Bikini Top,<p>A statement piece in Matte Ribbed Knit. This bikini top combines anti-fashion statement design with impeccable craftsmanship. Available in Olive Drab with Burnt Terracotta detailing. Not loud. Not obvious. Unmistakably Twessie.</p>,Twessie,Bikini Top,"luxury Olive Drab swimwear, minimalist luxury, Matte Ribbed Knit bikini, high-end swimwear, architectural swimsuit",TRUE,Color,Burnt Terracotta,Size,S,TWESSIE_EU_BT_0408-Burnt Terracotta-S,168.0,,10
twessie-eu-bt-0408,Architecture-Cut Olive Drab Bikini Top,<p>A statement piece in Matte Ribbed Knit. This bikini top combines anti-fashion statement design with impeccable craftsmanship. Available in Olive Drab with Burnt Terracotta detailing. Not loud. Not obvious. Unmistakably Twessie.</p>,Twessie,Bikini Top,"luxury Olive Drab swimwear, minimalist luxury, Matte Ribbed Knit bikini, high-end swimwear, architectural swimsuit",TRUE,Color,Burnt Terracotta,Size,M,TWESSIE_EU_BT_0408-Burnt Terracotta-M,168.0,,10
twessie-eu-bt-0408,Architecture-Cut Olive Drab Bikini Top,<p>A statement piece in Matte Ribbed Knit. This bikini top combines anti-fashion statement design with impeccable craftsmanship. Available in Olive Drab with Burnt Terracotta detailing. Not loud. Not obvious. Unmistakably Twessie.</p>,Twessie,Bikini Top,"luxury Olive Drab swimwear, minimalist luxury, Matte Ribbed Knit bikini, high-end swimwear, architectural swimsuit",TRUE,Color,Burnt Terracotta,Size,L,TWESSIE_EU_BT_0408-Burnt Terracotta-L,168.0,,10
twessie-eu-bt-0408,Architecture-Cut Olive Drab Bikini Top,<p>A statement piece in Matte Ribbed Knit. This bikini top combines anti-fashion statement design with impeccable craftsmanship. Available in Olive Drab with Burnt Terracotta detailing. Not loud. Not obvious. Unmistakably Twessie.</p>,Twessie,Bikini Top,"luxury Olive Drab swimwear, minimalist luxury, Matte Ribbed Knit bikini, high-end swimwear, architectural swimsuit",TRUE,Color,Burnt Terracotta,Size,XL,TWESSIE_EU_BT_0408-Burnt Terracotta-XL,168.0,,10
twessie-eu-bt-0408,Architecture-Cut Olive Drab Bikini Top,<p>A statement piece in Matte Ribbed Knit. This bikini top combines anti-fashion statement design with impeccable craftsmanship. Available in Olive Drab with Burnt Terracotta detailing. Not loud. Not obvious. Unmistakably Twessie.</p>,Twessie,Bikini Top,"luxury Olive Drab swimwear, minimalist luxury, Matte Ribbed Knit bikini, high-end swimwear, architectural swimsuit",TRUE,Color,Burnt Terracotta,Size,XXL,TWESSIE_EU_BT_0408-Burnt Terracotta-XXL,168.0,,10
twessie-eu-bb-0409,High-Cut Stone Gray Bikini Brief,<p>A statement piece in Crinkled Seersucker. This bikini bottom combines anti-fashion statement design with impeccable craftsmanship. Available in Stone Gray with Chalk White detailing. Not loud. Not obvious. Unmistakably Twessie.</p>,Twessie,Bikini Bottom,"independent fashion, minimalist luxury, architectural swimsuit, Crinkled Seersucker bikini, minimalist bikini bottom",TRUE,Color,Stone Gray,Size,XS,TWESSIE_EU_BB_0409-Stone Gray-XS,168.0,,10
twessie-eu-bb-0409,High-Cut Stone Gray Bikini Brief,<p>A statement piece in Crinkled Seersucker. This bikini bottom combines anti-fashion statement design with impeccable craftsmanship. Available in Stone Gray with Chalk White detailing. Not loud. Not obvious. Unmistakably Twessie.</p>,Twessie,Bikini Bottom,"independent fashion, minimalist luxury, architectural swimsuit, Crinkled Seersucker bikini, minimalist bikini bottom",TRUE,Color,Stone Gray,Size,S,TWESSIE_EU_BB_0409-Stone Gray-S,168.0,,10
twessie-eu-bb-0409,High-Cut Stone Gray Bikini Brief,<p>A statement piece in Crinkled Seersucker. This bikini bottom combines anti-fashion statement design with impeccable craftsmanship. Available in Stone Gray with Chalk White detailing. Not loud. Not obvious. Unmistakably Twessie.</p>,Twessie,Bikini Bottom,"independent fashion, minimalist luxury, architectural swimsuit, Crinkled Seersucker bikini, minimalist bikini bottom",TRUE,Color,Stone Gray,Size,M,TWESSIE_EU_BB_0409-Stone Gray-M,168.0,,10
twessie-eu-bb-0409,High-Cut Stone Gray Bikini Brief,<p>A statement piece in Crinkled Seersucker. This bikini bottom combines anti-fashion statement design with impeccable craftsmanship. Available in Stone Gray with Chalk White detailing. Not loud. Not obvious. Unmistakably Twessie.</p>,Twessie,Bikini Bottom,"independent fashion, minimalist luxury, architectural swimsuit, Crinkled Seersucker bikini, minimalist bikini bottom",TRUE,Color,Stone Gray,Size,L,TWESSIE_EU_BB_0409-Stone Gray-L,168.0,,10
twessie-eu-bb-0409,High-Cut Stone Gray Bikini Brief,<p>A statement piece in Crinkled Seersucker. This bikini bottom combines anti-fashion statement design with impeccable craftsmanship. Available in Stone Gray with Chalk White detailing. Not loud. Not obvious. Unmistakably Twessie.</p>,Twessie,Bikini Bottom,"independent fashion, minimalist luxury, architectural swimsuit, Crinkled Seersucker bikini, minimalist bikini bottom",TRUE,Color,Stone Gray,Size,XL,TWESSIE_EU_BB_0409-Stone Gray-XL,168.0,,10
twessie-eu-bb-0409,High-Cut Stone Gray Bikini Brief,<p>A statement piece in Crinkled Seersucker. This bikini bottom combines anti-fashion statement design with impeccable craftsmanship. Available in Stone Gray with Chalk White detailing. Not loud. Not obvious. Unmistakably Twessie.</p>,Twessie,Bikini Bottom,"independent fashion, minimalist luxury, architectural swimsuit, Crinkled Seersucker bikini, minimalist bikini bottom",TRUE,Color,Stone Gray,Size,XXL,TWESSIE_EU_BB_0409-Stone Gray-XXL,168.0,,10
twessie-eu-bb-0409,High-Cut Stone Gray Bikini Brief,<p>A statement piece in Crinkled Seersucker. This bikini bottom combines anti-fashion statement design with impeccable craftsmanship. Available in Stone Gray with Chalk White detailing. Not loud. Not obvious. Unmistakably Twessie.</p>,Twessie,Bikini Bottom,"independent fashion, minimalist luxury, architectural swimsuit, Crinkled Seersucker bikini, minimalist bikini bottom",TRUE,Color,Chalk White,Size,XS,TWESSIE_EU_BB_0409-Chalk White-XS,168.0,,10
twessie-eu-bb-0409,High-Cut Stone Gray Bikini Brief,<p>A statement piece in Crinkled Seersucker. This bikini bottom combines anti-fashion statement design with impeccable craftsmanship. Available in Stone Gray with Chalk White detailing. Not loud. Not obvious. Unmistakably Twessie.</p>,Twessie,Bikini Bottom,"independent fashion, minimalist luxury, architectural swimsuit, Crinkled Seersucker bikini, minimalist bikini bottom",TRUE,Color,Chalk White,Size,S,TWESSIE_EU_BB_0409-Chalk White-S,168.0,,10
twessie-eu-bb-0409,High-Cut Stone Gray Bikini Brief,<p>A statement piece in Crinkled Seersucker. This bikini bottom combines anti-fashion statement design with impeccable craftsmanship. Available in Stone Gray with Chalk White detailing. Not loud. Not obvious. Unmistakably Twessie.</p>,Twessie,Bikini Bottom,"independent fashion, minimalist luxury, architectural swimsuit, Crinkled Seersucker bikini, minimalist bikini bottom",TRUE,Color,Chalk White,Size,M,TWESSIE_EU_BB_0409-Chalk White-M,168.0,,10
twessie-eu-bb-0409,High-Cut Stone Gray Bikini Brief,<p>A statement piece in Crinkled Seersucker. This bikini bottom combines anti-fashion statement design with impeccable craftsmanship. Available in Stone Gray with Chalk White detailing. Not loud. Not obvious. Unmistakably Twessie.</p>,Twessie,Bikini Bottom,"independent fashion, minimalist luxury, architectural swimsuit, Crinkled Seersucker bikini, minimalist bikini bottom",TRUE,Color,Chalk White,Size,L,TWESSIE_EU_BB_0409-Chalk White-L,168.0,,10
twessie-eu-bb-0409,High-Cut Stone Gray Bikini Brief,<p>A statement piece in Crinkled Seersucker. This bikini bottom combines anti-fashion statement design with impeccable craftsmanship. Available in Stone Gray with Chalk White detailing. Not loud. Not obvious. Unmistakably Twessie.</p>,Twessie,Bikini Bottom,"independent fashion, minimalist luxury, architectural swimsuit, Crinkled Seersucker bikini, minimalist bikini bottom",TRUE,Color,Chalk White,Size,XL,TWESSIE_EU_BB_0409-Chalk White-XL,168.0,,10
twessie-eu-bb-0409,High-Cut Stone Gray Bikini Brief,<p>A statement piece in Crinkled Seersucker. This bikini bottom combines anti-fashion statement design with impeccable craftsmanship. Available in Stone Gray with Chalk White detailing. Not loud. Not obvious. Unmistakably Twessie.</p>,Twessie,Bikini Bottom,"independent fashion, minimalist luxury, architectural swimsuit, Crinkled Seersucker bikini, minimalist bikini bottom",TRUE,Color,Chalk White,Size,XXL,TWESSIE_EU_BB_0409-Chalk White-XXL,168.0,,10
twessie-eu-op-0410,Minimalist Crinkled Seersucker One-Piece,"<p>Crinkled Seersucker construction meets architectural precision in this one-piece. Designed for the intelligent, independent woman. The Stone Gray colorway with Chalk White accents creates a sophisticated palette. Pure architectural elegance elegance.</p>",Twessie,One-Piece,"luxury Stone Gray swimwear, minimalist one-piece, minimalist luxury, high-end swimwear, architectural swimsuit",TRUE,Color,Stone Gray,Size,XS,TWESSIE_EU_OP_0410-Stone Gray-XS,168.0,,10
twessie-eu-op-0410,Minimalist Crinkled Seersucker One-Piece,"<p>Crinkled Seersucker construction meets architectural precision in this one-piece. Designed for the intelligent, independent woman. The Stone Gray colorway with Chalk White accents creates a sophisticated palette. Pure architectural elegance elegance.</p>",Twessie,One-Piece,"luxury Stone Gray swimwear, minimalist one-piece, minimalist luxury, high-end swimwear, architectural swimsuit",TRUE,Color,Stone Gray,Size,S,TWESSIE_EU_OP_0410-Stone Gray-S,168.0,,10
twessie-eu-op-0410,Minimalist Crinkled Seersucker One-Piece,"<p>Crinkled Seersucker construction meets architectural precision in this one-piece. Designed for the intelligent, independent woman. The Stone Gray colorway with Chalk White accents creates a sophisticated palette. Pure architectural elegance elegance.</p>",Twessie,One-Piece,"luxury Stone Gray swimwear, minimalist one-piece, minimalist luxury, high-end swimwear, architectural swimsuit",TRUE,Color,Stone Gray,Size,M,TWESSIE_EU_OP_0410-Stone Gray-M,168.0,,10
twessie-eu-op-0410,Minimalist Crinkled Seersucker One-Piece,"<p>Crinkled Seersucker construction meets architectural precision in this one-piece. Designed for the intelligent, independent woman. The Stone Gray colorway with Chalk White accents creates a sophisticated palette. Pure architectural elegance elegance.</p>",Twessie,One-Piece,"luxury Stone Gray swimwear, minimalist one-piece, minimalist luxury, high-end swimwear, architectural swimsuit",TRUE,Color,Stone Gray,Size,L,TWESSIE_EU_OP_0410-Stone Gray-L,168.0,,10
twessie-eu-op-0410,Minimalist Crinkled Seersucker One-Piece,"<p>Crinkled Seersucker construction meets architectural precision in this one-piece. Designed for the intelligent, independent woman. The Stone Gray colorway with Chalk White accents creates a sophisticated palette. Pure architectural elegance elegance.</p>",Twessie,One-Piece,"luxury Stone Gray swimwear, minimalist one-piece, minimalist luxury, high-end swimwear, architectural swimsuit",TRUE,Color,Stone Gray,Size,XL,TWESSIE_EU_OP_0410-Stone Gray-XL,168.0,,10
twessie-eu-op-0410,Minimalist Crinkled Seersucker One-Piece,"<p>Crinkled Seersucker construction meets architectural precision in this one-piece. Designed for the intelligent, independent woman. The Stone Gray colorway with Chalk White accents creates a sophisticated palette. Pure architectural elegance elegance.</p>",Twessie,One-Piece,"luxury Stone Gray swimwear, minimalist one-piece, minimalist luxury, high-end swimwear, architectural swimsuit",TRUE,Color,Stone Gray,Size,XXL,TWESSIE_EU_OP_0410-Stone Gray-XXL,168.0,,10
twessie-eu-op-0410,Minimalist Crinkled Seersucker One-Piece,"<p>Crinkled Seersucker construction meets architectural precision in this one-piece. Designed for the intelligent, independent woman. The Stone Gray colorway with Chalk White accents creates a sophisticated palette. Pure architectural elegance elegance.</p>",Twessie,One-Piece,"luxury Stone Gray swimwear, minimalist one-piece, minimalist luxury, high-end swimwear, architectural swimsuit",TRUE,Color,Chalk White,Size,XS,TWESSIE_EU_OP_0410-Chalk White-XS,168.0,,10
twessie-eu-op-0410,Minimalist Crinkled Seersucker One-Piece,"<p>Crinkled Seersucker construction meets architectural precision in this one-piece. Designed for the intelligent, independent woman. The Stone Gray colorway with Chalk White accents creates a sophisticated palette. Pure architectural elegance elegance.</p>",Twessie,One-Piece,"luxury Stone Gray swimwear, minimalist one-piece, minimalist luxury, high-end swimwear, architectural swimsuit",TRUE,Color,Chalk White,Size,S,TWESSIE_EU_OP_0410-Chalk White-S,168.0,,10
twessie-eu-op-0410,Minimalist Crinkled Seersucker One-Piece,"<p>Crinkled Seersucker construction meets architectural precision in this one-piece. Designed for the intelligent, independent woman. The Stone Gray colorway with Chalk White accents creates a sophisticated palette. Pure architectural elegance elegance.</p>",Twessie,One-Piece,"luxury Stone Gray swimwear, minimalist one-piece, minimalist luxury, high-end swimwear, architectural swimsuit",TRUE,Color,Chalk White,Size,M,TWESSIE_EU_OP_0410-Chalk White-M,168.0,,10
twessie-eu-op-0410,Minimalist Crinkled Seersucker One-Piece,"<p>Crinkled Seersucker construction meets architectural precision in this one-piece. Designed for the intelligent, independent woman. The Stone Gray colorway with Chalk White accents creates a sophisticated palette. Pure architectural elegance elegance.</p>",Twessie,One-Piece,"luxury Stone Gray swimwear, minimalist one-piece, minimalist luxury, high-end swimwear, architectural swimsuit",TRUE,Color,Chalk White,Size,L,TWESSIE_EU_OP_0410-Chalk White-L,168.0,,10
twessie-eu-op-0410,Minimalist Crinkled Seersucker One-Piece,"<p>Crinkled Seersucker construction meets architectural precision in this one-piece. Designed for the intelligent, independent woman. The Stone Gray colorway with Chalk White accents creates a sophisticated palette. Pure architectural elegance elegance.</p>",Twessie,One-Piece,"luxury Stone Gray swimwear, minimalist one-piece, minimalist luxury, high-end swimwear, architectural swimsuit",TRUE,Color,Chalk White,Size,XL,TWESSIE_EU_OP_0410-Chalk White-XL,168.0,,10
twessie-eu-op-0410,Minimalist Crinkled Seersucker One-Piece,"<p>Crinkled Seersucker construction meets architectural precision in this one-piece. Designed for the intelligent, independent woman. The Stone Gray colorway with Chalk White accents creates a sophisticated palette. Pure architectural elegance elegance.</p>",Twessie,One-Piece,"luxury Stone Gray swimwear, minimalist one-piece, minimalist luxury, high-end swimwear, architectural swimsuit",TRUE,Color,Chalk White,Size,XXL,TWESSIE_EU_OP_0410-Chalk White-XXL,168.0,,10
twessie-sg-bt-0501,Minimalist Obsidian Black Textured Bikini Top,"<p>Econyl Sleek Satin construction meets architectural precision in this bikini top. Designed for the intelligent, independent woman. The Obsidian Black colorway with Chalk White accents creates a sophisticated palette. Pure anti-fashion statement elegance.</p>",Twessie,Bikini Top,"Econyl Sleek Satin bikini, high-end swimwear, minimalist luxury, architectural swimsuit, minimalist bikini top",TRUE,Color,Obsidian Black,Size,XS,TWESSIE_SG_BT_0501-Obsidian Black-XS,168.0,,10
twessie-sg-bt-0501,Minimalist Obsidian Black Textured Bikini Top,"<p>Econyl Sleek Satin construction meets architectural precision in this bikini top. Designed for the intelligent, independent woman. The Obsidian Black colorway with Chalk White accents creates a sophisticated palette. Pure anti-fashion statement elegance.</p>",Twessie,Bikini Top,"Econyl Sleek Satin bikini, high-end swimwear, minimalist luxury, architectural swimsuit, minimalist bikini top",TRUE,Color,Obsidian Black,Size,S,TWESSIE_SG_BT_0501-Obsidian Black-S,168.0,,10
twessie-sg-bt-0501,Minimalist Obsidian Black Textured Bikini Top,"<p>Econyl Sleek Satin construction meets architectural precision in this bikini top. Designed for the intelligent, independent woman. The Obsidian Black colorway with Chalk White accents creates a sophisticated palette. Pure anti-fashion statement elegance.</p>",Twessie,Bikini Top,"Econyl Sleek Satin bikini, high-end swimwear, minimalist luxury, architectural swimsuit, minimalist bikini top",TRUE,Color,Obsidian Black,Size,M,TWESSIE_SG_BT_0501-Obsidian Black-M,168.0,,10
twessie-sg-bt-0501,Minimalist Obsidian Black Textured Bikini Top,"<p>Econyl Sleek Satin construction meets architectural precision in this bikini top. Designed for the intelligent, independent woman. The Obsidian Black colorway with Chalk White accents creates a sophisticated palette. Pure anti-fashion statement elegance.</p>",Twessie,Bikini Top,"Econyl Sleek Satin bikini, high-end swimwear, minimalist luxury, architectural swimsuit, minimalist bikini top",TRUE,Color,Obsidian Black,Size,L,TWESSIE_SG_BT_0501-Obsidian Black-L,168.0,,10
twessie-sg-bt-0501,Minimalist Obsidian Black Textured Bikini Top,"<p>Econyl Sleek Satin construction meets architectural precision in this bikini top. Designed for the intelligent, independent woman. The Obsidian Black colorway with Chalk White accents creates a sophisticated palette. Pure anti-fashion statement elegance.</p>",Twessie,Bikini Top,"Econyl Sleek Satin bikini, high-end swimwear, minimalist luxury, architectural swimsuit, minimalist bikini top",TRUE,Color,Obsidian Black,Size,XL,TWESSIE_SG_BT_0501-Obsidian Black-XL,168.0,,10
twessie-sg-bt-0501,Minimalist Obsidian Black Textured Bikini Top,"<p>Econyl Sleek Satin construction meets architectural precision in this bikini top. Designed for the intelligent, independent woman. The Obsidian Black colorway with Chalk White accents creates a sophisticated palette. Pure anti-fashion statement elegance.</p>",Twessie,Bikini Top,"Econyl Sleek Satin bikini, high-end swimwear, minimalist luxury, architectural swimsuit, minimalist bikini top",TRUE,Color,Obsidian Black,Size,XXL,TWESSIE_SG_BT_0501-Obsidian Black-XXL,168.0,,10
twessie-sg-bt-0501,Minimalist Obsidian Black Textured Bikini Top,"<p>Econyl Sleek Satin construction meets architectural precision in this bikini top. Designed for the intelligent, independent woman. The Obsidian Black colorway with Chalk White accents creates a sophisticated palette. Pure anti-fashion statement elegance.</p>",Twessie,Bikini Top,"Econyl Sleek Satin bikini, high-end swimwear, minimalist luxury, architectural swimsuit, minimalist bikini top",TRUE,Color,Chalk White,Size,XS,TWESSIE_SG_BT_0501-Chalk White-XS,168.0,,10
twessie-sg-bt-0501,Minimalist Obsidian Black Textured Bikini Top,"<p>Econyl Sleek Satin construction meets architectural precision in this bikini top. Designed for the intelligent, independent woman. The Obsidian Black colorway with Chalk White accents creates a sophisticated palette. Pure anti-fashion statement elegance.</p>",Twessie,Bikini Top,"Econyl Sleek Satin bikini, high-end swimwear, minimalist luxury, architectural swimsuit, minimalist bikini top",TRUE,Color,Chalk White,Size,S,TWESSIE_SG_BT_0501-Chalk White-S,168.0,,10
twessie-sg-bt-0501,Minimalist Obsidian Black Textured Bikini Top,"<p>Econyl Sleek Satin construction meets architectural precision in this bikini top. Designed for the intelligent, independent woman. The Obsidian Black colorway with Chalk White accents creates a sophisticated palette. Pure anti-fashion statement elegance.</p>",Twessie,Bikini Top,"Econyl Sleek Satin bikini, high-end swimwear, minimalist luxury, architectural swimsuit, minimalist bikini top",TRUE,Color,Chalk White,Size,M,TWESSIE_SG_BT_0501-Chalk White-M,168.0,,10
twessie-sg-bt-0501,Minimalist Obsidian Black Textured Bikini Top,"<p>Econyl Sleek Satin construction meets architectural precision in this bikini top. Designed for the intelligent, independent woman. The Obsidian Black colorway with Chalk White accents creates a sophisticated palette. Pure anti-fashion statement elegance.</p>",Twessie,Bikini Top,"Econyl Sleek Satin bikini, high-end swimwear, minimalist luxury, architectural swimsuit, minimalist bikini top",TRUE,Color,Chalk White,Size,L,TWESSIE_SG_BT_0501-Chalk White-L,168.0,,10
twessie-sg-bt-0501,Minimalist Obsidian Black Textured Bikini Top,"<p>Econyl Sleek Satin construction meets architectural precision in this bikini top. Designed for the intelligent, independent woman. The Obsidian Black colorway with Chalk White accents creates a sophisticated palette. Pure anti-fashion statement elegance.</p>",Twessie,Bikini Top,"Econyl Sleek Satin bikini, high-end swimwear, minimalist luxury, architectural swimsuit, minimalist bikini top",TRUE,Color,Chalk White,Size,XL,TWESSIE_SG_BT_0501-Chalk White-XL,168.0,,10
twessie-sg-bt-0501,Minimalist Obsidian Black Textured Bikini Top,"<p>Econyl Sleek Satin construction meets architectural precision in this bikini top. Designed for the intelligent, independent woman. The Obsidian Black colorway with Chalk White accents creates a sophisticated palette. Pure anti-fashion statement elegance.</p>",Twessie,Bikini Top,"Econyl Sleek Satin bikini, high-end swimwear, minimalist luxury, architectural swimsuit, minimalist bikini top",TRUE,Color,Chalk White,Size,XXL,TWESSIE_SG_BT_0501-Chalk White-XXL,168.0,,10
twessie-au-bt-0502,Minimalist Obsidian Black Textured Bikini Top,<p>Crafted in premium Econyl Sleek Satin with Crinkled Seersucker accents. This bikini top epitomizes minimalist luxury luxury. Featuring color-blocking in Obsidian Black and Stone Gray. Perfect for the discerning swimmer who refuses the obvious.</p>,Twessie,Bikini Top,"minimalist bikini top, architectural swimsuit, Econyl Sleek Satin bikini, independent fashion, luxury Obsidian Black swimwear",TRUE,Color,Obsidian Black,Size,XS,TWESSIE_AU_BT_0502-Obsidian Black-XS,168.0,,10
twessie-au-bt-0502,Minimalist Obsidian Black Textured Bikini Top,<p>Crafted in premium Econyl Sleek Satin with Crinkled Seersucker accents. This bikini top epitomizes minimalist luxury luxury. Featuring color-blocking in Obsidian Black and Stone Gray. Perfect for the discerning swimmer who refuses the obvious.</p>,Twessie,Bikini Top,"minimalist bikini top, architectural swimsuit, Econyl Sleek Satin bikini, independent fashion, luxury Obsidian Black swimwear",TRUE,Color,Obsidian Black,Size,S,TWESSIE_AU_BT_0502-Obsidian Black-S,168.0,,10
twessie-au-bt-0502,Minimalist Obsidian Black Textured Bikini Top,<p>Crafted in premium Econyl Sleek Satin with Crinkled Seersucker accents. This bikini top epitomizes minimalist luxury luxury. Featuring color-blocking in Obsidian Black and Stone Gray. Perfect for the discerning swimmer who refuses the obvious.</p>,Twessie,Bikini Top,"minimalist bikini top, architectural swimsuit, Econyl Sleek Satin bikini, independent fashion, luxury Obsidian Black swimwear",TRUE,Color,Obsidian Black,Size,M,TWESSIE_AU_BT_0502-Obsidian Black-M,168.0,,10
twessie-au-bt-0502,Minimalist Obsidian Black Textured Bikini Top,<p>Crafted in premium Econyl Sleek Satin with Crinkled Seersucker accents. This bikini top epitomizes minimalist luxury luxury. Featuring color-blocking in Obsidian Black and Stone Gray. Perfect for the discerning swimmer who refuses the obvious.</p>,Twessie,Bikini Top,"minimalist bikini top, architectural swimsuit, Econyl Sleek Satin bikini, independent fashion, luxury Obsidian Black swimwear",TRUE,Color,Obsidian Black,Size,L,TWESSIE_AU_BT_0502-Obsidian Black-L,168.0,,10
twessie-au-bt-0502,Minimalist Obsidian Black Textured Bikini Top,<p>Crafted in premium Econyl Sleek Satin with Crinkled Seersucker accents. This bikini top epitomizes minimalist luxury luxury. Featuring color-blocking in Obsidian Black and Stone Gray. Perfect for the discerning swimmer who refuses the obvious.</p>,Twessie,Bikini Top,"minimalist bikini top, architectural swimsuit, Econyl Sleek Satin bikini, independent fashion, luxury Obsidian Black swimwear",TRUE,Color,Obsidian Black,Size,XL,TWESSIE_AU_BT_0502-Obsidian Black-XL,168.0,,10
twessie-au-bt-0502,Minimalist Obsidian Black Textured Bikini Top,<p>Crafted in premium Econyl Sleek Satin with Crinkled Seersucker accents. This bikini top epitomizes minimalist luxury luxury. Featuring color-blocking in Obsidian Black and Stone Gray. Perfect for the discerning swimmer who refuses the obvious.</p>,Twessie,Bikini Top,"minimalist bikini top, architectural swimsuit, Econyl Sleek Satin bikini, independent fashion, luxury Obsidian Black swimwear",TRUE,Color,Obsidian Black,Size,XXL,TWESSIE_AU_BT_0502-Obsidian Black-XXL,168.0,,10
twessie-au-bt-0502,Minimalist Obsidian Black Textured Bikini Top,<p>Crafted in premium Econyl Sleek Satin with Crinkled Seersucker accents. This bikini top epitomizes minimalist luxury luxury. Featuring color-blocking in Obsidian Black and Stone Gray. Perfect for the discerning swimmer who refuses the obvious.</p>,Twessie,Bikini Top,"minimalist bikini top, architectural swimsuit, Econyl Sleek Satin bikini, independent fashion, luxury Obsidian Black swimwear",TRUE,Color,Stone Gray,Size,XS,TWESSIE_AU_BT_0502-Stone Gray-XS,168.0,,10
twessie-au-bt-0502,Minimalist Obsidian Black Textured Bikini Top,<p>Crafted in premium Econyl Sleek Satin with Crinkled Seersucker accents. This bikini top epitomizes minimalist luxury luxury. Featuring color-blocking in Obsidian Black and Stone Gray. Perfect for the discerning swimmer who refuses the obvious.</p>,Twessie,Bikini Top,"minimalist bikini top, architectural swimsuit, Econyl Sleek Satin bikini, independent fashion, luxury Obsidian Black swimwear",TRUE,Color,Stone Gray,Size,S,TWESSIE_AU_BT_0502-Stone Gray-S,168.0,,10
twessie-au-bt-0502,Minimalist Obsidian Black Textured Bikini Top,<p>Crafted in premium Econyl Sleek Satin with Crinkled Seersucker accents. This bikini top epitomizes minimalist luxury luxury. Featuring color-blocking in Obsidian Black and Stone Gray. Perfect for the discerning swimmer who refuses the obvious.</p>,Twessie,Bikini Top,"minimalist bikini top, architectural swimsuit, Econyl Sleek Satin bikini, independent fashion, luxury Obsidian Black swimwear",TRUE,Color,Stone Gray,Size,M,TWESSIE_AU_BT_0502-Stone Gray-M,168.0,,10
twessie-au-bt-0502,Minimalist Obsidian Black Textured Bikini Top,<p>Crafted in premium Econyl Sleek Satin with Crinkled Seersucker accents. This bikini top epitomizes minimalist luxury luxury. Featuring color-blocking in Obsidian Black and Stone Gray. Perfect for the discerning swimmer who refuses the obvious.</p>,Twessie,Bikini Top,"minimalist bikini top, architectural swimsuit, Econyl Sleek Satin bikini, independent fashion, luxury Obsidian Black swimwear",TRUE,Color,Stone Gray,Size,L,TWESSIE_AU_BT_0502-Stone Gray-L,168.0,,10
twessie-au-bt-0502,Minimalist Obsidian Black Textured Bikini Top,<p>Crafted in premium Econyl Sleek Satin with Crinkled Seersucker accents. This bikini top epitomizes minimalist luxury luxury. Featuring color-blocking in Obsidian Black and Stone Gray. Perfect for the discerning swimmer who refuses the obvious.</p>,Twessie,Bikini Top,"minimalist bikini top, architectural swimsuit, Econyl Sleek Satin bikini, independent fashion, luxury Obsidian Black swimwear",TRUE,Color,Stone Gray,Size,XL,TWESSIE_AU_BT_0502-Stone Gray-XL,168.0,,10
twessie-au-bt-0502,Minimalist Obsidian Black Textured Bikini Top,<p>Crafted in premium Econyl Sleek Satin with Crinkled Seersucker accents. This bikini top epitomizes minimalist luxury luxury. Featuring color-blocking in Obsidian Black and Stone Gray. Perfect for the discerning swimmer who refuses the obvious.</p>,Twessie,Bikini Top,"minimalist bikini top, architectural swimsuit, Econyl Sleek Satin bikini, independent fashion, luxury Obsidian Black swimwear",TRUE,Color,Stone Gray,Size,XXL,TWESSIE_AU_BT_0502-Stone Gray-XXL,168.0,,10
twessie-au-bt-0503,Econyl Sleek Satin High-Waist Bikini Top in Obsidian Black,"<p>Econyl Sleek Satin construction meets architectural precision in this bikini top. Designed for the intelligent, independent woman. The Obsidian Black colorway with Burnt Terracotta accents creates a sophisticated palette. Pure rebellious yet refined elegance.</p>",Twessie,Bikini Top,"Econyl Sleek Satin bikini, minimalist luxury, luxury Obsidian Black swimwear, architectural swimsuit, minimalist bikini top",TRUE,Color,Obsidian Black,Size,XS,TWESSIE_AU_BT_0503-Obsidian Black-XS,168.0,,10
twessie-au-bt-0503,Econyl Sleek Satin High-Waist Bikini Top in Obsidian Black,"<p>Econyl Sleek Satin construction meets architectural precision in this bikini top. Designed for the intelligent, independent woman. The Obsidian Black colorway with Burnt Terracotta accents creates a sophisticated palette. Pure rebellious yet refined elegance.</p>",Twessie,Bikini Top,"Econyl Sleek Satin bikini, minimalist luxury, luxury Obsidian Black swimwear, architectural swimsuit, minimalist bikini top",TRUE,Color,Obsidian Black,Size,S,TWESSIE_AU_BT_0503-Obsidian Black-S,168.0,,10
twessie-au-bt-0503,Econyl Sleek Satin High-Waist Bikini Top in Obsidian Black,"<p>Econyl Sleek Satin construction meets architectural precision in this bikini top. Designed for the intelligent, independent woman. The Obsidian Black colorway with Burnt Terracotta accents creates a sophisticated palette. Pure rebellious yet refined elegance.</p>",Twessie,Bikini Top,"Econyl Sleek Satin bikini, minimalist luxury, luxury Obsidian Black swimwear, architectural swimsuit, minimalist bikini top",TRUE,Color,Obsidian Black,Size,M,TWESSIE_AU_BT_0503-Obsidian Black-M,168.0,,10
twessie-au-bt-0503,Econyl Sleek Satin High-Waist Bikini Top in Obsidian Black,"<p>Econyl Sleek Satin construction meets architectural precision in this bikini top. Designed for the intelligent, independent woman. The Obsidian Black colorway with Burnt Terracotta accents creates a sophisticated palette. Pure rebellious yet refined elegance.</p>",Twessie,Bikini Top,"Econyl Sleek Satin bikini, minimalist luxury, luxury Obsidian Black swimwear, architectural swimsuit, minimalist bikini top",TRUE,Color,Obsidian Black,Size,L,TWESSIE_AU_BT_0503-Obsidian Black-L,168.0,,10
twessie-au-bt-0503,Econyl Sleek Satin High-Waist Bikini Top in Obsidian Black,"<p>Econyl Sleek Satin construction meets architectural precision in this bikini top. Designed for the intelligent, independent woman. The Obsidian Black colorway with Burnt Terracotta accents creates a sophisticated palette. Pure rebellious yet refined elegance.</p>",Twessie,Bikini Top,"Econyl Sleek Satin bikini, minimalist luxury, luxury Obsidian Black swimwear, architectural swimsuit, minimalist bikini top",TRUE,Color,Obsidian Black,Size,XL,TWESSIE_AU_BT_0503-Obsidian Black-XL,168.0,,10
twessie-au-bt-0503,Econyl Sleek Satin High-Waist Bikini Top in Obsidian Black,"<p>Econyl Sleek Satin construction meets architectural precision in this bikini top. Designed for the intelligent, independent woman. The Obsidian Black colorway with Burnt Terracotta accents creates a sophisticated palette. Pure rebellious yet refined elegance.</p>",Twessie,Bikini Top,"Econyl Sleek Satin bikini, minimalist luxury, luxury Obsidian Black swimwear, architectural swimsuit, minimalist bikini top",TRUE,Color,Obsidian Black,Size,XXL,TWESSIE_AU_BT_0503-Obsidian Black-XXL,168.0,,10
twessie-au-bt-0503,Econyl Sleek Satin High-Waist Bikini Top in Obsidian Black,"<p>Econyl Sleek Satin construction meets architectural precision in this bikini top. Designed for the intelligent, independent woman. The Obsidian Black colorway with Burnt Terracotta accents creates a sophisticated palette. Pure rebellious yet refined elegance.</p>",Twessie,Bikini Top,"Econyl Sleek Satin bikini, minimalist luxury, luxury Obsidian Black swimwear, architectural swimsuit, minimalist bikini top",TRUE,Color,Burnt Terracotta,Size,XS,TWESSIE_AU_BT_0503-Burnt Terracotta-XS,168.0,,10
twessie-au-bt-0503,Econyl Sleek Satin High-Waist Bikini Top in Obsidian Black,"<p>Econyl Sleek Satin construction meets architectural precision in this bikini top. Designed for the intelligent, independent woman. The Obsidian Black colorway with Burnt Terracotta accents creates a sophisticated palette. Pure rebellious yet refined elegance.</p>",Twessie,Bikini Top,"Econyl Sleek Satin bikini, minimalist luxury, luxury Obsidian Black swimwear, architectural swimsuit, minimalist bikini top",TRUE,Color,Burnt Terracotta,Size,S,TWESSIE_AU_BT_0503-Burnt Terracotta-S,168.0,,10
twessie-au-bt-0503,Econyl Sleek Satin High-Waist Bikini Top in Obsidian Black,"<p>Econyl Sleek Satin construction meets architectural precision in this bikini top. Designed for the intelligent, independent woman. The Obsidian Black colorway with Burnt Terracotta accents creates a sophisticated palette. Pure rebellious yet refined elegance.</p>",Twessie,Bikini Top,"Econyl Sleek Satin bikini, minimalist luxury, luxury Obsidian Black swimwear, architectural swimsuit, minimalist bikini top",TRUE,Color,Burnt Terracotta,Size,M,TWESSIE_AU_BT_0503-Burnt Terracotta-M,168.0,,10
twessie-au-bt-0503,Econyl Sleek Satin High-Waist Bikini Top in Obsidian Black,"<p>Econyl Sleek Satin construction meets architectural precision in this bikini top. Designed for the intelligent, independent woman. The Obsidian Black colorway with Burnt Terracotta accents creates a sophisticated palette. Pure rebellious yet refined elegance.</p>",Twessie,Bikini Top,"Econyl Sleek Satin bikini, minimalist luxury, luxury Obsidian Black swimwear, architectural swimsuit, minimalist bikini top",TRUE,Color,Burnt Terracotta,Size,L,TWESSIE_AU_BT_0503-Burnt Terracotta-L,168.0,,10
twessie-au-bt-0503,Econyl Sleek Satin High-Waist Bikini Top in Obsidian Black,"<p>Econyl Sleek Satin construction meets architectural precision in this bikini top. Designed for the intelligent, independent woman. The Obsidian Black colorway with Burnt Terracotta accents creates a sophisticated palette. Pure rebellious yet refined elegance.</p>",Twessie,Bikini Top,"Econyl Sleek Satin bikini, minimalist luxury, luxury Obsidian Black swimwear, architectural swimsuit, minimalist bikini top",TRUE,Color,Burnt Terracotta,Size,XL,TWESSIE_AU_BT_0503-Burnt Terracotta-XL,168.0,,10
twessie-au-bt-0503,Econyl Sleek Satin High-Waist Bikini Top in Obsidian Black,"<p>Econyl Sleek Satin construction meets architectural precision in this bikini top. Designed for the intelligent, independent woman. The Obsidian Black colorway with Burnt Terracotta accents creates a sophisticated palette. Pure rebellious yet refined elegance.</p>",Twessie,Bikini Top,"Econyl Sleek Satin bikini, minimalist luxury, luxury Obsidian Black swimwear, architectural swimsuit, minimalist bikini top",TRUE,Color,Burnt Terracotta,Size,XXL,TWESSIE_AU_BT_0503-Burnt Terracotta-XXL,168.0,,10
twessie-eu-bt-0504,Architecture-Cut Obsidian Black Bikini Top,"<p>Econyl Sleek Satin construction meets architectural precision in this bikini top. Designed for the intelligent, independent woman. The Obsidian Black colorway with Olive Drab accents creates a sophisticated palette. Pure architectural elegance elegance.</p>",Twessie,Bikini Top,"independent fashion, luxury Obsidian Black swimwear, minimalist bikini top, Econyl Sleek Satin bikini, high-end swimwear",TRUE,Color,Obsidian Black,Size,XS,TWESSIE_EU_BT_0504-Obsidian Black-XS,168.0,,10
twessie-eu-bt-0504,Architecture-Cut Obsidian Black Bikini Top,"<p>Econyl Sleek Satin construction meets architectural precision in this bikini top. Designed for the intelligent, independent woman. The Obsidian Black colorway with Olive Drab accents creates a sophisticated palette. Pure architectural elegance elegance.</p>",Twessie,Bikini Top,"independent fashion, luxury Obsidian Black swimwear, minimalist bikini top, Econyl Sleek Satin bikini, high-end swimwear",TRUE,Color,Obsidian Black,Size,S,TWESSIE_EU_BT_0504-Obsidian Black-S,168.0,,10
twessie-eu-bt-0504,Architecture-Cut Obsidian Black Bikini Top,"<p>Econyl Sleek Satin construction meets architectural precision in this bikini top. Designed for the intelligent, independent woman. The Obsidian Black colorway with Olive Drab accents creates a sophisticated palette. Pure architectural elegance elegance.</p>",Twessie,Bikini Top,"independent fashion, luxury Obsidian Black swimwear, minimalist bikini top, Econyl Sleek Satin bikini, high-end swimwear",TRUE,Color,Obsidian Black,Size,M,TWESSIE_EU_BT_0504-Obsidian Black-M,168.0,,10
twessie-eu-bt-0504,Architecture-Cut Obsidian Black Bikini Top,"<p>Econyl Sleek Satin construction meets architectural precision in this bikini top. Designed for the intelligent, independent woman. The Obsidian Black colorway with Olive Drab accents creates a sophisticated palette. Pure architectural elegance elegance.</p>",Twessie,Bikini Top,"independent fashion, luxury Obsidian Black swimwear, minimalist bikini top, Econyl Sleek Satin bikini, high-end swimwear",TRUE,Color,Obsidian Black,Size,L,TWESSIE_EU_BT_0504-Obsidian Black-L,168.0,,10
twessie-eu-bt-0504,Architecture-Cut Obsidian Black Bikini Top,"<p>Econyl Sleek Satin construction meets architectural precision in this bikini top. Designed for the intelligent, independent woman. The Obsidian Black colorway with Olive Drab accents creates a sophisticated palette. Pure architectural elegance elegance.</p>",Twessie,Bikini Top,"independent fashion, luxury Obsidian Black swimwear, minimalist bikini top, Econyl Sleek Satin bikini, high-end swimwear",TRUE,Color,Obsidian Black,Size,XL,TWESSIE_EU_BT_0504-Obsidian Black-XL,168.0,,10
twessie-eu-bt-0504,Architecture-Cut Obsidian Black Bikini Top,"<p>Econyl Sleek Satin construction meets architectural precision in this bikini top. Designed for the intelligent, independent woman. The Obsidian Black colorway with Olive Drab accents creates a sophisticated palette. Pure architectural elegance elegance.</p>",Twessie,Bikini Top,"independent fashion, luxury Obsidian Black swimwear, minimalist bikini top, Econyl Sleek Satin bikini, high-end swimwear",TRUE,Color,Obsidian Black,Size,XXL,TWESSIE_EU_BT_0504-Obsidian Black-XXL,168.0,,10
twessie-eu-bt-0504,Architecture-Cut Obsidian Black Bikini Top,"<p>Econyl Sleek Satin construction meets architectural precision in this bikini top. Designed for the intelligent, independent woman. The Obsidian Black colorway with Olive Drab accents creates a sophisticated palette. Pure architectural elegance elegance.</p>",Twessie,Bikini Top,"independent fashion, luxury Obsidian Black swimwear, minimalist bikini top, Econyl Sleek Satin bikini, high-end swimwear",TRUE,Color,Olive Drab,Size,XS,TWESSIE_EU_BT_0504-Olive Drab-XS,168.0,,10
twessie-eu-bt-0504,Architecture-Cut Obsidian Black Bikini Top,"<p>Econyl Sleek Satin construction meets architectural precision in this bikini top. Designed for the intelligent, independent woman. The Obsidian Black colorway with Olive Drab accents creates a sophisticated palette. Pure architectural elegance elegance.</p>",Twessie,Bikini Top,"independent fashion, luxury Obsidian Black swimwear, minimalist bikini top, Econyl Sleek Satin bikini, high-end swimwear",TRUE,Color,Olive Drab,Size,S,TWESSIE_EU_BT_0504-Olive Drab-S,168.0,,10
twessie-eu-bt-0504,Architecture-Cut Obsidian Black Bikini Top,"<p>Econyl Sleek Satin construction meets architectural precision in this bikini top. Designed for the intelligent, independent woman. The Obsidian Black colorway with Olive Drab accents creates a sophisticated palette. Pure architectural elegance elegance.</p>",Twessie,Bikini Top,"independent fashion, luxury Obsidian Black swimwear, minimalist bikini top, Econyl Sleek Satin bikini, high-end swimwear",TRUE,Color,Olive Drab,Size,M,TWESSIE_EU_BT_0504-Olive Drab-M,168.0,,10
twessie-eu-bt-0504,Architecture-Cut Obsidian Black Bikini Top,"<p>Econyl Sleek Satin construction meets architectural precision in this bikini top. Designed for the intelligent, independent woman. The Obsidian Black colorway with Olive Drab accents creates a sophisticated palette. Pure architectural elegance elegance.</p>",Twessie,Bikini Top,"independent fashion, luxury Obsidian Black swimwear, minimalist bikini top, Econyl Sleek Satin bikini, high-end swimwear",TRUE,Color,Olive Drab,Size,L,TWESSIE_EU_BT_0504-Olive Drab-L,168.0,,10
twessie-eu-bt-0504,Architecture-Cut Obsidian Black Bikini Top,"<p>Econyl Sleek Satin construction meets architectural precision in this bikini top. Designed for the intelligent, independent woman. The Obsidian Black colorway with Olive Drab accents creates a sophisticated palette. Pure architectural elegance elegance.</p>",Twessie,Bikini Top,"independent fashion, luxury Obsidian Black swimwear, minimalist bikini top, Econyl Sleek Satin bikini, high-end swimwear",TRUE,Color,Olive Drab,Size,XL,TWESSIE_EU_BT_0504-Olive Drab-XL,168.0,,10
twessie-eu-bt-0504,Architecture-Cut Obsidian Black Bikini Top,"<p>Econyl Sleek Satin construction meets architectural precision in this bikini top. Designed for the intelligent, independent woman. The Obsidian Black colorway with Olive Drab accents creates a sophisticated palette. Pure architectural elegance elegance.</p>",Twessie,Bikini Top,"independent fashion, luxury Obsidian Black swimwear, minimalist bikini top, Econyl Sleek Satin bikini, high-end swimwear",TRUE,Color,Olive Drab,Size,XXL,TWESSIE_EU_BT_0504-Olive Drab-XXL,168.0,,10
twessie-na-bb-0505,Olive Drab Minimalist Matte Ribbed Knit Bikini Bottom,<p>A statement piece in Matte Ribbed Knit. This bikini bottom combines intelligent aesthetic design with impeccable craftsmanship. Available in Olive Drab with Burnt Terracotta detailing. Not loud. Not obvious. Unmistakably Twessie.</p>,Twessie,Bikini Bottom,"independent fashion, minimalist bikini bottom, high-end swimwear, luxury Olive Drab swimwear, minimalist luxury",TRUE,Color,Olive Drab,Size,XS,TWESSIE_NA_BB_0505-Olive Drab-XS,168.0,,10
twessie-na-bb-0505,Olive Drab Minimalist Matte Ribbed Knit Bikini Bottom,<p>A statement piece in Matte Ribbed Knit. This bikini bottom combines intelligent aesthetic design with impeccable craftsmanship. Available in Olive Drab with Burnt Terracotta detailing. Not loud. Not obvious. Unmistakably Twessie.</p>,Twessie,Bikini Bottom,"independent fashion, minimalist bikini bottom, high-end swimwear, luxury Olive Drab swimwear, minimalist luxury",TRUE,Color,Olive Drab,Size,S,TWESSIE_NA_BB_0505-Olive Drab-S,168.0,,10
twessie-na-bb-0505,Olive Drab Minimalist Matte Ribbed Knit Bikini Bottom,<p>A statement piece in Matte Ribbed Knit. This bikini bottom combines intelligent aesthetic design with impeccable craftsmanship. Available in Olive Drab with Burnt Terracotta detailing. Not loud. Not obvious. Unmistakably Twessie.</p>,Twessie,Bikini Bottom,"independent fashion, minimalist bikini bottom, high-end swimwear, luxury Olive Drab swimwear, minimalist luxury",TRUE,Color,Olive Drab,Size,M,TWESSIE_NA_BB_0505-Olive Drab-M,168.0,,10
twessie-na-bb-0505,Olive Drab Minimalist Matte Ribbed Knit Bikini Bottom,<p>A statement piece in Matte Ribbed Knit. This bikini bottom combines intelligent aesthetic design with impeccable craftsmanship. Available in Olive Drab with Burnt Terracotta detailing. Not loud. Not obvious. Unmistakably Twessie.</p>,Twessie,Bikini Bottom,"independent fashion, minimalist bikini bottom, high-end swimwear, luxury Olive Drab swimwear, minimalist luxury",TRUE,Color,Olive Drab,Size,L,TWESSIE_NA_BB_0505-Olive Drab-L,168.0,,10
twessie-na-bb-0505,Olive Drab Minimalist Matte Ribbed Knit Bikini Bottom,<p>A statement piece in Matte Ribbed Knit. This bikini bottom combines intelligent aesthetic design with impeccable craftsmanship. Available in Olive Drab with Burnt Terracotta detailing. Not loud. Not obvious. Unmistakably Twessie.</p>,Twessie,Bikini Bottom,"independent fashion, minimalist bikini bottom, high-end swimwear, luxury Olive Drab swimwear, minimalist luxury",TRUE,Color,Olive Drab,Size,XL,TWESSIE_NA_BB_0505-Olive Drab-XL,168.0,,10
twessie-na-bb-0505,Olive Drab Minimalist Matte Ribbed Knit Bikini Bottom,<p>A statement piece in Matte Ribbed Knit. This bikini bottom combines intelligent aesthetic design with impeccable craftsmanship. Available in Olive Drab with Burnt Terracotta detailing. Not loud. Not obvious. Unmistakably Twessie.</p>,Twessie,Bikini Bottom,"independent fashion, minimalist bikini bottom, high-end swimwear, luxury Olive Drab swimwear, minimalist luxury",TRUE,Color,Olive Drab,Size,XXL,TWESSIE_NA_BB_0505-Olive Drab-XXL,168.0,,10
twessie-na-bb-0505,Olive Drab Minimalist Matte Ribbed Knit Bikini Bottom,<p>A statement piece in Matte Ribbed Knit. This bikini bottom combines intelligent aesthetic design with impeccable craftsmanship. Available in Olive Drab with Burnt Terracotta detailing. Not loud. Not obvious. Unmistakably Twessie.</p>,Twessie,Bikini Bottom,"independent fashion, minimalist bikini bottom, high-end swimwear, luxury Olive Drab swimwear, minimalist luxury",TRUE,Color,Burnt Terracotta,Size,XS,TWESSIE_NA_BB_0505-Burnt Terracotta-XS,168.0,,10
twessie-na-bb-0505,Olive Drab Minimalist Matte Ribbed Knit Bikini Bottom,<p>A statement piece in Matte Ribbed Knit. This bikini bottom combines intelligent aesthetic design with impeccable craftsmanship. Available in Olive Drab with Burnt Terracotta detailing. Not loud. Not obvious. Unmistakably Twessie.</p>,Twessie,Bikini Bottom,"independent fashion, minimalist bikini bottom, high-end swimwear, luxury Olive Drab swimwear, minimalist luxury",TRUE,Color,Burnt Terracotta,Size,S,TWESSIE_NA_BB_0505-Burnt Terracotta-S,168.0,,10
twessie-na-bb-0505,Olive Drab Minimalist Matte Ribbed Knit Bikini Bottom,<p>A statement piece in Matte Ribbed Knit. This bikini bottom combines intelligent aesthetic design with impeccable craftsmanship. Available in Olive Drab with Burnt Terracotta detailing. Not loud. Not obvious. Unmistakably Twessie.</p>,Twessie,Bikini Bottom,"independent fashion, minimalist bikini bottom, high-end swimwear, luxury Olive Drab swimwear, minimalist luxury",TRUE,Color,Burnt Terracotta,Size,M,TWESSIE_NA_BB_0505-Burnt Terracotta-M,168.0,,10
twessie-na-bb-0505,Olive Drab Minimalist Matte Ribbed Knit Bikini Bottom,<p>A statement piece in Matte Ribbed Knit. This bikini bottom combines intelligent aesthetic design with impeccable craftsmanship. Available in Olive Drab with Burnt Terracotta detailing. Not loud. Not obvious. Unmistakably Twessie.</p>,Twessie,Bikini Bottom,"independent fashion, minimalist bikini bottom, high-end swimwear, luxury Olive Drab swimwear, minimalist luxury",TRUE,Color,Burnt Terracotta,Size,L,TWESSIE_NA_BB_0505-Burnt Terracotta-L,168.0,,10
twessie-na-bb-0505,Olive Drab Minimalist Matte Ribbed Knit Bikini Bottom,<p>A statement piece in Matte Ribbed Knit. This bikini bottom combines intelligent aesthetic design with impeccable craftsmanship. Available in Olive Drab with Burnt Terracotta detailing. Not loud. Not obvious. Unmistakably Twessie.</p>,Twessie,Bikini Bottom,"independent fashion, minimalist bikini bottom, high-end swimwear, luxury Olive Drab swimwear, minimalist luxury",TRUE,Color,Burnt Terracotta,Size,XL,TWESSIE_NA_BB_0505-Burnt Terracotta-XL,168.0,,10
twessie-na-bb-0505,Olive Drab Minimalist Matte Ribbed Knit Bikini Bottom,<p>A statement piece in Matte Ribbed Knit. This bikini bottom combines intelligent aesthetic design with impeccable craftsmanship. Available in Olive Drab with Burnt Terracotta detailing. Not loud. Not obvious. Unmistakably Twessie.</p>,Twessie,Bikini Bottom,"independent fashion, minimalist bikini bottom, high-end swimwear, luxury Olive Drab swimwear, minimalist luxury",TRUE,Color,Burnt Terracotta,Size,XXL,TWESSIE_NA_BB_0505-Burnt Terracotta-XXL,168.0,,10
twessie-sg-bb-0506,Structural Econyl Sleek Satin Bikini Bottom,"<p>Econyl Sleek Satin construction meets architectural precision in this bikini bottom. Designed for the intelligent, independent woman. The Obsidian Black colorway with Olive Drab accents creates a sophisticated palette. Pure architectural elegance elegance.</p>",Twessie,Bikini Bottom,"high-end swimwear, minimalist bikini bottom, architectural swimsuit, independent fashion, luxury Obsidian Black swimwear",TRUE,Color,Obsidian Black,Size,XS,TWESSIE_SG_BB_0506-Obsidian Black-XS,168.0,,10
twessie-sg-bb-0506,Structural Econyl Sleek Satin Bikini Bottom,"<p>Econyl Sleek Satin construction meets architectural precision in this bikini bottom. Designed for the intelligent, independent woman. The Obsidian Black colorway with Olive Drab accents creates a sophisticated palette. Pure architectural elegance elegance.</p>",Twessie,Bikini Bottom,"high-end swimwear, minimalist bikini bottom, architectural swimsuit, independent fashion, luxury Obsidian Black swimwear",TRUE,Color,Obsidian Black,Size,S,TWESSIE_SG_BB_0506-Obsidian Black-S,168.0,,10
twessie-sg-bb-0506,Structural Econyl Sleek Satin Bikini Bottom,"<p>Econyl Sleek Satin construction meets architectural precision in this bikini bottom. Designed for the intelligent, independent woman. The Obsidian Black colorway with Olive Drab accents creates a sophisticated palette. Pure architectural elegance elegance.</p>",Twessie,Bikini Bottom,"high-end swimwear, minimalist bikini bottom, architectural swimsuit, independent fashion, luxury Obsidian Black swimwear",TRUE,Color,Obsidian Black,Size,M,TWESSIE_SG_BB_0506-Obsidian Black-M,168.0,,10
twessie-sg-bb-0506,Structural Econyl Sleek Satin Bikini Bottom,"<p>Econyl Sleek Satin construction meets architectural precision in this bikini bottom. Designed for the intelligent, independent woman. The Obsidian Black colorway with Olive Drab accents creates a sophisticated palette. Pure architectural elegance elegance.</p>",Twessie,Bikini Bottom,"high-end swimwear, minimalist bikini bottom, architectural swimsuit, independent fashion, luxury Obsidian Black swimwear",TRUE,Color,Obsidian Black,Size,L,TWESSIE_SG_BB_0506-Obsidian Black-L,168.0,,10
twessie-sg-bb-0506,Structural Econyl Sleek Satin Bikini Bottom,"<p>Econyl Sleek Satin construction meets architectural precision in this bikini bottom. Designed for the intelligent, independent woman. The Obsidian Black colorway with Olive Drab accents creates a sophisticated palette. Pure architectural elegance elegance.</p>",Twessie,Bikini Bottom,"high-end swimwear, minimalist bikini bottom, architectural swimsuit, independent fashion, luxury Obsidian Black swimwear",TRUE,Color,Obsidian Black,Size,XL,TWESSIE_SG_BB_0506-Obsidian Black-XL,168.0,,10
twessie-sg-bb-0506,Structural Econyl Sleek Satin Bikini Bottom,"<p>Econyl Sleek Satin construction meets architectural precision in this bikini bottom. Designed for the intelligent, independent woman. The Obsidian Black colorway with Olive Drab accents creates a sophisticated palette. Pure architectural elegance elegance.</p>",Twessie,Bikini Bottom,"high-end swimwear, minimalist bikini bottom, architectural swimsuit, independent fashion, luxury Obsidian Black swimwear",TRUE,Color,Obsidian Black,Size,XXL,TWESSIE_SG_BB_0506-Obsidian Black-XXL,168.0,,10
twessie-sg-bb-0506,Structural Econyl Sleek Satin Bikini Bottom,"<p>Econyl Sleek Satin construction meets architectural precision in this bikini bottom. Designed for the intelligent, independent woman. The Obsidian Black colorway with Olive Drab accents creates a sophisticated palette. Pure architectural elegance elegance.</p>",Twessie,Bikini Bottom,"high-end swimwear, minimalist bikini bottom, architectural swimsuit, independent fashion, luxury Obsidian Black swimwear",TRUE,Color,Olive Drab,Size,XS,TWESSIE_SG_BB_0506-Olive Drab-XS,168.0,,10
twessie-sg-bb-0506,Structural Econyl Sleek Satin Bikini Bottom,"<p>Econyl Sleek Satin construction meets architectural precision in this bikini bottom. Designed for the intelligent, independent woman. The Obsidian Black colorway with Olive Drab accents creates a sophisticated palette. Pure architectural elegance elegance.</p>",Twessie,Bikini Bottom,"high-end swimwear, minimalist bikini bottom, architectural swimsuit, independent fashion, luxury Obsidian Black swimwear",TRUE,Color,Olive Drab,Size,S,TWESSIE_SG_BB_0506-Olive Drab-S,168.0,,10
twessie-sg-bb-0506,Structural Econyl Sleek Satin Bikini Bottom,"<p>Econyl Sleek Satin construction meets architectural precision in this bikini bottom. Designed for the intelligent, independent woman. The Obsidian Black colorway with Olive Drab accents creates a sophisticated palette. Pure architectural elegance elegance.</p>",Twessie,Bikini Bottom,"high-end swimwear, minimalist bikini bottom, architectural swimsuit, independent fashion, luxury Obsidian Black swimwear",TRUE,Color,Olive Drab,Size,M,TWESSIE_SG_BB_0506-Olive Drab-M,168.0,,10
twessie-sg-bb-0506,Structural Econyl Sleek Satin Bikini Bottom,"<p>Econyl Sleek Satin construction meets architectural precision in this bikini bottom. Designed for the intelligent, independent woman. The Obsidian Black colorway with Olive Drab accents creates a sophisticated palette. Pure architectural elegance elegance.</p>",Twessie,Bikini Bottom,"high-end swimwear, minimalist bikini bottom, architectural swimsuit, independent fashion, luxury Obsidian Black swimwear",TRUE,Color,Olive Drab,Size,L,TWESSIE_SG_BB_0506-Olive Drab-L,168.0,,10
twessie-sg-bb-0506,Structural Econyl Sleek Satin Bikini Bottom,"<p>Econyl Sleek Satin construction meets architectural precision in this bikini bottom. Designed for the intelligent, independent woman. The Obsidian Black colorway with Olive Drab accents creates a sophisticated palette. Pure architectural elegance elegance.</p>",Twessie,Bikini Bottom,"high-end swimwear, minimalist bikini bottom, architectural swimsuit, independent fashion, luxury Obsidian Black swimwear",TRUE,Color,Olive Drab,Size,XL,TWESSIE_SG_BB_0506-Olive Drab-XL,168.0,,10
twessie-sg-bb-0506,Structural Econyl Sleek Satin Bikini Bottom,"<p>Econyl Sleek Satin construction meets architectural precision in this bikini bottom. Designed for the intelligent, independent woman. The Obsidian Black colorway with Olive Drab accents creates a sophisticated palette. Pure architectural elegance elegance.</p>",Twessie,Bikini Bottom,"high-end swimwear, minimalist bikini bottom, architectural swimsuit, independent fashion, luxury Obsidian Black swimwear",TRUE,Color,Olive Drab,Size,XXL,TWESSIE_SG_BB_0506-Olive Drab-XXL,168.0,,10
twessie-eu-bb-0507,Obsidian Black Minimalist Econyl Sleek Satin Bikini Bottom,<p>Crafted in premium Econyl Sleek Satin with Crinkled Seersucker accents. This bikini bottom epitomizes anti-fashion statement luxury. Featuring color-blocking in Obsidian Black and Stone Gray. Perfect for the discerning swimmer who refuses the obvious.</p>,Twessie,Bikini Bottom,"minimalist luxury, high-end swimwear, minimalist bikini bottom, independent fashion, Econyl Sleek Satin bikini",TRUE,Color,Obsidian Black,Size,XS,TWESSIE_EU_BB_0507-Obsidian Black-XS,168.0,,10
twessie-eu-bb-0507,Obsidian Black Minimalist Econyl Sleek Satin Bikini Bottom,<p>Crafted in premium Econyl Sleek Satin with Crinkled Seersucker accents. This bikini bottom epitomizes anti-fashion statement luxury. Featuring color-blocking in Obsidian Black and Stone Gray. Perfect for the discerning swimmer who refuses the obvious.</p>,Twessie,Bikini Bottom,"minimalist luxury, high-end swimwear, minimalist bikini bottom, independent fashion, Econyl Sleek Satin bikini",TRUE,Color,Obsidian Black,Size,S,TWESSIE_EU_BB_0507-Obsidian Black-S,168.0,,10
twessie-eu-bb-0507,Obsidian Black Minimalist Econyl Sleek Satin Bikini Bottom,<p>Crafted in premium Econyl Sleek Satin with Crinkled Seersucker accents. This bikini bottom epitomizes anti-fashion statement luxury. Featuring color-blocking in Obsidian Black and Stone Gray. Perfect for the discerning swimmer who refuses the obvious.</p>,Twessie,Bikini Bottom,"minimalist luxury, high-end swimwear, minimalist bikini bottom, independent fashion, Econyl Sleek Satin bikini",TRUE,Color,Obsidian Black,Size,M,TWESSIE_EU_BB_0507-Obsidian Black-M,168.0,,10
twessie-eu-bb-0507,Obsidian Black Minimalist Econyl Sleek Satin Bikini Bottom,<p>Crafted in premium Econyl Sleek Satin with Crinkled Seersucker accents. This bikini bottom epitomizes anti-fashion statement luxury. Featuring color-blocking in Obsidian Black and Stone Gray. Perfect for the discerning swimmer who refuses the obvious.</p>,Twessie,Bikini Bottom,"minimalist luxury, high-end swimwear, minimalist bikini bottom, independent fashion, Econyl Sleek Satin bikini",TRUE,Color,Obsidian Black,Size,L,TWESSIE_EU_BB_0507-Obsidian Black-L,168.0,,10
twessie-eu-bb-0507,Obsidian Black Minimalist Econyl Sleek Satin Bikini Bottom,<p>Crafted in premium Econyl Sleek Satin with Crinkled Seersucker accents. This bikini bottom epitomizes anti-fashion statement luxury. Featuring color-blocking in Obsidian Black and Stone Gray. Perfect for the discerning swimmer who refuses the obvious.</p>,Twessie,Bikini Bottom,"minimalist luxury, high-end swimwear, minimalist bikini bottom, independent fashion, Econyl Sleek Satin bikini",TRUE,Color,Obsidian Black,Size,XL,TWESSIE_EU_BB_0507-Obsidian Black-XL,168.0,,10
twessie-eu-bb-0507,Obsidian Black Minimalist Econyl Sleek Satin Bikini Bottom,<p>Crafted in premium Econyl Sleek Satin with Crinkled Seersucker accents. This bikini bottom epitomizes anti-fashion statement luxury. Featuring color-blocking in Obsidian Black and Stone Gray. Perfect for the discerning swimmer who refuses the obvious.</p>,Twessie,Bikini Bottom,"minimalist luxury, high-end swimwear, minimalist bikini bottom, independent fashion, Econyl Sleek Satin bikini",TRUE,Color,Obsidian Black,Size,XXL,TWESSIE_EU_BB_0507-Obsidian Black-XXL,168.0,,10
twessie-eu-bb-0507,Obsidian Black Minimalist Econyl Sleek Satin Bikini Bottom,<p>Crafted in premium Econyl Sleek Satin with Crinkled Seersucker accents. This bikini bottom epitomizes anti-fashion statement luxury. Featuring color-blocking in Obsidian Black and Stone Gray. Perfect for the discerning swimmer who refuses the obvious.</p>,Twessie,Bikini Bottom,"minimalist luxury, high-end swimwear, minimalist bikini bottom, independent fashion, Econyl Sleek Satin bikini",TRUE,Color,Stone Gray,Size,XS,TWESSIE_EU_BB_0507-Stone Gray-XS,168.0,,10
twessie-eu-bb-0507,Obsidian Black Minimalist Econyl Sleek Satin Bikini Bottom,<p>Crafted in premium Econyl Sleek Satin with Crinkled Seersucker accents. This bikini bottom epitomizes anti-fashion statement luxury. Featuring color-blocking in Obsidian Black and Stone Gray. Perfect for the discerning swimmer who refuses the obvious.</p>,Twessie,Bikini Bottom,"minimalist luxury, high-end swimwear, minimalist bikini bottom, independent fashion, Econyl Sleek Satin bikini",TRUE,Color,Stone Gray,Size,S,TWESSIE_EU_BB_0507-Stone Gray-S,168.0,,10
twessie-eu-bb-0507,Obsidian Black Minimalist Econyl Sleek Satin Bikini Bottom,<p>Crafted in premium Econyl Sleek Satin with Crinkled Seersucker accents. This bikini bottom epitomizes anti-fashion statement luxury. Featuring color-blocking in Obsidian Black and Stone Gray. Perfect for the discerning swimmer who refuses the obvious.</p>,Twessie,Bikini Bottom,"minimalist luxury, high-end swimwear, minimalist bikini bottom, independent fashion, Econyl Sleek Satin bikini",TRUE,Color,Stone Gray,Size,M,TWESSIE_EU_BB_0507-Stone Gray-M,168.0,,10
twessie-eu-bb-0507,Obsidian Black Minimalist Econyl Sleek Satin Bikini Bottom,<p>Crafted in premium Econyl Sleek Satin with Crinkled Seersucker accents. This bikini bottom epitomizes anti-fashion statement luxury. Featuring color-blocking in Obsidian Black and Stone Gray. Perfect for the discerning swimmer who refuses the obvious.</p>,Twessie,Bikini Bottom,"minimalist luxury, high-end swimwear, minimalist bikini bottom, independent fashion, Econyl Sleek Satin bikini",TRUE,Color,Stone Gray,Size,L,TWESSIE_EU_BB_0507-Stone Gray-L,168.0,,10
twessie-eu-bb-0507,Obsidian Black Minimalist Econyl Sleek Satin Bikini Bottom,<p>Crafted in premium Econyl Sleek Satin with Crinkled Seersucker accents. This bikini bottom epitomizes anti-fashion statement luxury. Featuring color-blocking in Obsidian Black and Stone Gray. Perfect for the discerning swimmer who refuses the obvious.</p>,Twessie,Bikini Bottom,"minimalist luxury, high-end swimwear, minimalist bikini bottom, independent fashion, Econyl Sleek Satin bikini",TRUE,Color,Stone Gray,Size,XL,TWESSIE_EU_BB_0507-Stone Gray-XL,168.0,,10
twessie-eu-bb-0507,Obsidian Black Minimalist Econyl Sleek Satin Bikini Bottom,<p>Crafted in premium Econyl Sleek Satin with Crinkled Seersucker accents. This bikini bottom epitomizes anti-fashion statement luxury. Featuring color-blocking in Obsidian Black and Stone Gray. Perfect for the discerning swimmer who refuses the obvious.</p>,Twessie,Bikini Bottom,"minimalist luxury, high-end swimwear, minimalist bikini bottom, independent fashion, Econyl Sleek Satin bikini",TRUE,Color,Stone Gray,Size,XXL,TWESSIE_EU_BB_0507-Stone Gray-XXL,168.0,,10
twessie-na-bb-0508,Burnt Terracotta Minimalist Matte Ribbed Knit Bikini Bottom,"<p>Matte Ribbed Knit construction meets architectural precision in this bikini bottom. Designed for the intelligent, independent woman. The Burnt Terracotta colorway with Olive Drab accents creates a sophisticated palette. Pure minimalist luxury elegance.</p>",Twessie,Bikini Bottom,"Matte Ribbed Knit bikini, minimalist bikini bottom, architectural swimsuit, independent fashion, high-end swimwear",TRUE,Color,Burnt Terracotta,Size,XS,TWESSIE_NA_BB_0508-Burnt Terracotta-XS,168.0,,10
twessie-na-bb-0508,Burnt Terracotta Minimalist Matte Ribbed Knit Bikini Bottom,"<p>Matte Ribbed Knit construction meets architectural precision in this bikini bottom. Designed for the intelligent, independent woman. The Burnt Terracotta colorway with Olive Drab accents creates a sophisticated palette. Pure minimalist luxury elegance.</p>",Twessie,Bikini Bottom,"Matte Ribbed Knit bikini, minimalist bikini bottom, architectural swimsuit, independent fashion, high-end swimwear",TRUE,Color,Burnt Terracotta,Size,S,TWESSIE_NA_BB_0508-Burnt Terracotta-S,168.0,,10
twessie-na-bb-0508,Burnt Terracotta Minimalist Matte Ribbed Knit Bikini Bottom,"<p>Matte Ribbed Knit construction meets architectural precision in this bikini bottom. Designed for the intelligent, independent woman. The Burnt Terracotta colorway with Olive Drab accents creates a sophisticated palette. Pure minimalist luxury elegance.</p>",Twessie,Bikini Bottom,"Matte Ribbed Knit bikini, minimalist bikini bottom, architectural swimsuit, independent fashion, high-end swimwear",TRUE,Color,Burnt Terracotta,Size,M,TWESSIE_NA_BB_0508-Burnt Terracotta-M,168.0,,10
twessie-na-bb-0508,Burnt Terracotta Minimalist Matte Ribbed Knit Bikini Bottom,"<p>Matte Ribbed Knit construction meets architectural precision in this bikini bottom. Designed for the intelligent, independent woman. The Burnt Terracotta colorway with Olive Drab accents creates a sophisticated palette. Pure minimalist luxury elegance.</p>",Twessie,Bikini Bottom,"Matte Ribbed Knit bikini, minimalist bikini bottom, architectural swimsuit, independent fashion, high-end swimwear",TRUE,Color,Burnt Terracotta,Size,L,TWESSIE_NA_BB_0508-Burnt Terracotta-L,168.0,,10
twessie-na-bb-0508,Burnt Terracotta Minimalist Matte Ribbed Knit Bikini Bottom,"<p>Matte Ribbed Knit construction meets architectural precision in this bikini bottom. Designed for the intelligent, independent woman. The Burnt Terracotta colorway with Olive Drab accents creates a sophisticated palette. Pure minimalist luxury elegance.</p>",Twessie,Bikini Bottom,"Matte Ribbed Knit bikini, minimalist bikini bottom, architectural swimsuit, independent fashion, high-end swimwear",TRUE,Color,Burnt Terracotta,Size,XL,TWESSIE_NA_BB_0508-Burnt Terracotta-XL,168.0,,10
twessie-na-bb-0508,Burnt Terracotta Minimalist Matte Ribbed Knit Bikini Bottom,"<p>Matte Ribbed Knit construction meets architectural precision in this bikini bottom. Designed for the intelligent, independent woman. The Burnt Terracotta colorway with Olive Drab accents creates a sophisticated palette. Pure minimalist luxury elegance.</p>",Twessie,Bikini Bottom,"Matte Ribbed Knit bikini, minimalist bikini bottom, architectural swimsuit, independent fashion, high-end swimwear",TRUE,Color,Burnt Terracotta,Size,XXL,TWESSIE_NA_BB_0508-Burnt Terracotta-XXL,168.0,,10
twessie-na-bb-0508,Burnt Terracotta Minimalist Matte Ribbed Knit Bikini Bottom,"<p>Matte Ribbed Knit construction meets architectural precision in this bikini bottom. Designed for the intelligent, independent woman. The Burnt Terracotta colorway with Olive Drab accents creates a sophisticated palette. Pure minimalist luxury elegance.</p>",Twessie,Bikini Bottom,"Matte Ribbed Knit bikini, minimalist bikini bottom, architectural swimsuit, independent fashion, high-end swimwear",TRUE,Color,Olive Drab,Size,XS,TWESSIE_NA_BB_0508-Olive Drab-XS,168.0,,10
twessie-na-bb-0508,Burnt Terracotta Minimalist Matte Ribbed Knit Bikini Bottom,"<p>Matte Ribbed Knit construction meets architectural precision in this bikini bottom. Designed for the intelligent, independent woman. The Burnt Terracotta colorway with Olive Drab accents creates a sophisticated palette. Pure minimalist luxury elegance.</p>",Twessie,Bikini Bottom,"Matte Ribbed Knit bikini, minimalist bikini bottom, architectural swimsuit, independent fashion, high-end swimwear",TRUE,Color,Olive Drab,Size,S,TWESSIE_NA_BB_0508-Olive Drab-S,168.0,,10
twessie-na-bb-0508,Burnt Terracotta Minimalist Matte Ribbed Knit Bikini Bottom,"<p>Matte Ribbed Knit construction meets architectural precision in this bikini bottom. Designed for the intelligent, independent woman. The Burnt Terracotta colorway with Olive Drab accents creates a sophisticated palette. Pure minimalist luxury elegance.</p>",Twessie,Bikini Bottom,"Matte Ribbed Knit bikini, minimalist bikini bottom, architectural swimsuit, independent fashion, high-end swimwear",TRUE,Color,Olive Drab,Size,M,TWESSIE_NA_BB_0508-Olive Drab-M,168.0,,10
twessie-na-bb-0508,Burnt Terracotta Minimalist Matte Ribbed Knit Bikini Bottom,"<p>Matte Ribbed Knit construction meets architectural precision in this bikini bottom. Designed for the intelligent, independent woman. The Burnt Terracotta colorway with Olive Drab accents creates a sophisticated palette. Pure minimalist luxury elegance.</p>",Twessie,Bikini Bottom,"Matte Ribbed Knit bikini, minimalist bikini bottom, architectural swimsuit, independent fashion, high-end swimwear",TRUE,Color,Olive Drab,Size,L,TWESSIE_NA_BB_0508-Olive Drab-L,168.0,,10
twessie-na-bb-0508,Burnt Terracotta Minimalist Matte Ribbed Knit Bikini Bottom,"<p>Matte Ribbed Knit construction meets architectural precision in this bikini bottom. Designed for the intelligent, independent woman. The Burnt Terracotta colorway with Olive Drab accents creates a sophisticated palette. Pure minimalist luxury elegance.</p>",Twessie,Bikini Bottom,"Matte Ribbed Knit bikini, minimalist bikini bottom, architectural swimsuit, independent fashion, high-end swimwear",TRUE,Color,Olive Drab,Size,XL,TWESSIE_NA_BB_0508-Olive Drab-XL,168.0,,10
twessie-na-bb-0508,Burnt Terracotta Minimalist Matte Ribbed Knit Bikini Bottom,"<p>Matte Ribbed Knit construction meets architectural precision in this bikini bottom. Designed for the intelligent, independent woman. The Burnt Terracotta colorway with Olive Drab accents creates a sophisticated palette. Pure minimalist luxury elegance.</p>",Twessie,Bikini Bottom,"Matte Ribbed Knit bikini, minimalist bikini bottom, architectural swimsuit, independent fashion, high-end swimwear",TRUE,Color,Olive Drab,Size,XXL,TWESSIE_NA_BB_0508-Olive Drab-XXL,168.0,,10
twessie-na-op-0509,High-Fashion Stone Gray One-Piece Suit,"<p>Crinkled Seersucker construction meets architectural precision in this one-piece. Designed for the intelligent, independent woman. The Stone Gray colorway with Chalk White accents creates a sophisticated palette. Pure rebellious yet refined elegance.</p>",Twessie,One-Piece,"high-end swimwear, independent fashion, minimalist one-piece, luxury Stone Gray swimwear, architectural swimsuit",TRUE,Color,Stone Gray,Size,XS,TWESSIE_NA_OP_0509-Stone Gray-XS,168.0,,10
twessie-na-op-0509,High-Fashion Stone Gray One-Piece Suit,"<p>Crinkled Seersucker construction meets architectural precision in this one-piece. Designed for the intelligent, independent woman. The Stone Gray colorway with Chalk White accents creates a sophisticated palette. Pure rebellious yet refined elegance.</p>",Twessie,One-Piece,"high-end swimwear, independent fashion, minimalist one-piece, luxury Stone Gray swimwear, architectural swimsuit",TRUE,Color,Stone Gray,Size,S,TWESSIE_NA_OP_0509-Stone Gray-S,168.0,,10
twessie-na-op-0509,High-Fashion Stone Gray One-Piece Suit,"<p>Crinkled Seersucker construction meets architectural precision in this one-piece. Designed for the intelligent, independent woman. The Stone Gray colorway with Chalk White accents creates a sophisticated palette. Pure rebellious yet refined elegance.</p>",Twessie,One-Piece,"high-end swimwear, independent fashion, minimalist one-piece, luxury Stone Gray swimwear, architectural swimsuit",TRUE,Color,Stone Gray,Size,M,TWESSIE_NA_OP_0509-Stone Gray-M,168.0,,10
twessie-na-op-0509,High-Fashion Stone Gray One-Piece Suit,"<p>Crinkled Seersucker construction meets architectural precision in this one-piece. Designed for the intelligent, independent woman. The Stone Gray colorway with Chalk White accents creates a sophisticated palette. Pure rebellious yet refined elegance.</p>",Twessie,One-Piece,"high-end swimwear, independent fashion, minimalist one-piece, luxury Stone Gray swimwear, architectural swimsuit",TRUE,Color,Stone Gray,Size,L,TWESSIE_NA_OP_0509-Stone Gray-L,168.0,,10
twessie-na-op-0509,High-Fashion Stone Gray One-Piece Suit,"<p>Crinkled Seersucker construction meets architectural precision in this one-piece. Designed for the intelligent, independent woman. The Stone Gray colorway with Chalk White accents creates a sophisticated palette. Pure rebellious yet refined elegance.</p>",Twessie,One-Piece,"high-end swimwear, independent fashion, minimalist one-piece, luxury Stone Gray swimwear, architectural swimsuit",TRUE,Color,Stone Gray,Size,XL,TWESSIE_NA_OP_0509-Stone Gray-XL,168.0,,10
twessie-na-op-0509,High-Fashion Stone Gray One-Piece Suit,"<p>Crinkled Seersucker construction meets architectural precision in this one-piece. Designed for the intelligent, independent woman. The Stone Gray colorway with Chalk White accents creates a sophisticated palette. Pure rebellious yet refined elegance.</p>",Twessie,One-Piece,"high-end swimwear, independent fashion, minimalist one-piece, luxury Stone Gray swimwear, architectural swimsuit",TRUE,Color,Stone Gray,Size,XXL,TWESSIE_NA_OP_0509-Stone Gray-XXL,168.0,,10
twessie-na-op-0509,High-Fashion Stone Gray One-Piece Suit,"<p>Crinkled Seersucker construction meets architectural precision in this one-piece. Designed for the intelligent, independent woman. The Stone Gray colorway with Chalk White accents creates a sophisticated palette. Pure rebellious yet refined elegance.</p>",Twessie,One-Piece,"high-end swimwear, independent fashion, minimalist one-piece, luxury Stone Gray swimwear, architectural swimsuit",TRUE,Color,Chalk White,Size,XS,TWESSIE_NA_OP_0509-Chalk White-XS,168.0,,10
twessie-na-op-0509,High-Fashion Stone Gray One-Piece Suit,"<p>Crinkled Seersucker construction meets architectural precision in this one-piece. Designed for the intelligent, independent woman. The Stone Gray colorway with Chalk White accents creates a sophisticated palette. Pure rebellious yet refined elegance.</p>",Twessie,One-Piece,"high-end swimwear, independent fashion, minimalist one-piece, luxury Stone Gray swimwear, architectural swimsuit",TRUE,Color,Chalk White,Size,S,TWESSIE_NA_OP_0509-Chalk White-S,168.0,,10
twessie-na-op-0509,High-Fashion Stone Gray One-Piece Suit,"<p>Crinkled Seersucker construction meets architectural precision in this one-piece. Designed for the intelligent, independent woman. The Stone Gray colorway with Chalk White accents creates a sophisticated palette. Pure rebellious yet refined elegance.</p>",Twessie,One-Piece,"high-end swimwear, independent fashion, minimalist one-piece, luxury Stone Gray swimwear, architectural swimsuit",TRUE,Color,Chalk White,Size,M,TWESSIE_NA_OP_0509-Chalk White-M,168.0,,10
twessie-na-op-0509,High-Fashion Stone Gray One-Piece Suit,"<p>Crinkled Seersucker construction meets architectural precision in this one-piece. Designed for the intelligent, independent woman. The Stone Gray colorway with Chalk White accents creates a sophisticated palette. Pure rebellious yet refined elegance.</p>",Twessie,One-Piece,"high-end swimwear, independent fashion, minimalist one-piece, luxury Stone Gray swimwear, architectural swimsuit",TRUE,Color,Chalk White,Size,L,TWESSIE_NA_OP_0509-Chalk White-L,168.0,,10
twessie-na-op-0509,High-Fashion Stone Gray One-Piece Suit,"<p>Crinkled Seersucker construction meets architectural precision in this one-piece. Designed for the intelligent, independent woman. The Stone Gray colorway with Chalk White accents creates a sophisticated palette. Pure rebellious yet refined elegance.</p>",Twessie,One-Piece,"high-end swimwear, independent fashion, minimalist one-piece, luxury Stone Gray swimwear, architectural swimsuit",TRUE,Color,Chalk White,Size,XL,TWESSIE_NA_OP_0509-Chalk White-XL,168.0,,10
twessie-na-op-0509,High-Fashion Stone Gray One-Piece Suit,"<p>Crinkled Seersucker construction meets architectural precision in this one-piece. Designed for the intelligent, independent woman. The Stone Gray colorway with Chalk White accents creates a sophisticated palette. Pure rebellious yet refined elegance.</p>",Twessie,One-Piece,"high-end swimwear, independent fashion, minimalist one-piece, luxury Stone Gray swimwear, architectural swimsuit",TRUE,Color,Chalk White,Size,XXL,TWESSIE_NA_OP_0509-Chalk White-XXL,168.0,,10
twessie-eu-bb-0510,Structural Econyl Sleek Satin Bikini Bottom,"<p>Econyl Sleek Satin construction meets architectural precision in this bikini bottom. Designed for the intelligent, independent woman. The Obsidian Black colorway with Stone Gray accents creates a sophisticated palette. Pure intelligent aesthetic elegance.</p>",Twessie,Bikini Bottom,"independent fashion, minimalist luxury, Econyl Sleek Satin bikini, luxury Obsidian Black swimwear, architectural swimsuit",TRUE,Color,Obsidian Black,Size,XS,TWESSIE_EU_BB_0510-Obsidian Black-XS,168.0,,10
twessie-eu-bb-0510,Structural Econyl Sleek Satin Bikini Bottom,"<p>Econyl Sleek Satin construction meets architectural precision in this bikini bottom. Designed for the intelligent, independent woman. The Obsidian Black colorway with Stone Gray accents creates a sophisticated palette. Pure intelligent aesthetic elegance.</p>",Twessie,Bikini Bottom,"independent fashion, minimalist luxury, Econyl Sleek Satin bikini, luxury Obsidian Black swimwear, architectural swimsuit",TRUE,Color,Obsidian Black,Size,S,TWESSIE_EU_BB_0510-Obsidian Black-S,168.0,,10
twessie-eu-bb-0510,Structural Econyl Sleek Satin Bikini Bottom,"<p>Econyl Sleek Satin construction meets architectural precision in this bikini bottom. Designed for the intelligent, independent woman. The Obsidian Black colorway with Stone Gray accents creates a sophisticated palette. Pure intelligent aesthetic elegance.</p>",Twessie,Bikini Bottom,"independent fashion, minimalist luxury, Econyl Sleek Satin bikini, luxury Obsidian Black swimwear, architectural swimsuit",TRUE,Color,Obsidian Black,Size,M,TWESSIE_EU_BB_0510-Obsidian Black-M,168.0,,10
twessie-eu-bb-0510,Structural Econyl Sleek Satin Bikini Bottom,"<p>Econyl Sleek Satin construction meets architectural precision in this bikini bottom. Designed for the intelligent, independent woman. The Obsidian Black colorway with Stone Gray accents creates a sophisticated palette. Pure intelligent aesthetic elegance.</p>",Twessie,Bikini Bottom,"independent fashion, minimalist luxury, Econyl Sleek Satin bikini, luxury Obsidian Black swimwear, architectural swimsuit",TRUE,Color,Obsidian Black,Size,L,TWESSIE_EU_BB_0510-Obsidian Black-L,168.0,,10
twessie-eu-bb-0510,Structural Econyl Sleek Satin Bikini Bottom,"<p>Econyl Sleek Satin construction meets architectural precision in this bikini bottom. Designed for the intelligent, independent woman. The Obsidian Black colorway with Stone Gray accents creates a sophisticated palette. Pure intelligent aesthetic elegance.</p>",Twessie,Bikini Bottom,"independent fashion, minimalist luxury, Econyl Sleek Satin bikini, luxury Obsidian Black swimwear, architectural swimsuit",TRUE,Color,Obsidian Black,Size,XL,TWESSIE_EU_BB_0510-Obsidian Black-XL,168.0,,10
twessie-eu-bb-0510,Structural Econyl Sleek Satin Bikini Bottom,"<p>Econyl Sleek Satin construction meets architectural precision in this bikini bottom. Designed for the intelligent, independent woman. The Obsidian Black colorway with Stone Gray accents creates a sophisticated palette. Pure intelligent aesthetic elegance.</p>",Twessie,Bikini Bottom,"independent fashion, minimalist luxury, Econyl Sleek Satin bikini, luxury Obsidian Black swimwear, architectural swimsuit",TRUE,Color,Obsidian Black,Size,XXL,TWESSIE_EU_BB_0510-Obsidian Black-XXL,168.0,,10
twessie-eu-bb-0510,Structural Econyl Sleek Satin Bikini Bottom,"<p>Econyl Sleek Satin construction meets architectural precision in this bikini bottom. Designed for the intelligent, independent woman. The Obsidian Black colorway with Stone Gray accents creates a sophisticated palette. Pure intelligent aesthetic elegance.</p>",Twessie,Bikini Bottom,"independent fashion, minimalist luxury, Econyl Sleek Satin bikini, luxury Obsidian Black swimwear, architectural swimsuit",TRUE,Color,Stone Gray,Size,XS,TWESSIE_EU_BB_0510-Stone Gray-XS,168.0,,10
twessie-eu-bb-0510,Structural Econyl Sleek Satin Bikini Bottom,"<p>Econyl Sleek Satin construction meets architectural precision in this bikini bottom. Designed for the intelligent, independent woman. The Obsidian Black colorway with Stone Gray accents creates a sophisticated palette. Pure intelligent aesthetic elegance.</p>",Twessie,Bikini Bottom,"independent fashion, minimalist luxury, Econyl Sleek Satin bikini, luxury Obsidian Black swimwear, architectural swimsuit",TRUE,Color,Stone Gray,Size,S,TWESSIE_EU_BB_0510-Stone Gray-S,168.0,,10
twessie-eu-bb-0510,Structural Econyl Sleek Satin Bikini Bottom,"<p>Econyl Sleek Satin construction meets architectural precision in this bikini bottom. Designed for the intelligent, independent woman. The Obsidian Black colorway with Stone Gray accents creates a sophisticated palette. Pure intelligent aesthetic elegance.</p>",Twessie,Bikini Bottom,"independent fashion, minimalist luxury, Econyl Sleek Satin bikini, luxury Obsidian Black swimwear, architectural swimsuit",TRUE,Color,Stone Gray,Size,M,TWESSIE_EU_BB_0510-Stone Gray-M,168.0,,10
twessie-eu-bb-0510,Structural Econyl Sleek Satin Bikini Bottom,"<p>Econyl Sleek Satin construction meets architectural precision in this bikini bottom. Designed for the intelligent, independent woman. The Obsidian Black colorway with Stone Gray accents creates a sophisticated palette. Pure intelligent aesthetic elegance.</p>",Twessie,Bikini Bottom,"independent fashion, minimalist luxury, Econyl Sleek Satin bikini, luxury Obsidian Black swimwear, architectural swimsuit",TRUE,Color,Stone Gray,Size,L,TWESSIE_EU_BB_0510-Stone Gray-L,168.0,,10
twessie-eu-bb-0510,Structural Econyl Sleek Satin Bikini Bottom,"<p>Econyl Sleek Satin construction meets architectural precision in this bikini bottom. Designed for the intelligent, independent woman. The Obsidian Black colorway with Stone Gray accents creates a sophisticated palette. Pure intelligent aesthetic elegance.</p>",Twessie,Bikini Bottom,"independent fashion, minimalist luxury, Econyl Sleek Satin bikini, luxury Obsidian Black swimwear, architectural swimsuit",TRUE,Color,Stone Gray,Size,XL,TWESSIE_EU_BB_0510-Stone Gray-XL,168.0,,10
twessie-eu-bb-0510,Structural Econyl Sleek Satin Bikini Bottom,"<p>Econyl Sleek Satin construction meets architectural precision in this bikini bottom. Designed for the intelligent, independent woman. The Obsidian Black colorway with Stone Gray accents creates a sophisticated palette. Pure intelligent aesthetic elegance.</p>",Twessie,Bikini Bottom,"independent fashion, minimalist luxury, Econyl Sleek Satin bikini, luxury Obsidian Black swimwear, architectural swimsuit",TRUE,Color,Stone Gray,Size,XXL,TWESSIE_EU_BB_0510-Stone Gray-XXL,168.0,,10
