Handle,Title,Body (HTML),Vendor,Product Type,Tags,Published,Option1 Name,Option1 Value,Option2 Name,Option2 Value,Variant SKU,Variant Price,Variant Compare At Price,Variant Inventory Qty
twessie-na-bb-0101,High-Cut Burnt Terracotta Bikini Brief,<p>A statement piece in Matte Ribbed Knit. This bikini bottom combines architectural elegance design with impeccable craftsmanship. Available in Burnt Terracotta with Olive Drab detailing. Not loud. Not obvious. Unmistakably Twessie.</p>,Twessie,Bikini Bottom,"minimalist bikini bottom, Matte Ribbed Knit bikini, architectural swimsuit, luxury Burnt Terracotta swimwear, minimalist luxury",TRUE,Color,Burnt Terracotta,Size,XS,TWESSIE_NA_BB_0101-Burnt Terracotta-XS,168.0,,10
twessie-na-bb-0101,High-Cut Burnt Terracotta Bikini Brief,<p>A statement piece in Matte Ribbed Knit. This bikini bottom combines architectural elegance design with impeccable craftsmanship. Available in Burnt Terracotta with Olive Drab detailing. Not loud. Not obvious. Unmistakably Twessie.</p>,Twessie,Bikini Bottom,"minimalist bikini bottom, Matte Ribbed Knit bikini, architectural swimsuit, luxury Burnt Terracotta swimwear, minimalist luxury",TRUE,Color,Burnt Terracotta,Size,S,TWESSIE_NA_BB_0101-Burnt Terracotta-S,168.0,,10
twessie-na-bb-0101,High-Cut Burnt Terracotta Bikini Brief,<p>A statement piece in Matte Ribbed Knit. This bikini bottom combines architectural elegance design with impeccable craftsmanship. Available in Burnt Terracotta with Olive Drab detailing. Not loud. Not obvious. Unmistakably Twessie.</p>,Twessie,Bikini Bottom,"minimalist bikini bottom, Matte Ribbed Knit bikini, architectural swimsuit, luxury Burnt Terracotta swimwear, minimalist luxury",TRUE,Color,Burnt Terracotta,Size,M,TWESSIE_NA_BB_0101-Burnt Terracotta-M,168.0,,10
twessie-na-bb-0101,High-Cut Burnt Terracotta Bikini Brief,<p>A statement piece in Matte Ribbed Knit. This bikini bottom combines architectural elegance design with impeccable craftsmanship. Available in Burnt Terracotta with Olive Drab detailing. Not loud. Not obvious. Unmistakably Twessie.</p>,Twessie,Bikini Bottom,"minimalist bikini bottom, Matte Ribbed Knit bikini, architectural swimsuit, luxury Burnt Terracotta swimwear, minimalist luxury",TRUE,Color,Burnt Terracotta,Size,L,TWESSIE_NA_BB_0101-Burnt Terracotta-L,168.0,,10
twessie-na-bb-0101,High-Cut Burnt Terracotta Bikini Brief,<p>A statement piece in Matte Ribbed Knit. This bikini bottom combines architectural elegance design with impeccable craftsmanship. Available in Burnt Terracotta with Olive Drab detailing. Not loud. Not obvious. Unmistakably Twessie.</p>,Twessie,Bikini Bottom,"minimalist bikini bottom, Matte Ribbed Knit bikini, architectural swimsuit, luxury Burnt Terracotta swimwear, minimalist luxury",TRUE,Color,Burnt Terracotta,Size,XL,TWESSIE_NA_BB_0101-Burnt Terracotta-XL,168.0,,10
twessie-na-bb-0101,High-Cut Burnt Terracotta Bikini Brief,<p>A statement piece in Matte Ribbed Knit. This bikini bottom combines architectural elegance design with impeccable craftsmanship. Available in Burnt Terracotta with Olive Drab detailing. Not loud. Not obvious. Unmistakably Twessie.</p>,Twessie,Bikini Bottom,"minimalist bikini bottom, Matte Ribbed Knit bikini, architectural swimsuit, luxury Burnt Terracotta swimwear, minimalist luxury",TRUE,Color,Burnt Terracotta,Size,XXL,TWESSIE_NA_BB_0101-Burnt Terracotta-XXL,168.0,,10
twessie-na-bb-0101,High-Cut Burnt Terracotta Bikini Brief,<p>A statement piece in Matte Ribbed Knit. This bikini bottom combines architectural elegance design with impeccable craftsmanship. Available in Burnt Terracotta with Olive Drab detailing. Not loud. Not obvious. Unmistakably Twessie.</p>,Twessie,Bikini Bottom,"minimalist bikini bottom, Matte Ribbed Knit bikini, architectural swimsuit, luxury Burnt Terracotta swimwear, minimalist luxury",TRUE,Color,Olive Drab,Size,XS,TWESSIE_NA_BB_0101-Olive Drab-XS,168.0,,10
twessie-na-bb-0101,High-Cut Burnt Terracotta Bikini Brief,<p>A statement piece in Matte Ribbed Knit. This bikini bottom combines architectural elegance design with impeccable craftsmanship. Available in Burnt Terracotta with Olive Drab detailing. Not loud. Not obvious. Unmistakably Twessie.</p>,Twessie,Bikini Bottom,"minimalist bikini bottom, Matte Ribbed Knit bikini, architectural swimsuit, luxury Burnt Terracotta swimwear, minimalist luxury",TRUE,Color,Olive Drab,Size,S,TWESSIE_NA_BB_0101-Olive Drab-S,168.0,,10
twessie-na-bb-0101,High-Cut Burnt Terracotta Bikini Brief,<p>A statement piece in Matte Ribbed Knit. This bikini bottom combines architectural elegance design with impeccable craftsmanship. Available in Burnt Terracotta with Olive Drab detailing. Not loud. Not obvious. Unmistakably Twessie.</p>,Twessie,Bikini Bottom,"minimalist bikini bottom, Matte Ribbed Knit bikini, architectural swimsuit, luxury Burnt Terracotta swimwear, minimalist luxury",TRUE,Color,Olive Drab,Size,M,TWESSIE_NA_BB_0101-Olive Drab-M,168.0,,10
twessie-na-bb-0101,High-Cut Burnt Terracotta Bikini Brief,<p>A statement piece in Matte Ribbed Knit. This bikini bottom combines architectural elegance design with impeccable craftsmanship. Available in Burnt Terracotta with Olive Drab detailing. Not loud. Not obvious. Unmistakably Twessie.</p>,Twessie,Bikini Bottom,"minimalist bikini bottom, Matte Ribbed Knit bikini, architectural swimsuit, luxury Burnt Terracotta swimwear, minimalist luxury",TRUE,Color,Olive Drab,Size,L,TWESSIE_NA_BB_0101-Olive Drab-L,168.0,,10
twessie-na-bb-0101,High-Cut Burnt Terracotta Bikini Brief,<p>A statement piece in Matte Ribbed Knit. This bikini bottom combines architectural elegance design with impeccable craftsmanship. Available in Burnt Terracotta with Olive Drab detailing. Not loud. Not obvious. Unmistakably Twessie.</p>,Twessie,Bikini Bottom,"minimalist bikini bottom, Matte Ribbed Knit bikini, architectural swimsuit, luxury Burnt Terracotta swimwear, minimalist luxury",TRUE,Color,Olive Drab,Size,XL,TWESSIE_NA_BB_0101-Olive Drab-XL,168.0,,10
twessie-na-bb-0101,High-Cut Burnt Terracotta Bikini Brief,<p>A statement piece in Matte Ribbed Knit. This bikini bottom combines architectural elegance design with impeccable craftsmanship. Available in Burnt Terracotta with Olive Drab detailing. Not loud. Not obvious. Unmistakably Twessie.</p>,Twessie,Bikini Bottom,"minimalist bikini bottom, Matte Ribbed Knit bikini, architectural swimsuit, luxury Burnt Terracotta swimwear, minimalist luxury",TRUE,Color,Olive Drab,Size,XXL,TWESSIE_NA_BB_0101-Olive Drab-XXL,168.0,,10
twessie-sg-op-0102,High-Fashion Olive Drab One-Piece Suit,"<p>Matte Ribbed Knit construction meets architectural precision in this one-piece. Designed for the intelligent, independent woman. The Olive Drab colorway with Burnt Terracotta accents creates a sophisticated palette. Pure rebellious yet refined elegance.</p>",Twessie,One-Piece,"luxury Olive Drab swimwear, Matte Ribbed Knit bikini, minimalist luxury, high-end swimwear, independent fashion",TRUE,Color,Olive Drab,Size,XS,TWESSIE_SG_OP_0102-Olive Drab-XS,168.0,,10
twessie-sg-op-0102,High-Fashion Olive Drab One-Piece Suit,"<p>Matte Ribbed Knit construction meets architectural precision in this one-piece. Designed for the intelligent, independent woman. The Olive Drab colorway with Burnt Terracotta accents creates a sophisticated palette. Pure rebellious yet refined elegance.</p>",Twessie,One-Piece,"luxury Olive Drab swimwear, Matte Ribbed Knit bikini, minimalist luxury, high-end swimwear, independent fashion",TRUE,Color,Olive Drab,Size,S,TWESSIE_SG_OP_0102-Olive Drab-S,168.0,,10
twessie-sg-op-0102,High-Fashion Olive Drab One-Piece Suit,"<p>Matte Ribbed Knit construction meets architectural precision in this one-piece. Designed for the intelligent, independent woman. The Olive Drab colorway with Burnt Terracotta accents creates a sophisticated palette. Pure rebellious yet refined elegance.</p>",Twessie,One-Piece,"luxury Olive Drab swimwear, Matte Ribbed Knit bikini, minimalist luxury, high-end swimwear, independent fashion",TRUE,Color,Olive Drab,Size,M,TWESSIE_SG_OP_0102-Olive Drab-M,168.0,,10
twessie-sg-op-0102,High-Fashion Olive Drab One-Piece Suit,"<p>Matte Ribbed Knit construction meets architectural precision in this one-piece. Designed for the intelligent, independent woman. The Olive Drab colorway with Burnt Terracotta accents creates a sophisticated palette. Pure rebellious yet refined elegance.</p>",Twessie,One-Piece,"luxury Olive Drab swimwear, Matte Ribbed Knit bikini, minimalist luxury, high-end swimwear, independent fashion",TRUE,Color,Olive Drab,Size,L,TWESSIE_SG_OP_0102-Olive Drab-L,168.0,,10
twessie-sg-op-0102,High-Fashion Olive Drab One-Piece Suit,"<p>Matte Ribbed Knit construction meets architectural precision in this one-piece. Designed for the intelligent, independent woman. The Olive Drab colorway with Burnt Terracotta accents creates a sophisticated palette. Pure rebellious yet refined elegance.</p>",Twessie,One-Piece,"luxury Olive Drab swimwear, Matte Ribbed Knit bikini, minimalist luxury, high-end swimwear, independent fashion",TRUE,Color,Olive Drab,Size,XL,TWESSIE_SG_OP_0102-Olive Drab-XL,168.0,,10
twessie-sg-op-0102,High-Fashion Olive Drab One-Piece Suit,"<p>Matte Ribbed Knit construction meets architectural precision in this one-piece. Designed for the intelligent, independent woman. The Olive Drab colorway with Burnt Terracotta accents creates a sophisticated palette. Pure rebellious yet refined elegance.</p>",Twessie,One-Piece,"luxury Olive Drab swimwear, Matte Ribbed Knit bikini, minimalist luxury, high-end swimwear, independent fashion",TRUE,Color,Olive Drab,Size,XXL,TWESSIE_SG_OP_0102-Olive Drab-XXL,168.0,,10
twessie-sg-op-0102,High-Fashion Olive Drab One-Piece Suit,"<p>Matte Ribbed Knit construction meets architectural precision in this one-piece. Designed for the intelligent, independent woman. The Olive Drab colorway with Burnt Terracotta accents creates a sophisticated palette. Pure rebellious yet refined elegance.</p>",Twessie,One-Piece,"luxury Olive Drab swimwear, Matte Ribbed Knit bikini, minimalist luxury, high-end swimwear, independent fashion",TRUE,Color,Burnt Terracotta,Size,XS,TWESSIE_SG_OP_0102-Burnt Terracotta-XS,168.0,,10
twessie-sg-op-0102,High-Fashion Olive Drab One-Piece Suit,"<p>Matte Ribbed Knit construction meets architectural precision in this one-piece. Designed for the intelligent, independent woman. The Olive Drab colorway with Burnt Terracotta accents creates a sophisticated palette. Pure rebellious yet refined elegance.</p>",Twessie,One-Piece,"luxury Olive Drab swimwear, Matte Ribbed Knit bikini, minimalist luxury, high-end swimwear, independent fashion",TRUE,Color,Burnt Terracotta,Size,S,TWESSIE_SG_OP_0102-Burnt Terracotta-S,168.0,,10
twessie-sg-op-0102,High-Fashion Olive Drab One-Piece Suit,"<p>Matte Ribbed Knit construction meets architectural precision in this one-piece. Designed for the intelligent, independent woman. The Olive Drab colorway with Burnt Terracotta accents creates a sophisticated palette. Pure rebellious yet refined elegance.</p>",Twessie,One-Piece,"luxury Olive Drab swimwear, Matte Ribbed Knit bikini, minimalist luxury, high-end swimwear, independent fashion",TRUE,Color,Burnt Terracotta,Size,M,TWESSIE_SG_OP_0102-Burnt Terracotta-M,168.0,,10
twessie-sg-op-0102,High-Fashion Olive Drab One-Piece Suit,"<p>Matte Ribbed Knit construction meets architectural precision in this one-piece. Designed for the intelligent, independent woman. The Olive Drab colorway with Burnt Terracotta accents creates a sophisticated palette. Pure rebellious yet refined elegance.</p>",Twessie,One-Piece,"luxury Olive Drab swimwear, Matte Ribbed Knit bikini, minimalist luxury, high-end swimwear, independent fashion",TRUE,Color,Burnt Terracotta,Size,L,TWESSIE_SG_OP_0102-Burnt Terracotta-L,168.0,,10
twessie-sg-op-0102,High-Fashion Olive Drab One-Piece Suit,"<p>Matte Ribbed Knit construction meets architectural precision in this one-piece. Designed for the intelligent, independent woman. The Olive Drab colorway with Burnt Terracotta accents creates a sophisticated palette. Pure rebellious yet refined elegance.</p>",Twessie,One-Piece,"luxury Olive Drab swimwear, Matte Ribbed Knit bikini, minimalist luxury, high-end swimwear, independent fashion",TRUE,Color,Burnt Terracotta,Size,XL,TWESSIE_SG_OP_0102-Burnt Terracotta-XL,168.0,,10
twessie-sg-op-0102,High-Fashion Olive Drab One-Piece Suit,"<p>Matte Ribbed Knit construction meets architectural precision in this one-piece. Designed for the intelligent, independent woman. The Olive Drab colorway with Burnt Terracotta accents creates a sophisticated palette. Pure rebellious yet refined elegance.</p>",Twessie,One-Piece,"luxury Olive Drab swimwear, Matte Ribbed Knit bikini, minimalist luxury, high-end swimwear, independent fashion",TRUE,Color,Burnt Terracotta,Size,XXL,TWESSIE_SG_OP_0102-Burnt Terracotta-XXL,168.0,,10
twessie-au-bb-0103,Raw-Edge Burnt Terracotta Bikini Bottom,<p>A statement piece in Matte Ribbed Knit. This bikini bottom combines rebellious yet refined design with impeccable craftsmanship. Available in Burnt Terracotta with Olive Drab detailing. Not loud. Not obvious. Unmistakably Twessie.</p>,Twessie,Bikini Bottom,"minimalist bikini bottom, minimalist luxury, Matte Ribbed Knit bikini, luxury Burnt Terracotta swimwear, independent fashion",TRUE,Color,Burnt Terracotta,Size,XS,TWESSIE_AU_BB_0103-Burnt Terracotta-XS,168.0,,10
twessie-au-bb-0103,Raw-Edge Burnt Terracotta Bikini Bottom,<p>A statement piece in Matte Ribbed Knit. This bikini bottom combines rebellious yet refined design with impeccable craftsmanship. Available in Burnt Terracotta with Olive Drab detailing. Not loud. Not obvious. Unmistakably Twessie.</p>,Twessie,Bikini Bottom,"minimalist bikini bottom, minimalist luxury, Matte Ribbed Knit bikini, luxury Burnt Terracotta swimwear, independent fashion",TRUE,Color,Burnt Terracotta,Size,S,TWESSIE_AU_BB_0103-Burnt Terracotta-S,168.0,,10
twessie-au-bb-0103,Raw-Edge Burnt Terracotta Bikini Bottom,<p>A statement piece in Matte Ribbed Knit. This bikini bottom combines rebellious yet refined design with impeccable craftsmanship. Available in Burnt Terracotta with Olive Drab detailing. Not loud. Not obvious. Unmistakably Twessie.</p>,Twessie,Bikini Bottom,"minimalist bikini bottom, minimalist luxury, Matte Ribbed Knit bikini, luxury Burnt Terracotta swimwear, independent fashion",TRUE,Color,Burnt Terracotta,Size,M,TWESSIE_AU_BB_0103-Burnt Terracotta-M,168.0,,10
twessie-au-bb-0103,Raw-Edge Burnt Terracotta Bikini Bottom,<p>A statement piece in Matte Ribbed Knit. This bikini bottom combines rebellious yet refined design with impeccable craftsmanship. Available in Burnt Terracotta with Olive Drab detailing. Not loud. Not obvious. Unmistakably Twessie.</p>,Twessie,Bikini Bottom,"minimalist bikini bottom, minimalist luxury, Matte Ribbed Knit bikini, luxury Burnt Terracotta swimwear, independent fashion",TRUE,Color,Burnt Terracotta,Size,L,TWESSIE_AU_BB_0103-Burnt Terracotta-L,168.0,,10
twessie-au-bb-0103,Raw-Edge Burnt Terracotta Bikini Bottom,<p>A statement piece in Matte Ribbed Knit. This bikini bottom combines rebellious yet refined design with impeccable craftsmanship. Available in Burnt Terracotta with Olive Drab detailing. Not loud. Not obvious. Unmistakably Twessie.</p>,Twessie,Bikini Bottom,"minimalist bikini bottom, minimalist luxury, Matte Ribbed Knit bikini, luxury Burnt Terracotta swimwear, independent fashion",TRUE,Color,Burnt Terracotta,Size,XL,TWESSIE_AU_BB_0103-Burnt Terracotta-XL,168.0,,10
twessie-au-bb-0103,Raw-Edge Burnt Terracotta Bikini Bottom,<p>A statement piece in Matte Ribbed Knit. This bikini bottom combines rebellious yet refined design with impeccable craftsmanship. Available in Burnt Terracotta with Olive Drab detailing. Not loud. Not obvious. Unmistakably Twessie.</p>,Twessie,Bikini Bottom,"minimalist bikini bottom, minimalist luxury, Matte Ribbed Knit bikini, luxury Burnt Terracotta swimwear, independent fashion",TRUE,Color,Burnt Terracotta,Size,XXL,TWESSIE_AU_BB_0103-Burnt Terracotta-XXL,168.0,,10
twessie-au-bb-0103,Raw-Edge Burnt Terracotta Bikini Bottom,<p>A statement piece in Matte Ribbed Knit. This bikini bottom combines rebellious yet refined design with impeccable craftsmanship. Available in Burnt Terracotta with Olive Drab detailing. Not loud. Not obvious. Unmistakably Twessie.</p>,Twessie,Bikini Bottom,"minimalist bikini bottom, minimalist luxury, Matte Ribbed Knit bikini, luxury Burnt Terracotta swimwear, independent fashion",TRUE,Color,Olive Drab,Size,XS,TWESSIE_AU_BB_0103-Olive Drab-XS,168.0,,10
twessie-au-bb-0103,Raw-Edge Burnt Terracotta Bikini Bottom,<p>A statement piece in Matte Ribbed Knit. This bikini bottom combines rebellious yet refined design with impeccable craftsmanship. Available in Burnt Terracotta with Olive Drab detailing. Not loud. Not obvious. Unmistakably Twessie.</p>,Twessie,Bikini Bottom,"minimalist bikini bottom, minimalist luxury, Matte Ribbed Knit bikini, luxury Burnt Terracotta swimwear, independent fashion",TRUE,Color,Olive Drab,Size,S,TWESSIE_AU_BB_0103-Olive Drab-S,168.0,,10
twessie-au-bb-0103,Raw-Edge Burnt Terracotta Bikini Bottom,<p>A statement piece in Matte Ribbed Knit. This bikini bottom combines rebellious yet refined design with impeccable craftsmanship. Available in Burnt Terracotta with Olive Drab detailing. Not loud. Not obvious. Unmistakably Twessie.</p>,Twessie,Bikini Bottom,"minimalist bikini bottom, minimalist luxury, Matte Ribbed Knit bikini, luxury Burnt Terracotta swimwear, independent fashion",TRUE,Color,Olive Drab,Size,M,TWESSIE_AU_BB_0103-Olive Drab-M,168.0,,10
twessie-au-bb-0103,Raw-Edge Burnt Terracotta Bikini Bottom,<p>A statement piece in Matte Ribbed Knit. This bikini bottom combines rebellious yet refined design with impeccable craftsmanship. Available in Burnt Terracotta with Olive Drab detailing. Not loud. Not obvious. Unmistakably Twessie.</p>,Twessie,Bikini Bottom,"minimalist bikini bottom, minimalist luxury, Matte Ribbed Knit bikini, luxury Burnt Terracotta swimwear, independent fashion",TRUE,Color,Olive Drab,Size,L,TWESSIE_AU_BB_0103-Olive Drab-L,168.0,,10
twessie-au-bb-0103,Raw-Edge Burnt Terracotta Bikini Bottom,<p>A statement piece in Matte Ribbed Knit. This bikini bottom combines rebellious yet refined design with impeccable craftsmanship. Available in Burnt Terracotta with Olive Drab detailing. Not loud. Not obvious. Unmistakably Twessie.</p>,Twessie,Bikini Bottom,"minimalist bikini bottom, minimalist luxury, Matte Ribbed Knit bikini, luxury Burnt Terracotta swimwear, independent fashion",TRUE,Color,Olive Drab,Size,XL,TWESSIE_AU_BB_0103-Olive Drab-XL,168.0,,10
twessie-au-bb-0103,Raw-Edge Burnt Terracotta Bikini Bottom,<p>A statement piece in Matte Ribbed Knit. This bikini bottom combines rebellious yet refined design with impeccable craftsmanship. Available in Burnt Terracotta with Olive Drab detailing. Not loud. Not obvious. Unmistakably Twessie.</p>,Twessie,Bikini Bottom,"minimalist bikini bottom, minimalist luxury, Matte Ribbed Knit bikini, luxury Burnt Terracotta swimwear, independent fashion",TRUE,Color,Olive Drab,Size,XXL,TWESSIE_AU_BB_0103-Olive Drab-XXL,168.0,,10
twessie-na-op-0104,High-Fashion Obsidian Black One-Piece Suit,<p>A statement piece in Econyl Sleek Satin. This one-piece combines anti-fashion statement design with impeccable craftsmanship. Available in Obsidian Black with Chalk White detailing. Not loud. Not obvious. Unmistakably Twessie.</p>,Twessie,One-Piece,"Econyl Sleek Satin bikini, high-end swimwear, minimalist luxury, minimalist one-piece, luxury Obsidian Black swimwear",TRUE,Color,Obsidian Black,Size,XS,TWESSIE_NA_OP_0104-Obsidian Black-XS,168.0,,10
twessie-na-op-0104,High-Fashion Obsidian Black One-Piece Suit,<p>A statement piece in Econyl Sleek Satin. This one-piece combines anti-fashion statement design with impeccable craftsmanship. Available in Obsidian Black with Chalk White detailing. Not loud. Not obvious. Unmistakably Twessie.</p>,Twessie,One-Piece,"Econyl Sleek Satin bikini, high-end swimwear, minimalist luxury, minimalist one-piece, luxury Obsidian Black swimwear",TRUE,Color,Obsidian Black,Size,S,TWESSIE_NA_OP_0104-Obsidian Black-S,168.0,,10
twessie-na-op-0104,High-Fashion Obsidian Black One-Piece Suit,<p>A statement piece in Econyl Sleek Satin. This one-piece combines anti-fashion statement design with impeccable craftsmanship. Available in Obsidian Black with Chalk White detailing. Not loud. Not obvious. Unmistakably Twessie.</p>,Twessie,One-Piece,"Econyl Sleek Satin bikini, high-end swimwear, minimalist luxury, minimalist one-piece, luxury Obsidian Black swimwear",TRUE,Color,Obsidian Black,Size,M,TWESSIE_NA_OP_0104-Obsidian Black-M,168.0,,10
twessie-na-op-0104,High-Fashion Obsidian Black One-Piece Suit,<p>A statement piece in Econyl Sleek Satin. This one-piece combines anti-fashion statement design with impeccable craftsmanship. Available in Obsidian Black with Chalk White detailing. Not loud. Not obvious. Unmistakably Twessie.</p>,Twessie,One-Piece,"Econyl Sleek Satin bikini, high-end swimwear, minimalist luxury, minimalist one-piece, luxury Obsidian Black swimwear",TRUE,Color,Obsidian Black,Size,L,TWESSIE_NA_OP_0104-Obsidian Black-L,168.0,,10
twessie-na-op-0104,High-Fashion Obsidian Black One-Piece Suit,<p>A statement piece in Econyl Sleek Satin. This one-piece combines anti-fashion statement design with impeccable craftsmanship. Available in Obsidian Black with Chalk White detailing. Not loud. Not obvious. Unmistakably Twessie.</p>,Twessie,One-Piece,"Econyl Sleek Satin bikini, high-end swimwear, minimalist luxury, minimalist one-piece, luxury Obsidian Black swimwear",TRUE,Color,Obsidian Black,Size,XL,TWESSIE_NA_OP_0104-Obsidian Black-XL,168.0,,10
twessie-na-op-0104,High-Fashion Obsidian Black One-Piece Suit,<p>A statement piece in Econyl Sleek Satin. This one-piece combines anti-fashion statement design with impeccable craftsmanship. Available in Obsidian Black with Chalk White detailing. Not loud. Not obvious. Unmistakably Twessie.</p>,Twessie,One-Piece,"Econyl Sleek Satin bikini, high-end swimwear, minimalist luxury, minimalist one-piece, luxury Obsidian Black swimwear",TRUE,Color,Obsidian Black,Size,XXL,TWESSIE_NA_OP_0104-Obsidian Black-XXL,168.0,,10
twessie-na-op-0104,High-Fashion Obsidian Black One-Piece Suit,<p>A statement piece in Econyl Sleek Satin. This one-piece combines anti-fashion statement design with impeccable craftsmanship. Available in Obsidian Black with Chalk White detailing. Not loud. Not obvious. Unmistakably Twessie.</p>,Twessie,One-Piece,"Econyl Sleek Satin bikini, high-end swimwear, minimalist luxury, minimalist one-piece, luxury Obsidian Black swimwear",TRUE,Color,Chalk White,Size,XS,TWESSIE_NA_OP_0104-Chalk White-XS,168.0,,10
twessie-na-op-0104,High-Fashion Obsidian Black One-Piece Suit,<p>A statement piece in Econyl Sleek Satin. This one-piece combines anti-fashion statement design with impeccable craftsmanship. Available in Obsidian Black with Chalk White detailing. Not loud. Not obvious. Unmistakably Twessie.</p>,Twessie,One-Piece,"Econyl Sleek Satin bikini, high-end swimwear, minimalist luxury, minimalist one-piece, luxury Obsidian Black swimwear",TRUE,Color,Chalk White,Size,S,TWESSIE_NA_OP_0104-Chalk White-S,168.0,,10
twessie-na-op-0104,High-Fashion Obsidian Black One-Piece Suit,<p>A statement piece in Econyl Sleek Satin. This one-piece combines anti-fashion statement design with impeccable craftsmanship. Available in Obsidian Black with Chalk White detailing. Not loud. Not obvious. Unmistakably Twessie.</p>,Twessie,One-Piece,"Econyl Sleek Satin bikini, high-end swimwear, minimalist luxury, minimalist one-piece, luxury Obsidian Black swimwear",TRUE,Color,Chalk White,Size,M,TWESSIE_NA_OP_0104-Chalk White-M,168.0,,10
twessie-na-op-0104,High-Fashion Obsidian Black One-Piece Suit,<p>A statement piece in Econyl Sleek Satin. This one-piece combines anti-fashion statement design with impeccable craftsmanship. Available in Obsidian Black with Chalk White detailing. Not loud. Not obvious. Unmistakably Twessie.</p>,Twessie,One-Piece,"Econyl Sleek Satin bikini, high-end swimwear, minimalist luxury, minimalist one-piece, luxury Obsidian Black swimwear",TRUE,Color,Chalk White,Size,L,TWESSIE_NA_OP_0104-Chalk White-L,168.0,,10
twessie-na-op-0104,High-Fashion Obsidian Black One-Piece Suit,<p>A statement piece in Econyl Sleek Satin. This one-piece combines anti-fashion statement design with impeccable craftsmanship. Available in Obsidian Black with Chalk White detailing. Not loud. Not obvious. Unmistakably Twessie.</p>,Twessie,One-Piece,"Econyl Sleek Satin bikini, high-end swimwear, minimalist luxury, minimalist one-piece, luxury Obsidian Black swimwear",TRUE,Color,Chalk White,Size,XL,TWESSIE_NA_OP_0104-Chalk White-XL,168.0,,10
twessie-na-op-0104,High-Fashion Obsidian Black One-Piece Suit,<p>A statement piece in Econyl Sleek Satin. This one-piece combines anti-fashion statement design with impeccable craftsmanship. Available in Obsidian Black with Chalk White detailing. Not loud. Not obvious. Unmistakably Twessie.</p>,Twessie,One-Piece,"Econyl Sleek Satin bikini, high-end swimwear, minimalist luxury, minimalist one-piece, luxury Obsidian Black swimwear",TRUE,Color,Chalk White,Size,XXL,TWESSIE_NA_OP_0104-Chalk White-XXL,168.0,,10
twessie-eu-bb-0105,Structural Matte Ribbed Knit Bikini Bottom,"<p>Matte Ribbed Knit construction meets architectural precision in this bikini bottom. Designed for the intelligent, independent woman. The Burnt Terracotta colorway with Olive Drab accents creates a sophisticated palette. Pure intelligent aesthetic elegance.</p>",Twessie,Bikini Bottom,"minimalist bikini bottom, independent fashion, architectural swimsuit, minimalist luxury, luxury Burnt Terracotta swimwear",TRUE,Color,Burnt Terracotta,Size,XS,TWESSIE_EU_BB_0105-Burnt Terracotta-XS,168.0,,10
twessie-eu-bb-0105,Structural Matte Ribbed Knit Bikini Bottom,"<p>Matte Ribbed Knit construction meets architectural precision in this bikini bottom. Designed for the intelligent, independent woman. The Burnt Terracotta colorway with Olive Drab accents creates a sophisticated palette. Pure intelligent aesthetic elegance.</p>",Twessie,Bikini Bottom,"minimalist bikini bottom, independent fashion, architectural swimsuit, minimalist luxury, luxury Burnt Terracotta swimwear",TRUE,Color,Burnt Terracotta,Size,S,TWESSIE_EU_BB_0105-Burnt Terracotta-S,168.0,,10
twessie-eu-bb-0105,Structural Matte Ribbed Knit Bikini Bottom,"<p>Matte Ribbed Knit construction meets architectural precision in this bikini bottom. Designed for the intelligent, independent woman. The Burnt Terracotta colorway with Olive Drab accents creates a sophisticated palette. Pure intelligent aesthetic elegance.</p>",Twessie,Bikini Bottom,"minimalist bikini bottom, independent fashion, architectural swimsuit, minimalist luxury, luxury Burnt Terracotta swimwear",TRUE,Color,Burnt Terracotta,Size,M,TWESSIE_EU_BB_0105-Burnt Terracotta-M,168.0,,10
twessie-eu-bb-0105,Structural Matte Ribbed Knit Bikini Bottom,"<p>Matte Ribbed Knit construction meets architectural precision in this bikini bottom. Designed for the intelligent, independent woman. The Burnt Terracotta colorway with Olive Drab accents creates a sophisticated palette. Pure intelligent aesthetic elegance.</p>",Twessie,Bikini Bottom,"minimalist bikini bottom, independent fashion, architectural swimsuit, minimalist luxury, luxury Burnt Terracotta swimwear",TRUE,Color,Burnt Terracotta,Size,L,TWESSIE_EU_BB_0105-Burnt Terracotta-L,168.0,,10
twessie-eu-bb-0105,Structural Matte Ribbed Knit Bikini Bottom,"<p>Matte Ribbed Knit construction meets architectural precision in this bikini bottom. Designed for the intelligent, independent woman. The Burnt Terracotta colorway with Olive Drab accents creates a sophisticated palette. Pure intelligent aesthetic elegance.</p>",Twessie,Bikini Bottom,"minimalist bikini bottom, independent fashion, architectural swimsuit, minimalist luxury, luxury Burnt Terracotta swimwear",TRUE,Color,Burnt Terracotta,Size,XL,TWESSIE_EU_BB_0105-Burnt Terracotta-XL,168.0,,10
twessie-eu-bb-0105,Structural Matte Ribbed Knit Bikini Bottom,"<p>Matte Ribbed Knit construction meets architectural precision in this bikini bottom. Designed for the intelligent, independent woman. The Burnt Terracotta colorway with Olive Drab accents creates a sophisticated palette. Pure intelligent aesthetic elegance.</p>",Twessie,Bikini Bottom,"minimalist bikini bottom, independent fashion, architectural swimsuit, minimalist luxury, luxury Burnt Terracotta swimwear",TRUE,Color,Burnt Terracotta,Size,XXL,TWESSIE_EU_BB_0105-Burnt Terracotta-XXL,168.0,,10
twessie-eu-bb-0105,Structural Matte Ribbed Knit Bikini Bottom,"<p>Matte Ribbed Knit construction meets architectural precision in this bikini bottom. Designed for the intelligent, independent woman. The Burnt Terracotta colorway with Olive Drab accents creates a sophisticated palette. Pure intelligent aesthetic elegance.</p>",Twessie,Bikini Bottom,"minimalist bikini bottom, independent fashion, architectural swimsuit, minimalist luxury, luxury Burnt Terracotta swimwear",TRUE,Color,Olive Drab,Size,XS,TWESSIE_EU_BB_0105-Olive Drab-XS,168.0,,10
twessie-eu-bb-0105,Structural Matte Ribbed Knit Bikini Bottom,"<p>Matte Ribbed Knit construction meets architectural precision in this bikini bottom. Designed for the intelligent, independent woman. The Burnt Terracotta colorway with Olive Drab accents creates a sophisticated palette. Pure intelligent aesthetic elegance.</p>",Twessie,Bikini Bottom,"minimalist bikini bottom, independent fashion, architectural swimsuit, minimalist luxury, luxury Burnt Terracotta swimwear",TRUE,Color,Olive Drab,Size,S,TWESSIE_EU_BB_0105-Olive Drab-S,168.0,,10
twessie-eu-bb-0105,Structural Matte Ribbed Knit Bikini Bottom,"<p>Matte Ribbed Knit construction meets architectural precision in this bikini bottom. Designed for the intelligent, independent woman. The Burnt Terracotta colorway with Olive Drab accents creates a sophisticated palette. Pure intelligent aesthetic elegance.</p>",Twessie,Bikini Bottom,"minimalist bikini bottom, independent fashion, architectural swimsuit, minimalist luxury, luxury Burnt Terracotta swimwear",TRUE,Color,Olive Drab,Size,M,TWESSIE_EU_BB_0105-Olive Drab-M,168.0,,10
twessie-eu-bb-0105,Structural Matte Ribbed Knit Bikini Bottom,"<p>Matte Ribbed Knit construction meets architectural precision in this bikini bottom. Designed for the intelligent, independent woman. The Burnt Terracotta colorway with Olive Drab accents creates a sophisticated palette. Pure intelligent aesthetic elegance.</p>",Twessie,Bikini Bottom,"minimalist bikini bottom, independent fashion, architectural swimsuit, minimalist luxury, luxury Burnt Terracotta swimwear",TRUE,Color,Olive Drab,Size,L,TWESSIE_EU_BB_0105-Olive Drab-L,168.0,,10
twessie-eu-bb-0105,Structural Matte Ribbed Knit Bikini Bottom,"<p>Matte Ribbed Knit construction meets architectural precision in this bikini bottom. Designed for the intelligent, independent woman. The Burnt Terracotta colorway with Olive Drab accents creates a sophisticated palette. Pure intelligent aesthetic elegance.</p>",Twessie,Bikini Bottom,"minimalist bikini bottom, independent fashion, architectural swimsuit, minimalist luxury, luxury Burnt Terracotta swimwear",TRUE,Color,Olive Drab,Size,XL,TWESSIE_EU_BB_0105-Olive Drab-XL,168.0,,10
twessie-eu-bb-0105,Structural Matte Ribbed Knit Bikini Bottom,"<p>Matte Ribbed Knit construction meets architectural precision in this bikini bottom. Designed for the intelligent, independent woman. The Burnt Terracotta colorway with Olive Drab accents creates a sophisticated palette. Pure intelligent aesthetic elegance.</p>",Twessie,Bikini Bottom,"minimalist bikini bottom, independent fashion, architectural swimsuit, minimalist luxury, luxury Burnt Terracotta swimwear",TRUE,Color,Olive Drab,Size,XXL,TWESSIE_EU_BB_0105-Olive Drab-XXL,168.0,,10
twessie-eu-ha-0106,Sculptural Halter Accessory - Obsidian Black,"<p>Econyl Sleek Satin construction meets architectural precision in this halter strap accessory. Designed for the intelligent, independent woman. The Obsidian Black colorway with Olive Drab accents creates a sophisticated palette. Pure architectural elegance elegance.</p>",Twessie,Halter Strap Accessory,"minimalist luxury, minimalist halter strap accessory, luxury Obsidian Black swimwear, architectural swimsuit, high-end swimwear",TRUE,Color,Obsidian Black,Size,XS,TWESSIE_EU_HA_0106-Obsidian Black-XS,168.0,,10
twessie-eu-ha-0106,Sculptural Halter Accessory - Obsidian Black,"<p>Econyl Sleek Satin construction meets architectural precision in this halter strap accessory. Designed for the intelligent, independent woman. The Obsidian Black colorway with Olive Drab accents creates a sophisticated palette. Pure architectural elegance elegance.</p>",Twessie,Halter Strap Accessory,"minimalist luxury, minimalist halter strap accessory, luxury Obsidian Black swimwear, architectural swimsuit, high-end swimwear",TRUE,Color,Obsidian Black,Size,S,TWESSIE_EU_HA_0106-Obsidian Black-S,168.0,,10
twessie-eu-ha-0106,Sculptural Halter Accessory - Obsidian Black,"<p>Econyl Sleek Satin construction meets architectural precision in this halter strap accessory. Designed for the intelligent, independent woman. The Obsidian Black colorway with Olive Drab accents creates a sophisticated palette. Pure architectural elegance elegance.</p>",Twessie,Halter Strap Accessory,"minimalist luxury, minimalist halter strap accessory, luxury Obsidian Black swimwear, architectural swimsuit, high-end swimwear",TRUE,Color,Obsidian Black,Size,M,TWESSIE_EU_HA_0106-Obsidian Black-M,168.0,,10
twessie-eu-ha-0106,Sculptural Halter Accessory - Obsidian Black,"<p>Econyl Sleek Satin construction meets architectural precision in this halter strap accessory. Designed for the intelligent, independent woman. The Obsidian Black colorway with Olive Drab accents creates a sophisticated palette. Pure architectural elegance elegance.</p>",Twessie,Halter Strap Accessory,"minimalist luxury, minimalist halter strap accessory, luxury Obsidian Black swimwear, architectural swimsuit, high-end swimwear",TRUE,Color,Obsidian Black,Size,L,TWESSIE_EU_HA_0106-Obsidian Black-L,168.0,,10
twessie-eu-ha-0106,Sculptural Halter Accessory - Obsidian Black,"<p>Econyl Sleek Satin construction meets architectural precision in this halter strap accessory. Designed for the intelligent, independent woman. The Obsidian Black colorway with Olive Drab accents creates a sophisticated palette. Pure architectural elegance elegance.</p>",Twessie,Halter Strap Accessory,"minimalist luxury, minimalist halter strap accessory, luxury Obsidian Black swimwear, architectural swimsuit, high-end swimwear",TRUE,Color,Obsidian Black,Size,XL,TWESSIE_EU_HA_0106-Obsidian Black-XL,168.0,,10
twessie-eu-ha-0106,Sculptural Halter Accessory - Obsidian Black,"<p>Econyl Sleek Satin construction meets architectural precision in this halter strap accessory. Designed for the intelligent, independent woman. The Obsidian Black colorway with Olive Drab accents creates a sophisticated palette. Pure architectural elegance elegance.</p>",Twessie,Halter Strap Accessory,"minimalist luxury, minimalist halter strap accessory, luxury Obsidian Black swimwear, architectural swimsuit, high-end swimwear",TRUE,Color,Obsidian Black,Size,XXL,TWESSIE_EU_HA_0106-Obsidian Black-XXL,168.0,,10
twessie-eu-ha-0106,Sculptural Halter Accessory - Obsidian Black,"<p>Econyl Sleek Satin construction meets architectural precision in this halter strap accessory. Designed for the intelligent, independent woman. The Obsidian Black colorway with Olive Drab accents creates a sophisticated palette. Pure architectural elegance elegance.</p>",Twessie,Halter Strap Accessory,"minimalist luxury, minimalist halter strap accessory, luxury Obsidian Black swimwear, architectural swimsuit, high-end swimwear",TRUE,Color,Olive Drab,Size,XS,TWESSIE_EU_HA_0106-Olive Drab-XS,168.0,,10
twessie-eu-ha-0106,Sculptural Halter Accessory - Obsidian Black,"<p>Econyl Sleek Satin construction meets architectural precision in this halter strap accessory. Designed for the intelligent, independent woman. The Obsidian Black colorway with Olive Drab accents creates a sophisticated palette. Pure architectural elegance elegance.</p>",Twessie,Halter Strap Accessory,"minimalist luxury, minimalist halter strap accessory, luxury Obsidian Black swimwear, architectural swimsuit, high-end swimwear",TRUE,Color,Olive Drab,Size,S,TWESSIE_EU_HA_0106-Olive Drab-S,168.0,,10
twessie-eu-ha-0106,Sculptural Halter Accessory - Obsidian Black,"<p>Econyl Sleek Satin construction meets architectural precision in this halter strap accessory. Designed for the intelligent, independent woman. The Obsidian Black colorway with Olive Drab accents creates a sophisticated palette. Pure architectural elegance elegance.</p>",Twessie,Halter Strap Accessory,"minimalist luxury, minimalist halter strap accessory, luxury Obsidian Black swimwear, architectural swimsuit, high-end swimwear",TRUE,Color,Olive Drab,Size,M,TWESSIE_EU_HA_0106-Olive Drab-M,168.0,,10
twessie-eu-ha-0106,Sculptural Halter Accessory - Obsidian Black,"<p>Econyl Sleek Satin construction meets architectural precision in this halter strap accessory. Designed for the intelligent, independent woman. The Obsidian Black colorway with Olive Drab accents creates a sophisticated palette. Pure architectural elegance elegance.</p>",Twessie,Halter Strap Accessory,"minimalist luxury, minimalist halter strap accessory, luxury Obsidian Black swimwear, architectural swimsuit, high-end swimwear",TRUE,Color,Olive Drab,Size,L,TWESSIE_EU_HA_0106-Olive Drab-L,168.0,,10
twessie-eu-ha-0106,Sculptural Halter Accessory - Obsidian Black,"<p>Econyl Sleek Satin construction meets architectural precision in this halter strap accessory. Designed for the intelligent, independent woman. The Obsidian Black colorway with Olive Drab accents creates a sophisticated palette. Pure architectural elegance elegance.</p>",Twessie,Halter Strap Accessory,"minimalist luxury, minimalist halter strap accessory, luxury Obsidian Black swimwear, architectural swimsuit, high-end swimwear",TRUE,Color,Olive Drab,Size,XL,TWESSIE_EU_HA_0106-Olive Drab-XL,168.0,,10
twessie-eu-ha-0106,Sculptural Halter Accessory - Obsidian Black,"<p>Econyl Sleek Satin construction meets architectural precision in this halter strap accessory. Designed for the intelligent, independent woman. The Obsidian Black colorway with Olive Drab accents creates a sophisticated palette. Pure architectural elegance elegance.</p>",Twessie,Halter Strap Accessory,"minimalist luxury, minimalist halter strap accessory, luxury Obsidian Black swimwear, architectural swimsuit, high-end swimwear",TRUE,Color,Olive Drab,Size,XXL,TWESSIE_EU_HA_0106-Olive Drab-XXL,168.0,,10
twessie-sg-bt-0107,Olive Drab Sculptural Matte Ribbed Knit Bikini Top,"<p>Matte Ribbed Knit construction meets architectural precision in this bikini top. Designed for the intelligent, independent woman. The Olive Drab colorway with Burnt Terracotta accents creates a sophisticated palette. Pure architectural elegance elegance.</p>",Twessie,Bikini Top,"high-end swimwear, minimalist bikini top, luxury Olive Drab swimwear, Matte Ribbed Knit bikini, minimalist luxury",TRUE,Color,Olive Drab,Size,XS,TWESSIE_SG_BT_0107-Olive Drab-XS,168.0,,10
twessie-sg-bt-0107,Olive Drab Sculptural Matte Ribbed Knit Bikini Top,"<p>Matte Ribbed Knit construction meets architectural precision in this bikini top. Designed for the intelligent, independent woman. The Olive Drab colorway with Burnt Terracotta accents creates a sophisticated palette. Pure architectural elegance elegance.</p>",Twessie,Bikini Top,"high-end swimwear, minimalist bikini top, luxury Olive Drab swimwear, Matte Ribbed Knit bikini, minimalist luxury",TRUE,Color,Olive Drab,Size,S,TWESSIE_SG_BT_0107-Olive Drab-S,168.0,,10
twessie-sg-bt-0107,Olive Drab Sculptural Matte Ribbed Knit Bikini Top,"<p>Matte Ribbed Knit construction meets architectural precision in this bikini top. Designed for the intelligent, independent woman. The Olive Drab colorway with Burnt Terracotta accents creates a sophisticated palette. Pure architectural elegance elegance.</p>",Twessie,Bikini Top,"high-end swimwear, minimalist bikini top, luxury Olive Drab swimwear, Matte Ribbed Knit bikini, minimalist luxury",TRUE,Color,Olive Drab,Size,M,TWESSIE_SG_BT_0107-Olive Drab-M,168.0,,10
twessie-sg-bt-0107,Olive Drab Sculptural Matte Ribbed Knit Bikini Top,"<p>Matte Ribbed Knit construction meets architectural precision in this bikini top. Designed for the intelligent, independent woman. The Olive Drab colorway with Burnt Terracotta accents creates a sophisticated palette. Pure architectural elegance elegance.</p>",Twessie,Bikini Top,"high-end swimwear, minimalist bikini top, luxury Olive Drab swimwear, Matte Ribbed Knit bikini, minimalist luxury",TRUE,Color,Olive Drab,Size,L,TWESSIE_SG_BT_0107-Olive Drab-L,168.0,,10
twessie-sg-bt-0107,Olive Drab Sculptural Matte Ribbed Knit Bikini Top,"<p>Matte Ribbed Knit construction meets architectural precision in this bikini top. Designed for the intelligent, independent woman. The Olive Drab colorway with Burnt Terracotta accents creates a sophisticated palette. Pure architectural elegance elegance.</p>",Twessie,Bikini Top,"high-end swimwear, minimalist bikini top, luxury Olive Drab swimwear, Matte Ribbed Knit bikini, minimalist luxury",TRUE,Color,Olive Drab,Size,XL,TWESSIE_SG_BT_0107-Olive Drab-XL,168.0,,10
twessie-sg-bt-0107,Olive Drab Sculptural Matte Ribbed Knit Bikini Top,"<p>Matte Ribbed Knit construction meets architectural precision in this bikini top. Designed for the intelligent, independent woman. The Olive Drab colorway with Burnt Terracotta accents creates a sophisticated palette. Pure architectural elegance elegance.</p>",Twessie,Bikini Top,"high-end swimwear, minimalist bikini top, luxury Olive Drab swimwear, Matte Ribbed Knit bikini, minimalist luxury",TRUE,Color,Olive Drab,Size,XXL,TWESSIE_SG_BT_0107-Olive Drab-XXL,168.0,,10
twessie-sg-bt-0107,Olive Drab Sculptural Matte Ribbed Knit Bikini Top,"<p>Matte Ribbed Knit construction meets architectural precision in this bikini top. Designed for the intelligent, independent woman. The Olive Drab colorway with Burnt Terracotta accents creates a sophisticated palette. Pure architectural elegance elegance.</p>",Twessie,Bikini Top,"high-end swimwear, minimalist bikini top, luxury Olive Drab swimwear, Matte Ribbed Knit bikini, minimalist luxury",TRUE,Color,Burnt Terracotta,Size,XS,TWESSIE_SG_BT_0107-Burnt Terracotta-XS,168.0,,10
twessie-sg-bt-0107,Olive Drab Sculptural Matte Ribbed Knit Bikini Top,"<p>Matte Ribbed Knit construction meets architectural precision in this bikini top. Designed for the intelligent, independent woman. The Olive Drab colorway with Burnt Terracotta accents creates a sophisticated palette. Pure architectural elegance elegance.</p>",Twessie,Bikini Top,"high-end swimwear, minimalist bikini top, luxury Olive Drab swimwear, Matte Ribbed Knit bikini, minimalist luxury",TRUE,Color,Burnt Terracotta,Size,S,TWESSIE_SG_BT_0107-Burnt Terracotta-S,168.0,,10
twessie-sg-bt-0107,Olive Drab Sculptural Matte Ribbed Knit Bikini Top,"<p>Matte Ribbed Knit construction meets architectural precision in this bikini top. Designed for the intelligent, independent woman. The Olive Drab colorway with Burnt Terracotta accents creates a sophisticated palette. Pure architectural elegance elegance.</p>",Twessie,Bikini Top,"high-end swimwear, minimalist bikini top, luxury Olive Drab swimwear, Matte Ribbed Knit bikini, minimalist luxury",TRUE,Color,Burnt Terracotta,Size,M,TWESSIE_SG_BT_0107-Burnt Terracotta-M,168.0,,10
twessie-sg-bt-0107,Olive Drab Sculptural Matte Ribbed Knit Bikini Top,"<p>Matte Ribbed Knit construction meets architectural precision in this bikini top. Designed for the intelligent, independent woman. The Olive Drab colorway with Burnt Terracotta accents creates a sophisticated palette. Pure architectural elegance elegance.</p>",Twessie,Bikini Top,"high-end swimwear, minimalist bikini top, luxury Olive Drab swimwear, Matte Ribbed Knit bikini, minimalist luxury",TRUE,Color,Burnt Terracotta,Size,L,TWESSIE_SG_BT_0107-Burnt Terracotta-L,168.0,,10
twessie-sg-bt-0107,Olive Drab Sculptural Matte Ribbed Knit Bikini Top,"<p>Matte Ribbed Knit construction meets architectural precision in this bikini top. Designed for the intelligent, independent woman. The Olive Drab colorway with Burnt Terracotta accents creates a sophisticated palette. Pure architectural elegance elegance.</p>",Twessie,Bikini Top,"high-end swimwear, minimalist bikini top, luxury Olive Drab swimwear, Matte Ribbed Knit bikini, minimalist luxury",TRUE,Color,Burnt Terracotta,Size,XL,TWESSIE_SG_BT_0107-Burnt Terracotta-XL,168.0,,10
twessie-sg-bt-0107,Olive Drab Sculptural Matte Ribbed Knit Bikini Top,"<p>Matte Ribbed Knit construction meets architectural precision in this bikini top. Designed for the intelligent, independent woman. The Olive Drab colorway with Burnt Terracotta accents creates a sophisticated palette. Pure architectural elegance elegance.</p>",Twessie,Bikini Top,"high-end swimwear, minimalist bikini top, luxury Olive Drab swimwear, Matte Ribbed Knit bikini, minimalist luxury",TRUE,Color,Burnt Terracotta,Size,XXL,TWESSIE_SG_BT_0107-Burnt Terracotta-XXL,168.0,,10
twessie-eu-bb-0108,Raw-Edge Burnt Terracotta Bikini Bottom,<p>Crafted in premium Matte Ribbed Knit with Econyl Sleek Satin accents. This bikini bottom epitomizes rebellious yet refined luxury. Featuring color-blocking in Burnt Terracotta and Olive Drab. Perfect for the discerning swimmer who refuses the obvious.</p>,Twessie,Bikini Bottom,"minimalist bikini bottom, minimalist luxury, independent fashion, architectural swimsuit, Matte Ribbed Knit bikini",TRUE,Color,Burnt Terracotta,Size,XS,TWESSIE_EU_BB_0108-Burnt Terracotta-XS,168.0,,10
twessie-eu-bb-0108,Raw-Edge Burnt Terracotta Bikini Bottom,<p>Crafted in premium Matte Ribbed Knit with Econyl Sleek Satin accents. This bikini bottom epitomizes rebellious yet refined luxury. Featuring color-blocking in Burnt Terracotta and Olive Drab. Perfect for the discerning swimmer who refuses the obvious.</p>,Twessie,Bikini Bottom,"minimalist bikini bottom, minimalist luxury, independent fashion, architectural swimsuit, Matte Ribbed Knit bikini",TRUE,Color,Burnt Terracotta,Size,S,TWESSIE_EU_BB_0108-Burnt Terracotta-S,168.0,,10
twessie-eu-bb-0108,Raw-Edge Burnt Terracotta Bikini Bottom,<p>Crafted in premium Matte Ribbed Knit with Econyl Sleek Satin accents. This bikini bottom epitomizes rebellious yet refined luxury. Featuring color-blocking in Burnt Terracotta and Olive Drab. Perfect for the discerning swimmer who refuses the obvious.</p>,Twessie,Bikini Bottom,"minimalist bikini bottom, minimalist luxury, independent fashion, architectural swimsuit, Matte Ribbed Knit bikini",TRUE,Color,Burnt Terracotta,Size,M,TWESSIE_EU_BB_0108-Burnt Terracotta-M,168.0,,10
twessie-eu-bb-0108,Raw-Edge Burnt Terracotta Bikini Bottom,<p>Crafted in premium Matte Ribbed Knit with Econyl Sleek Satin accents. This bikini bottom epitomizes rebellious yet refined luxury. Featuring color-blocking in Burnt Terracotta and Olive Drab. Perfect for the discerning swimmer who refuses the obvious.</p>,Twessie,Bikini Bottom,"minimalist bikini bottom, minimalist luxury, independent fashion, architectural swimsuit, Matte Ribbed Knit bikini",TRUE,Color,Burnt Terracotta,Size,L,TWESSIE_EU_BB_0108-Burnt Terracotta-L,168.0,,10
twessie-eu-bb-0108,Raw-Edge Burnt Terracotta Bikini Bottom,<p>Crafted in premium Matte Ribbed Knit with Econyl Sleek Satin accents. This bikini bottom epitomizes rebellious yet refined luxury. Featuring color-blocking in Burnt Terracotta and Olive Drab. Perfect for the discerning swimmer who refuses the obvious.</p>,Twessie,Bikini Bottom,"minimalist bikini bottom, minimalist luxury, independent fashion, architectural swimsuit, Matte Ribbed Knit bikini",TRUE,Color,Burnt Terracotta,Size,XL,TWESSIE_EU_BB_0108-Burnt Terracotta-XL,168.0,,10
twessie-eu-bb-0108,Raw-Edge Burnt Terracotta Bikini Bottom,<p>Crafted in premium Matte Ribbed Knit with Econyl Sleek Satin accents. This bikini bottom epitomizes rebellious yet refined luxury. Featuring color-blocking in Burnt Terracotta and Olive Drab. Perfect for the discerning swimmer who refuses the obvious.</p>,Twessie,Bikini Bottom,"minimalist bikini bottom, minimalist luxury, independent fashion, architectural swimsuit, Matte Ribbed Knit bikini",TRUE,Color,Burnt Terracotta,Size,XXL,TWESSIE_EU_BB_0108-Burnt Terracotta-XXL,168.0,,10
twessie-eu-bb-0108,Raw-Edge Burnt Terracotta Bikini Bottom,<p>Crafted in premium Matte Ribbed Knit with Econyl Sleek Satin accents. This bikini bottom epitomizes rebellious yet refined luxury. Featuring color-blocking in Burnt Terracotta and Olive Drab. Perfect for the discerning swimmer who refuses the obvious.</p>,Twessie,Bikini Bottom,"minimalist bikini bottom, minimalist luxury, independent fashion, architectural swimsuit, Matte Ribbed Knit bikini",TRUE,Color,Olive Drab,Size,XS,TWESSIE_EU_BB_0108-Olive Drab-XS,168.0,,10
twessie-eu-bb-0108,Raw-Edge Burnt Terracotta Bikini Bottom,<p>Crafted in premium Matte Ribbed Knit with Econyl Sleek Satin accents. This bikini bottom epitomizes rebellious yet refined luxury. Featuring color-blocking in Burnt Terracotta and Olive Drab. Perfect for the discerning swimmer who refuses the obvious.</p>,Twessie,Bikini Bottom,"minimalist bikini bottom, minimalist luxury, independent fashion, architectural swimsuit, Matte Ribbed Knit bikini",TRUE,Color,Olive Drab,Size,S,TWESSIE_EU_BB_0108-Olive Drab-S,168.0,,10
twessie-eu-bb-0108,Raw-Edge Burnt Terracotta Bikini Bottom,<p>Crafted in premium Matte Ribbed Knit with Econyl Sleek Satin accents. This bikini bottom epitomizes rebellious yet refined luxury. Featuring color-blocking in Burnt Terracotta and Olive Drab. Perfect for the discerning swimmer who refuses the obvious.</p>,Twessie,Bikini Bottom,"minimalist bikini bottom, minimalist luxury, independent fashion, architectural swimsuit, Matte Ribbed Knit bikini",TRUE,Color,Olive Drab,Size,M,TWESSIE_EU_BB_0108-Olive Drab-M,168.0,,10
twessie-eu-bb-0108,Raw-Edge Burnt Terracotta Bikini Bottom,<p>Crafted in premium Matte Ribbed Knit with Econyl Sleek Satin accents. This bikini bottom epitomizes rebellious yet refined luxury. Featuring color-blocking in Burnt Terracotta and Olive Drab. Perfect for the discerning swimmer who refuses the obvious.</p>,Twessie,Bikini Bottom,"minimalist bikini bottom, minimalist luxury, independent fashion, architectural swimsuit, Matte Ribbed Knit bikini",TRUE,Color,Olive Drab,Size,L,TWESSIE_EU_BB_0108-Olive Drab-L,168.0,,10
twessie-eu-bb-0108,Raw-Edge Burnt Terracotta Bikini Bottom,<p>Crafted in premium Matte Ribbed Knit with Econyl Sleek Satin accents. This bikini bottom epitomizes rebellious yet refined luxury. Featuring color-blocking in Burnt Terracotta and Olive Drab. Perfect for the discerning swimmer who refuses the obvious.</p>,Twessie,Bikini Bottom,"minimalist bikini bottom, minimalist luxury, independent fashion, architectural swimsuit, Matte Ribbed Knit bikini",TRUE,Color,Olive Drab,Size,XL,TWESSIE_EU_BB_0108-Olive Drab-XL,168.0,,10
twessie-eu-bb-0108,Raw-Edge Burnt Terracotta Bikini Bottom,<p>Crafted in premium Matte Ribbed Knit with Econyl Sleek Satin accents. This bikini bottom epitomizes rebellious yet refined luxury. Featuring color-blocking in Burnt Terracotta and Olive Drab. Perfect for the discerning swimmer who refuses the obvious.</p>,Twessie,Bikini Bottom,"minimalist bikini bottom, minimalist luxury, independent fashion, architectural swimsuit, Matte Ribbed Knit bikini",TRUE,Color,Olive Drab,Size,XXL,TWESSIE_EU_BB_0108-Olive Drab-XXL,168.0,,10
twessie-au-bb-0109,Chalk White Minimalist Crinkled Seersucker Bikini Bottom,<p>Crafted in premium Crinkled Seersucker with Matte Ribbed Knit accents. This bikini bottom epitomizes architectural elegance luxury. Featuring color-blocking in Chalk White and Stone Gray. Perfect for the discerning swimmer who refuses the obvious.</p>,Twessie,Bikini Bottom,"high-end swimwear, independent fashion, architectural swimsuit, luxury Chalk White swimwear, minimalist luxury",TRUE,Color,Chalk White,Size,XS,TWESSIE_AU_BB_0109-Chalk White-XS,168.0,,10
twessie-au-bb-0109,Chalk White Minimalist Crinkled Seersucker Bikini Bottom,<p>Crafted in premium Crinkled Seersucker with Matte Ribbed Knit accents. This bikini bottom epitomizes architectural elegance luxury. Featuring color-blocking in Chalk White and Stone Gray. Perfect for the discerning swimmer who refuses the obvious.</p>,Twessie,Bikini Bottom,"high-end swimwear, independent fashion, architectural swimsuit, luxury Chalk White swimwear, minimalist luxury",TRUE,Color,Chalk White,Size,S,TWESSIE_AU_BB_0109-Chalk White-S,168.0,,10
twessie-au-bb-0109,Chalk White Minimalist Crinkled Seersucker Bikini Bottom,<p>Crafted in premium Crinkled Seersucker with Matte Ribbed Knit accents. This bikini bottom epitomizes architectural elegance luxury. Featuring color-blocking in Chalk White and Stone Gray. Perfect for the discerning swimmer who refuses the obvious.</p>,Twessie,Bikini Bottom,"high-end swimwear, independent fashion, architectural swimsuit, luxury Chalk White swimwear, minimalist luxury",TRUE,Color,Chalk White,Size,M,TWESSIE_AU_BB_0109-Chalk White-M,168.0,,10
twessie-au-bb-0109,Chalk White Minimalist Crinkled Seersucker Bikini Bottom,<p>Crafted in premium Crinkled Seersucker with Matte Ribbed Knit accents. This bikini bottom epitomizes architectural elegance luxury. Featuring color-blocking in Chalk White and Stone Gray. Perfect for the discerning swimmer who refuses the obvious.</p>,Twessie,Bikini Bottom,"high-end swimwear, independent fashion, architectural swimsuit, luxury Chalk White swimwear, minimalist luxury",TRUE,Color,Chalk White,Size,L,TWESSIE_AU_BB_0109-Chalk White-L,168.0,,10
twessie-au-bb-0109,Chalk White Minimalist Crinkled Seersucker Bikini Bottom,<p>Crafted in premium Crinkled Seersucker with Matte Ribbed Knit accents. This bikini bottom epitomizes architectural elegance luxury. Featuring color-blocking in Chalk White and Stone Gray. Perfect for the discerning swimmer who refuses the obvious.</p>,Twessie,Bikini Bottom,"high-end swimwear, independent fashion, architectural swimsuit, luxury Chalk White swimwear, minimalist luxury",TRUE,Color,Chalk White,Size,XL,TWESSIE_AU_BB_0109-Chalk White-XL,168.0,,10
twessie-au-bb-0109,Chalk White Minimalist Crinkled Seersucker Bikini Bottom,<p>Crafted in premium Crinkled Seersucker with Matte Ribbed Knit accents. This bikini bottom epitomizes architectural elegance luxury. Featuring color-blocking in Chalk White and Stone Gray. Perfect for the discerning swimmer who refuses the obvious.</p>,Twessie,Bikini Bottom,"high-end swimwear, independent fashion, architectural swimsuit, luxury Chalk White swimwear, minimalist luxury",TRUE,Color,Chalk White,Size,XXL,TWESSIE_AU_BB_0109-Chalk White-XXL,168.0,,10
twessie-au-bb-0109,Chalk White Minimalist Crinkled Seersucker Bikini Bottom,<p>Crafted in premium Crinkled Seersucker with Matte Ribbed Knit accents. This bikini bottom epitomizes architectural elegance luxury. Featuring color-blocking in Chalk White and Stone Gray. Perfect for the discerning swimmer who refuses the obvious.</p>,Twessie,Bikini Bottom,"high-end swimwear, independent fashion, architectural swimsuit, luxury Chalk White swimwear, minimalist luxury",TRUE,Color,Stone Gray,Size,XS,TWESSIE_AU_BB_0109-Stone Gray-XS,168.0,,10
twessie-au-bb-0109,Chalk White Minimalist Crinkled Seersucker Bikini Bottom,<p>Crafted in premium Crinkled Seersucker with Matte Ribbed Knit accents. This bikini bottom epitomizes architectural elegance luxury. Featuring color-blocking in Chalk White and Stone Gray. Perfect for the discerning swimmer who refuses the obvious.</p>,Twessie,Bikini Bottom,"high-end swimwear, independent fashion, architectural swimsuit, luxury Chalk White swimwear, minimalist luxury",TRUE,Color,Stone Gray,Size,S,TWESSIE_AU_BB_0109-Stone Gray-S,168.0,,10
twessie-au-bb-0109,Chalk White Minimalist Crinkled Seersucker Bikini Bottom,<p>Crafted in premium Crinkled Seersucker with Matte Ribbed Knit accents. This bikini bottom epitomizes architectural elegance luxury. Featuring color-blocking in Chalk White and Stone Gray. Perfect for the discerning swimmer who refuses the obvious.</p>,Twessie,Bikini Bottom,"high-end swimwear, independent fashion, architectural swimsuit, luxury Chalk White swimwear, minimalist luxury",TRUE,Color,Stone Gray,Size,M,TWESSIE_AU_BB_0109-Stone Gray-M,168.0,,10
twessie-au-bb-0109,Chalk White Minimalist Crinkled Seersucker Bikini Bottom,<p>Crafted in premium Crinkled Seersucker with Matte Ribbed Knit accents. This bikini bottom epitomizes architectural elegance luxury. Featuring color-blocking in Chalk White and Stone Gray. Perfect for the discerning swimmer who refuses the obvious.</p>,Twessie,Bikini Bottom,"high-end swimwear, independent fashion, architectural swimsuit, luxury Chalk White swimwear, minimalist luxury",TRUE,Color,Stone Gray,Size,L,TWESSIE_AU_BB_0109-Stone Gray-L,168.0,,10
twessie-au-bb-0109,Chalk White Minimalist Crinkled Seersucker Bikini Bottom,<p>Crafted in premium Crinkled Seersucker with Matte Ribbed Knit accents. This bikini bottom epitomizes architectural elegance luxury. Featuring color-blocking in Chalk White and Stone Gray. Perfect for the discerning swimmer who refuses the obvious.</p>,Twessie,Bikini Bottom,"high-end swimwear, independent fashion, architectural swimsuit, luxury Chalk White swimwear, minimalist luxury",TRUE,Color,Stone Gray,Size,XL,TWESSIE_AU_BB_0109-Stone Gray-XL,168.0,,10
twessie-au-bb-0109,Chalk White Minimalist Crinkled Seersucker Bikini Bottom,<p>Crafted in premium Crinkled Seersucker with Matte Ribbed Knit accents. This bikini bottom epitomizes architectural elegance luxury. Featuring color-blocking in Chalk White and Stone Gray. Perfect for the discerning swimmer who refuses the obvious.</p>,Twessie,Bikini Bottom,"high-end swimwear, independent fashion, architectural swimsuit, luxury Chalk White swimwear, minimalist luxury",TRUE,Color,Stone Gray,Size,XXL,TWESSIE_AU_BB_0109-Stone Gray-XXL,168.0,,10
twessie-eu-bb-0110,Stone Gray Minimalist Crinkled Seersucker Bikini Bottom,<p>A statement piece in Crinkled Seersucker. This bikini bottom combines architectural elegance design with impeccable craftsmanship. Available in Stone Gray with Chalk White detailing. Not loud. Not obvious. Unmistakably Twessie.</p>,Twessie,Bikini Bottom,"minimalist bikini bottom, Crinkled Seersucker bikini, minimalist luxury, architectural swimsuit, high-end swimwear",TRUE,Color,Stone Gray,Size,XS,TWESSIE_EU_BB_0110-Stone Gray-XS,168.0,,10
twessie-eu-bb-0110,Stone Gray Minimalist Crinkled Seersucker Bikini Bottom,<p>A statement piece in Crinkled Seersucker. This bikini bottom combines architectural elegance design with impeccable craftsmanship. Available in Stone Gray with Chalk White detailing. Not loud. Not obvious. Unmistakably Twessie.</p>,Twessie,Bikini Bottom,"minimalist bikini bottom, Crinkled Seersucker bikini, minimalist luxury, architectural swimsuit, high-end swimwear",TRUE,Color,Stone Gray,Size,S,TWESSIE_EU_BB_0110-Stone Gray-S,168.0,,10
twessie-eu-bb-0110,Stone Gray Minimalist Crinkled Seersucker Bikini Bottom,<p>A statement piece in Crinkled Seersucker. This bikini bottom combines architectural elegance design with impeccable craftsmanship. Available in Stone Gray with Chalk White detailing. Not loud. Not obvious. Unmistakably Twessie.</p>,Twessie,Bikini Bottom,"minimalist bikini bottom, Crinkled Seersucker bikini, minimalist luxury, architectural swimsuit, high-end swimwear",TRUE,Color,Stone Gray,Size,M,TWESSIE_EU_BB_0110-Stone Gray-M,168.0,,10
twessie-eu-bb-0110,Stone Gray Minimalist Crinkled Seersucker Bikini Bottom,<p>A statement piece in Crinkled Seersucker. This bikini bottom combines architectural elegance design with impeccable craftsmanship. Available in Stone Gray with Chalk White detailing. Not loud. Not obvious. Unmistakably Twessie.</p>,Twessie,Bikini Bottom,"minimalist bikini bottom, Crinkled Seersucker bikini, minimalist luxury, architectural swimsuit, high-end swimwear",TRUE,Color,Stone Gray,Size,L,TWESSIE_EU_BB_0110-Stone Gray-L,168.0,,10
twessie-eu-bb-0110,Stone Gray Minimalist Crinkled Seersucker Bikini Bottom,<p>A statement piece in Crinkled Seersucker. This bikini bottom combines architectural elegance design with impeccable craftsmanship. Available in Stone Gray with Chalk White detailing. Not loud. Not obvious. Unmistakably Twessie.</p>,Twessie,Bikini Bottom,"minimalist bikini bottom, Crinkled Seersucker bikini, minimalist luxury, architectural swimsuit, high-end swimwear",TRUE,Color,Stone Gray,Size,XL,TWESSIE_EU_BB_0110-Stone Gray-XL,168.0,,10
twessie-eu-bb-0110,Stone Gray Minimalist Crinkled Seersucker Bikini Bottom,<p>A statement piece in Crinkled Seersucker. This bikini bottom combines architectural elegance design with impeccable craftsmanship. Available in Stone Gray with Chalk White detailing. Not loud. Not obvious. Unmistakably Twessie.</p>,Twessie,Bikini Bottom,"minimalist bikini bottom, Crinkled Seersucker bikini, minimalist luxury, architectural swimsuit, high-end swimwear",TRUE,Color,Stone Gray,Size,XXL,TWESSIE_EU_BB_0110-Stone Gray-XXL,168.0,,10
twessie-eu-bb-0110,Stone Gray Minimalist Crinkled Seersucker Bikini Bottom,<p>A statement piece in Crinkled Seersucker. This bikini bottom combines architectural elegance design with impeccable craftsmanship. Available in Stone Gray with Chalk White detailing. Not loud. Not obvious. Unmistakably Twessie.</p>,Twessie,Bikini Bottom,"minimalist bikini bottom, Crinkled Seersucker bikini, minimalist luxury, architectural swimsuit, high-end swimwear",TRUE,Color,Chalk White,Size,XS,TWESSIE_EU_BB_0110-Chalk White-XS,168.0,,10
twessie-eu-bb-0110,Stone Gray Minimalist Crinkled Seersucker Bikini Bottom,<p>A statement piece in Crinkled Seersucker. This bikini bottom combines architectural elegance design with impeccable craftsmanship. Available in Stone Gray with Chalk White detailing. Not loud. Not obvious. Unmistakably Twessie.</p>,Twessie,Bikini Bottom,"minimalist bikini bottom, Crinkled Seersucker bikini, minimalist luxury, architectural swimsuit, high-end swimwear",TRUE,Color,Chalk White,Size,S,TWESSIE_EU_BB_0110-Chalk White-S,168.0,,10
twessie-eu-bb-0110,Stone Gray Minimalist Crinkled Seersucker Bikini Bottom,<p>A statement piece in Crinkled Seersucker. This bikini bottom combines architectural elegance design with impeccable craftsmanship. Available in Stone Gray with Chalk White detailing. Not loud. Not obvious. Unmistakably Twessie.</p>,Twessie,Bikini Bottom,"minimalist bikini bottom, Crinkled Seersucker bikini, minimalist luxury, architectural swimsuit, high-end swimwear",TRUE,Color,Chalk White,Size,M,TWESSIE_EU_BB_0110-Chalk White-M,168.0,,10
twessie-eu-bb-0110,Stone Gray Minimalist Crinkled Seersucker Bikini Bottom,<p>A statement piece in Crinkled Seersucker. This bikini bottom combines architectural elegance design with impeccable craftsmanship. Available in Stone Gray with Chalk White detailing. Not loud. Not obvious. Unmistakably Twessie.</p>,Twessie,Bikini Bottom,"minimalist bikini bottom, Crinkled Seersucker bikini, minimalist luxury, architectural swimsuit, high-end swimwear",TRUE,Color,Chalk White,Size,L,TWESSIE_EU_BB_0110-Chalk White-L,168.0,,10
twessie-eu-bb-0110,Stone Gray Minimalist Crinkled Seersucker Bikini Bottom,<p>A statement piece in Crinkled Seersucker. This bikini bottom combines architectural elegance design with impeccable craftsmanship. Available in Stone Gray with Chalk White detailing. Not loud. Not obvious. Unmistakably Twessie.</p>,Twessie,Bikini Bottom,"minimalist bikini bottom, Crinkled Seersucker bikini, minimalist luxury, architectural swimsuit, high-end swimwear",TRUE,Color,Chalk White,Size,XL,TWESSIE_EU_BB_0110-Chalk White-XL,168.0,,10
twessie-eu-bb-0110,Stone Gray Minimalist Crinkled Seersucker Bikini Bottom,<p>A statement piece in Crinkled Seersucker. This bikini bottom combines architectural elegance design with impeccable craftsmanship. Available in Stone Gray with Chalk White detailing. Not loud. Not obvious. Unmistakably Twessie.</p>,Twessie,Bikini Bottom,"minimalist bikini bottom, Crinkled Seersucker bikini, minimalist luxury, architectural swimsuit, high-end swimwear",TRUE,Color,Chalk White,Size,XXL,TWESSIE_EU_BB_0110-Chalk White-XXL,168.0,,10
twessie-jp-bt-0201,Minimalist Olive Drab Textured Bikini Top,<p>A statement piece in Matte Ribbed Knit. This bikini top combines intelligent aesthetic design with impeccable craftsmanship. Available in Olive Drab with Burnt Terracotta detailing. Not loud. Not obvious. Unmistakably Twessie.</p>,Twessie,Bikini Top,"independent fashion, architectural swimsuit, minimalist bikini top, Matte Ribbed Knit bikini, luxury Olive Drab swimwear",TRUE,Color,Olive Drab,Size,XS,TWESSIE_JP_BT_0201-Olive Drab-XS,168.0,,10
twessie-jp-bt-0201,Minimalist Olive Drab Textured Bikini Top,<p>A statement piece in Matte Ribbed Knit. This bikini top combines intelligent aesthetic design with impeccable craftsmanship. Available in Olive Drab with Burnt Terracotta detailing. Not loud. Not obvious. Unmistakably Twessie.</p>,Twessie,Bikini Top,"independent fashion, architectural swimsuit, minimalist bikini top, Matte Ribbed Knit bikini, luxury Olive Drab swimwear",TRUE,Color,Olive Drab,Size,S,TWESSIE_JP_BT_0201-Olive Drab-S,168.0,,10
twessie-jp-bt-0201,Minimalist Olive Drab Textured Bikini Top,<p>A statement piece in Matte Ribbed Knit. This bikini top combines intelligent aesthetic design with impeccable craftsmanship. Available in Olive Drab with Burnt Terracotta detailing. Not loud. Not obvious. Unmistakably Twessie.</p>,Twessie,Bikini Top,"independent fashion, architectural swimsuit, minimalist bikini top, Matte Ribbed Knit bikini, luxury Olive Drab swimwear",TRUE,Color,Olive Drab,Size,M,TWESSIE_JP_BT_0201-Olive Drab-M,168.0,,10
twessie-jp-bt-0201,Minimalist Olive Drab Textured Bikini Top,<p>A statement piece in Matte Ribbed Knit. This bikini top combines intelligent aesthetic design with impeccable craftsmanship. Available in Olive Drab with Burnt Terracotta detailing. Not loud. Not obvious. Unmistakably Twessie.</p>,Twessie,Bikini Top,"independent fashion, architectural swimsuit, minimalist bikini top, Matte Ribbed Knit bikini, luxury Olive Drab swimwear",TRUE,Color,Olive Drab,Size,L,TWESSIE_JP_BT_0201-Olive Drab-L,168.0,,10
twessie-jp-bt-0201,Minimalist Olive Drab Textured Bikini Top,<p>A statement piece in Matte Ribbed Knit. This bikini top combines intelligent aesthetic design with impeccable craftsmanship. Available in Olive Drab with Burnt Terracotta detailing. Not loud. Not obvious. Unmistakably Twessie.</p>,Twessie,Bikini Top,"independent fashion, architectural swimsuit, minimalist bikini top, Matte Ribbed Knit bikini, luxury Olive Drab swimwear",TRUE,Color,Olive Drab,Size,XL,TWESSIE_JP_BT_0201-Olive Drab-XL,168.0,,10
twessie-jp-bt-0201,Minimalist Olive Drab Textured Bikini Top,<p>A statement piece in Matte Ribbed Knit. This bikini top combines intelligent aesthetic design with impeccable craftsmanship. Available in Olive Drab with Burnt Terracotta detailing. Not loud. Not obvious. Unmistakably Twessie.</p>,Twessie,Bikini Top,"independent fashion, architectural swimsuit, minimalist bikini top, Matte Ribbed Knit bikini, luxury Olive Drab swimwear",TRUE,Color,Olive Drab,Size,XXL,TWESSIE_JP_BT_0201-Olive Drab-XXL,168.0,,10
twessie-jp-bt-0201,Minimalist Olive Drab Textured Bikini Top,<p>A statement piece in Matte Ribbed Knit. This bikini top combines intelligent aesthetic design with impeccable craftsmanship. Available in Olive Drab with Burnt Terracotta detailing. Not loud. Not obvious. Unmistakably Twessie.</p>,Twessie,Bikini Top,"independent fashion, architectural swimsuit, minimalist bikini top, Matte Ribbed Knit bikini, luxury Olive Drab swimwear",TRUE,Color,Burnt Terracotta,Size,XS,TWESSIE_JP_BT_0201-Burnt Terracotta-XS,168.0,,10
twessie-jp-bt-0201,Minimalist Olive Drab Textured Bikini Top,<p>A statement piece in Matte Ribbed Knit. This bikini top combines intelligent aesthetic design with impeccable craftsmanship. Available in Olive Drab with Burnt Terracotta detailing. Not loud. Not obvious. Unmistakably Twessie.</p>,Twessie,Bikini Top,"independent fashion, architectural swimsuit, minimalist bikini top, Matte Ribbed Knit bikini, luxury Olive Drab swimwear",TRUE,Color,Burnt Terracotta,Size,S,TWESSIE_JP_BT_0201-Burnt Terracotta-S,168.0,,10
twessie-jp-bt-0201,Minimalist Olive Drab Textured Bikini Top,<p>A statement piece in Matte Ribbed Knit. This bikini top combines intelligent aesthetic design with impeccable craftsmanship. Available in Olive Drab with Burnt Terracotta detailing. Not loud. Not obvious. Unmistakably Twessie.</p>,Twessie,Bikini Top,"independent fashion, architectural swimsuit, minimalist bikini top, Matte Ribbed Knit bikini, luxury Olive Drab swimwear",TRUE,Color,Burnt Terracotta,Size,M,TWESSIE_JP_BT_0201-Burnt Terracotta-M,168.0,,10
twessie-jp-bt-0201,Minimalist Olive Drab Textured Bikini Top,<p>A statement piece in Matte Ribbed Knit. This bikini top combines intelligent aesthetic design with impeccable craftsmanship. Available in Olive Drab with Burnt Terracotta detailing. Not loud. Not obvious. Unmistakably Twessie.</p>,Twessie,Bikini Top,"independent fashion, architectural swimsuit, minimalist bikini top, Matte Ribbed Knit bikini, luxury Olive Drab swimwear",TRUE,Color,Burnt Terracotta,Size,L,TWESSIE_JP_BT_0201-Burnt Terracotta-L,168.0,,10
twessie-jp-bt-0201,Minimalist Olive Drab Textured Bikini Top,<p>A statement piece in Matte Ribbed Knit. This bikini top combines intelligent aesthetic design with impeccable craftsmanship. Available in Olive Drab with Burnt Terracotta detailing. Not loud. Not obvious. Unmistakably Twessie.</p>,Twessie,Bikini Top,"independent fashion, architectural swimsuit, minimalist bikini top, Matte Ribbed Knit bikini, luxury Olive Drab swimwear",TRUE,Color,Burnt Terracotta,Size,XL,TWESSIE_JP_BT_0201-Burnt Terracotta-XL,168.0,,10
twessie-jp-bt-0201,Minimalist Olive Drab Textured Bikini Top,<p>A statement piece in Matte Ribbed Knit. This bikini top combines intelligent aesthetic design with impeccable craftsmanship. Available in Olive Drab with Burnt Terracotta detailing. Not loud. Not obvious. Unmistakably Twessie.</p>,Twessie,Bikini Top,"independent fashion, architectural swimsuit, minimalist bikini top, Matte Ribbed Knit bikini, luxury Olive Drab swimwear",TRUE,Color,Burnt Terracotta,Size,XXL,TWESSIE_JP_BT_0201-Burnt Terracotta-XXL,168.0,,10
twessie-sg-bb-0202,Chalk White Minimalist Crinkled Seersucker Bikini Bottom,"<p>Crinkled Seersucker construction meets architectural precision in this bikini bottom. Designed for the intelligent, independent woman. The Chalk White colorway with Stone Gray accents creates a sophisticated palette. Pure minimalist luxury elegance.</p>",Twessie,Bikini Bottom,"independent fashion, luxury Chalk White swimwear, minimalist bikini bottom, high-end swimwear, minimalist luxury",TRUE,Color,Chalk White,Size,XS,TWESSIE_SG_BB_0202-Chalk White-XS,168.0,,10
twessie-sg-bb-0202,Chalk White Minimalist Crinkled Seersucker Bikini Bottom,"<p>Crinkled Seersucker construction meets architectural precision in this bikini bottom. Designed for the intelligent, independent woman. The Chalk White colorway with Stone Gray accents creates a sophisticated palette. Pure minimalist luxury elegance.</p>",Twessie,Bikini Bottom,"independent fashion, luxury Chalk White swimwear, minimalist bikini bottom, high-end swimwear, minimalist luxury",TRUE,Color,Chalk White,Size,S,TWESSIE_SG_BB_0202-Chalk White-S,168.0,,10
twessie-sg-bb-0202,Chalk White Minimalist Crinkled Seersucker Bikini Bottom,"<p>Crinkled Seersucker construction meets architectural precision in this bikini bottom. Designed for the intelligent, independent woman. The Chalk White colorway with Stone Gray accents creates a sophisticated palette. Pure minimalist luxury elegance.</p>",Twessie,Bikini Bottom,"independent fashion, luxury Chalk White swimwear, minimalist bikini bottom, high-end swimwear, minimalist luxury",TRUE,Color,Chalk White,Size,M,TWESSIE_SG_BB_0202-Chalk White-M,168.0,,10
twessie-sg-bb-0202,Chalk White Minimalist Crinkled Seersucker Bikini Bottom,"<p>Crinkled Seersucker construction meets architectural precision in this bikini bottom. Designed for the intelligent, independent woman. The Chalk White colorway with Stone Gray accents creates a sophisticated palette. Pure minimalist luxury elegance.</p>",Twessie,Bikini Bottom,"independent fashion, luxury Chalk White swimwear, minimalist bikini bottom, high-end swimwear, minimalist luxury",TRUE,Color,Chalk White,Size,L,TWESSIE_SG_BB_0202-Chalk White-L,168.0,,10
twessie-sg-bb-0202,Chalk White Minimalist Crinkled Seersucker Bikini Bottom,"<p>Crinkled Seersucker construction meets architectural precision in this bikini bottom. Designed for the intelligent, independent woman. The Chalk White colorway with Stone Gray accents creates a sophisticated palette. Pure minimalist luxury elegance.</p>",Twessie,Bikini Bottom,"independent fashion, luxury Chalk White swimwear, minimalist bikini bottom, high-end swimwear, minimalist luxury",TRUE,Color,Chalk White,Size,XL,TWESSIE_SG_BB_0202-Chalk White-XL,168.0,,10
twessie-sg-bb-0202,Chalk White Minimalist Crinkled Seersucker Bikini Bottom,"<p>Crinkled Seersucker construction meets architectural precision in this bikini bottom. Designed for the intelligent, independent woman. The Chalk White colorway with Stone Gray accents creates a sophisticated palette. Pure minimalist luxury elegance.</p>",Twessie,Bikini Bottom,"independent fashion, luxury Chalk White swimwear, minimalist bikini bottom, high-end swimwear, minimalist luxury",TRUE,Color,Chalk White,Size,XXL,TWESSIE_SG_BB_0202-Chalk White-XXL,168.0,,10
twessie-sg-bb-0202,Chalk White Minimalist Crinkled Seersucker Bikini Bottom,"<p>Crinkled Seersucker construction meets architectural precision in this bikini bottom. Designed for the intelligent, independent woman. The Chalk White colorway with Stone Gray accents creates a sophisticated palette. Pure minimalist luxury elegance.</p>",Twessie,Bikini Bottom,"independent fashion, luxury Chalk White swimwear, minimalist bikini bottom, high-end swimwear, minimalist luxury",TRUE,Color,Stone Gray,Size,XS,TWESSIE_SG_BB_0202-Stone Gray-XS,168.0,,10
twessie-sg-bb-0202,Chalk White Minimalist Crinkled Seersucker Bikini Bottom,"<p>Crinkled Seersucker construction meets architectural precision in this bikini bottom. Designed for the intelligent, independent woman. The Chalk White colorway with Stone Gray accents creates a sophisticated palette. Pure minimalist luxury elegance.</p>",Twessie,Bikini Bottom,"independent fashion, luxury Chalk White swimwear, minimalist bikini bottom, high-end swimwear, minimalist luxury",TRUE,Color,Stone Gray,Size,S,TWESSIE_SG_BB_0202-Stone Gray-S,168.0,,10
twessie-sg-bb-0202,Chalk White Minimalist Crinkled Seersucker Bikini Bottom,"<p>Crinkled Seersucker construction meets architectural precision in this bikini bottom. Designed for the intelligent, independent woman. The Chalk White colorway with Stone Gray accents creates a sophisticated palette. Pure minimalist luxury elegance.</p>",Twessie,Bikini Bottom,"independent fashion, luxury Chalk White swimwear, minimalist bikini bottom, high-end swimwear, minimalist luxury",TRUE,Color,Stone Gray,Size,M,TWESSIE_SG_BB_0202-Stone Gray-M,168.0,,10
twessie-sg-bb-0202,Chalk White Minimalist Crinkled Seersucker Bikini Bottom,"<p>Crinkled Seersucker construction meets architectural precision in this bikini bottom. Designed for the intelligent, independent woman. The Chalk White colorway with Stone Gray accents creates a sophisticated palette. Pure minimalist luxury elegance.</p>",Twessie,Bikini Bottom,"independent fashion, luxury Chalk White swimwear, minimalist bikini bottom, high-end swimwear, minimalist luxury",TRUE,Color,Stone Gray,Size,L,TWESSIE_SG_BB_0202-Stone Gray-L,168.0,,10
twessie-sg-bb-0202,Chalk White Minimalist Crinkled Seersucker Bikini Bottom,"<p>Crinkled Seersucker construction meets architectural precision in this bikini bottom. Designed for the intelligent, independent woman. The Chalk White colorway with Stone Gray accents creates a sophisticated palette. Pure minimalist luxury elegance.</p>",Twessie,Bikini Bottom,"independent fashion, luxury Chalk White swimwear, minimalist bikini bottom, high-end swimwear, minimalist luxury",TRUE,Color,Stone Gray,Size,XL,TWESSIE_SG_BB_0202-Stone Gray-XL,168.0,,10
twessie-sg-bb-0202,Chalk White Minimalist Crinkled Seersucker Bikini Bottom,"<p>Crinkled Seersucker construction meets architectural precision in this bikini bottom. Designed for the intelligent, independent woman. The Chalk White colorway with Stone Gray accents creates a sophisticated palette. Pure minimalist luxury elegance.</p>",Twessie,Bikini Bottom,"independent fashion, luxury Chalk White swimwear, minimalist bikini bottom, high-end swimwear, minimalist luxury",TRUE,Color,Stone Gray,Size,XXL,TWESSIE_SG_BB_0202-Stone Gray-XXL,168.0,,10
twessie-eu-bb-0203,Olive Drab Minimalist Matte Ribbed Knit Bikini Bottom,<p>A statement piece in Matte Ribbed Knit. This bikini bottom combines minimalist luxury design with impeccable craftsmanship. Available in Olive Drab with Burnt Terracotta detailing. Not loud. Not obvious. Unmistakably Twessie.</p>,Twessie,Bikini Bottom,"high-end swimwear, independent fashion, Matte Ribbed Knit bikini, minimalist bikini bottom, minimalist luxury",TRUE,Color,Olive Drab,Size,XS,TWESSIE_EU_BB_0203-Olive Drab-XS,168.0,,10
twessie-eu-bb-0203,Olive Drab Minimalist Matte Ribbed Knit Bikini Bottom,<p>A statement piece in Matte Ribbed Knit. This bikini bottom combines minimalist luxury design with impeccable craftsmanship. Available in Olive Drab with Burnt Terracotta detailing. Not loud. Not obvious. Unmistakably Twessie.</p>,Twessie,Bikini Bottom,"high-end swimwear, independent fashion, Matte Ribbed Knit bikini, minimalist bikini bottom, minimalist luxury",TRUE,Color,Olive Drab,Size,S,TWESSIE_EU_BB_0203-Olive Drab-S,168.0,,10
twessie-eu-bb-0203,Olive Drab Minimalist Matte Ribbed Knit Bikini Bottom,<p>A statement piece in Matte Ribbed Knit. This bikini bottom combines minimalist luxury design with impeccable craftsmanship. Available in Olive Drab with Burnt Terracotta detailing. Not loud. Not obvious. Unmistakably Twessie.</p>,Twessie,Bikini Bottom,"high-end swimwear, independent fashion, Matte Ribbed Knit bikini, minimalist bikini bottom, minimalist luxury",TRUE,Color,Olive Drab,Size,M,TWESSIE_EU_BB_0203-Olive Drab-M,168.0,,10
twessie-eu-bb-0203,Olive Drab Minimalist Matte Ribbed Knit Bikini Bottom,<p>A statement piece in Matte Ribbed Knit. This bikini bottom combines minimalist luxury design with impeccable craftsmanship. Available in Olive Drab with Burnt Terracotta detailing. Not loud. Not obvious. Unmistakably Twessie.</p>,Twessie,Bikini Bottom,"high-end swimwear, independent fashion, Matte Ribbed Knit bikini, minimalist bikini bottom, minimalist luxury",TRUE,Color,Olive Drab,Size,L,TWESSIE_EU_BB_0203-Olive Drab-L,168.0,,10
twessie-eu-bb-0203,Olive Drab Minimalist Matte Ribbed Knit Bikini Bottom,<p>A statement piece in Matte Ribbed Knit. This bikini bottom combines minimalist luxury design with impeccable craftsmanship. Available in Olive Drab with Burnt Terracotta detailing. Not loud. Not obvious. Unmistakably Twessie.</p>,Twessie,Bikini Bottom,"high-end swimwear, independent fashion, Matte Ribbed Knit bikini, minimalist bikini bottom, minimalist luxury",TRUE,Color,Olive Drab,Size,XL,TWESSIE_EU_BB_0203-Olive Drab-XL,168.0,,10
twessie-eu-bb-0203,Olive Drab Minimalist Matte Ribbed Knit Bikini Bottom,<p>A statement piece in Matte Ribbed Knit. This bikini bottom combines minimalist luxury design with impeccable craftsmanship. Available in Olive Drab with Burnt Terracotta detailing. Not loud. Not obvious. Unmistakably Twessie.</p>,Twessie,Bikini Bottom,"high-end swimwear, independent fashion, Matte Ribbed Knit bikini, minimalist bikini bottom, minimalist luxury",TRUE,Color,Olive Drab,Size,XXL,TWESSIE_EU_BB_0203-Olive Drab-XXL,168.0,,10
twessie-eu-bb-0203,Olive Drab Minimalist Matte Ribbed Knit Bikini Bottom,<p>A statement piece in Matte Ribbed Knit. This bikini bottom combines minimalist luxury design with impeccable craftsmanship. Available in Olive Drab with Burnt Terracotta detailing. Not loud. Not obvious. Unmistakably Twessie.</p>,Twessie,Bikini Bottom,"high-end swimwear, independent fashion, Matte Ribbed Knit bikini, minimalist bikini bottom, minimalist luxury",TRUE,Color,Burnt Terracotta,Size,XS,TWESSIE_EU_BB_0203-Burnt Terracotta-XS,168.0,,10
twessie-eu-bb-0203,Olive Drab Minimalist Matte Ribbed Knit Bikini Bottom,<p>A statement piece in Matte Ribbed Knit. This bikini bottom combines minimalist luxury design with impeccable craftsmanship. Available in Olive Drab with Burnt Terracotta detailing. Not loud. Not obvious. Unmistakably Twessie.</p>,Twessie,Bikini Bottom,"high-end swimwear, independent fashion, Matte Ribbed Knit bikini, minimalist bikini bottom, minimalist luxury",TRUE,Color,Burnt Terracotta,Size,S,TWESSIE_EU_BB_0203-Burnt Terracotta-S,168.0,,10
twessie-eu-bb-0203,Olive Drab Minimalist Matte Ribbed Knit Bikini Bottom,<p>A statement piece in Matte Ribbed Knit. This bikini bottom combines minimalist luxury design with impeccable craftsmanship. Available in Olive Drab with Burnt Terracotta detailing. Not loud. Not obvious. Unmistakably Twessie.</p>,Twessie,Bikini Bottom,"high-end swimwear, independent fashion, Matte Ribbed Knit bikini, minimalist bikini bottom, minimalist luxury",TRUE,Color,Burnt Terracotta,Size,M,TWESSIE_EU_BB_0203-Burnt Terracotta-M,168.0,,10
twessie-eu-bb-0203,Olive Drab Minimalist Matte Ribbed Knit Bikini Bottom,<p>A statement piece in Matte Ribbed Knit. This bikini bottom combines minimalist luxury design with impeccable craftsmanship. Available in Olive Drab with Burnt Terracotta detailing. Not loud. Not obvious. Unmistakably Twessie.</p>,Twessie,Bikini Bottom,"high-end swimwear, independent fashion, Matte Ribbed Knit bikini, minimalist bikini bottom, minimalist luxury",TRUE,Color,Burnt Terracotta,Size,L,TWESSIE_EU_BB_0203-Burnt Terracotta-L,168.0,,10
twessie-eu-bb-0203,Olive Drab Minimalist Matte Ribbed Knit Bikini Bottom,<p>A statement piece in Matte Ribbed Knit. This bikini bottom combines minimalist luxury design with impeccable craftsmanship. Available in Olive Drab with Burnt Terracotta detailing. Not loud. Not obvious. Unmistakably Twessie.</p>,Twessie,Bikini Bottom,"high-end swimwear, independent fashion, Matte Ribbed Knit bikini, minimalist bikini bottom, minimalist luxury",TRUE,Color,Burnt Terracotta,Size,XL,TWESSIE_EU_BB_0203-Burnt Terracotta-XL,168.0,,10
twessie-eu-bb-0203,Olive Drab Minimalist Matte Ribbed Knit Bikini Bottom,<p>A statement piece in Matte Ribbed Knit. This bikini bottom combines minimalist luxury design with impeccable craftsmanship. Available in Olive Drab with Burnt Terracotta detailing. Not loud. Not obvious. Unmistakably Twessie.</p>,Twessie,Bikini Bottom,"high-end swimwear, independent fashion, Matte Ribbed Knit bikini, minimalist bikini bottom, minimalist luxury",TRUE,Color,Burnt Terracotta,Size,XXL,TWESSIE_EU_BB_0203-Burnt Terracotta-XXL,168.0,,10
twessie-sg-bt-0204,Crinkled Seersucker High-Waist Bikini Top in Chalk White,"<p>Crinkled Seersucker construction meets architectural precision in this bikini top. Designed for the intelligent, independent woman. The Chalk White colorway with Stone Gray accents creates a sophisticated palette. Pure anti-fashion statement elegance.</p>",Twessie,Bikini Top,"architectural swimsuit, luxury Chalk White swimwear, independent fashion, high-end swimwear, minimalist bikini top",TRUE,Color,Chalk White,Size,XS,TWESSIE_SG_BT_0204-Chalk White-XS,168.0,,10
twessie-sg-bt-0204,Crinkled Seersucker High-Waist Bikini Top in Chalk White,"<p>Crinkled Seersucker construction meets architectural precision in this bikini top. Designed for the intelligent, independent woman. The Chalk White colorway with Stone Gray accents creates a sophisticated palette. Pure anti-fashion statement elegance.</p>",Twessie,Bikini Top,"architectural swimsuit, luxury Chalk White swimwear, independent fashion, high-end swimwear, minimalist bikini top",TRUE,Color,Chalk White,Size,S,TWESSIE_SG_BT_0204-Chalk White-S,168.0,,10
twessie-sg-bt-0204,Crinkled Seersucker High-Waist Bikini Top in Chalk White,"<p>Crinkled Seersucker construction meets architectural precision in this bikini top. Designed for the intelligent, independent woman. The Chalk White colorway with Stone Gray accents creates a sophisticated palette. Pure anti-fashion statement elegance.</p>",Twessie,Bikini Top,"architectural swimsuit, luxury Chalk White swimwear, independent fashion, high-end swimwear, minimalist bikini top",TRUE,Color,Chalk White,Size,M,TWESSIE_SG_BT_0204-Chalk White-M,168.0,,10
twessie-sg-bt-0204,Crinkled Seersucker High-Waist Bikini Top in Chalk White,"<p>Crinkled Seersucker construction meets architectural precision in this bikini top. Designed for the intelligent, independent woman. The Chalk White colorway with Stone Gray accents creates a sophisticated palette. Pure anti-fashion statement elegance.</p>",Twessie,Bikini Top,"architectural swimsuit, luxury Chalk White swimwear, independent fashion, high-end swimwear, minimalist bikini top",TRUE,Color,Chalk White,Size,L,TWESSIE_SG_BT_0204-Chalk White-L,168.0,,10
twessie-sg-bt-0204,Crinkled Seersucker High-Waist Bikini Top in Chalk White,"<p>Crinkled Seersucker construction meets architectural precision in this bikini top. Designed for the intelligent, independent woman. The Chalk White colorway with Stone Gray accents creates a sophisticated palette. Pure anti-fashion statement elegance.</p>",Twessie,Bikini Top,"architectural swimsuit, luxury Chalk White swimwear, independent fashion, high-end swimwear, minimalist bikini top",TRUE,Color,Chalk White,Size,XL,TWESSIE_SG_BT_0204-Chalk White-XL,168.0,,10
twessie-sg-bt-0204,Crinkled Seersucker High-Waist Bikini Top in Chalk White,"<p>Crinkled Seersucker construction meets architectural precision in this bikini top. Designed for the intelligent, independent woman. The Chalk White colorway with Stone Gray accents creates a sophisticated palette. Pure anti-fashion statement elegance.</p>",Twessie,Bikini Top,"architectural swimsuit, luxury Chalk White swimwear, independent fashion, high-end swimwear, minimalist bikini top",TRUE,Color,Chalk White,Size,XXL,TWESSIE_SG_BT_0204-Chalk White-XXL,168.0,,10
twessie-sg-bt-0204,Crinkled Seersucker High-Waist Bikini Top in Chalk White,"<p>Crinkled Seersucker construction meets architectural precision in this bikini top. Designed for the intelligent, independent woman. The Chalk White colorway with Stone Gray accents creates a sophisticated palette. Pure anti-fashion statement elegance.</p>",Twessie,Bikini Top,"architectural swimsuit, luxury Chalk White swimwear, independent fashion, high-end swimwear, minimalist bikini top",TRUE,Color,Stone Gray,Size,XS,TWESSIE_SG_BT_0204-Stone Gray-XS,168.0,,10
twessie-sg-bt-0204,Crinkled Seersucker High-Waist Bikini Top in Chalk White,"<p>Crinkled Seersucker construction meets architectural precision in this bikini top. Designed for the intelligent, independent woman. The Chalk White colorway with Stone Gray accents creates a sophisticated palette. Pure anti-fashion statement elegance.</p>",Twessie,Bikini Top,"architectural swimsuit, luxury Chalk White swimwear, independent fashion, high-end swimwear, minimalist bikini top",TRUE,Color,Stone Gray,Size,S,TWESSIE_SG_BT_0204-Stone Gray-S,168.0,,10
twessie-sg-bt-0204,Crinkled Seersucker High-Waist Bikini Top in Chalk White,"<p>Crinkled Seersucker construction meets architectural precision in this bikini top. Designed for the intelligent, independent woman. The Chalk White colorway with Stone Gray accents creates a sophisticated palette. Pure anti-fashion statement elegance.</p>",Twessie,Bikini Top,"architectural swimsuit, luxury Chalk White swimwear, independent fashion, high-end swimwear, minimalist bikini top",TRUE,Color,Stone Gray,Size,M,TWESSIE_SG_BT_0204-Stone Gray-M,168.0,,10
twessie-sg-bt-0204,Crinkled Seersucker High-Waist Bikini Top in Chalk White,"<p>Crinkled Seersucker construction meets architectural precision in this bikini top. Designed for the intelligent, independent woman. The Chalk White colorway with Stone Gray accents creates a sophisticated palette. Pure anti-fashion statement elegance.</p>",Twessie,Bikini Top,"architectural swimsuit, luxury Chalk White swimwear, independent fashion, high-end swimwear, minimalist bikini top",TRUE,Color,Stone Gray,Size,L,TWESSIE_SG_BT_0204-Stone Gray-L,168.0,,10
twessie-sg-bt-0204,Crinkled Seersucker High-Waist Bikini Top in Chalk White,"<p>Crinkled Seersucker construction meets architectural precision in this bikini top. Designed for the intelligent, independent woman. The Chalk White colorway with Stone Gray accents creates a sophisticated palette. Pure anti-fashion statement elegance.</p>",Twessie,Bikini Top,"architectural swimsuit, luxury Chalk White swimwear, independent fashion, high-end swimwear, minimalist bikini top",TRUE,Color,Stone Gray,Size,XL,TWESSIE_SG_BT_0204-Stone Gray-XL,168.0,,10
twessie-sg-bt-0204,Crinkled Seersucker High-Waist Bikini Top in Chalk White,"<p>Crinkled Seersucker construction meets architectural precision in this bikini top. Designed for the intelligent, independent woman. The Chalk White colorway with Stone Gray accents creates a sophisticated palette. Pure anti-fashion statement elegance.</p>",Twessie,Bikini Top,"architectural swimsuit, luxury Chalk White swimwear, independent fashion, high-end swimwear, minimalist bikini top",TRUE,Color,Stone Gray,Size,XXL,TWESSIE_SG_BT_0204-Stone Gray-XXL,168.0,,10
twessie-na-bt-0205,Matte Ribbed Knit High-Waist Bikini Top in Burnt Terracotta,<p>Crafted in premium Matte Ribbed Knit with Crinkled Seersucker accents. This bikini top epitomizes anti-fashion statement luxury. Featuring color-blocking in Burnt Terracotta and Olive Drab. Perfect for the discerning swimmer who refuses the obvious.</p>,Twessie,Bikini Top,"Matte Ribbed Knit bikini, minimalist luxury, architectural swimsuit, high-end swimwear, independent fashion",TRUE,Color,Burnt Terracotta,Size,XS,TWESSIE_NA_BT_0205-Burnt Terracotta-XS,168.0,,10
twessie-na-bt-0205,Matte Ribbed Knit High-Waist Bikini Top in Burnt Terracotta,<p>Crafted in premium Matte Ribbed Knit with Crinkled Seersucker accents. This bikini top epitomizes anti-fashion statement luxury. Featuring color-blocking in Burnt Terracotta and Olive Drab. Perfect for the discerning swimmer who refuses the obvious.</p>,Twessie,Bikini Top,"Matte Ribbed Knit bikini, minimalist luxury, architectural swimsuit, high-end swimwear, independent fashion",TRUE,Color,Burnt Terracotta,Size,S,TWESSIE_NA_BT_0205-Burnt Terracotta-S,168.0,,10
twessie-na-bt-0205,Matte Ribbed Knit High-Waist Bikini Top in Burnt Terracotta,<p>Crafted in premium Matte Ribbed Knit with Crinkled Seersucker accents. This bikini top epitomizes anti-fashion statement luxury. Featuring color-blocking in Burnt Terracotta and Olive Drab. Perfect for the discerning swimmer who refuses the obvious.</p>,Twessie,Bikini Top,"Matte Ribbed Knit bikini, minimalist luxury, architectural swimsuit, high-end swimwear, independent fashion",TRUE,Color,Burnt Terracotta,Size,M,TWESSIE_NA_BT_0205-Burnt Terracotta-M,168.0,,10
twessie-na-bt-0205,Matte Ribbed Knit High-Waist Bikini Top in Burnt Terracotta,<p>Crafted in premium Matte Ribbed Knit with Crinkled Seersucker accents. This bikini top epitomizes anti-fashion statement luxury. Featuring color-blocking in Burnt Terracotta and Olive Drab. Perfect for the discerning swimmer who refuses the obvious.</p>,Twessie,Bikini Top,"Matte Ribbed Knit bikini, minimalist luxury, architectural swimsuit, high-end swimwear, independent fashion",TRUE,Color,Burnt Terracotta,Size,L,TWESSIE_NA_BT_0205-Burnt Terracotta-L,168.0,,10
twessie-na-bt-0205,Matte Ribbed Knit High-Waist Bikini Top in Burnt Terracotta,<p>Crafted in premium Matte Ribbed Knit with Crinkled Seersucker accents. This bikini top epitomizes anti-fashion statement luxury. Featuring color-blocking in Burnt Terracotta and Olive Drab. Perfect for the discerning swimmer who refuses the obvious.</p>,Twessie,Bikini Top,"Matte Ribbed Knit bikini, minimalist luxury, architectural swimsuit, high-end swimwear, independent fashion",TRUE,Color,Burnt Terracotta,Size,XL,TWESSIE_NA_BT_0205-Burnt Terracotta-XL,168.0,,10
twessie-na-bt-0205,Matte Ribbed Knit High-Waist Bikini Top in Burnt Terracotta,<p>Crafted in premium Matte Ribbed Knit with Crinkled Seersucker accents. This bikini top epitomizes anti-fashion statement luxury. Featuring color-blocking in Burnt Terracotta and Olive Drab. Perfect for the discerning swimmer who refuses the obvious.</p>,Twessie,Bikini Top,"Matte Ribbed Knit bikini, minimalist luxury, architectural swimsuit, high-end swimwear, independent fashion",TRUE,Color,Burnt Terracotta,Size,XXL,TWESSIE_NA_BT_0205-Burnt Terracotta-XXL,168.0,,10
twessie-na-bt-0205,Matte Ribbed Knit High-Waist Bikini Top in Burnt Terracotta,<p>Crafted in premium Matte Ribbed Knit with Crinkled Seersucker accents. This bikini top epitomizes anti-fashion statement luxury. Featuring color-blocking in Burnt Terracotta and Olive Drab. Perfect for the discerning swimmer who refuses the obvious.</p>,Twessie,Bikini Top,"Matte Ribbed Knit bikini, minimalist luxury, architectural swimsuit, high-end swimwear, independent fashion",TRUE,Color,Olive Drab,Size,XS,TWESSIE_NA_BT_0205-Olive Drab-XS,168.0,,10
twessie-na-bt-0205,Matte Ribbed Knit High-Waist Bikini Top in Burnt Terracotta,<p>Crafted in premium Matte Ribbed Knit with Crinkled Seersucker accents. This bikini top epitomizes anti-fashion statement luxury. Featuring color-blocking in Burnt Terracotta and Olive Drab. Perfect for the discerning swimmer who refuses the obvious.</p>,Twessie,Bikini Top,"Matte Ribbed Knit bikini, minimalist luxury, architectural swimsuit, high-end swimwear, independent fashion",TRUE,Color,Olive Drab,Size,S,TWESSIE_NA_BT_0205-Olive Drab-S,168.0,,10
twessie-na-bt-0205,Matte Ribbed Knit High-Waist Bikini Top in Burnt Terracotta,<p>Crafted in premium Matte Ribbed Knit with Crinkled Seersucker accents. This bikini top epitomizes anti-fashion statement luxury. Featuring color-blocking in Burnt Terracotta and Olive Drab. Perfect for the discerning swimmer who refuses the obvious.</p>,Twessie,Bikini Top,"Matte Ribbed Knit bikini, minimalist luxury, architectural swimsuit, high-end swimwear, independent fashion",TRUE,Color,Olive Drab,Size,M,TWESSIE_NA_BT_0205-Olive Drab-M,168.0,,10
twessie-na-bt-0205,Matte Ribbed Knit High-Waist Bikini Top in Burnt Terracotta,<p>Crafted in premium Matte Ribbed Knit with Crinkled Seersucker accents. This bikini top epitomizes anti-fashion statement luxury. Featuring color-blocking in Burnt Terracotta and Olive Drab. Perfect for the discerning swimmer who refuses the obvious.</p>,Twessie,Bikini Top,"Matte Ribbed Knit bikini, minimalist luxury, architectural swimsuit, high-end swimwear, independent fashion",TRUE,Color,Olive Drab,Size,L,TWESSIE_NA_BT_0205-Olive Drab-L,168.0,,10
twessie-na-bt-0205,Matte Ribbed Knit High-Waist Bikini Top in Burnt Terracotta,<p>Crafted in premium Matte Ribbed Knit with Crinkled Seersucker accents. This bikini top epitomizes anti-fashion statement luxury. Featuring color-blocking in Burnt Terracotta and Olive Drab. Perfect for the discerning swimmer who refuses the obvious.</p>,Twessie,Bikini Top,"Matte Ribbed Knit bikini, minimalist luxury, architectural swimsuit, high-end swimwear, independent fashion",TRUE,Color,Olive Drab,Size,XL,TWESSIE_NA_BT_0205-Olive Drab-XL,168.0,,10
twessie-na-bt-0205,Matte Ribbed Knit High-Waist Bikini Top in Burnt Terracotta,<p>Crafted in premium Matte Ribbed Knit with Crinkled Seersucker accents. This bikini top epitomizes anti-fashion statement luxury. Featuring color-blocking in Burnt Terracotta and Olive Drab. Perfect for the discerning swimmer who refuses the obvious.</p>,Twessie,Bikini Top,"Matte Ribbed Knit bikini, minimalist luxury, architectural swimsuit, high-end swimwear, independent fashion",TRUE,Color,Olive Drab,Size,XXL,TWESSIE_NA_BT_0205-Olive Drab-XXL,168.0,,10
twessie-na-bb-0206,Raw-Edge Obsidian Black Bikini Bottom,<p>A statement piece in Econyl Sleek Satin. This bikini bottom combines intelligent aesthetic design with impeccable craftsmanship. Available in Obsidian Black with Chalk White detailing. Not loud. Not obvious. Unmistakably Twessie.</p>,Twessie,Bikini Bottom,"Econyl Sleek Satin bikini, independent fashion, minimalist bikini bottom, minimalist luxury, luxury Obsidian Black swimwear",TRUE,Color,Obsidian Black,Size,XS,TWESSIE_NA_BB_0206-Obsidian Black-XS,168.0,,10
twessie-na-bb-0206,Raw-Edge Obsidian Black Bikini Bottom,<p>A statement piece in Econyl Sleek Satin. This bikini bottom combines intelligent aesthetic design with impeccable craftsmanship. Available in Obsidian Black with Chalk White detailing. Not loud. Not obvious. Unmistakably Twessie.</p>,Twessie,Bikini Bottom,"Econyl Sleek Satin bikini, independent fashion, minimalist bikini bottom, minimalist luxury, luxury Obsidian Black swimwear",TRUE,Color,Obsidian Black,Size,S,TWESSIE_NA_BB_0206-Obsidian Black-S,168.0,,10
twessie-na-bb-0206,Raw-Edge Obsidian Black Bikini Bottom,<p>A statement piece in Econyl Sleek Satin. This bikini bottom combines intelligent aesthetic design with impeccable craftsmanship. Available in Obsidian Black with Chalk White detailing. Not loud. Not obvious. Unmistakably Twessie.</p>,Twessie,Bikini Bottom,"Econyl Sleek Satin bikini, independent fashion, minimalist bikini bottom, minimalist luxury, luxury Obsidian Black swimwear",TRUE,Color,Obsidian Black,Size,M,TWESSIE_NA_BB_0206-Obsidian Black-M,168.0,,10
twessie-na-bb-0206,Raw-Edge Obsidian Black Bikini Bottom,<p>A statement piece in Econyl Sleek Satin. This bikini bottom combines intelligent aesthetic design with impeccable craftsmanship. Available in Obsidian Black with Chalk White detailing. Not loud. Not obvious. Unmistakably Twessie.</p>,Twessie,Bikini Bottom,"Econyl Sleek Satin bikini, independent fashion, minimalist bikini bottom, minimalist luxury, luxury Obsidian Black swimwear",TRUE,Color,Obsidian Black,Size,L,TWESSIE_NA_BB_0206-Obsidian Black-L,168.0,,10
twessie-na-bb-0206,Raw-Edge Obsidian Black Bikini Bottom,<p>A statement piece in Econyl Sleek Satin. This bikini bottom combines intelligent aesthetic design with impeccable craftsmanship. Available in Obsidian Black with Chalk White detailing. Not loud. Not obvious. Unmistakably Twessie.</p>,Twessie,Bikini Bottom,"Econyl Sleek Satin bikini, independent fashion, minimalist bikini bottom, minimalist luxury, luxury Obsidian Black swimwear",TRUE,Color,Obsidian Black,Size,XL,TWESSIE_NA_BB_0206-Obsidian Black-XL,168.0,,10
twessie-na-bb-0206,Raw-Edge Obsidian Black Bikini Bottom,<p>A statement piece in Econyl Sleek Satin. This bikini bottom combines intelligent aesthetic design with impeccable craftsmanship. Available in Obsidian Black with Chalk White detailing. Not loud. Not obvious. Unmistakably Twessie.</p>,Twessie,Bikini Bottom,"Econyl Sleek Satin bikini, independent fashion, minimalist bikini bottom, minimalist luxury, luxury Obsidian Black swimwear",TRUE,Color,Obsidian Black,Size,XXL,TWESSIE_NA_BB_0206-Obsidian Black-XXL,168.0,,10
twessie-na-bb-0206,Raw-Edge Obsidian Black Bikini Bottom,<p>A statement piece in Econyl Sleek Satin. This bikini bottom combines intelligent aesthetic design with impeccable craftsmanship. Available in Obsidian Black with Chalk White detailing. Not loud. Not obvious. Unmistakably Twessie.</p>,Twessie,Bikini Bottom,"Econyl Sleek Satin bikini, independent fashion, minimalist bikini bottom, minimalist luxury, luxury Obsidian Black swimwear",TRUE,Color,Chalk White,Size,XS,TWESSIE_NA_BB_0206-Chalk White-XS,168.0,,10
twessie-na-bb-0206,Raw-Edge Obsidian Black Bikini Bottom,<p>A statement piece in Econyl Sleek Satin. This bikini bottom combines intelligent aesthetic design with impeccable craftsmanship. Available in Obsidian Black with Chalk White detailing. Not loud. Not obvious. Unmistakably Twessie.</p>,Twessie,Bikini Bottom,"Econyl Sleek Satin bikini, independent fashion, minimalist bikini bottom, minimalist luxury, luxury Obsidian Black swimwear",TRUE,Color,Chalk White,Size,S,TWESSIE_NA_BB_0206-Chalk White-S,168.0,,10
twessie-na-bb-0206,Raw-Edge Obsidian Black Bikini Bottom,<p>A statement piece in Econyl Sleek Satin. This bikini bottom combines intelligent aesthetic design with impeccable craftsmanship. Available in Obsidian Black with Chalk White detailing. Not loud. Not obvious. Unmistakably Twessie.</p>,Twessie,Bikini Bottom,"Econyl Sleek Satin bikini, independent fashion, minimalist bikini bottom, minimalist luxury, luxury Obsidian Black swimwear",TRUE,Color,Chalk White,Size,M,TWESSIE_NA_BB_0206-Chalk White-M,168.0,,10
twessie-na-bb-0206,Raw-Edge Obsidian Black Bikini Bottom,<p>A statement piece in Econyl Sleek Satin. This bikini bottom combines intelligent aesthetic design with impeccable craftsmanship. Available in Obsidian Black with Chalk White detailing. Not loud. Not obvious. Unmistakably Twessie.</p>,Twessie,Bikini Bottom,"Econyl Sleek Satin bikini, independent fashion, minimalist bikini bottom, minimalist luxury, luxury Obsidian Black swimwear",TRUE,Color,Chalk White,Size,L,TWESSIE_NA_BB_0206-Chalk White-L,168.0,,10
twessie-na-bb-0206,Raw-Edge Obsidian Black Bikini Bottom,<p>A statement piece in Econyl Sleek Satin. This bikini bottom combines intelligent aesthetic design with impeccable craftsmanship. Available in Obsidian Black with Chalk White detailing. Not loud. Not obvious. Unmistakably Twessie.</p>,Twessie,Bikini Bottom,"Econyl Sleek Satin bikini, independent fashion, minimalist bikini bottom, minimalist luxury, luxury Obsidian Black swimwear",TRUE,Color,Chalk White,Size,XL,TWESSIE_NA_BB_0206-Chalk White-XL,168.0,,10
twessie-na-bb-0206,Raw-Edge Obsidian Black Bikini Bottom,<p>A statement piece in Econyl Sleek Satin. This bikini bottom combines intelligent aesthetic design with impeccable craftsmanship. Available in Obsidian Black with Chalk White detailing. Not loud. Not obvious. Unmistakably Twessie.</p>,Twessie,Bikini Bottom,"Econyl Sleek Satin bikini, independent fashion, minimalist bikini bottom, minimalist luxury, luxury Obsidian Black swimwear",TRUE,Color,Chalk White,Size,XXL,TWESSIE_NA_BB_0206-Chalk White-XXL,168.0,,10
twessie-sg-bb-0207,Raw-Edge Obsidian Black Bikini Bottom,"<p>Econyl Sleek Satin construction meets architectural precision in this bikini bottom. Designed for the intelligent, independent woman. The Obsidian Black colorway with Stone Gray accents creates a sophisticated palette. Pure minimalist luxury elegance.</p>",Twessie,Bikini Bottom,"Econyl Sleek Satin bikini, independent fashion, minimalist luxury, high-end swimwear, architectural swimsuit",TRUE,Color,Obsidian Black,Size,XS,TWESSIE_SG_BB_0207-Obsidian Black-XS,168.0,,10
twessie-sg-bb-0207,Raw-Edge Obsidian Black Bikini Bottom,"<p>Econyl Sleek Satin construction meets architectural precision in this bikini bottom. Designed for the intelligent, independent woman. The Obsidian Black colorway with Stone Gray accents creates a sophisticated palette. Pure minimalist luxury elegance.</p>",Twessie,Bikini Bottom,"Econyl Sleek Satin bikini, independent fashion, minimalist luxury, high-end swimwear, architectural swimsuit",TRUE,Color,Obsidian Black,Size,S,TWESSIE_SG_BB_0207-Obsidian Black-S,168.0,,10
twessie-sg-bb-0207,Raw-Edge Obsidian Black Bikini Bottom,"<p>Econyl Sleek Satin construction meets architectural precision in this bikini bottom. Designed for the intelligent, independent woman. The Obsidian Black colorway with Stone Gray accents creates a sophisticated palette. Pure minimalist luxury elegance.</p>",Twessie,Bikini Bottom,"Econyl Sleek Satin bikini, independent fashion, minimalist luxury, high-end swimwear, architectural swimsuit",TRUE,Color,Obsidian Black,Size,M,TWESSIE_SG_BB_0207-Obsidian Black-M,168.0,,10
twessie-sg-bb-0207,Raw-Edge Obsidian Black Bikini Bottom,"<p>Econyl Sleek Satin construction meets architectural precision in this bikini bottom. Designed for the intelligent, independent woman. The Obsidian Black colorway with Stone Gray accents creates a sophisticated palette. Pure minimalist luxury elegance.</p>",Twessie,Bikini Bottom,"Econyl Sleek Satin bikini, independent fashion, minimalist luxury, high-end swimwear, architectural swimsuit",TRUE,Color,Obsidian Black,Size,L,TWESSIE_SG_BB_0207-Obsidian Black-L,168.0,,10
twessie-sg-bb-0207,Raw-Edge Obsidian Black Bikini Bottom,"<p>Econyl Sleek Satin construction meets architectural precision in this bikini bottom. Designed for the intelligent, independent woman. The Obsidian Black colorway with Stone Gray accents creates a sophisticated palette. Pure minimalist luxury elegance.</p>",Twessie,Bikini Bottom,"Econyl Sleek Satin bikini, independent fashion, minimalist luxury, high-end swimwear, architectural swimsuit",TRUE,Color,Obsidian Black,Size,XL,TWESSIE_SG_BB_0207-Obsidian Black-XL,168.0,,10
twessie-sg-bb-0207,Raw-Edge Obsidian Black Bikini Bottom,"<p>Econyl Sleek Satin construction meets architectural precision in this bikini bottom. Designed for the intelligent, independent woman. The Obsidian Black colorway with Stone Gray accents creates a sophisticated palette. Pure minimalist luxury elegance.</p>",Twessie,Bikini Bottom,"Econyl Sleek Satin bikini, independent fashion, minimalist luxury, high-end swimwear, architectural swimsuit",TRUE,Color,Obsidian Black,Size,XXL,TWESSIE_SG_BB_0207-Obsidian Black-XXL,168.0,,10
twessie-sg-bb-0207,Raw-Edge Obsidian Black Bikini Bottom,"<p>Econyl Sleek Satin construction meets architectural precision in this bikini bottom. Designed for the intelligent, independent woman. The Obsidian Black colorway with Stone Gray accents creates a sophisticated palette. Pure minimalist luxury elegance.</p>",Twessie,Bikini Bottom,"Econyl Sleek Satin bikini, independent fashion, minimalist luxury, high-end swimwear, architectural swimsuit",TRUE,Color,Stone Gray,Size,XS,TWESSIE_SG_BB_0207-Stone Gray-XS,168.0,,10
twessie-sg-bb-0207,Raw-Edge Obsidian Black Bikini Bottom,"<p>Econyl Sleek Satin construction meets architectural precision in this bikini bottom. Designed for the intelligent, independent woman. The Obsidian Black colorway with Stone Gray accents creates a sophisticated palette. Pure minimalist luxury elegance.</p>",Twessie,Bikini Bottom,"Econyl Sleek Satin bikini, independent fashion, minimalist luxury, high-end swimwear, architectural swimsuit",TRUE,Color,Stone Gray,Size,S,TWESSIE_SG_BB_0207-Stone Gray-S,168.0,,10
twessie-sg-bb-0207,Raw-Edge Obsidian Black Bikini Bottom,"<p>Econyl Sleek Satin construction meets architectural precision in this bikini bottom. Designed for the intelligent, independent woman. The Obsidian Black colorway with Stone Gray accents creates a sophisticated palette. Pure minimalist luxury elegance.</p>",Twessie,Bikini Bottom,"Econyl Sleek Satin bikini, independent fashion, minimalist luxury, high-end swimwear, architectural swimsuit",TRUE,Color,Stone Gray,Size,M,TWESSIE_SG_BB_0207-Stone Gray-M,168.0,,10
twessie-sg-bb-0207,Raw-Edge Obsidian Black Bikini Bottom,"<p>Econyl Sleek Satin construction meets architectural precision in this bikini bottom. Designed for the intelligent, independent woman. The Obsidian Black colorway with Stone Gray accents creates a sophisticated palette. Pure minimalist luxury elegance.</p>",Twessie,Bikini Bottom,"Econyl Sleek Satin bikini, independent fashion, minimalist luxury, high-end swimwear, architectural swimsuit",TRUE,Color,Stone Gray,Size,L,TWESSIE_SG_BB_0207-Stone Gray-L,168.0,,10
twessie-sg-bb-0207,Raw-Edge Obsidian Black Bikini Bottom,"<p>Econyl Sleek Satin construction meets architectural precision in this bikini bottom. Designed for the intelligent, independent woman. The Obsidian Black colorway with Stone Gray accents creates a sophisticated palette. Pure minimalist luxury elegance.</p>",Twessie,Bikini Bottom,"Econyl Sleek Satin bikini, independent fashion, minimalist luxury, high-end swimwear, architectural swimsuit",TRUE,Color,Stone Gray,Size,XL,TWESSIE_SG_BB_0207-Stone Gray-XL,168.0,,10
twessie-sg-bb-0207,Raw-Edge Obsidian Black Bikini Bottom,"<p>Econyl Sleek Satin construction meets architectural precision in this bikini bottom. Designed for the intelligent, independent woman. The Obsidian Black colorway with Stone Gray accents creates a sophisticated palette. Pure minimalist luxury elegance.</p>",Twessie,Bikini Bottom,"Econyl Sleek Satin bikini, independent fashion, minimalist luxury, high-end swimwear, architectural swimsuit",TRUE,Color,Stone Gray,Size,XXL,TWESSIE_SG_BB_0207-Stone Gray-XXL,168.0,,10
twessie-au-bb-0208,Raw-Edge Stone Gray Bikini Bottom,"<p>Crinkled Seersucker construction meets architectural precision in this bikini bottom. Designed for the intelligent, independent woman. The Stone Gray colorway with Chalk White accents creates a sophisticated palette. Pure anti-fashion statement elegance.</p>",Twessie,Bikini Bottom,"luxury Stone Gray swimwear, independent fashion, minimalist bikini bottom, minimalist luxury, Crinkled Seersucker bikini",TRUE,Color,Stone Gray,Size,XS,TWESSIE_AU_BB_0208-Stone Gray-XS,168.0,,10
twessie-au-bb-0208,Raw-Edge Stone Gray Bikini Bottom,"<p>Crinkled Seersucker construction meets architectural precision in this bikini bottom. Designed for the intelligent, independent woman. The Stone Gray colorway with Chalk White accents creates a sophisticated palette. Pure anti-fashion statement elegance.</p>",Twessie,Bikini Bottom,"luxury Stone Gray swimwear, independent fashion, minimalist bikini bottom, minimalist luxury, Crinkled Seersucker bikini",TRUE,Color,Stone Gray,Size,S,TWESSIE_AU_BB_0208-Stone Gray-S,168.0,,10
twessie-au-bb-0208,Raw-Edge Stone Gray Bikini Bottom,"<p>Crinkled Seersucker construction meets architectural precision in this bikini bottom. Designed for the intelligent, independent woman. The Stone Gray colorway with Chalk White accents creates a sophisticated palette. Pure anti-fashion statement elegance.</p>",Twessie,Bikini Bottom,"luxury Stone Gray swimwear, independent fashion, minimalist bikini bottom, minimalist luxury, Crinkled Seersucker bikini",TRUE,Color,Stone Gray,Size,M,TWESSIE_AU_BB_0208-Stone Gray-M,168.0,,10
twessie-au-bb-0208,Raw-Edge Stone Gray Bikini Bottom,"<p>Crinkled Seersucker construction meets architectural precision in this bikini bottom. Designed for the intelligent, independent woman. The Stone Gray colorway with Chalk White accents creates a sophisticated palette. Pure anti-fashion statement elegance.</p>",Twessie,Bikini Bottom,"luxury Stone Gray swimwear, independent fashion, minimalist bikini bottom, minimalist luxury, Crinkled Seersucker bikini",TRUE,Color,Stone Gray,Size,L,TWESSIE_AU_BB_0208-Stone Gray-L,168.0,,10
twessie-au-bb-0208,Raw-Edge Stone Gray Bikini Bottom,"<p>Crinkled Seersucker construction meets architectural precision in this bikini bottom. Designed for the intelligent, independent woman. The Stone Gray colorway with Chalk White accents creates a sophisticated palette. Pure anti-fashion statement elegance.</p>",Twessie,Bikini Bottom,"luxury Stone Gray swimwear, independent fashion, minimalist bikini bottom, minimalist luxury, Crinkled Seersucker bikini",TRUE,Color,Stone Gray,Size,XL,TWESSIE_AU_BB_0208-Stone Gray-XL,168.0,,10
twessie-au-bb-0208,Raw-Edge Stone Gray Bikini Bottom,"<p>Crinkled Seersucker construction meets architectural precision in this bikini bottom. Designed for the intelligent, independent woman. The Stone Gray colorway with Chalk White accents creates a sophisticated palette. Pure anti-fashion statement elegance.</p>",Twessie,Bikini Bottom,"luxury Stone Gray swimwear, independent fashion, minimalist bikini bottom, minimalist luxury, Crinkled Seersucker bikini",TRUE,Color,Stone Gray,Size,XXL,TWESSIE_AU_BB_0208-Stone Gray-XXL,168.0,,10
twessie-au-bb-0208,Raw-Edge Stone Gray Bikini Bottom,"<p>Crinkled Seersucker construction meets architectural precision in this bikini bottom. Designed for the intelligent, independent woman. The Stone Gray colorway with Chalk White accents creates a sophisticated palette. Pure anti-fashion statement elegance.</p>",Twessie,Bikini Bottom,"luxury Stone Gray swimwear, independent fashion, minimalist bikini bottom, minimalist luxury, Crinkled Seersucker bikini",TRUE,Color,Chalk White,Size,XS,TWESSIE_AU_BB_0208-Chalk White-XS,168.0,,10
twessie-au-bb-0208,Raw-Edge Stone Gray Bikini Bottom,"<p>Crinkled Seersucker construction meets architectural precision in this bikini bottom. Designed for the intelligent, independent woman. The Stone Gray colorway with Chalk White accents creates a sophisticated palette. Pure anti-fashion statement elegance.</p>",Twessie,Bikini Bottom,"luxury Stone Gray swimwear, independent fashion, minimalist bikini bottom, minimalist luxury, Crinkled Seersucker bikini",TRUE,Color,Chalk White,Size,S,TWESSIE_AU_BB_0208-Chalk White-S,168.0,,10
twessie-au-bb-0208,Raw-Edge Stone Gray Bikini Bottom,"<p>Crinkled Seersucker construction meets architectural precision in this bikini bottom. Designed for the intelligent, independent woman. The Stone Gray colorway with Chalk White accents creates a sophisticated palette. Pure anti-fashion statement elegance.</p>",Twessie,Bikini Bottom,"luxury Stone Gray swimwear, independent fashion, minimalist bikini bottom, minimalist luxury, Crinkled Seersucker bikini",TRUE,Color,Chalk White,Size,M,TWESSIE_AU_BB_0208-Chalk White-M,168.0,,10
twessie-au-bb-0208,Raw-Edge Stone Gray Bikini Bottom,"<p>Crinkled Seersucker construction meets architectural precision in this bikini bottom. Designed for the intelligent, independent woman. The Stone Gray colorway with Chalk White accents creates a sophisticated palette. Pure anti-fashion statement elegance.</p>",Twessie,Bikini Bottom,"luxury Stone Gray swimwear, independent fashion, minimalist bikini bottom, minimalist luxury, Crinkled Seersucker bikini",TRUE,Color,Chalk White,Size,L,TWESSIE_AU_BB_0208-Chalk White-L,168.0,,10
twessie-au-bb-0208,Raw-Edge Stone Gray Bikini Bottom,"<p>Crinkled Seersucker construction meets architectural precision in this bikini bottom. Designed for the intelligent, independent woman. The Stone Gray colorway with Chalk White accents creates a sophisticated palette. Pure anti-fashion statement elegance.</p>",Twessie,Bikini Bottom,"luxury Stone Gray swimwear, independent fashion, minimalist bikini bottom, minimalist luxury, Crinkled Seersucker bikini",TRUE,Color,Chalk White,Size,XL,TWESSIE_AU_BB_0208-Chalk White-XL,168.0,,10
twessie-au-bb-0208,Raw-Edge Stone Gray Bikini Bottom,"<p>Crinkled Seersucker construction meets architectural precision in this bikini bottom. Designed for the intelligent, independent woman. The Stone Gray colorway with Chalk White accents creates a sophisticated palette. Pure anti-fashion statement elegance.</p>",Twessie,Bikini Bottom,"luxury Stone Gray swimwear, independent fashion, minimalist bikini bottom, minimalist luxury, Crinkled Seersucker bikini",TRUE,Color,Chalk White,Size,XXL,TWESSIE_AU_BB_0208-Chalk White-XXL,168.0,,10
twessie-na-bt-0209,Minimalist Olive Drab Textured Bikini Top,<p>Crafted in premium Matte Ribbed Knit with Econyl Sleek Satin accents. This bikini top epitomizes rebellious yet refined luxury. Featuring color-blocking in Olive Drab and Burnt Terracotta. Perfect for the discerning swimmer who refuses the obvious.</p>,Twessie,Bikini Top,"minimalist luxury, architectural swimsuit, independent fashion, high-end swimwear, minimalist bikini top",TRUE,Color,Olive Drab,Size,XS,TWESSIE_NA_BT_0209-Olive Drab-XS,168.0,,10
twessie-na-bt-0209,Minimalist Olive Drab Textured Bikini Top,<p>Crafted in premium Matte Ribbed Knit with Econyl Sleek Satin accents. This bikini top epitomizes rebellious yet refined luxury. Featuring color-blocking in Olive Drab and Burnt Terracotta. Perfect for the discerning swimmer who refuses the obvious.</p>,Twessie,Bikini Top,"minimalist luxury, architectural swimsuit, independent fashion, high-end swimwear, minimalist bikini top",TRUE,Color,Olive Drab,Size,S,TWESSIE_NA_BT_0209-Olive Drab-S,168.0,,10
twessie-na-bt-0209,Minimalist Olive Drab Textured Bikini Top,<p>Crafted in premium Matte Ribbed Knit with Econyl Sleek Satin accents. This bikini top epitomizes rebellious yet refined luxury. Featuring color-blocking in Olive Drab and Burnt Terracotta. Perfect for the discerning swimmer who refuses the obvious.</p>,Twessie,Bikini Top,"minimalist luxury, architectural swimsuit, independent fashion, high-end swimwear, minimalist bikini top",TRUE,Color,Olive Drab,Size,M,TWESSIE_NA_BT_0209-Olive Drab-M,168.0,,10
twessie-na-bt-0209,Minimalist Olive Drab Textured Bikini Top,<p>Crafted in premium Matte Ribbed Knit with Econyl Sleek Satin accents. This bikini top epitomizes rebellious yet refined luxury. Featuring color-blocking in Olive Drab and Burnt Terracotta. Perfect for the discerning swimmer who refuses the obvious.</p>,Twessie,Bikini Top,"minimalist luxury, architectural swimsuit, independent fashion, high-end swimwear, minimalist bikini top",TRUE,Color,Olive Drab,Size,L,TWESSIE_NA_BT_0209-Olive Drab-L,168.0,,10
twessie-na-bt-0209,Minimalist Olive Drab Textured Bikini Top,<p>Crafted in premium Matte Ribbed Knit with Econyl Sleek Satin accents. This bikini top epitomizes rebellious yet refined luxury. Featuring color-blocking in Olive Drab and Burnt Terracotta. Perfect for the discerning swimmer who refuses the obvious.</p>,Twessie,Bikini Top,"minimalist luxury, architectural swimsuit, independent fashion, high-end swimwear, minimalist bikini top",TRUE,Color,Olive Drab,Size,XL,TWESSIE_NA_BT_0209-Olive Drab-XL,168.0,,10
twessie-na-bt-0209,Minimalist Olive Drab Textured Bikini Top,<p>Crafted in premium Matte Ribbed Knit with Econyl Sleek Satin accents. This bikini top epitomizes rebellious yet refined luxury. Featuring color-blocking in Olive Drab and Burnt Terracotta. Perfect for the discerning swimmer who refuses the obvious.</p>,Twessie,Bikini Top,"minimalist luxury, architectural swimsuit, independent fashion, high-end swimwear, minimalist bikini top",TRUE,Color,Olive Drab,Size,XXL,TWESSIE_NA_BT_0209-Olive Drab-XXL,168.0,,10
twessie-na-bt-0209,Minimalist Olive Drab Textured Bikini Top,<p>Crafted in premium Matte Ribbed Knit with Econyl Sleek Satin accents. This bikini top epitomizes rebellious yet refined luxury. Featuring color-blocking in Olive Drab and Burnt Terracotta. Perfect for the discerning swimmer who refuses the obvious.</p>,Twessie,Bikini Top,"minimalist luxury, architectural swimsuit, independent fashion, high-end swimwear, minimalist bikini top",TRUE,Color,Burnt Terracotta,Size,XS,TWESSIE_NA_BT_0209-Burnt Terracotta-XS,168.0,,10
twessie-na-bt-0209,Minimalist Olive Drab Textured Bikini Top,<p>Crafted in premium Matte Ribbed Knit with Econyl Sleek Satin accents. This bikini top epitomizes rebellious yet refined luxury. Featuring color-blocking in Olive Drab and Burnt Terracotta. Perfect for the discerning swimmer who refuses the obvious.</p>,Twessie,Bikini Top,"minimalist luxury, architectural swimsuit, independent fashion, high-end swimwear, minimalist bikini top",TRUE,Color,Burnt Terracotta,Size,S,TWESSIE_NA_BT_0209-Burnt Terracotta-S,168.0,,10
twessie-na-bt-0209,Minimalist Olive Drab Textured Bikini Top,<p>Crafted in premium Matte Ribbed Knit with Econyl Sleek Satin accents. This bikini top epitomizes rebellious yet refined luxury. Featuring color-blocking in Olive Drab and Burnt Terracotta. Perfect for the discerning swimmer who refuses the obvious.</p>,Twessie,Bikini Top,"minimalist luxury, architectural swimsuit, independent fashion, high-end swimwear, minimalist bikini top",TRUE,Color,Burnt Terracotta,Size,M,TWESSIE_NA_BT_0209-Burnt Terracotta-M,168.0,,10
twessie-na-bt-0209,Minimalist Olive Drab Textured Bikini Top,<p>Crafted in premium Matte Ribbed Knit with Econyl Sleek Satin accents. This bikini top epitomizes rebellious yet refined luxury. Featuring color-blocking in Olive Drab and Burnt Terracotta. Perfect for the discerning swimmer who refuses the obvious.</p>,Twessie,Bikini Top,"minimalist luxury, architectural swimsuit, independent fashion, high-end swimwear, minimalist bikini top",TRUE,Color,Burnt Terracotta,Size,L,TWESSIE_NA_BT_0209-Burnt Terracotta-L,168.0,,10
twessie-na-bt-0209,Minimalist Olive Drab Textured Bikini Top,<p>Crafted in premium Matte Ribbed Knit with Econyl Sleek Satin accents. This bikini top epitomizes rebellious yet refined luxury. Featuring color-blocking in Olive Drab and Burnt Terracotta. Perfect for the discerning swimmer who refuses the obvious.</p>,Twessie,Bikini Top,"minimalist luxury, architectural swimsuit, independent fashion, high-end swimwear, minimalist bikini top",TRUE,Color,Burnt Terracotta,Size,XL,TWESSIE_NA_BT_0209-Burnt Terracotta-XL,168.0,,10
twessie-na-bt-0209,Minimalist Olive Drab Textured Bikini Top,<p>Crafted in premium Matte Ribbed Knit with Econyl Sleek Satin accents. This bikini top epitomizes rebellious yet refined luxury. Featuring color-blocking in Olive Drab and Burnt Terracotta. Perfect for the discerning swimmer who refuses the obvious.</p>,Twessie,Bikini Top,"minimalist luxury, architectural swimsuit, independent fashion, high-end swimwear, minimalist bikini top",TRUE,Color,Burnt Terracotta,Size,XXL,TWESSIE_NA_BT_0209-Burnt Terracotta-XXL,168.0,,10
twessie-na-op-0210,Sculptural Stone Gray Monokini,<p>Crafted in premium Crinkled Seersucker with Econyl Sleek Satin accents. This one-piece epitomizes rebellious yet refined luxury. Featuring color-blocking in Stone Gray and Chalk White. Perfect for the discerning swimmer who refuses the obvious.</p>,Twessie,One-Piece,"luxury Stone Gray swimwear, minimalist one-piece, architectural swimsuit, Crinkled Seersucker bikini, high-end swimwear",TRUE,Color,Stone Gray,Size,XS,TWESSIE_NA_OP_0210-Stone Gray-XS,168.0,,10
twessie-na-op-0210,Sculptural Stone Gray Monokini,<p>Crafted in premium Crinkled Seersucker with Econyl Sleek Satin accents. This one-piece epitomizes rebellious yet refined luxury. Featuring color-blocking in Stone Gray and Chalk White. Perfect for the discerning swimmer who refuses the obvious.</p>,Twessie,One-Piece,"luxury Stone Gray swimwear, minimalist one-piece, architectural swimsuit, Crinkled Seersucker bikini, high-end swimwear",TRUE,Color,Stone Gray,Size,S,TWESSIE_NA_OP_0210-Stone Gray-S,168.0,,10
twessie-na-op-0210,Sculptural Stone Gray Monokini,<p>Crafted in premium Crinkled Seersucker with Econyl Sleek Satin accents. This one-piece epitomizes rebellious yet refined luxury. Featuring color-blocking in Stone Gray and Chalk White. Perfect for the discerning swimmer who refuses the obvious.</p>,Twessie,One-Piece,"luxury Stone Gray swimwear, minimalist one-piece, architectural swimsuit, Crinkled Seersucker bikini, high-end swimwear",TRUE,Color,Stone Gray,Size,M,TWESSIE_NA_OP_0210-Stone Gray-M,168.0,,10
twessie-na-op-0210,Sculptural Stone Gray Monokini,<p>Crafted in premium Crinkled Seersucker with Econyl Sleek Satin accents. This one-piece epitomizes rebellious yet refined luxury. Featuring color-blocking in Stone Gray and Chalk White. Perfect for the discerning swimmer who refuses the obvious.</p>,Twessie,One-Piece,"luxury Stone Gray swimwear, minimalist one-piece, architectural swimsuit, Crinkled Seersucker bikini, high-end swimwear",TRUE,Color,Stone Gray,Size,L,TWESSIE_NA_OP_0210-Stone Gray-L,168.0,,10
twessie-na-op-0210,Sculptural Stone Gray Monokini,<p>Crafted in premium Crinkled Seersucker with Econyl Sleek Satin accents. This one-piece epitomizes rebellious yet refined luxury. Featuring color-blocking in Stone Gray and Chalk White. Perfect for the discerning swimmer who refuses the obvious.</p>,Twessie,One-Piece,"luxury Stone Gray swimwear, minimalist one-piece, architectural swimsuit, Crinkled Seersucker bikini, high-end swimwear",TRUE,Color,Stone Gray,Size,XL,TWESSIE_NA_OP_0210-Stone Gray-XL,168.0,,10
twessie-na-op-0210,Sculptural Stone Gray Monokini,<p>Crafted in premium Crinkled Seersucker with Econyl Sleek Satin accents. This one-piece epitomizes rebellious yet refined luxury. Featuring color-blocking in Stone Gray and Chalk White. Perfect for the discerning swimmer who refuses the obvious.</p>,Twessie,One-Piece,"luxury Stone Gray swimwear, minimalist one-piece, architectural swimsuit, Crinkled Seersucker bikini, high-end swimwear",TRUE,Color,Stone Gray,Size,XXL,TWESSIE_NA_OP_0210-Stone Gray-XXL,168.0,,10
twessie-na-op-0210,Sculptural Stone Gray Monokini,<p>Crafted in premium Crinkled Seersucker with Econyl Sleek Satin accents. This one-piece epitomizes rebellious yet refined luxury. Featuring color-blocking in Stone Gray and Chalk White. Perfect for the discerning swimmer who refuses the obvious.</p>,Twessie,One-Piece,"luxury Stone Gray swimwear, minimalist one-piece, architectural swimsuit, Crinkled Seersucker bikini, high-end swimwear",TRUE,Color,Chalk White,Size,XS,TWESSIE_NA_OP_0210-Chalk White-XS,168.0,,10
twessie-na-op-0210,Sculptural Stone Gray Monokini,<p>Crafted in premium Crinkled Seersucker with Econyl Sleek Satin accents. This one-piece epitomizes rebellious yet refined luxury. Featuring color-blocking in Stone Gray and Chalk White. Perfect for the discerning swimmer who refuses the obvious.</p>,Twessie,One-Piece,"luxury Stone Gray swimwear, minimalist one-piece, architectural swimsuit, Crinkled Seersucker bikini, high-end swimwear",TRUE,Color,Chalk White,Size,S,TWESSIE_NA_OP_0210-Chalk White-S,168.0,,10
twessie-na-op-0210,Sculptural Stone Gray Monokini,<p>Crafted in premium Crinkled Seersucker with Econyl Sleek Satin accents. This one-piece epitomizes rebellious yet refined luxury. Featuring color-blocking in Stone Gray and Chalk White. Perfect for the discerning swimmer who refuses the obvious.</p>,Twessie,One-Piece,"luxury Stone Gray swimwear, minimalist one-piece, architectural swimsuit, Crinkled Seersucker bikini, high-end swimwear",TRUE,Color,Chalk White,Size,M,TWESSIE_NA_OP_0210-Chalk White-M,168.0,,10
twessie-na-op-0210,Sculptural Stone Gray Monokini,<p>Crafted in premium Crinkled Seersucker with Econyl Sleek Satin accents. This one-piece epitomizes rebellious yet refined luxury. Featuring color-blocking in Stone Gray and Chalk White. Perfect for the discerning swimmer who refuses the obvious.</p>,Twessie,One-Piece,"luxury Stone Gray swimwear, minimalist one-piece, architectural swimsuit, Crinkled Seersucker bikini, high-end swimwear",TRUE,Color,Chalk White,Size,L,TWESSIE_NA_OP_0210-Chalk White-L,168.0,,10
twessie-na-op-0210,Sculptural Stone Gray Monokini,<p>Crafted in premium Crinkled Seersucker with Econyl Sleek Satin accents. This one-piece epitomizes rebellious yet refined luxury. Featuring color-blocking in Stone Gray and Chalk White. Perfect for the discerning swimmer who refuses the obvious.</p>,Twessie,One-Piece,"luxury Stone Gray swimwear, minimalist one-piece, architectural swimsuit, Crinkled Seersucker bikini, high-end swimwear",TRUE,Color,Chalk White,Size,XL,TWESSIE_NA_OP_0210-Chalk White-XL,168.0,,10
twessie-na-op-0210,Sculptural Stone Gray Monokini,<p>Crafted in premium Crinkled Seersucker with Econyl Sleek Satin accents. This one-piece epitomizes rebellious yet refined luxury. Featuring color-blocking in Stone Gray and Chalk White. Perfect for the discerning swimmer who refuses the obvious.</p>,Twessie,One-Piece,"luxury Stone Gray swimwear, minimalist one-piece, architectural swimsuit, Crinkled Seersucker bikini, high-end swimwear",TRUE,Color,Chalk White,Size,XXL,TWESSIE_NA_OP_0210-Chalk White-XXL,168.0,,10
twessie-sg-bt-0301,Minimalist Stone Gray Textured Bikini Top,"<p>Crinkled Seersucker construction meets architectural precision in this bikini top. Designed for the intelligent, independent woman. The Stone Gray colorway with Chalk White accents creates a sophisticated palette. Pure architectural elegance elegance.</p>",Twessie,Bikini Top,"luxury Stone Gray swimwear, minimalist luxury, Crinkled Seersucker bikini, architectural swimsuit, high-end swimwear",TRUE,Color,Stone Gray,Size,XS,TWESSIE_SG_BT_0301-Stone Gray-XS,168.0,,10
twessie-sg-bt-0301,Minimalist Stone Gray Textured Bikini Top,"<p>Crinkled Seersucker construction meets architectural precision in this bikini top. Designed for the intelligent, independent woman. The Stone Gray colorway with Chalk White accents creates a sophisticated palette. Pure architectural elegance elegance.</p>",Twessie,Bikini Top,"luxury Stone Gray swimwear, minimalist luxury, Crinkled Seersucker bikini, architectural swimsuit, high-end swimwear",TRUE,Color,Stone Gray,Size,S,TWESSIE_SG_BT_0301-Stone Gray-S,168.0,,10
twessie-sg-bt-0301,Minimalist Stone Gray Textured Bikini Top,"<p>Crinkled Seersucker construction meets architectural precision in this bikini top. Designed for the intelligent, independent woman. The Stone Gray colorway with Chalk White accents creates a sophisticated palette. Pure architectural elegance elegance.</p>",Twessie,Bikini Top,"luxury Stone Gray swimwear, minimalist luxury, Crinkled Seersucker bikini, architectural swimsuit, high-end swimwear",TRUE,Color,Stone Gray,Size,M,TWESSIE_SG_BT_0301-Stone Gray-M,168.0,,10
twessie-sg-bt-0301,Minimalist Stone Gray Textured Bikini Top,"<p>Crinkled Seersucker construction meets architectural precision in this bikini top. Designed for the intelligent, independent woman. The Stone Gray colorway with Chalk White accents creates a sophisticated palette. Pure architectural elegance elegance.</p>",Twessie,Bikini Top,"luxury Stone Gray swimwear, minimalist luxury, Crinkled Seersucker bikini, architectural swimsuit, high-end swimwear",TRUE,Color,Stone Gray,Size,L,TWESSIE_SG_BT_0301-Stone Gray-L,168.0,,10
twessie-sg-bt-0301,Minimalist Stone Gray Textured Bikini Top,"<p>Crinkled Seersucker construction meets architectural precision in this bikini top. Designed for the intelligent, independent woman. The Stone Gray colorway with Chalk White accents creates a sophisticated palette. Pure architectural elegance elegance.</p>",Twessie,Bikini Top,"luxury Stone Gray swimwear, minimalist luxury, Crinkled Seersucker bikini, architectural swimsuit, high-end swimwear",TRUE,Color,Stone Gray,Size,XL,TWESSIE_SG_BT_0301-Stone Gray-XL,168.0,,10
twessie-sg-bt-0301,Minimalist Stone Gray Textured Bikini Top,"<p>Crinkled Seersucker construction meets architectural precision in this bikini top. Designed for the intelligent, independent woman. The Stone Gray colorway with Chalk White accents creates a sophisticated palette. Pure architectural elegance elegance.</p>",Twessie,Bikini Top,"luxury Stone Gray swimwear, minimalist luxury, Crinkled Seersucker bikini, architectural swimsuit, high-end swimwear",TRUE,Color,Stone Gray,Size,XXL,TWESSIE_SG_BT_0301-Stone Gray-XXL,168.0,,10
twessie-sg-bt-0301,Minimalist Stone Gray Textured Bikini Top,"<p>Crinkled Seersucker construction meets architectural precision in this bikini top. Designed for the intelligent, independent woman. The Stone Gray colorway with Chalk White accents creates a sophisticated palette. Pure architectural elegance elegance.</p>",Twessie,Bikini Top,"luxury Stone Gray swimwear, minimalist luxury, Crinkled Seersucker bikini, architectural swimsuit, high-end swimwear",TRUE,Color,Chalk White,Size,XS,TWESSIE_SG_BT_0301-Chalk White-XS,168.0,,10
twessie-sg-bt-0301,Minimalist Stone Gray Textured Bikini Top,"<p>Crinkled Seersucker construction meets architectural precision in this bikini top. Designed for the intelligent, independent woman. The Stone Gray colorway with Chalk White accents creates a sophisticated palette. Pure architectural elegance elegance.</p>",Twessie,Bikini Top,"luxury Stone Gray swimwear, minimalist luxury, Crinkled Seersucker bikini, architectural swimsuit, high-end swimwear",TRUE,Color,Chalk White,Size,S,TWESSIE_SG_BT_0301-Chalk White-S,168.0,,10
twessie-sg-bt-0301,Minimalist Stone Gray Textured Bikini Top,"<p>Crinkled Seersucker construction meets architectural precision in this bikini top. Designed for the intelligent, independent woman. The Stone Gray colorway with Chalk White accents creates a sophisticated palette. Pure architectural elegance elegance.</p>",Twessie,Bikini Top,"luxury Stone Gray swimwear, minimalist luxury, Crinkled Seersucker bikini, architectural swimsuit, high-end swimwear",TRUE,Color,Chalk White,Size,M,TWESSIE_SG_BT_0301-Chalk White-M,168.0,,10
twessie-sg-bt-0301,Minimalist Stone Gray Textured Bikini Top,"<p>Crinkled Seersucker construction meets architectural precision in this bikini top. Designed for the intelligent, independent woman. The Stone Gray colorway with Chalk White accents creates a sophisticated palette. Pure architectural elegance elegance.</p>",Twessie,Bikini Top,"luxury Stone Gray swimwear, minimalist luxury, Crinkled Seersucker bikini, architectural swimsuit, high-end swimwear",TRUE,Color,Chalk White,Size,L,TWESSIE_SG_BT_0301-Chalk White-L,168.0,,10
twessie-sg-bt-0301,Minimalist Stone Gray Textured Bikini Top,"<p>Crinkled Seersucker construction meets architectural precision in this bikini top. Designed for the intelligent, independent woman. The Stone Gray colorway with Chalk White accents creates a sophisticated palette. Pure architectural elegance elegance.</p>",Twessie,Bikini Top,"luxury Stone Gray swimwear, minimalist luxury, Crinkled Seersucker bikini, architectural swimsuit, high-end swimwear",TRUE,Color,Chalk White,Size,XL,TWESSIE_SG_BT_0301-Chalk White-XL,168.0,,10
twessie-sg-bt-0301,Minimalist Stone Gray Textured Bikini Top,"<p>Crinkled Seersucker construction meets architectural precision in this bikini top. Designed for the intelligent, independent woman. The Stone Gray colorway with Chalk White accents creates a sophisticated palette. Pure architectural elegance elegance.</p>",Twessie,Bikini Top,"luxury Stone Gray swimwear, minimalist luxury, Crinkled Seersucker bikini, architectural swimsuit, high-end swimwear",TRUE,Color,Chalk White,Size,XXL,TWESSIE_SG_BT_0301-Chalk White-XXL,168.0,,10
twessie-eu-op-0302,Sculptural Obsidian Black Monokini,<p>Crafted in premium Econyl Sleek Satin with Crinkled Seersucker accents. This one-piece epitomizes intelligent aesthetic luxury. Featuring color-blocking in Obsidian Black and Chalk White. Perfect for the discerning swimmer who refuses the obvious.</p>,Twessie,One-Piece,"high-end swimwear, minimalist one-piece, independent fashion, architectural swimsuit, minimalist luxury",TRUE,Color,Obsidian Black,Size,XS,TWESSIE_EU_OP_0302-Obsidian Black-XS,168.0,,10
twessie-eu-op-0302,Sculptural Obsidian Black Monokini,<p>Crafted in premium Econyl Sleek Satin with Crinkled Seersucker accents. This one-piece epitomizes intelligent aesthetic luxury. Featuring color-blocking in Obsidian Black and Chalk White. Perfect for the discerning swimmer who refuses the obvious.</p>,Twessie,One-Piece,"high-end swimwear, minimalist one-piece, independent fashion, architectural swimsuit, minimalist luxury",TRUE,Color,Obsidian Black,Size,S,TWESSIE_EU_OP_0302-Obsidian Black-S,168.0,,10
twessie-eu-op-0302,Sculptural Obsidian Black Monokini,<p>Crafted in premium Econyl Sleek Satin with Crinkled Seersucker accents. This one-piece epitomizes intelligent aesthetic luxury. Featuring color-blocking in Obsidian Black and Chalk White. Perfect for the discerning swimmer who refuses the obvious.</p>,Twessie,One-Piece,"high-end swimwear, minimalist one-piece, independent fashion, architectural swimsuit, minimalist luxury",TRUE,Color,Obsidian Black,Size,M,TWESSIE_EU_OP_0302-Obsidian Black-M,168.0,,10
twessie-eu-op-0302,Sculptural Obsidian Black Monokini,<p>Crafted in premium Econyl Sleek Satin with Crinkled Seersucker accents. This one-piece epitomizes intelligent aesthetic luxury. Featuring color-blocking in Obsidian Black and Chalk White. Perfect for the discerning swimmer who refuses the obvious.</p>,Twessie,One-Piece,"high-end swimwear, minimalist one-piece, independent fashion, architectural swimsuit, minimalist luxury",TRUE,Color,Obsidian Black,Size,L,TWESSIE_EU_OP_0302-Obsidian Black-L,168.0,,10
twessie-eu-op-0302,Sculptural Obsidian Black Monokini,<p>Crafted in premium Econyl Sleek Satin with Crinkled Seersucker accents. This one-piece epitomizes intelligent aesthetic luxury. Featuring color-blocking in Obsidian Black and Chalk White. Perfect for the discerning swimmer who refuses the obvious.</p>,Twessie,One-Piece,"high-end swimwear, minimalist one-piece, independent fashion, architectural swimsuit, minimalist luxury",TRUE,Color,Obsidian Black,Size,XL,TWESSIE_EU_OP_0302-Obsidian Black-XL,168.0,,10
twessie-eu-op-0302,Sculptural Obsidian Black Monokini,<p>Crafted in premium Econyl Sleek Satin with Crinkled Seersucker accents. This one-piece epitomizes intelligent aesthetic luxury. Featuring color-blocking in Obsidian Black and Chalk White. Perfect for the discerning swimmer who refuses the obvious.</p>,Twessie,One-Piece,"high-end swimwear, minimalist one-piece, independent fashion, architectural swimsuit, minimalist luxury",TRUE,Color,Obsidian Black,Size,XXL,TWESSIE_EU_OP_0302-Obsidian Black-XXL,168.0,,10
twessie-eu-op-0302,Sculptural Obsidian Black Monokini,<p>Crafted in premium Econyl Sleek Satin with Crinkled Seersucker accents. This one-piece epitomizes intelligent aesthetic luxury. Featuring color-blocking in Obsidian Black and Chalk White. Perfect for the discerning swimmer who refuses the obvious.</p>,Twessie,One-Piece,"high-end swimwear, minimalist one-piece, independent fashion, architectural swimsuit, minimalist luxury",TRUE,Color,Chalk White,Size,XS,TWESSIE_EU_OP_0302-Chalk White-XS,168.0,,10
twessie-eu-op-0302,Sculptural Obsidian Black Monokini,<p>Crafted in premium Econyl Sleek Satin with Crinkled Seersucker accents. This one-piece epitomizes intelligent aesthetic luxury. Featuring color-blocking in Obsidian Black and Chalk White. Perfect for the discerning swimmer who refuses the obvious.</p>,Twessie,One-Piece,"high-end swimwear, minimalist one-piece, independent fashion, architectural swimsuit, minimalist luxury",TRUE,Color,Chalk White,Size,S,TWESSIE_EU_OP_0302-Chalk White-S,168.0,,10
twessie-eu-op-0302,Sculptural Obsidian Black Monokini,<p>Crafted in premium Econyl Sleek Satin with Crinkled Seersucker accents. This one-piece epitomizes intelligent aesthetic luxury. Featuring color-blocking in Obsidian Black and Chalk White. Perfect for the discerning swimmer who refuses the obvious.</p>,Twessie,One-Piece,"high-end swimwear, minimalist one-piece, independent fashion, architectural swimsuit, minimalist luxury",TRUE,Color,Chalk White,Size,M,TWESSIE_EU_OP_0302-Chalk White-M,168.0,,10
twessie-eu-op-0302,Sculptural Obsidian Black Monokini,<p>Crafted in premium Econyl Sleek Satin with Crinkled Seersucker accents. This one-piece epitomizes intelligent aesthetic luxury. Featuring color-blocking in Obsidian Black and Chalk White. Perfect for the discerning swimmer who refuses the obvious.</p>,Twessie,One-Piece,"high-end swimwear, minimalist one-piece, independent fashion, architectural swimsuit, minimalist luxury",TRUE,Color,Chalk White,Size,L,TWESSIE_EU_OP_0302-Chalk White-L,168.0,,10
twessie-eu-op-0302,Sculptural Obsidian Black Monokini,<p>Crafted in premium Econyl Sleek Satin with Crinkled Seersucker accents. This one-piece epitomizes intelligent aesthetic luxury. Featuring color-blocking in Obsidian Black and Chalk White. Perfect for the discerning swimmer who refuses the obvious.</p>,Twessie,One-Piece,"high-end swimwear, minimalist one-piece, independent fashion, architectural swimsuit, minimalist luxury",TRUE,Color,Chalk White,Size,XL,TWESSIE_EU_OP_0302-Chalk White-XL,168.0,,10
twessie-eu-op-0302,Sculptural Obsidian Black Monokini,<p>Crafted in premium Econyl Sleek Satin with Crinkled Seersucker accents. This one-piece epitomizes intelligent aesthetic luxury. Featuring color-blocking in Obsidian Black and Chalk White. Perfect for the discerning swimmer who refuses the obvious.</p>,Twessie,One-Piece,"high-end swimwear, minimalist one-piece, independent fashion, architectural swimsuit, minimalist luxury",TRUE,Color,Chalk White,Size,XXL,TWESSIE_EU_OP_0302-Chalk White-XXL,168.0,,10
twessie-sg-ha-0303,Convertible Halter Strap - Obsidian Black,<p>Crafted in premium Econyl Sleek Satin with Crinkled Seersucker accents. This halter strap accessory epitomizes anti-fashion statement luxury. Featuring color-blocking in Obsidian Black and Chalk White. Perfect for the discerning swimmer who refuses the obvious.</p>,Twessie,Halter Strap Accessory,"architectural swimsuit, minimalist luxury, minimalist halter strap accessory, independent fashion, high-end swimwear",TRUE,Color,Obsidian Black,Size,XS,TWESSIE_SG_HA_0303-Obsidian Black-XS,168.0,,10
twessie-sg-ha-0303,Convertible Halter Strap - Obsidian Black,<p>Crafted in premium Econyl Sleek Satin with Crinkled Seersucker accents. This halter strap accessory epitomizes anti-fashion statement luxury. Featuring color-blocking in Obsidian Black and Chalk White. Perfect for the discerning swimmer who refuses the obvious.</p>,Twessie,Halter Strap Accessory,"architectural swimsuit, minimalist luxury, minimalist halter strap accessory, independent fashion, high-end swimwear",TRUE,Color,Obsidian Black,Size,S,TWESSIE_SG_HA_0303-Obsidian Black-S,168.0,,10
twessie-sg-ha-0303,Convertible Halter Strap - Obsidian Black,<p>Crafted in premium Econyl Sleek Satin with Crinkled Seersucker accents. This halter strap accessory epitomizes anti-fashion statement luxury. Featuring color-blocking in Obsidian Black and Chalk White. Perfect for the discerning swimmer who refuses the obvious.</p>,Twessie,Halter Strap Accessory,"architectural swimsuit, minimalist luxury, minimalist halter strap accessory, independent fashion, high-end swimwear",TRUE,Color,Obsidian Black,Size,M,TWESSIE_SG_HA_0303-Obsidian Black-M,168.0,,10
twessie-sg-ha-0303,Convertible Halter Strap - Obsidian Black,<p>Crafted in premium Econyl Sleek Satin with Crinkled Seersucker accents. This halter strap accessory epitomizes anti-fashion statement luxury. Featuring color-blocking in Obsidian Black and Chalk White. Perfect for the discerning swimmer who refuses the obvious.</p>,Twessie,Halter Strap Accessory,"architectural swimsuit, minimalist luxury, minimalist halter strap accessory, independent fashion, high-end swimwear",TRUE,Color,Obsidian Black,Size,L,TWESSIE_SG_HA_0303-Obsidian Black-L,168.0,,10
twessie-sg-ha-0303,Convertible Halter Strap - Obsidian Black,<p>Crafted in premium Econyl Sleek Satin with Crinkled Seersucker accents. This halter strap accessory epitomizes anti-fashion statement luxury. Featuring color-blocking in Obsidian Black and Chalk White. Perfect for the discerning swimmer who refuses the obvious.</p>,Twessie,Halter Strap Accessory,"architectural swimsuit, minimalist luxury, minimalist halter strap accessory, independent fashion, high-end swimwear",TRUE,Color,Obsidian Black,Size,XL,TWESSIE_SG_HA_0303-Obsidian Black-XL,168.0,,10
twessie-sg-ha-0303,Convertible Halter Strap - Obsidian Black,<p>Crafted in premium Econyl Sleek Satin with Crinkled Seersucker accents. This halter strap accessory epitomizes anti-fashion statement luxury. Featuring color-blocking in Obsidian Black and Chalk White. Perfect for the discerning swimmer who refuses the obvious.</p>,Twessie,Halter Strap Accessory,"architectural swimsuit, minimalist luxury, minimalist halter strap accessory, independent fashion, high-end swimwear",TRUE,Color,Obsidian Black,Size,XXL,TWESSIE_SG_HA_0303-Obsidian Black-XXL,168.0,,10
twessie-sg-ha-0303,Convertible Halter Strap - Obsidian Black,<p>Crafted in premium Econyl Sleek Satin with Crinkled Seersucker accents. This halter strap accessory epitomizes anti-fashion statement luxury. Featuring color-blocking in Obsidian Black and Chalk White. Perfect for the discerning swimmer who refuses the obvious.</p>,Twessie,Halter Strap Accessory,"architectural swimsuit, minimalist luxury, minimalist halter strap accessory, independent fashion, high-end swimwear",TRUE,Color,Chalk White,Size,XS,TWESSIE_SG_HA_0303-Chalk White-XS,168.0,,10
twessie-sg-ha-0303,Convertible Halter Strap - Obsidian Black,<p>Crafted in premium Econyl Sleek Satin with Crinkled Seersucker accents. This halter strap accessory epitomizes anti-fashion statement luxury. Featuring color-blocking in Obsidian Black and Chalk White. Perfect for the discerning swimmer who refuses the obvious.</p>,Twessie,Halter Strap Accessory,"architectural swimsuit, minimalist luxury, minimalist halter strap accessory, independent fashion, high-end swimwear",TRUE,Color,Chalk White,Size,S,TWESSIE_SG_HA_0303-Chalk White-S,168.0,,10
twessie-sg-ha-0303,Convertible Halter Strap - Obsidian Black,<p>Crafted in premium Econyl Sleek Satin with Crinkled Seersucker accents. This halter strap accessory epitomizes anti-fashion statement luxury. Featuring color-blocking in Obsidian Black and Chalk White. Perfect for the discerning swimmer who refuses the obvious.</p>,Twessie,Halter Strap Accessory,"architectural swimsuit, minimalist luxury, minimalist halter strap accessory, independent fashion, high-end swimwear",TRUE,Color,Chalk White,Size,M,TWESSIE_SG_HA_0303-Chalk White-M,168.0,,10
twessie-sg-ha-0303,Convertible Halter Strap - Obsidian Black,<p>Crafted in premium Econyl Sleek Satin with Crinkled Seersucker accents. This halter strap accessory epitomizes anti-fashion statement luxury. Featuring color-blocking in Obsidian Black and Chalk White. Perfect for the discerning swimmer who refuses the obvious.</p>,Twessie,Halter Strap Accessory,"architectural swimsuit, minimalist luxury, minimalist halter strap accessory, independent fashion, high-end swimwear",TRUE,Color,Chalk White,Size,L,TWESSIE_SG_HA_0303-Chalk White-L,168.0,,10
twessie-sg-ha-0303,Convertible Halter Strap - Obsidian Black,<p>Crafted in premium Econyl Sleek Satin with Crinkled Seersucker accents. This halter strap accessory epitomizes anti-fashion statement luxury. Featuring color-blocking in Obsidian Black and Chalk White. Perfect for the discerning swimmer who refuses the obvious.</p>,Twessie,Halter Strap Accessory,"architectural swimsuit, minimalist luxury, minimalist halter strap accessory, independent fashion, high-end swimwear",TRUE,Color,Chalk White,Size,XL,TWESSIE_SG_HA_0303-Chalk White-XL,168.0,,10
twessie-sg-ha-0303,Convertible Halter Strap - Obsidian Black,<p>Crafted in premium Econyl Sleek Satin with Crinkled Seersucker accents. This halter strap accessory epitomizes anti-fashion statement luxury. Featuring color-blocking in Obsidian Black and Chalk White. Perfect for the discerning swimmer who refuses the obvious.</p>,Twessie,Halter Strap Accessory,"architectural swimsuit, minimalist luxury, minimalist halter strap accessory, independent fashion, high-end swimwear",TRUE,Color,Chalk White,Size,XXL,TWESSIE_SG_HA_0303-Chalk White-XXL,168.0,,10
twessie-sg-bb-0304,High-Cut Obsidian Black Bikini Brief,"<p>Econyl Sleek Satin construction meets architectural precision in this bikini bottom. Designed for the intelligent, independent woman. The Obsidian Black colorway with Burnt Terracotta accents creates a sophisticated palette. Pure anti-fashion statement elegance.</p>",Twessie,Bikini Bottom,"minimalist bikini bottom, high-end swimwear, independent fashion, Econyl Sleek Satin bikini, architectural swimsuit",TRUE,Color,Obsidian Black,Size,XS,TWESSIE_SG_BB_0304-Obsidian Black-XS,168.0,,10
twessie-sg-bb-0304,High-Cut Obsidian Black Bikini Brief,"<p>Econyl Sleek Satin construction meets architectural precision in this bikini bottom. Designed for the intelligent, independent woman. The Obsidian Black colorway with Burnt Terracotta accents creates a sophisticated palette. Pure anti-fashion statement elegance.</p>",Twessie,Bikini Bottom,"minimalist bikini bottom, high-end swimwear, independent fashion, Econyl Sleek Satin bikini, architectural swimsuit",TRUE,Color,Obsidian Black,Size,S,TWESSIE_SG_BB_0304-Obsidian Black-S,168.0,,10
twessie-sg-bb-0304,High-Cut Obsidian Black Bikini Brief,"<p>Econyl Sleek Satin construction meets architectural precision in this bikini bottom. Designed for the intelligent, independent woman. The Obsidian Black colorway with Burnt Terracotta accents creates a sophisticated palette. Pure anti-fashion statement elegance.</p>",Twessie,Bikini Bottom,"minimalist bikini bottom, high-end swimwear, independent fashion, Econyl Sleek Satin bikini, architectural swimsuit",TRUE,Color,Obsidian Black,Size,M,TWESSIE_SG_BB_0304-Obsidian Black-M,168.0,,10
twessie-sg-bb-0304,High-Cut Obsidian Black Bikini Brief,"<p>Econyl Sleek Satin construction meets architectural precision in this bikini bottom. Designed for the intelligent, independent woman. The Obsidian Black colorway with Burnt Terracotta accents creates a sophisticated palette. Pure anti-fashion statement elegance.</p>",Twessie,Bikini Bottom,"minimalist bikini bottom, high-end swimwear, independent fashion, Econyl Sleek Satin bikini, architectural swimsuit",TRUE,Color,Obsidian Black,Size,L,TWESSIE_SG_BB_0304-Obsidian Black-L,168.0,,10
twessie-sg-bb-0304,High-Cut Obsidian Black Bikini Brief,"<p>Econyl Sleek Satin construction meets architectural precision in this bikini bottom. Designed for the intelligent, independent woman. The Obsidian Black colorway with Burnt Terracotta accents creates a sophisticated palette. Pure anti-fashion statement elegance.</p>",Twessie,Bikini Bottom,"minimalist bikini bottom, high-end swimwear, independent fashion, Econyl Sleek Satin bikini, architectural swimsuit",TRUE,Color,Obsidian Black,Size,XL,TWESSIE_SG_BB_0304-Obsidian Black-XL,168.0,,10
twessie-sg-bb-0304,High-Cut Obsidian Black Bikini Brief,"<p>Econyl Sleek Satin construction meets architectural precision in this bikini bottom. Designed for the intelligent, independent woman. The Obsidian Black colorway with Burnt Terracotta accents creates a sophisticated palette. Pure anti-fashion statement elegance.</p>",Twessie,Bikini Bottom,"minimalist bikini bottom, high-end swimwear, independent fashion, Econyl Sleek Satin bikini, architectural swimsuit",TRUE,Color,Obsidian Black,Size,XXL,TWESSIE_SG_BB_0304-Obsidian Black-XXL,168.0,,10
twessie-sg-bb-0304,High-Cut Obsidian Black Bikini Brief,"<p>Econyl Sleek Satin construction meets architectural precision in this bikini bottom. Designed for the intelligent, independent woman. The Obsidian Black colorway with Burnt Terracotta accents creates a sophisticated palette. Pure anti-fashion statement elegance.</p>",Twessie,Bikini Bottom,"minimalist bikini bottom, high-end swimwear, independent fashion, Econyl Sleek Satin bikini, architectural swimsuit",TRUE,Color,Burnt Terracotta,Size,XS,TWESSIE_SG_BB_0304-Burnt Terracotta-XS,168.0,,10
twessie-sg-bb-0304,High-Cut Obsidian Black Bikini Brief,"<p>Econyl Sleek Satin construction meets architectural precision in this bikini bottom. Designed for the intelligent, independent woman. The Obsidian Black colorway with Burnt Terracotta accents creates a sophisticated palette. Pure anti-fashion statement elegance.</p>",Twessie,Bikini Bottom,"minimalist bikini bottom, high-end swimwear, independent fashion, Econyl Sleek Satin bikini, architectural swimsuit",TRUE,Color,Burnt Terracotta,Size,S,TWESSIE_SG_BB_0304-Burnt Terracotta-S,168.0,,10
twessie-sg-bb-0304,High-Cut Obsidian Black Bikini Brief,"<p>Econyl Sleek Satin construction meets architectural precision in this bikini bottom. Designed for the intelligent, independent woman. The Obsidian Black colorway with Burnt Terracotta accents creates a sophisticated palette. Pure anti-fashion statement elegance.</p>",Twessie,Bikini Bottom,"minimalist bikini bottom, high-end swimwear, independent fashion, Econyl Sleek Satin bikini, architectural swimsuit",TRUE,Color,Burnt Terracotta,Size,M,TWESSIE_SG_BB_0304-Burnt Terracotta-M,168.0,,10
twessie-sg-bb-0304,High-Cut Obsidian Black Bikini Brief,"<p>Econyl Sleek Satin construction meets architectural precision in this bikini bottom. Designed for the intelligent, independent woman. The Obsidian Black colorway with Burnt Terracotta accents creates a sophisticated palette. Pure anti-fashion statement elegance.</p>",Twessie,Bikini Bottom,"minimalist bikini bottom, high-end swimwear, independent fashion, Econyl Sleek Satin bikini, architectural swimsuit",TRUE,Color,Burnt Terracotta,Size,L,TWESSIE_SG_BB_0304-Burnt Terracotta-L,168.0,,10
twessie-sg-bb-0304,High-Cut Obsidian Black Bikini Brief,"<p>Econyl Sleek Satin construction meets architectural precision in this bikini bottom. Designed for the intelligent, independent woman. The Obsidian Black colorway with Burnt Terracotta accents creates a sophisticated palette. Pure anti-fashion statement elegance.</p>",Twessie,Bikini Bottom,"minimalist bikini bottom, high-end swimwear, independent fashion, Econyl Sleek Satin bikini, architectural swimsuit",TRUE,Color,Burnt Terracotta,Size,XL,TWESSIE_SG_BB_0304-Burnt Terracotta-XL,168.0,,10
twessie-sg-bb-0304,High-Cut Obsidian Black Bikini Brief,"<p>Econyl Sleek Satin construction meets architectural precision in this bikini bottom. Designed for the intelligent, independent woman. The Obsidian Black colorway with Burnt Terracotta accents creates a sophisticated palette. Pure anti-fashion statement elegance.</p>",Twessie,Bikini Bottom,"minimalist bikini bottom, high-end swimwear, independent fashion, Econyl Sleek Satin bikini, architectural swimsuit",TRUE,Color,Burnt Terracotta,Size,XXL,TWESSIE_SG_BB_0304-Burnt Terracotta-XXL,168.0,,10
twessie-na-op-0305,Olive Drab Architectural One-Piece Swimsuit,<p>Crafted in premium Matte Ribbed Knit with Crinkled Seersucker accents. This one-piece epitomizes rebellious yet refined luxury. Featuring color-blocking in Olive Drab and Burnt Terracotta. Perfect for the discerning swimmer who refuses the obvious.</p>,Twessie,One-Piece,"architectural swimsuit, minimalist one-piece, minimalist luxury, Matte Ribbed Knit bikini, luxury Olive Drab swimwear",TRUE,Color,Olive Drab,Size,XS,TWESSIE_NA_OP_0305-Olive Drab-XS,168.0,,10
twessie-na-op-0305,Olive Drab Architectural One-Piece Swimsuit,<p>Crafted in premium Matte Ribbed Knit with Crinkled Seersucker accents. This one-piece epitomizes rebellious yet refined luxury. Featuring color-blocking in Olive Drab and Burnt Terracotta. Perfect for the discerning swimmer who refuses the obvious.</p>,Twessie,One-Piece,"architectural swimsuit, minimalist one-piece, minimalist luxury, Matte Ribbed Knit bikini, luxury Olive Drab swimwear",TRUE,Color,Olive Drab,Size,S,TWESSIE_NA_OP_0305-Olive Drab-S,168.0,,10
twessie-na-op-0305,Olive Drab Architectural One-Piece Swimsuit,<p>Crafted in premium Matte Ribbed Knit with Crinkled Seersucker accents. This one-piece epitomizes rebellious yet refined luxury. Featuring color-blocking in Olive Drab and Burnt Terracotta. Perfect for the discerning swimmer who refuses the obvious.</p>,Twessie,One-Piece,"architectural swimsuit, minimalist one-piece, minimalist luxury, Matte Ribbed Knit bikini, luxury Olive Drab swimwear",TRUE,Color,Olive Drab,Size,M,TWESSIE_NA_OP_0305-Olive Drab-M,168.0,,10
twessie-na-op-0305,Olive Drab Architectural One-Piece Swimsuit,<p>Crafted in premium Matte Ribbed Knit with Crinkled Seersucker accents. This one-piece epitomizes rebellious yet refined luxury. Featuring color-blocking in Olive Drab and Burnt Terracotta. Perfect for the discerning swimmer who refuses the obvious.</p>,Twessie,One-Piece,"architectural swimsuit, minimalist one-piece, minimalist luxury, Matte Ribbed Knit bikini, luxury Olive Drab swimwear",TRUE,Color,Olive Drab,Size,L,TWESSIE_NA_OP_0305-Olive Drab-L,168.0,,10
twessie-na-op-0305,Olive Drab Architectural One-Piece Swimsuit,<p>Crafted in premium Matte Ribbed Knit with Crinkled Seersucker accents. This one-piece epitomizes rebellious yet refined luxury. Featuring color-blocking in Olive Drab and Burnt Terracotta. Perfect for the discerning swimmer who refuses the obvious.</p>,Twessie,One-Piece,"architectural swimsuit, minimalist one-piece, minimalist luxury, Matte Ribbed Knit bikini, luxury Olive Drab swimwear",TRUE,Color,Olive Drab,Size,XL,TWESSIE_NA_OP_0305-Olive Drab-XL,168.0,,10
twessie-na-op-0305,Olive Drab Architectural One-Piece Swimsuit,<p>Crafted in premium Matte Ribbed Knit with Crinkled Seersucker accents. This one-piece epitomizes rebellious yet refined luxury. Featuring color-blocking in Olive Drab and Burnt Terracotta. Perfect for the discerning swimmer who refuses the obvious.</p>,Twessie,One-Piece,"architectural swimsuit, minimalist one-piece, minimalist luxury, Matte Ribbed Knit bikini, luxury Olive Drab swimwear",TRUE,Color,Olive Drab,Size,XXL,TWESSIE_NA_OP_0305-Olive Drab-XXL,168.0,,10
twessie-na-op-0305,Olive Drab Architectural One-Piece Swimsuit,<p>Crafted in premium Matte Ribbed Knit with Crinkled Seersucker accents. This one-piece epitomizes rebellious yet refined luxury. Featuring color-blocking in Olive Drab and Burnt Terracotta. Perfect for the discerning swimmer who refuses the obvious.</p>,Twessie,One-Piece,"architectural swimsuit, minimalist one-piece, minimalist luxury, Matte Ribbed Knit bikini, luxury Olive Drab swimwear",TRUE,Color,Burnt Terracotta,Size,XS,TWESSIE_NA_OP_0305-Burnt Terracotta-XS,168.0,,10
twessie-na-op-0305,Olive Drab Architectural One-Piece Swimsuit,<p>Crafted in premium Matte Ribbed Knit with Crinkled Seersucker accents. This one-piece epitomizes rebellious yet refined luxury. Featuring color-blocking in Olive Drab and Burnt Terracotta. Perfect for the discerning swimmer who refuses the obvious.</p>,Twessie,One-Piece,"architectural swimsuit, minimalist one-piece, minimalist luxury, Matte Ribbed Knit bikini, luxury Olive Drab swimwear",TRUE,Color,Burnt Terracotta,Size,S,TWESSIE_NA_OP_0305-Burnt Terracotta-S,168.0,,10
twessie-na-op-0305,Olive Drab Architectural One-Piece Swimsuit,<p>Crafted in premium Matte Ribbed Knit with Crinkled Seersucker accents. This one-piece epitomizes rebellious yet refined luxury. Featuring color-blocking in Olive Drab and Burnt Terracotta. Perfect for the discerning swimmer who refuses the obvious.</p>,Twessie,One-Piece,"architectural swimsuit, minimalist one-piece, minimalist luxury, Matte Ribbed Knit bikini, luxury Olive Drab swimwear",TRUE,Color,Burnt Terracotta,Size,M,TWESSIE_NA_OP_0305-Burnt Terracotta-M,168.0,,10
twessie-na-op-0305,Olive Drab Architectural One-Piece Swimsuit,<p>Crafted in premium Matte Ribbed Knit with Crinkled Seersucker accents. This one-piece epitomizes rebellious yet refined luxury. Featuring color-blocking in Olive Drab and Burnt Terracotta. Perfect for the discerning swimmer who refuses the obvious.</p>,Twessie,One-Piece,"architectural swimsuit, minimalist one-piece, minimalist luxury, Matte Ribbed Knit bikini, luxury Olive Drab swimwear",TRUE,Color,Burnt Terracotta,Size,L,TWESSIE_NA_OP_0305-Burnt Terracotta-L,168.0,,10
twessie-na-op-0305,Olive Drab Architectural One-Piece Swimsuit,<p>Crafted in premium Matte Ribbed Knit with Crinkled Seersucker accents. This one-piece epitomizes rebellious yet refined luxury. Featuring color-blocking in Olive Drab and Burnt Terracotta. Perfect for the discerning swimmer who refuses the obvious.</p>,Twessie,One-Piece,"architectural swimsuit, minimalist one-piece, minimalist luxury, Matte Ribbed Knit bikini, luxury Olive Drab swimwear",TRUE,Color,Burnt Terracotta,Size,XL,TWESSIE_NA_OP_0305-Burnt Terracotta-XL,168.0,,10
twessie-na-op-0305,Olive Drab Architectural One-Piece Swimsuit,<p>Crafted in premium Matte Ribbed Knit with Crinkled Seersucker accents. This one-piece epitomizes rebellious yet refined luxury. Featuring color-blocking in Olive Drab and Burnt Terracotta. Perfect for the discerning swimmer who refuses the obvious.</p>,Twessie,One-Piece,"architectural swimsuit, minimalist one-piece, minimalist luxury, Matte Ribbed Knit bikini, luxury Olive Drab swimwear",TRUE,Color,Burnt Terracotta,Size,XXL,TWESSIE_NA_OP_0305-Burnt Terracotta-XXL,168.0,,10
twessie-jp-bb-0306,Structural Matte Ribbed Knit Bikini Bottom,<p>Crafted in premium Matte Ribbed Knit with Econyl Sleek Satin accents. This bikini bottom epitomizes rebellious yet refined luxury. Featuring color-blocking in Olive Drab and Burnt Terracotta. Perfect for the discerning swimmer who refuses the obvious.</p>,Twessie,Bikini Bottom,"independent fashion, high-end swimwear, Matte Ribbed Knit bikini, minimalist bikini bottom, luxury Olive Drab swimwear",TRUE,Color,Olive Drab,Size,XS,TWESSIE_JP_BB_0306-Olive Drab-XS,168.0,,10
twessie-jp-bb-0306,Structural Matte Ribbed Knit Bikini Bottom,<p>Crafted in premium Matte Ribbed Knit with Econyl Sleek Satin accents. This bikini bottom epitomizes rebellious yet refined luxury. Featuring color-blocking in Olive Drab and Burnt Terracotta. Perfect for the discerning swimmer who refuses the obvious.</p>,Twessie,Bikini Bottom,"independent fashion, high-end swimwear, Matte Ribbed Knit bikini, minimalist bikini bottom, luxury Olive Drab swimwear",TRUE,Color,Olive Drab,Size,S,TWESSIE_JP_BB_0306-Olive Drab-S,168.0,,10
twessie-jp-bb-0306,Structural Matte Ribbed Knit Bikini Bottom,<p>Crafted in premium Matte Ribbed Knit with Econyl Sleek Satin accents. This bikini bottom epitomizes rebellious yet refined luxury. Featuring color-blocking in Olive Drab and Burnt Terracotta. Perfect for the discerning swimmer who refuses the obvious.</p>,Twessie,Bikini Bottom,"independent fashion, high-end swimwear, Matte Ribbed Knit bikini, minimalist bikini bottom, luxury Olive Drab swimwear",TRUE,Color,Olive Drab,Size,M,TWESSIE_JP_BB_0306-Olive Drab-M,168.0,,10
twessie-jp-bb-0306,Structural Matte Ribbed Knit Bikini Bottom,<p>Crafted in premium Matte Ribbed Knit with Econyl Sleek Satin accents. This bikini bottom epitomizes rebellious yet refined luxury. Featuring color-blocking in Olive Drab and Burnt Terracotta. Perfect for the discerning swimmer who refuses the obvious.</p>,Twessie,Bikini Bottom,"independent fashion, high-end swimwear, Matte Ribbed Knit bikini, minimalist bikini bottom, luxury Olive Drab swimwear",TRUE,Color,Olive Drab,Size,L,TWESSIE_JP_BB_0306-Olive Drab-L,168.0,,10
twessie-jp-bb-0306,Structural Matte Ribbed Knit Bikini Bottom,<p>Crafted in premium Matte Ribbed Knit with Econyl Sleek Satin accents. This bikini bottom epitomizes rebellious yet refined luxury. Featuring color-blocking in Olive Drab and Burnt Terracotta. Perfect for the discerning swimmer who refuses the obvious.</p>,Twessie,Bikini Bottom,"independent fashion, high-end swimwear, Matte Ribbed Knit bikini, minimalist bikini bottom, luxury Olive Drab swimwear",TRUE,Color,Olive Drab,Size,XL,TWESSIE_JP_BB_0306-Olive Drab-XL,168.0,,10
twessie-jp-bb-0306,Structural Matte Ribbed Knit Bikini Bottom,<p>Crafted in premium Matte Ribbed Knit with Econyl Sleek Satin accents. This bikini bottom epitomizes rebellious yet refined luxury. Featuring color-blocking in Olive Drab and Burnt Terracotta. Perfect for the discerning swimmer who refuses the obvious.</p>,Twessie,Bikini Bottom,"independent fashion, high-end swimwear, Matte Ribbed Knit bikini, minimalist bikini bottom, luxury Olive Drab swimwear",TRUE,Color,Olive Drab,Size,XXL,TWESSIE_JP_BB_0306-Olive Drab-XXL,168.0,,10
twessie-jp-bb-0306,Structural Matte Ribbed Knit Bikini Bottom,<p>Crafted in premium Matte Ribbed Knit with Econyl Sleek Satin accents. This bikini bottom epitomizes rebellious yet refined luxury. Featuring color-blocking in Olive Drab and Burnt Terracotta. Perfect for the discerning swimmer who refuses the obvious.</p>,Twessie,Bikini Bottom,"independent fashion, high-end swimwear, Matte Ribbed Knit bikini, minimalist bikini bottom, luxury Olive Drab swimwear",TRUE,Color,Burnt Terracotta,Size,XS,TWESSIE_JP_BB_0306-Burnt Terracotta-XS,168.0,,10
twessie-jp-bb-0306,Structural Matte Ribbed Knit Bikini Bottom,<p>Crafted in premium Matte Ribbed Knit with Econyl Sleek Satin accents. This bikini bottom epitomizes rebellious yet refined luxury. Featuring color-blocking in Olive Drab and Burnt Terracotta. Perfect for the discerning swimmer who refuses the obvious.</p>,Twessie,Bikini Bottom,"independent fashion, high-end swimwear, Matte Ribbed Knit bikini, minimalist bikini bottom, luxury Olive Drab swimwear",TRUE,Color,Burnt Terracotta,Size,S,TWESSIE_JP_BB_0306-Burnt Terracotta-S,168.0,,10
twessie-jp-bb-0306,Structural Matte Ribbed Knit Bikini Bottom,<p>Crafted in premium Matte Ribbed Knit with Econyl Sleek Satin accents. This bikini bottom epitomizes rebellious yet refined luxury. Featuring color-blocking in Olive Drab and Burnt Terracotta. Perfect for the discerning swimmer who refuses the obvious.</p>,Twessie,Bikini Bottom,"independent fashion, high-end swimwear, Matte Ribbed Knit bikini, minimalist bikini bottom, luxury Olive Drab swimwear",TRUE,Color,Burnt Terracotta,Size,M,TWESSIE_JP_BB_0306-Burnt Terracotta-M,168.0,,10
twessie-jp-bb-0306,Structural Matte Ribbed Knit Bikini Bottom,<p>Crafted in premium Matte Ribbed Knit with Econyl Sleek Satin accents. This bikini bottom epitomizes rebellious yet refined luxury. Featuring color-blocking in Olive Drab and Burnt Terracotta. Perfect for the discerning swimmer who refuses the obvious.</p>,Twessie,Bikini Bottom,"independent fashion, high-end swimwear, Matte Ribbed Knit bikini, minimalist bikini bottom, luxury Olive Drab swimwear",TRUE,Color,Burnt Terracotta,Size,L,TWESSIE_JP_BB_0306-Burnt Terracotta-L,168.0,,10
twessie-jp-bb-0306,Structural Matte Ribbed Knit Bikini Bottom,<p>Crafted in premium Matte Ribbed Knit with Econyl Sleek Satin accents. This bikini bottom epitomizes rebellious yet refined luxury. Featuring color-blocking in Olive Drab and Burnt Terracotta. Perfect for the discerning swimmer who refuses the obvious.</p>,Twessie,Bikini Bottom,"independent fashion, high-end swimwear, Matte Ribbed Knit bikini, minimalist bikini bottom, luxury Olive Drab swimwear",TRUE,Color,Burnt Terracotta,Size,XL,TWESSIE_JP_BB_0306-Burnt Terracotta-XL,168.0,,10
twessie-jp-bb-0306,Structural Matte Ribbed Knit Bikini Bottom,<p>Crafted in premium Matte Ribbed Knit with Econyl Sleek Satin accents. This bikini bottom epitomizes rebellious yet refined luxury. Featuring color-blocking in Olive Drab and Burnt Terracotta. Perfect for the discerning swimmer who refuses the obvious.</p>,Twessie,Bikini Bottom,"independent fashion, high-end swimwear, Matte Ribbed Knit bikini, minimalist bikini bottom, luxury Olive Drab swimwear",TRUE,Color,Burnt Terracotta,Size,XXL,TWESSIE_JP_BB_0306-Burnt Terracotta-XXL,168.0,,10
twessie-jp-bb-0307,High-Cut Obsidian Black Bikini Brief,<p>Crafted in premium Econyl Sleek Satin with Crinkled Seersucker accents. This bikini bottom epitomizes anti-fashion statement luxury. Featuring color-blocking in Obsidian Black and Stone Gray. Perfect for the discerning swimmer who refuses the obvious.</p>,Twessie,Bikini Bottom,"luxury Obsidian Black swimwear, Econyl Sleek Satin bikini, architectural swimsuit, high-end swimwear, independent fashion",TRUE,Color,Obsidian Black,Size,XS,TWESSIE_JP_BB_0307-Obsidian Black-XS,168.0,,10
twessie-jp-bb-0307,High-Cut Obsidian Black Bikini Brief,<p>Crafted in premium Econyl Sleek Satin with Crinkled Seersucker accents. This bikini bottom epitomizes anti-fashion statement luxury. Featuring color-blocking in Obsidian Black and Stone Gray. Perfect for the discerning swimmer who refuses the obvious.</p>,Twessie,Bikini Bottom,"luxury Obsidian Black swimwear, Econyl Sleek Satin bikini, architectural swimsuit, high-end swimwear, independent fashion",TRUE,Color,Obsidian Black,Size,S,TWESSIE_JP_BB_0307-Obsidian Black-S,168.0,,10
twessie-jp-bb-0307,High-Cut Obsidian Black Bikini Brief,<p>Crafted in premium Econyl Sleek Satin with Crinkled Seersucker accents. This bikini bottom epitomizes anti-fashion statement luxury. Featuring color-blocking in Obsidian Black and Stone Gray. Perfect for the discerning swimmer who refuses the obvious.</p>,Twessie,Bikini Bottom,"luxury Obsidian Black swimwear, Econyl Sleek Satin bikini, architectural swimsuit, high-end swimwear, independent fashion",TRUE,Color,Obsidian Black,Size,M,TWESSIE_JP_BB_0307-Obsidian Black-M,168.0,,10
twessie-jp-bb-0307,High-Cut Obsidian Black Bikini Brief,<p>Crafted in premium Econyl Sleek Satin with Crinkled Seersucker accents. This bikini bottom epitomizes anti-fashion statement luxury. Featuring color-blocking in Obsidian Black and Stone Gray. Perfect for the discerning swimmer who refuses the obvious.</p>,Twessie,Bikini Bottom,"luxury Obsidian Black swimwear, Econyl Sleek Satin bikini, architectural swimsuit, high-end swimwear, independent fashion",TRUE,Color,Obsidian Black,Size,L,TWESSIE_JP_BB_0307-Obsidian Black-L,168.0,,10
twessie-jp-bb-0307,High-Cut Obsidian Black Bikini Brief,<p>Crafted in premium Econyl Sleek Satin with Crinkled Seersucker accents. This bikini bottom epitomizes anti-fashion statement luxury. Featuring color-blocking in Obsidian Black and Stone Gray. Perfect for the discerning swimmer who refuses the obvious.</p>,Twessie,Bikini Bottom,"luxury Obsidian Black swimwear, Econyl Sleek Satin bikini, architectural swimsuit, high-end swimwear, independent fashion",TRUE,Color,Obsidian Black,Size,XL,TWESSIE_JP_BB_0307-Obsidian Black-XL,168.0,,10
twessie-jp-bb-0307,High-Cut Obsidian Black Bikini Brief,<p>Crafted in premium Econyl Sleek Satin with Crinkled Seersucker accents. This bikini bottom epitomizes anti-fashion statement luxury. Featuring color-blocking in Obsidian Black and Stone Gray. Perfect for the discerning swimmer who refuses the obvious.</p>,Twessie,Bikini Bottom,"luxury Obsidian Black swimwear, Econyl Sleek Satin bikini, architectural swimsuit, high-end swimwear, independent fashion",TRUE,Color,Obsidian Black,Size,XXL,TWESSIE_JP_BB_0307-Obsidian Black-XXL,168.0,,10
twessie-jp-bb-0307,High-Cut Obsidian Black Bikini Brief,<p>Crafted in premium Econyl Sleek Satin with Crinkled Seersucker accents. This bikini bottom epitomizes anti-fashion statement luxury. Featuring color-blocking in Obsidian Black and Stone Gray. Perfect for the discerning swimmer who refuses the obvious.</p>,Twessie,Bikini Bottom,"luxury Obsidian Black swimwear, Econyl Sleek Satin bikini, architectural swimsuit, high-end swimwear, independent fashion",TRUE,Color,Stone Gray,Size,XS,TWESSIE_JP_BB_0307-Stone Gray-XS,168.0,,10
twessie-jp-bb-0307,High-Cut Obsidian Black Bikini Brief,<p>Crafted in premium Econyl Sleek Satin with Crinkled Seersucker accents. This bikini bottom epitomizes anti-fashion statement luxury. Featuring color-blocking in Obsidian Black and Stone Gray. Perfect for the discerning swimmer who refuses the obvious.</p>,Twessie,Bikini Bottom,"luxury Obsidian Black swimwear, Econyl Sleek Satin bikini, architectural swimsuit, high-end swimwear, independent fashion",TRUE,Color,Stone Gray,Size,S,TWESSIE_JP_BB_0307-Stone Gray-S,168.0,,10
twessie-jp-bb-0307,High-Cut Obsidian Black Bikini Brief,<p>Crafted in premium Econyl Sleek Satin with Crinkled Seersucker accents. This bikini bottom epitomizes anti-fashion statement luxury. Featuring color-blocking in Obsidian Black and Stone Gray. Perfect for the discerning swimmer who refuses the obvious.</p>,Twessie,Bikini Bottom,"luxury Obsidian Black swimwear, Econyl Sleek Satin bikini, architectural swimsuit, high-end swimwear, independent fashion",TRUE,Color,Stone Gray,Size,M,TWESSIE_JP_BB_0307-Stone Gray-M,168.0,,10
twessie-jp-bb-0307,High-Cut Obsidian Black Bikini Brief,<p>Crafted in premium Econyl Sleek Satin with Crinkled Seersucker accents. This bikini bottom epitomizes anti-fashion statement luxury. Featuring color-blocking in Obsidian Black and Stone Gray. Perfect for the discerning swimmer who refuses the obvious.</p>,Twessie,Bikini Bottom,"luxury Obsidian Black swimwear, Econyl Sleek Satin bikini, architectural swimsuit, high-end swimwear, independent fashion",TRUE,Color,Stone Gray,Size,L,TWESSIE_JP_BB_0307-Stone Gray-L,168.0,,10
twessie-jp-bb-0307,High-Cut Obsidian Black Bikini Brief,<p>Crafted in premium Econyl Sleek Satin with Crinkled Seersucker accents. This bikini bottom epitomizes anti-fashion statement luxury. Featuring color-blocking in Obsidian Black and Stone Gray. Perfect for the discerning swimmer who refuses the obvious.</p>,Twessie,Bikini Bottom,"luxury Obsidian Black swimwear, Econyl Sleek Satin bikini, architectural swimsuit, high-end swimwear, independent fashion",TRUE,Color,Stone Gray,Size,XL,TWESSIE_JP_BB_0307-Stone Gray-XL,168.0,,10
twessie-jp-bb-0307,High-Cut Obsidian Black Bikini Brief,<p>Crafted in premium Econyl Sleek Satin with Crinkled Seersucker accents. This bikini bottom epitomizes anti-fashion statement luxury. Featuring color-blocking in Obsidian Black and Stone Gray. Perfect for the discerning swimmer who refuses the obvious.</p>,Twessie,Bikini Bottom,"luxury Obsidian Black swimwear, Econyl Sleek Satin bikini, architectural swimsuit, high-end swimwear, independent fashion",TRUE,Color,Stone Gray,Size,XXL,TWESSIE_JP_BB_0307-Stone Gray-XXL,168.0,,10
twessie-na-bt-0308,Minimalist Burnt Terracotta Textured Bikini Top,"<p>Matte Ribbed Knit construction meets architectural precision in this bikini top. Designed for the intelligent, independent woman. The Burnt Terracotta colorway with Olive Drab accents creates a sophisticated palette. Pure anti-fashion statement elegance.</p>",Twessie,Bikini Top,"Matte Ribbed Knit bikini, high-end swimwear, minimalist bikini top, independent fashion, minimalist luxury",TRUE,Color,Burnt Terracotta,Size,XS,TWESSIE_NA_BT_0308-Burnt Terracotta-XS,168.0,,10
twessie-na-bt-0308,Minimalist Burnt Terracotta Textured Bikini Top,"<p>Matte Ribbed Knit construction meets architectural precision in this bikini top. Designed for the intelligent, independent woman. The Burnt Terracotta colorway with Olive Drab accents creates a sophisticated palette. Pure anti-fashion statement elegance.</p>",Twessie,Bikini Top,"Matte Ribbed Knit bikini, high-end swimwear, minimalist bikini top, independent fashion, minimalist luxury",TRUE,Color,Burnt Terracotta,Size,S,TWESSIE_NA_BT_0308-Burnt Terracotta-S,168.0,,10
twessie-na-bt-0308,Minimalist Burnt Terracotta Textured Bikini Top,"<p>Matte Ribbed Knit construction meets architectural precision in this bikini top. Designed for the intelligent, independent woman. The Burnt Terracotta colorway with Olive Drab accents creates a sophisticated palette. Pure anti-fashion statement elegance.</p>",Twessie,Bikini Top,"Matte Ribbed Knit bikini, high-end swimwear, minimalist bikini top, independent fashion, minimalist luxury",TRUE,Color,Burnt Terracotta,Size,M,TWESSIE_NA_BT_0308-Burnt Terracotta-M,168.0,,10
twessie-na-bt-0308,Minimalist Burnt Terracotta Textured Bikini Top,"<p>Matte Ribbed Knit construction meets architectural precision in this bikini top. Designed for the intelligent, independent woman. The Burnt Terracotta colorway with Olive Drab accents creates a sophisticated palette. Pure anti-fashion statement elegance.</p>",Twessie,Bikini Top,"Matte Ribbed Knit bikini, high-end swimwear, minimalist bikini top, independent fashion, minimalist luxury",TRUE,Color,Burnt Terracotta,Size,L,TWESSIE_NA_BT_0308-Burnt Terracotta-L,168.0,,10
twessie-na-bt-0308,Minimalist Burnt Terracotta Textured Bikini Top,"<p>Matte Ribbed Knit construction meets architectural precision in this bikini top. Designed for the intelligent, independent woman. The Burnt Terracotta colorway with Olive Drab accents creates a sophisticated palette. Pure anti-fashion statement elegance.</p>",Twessie,Bikini Top,"Matte Ribbed Knit bikini, high-end swimwear, minimalist bikini top, independent fashion, minimalist luxury",TRUE,Color,Burnt Terracotta,Size,XL,TWESSIE_NA_BT_0308-Burnt Terracotta-XL,168.0,,10
twessie-na-bt-0308,Minimalist Burnt Terracotta Textured Bikini Top,"<p>Matte Ribbed Knit construction meets architectural precision in this bikini top. Designed for the intelligent, independent woman. The Burnt Terracotta colorway with Olive Drab accents creates a sophisticated palette. Pure anti-fashion statement elegance.</p>",Twessie,Bikini Top,"Matte Ribbed Knit bikini, high-end swimwear, minimalist bikini top, independent fashion, minimalist luxury",TRUE,Color,Burnt Terracotta,Size,XXL,TWESSIE_NA_BT_0308-Burnt Terracotta-XXL,168.0,,10
twessie-na-bt-0308,Minimalist Burnt Terracotta Textured Bikini Top,"<p>Matte Ribbed Knit construction meets architectural precision in this bikini top. Designed for the intelligent, independent woman. The Burnt Terracotta colorway with Olive Drab accents creates a sophisticated palette. Pure anti-fashion statement elegance.</p>",Twessie,Bikini Top,"Matte Ribbed Knit bikini, high-end swimwear, minimalist bikini top, independent fashion, minimalist luxury",TRUE,Color,Olive Drab,Size,XS,TWESSIE_NA_BT_0308-Olive Drab-XS,168.0,,10
twessie-na-bt-0308,Minimalist Burnt Terracotta Textured Bikini Top,"<p>Matte Ribbed Knit construction meets architectural precision in this bikini top. Designed for the intelligent, independent woman. The Burnt Terracotta colorway with Olive Drab accents creates a sophisticated palette. Pure anti-fashion statement elegance.</p>",Twessie,Bikini Top,"Matte Ribbed Knit bikini, high-end swimwear, minimalist bikini top, independent fashion, minimalist luxury",TRUE,Color,Olive Drab,Size,S,TWESSIE_NA_BT_0308-Olive Drab-S,168.0,,10
twessie-na-bt-0308,Minimalist Burnt Terracotta Textured Bikini Top,"<p>Matte Ribbed Knit construction meets architectural precision in this bikini top. Designed for the intelligent, independent woman. The Burnt Terracotta colorway with Olive Drab accents creates a sophisticated palette. Pure anti-fashion statement elegance.</p>",Twessie,Bikini Top,"Matte Ribbed Knit bikini, high-end swimwear, minimalist bikini top, independent fashion, minimalist luxury",TRUE,Color,Olive Drab,Size,M,TWESSIE_NA_BT_0308-Olive Drab-M,168.0,,10
twessie-na-bt-0308,Minimalist Burnt Terracotta Textured Bikini Top,"<p>Matte Ribbed Knit construction meets architectural precision in this bikini top. Designed for the intelligent, independent woman. The Burnt Terracotta colorway with Olive Drab accents creates a sophisticated palette. Pure anti-fashion statement elegance.</p>",Twessie,Bikini Top,"Matte Ribbed Knit bikini, high-end swimwear, minimalist bikini top, independent fashion, minimalist luxury",TRUE,Color,Olive Drab,Size,L,TWESSIE_NA_BT_0308-Olive Drab-L,168.0,,10
twessie-na-bt-0308,Minimalist Burnt Terracotta Textured Bikini Top,"<p>Matte Ribbed Knit construction meets architectural precision in this bikini top. Designed for the intelligent, independent woman. The Burnt Terracotta colorway with Olive Drab accents creates a sophisticated palette. Pure anti-fashion statement elegance.</p>",Twessie,Bikini Top,"Matte Ribbed Knit bikini, high-end swimwear, minimalist bikini top, independent fashion, minimalist luxury",TRUE,Color,Olive Drab,Size,XL,TWESSIE_NA_BT_0308-Olive Drab-XL,168.0,,10
twessie-na-bt-0308,Minimalist Burnt Terracotta Textured Bikini Top,"<p>Matte Ribbed Knit construction meets architectural precision in this bikini top. Designed for the intelligent, independent woman. The Burnt Terracotta colorway with Olive Drab accents creates a sophisticated palette. Pure anti-fashion statement elegance.</p>",Twessie,Bikini Top,"Matte Ribbed Knit bikini, high-end swimwear, minimalist bikini top, independent fashion, minimalist luxury",TRUE,Color,Olive Drab,Size,XXL,TWESSIE_NA_BT_0308-Olive Drab-XXL,168.0,,10
twessie-sg-op-0309,Minimalist Econyl Sleek Satin One-Piece,<p>Crafted in premium Econyl Sleek Satin with Matte Ribbed Knit accents. This one-piece epitomizes architectural elegance luxury. Featuring color-blocking in Obsidian Black and Olive Drab. Perfect for the discerning swimmer who refuses the obvious.</p>,Twessie,One-Piece,"minimalist one-piece, independent fashion, high-end swimwear, luxury Obsidian Black swimwear, Econyl Sleek Satin bikini",TRUE,Color,Obsidian Black,Size,XS,TWESSIE_SG_OP_0309-Obsidian Black-XS,168.0,,10
twessie-sg-op-0309,Minimalist Econyl Sleek Satin One-Piece,<p>Crafted in premium Econyl Sleek Satin with Matte Ribbed Knit accents. This one-piece epitomizes architectural elegance luxury. Featuring color-blocking in Obsidian Black and Olive Drab. Perfect for the discerning swimmer who refuses the obvious.</p>,Twessie,One-Piece,"minimalist one-piece, independent fashion, high-end swimwear, luxury Obsidian Black swimwear, Econyl Sleek Satin bikini",TRUE,Color,Obsidian Black,Size,S,TWESSIE_SG_OP_0309-Obsidian Black-S,168.0,,10
twessie-sg-op-0309,Minimalist Econyl Sleek Satin One-Piece,<p>Crafted in premium Econyl Sleek Satin with Matte Ribbed Knit accents. This one-piece epitomizes architectural elegance luxury. Featuring color-blocking in Obsidian Black and Olive Drab. Perfect for the discerning swimmer who refuses the obvious.</p>,Twessie,One-Piece,"minimalist one-piece, independent fashion, high-end swimwear, luxury Obsidian Black swimwear, Econyl Sleek Satin bikini",TRUE,Color,Obsidian Black,Size,M,TWESSIE_SG_OP_0309-Obsidian Black-M,168.0,,10
twessie-sg-op-0309,Minimalist Econyl Sleek Satin One-Piece,<p>Crafted in premium Econyl Sleek Satin with Matte Ribbed Knit accents. This one-piece epitomizes architectural elegance luxury. Featuring color-blocking in Obsidian Black and Olive Drab. Perfect for the discerning swimmer who refuses the obvious.</p>,Twessie,One-Piece,"minimalist one-piece, independent fashion, high-end swimwear, luxury Obsidian Black swimwear, Econyl Sleek Satin bikini",TRUE,Color,Obsidian Black,Size,L,TWESSIE_SG_OP_0309-Obsidian Black-L,168.0,,10
twessie-sg-op-0309,Minimalist Econyl Sleek Satin One-Piece,<p>Crafted in premium Econyl Sleek Satin with Matte Ribbed Knit accents. This one-piece epitomizes architectural elegance luxury. Featuring color-blocking in Obsidian Black and Olive Drab. Perfect for the discerning swimmer who refuses the obvious.</p>,Twessie,One-Piece,"minimalist one-piece, independent fashion, high-end swimwear, luxury Obsidian Black swimwear, Econyl Sleek Satin bikini",TRUE,Color,Obsidian Black,Size,XL,TWESSIE_SG_OP_0309-Obsidian Black-XL,168.0,,10
twessie-sg-op-0309,Minimalist Econyl Sleek Satin One-Piece,<p>Crafted in premium Econyl Sleek Satin with Matte Ribbed Knit accents. This one-piece epitomizes architectural elegance luxury. Featuring color-blocking in Obsidian Black and Olive Drab. Perfect for the discerning swimmer who refuses the obvious.</p>,Twessie,One-Piece,"minimalist one-piece, independent fashion, high-end swimwear, luxury Obsidian Black swimwear, Econyl Sleek Satin bikini",TRUE,Color,Obsidian Black,Size,XXL,TWESSIE_SG_OP_0309-Obsidian Black-XXL,168.0,,10
twessie-sg-op-0309,Minimalist Econyl Sleek Satin One-Piece,<p>Crafted in premium Econyl Sleek Satin with Matte Ribbed Knit accents. This one-piece epitomizes architectural elegance luxury. Featuring color-blocking in Obsidian Black and Olive Drab. Perfect for the discerning swimmer who refuses the obvious.</p>,Twessie,One-Piece,"minimalist one-piece, independent fashion, high-end swimwear, luxury Obsidian Black swimwear, Econyl Sleek Satin bikini",TRUE,Color,Olive Drab,Size,XS,TWESSIE_SG_OP_0309-Olive Drab-XS,168.0,,10
twessie-sg-op-0309,Minimalist Econyl Sleek Satin One-Piece,<p>Crafted in premium Econyl Sleek Satin with Matte Ribbed Knit accents. This one-piece epitomizes architectural elegance luxury. Featuring color-blocking in Obsidian Black and Olive Drab. Perfect for the discerning swimmer who refuses the obvious.</p>,Twessie,One-Piece,"minimalist one-piece, independent fashion, high-end swimwear, luxury Obsidian Black swimwear, Econyl Sleek Satin bikini",TRUE,Color,Olive Drab,Size,S,TWESSIE_SG_OP_0309-Olive Drab-S,168.0,,10
twessie-sg-op-0309,Minimalist Econyl Sleek Satin One-Piece,<p>Crafted in premium Econyl Sleek Satin with Matte Ribbed Knit accents. This one-piece epitomizes architectural elegance luxury. Featuring color-blocking in Obsidian Black and Olive Drab. Perfect for the discerning swimmer who refuses the obvious.</p>,Twessie,One-Piece,"minimalist one-piece, independent fashion, high-end swimwear, luxury Obsidian Black swimwear, Econyl Sleek Satin bikini",TRUE,Color,Olive Drab,Size,M,TWESSIE_SG_OP_0309-Olive Drab-M,168.0,,10
twessie-sg-op-0309,Minimalist Econyl Sleek Satin One-Piece,<p>Crafted in premium Econyl Sleek Satin with Matte Ribbed Knit accents. This one-piece epitomizes architectural elegance luxury. Featuring color-blocking in Obsidian Black and Olive Drab. Perfect for the discerning swimmer who refuses the obvious.</p>,Twessie,One-Piece,"minimalist one-piece, independent fashion, high-end swimwear, luxury Obsidian Black swimwear, Econyl Sleek Satin bikini",TRUE,Color,Olive Drab,Size,L,TWESSIE_SG_OP_0309-Olive Drab-L,168.0,,10
twessie-sg-op-0309,Minimalist Econyl Sleek Satin One-Piece,<p>Crafted in premium Econyl Sleek Satin with Matte Ribbed Knit accents. This one-piece epitomizes architectural elegance luxury. Featuring color-blocking in Obsidian Black and Olive Drab. Perfect for the discerning swimmer who refuses the obvious.</p>,Twessie,One-Piece,"minimalist one-piece, independent fashion, high-end swimwear, luxury Obsidian Black swimwear, Econyl Sleek Satin bikini",TRUE,Color,Olive Drab,Size,XL,TWESSIE_SG_OP_0309-Olive Drab-XL,168.0,,10
twessie-sg-op-0309,Minimalist Econyl Sleek Satin One-Piece,<p>Crafted in premium Econyl Sleek Satin with Matte Ribbed Knit accents. This one-piece epitomizes architectural elegance luxury. Featuring color-blocking in Obsidian Black and Olive Drab. Perfect for the discerning swimmer who refuses the obvious.</p>,Twessie,One-Piece,"minimalist one-piece, independent fashion, high-end swimwear, luxury Obsidian Black swimwear, Econyl Sleek Satin bikini",TRUE,Color,Olive Drab,Size,XXL,TWESSIE_SG_OP_0309-Olive Drab-XXL,168.0,,10
twessie-jp-op-0310,High-Fashion Obsidian Black One-Piece Suit,<p>A statement piece in Econyl Sleek Satin. This one-piece combines architectural elegance design with impeccable craftsmanship. Available in Obsidian Black with Olive Drab detailing. Not loud. Not obvious. Unmistakably Twessie.</p>,Twessie,One-Piece,"high-end swimwear, architectural swimsuit, Econyl Sleek Satin bikini, luxury Obsidian Black swimwear, minimalist luxury",TRUE,Color,Obsidian Black,Size,XS,TWESSIE_JP_OP_0310-Obsidian Black-XS,168.0,,10
twessie-jp-op-0310,High-Fashion Obsidian Black One-Piece Suit,<p>A statement piece in Econyl Sleek Satin. This one-piece combines architectural elegance design with impeccable craftsmanship. Available in Obsidian Black with Olive Drab detailing. Not loud. Not obvious. Unmistakably Twessie.</p>,Twessie,One-Piece,"high-end swimwear, architectural swimsuit, Econyl Sleek Satin bikini, luxury Obsidian Black swimwear, minimalist luxury",TRUE,Color,Obsidian Black,Size,S,TWESSIE_JP_OP_0310-Obsidian Black-S,168.0,,10
twessie-jp-op-0310,High-Fashion Obsidian Black One-Piece Suit,<p>A statement piece in Econyl Sleek Satin. This one-piece combines architectural elegance design with impeccable craftsmanship. Available in Obsidian Black with Olive Drab detailing. Not loud. Not obvious. Unmistakably Twessie.</p>,Twessie,One-Piece,"high-end swimwear, architectural swimsuit, Econyl Sleek Satin bikini, luxury Obsidian Black swimwear, minimalist luxury",TRUE,Color,Obsidian Black,Size,M,TWESSIE_JP_OP_0310-Obsidian Black-M,168.0,,10
twessie-jp-op-0310,High-Fashion Obsidian Black One-Piece Suit,<p>A statement piece in Econyl Sleek Satin. This one-piece combines architectural elegance design with impeccable craftsmanship. Available in Obsidian Black with Olive Drab detailing. Not loud. Not obvious. Unmistakably Twessie.</p>,Twessie,One-Piece,"high-end swimwear, architectural swimsuit, Econyl Sleek Satin bikini, luxury Obsidian Black swimwear, minimalist luxury",TRUE,Color,Obsidian Black,Size,L,TWESSIE_JP_OP_0310-Obsidian Black-L,168.0,,10
twessie-jp-op-0310,High-Fashion Obsidian Black One-Piece Suit,<p>A statement piece in Econyl Sleek Satin. This one-piece combines architectural elegance design with impeccable craftsmanship. Available in Obsidian Black with Olive Drab detailing. Not loud. Not obvious. Unmistakably Twessie.</p>,Twessie,One-Piece,"high-end swimwear, architectural swimsuit, Econyl Sleek Satin bikini, luxury Obsidian Black swimwear, minimalist luxury",TRUE,Color,Obsidian Black,Size,XL,TWESSIE_JP_OP_0310-Obsidian Black-XL,168.0,,10
twessie-jp-op-0310,High-Fashion Obsidian Black One-Piece Suit,<p>A statement piece in Econyl Sleek Satin. This one-piece combines architectural elegance design with impeccable craftsmanship. Available in Obsidian Black with Olive Drab detailing. Not loud. Not obvious. Unmistakably Twessie.</p>,Twessie,One-Piece,"high-end swimwear, architectural swimsuit, Econyl Sleek Satin bikini, luxury Obsidian Black swimwear, minimalist luxury",TRUE,Color,Obsidian Black,Size,XXL,TWESSIE_JP_OP_0310-Obsidian Black-XXL,168.0,,10
twessie-jp-op-0310,High-Fashion Obsidian Black One-Piece Suit,<p>A statement piece in Econyl Sleek Satin. This one-piece combines architectural elegance design with impeccable craftsmanship. Available in Obsidian Black with Olive Drab detailing. Not loud. Not obvious. Unmistakably Twessie.</p>,Twessie,One-Piece,"high-end swimwear, architectural swimsuit, Econyl Sleek Satin bikini, luxury Obsidian Black swimwear, minimalist luxury",TRUE,Color,Olive Drab,Size,XS,TWESSIE_JP_OP_0310-Olive Drab-XS,168.0,,10
twessie-jp-op-0310,High-Fashion Obsidian Black One-Piece Suit,<p>A statement piece in Econyl Sleek Satin. This one-piece combines architectural elegance design with impeccable craftsmanship. Available in Obsidian Black with Olive Drab detailing. Not loud. Not obvious. Unmistakably Twessie.</p>,Twessie,One-Piece,"high-end swimwear, architectural swimsuit, Econyl Sleek Satin bikini, luxury Obsidian Black swimwear, minimalist luxury",TRUE,Color,Olive Drab,Size,S,TWESSIE_JP_OP_0310-Olive Drab-S,168.0,,10
twessie-jp-op-0310,High-Fashion Obsidian Black One-Piece Suit,<p>A statement piece in Econyl Sleek Satin. This one-piece combines architectural elegance design with impeccable craftsmanship. Available in Obsidian Black with Olive Drab detailing. Not loud. Not obvious. Unmistakably Twessie.</p>,Twessie,One-Piece,"high-end swimwear, architectural swimsuit, Econyl Sleek Satin bikini, luxury Obsidian Black swimwear, minimalist luxury",TRUE,Color,Olive Drab,Size,M,TWESSIE_JP_OP_0310-Olive Drab-M,168.0,,10
twessie-jp-op-0310,High-Fashion Obsidian Black One-Piece Suit,<p>A statement piece in Econyl Sleek Satin. This one-piece combines architectural elegance design with impeccable craftsmanship. Available in Obsidian Black with Olive Drab detailing. Not loud. Not obvious. Unmistakably Twessie.</p>,Twessie,One-Piece,"high-end swimwear, architectural swimsuit, Econyl Sleek Satin bikini, luxury Obsidian Black swimwear, minimalist luxury",TRUE,Color,Olive Drab,Size,L,TWESSIE_JP_OP_0310-Olive Drab-L,168.0,,10
twessie-jp-op-0310,High-Fashion Obsidian Black One-Piece Suit,<p>A statement piece in Econyl Sleek Satin. This one-piece combines architectural elegance design with impeccable craftsmanship. Available in Obsidian Black with Olive Drab detailing. Not loud. Not obvious. Unmistakably Twessie.</p>,Twessie,One-Piece,"high-end swimwear, architectural swimsuit, Econyl Sleek Satin bikini, luxury Obsidian Black swimwear, minimalist luxury",TRUE,Color,Olive Drab,Size,XL,TWESSIE_JP_OP_0310-Olive Drab-XL,168.0,,10
twessie-jp-op-0310,High-Fashion Obsidian Black One-Piece Suit,<p>A statement piece in Econyl Sleek Satin. This one-piece combines architectural elegance design with impeccable craftsmanship. Available in Obsidian Black with Olive Drab detailing. Not loud. Not obvious. Unmistakably Twessie.</p>,Twessie,One-Piece,"high-end swimwear, architectural swimsuit, Econyl Sleek Satin bikini, luxury Obsidian Black swimwear, minimalist luxury",TRUE,Color,Olive Drab,Size,XXL,TWESSIE_JP_OP_0310-Olive Drab-XXL,168.0,,10
twessie-eu-bt-0401,Minimalist Stone Gray Textured Bikini Top,"<p>Crinkled Seersucker construction meets architectural precision in this bikini top. Designed for the intelligent, independent woman. The Stone Gray colorway with Chalk White accents creates a sophisticated palette. Pure minimalist luxury elegance.</p>",Twessie,Bikini Top,"high-end swimwear, luxury Stone Gray swimwear, minimalist bikini top, independent fashion, minimalist luxury",TRUE,Color,Stone Gray,Size,XS,TWESSIE_EU_BT_0401-Stone Gray-XS,168.0,,10
twessie-eu-bt-0401,Minimalist Stone Gray Textured Bikini Top,"<p>Crinkled Seersucker construction meets architectural precision in this bikini top. Designed for the intelligent, independent woman. The Stone Gray colorway with Chalk White accents creates a sophisticated palette. Pure minimalist luxury elegance.</p>",Twessie,Bikini Top,"high-end swimwear, luxury Stone Gray swimwear, minimalist bikini top, independent fashion, minimalist luxury",TRUE,Color,Stone Gray,Size,S,TWESSIE_EU_BT_0401-Stone Gray-S,168.0,,10
twessie-eu-bt-0401,Minimalist Stone Gray Textured Bikini Top,"<p>Crinkled Seersucker construction meets architectural precision in this bikini top. Designed for the intelligent, independent woman. The Stone Gray colorway with Chalk White accents creates a sophisticated palette. Pure minimalist luxury elegance.</p>",Twessie,Bikini Top,"high-end swimwear, luxury Stone Gray swimwear, minimalist bikini top, independent fashion, minimalist luxury",TRUE,Color,Stone Gray,Size,M,TWESSIE_EU_BT_0401-Stone Gray-M,168.0,,10
twessie-eu-bt-0401,Minimalist Stone Gray Textured Bikini Top,"<p>Crinkled Seersucker construction meets architectural precision in this bikini top. Designed for the intelligent, independent woman. The Stone Gray colorway with Chalk White accents creates a sophisticated palette. Pure minimalist luxury elegance.</p>",Twessie,Bikini Top,"high-end swimwear, luxury Stone Gray swimwear, minimalist bikini top, independent fashion, minimalist luxury",TRUE,Color,Stone Gray,Size,L,TWESSIE_EU_BT_0401-Stone Gray-L,168.0,,10
twessie-eu-bt-0401,Minimalist Stone Gray Textured Bikini Top,"<p>Crinkled Seersucker construction meets architectural precision in this bikini top. Designed for the intelligent, independent woman. The Stone Gray colorway with Chalk White accents creates a sophisticated palette. Pure minimalist luxury elegance.</p>",Twessie,Bikini Top,"high-end swimwear, luxury Stone Gray swimwear, minimalist bikini top, independent fashion, minimalist luxury",TRUE,Color,Stone Gray,Size,XL,TWESSIE_EU_BT_0401-Stone Gray-XL,168.0,,10
twessie-eu-bt-0401,Minimalist Stone Gray Textured Bikini Top,"<p>Crinkled Seersucker construction meets architectural precision in this bikini top. Designed for the intelligent, independent woman. The Stone Gray colorway with Chalk White accents creates a sophisticated palette. Pure minimalist luxury elegance.</p>",Twessie,Bikini Top,"high-end swimwear, luxury Stone Gray swimwear, minimalist bikini top, independent fashion, minimalist luxury",TRUE,Color,Stone Gray,Size,XXL,TWESSIE_EU_BT_0401-Stone Gray-XXL,168.0,,10
twessie-eu-bt-0401,Minimalist Stone Gray Textured Bikini Top,"<p>Crinkled Seersucker construction meets architectural precision in this bikini top. Designed for the intelligent, independent woman. The Stone Gray colorway with Chalk White accents creates a sophisticated palette. Pure minimalist luxury elegance.</p>",Twessie,Bikini Top,"high-end swimwear, luxury Stone Gray swimwear, minimalist bikini top, independent fashion, minimalist luxury",TRUE,Color,Chalk White,Size,XS,TWESSIE_EU_BT_0401-Chalk White-XS,168.0,,10
twessie-eu-bt-0401,Minimalist Stone Gray Textured Bikini Top,"<p>Crinkled Seersucker construction meets architectural precision in this bikini top. Designed for the intelligent, independent woman. The Stone Gray colorway with Chalk White accents creates a sophisticated palette. Pure minimalist luxury elegance.</p>",Twessie,Bikini Top,"high-end swimwear, luxury Stone Gray swimwear, minimalist bikini top, independent fashion, minimalist luxury",TRUE,Color,Chalk White,Size,S,TWESSIE_EU_BT_0401-Chalk White-S,168.0,,10
twessie-eu-bt-0401,Minimalist Stone Gray Textured Bikini Top,"<p>Crinkled Seersucker construction meets architectural precision in this bikini top. Designed for the intelligent, independent woman. The Stone Gray colorway with Chalk White accents creates a sophisticated palette. Pure minimalist luxury elegance.</p>",Twessie,Bikini Top,"high-end swimwear, luxury Stone Gray swimwear, minimalist bikini top, independent fashion, minimalist luxury",TRUE,Color,Chalk White,Size,M,TWESSIE_EU_BT_0401-Chalk White-M,168.0,,10
twessie-eu-bt-0401,Minimalist Stone Gray Textured Bikini Top,"<p>Crinkled Seersucker construction meets architectural precision in this bikini top. Designed for the intelligent, independent woman. The Stone Gray colorway with Chalk White accents creates a sophisticated palette. Pure minimalist luxury elegance.</p>",Twessie,Bikini Top,"high-end swimwear, luxury Stone Gray swimwear, minimalist bikini top, independent fashion, minimalist luxury",TRUE,Color,Chalk White,Size,L,TWESSIE_EU_BT_0401-Chalk White-L,168.0,,10
twessie-eu-bt-0401,Minimalist Stone Gray Textured Bikini Top,"<p>Crinkled Seersucker construction meets architectural precision in this bikini top. Designed for the intelligent, independent woman. The Stone Gray colorway with Chalk White accents creates a sophisticated palette. Pure minimalist luxury elegance.</p>",Twessie,Bikini Top,"high-end swimwear, luxury Stone Gray swimwear, minimalist bikini top, independent fashion, minimalist luxury",TRUE,Color,Chalk White,Size,XL,TWESSIE_EU_BT_0401-Chalk White-XL,168.0,,10
twessie-eu-bt-0401,Minimalist Stone Gray Textured Bikini Top,"<p>Crinkled Seersucker construction meets architectural precision in this bikini top. Designed for the intelligent, independent woman. The Stone Gray colorway with Chalk White accents creates a sophisticated palette. Pure minimalist luxury elegance.</p>",Twessie,Bikini Top,"high-end swimwear, luxury Stone Gray swimwear, minimalist bikini top, independent fashion, minimalist luxury",TRUE,Color,Chalk White,Size,XXL,TWESSIE_EU_BT_0401-Chalk White-XXL,168.0,,10
twessie-au-bb-0402,Stone Gray Minimalist Crinkled Seersucker Bikini Bottom,<p>Crafted in premium Crinkled Seersucker with Matte Ribbed Knit accents. This bikini bottom epitomizes rebellious yet refined luxury. Featuring color-blocking in Stone Gray and Chalk White. Perfect for the discerning swimmer who refuses the obvious.</p>,Twessie,Bikini Bottom,"high-end swimwear, independent fashion, minimalist luxury, minimalist bikini bottom, luxury Stone Gray swimwear",TRUE,Color,Stone Gray,Size,XS,TWESSIE_AU_BB_0402-Stone Gray-XS,168.0,,10
twessie-au-bb-0402,Stone Gray Minimalist Crinkled Seersucker Bikini Bottom,<p>Crafted in premium Crinkled Seersucker with Matte Ribbed Knit accents. This bikini bottom epitomizes rebellious yet refined luxury. Featuring color-blocking in Stone Gray and Chalk White. Perfect for the discerning swimmer who refuses the obvious.</p>,Twessie,Bikini Bottom,"high-end swimwear, independent fashion, minimalist luxury, minimalist bikini bottom, luxury Stone Gray swimwear",TRUE,Color,Stone Gray,Size,S,TWESSIE_AU_BB_0402-Stone Gray-S,168.0,,10
twessie-au-bb-0402,Stone Gray Minimalist Crinkled Seersucker Bikini Bottom,<p>Crafted in premium Crinkled Seersucker with Matte Ribbed Knit accents. This bikini bottom epitomizes rebellious yet refined luxury. Featuring color-blocking in Stone Gray and Chalk White. Perfect for the discerning swimmer who refuses the obvious.</p>,Twessie,Bikini Bottom,"high-end swimwear, independent fashion, minimalist luxury, minimalist bikini bottom, luxury Stone Gray swimwear",TRUE,Color,Stone Gray,Size,M,TWESSIE_AU_BB_0402-Stone Gray-M,168.0,,10
twessie-au-bb-0402,Stone Gray Minimalist Crinkled Seersucker Bikini Bottom,<p>Crafted in premium Crinkled Seersucker with Matte Ribbed Knit accents. This bikini bottom epitomizes rebellious yet refined luxury. Featuring color-blocking in Stone Gray and Chalk White. Perfect for the discerning swimmer who refuses the obvious.</p>,Twessie,Bikini Bottom,"high-end swimwear, independent fashion, minimalist luxury, minimalist bikini bottom, luxury Stone Gray swimwear",TRUE,Color,Stone Gray,Size,L,TWESSIE_AU_BB_0402-Stone Gray-L,168.0,,10
twessie-au-bb-0402,Stone Gray Minimalist Crinkled Seersucker Bikini Bottom,<p>Crafted in premium Crinkled Seersucker with Matte Ribbed Knit accents. This bikini bottom epitomizes rebellious yet refined luxury. Featuring color-blocking in Stone Gray and Chalk White. Perfect for the discerning swimmer who refuses the obvious.</p>,Twessie,Bikini Bottom,"high-end swimwear, independent fashion, minimalist luxury, minimalist bikini bottom, luxury Stone Gray swimwear",TRUE,Color,Stone Gray,Size,XL,TWESSIE_AU_BB_0402-Stone Gray-XL,168.0,,10
twessie-au-bb-0402,Stone Gray Minimalist Crinkled Seersucker Bikini Bottom,<p>Crafted in premium Crinkled Seersucker with Matte Ribbed Knit accents. This bikini bottom epitomizes rebellious yet refined luxury. Featuring color-blocking in Stone Gray and Chalk White. Perfect for the discerning swimmer who refuses the obvious.</p>,Twessie,Bikini Bottom,"high-end swimwear, independent fashion, minimalist luxury, minimalist bikini bottom, luxury Stone Gray swimwear",TRUE,Color,Stone Gray,Size,XXL,TWESSIE_AU_BB_0402-Stone Gray-XXL,168.0,,10
twessie-au-bb-0402,Stone Gray Minimalist Crinkled Seersucker Bikini Bottom,<p>Crafted in premium Crinkled Seersucker with Matte Ribbed Knit accents. This bikini bottom epitomizes rebellious yet refined luxury. Featuring color-blocking in Stone Gray and Chalk White. Perfect for the discerning swimmer who refuses the obvious.</p>,Twessie,Bikini Bottom,"high-end swimwear, independent fashion, minimalist luxury, minimalist bikini bottom, luxury Stone Gray swimwear",TRUE,Color,Chalk White,Size,XS,TWESSIE_AU_BB_0402-Chalk White-XS,168.0,,10
twessie-au-bb-0402,Stone Gray Minimalist Crinkled Seersucker Bikini Bottom,<p>Crafted in premium Crinkled Seersucker with Matte Ribbed Knit accents. This bikini bottom epitomizes rebellious yet refined luxury. Featuring color-blocking in Stone Gray and Chalk White. Perfect for the discerning swimmer who refuses the obvious.</p>,Twessie,Bikini Bottom,"high-end swimwear, independent fashion, minimalist luxury, minimalist bikini bottom, luxury Stone Gray swimwear",TRUE,Color,Chalk White,Size,S,TWESSIE_AU_BB_0402-Chalk White-S,168.0,,10
twessie-au-bb-0402,Stone Gray Minimalist Crinkled Seersucker Bikini Bottom,<p>Crafted in premium Crinkled Seersucker with Matte Ribbed Knit accents. This bikini bottom epitomizes rebellious yet refined luxury. Featuring color-blocking in Stone Gray and Chalk White. Perfect for the discerning swimmer who refuses the obvious.</p>,Twessie,Bikini Bottom,"high-end swimwear, independent fashion, minimalist luxury, minimalist bikini bottom, luxury Stone Gray swimwear",TRUE,Color,Chalk White,Size,M,TWESSIE_AU_BB_0402-Chalk White-M,168.0,,10
twessie-au-bb-0402,Stone Gray Minimalist Crinkled Seersucker Bikini Bottom,<p>Crafted in premium Crinkled Seersucker with Matte Ribbed Knit accents. This bikini bottom epitomizes rebellious yet refined luxury. Featuring color-blocking in Stone Gray and Chalk White. Perfect for the discerning swimmer who refuses the obvious.</p>,Twessie,Bikini Bottom,"high-end swimwear, independent fashion, minimalist luxury, minimalist bikini bottom, luxury Stone Gray swimwear",TRUE,Color,Chalk White,Size,L,TWESSIE_AU_BB_0402-Chalk White-L,168.0,,10
twessie-au-bb-0402,Stone Gray Minimalist Crinkled Seersucker Bikini Bottom,<p>Crafted in premium Crinkled Seersucker with Matte Ribbed Knit accents. This bikini bottom epitomizes rebellious yet refined luxury. Featuring color-blocking in Stone Gray and Chalk White. Perfect for the discerning swimmer who refuses the obvious.</p>,Twessie,Bikini Bottom,"high-end swimwear, independent fashion, minimalist luxury, minimalist bikini bottom, luxury Stone Gray swimwear",TRUE,Color,Chalk White,Size,XL,TWESSIE_AU_BB_0402-Chalk White-XL,168.0,,10
twessie-au-bb-0402,Stone Gray Minimalist Crinkled Seersucker Bikini Bottom,<p>Crafted in premium Crinkled Seersucker with Matte Ribbed Knit accents. This bikini bottom epitomizes rebellious yet refined luxury. Featuring color-blocking in Stone Gray and Chalk White. Perfect for the discerning swimmer who refuses the obvious.</p>,Twessie,Bikini Bottom,"high-end swimwear, independent fashion, minimalist luxury, minimalist bikini bottom, luxury Stone Gray swimwear",TRUE,Color,Chalk White,Size,XXL,TWESSIE_AU_BB_0402-Chalk White-XXL,168.0,,10
twessie-jp-bt-0403,Econyl Sleek Satin High-Waist Bikini Top in Obsidian Black,"<p>Econyl Sleek Satin construction meets architectural precision in this bikini top. Designed for the intelligent, independent woman. The Obsidian Black colorway with Chalk White accents creates a sophisticated palette. Pure minimalist luxury elegance.</p>",Twessie,Bikini Top,"minimalist bikini top, minimalist luxury, independent fashion, architectural swimsuit, Econyl Sleek Satin bikini",TRUE,Color,Obsidian Black,Size,XS,TWESSIE_JP_BT_0403-Obsidian Black-XS,168.0,,10
twessie-jp-bt-0403,Econyl Sleek Satin High-Waist Bikini Top in Obsidian Black,"<p>Econyl Sleek Satin construction meets architectural precision in this bikini top. Designed for the intelligent, independent woman. The Obsidian Black colorway with Chalk White accents creates a sophisticated palette. Pure minimalist luxury elegance.</p>",Twessie,Bikini Top,"minimalist bikini top, minimalist luxury, independent fashion, architectural swimsuit, Econyl Sleek Satin bikini",TRUE,Color,Obsidian Black,Size,S,TWESSIE_JP_BT_0403-Obsidian Black-S,168.0,,10
twessie-jp-bt-0403,Econyl Sleek Satin High-Waist Bikini Top in Obsidian Black,"<p>Econyl Sleek Satin construction meets architectural precision in this bikini top. Designed for the intelligent, independent woman. The Obsidian Black colorway with Chalk White accents creates a sophisticated palette. Pure minimalist luxury elegance.</p>",Twessie,Bikini Top,"minimalist bikini top, minimalist luxury, independent fashion, architectural swimsuit, Econyl Sleek Satin bikini",TRUE,Color,Obsidian Black,Size,M,TWESSIE_JP_BT_0403-Obsidian Black-M,168.0,,10
twessie-jp-bt-0403,Econyl Sleek Satin High-Waist Bikini Top in Obsidian Black,"<p>Econyl Sleek Satin construction meets architectural precision in this bikini top. Designed for the intelligent, independent woman. The Obsidian Black colorway with Chalk White accents creates a sophisticated palette. Pure minimalist luxury elegance.</p>",Twessie,Bikini Top,"minimalist bikini top, minimalist luxury, independent fashion, architectural swimsuit, Econyl Sleek Satin bikini",TRUE,Color,Obsidian Black,Size,L,TWESSIE_JP_BT_0403-Obsidian Black-L,168.0,,10
twessie-jp-bt-0403,Econyl Sleek Satin High-Waist Bikini Top in Obsidian Black,"<p>Econyl Sleek Satin construction meets architectural precision in this bikini top. Designed for the intelligent, independent woman. The Obsidian Black colorway with Chalk White accents creates a sophisticated palette. Pure minimalist luxury elegance.</p>",Twessie,Bikini Top,"minimalist bikini top, minimalist luxury, independent fashion, architectural swimsuit, Econyl Sleek Satin bikini",TRUE,Color,Obsidian Black,Size,XL,TWESSIE_JP_BT_0403-Obsidian Black-XL,168.0,,10
twessie-jp-bt-0403,Econyl Sleek Satin High-Waist Bikini Top in Obsidian Black,"<p>Econyl Sleek Satin construction meets architectural precision in this bikini top. Designed for the intelligent, independent woman. The Obsidian Black colorway with Chalk White accents creates a sophisticated palette. Pure minimalist luxury elegance.</p>",Twessie,Bikini Top,"minimalist bikini top, minimalist luxury, independent fashion, architectural swimsuit, Econyl Sleek Satin bikini",TRUE,Color,Obsidian Black,Size,XXL,TWESSIE_JP_BT_0403-Obsidian Black-XXL,168.0,,10
twessie-jp-bt-0403,Econyl Sleek Satin High-Waist Bikini Top in Obsidian Black,"<p>Econyl Sleek Satin construction meets architectural precision in this bikini top. Designed for the intelligent, independent woman. The Obsidian Black colorway with Chalk White accents creates a sophisticated palette. Pure minimalist luxury elegance.</p>",Twessie,Bikini Top,"minimalist bikini top, minimalist luxury, independent fashion, architectural swimsuit, Econyl Sleek Satin bikini",TRUE,Color,Chalk White,Size,XS,TWESSIE_JP_BT_0403-Chalk White-XS,168.0,,10
twessie-jp-bt-0403,Econyl Sleek Satin High-Waist Bikini Top in Obsidian Black,"<p>Econyl Sleek Satin construction meets architectural precision in this bikini top. Designed for the intelligent, independent woman. The Obsidian Black colorway with Chalk White accents creates a sophisticated palette. Pure minimalist luxury elegance.</p>",Twessie,Bikini Top,"minimalist bikini top, minimalist luxury, independent fashion, architectural swimsuit, Econyl Sleek Satin bikini",TRUE,Color,Chalk White,Size,S,TWESSIE_JP_BT_0403-Chalk White-S,168.0,,10
twessie-jp-bt-0403,Econyl Sleek Satin High-Waist Bikini Top in Obsidian Black,"<p>Econyl Sleek Satin construction meets architectural precision in this bikini top. Designed for the intelligent, independent woman. The Obsidian Black colorway with Chalk White accents creates a sophisticated palette. Pure minimalist luxury elegance.</p>",Twessie,Bikini Top,"minimalist bikini top, minimalist luxury, independent fashion, architectural swimsuit, Econyl Sleek Satin bikini",TRUE,Color,Chalk White,Size,M,TWESSIE_JP_BT_0403-Chalk White-M,168.0,,10
twessie-jp-bt-0403,Econyl Sleek Satin High-Waist Bikini Top in Obsidian Black,"<p>Econyl Sleek Satin construction meets architectural precision in this bikini top. Designed for the intelligent, independent woman. The Obsidian Black colorway with Chalk White accents creates a sophisticated palette. Pure minimalist luxury elegance.</p>",Twessie,Bikini Top,"minimalist bikini top, minimalist luxury, independent fashion, architectural swimsuit, Econyl Sleek Satin bikini",TRUE,Color,Chalk White,Size,L,TWESSIE_JP_BT_0403-Chalk White-L,168.0,,10
twessie-jp-bt-0403,Econyl Sleek Satin High-Waist Bikini Top in Obsidian Black,"<p>Econyl Sleek Satin construction meets architectural precision in this bikini top. Designed for the intelligent, independent woman. The Obsidian Black colorway with Chalk White accents creates a sophisticated palette. Pure minimalist luxury elegance.</p>",Twessie,Bikini Top,"minimalist bikini top, minimalist luxury, independent fashion, architectural swimsuit, Econyl Sleek Satin bikini",TRUE,Color,Chalk White,Size,XL,TWESSIE_JP_BT_0403-Chalk White-XL,168.0,,10
twessie-jp-bt-0403,Econyl Sleek Satin High-Waist Bikini Top in Obsidian Black,"<p>Econyl Sleek Satin construction meets architectural precision in this bikini top. Designed for the intelligent, independent woman. The Obsidian Black colorway with Chalk White accents creates a sophisticated palette. Pure minimalist luxury elegance.</p>",Twessie,Bikini Top,"minimalist bikini top, minimalist luxury, independent fashion, architectural swimsuit, Econyl Sleek Satin bikini",TRUE,Color,Chalk White,Size,XXL,TWESSIE_JP_BT_0403-Chalk White-XXL,168.0,,10
twessie-na-bt-0404,Minimalist Chalk White Textured Bikini Top,<p>Crafted in premium Crinkled Seersucker with Econyl Sleek Satin accents. This bikini top epitomizes minimalist luxury luxury. Featuring color-blocking in Chalk White and Stone Gray. Perfect for the discerning swimmer who refuses the obvious.</p>,Twessie,Bikini Top,"minimalist bikini top, luxury Chalk White swimwear, Crinkled Seersucker bikini, architectural swimsuit, independent fashion",TRUE,Color,Chalk White,Size,XS,TWESSIE_NA_BT_0404-Chalk White-XS,168.0,,10
twessie-na-bt-0404,Minimalist Chalk White Textured Bikini Top,<p>Crafted in premium Crinkled Seersucker with Econyl Sleek Satin accents. This bikini top epitomizes minimalist luxury luxury. Featuring color-blocking in Chalk White and Stone Gray. Perfect for the discerning swimmer who refuses the obvious.</p>,Twessie,Bikini Top,"minimalist bikini top, luxury Chalk White swimwear, Crinkled Seersucker bikini, architectural swimsuit, independent fashion",TRUE,Color,Chalk White,Size,S,TWESSIE_NA_BT_0404-Chalk White-S,168.0,,10
twessie-na-bt-0404,Minimalist Chalk White Textured Bikini Top,<p>Crafted in premium Crinkled Seersucker with Econyl Sleek Satin accents. This bikini top epitomizes minimalist luxury luxury. Featuring color-blocking in Chalk White and Stone Gray. Perfect for the discerning swimmer who refuses the obvious.</p>,Twessie,Bikini Top,"minimalist bikini top, luxury Chalk White swimwear, Crinkled Seersucker bikini, architectural swimsuit, independent fashion",TRUE,Color,Chalk White,Size,M,TWESSIE_NA_BT_0404-Chalk White-M,168.0,,10
twessie-na-bt-0404,Minimalist Chalk White Textured Bikini Top,<p>Crafted in premium Crinkled Seersucker with Econyl Sleek Satin accents. This bikini top epitomizes minimalist luxury luxury. Featuring color-blocking in Chalk White and Stone Gray. Perfect for the discerning swimmer who refuses the obvious.</p>,Twessie,Bikini Top,"minimalist bikini top, luxury Chalk White swimwear, Crinkled Seersucker bikini, architectural swimsuit, independent fashion",TRUE,Color,Chalk White,Size,L,TWESSIE_NA_BT_0404-Chalk White-L,168.0,,10
twessie-na-bt-0404,Minimalist Chalk White Textured Bikini Top,<p>Crafted in premium Crinkled Seersucker with Econyl Sleek Satin accents. This bikini top epitomizes minimalist luxury luxury. Featuring color-blocking in Chalk White and Stone Gray. Perfect for the discerning swimmer who refuses the obvious.</p>,Twessie,Bikini Top,"minimalist bikini top, luxury Chalk White swimwear, Crinkled Seersucker bikini, architectural swimsuit, independent fashion",TRUE,Color,Chalk White,Size,XL,TWESSIE_NA_BT_0404-Chalk White-XL,168.0,,10
twessie-na-bt-0404,Minimalist Chalk White Textured Bikini Top,<p>Crafted in premium Crinkled Seersucker with Econyl Sleek Satin accents. This bikini top epitomizes minimalist luxury luxury. Featuring color-blocking in Chalk White and Stone Gray. Perfect for the discerning swimmer who refuses the obvious.</p>,Twessie,Bikini Top,"minimalist bikini top, luxury Chalk White swimwear, Crinkled Seersucker bikini, architectural swimsuit, independent fashion",TRUE,Color,Chalk White,Size,XXL,TWESSIE_NA_BT_0404-Chalk White-XXL,168.0,,10
twessie-na-bt-0404,Minimalist Chalk White Textured Bikini Top,<p>Crafted in premium Crinkled Seersucker with Econyl Sleek Satin accents. This bikini top epitomizes minimalist luxury luxury. Featuring color-blocking in Chalk White and Stone Gray. Perfect for the discerning swimmer who refuses the obvious.</p>,Twessie,Bikini Top,"minimalist bikini top, luxury Chalk White swimwear, Crinkled Seersucker bikini, architectural swimsuit, independent fashion",TRUE,Color,Stone Gray,Size,XS,TWESSIE_NA_BT_0404-Stone Gray-XS,168.0,,10
twessie-na-bt-0404,Minimalist Chalk White Textured Bikini Top,<p>Crafted in premium Crinkled Seersucker with Econyl Sleek Satin accents. This bikini top epitomizes minimalist luxury luxury. Featuring color-blocking in Chalk White and Stone Gray. Perfect for the discerning swimmer who refuses the obvious.</p>,Twessie,Bikini Top,"minimalist bikini top, luxury Chalk White swimwear, Crinkled Seersucker bikini, architectural swimsuit, independent fashion",TRUE,Color,Stone Gray,Size,S,TWESSIE_NA_BT_0404-Stone Gray-S,168.0,,10
twessie-na-bt-0404,Minimalist Chalk White Textured Bikini Top,<p>Crafted in premium Crinkled Seersucker with Econyl Sleek Satin accents. This bikini top epitomizes minimalist luxury luxury. Featuring color-blocking in Chalk White and Stone Gray. Perfect for the discerning swimmer who refuses the obvious.</p>,Twessie,Bikini Top,"minimalist bikini top, luxury Chalk White swimwear, Crinkled Seersucker bikini, architectural swimsuit, independent fashion",TRUE,Color,Stone Gray,Size,M,TWESSIE_NA_BT_0404-Stone Gray-M,168.0,,10
twessie-na-bt-0404,Minimalist Chalk White Textured Bikini Top,<p>Crafted in premium Crinkled Seersucker with Econyl Sleek Satin accents. This bikini top epitomizes minimalist luxury luxury. Featuring color-blocking in Chalk White and Stone Gray. Perfect for the discerning swimmer who refuses the obvious.</p>,Twessie,Bikini Top,"minimalist bikini top, luxury Chalk White swimwear, Crinkled Seersucker bikini, architectural swimsuit, independent fashion",TRUE,Color,Stone Gray,Size,L,TWESSIE_NA_BT_0404-Stone Gray-L,168.0,,10
twessie-na-bt-0404,Minimalist Chalk White Textured Bikini Top,<p>Crafted in premium Crinkled Seersucker with Econyl Sleek Satin accents. This bikini top epitomizes minimalist luxury luxury. Featuring color-blocking in Chalk White and Stone Gray. Perfect for the discerning swimmer who refuses the obvious.</p>,Twessie,Bikini Top,"minimalist bikini top, luxury Chalk White swimwear, Crinkled Seersucker bikini, architectural swimsuit, independent fashion",TRUE,Color,Stone Gray,Size,XL,TWESSIE_NA_BT_0404-Stone Gray-XL,168.0,,10
twessie-na-bt-0404,Minimalist Chalk White Textured Bikini Top,<p>Crafted in premium Crinkled Seersucker with Econyl Sleek Satin accents. This bikini top epitomizes minimalist luxury luxury. Featuring color-blocking in Chalk White and Stone Gray. Perfect for the discerning swimmer who refuses the obvious.</p>,Twessie,Bikini Top,"minimalist bikini top, luxury Chalk White swimwear, Crinkled Seersucker bikini, architectural swimsuit, independent fashion",TRUE,Color,Stone Gray,Size,XXL,TWESSIE_NA_BT_0404-Stone Gray-XXL,168.0,,10
twessie-na-bt-0405,Olive Drab Sculptural Matte Ribbed Knit Bikini Top,"<p>Matte Ribbed Knit construction meets architectural precision in this bikini top. Designed for the intelligent, independent woman. The Olive Drab colorway with Burnt Terracotta accents creates a sophisticated palette. Pure anti-fashion statement elegance.</p>",Twessie,Bikini Top,"minimalist luxury, independent fashion, Matte Ribbed Knit bikini, high-end swimwear, luxury Olive Drab swimwear",TRUE,Color,Olive Drab,Size,XS,TWESSIE_NA_BT_0405-Olive Drab-XS,168.0,,10
twessie-na-bt-0405,Olive Drab Sculptural Matte Ribbed Knit Bikini Top,"<p>Matte Ribbed Knit construction meets architectural precision in this bikini top. Designed for the intelligent, independent woman. The Olive Drab colorway with Burnt Terracotta accents creates a sophisticated palette. Pure anti-fashion statement elegance.</p>",Twessie,Bikini Top,"minimalist luxury, independent fashion, Matte Ribbed Knit bikini, high-end swimwear, luxury Olive Drab swimwear",TRUE,Color,Olive Drab,Size,S,TWESSIE_NA_BT_0405-Olive Drab-S,168.0,,10
twessie-na-bt-0405,Olive Drab Sculptural Matte Ribbed Knit Bikini Top,"<p>Matte Ribbed Knit construction meets architectural precision in this bikini top. Designed for the intelligent, independent woman. The Olive Drab colorway with Burnt Terracotta accents creates a sophisticated palette. Pure anti-fashion statement elegance.</p>",Twessie,Bikini Top,"minimalist luxury, independent fashion, Matte Ribbed Knit bikini, high-end swimwear, luxury Olive Drab swimwear",TRUE,Color,Olive Drab,Size,M,TWESSIE_NA_BT_0405-Olive Drab-M,168.0,,10
twessie-na-bt-0405,Olive Drab Sculptural Matte Ribbed Knit Bikini Top,"<p>Matte Ribbed Knit construction meets architectural precision in this bikini top. Designed for the intelligent, independent woman. The Olive Drab colorway with Burnt Terracotta accents creates a sophisticated palette. Pure anti-fashion statement elegance.</p>",Twessie,Bikini Top,"minimalist luxury, independent fashion, Matte Ribbed Knit bikini, high-end swimwear, luxury Olive Drab swimwear",TRUE,Color,Olive Drab,Size,L,TWESSIE_NA_BT_0405-Olive Drab-L,168.0,,10
twessie-na-bt-0405,Olive Drab Sculptural Matte Ribbed Knit Bikini Top,"<p>Matte Ribbed Knit construction meets architectural precision in this bikini top. Designed for the intelligent, independent woman. The Olive Drab colorway with Burnt Terracotta accents creates a sophisticated palette. Pure anti-fashion statement elegance.</p>",Twessie,Bikini Top,"minimalist luxury, independent fashion, Matte Ribbed Knit bikini, high-end swimwear, luxury Olive Drab swimwear",TRUE,Color,Olive Drab,Size,XL,TWESSIE_NA_BT_0405-Olive Drab-XL,168.0,,10
twessie-na-bt-0405,Olive Drab Sculptural Matte Ribbed Knit Bikini Top,"<p>Matte Ribbed Knit construction meets architectural precision in this bikini top. Designed for the intelligent, independent woman. The Olive Drab colorway with Burnt Terracotta accents creates a sophisticated palette. Pure anti-fashion statement elegance.</p>",Twessie,Bikini Top,"minimalist luxury, independent fashion, Matte Ribbed Knit bikini, high-end swimwear, luxury Olive Drab swimwear",TRUE,Color,Olive Drab,Size,XXL,TWESSIE_NA_BT_0405-Olive Drab-XXL,168.0,,10
twessie-na-bt-0405,Olive Drab Sculptural Matte Ribbed Knit Bikini Top,"<p>Matte Ribbed Knit construction meets architectural precision in this bikini top. Designed for the intelligent, independent woman. The Olive Drab colorway with Burnt Terracotta accents creates a sophisticated palette. Pure anti-fashion statement elegance.</p>",Twessie,Bikini Top,"minimalist luxury, independent fashion, Matte Ribbed Knit bikini, high-end swimwear, luxury Olive Drab swimwear",TRUE,Color,Burnt Terracotta,Size,XS,TWESSIE_NA_BT_0405-Burnt Terracotta-XS,168.0,,10
twessie-na-bt-0405,Olive Drab Sculptural Matte Ribbed Knit Bikini Top,"<p>Matte Ribbed Knit construction meets architectural precision in this bikini top. Designed for the intelligent, independent woman. The Olive Drab colorway with Burnt Terracotta accents creates a sophisticated palette. Pure anti-fashion statement elegance.</p>",Twessie,Bikini Top,"minimalist luxury, independent fashion, Matte Ribbed Knit bikini, high-end swimwear, luxury Olive Drab swimwear",TRUE,Color,Burnt Terracotta,Size,S,TWESSIE_NA_BT_0405-Burnt Terracotta-S,168.0,,10
twessie-na-bt-0405,Olive Drab Sculptural Matte Ribbed Knit Bikini Top,"<p>Matte Ribbed Knit construction meets architectural precision in this bikini top. Designed for the intelligent, independent woman. The Olive Drab colorway with Burnt Terracotta accents creates a sophisticated palette. Pure anti-fashion statement elegance.</p>",Twessie,Bikini Top,"minimalist luxury, independent fashion, Matte Ribbed Knit bikini, high-end swimwear, luxury Olive Drab swimwear",TRUE,Color,Burnt Terracotta,Size,M,TWESSIE_NA_BT_0405-Burnt Terracotta-M,168.0,,10
twessie-na-bt-0405,Olive Drab Sculptural Matte Ribbed Knit Bikini Top,"<p>Matte Ribbed Knit construction meets architectural precision in this bikini top. Designed for the intelligent, independent woman. The Olive Drab colorway with Burnt Terracotta accents creates a sophisticated palette. Pure anti-fashion statement elegance.</p>",Twessie,Bikini Top,"minimalist luxury, independent fashion, Matte Ribbed Knit bikini, high-end swimwear, luxury Olive Drab swimwear",TRUE,Color,Burnt Terracotta,Size,L,TWESSIE_NA_BT_0405-Burnt Terracotta-L,168.0,,10
twessie-na-bt-0405,Olive Drab Sculptural Matte Ribbed Knit Bikini Top,"<p>Matte Ribbed Knit construction meets architectural precision in this bikini top. Designed for the intelligent, independent woman. The Olive Drab colorway with Burnt Terracotta accents creates a sophisticated palette. Pure anti-fashion statement elegance.</p>",Twessie,Bikini Top,"minimalist luxury, independent fashion, Matte Ribbed Knit bikini, high-end swimwear, luxury Olive Drab swimwear",TRUE,Color,Burnt Terracotta,Size,XL,TWESSIE_NA_BT_0405-Burnt Terracotta-XL,168.0,,10
twessie-na-bt-0405,Olive Drab Sculptural Matte Ribbed Knit Bikini Top,"<p>Matte Ribbed Knit construction meets architectural precision in this bikini top. Designed for the intelligent, independent woman. The Olive Drab colorway with Burnt Terracotta accents creates a sophisticated palette. Pure anti-fashion statement elegance.</p>",Twessie,Bikini Top,"minimalist luxury, independent fashion, Matte Ribbed Knit bikini, high-end swimwear, luxury Olive Drab swimwear",TRUE,Color,Burnt Terracotta,Size,XXL,TWESSIE_NA_BT_0405-Burnt Terracotta-XXL,168.0,,10
twessie-eu-bb-0406,Obsidian Black Minimalist Econyl Sleek Satin Bikini Bottom,"<p>Econyl Sleek Satin construction meets architectural precision in this bikini bottom. Designed for the intelligent, independent woman. The Obsidian Black colorway with Stone Gray accents creates a sophisticated palette. Pure anti-fashion statement elegance.</p>",Twessie,Bikini Bottom,"high-end swimwear, minimalist bikini bottom, independent fashion, minimalist luxury, architectural swimsuit",TRUE,Color,Obsidian Black,Size,XS,TWESSIE_EU_BB_0406-Obsidian Black-XS,168.0,,10
twessie-eu-bb-0406,Obsidian Black Minimalist Econyl Sleek Satin Bikini Bottom,"<p>Econyl Sleek Satin construction meets architectural precision in this bikini bottom. Designed for the intelligent, independent woman. The Obsidian Black colorway with Stone Gray accents creates a sophisticated palette. Pure anti-fashion statement elegance.</p>",Twessie,Bikini Bottom,"high-end swimwear, minimalist bikini bottom, independent fashion, minimalist luxury, architectural swimsuit",TRUE,Color,Obsidian Black,Size,S,TWESSIE_EU_BB_0406-Obsidian Black-S,168.0,,10
twessie-eu-bb-0406,Obsidian Black Minimalist Econyl Sleek Satin Bikini Bottom,"<p>Econyl Sleek Satin construction meets architectural precision in this bikini bottom. Designed for the intelligent, independent woman. The Obsidian Black colorway with Stone Gray accents creates a sophisticated palette. Pure anti-fashion statement elegance.</p>",Twessie,Bikini Bottom,"high-end swimwear, minimalist bikini bottom, independent fashion, minimalist luxury, architectural swimsuit",TRUE,Color,Obsidian Black,Size,M,TWESSIE_EU_BB_0406-Obsidian Black-M,168.0,,10
twessie-eu-bb-0406,Obsidian Black Minimalist Econyl Sleek Satin Bikini Bottom,"<p>Econyl Sleek Satin construction meets architectural precision in this bikini bottom. Designed for the intelligent, independent woman. The Obsidian Black colorway with Stone Gray accents creates a sophisticated palette. Pure anti-fashion statement elegance.</p>",Twessie,Bikini Bottom,"high-end swimwear, minimalist bikini bottom, independent fashion, minimalist luxury, architectural swimsuit",TRUE,Color,Obsidian Black,Size,L,TWESSIE_EU_BB_0406-Obsidian Black-L,168.0,,10
twessie-eu-bb-0406,Obsidian Black Minimalist Econyl Sleek Satin Bikini Bottom,"<p>Econyl Sleek Satin construction meets architectural precision in this bikini bottom. Designed for the intelligent, independent woman. The Obsidian Black colorway with Stone Gray accents creates a sophisticated palette. Pure anti-fashion statement elegance.</p>",Twessie,Bikini Bottom,"high-end swimwear, minimalist bikini bottom, independent fashion, minimalist luxury, architectural swimsuit",TRUE,Color,Obsidian Black,Size,XL,TWESSIE_EU_BB_0406-Obsidian Black-XL,168.0,,10
twessie-eu-bb-0406,Obsidian Black Minimalist Econyl Sleek Satin Bikini Bottom,"<p>Econyl Sleek Satin construction meets architectural precision in this bikini bottom. Designed for the intelligent, independent woman. The Obsidian Black colorway with Stone Gray accents creates a sophisticated palette. Pure anti-fashion statement elegance.</p>",Twessie,Bikini Bottom,"high-end swimwear, minimalist bikini bottom, independent fashion, minimalist luxury, architectural swimsuit",TRUE,Color,Obsidian Black,Size,XXL,TWESSIE_EU_BB_0406-Obsidian Black-XXL,168.0,,10
twessie-eu-bb-0406,Obsidian Black Minimalist Econyl Sleek Satin Bikini Bottom,"<p>Econyl Sleek Satin construction meets architectural precision in this bikini bottom. Designed for the intelligent, independent woman. The Obsidian Black colorway with Stone Gray accents creates a sophisticated palette. Pure anti-fashion statement elegance.</p>",Twessie,Bikini Bottom,"high-end swimwear, minimalist bikini bottom, independent fashion, minimalist luxury, architectural swimsuit",TRUE,Color,Stone Gray,Size,XS,TWESSIE_EU_BB_0406-Stone Gray-XS,168.0,,10
twessie-eu-bb-0406,Obsidian Black Minimalist Econyl Sleek Satin Bikini Bottom,"<p>Econyl Sleek Satin construction meets architectural precision in this bikini bottom. Designed for the intelligent, independent woman. The Obsidian Black colorway with Stone Gray accents creates a sophisticated palette. Pure anti-fashion statement elegance.</p>",Twessie,Bikini Bottom,"high-end swimwear, minimalist bikini bottom, independent fashion, minimalist luxury, architectural swimsuit",TRUE,Color,Stone Gray,Size,S,TWESSIE_EU_BB_0406-Stone Gray-S,168.0,,10
twessie-eu-bb-0406,Obsidian Black Minimalist Econyl Sleek Satin Bikini Bottom,"<p>Econyl Sleek Satin construction meets architectural precision in this bikini bottom. Designed for the intelligent, independent woman. The Obsidian Black colorway with Stone Gray accents creates a sophisticated palette. Pure anti-fashion statement elegance.</p>",Twessie,Bikini Bottom,"high-end swimwear, minimalist bikini bottom, independent fashion, minimalist luxury, architectural swimsuit",TRUE,Color,Stone Gray,Size,M,TWESSIE_EU_BB_0406-Stone Gray-M,168.0,,10
twessie-eu-bb-0406,Obsidian Black Minimalist Econyl Sleek Satin Bikini Bottom,"<p>Econyl Sleek Satin construction meets architectural precision in this bikini bottom. Designed for the intelligent, independent woman. The Obsidian Black colorway with Stone Gray accents creates a sophisticated palette. Pure anti-fashion statement elegance.</p>",Twessie,Bikini Bottom,"high-end swimwear, minimalist bikini bottom, independent fashion, minimalist luxury, architectural swimsuit",TRUE,Color,Stone Gray,Size,L,TWESSIE_EU_BB_0406-Stone Gray-L,168.0,,10
twessie-eu-bb-0406,Obsidian Black Minimalist Econyl Sleek Satin Bikini Bottom,"<p>Econyl Sleek Satin construction meets architectural precision in this bikini bottom. Designed for the intelligent, independent woman. The Obsidian Black colorway with Stone Gray accents creates a sophisticated palette. Pure anti-fashion statement elegance.</p>",Twessie,Bikini Bottom,"high-end swimwear, minimalist bikini bottom, independent fashion, minimalist luxury, architectural swimsuit",TRUE,Color,Stone Gray,Size,XL,TWESSIE_EU_BB_0406-Stone Gray-XL,168.0,,10
twessie-eu-bb-0406,Obsidian Black Minimalist Econyl Sleek Satin Bikini Bottom,"<p>Econyl Sleek Satin construction meets architectural precision in this bikini bottom. Designed for the intelligent, independent woman. The Obsidian Black colorway with Stone Gray accents creates a sophisticated palette. Pure anti-fashion statement elegance.</p>",Twessie,Bikini Bottom,"high-end swimwear, minimalist bikini bottom, independent fashion, minimalist luxury, architectural swimsuit",TRUE,Color,Stone Gray,Size,XXL,TWESSIE_EU_BB_0406-Stone Gray-XXL,168.0,,10
twessie-jp-bt-0407,Minimalist Chalk White Textured Bikini Top,<p>Crafted in premium Crinkled Seersucker with Econyl Sleek Satin accents. This bikini top epitomizes anti-fashion statement luxury. Featuring color-blocking in Chalk White and Stone Gray. Perfect for the discerning swimmer who refuses the obvious.</p>,Twessie,Bikini Top,"luxury Chalk White swimwear, independent fashion, high-end swimwear, Crinkled Seersucker bikini, minimalist luxury",TRUE,Color,Chalk White,Size,XS,TWESSIE_JP_BT_0407-Chalk White-XS,168.0,,10
twessie-jp-bt-0407,Minimalist Chalk White Textured Bikini Top,<p>Crafted in premium Crinkled Seersucker with Econyl Sleek Satin accents. This bikini top epitomizes anti-fashion statement luxury. Featuring color-blocking in Chalk White and Stone Gray. Perfect for the discerning swimmer who refuses the obvious.</p>,Twessie,Bikini Top,"luxury Chalk White swimwear, independent fashion, high-end swimwear, Crinkled Seersucker bikini, minimalist luxury",TRUE,Color,Chalk White,Size,S,TWESSIE_JP_BT_0407-Chalk White-S,168.0,,10
twessie-jp-bt-0407,Minimalist Chalk White Textured Bikini Top,<p>Crafted in premium Crinkled Seersucker with Econyl Sleek Satin accents. This bikini top epitomizes anti-fashion statement luxury. Featuring color-blocking in Chalk White and Stone Gray. Perfect for the discerning swimmer who refuses the obvious.</p>,Twessie,Bikini Top,"luxury Chalk White swimwear, independent fashion, high-end swimwear, Crinkled Seersucker bikini, minimalist luxury",TRUE,Color,Chalk White,Size,M,TWESSIE_JP_BT_0407-Chalk White-M,168.0,,10
twessie-jp-bt-0407,Minimalist Chalk White Textured Bikini Top,<p>Crafted in premium Crinkled Seersucker with Econyl Sleek Satin accents. This bikini top epitomizes anti-fashion statement luxury. Featuring color-blocking in Chalk White and Stone Gray. Perfect for the discerning swimmer who refuses the obvious.</p>,Twessie,Bikini Top,"luxury Chalk White swimwear, independent fashion, high-end swimwear, Crinkled Seersucker bikini, minimalist luxury",TRUE,Color,Chalk White,Size,L,TWESSIE_JP_BT_0407-Chalk White-L,168.0,,10
twessie-jp-bt-0407,Minimalist Chalk White Textured Bikini Top,<p>Crafted in premium Crinkled Seersucker with Econyl Sleek Satin accents. This bikini top epitomizes anti-fashion statement luxury. Featuring color-blocking in Chalk White and Stone Gray. Perfect for the discerning swimmer who refuses the obvious.</p>,Twessie,Bikini Top,"luxury Chalk White swimwear, independent fashion, high-end swimwear, Crinkled Seersucker bikini, minimalist luxury",TRUE,Color,Chalk White,Size,XL,TWESSIE_JP_BT_0407-Chalk White-XL,168.0,,10
twessie-jp-bt-0407,Minimalist Chalk White Textured Bikini Top,<p>Crafted in premium Crinkled Seersucker with Econyl Sleek Satin accents. This bikini top epitomizes anti-fashion statement luxury. Featuring color-blocking in Chalk White and Stone Gray. Perfect for the discerning swimmer who refuses the obvious.</p>,Twessie,Bikini Top,"luxury Chalk White swimwear, independent fashion, high-end swimwear, Crinkled Seersucker bikini, minimalist luxury",TRUE,Color,Chalk White,Size,XXL,TWESSIE_JP_BT_0407-Chalk White-XXL,168.0,,10
twessie-jp-bt-0407,Minimalist Chalk White Textured Bikini Top,<p>Crafted in premium Crinkled Seersucker with Econyl Sleek Satin accents. This bikini top epitomizes anti-fashion statement luxury. Featuring color-blocking in Chalk White and Stone Gray. Perfect for the discerning swimmer who refuses the obvious.</p>,Twessie,Bikini Top,"luxury Chalk White swimwear, independent fashion, high-end swimwear, Crinkled Seersucker bikini, minimalist luxury",TRUE,Color,Stone Gray,Size,XS,TWESSIE_JP_BT_0407-Stone Gray-XS,168.0,,10
twessie-jp-bt-0407,Minimalist Chalk White Textured Bikini Top,<p>Crafted in premium Crinkled Seersucker with Econyl Sleek Satin accents. This bikini top epitomizes anti-fashion statement luxury. Featuring color-blocking in Chalk White and Stone Gray. Perfect for the discerning swimmer who refuses the obvious.</p>,Twessie,Bikini Top,"luxury Chalk White swimwear, independent fashion, high-end swimwear, Crinkled Seersucker bikini, minimalist luxury",TRUE,Color,Stone Gray,Size,S,TWESSIE_JP_BT_0407-Stone Gray-S,168.0,,10
twessie-jp-bt-0407,Minimalist Chalk White Textured Bikini Top,<p>Crafted in premium Crinkled Seersucker with Econyl Sleek Satin accents. This bikini top epitomizes anti-fashion statement luxury. Featuring color-blocking in Chalk White and Stone Gray. Perfect for the discerning swimmer who refuses the obvious.</p>,Twessie,Bikini Top,"luxury Chalk White swimwear, independent fashion, high-end swimwear, Crinkled Seersucker bikini, minimalist luxury",TRUE,Color,Stone Gray,Size,M,TWESSIE_JP_BT_0407-Stone Gray-M,168.0,,10
twessie-jp-bt-0407,Minimalist Chalk White Textured Bikini Top,<p>Crafted in premium Crinkled Seersucker with Econyl Sleek Satin accents. This bikini top epitomizes anti-fashion statement luxury. Featuring color-blocking in Chalk White and Stone Gray. Perfect for the discerning swimmer who refuses the obvious.</p>,Twessie,Bikini Top,"luxury Chalk White swimwear, independent fashion, high-end swimwear, Crinkled Seersucker bikini, minimalist luxury",TRUE,Color,Stone Gray,Size,L,TWESSIE_JP_BT_0407-Stone Gray-L,168.0,,10
twessie-jp-bt-0407,Minimalist Chalk White Textured Bikini Top,<p>Crafted in premium Crinkled Seersucker with Econyl Sleek Satin accents. This bikini top epitomizes anti-fashion statement luxury. Featuring color-blocking in Chalk White and Stone Gray. Perfect for the discerning swimmer who refuses the obvious.</p>,Twessie,Bikini Top,"luxury Chalk White swimwear, independent fashion, high-end swimwear, Crinkled Seersucker bikini, minimalist luxury",TRUE,Color,Stone Gray,Size,XL,TWESSIE_JP_BT_0407-Stone Gray-XL,168.0,,10
twessie-jp-bt-0407,Minimalist Chalk White Textured Bikini Top,<p>Crafted in premium Crinkled Seersucker with Econyl Sleek Satin accents. This bikini top epitomizes anti-fashion statement luxury. Featuring color-blocking in Chalk White and Stone Gray. Perfect for the discerning swimmer who refuses the obvious.</p>,Twessie,Bikini Top,"luxury Chalk White swimwear, independent fashion, high-end swimwear, Crinkled Seersucker bikini, minimalist luxury",TRUE,Color,Stone Gray,Size,XXL,TWESSIE_JP_BT_0407-Stone Gray-XXL,168.0,,10
twessie-sg-op-0408,Minimalist Crinkled Seersucker One-Piece,<p>A statement piece in Crinkled Seersucker. This one-piece combines anti-fashion statement design with impeccable craftsmanship. Available in Stone Gray with Chalk White detailing. Not loud. Not obvious. Unmistakably Twessie.</p>,Twessie,One-Piece,"architectural swimsuit, Crinkled Seersucker bikini, minimalist one-piece, high-end swimwear, luxury Stone Gray swimwear",TRUE,Color,Stone Gray,Size,XS,TWESSIE_SG_OP_0408-Stone Gray-XS,168.0,,10
twessie-sg-op-0408,Minimalist Crinkled Seersucker One-Piece,<p>A statement piece in Crinkled Seersucker. This one-piece combines anti-fashion statement design with impeccable craftsmanship. Available in Stone Gray with Chalk White detailing. Not loud. Not obvious. Unmistakably Twessie.</p>,Twessie,One-Piece,"architectural swimsuit, Crinkled Seersucker bikini, minimalist one-piece, high-end swimwear, luxury Stone Gray swimwear",TRUE,Color,Stone Gray,Size,S,TWESSIE_SG_OP_0408-Stone Gray-S,168.0,,10
twessie-sg-op-0408,Minimalist Crinkled Seersucker One-Piece,<p>A statement piece in Crinkled Seersucker. This one-piece combines anti-fashion statement design with impeccable craftsmanship. Available in Stone Gray with Chalk White detailing. Not loud. Not obvious. Unmistakably Twessie.</p>,Twessie,One-Piece,"architectural swimsuit, Crinkled Seersucker bikini, minimalist one-piece, high-end swimwear, luxury Stone Gray swimwear",TRUE,Color,Stone Gray,Size,M,TWESSIE_SG_OP_0408-Stone Gray-M,168.0,,10
twessie-sg-op-0408,Minimalist Crinkled Seersucker One-Piece,<p>A statement piece in Crinkled Seersucker. This one-piece combines anti-fashion statement design with impeccable craftsmanship. Available in Stone Gray with Chalk White detailing. Not loud. Not obvious. Unmistakably Twessie.</p>,Twessie,One-Piece,"architectural swimsuit, Crinkled Seersucker bikini, minimalist one-piece, high-end swimwear, luxury Stone Gray swimwear",TRUE,Color,Stone Gray,Size,L,TWESSIE_SG_OP_0408-Stone Gray-L,168.0,,10
twessie-sg-op-0408,Minimalist Crinkled Seersucker One-Piece,<p>A statement piece in Crinkled Seersucker. This one-piece combines anti-fashion statement design with impeccable craftsmanship. Available in Stone Gray with Chalk White detailing. Not loud. Not obvious. Unmistakably Twessie.</p>,Twessie,One-Piece,"architectural swimsuit, Crinkled Seersucker bikini, minimalist one-piece, high-end swimwear, luxury Stone Gray swimwear",TRUE,Color,Stone Gray,Size,XL,TWESSIE_SG_OP_0408-Stone Gray-XL,168.0,,10
twessie-sg-op-0408,Minimalist Crinkled Seersucker One-Piece,<p>A statement piece in Crinkled Seersucker. This one-piece combines anti-fashion statement design with impeccable craftsmanship. Available in Stone Gray with Chalk White detailing. Not loud. Not obvious. Unmistakably Twessie.</p>,Twessie,One-Piece,"architectural swimsuit, Crinkled Seersucker bikini, minimalist one-piece, high-end swimwear, luxury Stone Gray swimwear",TRUE,Color,Stone Gray,Size,XXL,TWESSIE_SG_OP_0408-Stone Gray-XXL,168.0,,10
twessie-sg-op-0408,Minimalist Crinkled Seersucker One-Piece,<p>A statement piece in Crinkled Seersucker. This one-piece combines anti-fashion statement design with impeccable craftsmanship. Available in Stone Gray with Chalk White detailing. Not loud. Not obvious. Unmistakably Twessie.</p>,Twessie,One-Piece,"architectural swimsuit, Crinkled Seersucker bikini, minimalist one-piece, high-end swimwear, luxury Stone Gray swimwear",TRUE,Color,Chalk White,Size,XS,TWESSIE_SG_OP_0408-Chalk White-XS,168.0,,10
twessie-sg-op-0408,Minimalist Crinkled Seersucker One-Piece,<p>A statement piece in Crinkled Seersucker. This one-piece combines anti-fashion statement design with impeccable craftsmanship. Available in Stone Gray with Chalk White detailing. Not loud. Not obvious. Unmistakably Twessie.</p>,Twessie,One-Piece,"architectural swimsuit, Crinkled Seersucker bikini, minimalist one-piece, high-end swimwear, luxury Stone Gray swimwear",TRUE,Color,Chalk White,Size,S,TWESSIE_SG_OP_0408-Chalk White-S,168.0,,10
twessie-sg-op-0408,Minimalist Crinkled Seersucker One-Piece,<p>A statement piece in Crinkled Seersucker. This one-piece combines anti-fashion statement design with impeccable craftsmanship. Available in Stone Gray with Chalk White detailing. Not loud. Not obvious. Unmistakably Twessie.</p>,Twessie,One-Piece,"architectural swimsuit, Crinkled Seersucker bikini, minimalist one-piece, high-end swimwear, luxury Stone Gray swimwear",TRUE,Color,Chalk White,Size,M,TWESSIE_SG_OP_0408-Chalk White-M,168.0,,10
twessie-sg-op-0408,Minimalist Crinkled Seersucker One-Piece,<p>A statement piece in Crinkled Seersucker. This one-piece combines anti-fashion statement design with impeccable craftsmanship. Available in Stone Gray with Chalk White detailing. Not loud. Not obvious. Unmistakably Twessie.</p>,Twessie,One-Piece,"architectural swimsuit, Crinkled Seersucker bikini, minimalist one-piece, high-end swimwear, luxury Stone Gray swimwear",TRUE,Color,Chalk White,Size,L,TWESSIE_SG_OP_0408-Chalk White-L,168.0,,10
twessie-sg-op-0408,Minimalist Crinkled Seersucker One-Piece,<p>A statement piece in Crinkled Seersucker. This one-piece combines anti-fashion statement design with impeccable craftsmanship. Available in Stone Gray with Chalk White detailing. Not loud. Not obvious. Unmistakably Twessie.</p>,Twessie,One-Piece,"architectural swimsuit, Crinkled Seersucker bikini, minimalist one-piece, high-end swimwear, luxury Stone Gray swimwear",TRUE,Color,Chalk White,Size,XL,TWESSIE_SG_OP_0408-Chalk White-XL,168.0,,10
twessie-sg-op-0408,Minimalist Crinkled Seersucker One-Piece,<p>A statement piece in Crinkled Seersucker. This one-piece combines anti-fashion statement design with impeccable craftsmanship. Available in Stone Gray with Chalk White detailing. Not loud. Not obvious. Unmistakably Twessie.</p>,Twessie,One-Piece,"architectural swimsuit, Crinkled Seersucker bikini, minimalist one-piece, high-end swimwear, luxury Stone Gray swimwear",TRUE,Color,Chalk White,Size,XXL,TWESSIE_SG_OP_0408-Chalk White-XXL,168.0,,10
twessie-au-bb-0409,Raw-Edge Burnt Terracotta Bikini Bottom,<p>Crafted in premium Matte Ribbed Knit with Crinkled Seersucker accents. This bikini bottom epitomizes anti-fashion statement luxury. Featuring color-blocking in Burnt Terracotta and Olive Drab. Perfect for the discerning swimmer who refuses the obvious.</p>,Twessie,Bikini Bottom,"high-end swimwear, architectural swimsuit, minimalist luxury, Matte Ribbed Knit bikini, luxury Burnt Terracotta swimwear",TRUE,Color,Burnt Terracotta,Size,XS,TWESSIE_AU_BB_0409-Burnt Terracotta-XS,168.0,,10
twessie-au-bb-0409,Raw-Edge Burnt Terracotta Bikini Bottom,<p>Crafted in premium Matte Ribbed Knit with Crinkled Seersucker accents. This bikini bottom epitomizes anti-fashion statement luxury. Featuring color-blocking in Burnt Terracotta and Olive Drab. Perfect for the discerning swimmer who refuses the obvious.</p>,Twessie,Bikini Bottom,"high-end swimwear, architectural swimsuit, minimalist luxury, Matte Ribbed Knit bikini, luxury Burnt Terracotta swimwear",TRUE,Color,Burnt Terracotta,Size,S,TWESSIE_AU_BB_0409-Burnt Terracotta-S,168.0,,10
twessie-au-bb-0409,Raw-Edge Burnt Terracotta Bikini Bottom,<p>Crafted in premium Matte Ribbed Knit with Crinkled Seersucker accents. This bikini bottom epitomizes anti-fashion statement luxury. Featuring color-blocking in Burnt Terracotta and Olive Drab. Perfect for the discerning swimmer who refuses the obvious.</p>,Twessie,Bikini Bottom,"high-end swimwear, architectural swimsuit, minimalist luxury, Matte Ribbed Knit bikini, luxury Burnt Terracotta swimwear",TRUE,Color,Burnt Terracotta,Size,M,TWESSIE_AU_BB_0409-Burnt Terracotta-M,168.0,,10
twessie-au-bb-0409,Raw-Edge Burnt Terracotta Bikini Bottom,<p>Crafted in premium Matte Ribbed Knit with Crinkled Seersucker accents. This bikini bottom epitomizes anti-fashion statement luxury. Featuring color-blocking in Burnt Terracotta and Olive Drab. Perfect for the discerning swimmer who refuses the obvious.</p>,Twessie,Bikini Bottom,"high-end swimwear, architectural swimsuit, minimalist luxury, Matte Ribbed Knit bikini, luxury Burnt Terracotta swimwear",TRUE,Color,Burnt Terracotta,Size,L,TWESSIE_AU_BB_0409-Burnt Terracotta-L,168.0,,10
twessie-au-bb-0409,Raw-Edge Burnt Terracotta Bikini Bottom,<p>Crafted in premium Matte Ribbed Knit with Crinkled Seersucker accents. This bikini bottom epitomizes anti-fashion statement luxury. Featuring color-blocking in Burnt Terracotta and Olive Drab. Perfect for the discerning swimmer who refuses the obvious.</p>,Twessie,Bikini Bottom,"high-end swimwear, architectural swimsuit, minimalist luxury, Matte Ribbed Knit bikini, luxury Burnt Terracotta swimwear",TRUE,Color,Burnt Terracotta,Size,XL,TWESSIE_AU_BB_0409-Burnt Terracotta-XL,168.0,,10
twessie-au-bb-0409,Raw-Edge Burnt Terracotta Bikini Bottom,<p>Crafted in premium Matte Ribbed Knit with Crinkled Seersucker accents. This bikini bottom epitomizes anti-fashion statement luxury. Featuring color-blocking in Burnt Terracotta and Olive Drab. Perfect for the discerning swimmer who refuses the obvious.</p>,Twessie,Bikini Bottom,"high-end swimwear, architectural swimsuit, minimalist luxury, Matte Ribbed Knit bikini, luxury Burnt Terracotta swimwear",TRUE,Color,Burnt Terracotta,Size,XXL,TWESSIE_AU_BB_0409-Burnt Terracotta-XXL,168.0,,10
twessie-au-bb-0409,Raw-Edge Burnt Terracotta Bikini Bottom,<p>Crafted in premium Matte Ribbed Knit with Crinkled Seersucker accents. This bikini bottom epitomizes anti-fashion statement luxury. Featuring color-blocking in Burnt Terracotta and Olive Drab. Perfect for the discerning swimmer who refuses the obvious.</p>,Twessie,Bikini Bottom,"high-end swimwear, architectural swimsuit, minimalist luxury, Matte Ribbed Knit bikini, luxury Burnt Terracotta swimwear",TRUE,Color,Olive Drab,Size,XS,TWESSIE_AU_BB_0409-Olive Drab-XS,168.0,,10
twessie-au-bb-0409,Raw-Edge Burnt Terracotta Bikini Bottom,<p>Crafted in premium Matte Ribbed Knit with Crinkled Seersucker accents. This bikini bottom epitomizes anti-fashion statement luxury. Featuring color-blocking in Burnt Terracotta and Olive Drab. Perfect for the discerning swimmer who refuses the obvious.</p>,Twessie,Bikini Bottom,"high-end swimwear, architectural swimsuit, minimalist luxury, Matte Ribbed Knit bikini, luxury Burnt Terracotta swimwear",TRUE,Color,Olive Drab,Size,S,TWESSIE_AU_BB_0409-Olive Drab-S,168.0,,10
twessie-au-bb-0409,Raw-Edge Burnt Terracotta Bikini Bottom,<p>Crafted in premium Matte Ribbed Knit with Crinkled Seersucker accents. This bikini bottom epitomizes anti-fashion statement luxury. Featuring color-blocking in Burnt Terracotta and Olive Drab. Perfect for the discerning swimmer who refuses the obvious.</p>,Twessie,Bikini Bottom,"high-end swimwear, architectural swimsuit, minimalist luxury, Matte Ribbed Knit bikini, luxury Burnt Terracotta swimwear",TRUE,Color,Olive Drab,Size,M,TWESSIE_AU_BB_0409-Olive Drab-M,168.0,,10
twessie-au-bb-0409,Raw-Edge Burnt Terracotta Bikini Bottom,<p>Crafted in premium Matte Ribbed Knit with Crinkled Seersucker accents. This bikini bottom epitomizes anti-fashion statement luxury. Featuring color-blocking in Burnt Terracotta and Olive Drab. Perfect for the discerning swimmer who refuses the obvious.</p>,Twessie,Bikini Bottom,"high-end swimwear, architectural swimsuit, minimalist luxury, Matte Ribbed Knit bikini, luxury Burnt Terracotta swimwear",TRUE,Color,Olive Drab,Size,L,TWESSIE_AU_BB_0409-Olive Drab-L,168.0,,10
twessie-au-bb-0409,Raw-Edge Burnt Terracotta Bikini Bottom,<p>Crafted in premium Matte Ribbed Knit with Crinkled Seersucker accents. This bikini bottom epitomizes anti-fashion statement luxury. Featuring color-blocking in Burnt Terracotta and Olive Drab. Perfect for the discerning swimmer who refuses the obvious.</p>,Twessie,Bikini Bottom,"high-end swimwear, architectural swimsuit, minimalist luxury, Matte Ribbed Knit bikini, luxury Burnt Terracotta swimwear",TRUE,Color,Olive Drab,Size,XL,TWESSIE_AU_BB_0409-Olive Drab-XL,168.0,,10
twessie-au-bb-0409,Raw-Edge Burnt Terracotta Bikini Bottom,<p>Crafted in premium Matte Ribbed Knit with Crinkled Seersucker accents. This bikini bottom epitomizes anti-fashion statement luxury. Featuring color-blocking in Burnt Terracotta and Olive Drab. Perfect for the discerning swimmer who refuses the obvious.</p>,Twessie,Bikini Bottom,"high-end swimwear, architectural swimsuit, minimalist luxury, Matte Ribbed Knit bikini, luxury Burnt Terracotta swimwear",TRUE,Color,Olive Drab,Size,XXL,TWESSIE_AU_BB_0409-Olive Drab-XXL,168.0,,10
twessie-eu-bb-0410,High-Cut Stone Gray Bikini Brief,"<p>Crinkled Seersucker construction meets architectural precision in this bikini bottom. Designed for the intelligent, independent woman. The Stone Gray colorway with Chalk White accents creates a sophisticated palette. Pure minimalist luxury elegance.</p>",Twessie,Bikini Bottom,"architectural swimsuit, Crinkled Seersucker bikini, high-end swimwear, luxury Stone Gray swimwear, minimalist luxury",TRUE,Color,Stone Gray,Size,XS,TWESSIE_EU_BB_0410-Stone Gray-XS,168.0,,10
twessie-eu-bb-0410,High-Cut Stone Gray Bikini Brief,"<p>Crinkled Seersucker construction meets architectural precision in this bikini bottom. Designed for the intelligent, independent woman. The Stone Gray colorway with Chalk White accents creates a sophisticated palette. Pure minimalist luxury elegance.</p>",Twessie,Bikini Bottom,"architectural swimsuit, Crinkled Seersucker bikini, high-end swimwear, luxury Stone Gray swimwear, minimalist luxury",TRUE,Color,Stone Gray,Size,S,TWESSIE_EU_BB_0410-Stone Gray-S,168.0,,10
twessie-eu-bb-0410,High-Cut Stone Gray Bikini Brief,"<p>Crinkled Seersucker construction meets architectural precision in this bikini bottom. Designed for the intelligent, independent woman. The Stone Gray colorway with Chalk White accents creates a sophisticated palette. Pure minimalist luxury elegance.</p>",Twessie,Bikini Bottom,"architectural swimsuit, Crinkled Seersucker bikini, high-end swimwear, luxury Stone Gray swimwear, minimalist luxury",TRUE,Color,Stone Gray,Size,M,TWESSIE_EU_BB_0410-Stone Gray-M,168.0,,10
twessie-eu-bb-0410,High-Cut Stone Gray Bikini Brief,"<p>Crinkled Seersucker construction meets architectural precision in this bikini bottom. Designed for the intelligent, independent woman. The Stone Gray colorway with Chalk White accents creates a sophisticated palette. Pure minimalist luxury elegance.</p>",Twessie,Bikini Bottom,"architectural swimsuit, Crinkled Seersucker bikini, high-end swimwear, luxury Stone Gray swimwear, minimalist luxury",TRUE,Color,Stone Gray,Size,L,TWESSIE_EU_BB_0410-Stone Gray-L,168.0,,10
twessie-eu-bb-0410,High-Cut Stone Gray Bikini Brief,"<p>Crinkled Seersucker construction meets architectural precision in this bikini bottom. Designed for the intelligent, independent woman. The Stone Gray colorway with Chalk White accents creates a sophisticated palette. Pure minimalist luxury elegance.</p>",Twessie,Bikini Bottom,"architectural swimsuit, Crinkled Seersucker bikini, high-end swimwear, luxury Stone Gray swimwear, minimalist luxury",TRUE,Color,Stone Gray,Size,XL,TWESSIE_EU_BB_0410-Stone Gray-XL,168.0,,10
twessie-eu-bb-0410,High-Cut Stone Gray Bikini Brief,"<p>Crinkled Seersucker construction meets architectural precision in this bikini bottom. Designed for the intelligent, independent woman. The Stone Gray colorway with Chalk White accents creates a sophisticated palette. Pure minimalist luxury elegance.</p>",Twessie,Bikini Bottom,"architectural swimsuit, Crinkled Seersucker bikini, high-end swimwear, luxury Stone Gray swimwear, minimalist luxury",TRUE,Color,Stone Gray,Size,XXL,TWESSIE_EU_BB_0410-Stone Gray-XXL,168.0,,10
twessie-eu-bb-0410,High-Cut Stone Gray Bikini Brief,"<p>Crinkled Seersucker construction meets architectural precision in this bikini bottom. Designed for the intelligent, independent woman. The Stone Gray colorway with Chalk White accents creates a sophisticated palette. Pure minimalist luxury elegance.</p>",Twessie,Bikini Bottom,"architectural swimsuit, Crinkled Seersucker bikini, high-end swimwear, luxury Stone Gray swimwear, minimalist luxury",TRUE,Color,Chalk White,Size,XS,TWESSIE_EU_BB_0410-Chalk White-XS,168.0,,10
twessie-eu-bb-0410,High-Cut Stone Gray Bikini Brief,"<p>Crinkled Seersucker construction meets architectural precision in this bikini bottom. Designed for the intelligent, independent woman. The Stone Gray colorway with Chalk White accents creates a sophisticated palette. Pure minimalist luxury elegance.</p>",Twessie,Bikini Bottom,"architectural swimsuit, Crinkled Seersucker bikini, high-end swimwear, luxury Stone Gray swimwear, minimalist luxury",TRUE,Color,Chalk White,Size,S,TWESSIE_EU_BB_0410-Chalk White-S,168.0,,10
twessie-eu-bb-0410,High-Cut Stone Gray Bikini Brief,"<p>Crinkled Seersucker construction meets architectural precision in this bikini bottom. Designed for the intelligent, independent woman. The Stone Gray colorway with Chalk White accents creates a sophisticated palette. Pure minimalist luxury elegance.</p>",Twessie,Bikini Bottom,"architectural swimsuit, Crinkled Seersucker bikini, high-end swimwear, luxury Stone Gray swimwear, minimalist luxury",TRUE,Color,Chalk White,Size,M,TWESSIE_EU_BB_0410-Chalk White-M,168.0,,10
twessie-eu-bb-0410,High-Cut Stone Gray Bikini Brief,"<p>Crinkled Seersucker construction meets architectural precision in this bikini bottom. Designed for the intelligent, independent woman. The Stone Gray colorway with Chalk White accents creates a sophisticated palette. Pure minimalist luxury elegance.</p>",Twessie,Bikini Bottom,"architectural swimsuit, Crinkled Seersucker bikini, high-end swimwear, luxury Stone Gray swimwear, minimalist luxury",TRUE,Color,Chalk White,Size,L,TWESSIE_EU_BB_0410-Chalk White-L,168.0,,10
twessie-eu-bb-0410,High-Cut Stone Gray Bikini Brief,"<p>Crinkled Seersucker construction meets architectural precision in this bikini bottom. Designed for the intelligent, independent woman. The Stone Gray colorway with Chalk White accents creates a sophisticated palette. Pure minimalist luxury elegance.</p>",Twessie,Bikini Bottom,"architectural swimsuit, Crinkled Seersucker bikini, high-end swimwear, luxury Stone Gray swimwear, minimalist luxury",TRUE,Color,Chalk White,Size,XL,TWESSIE_EU_BB_0410-Chalk White-XL,168.0,,10
twessie-eu-bb-0410,High-Cut Stone Gray Bikini Brief,"<p>Crinkled Seersucker construction meets architectural precision in this bikini bottom. Designed for the intelligent, independent woman. The Stone Gray colorway with Chalk White accents creates a sophisticated palette. Pure minimalist luxury elegance.</p>",Twessie,Bikini Bottom,"architectural swimsuit, Crinkled Seersucker bikini, high-end swimwear, luxury Stone Gray swimwear, minimalist luxury",TRUE,Color,Chalk White,Size,XXL,TWESSIE_EU_BB_0410-Chalk White-XXL,168.0,,10
twessie-na-bt-0501,Architecture-Cut Obsidian Black Bikini Top,<p>Crafted in premium Econyl Sleek Satin with Crinkled Seersucker accents. This bikini top epitomizes anti-fashion statement luxury. Featuring color-blocking in Obsidian Black and Stone Gray. Perfect for the discerning swimmer who refuses the obvious.</p>,Twessie,Bikini Top,"luxury Obsidian Black swimwear, minimalist bikini top, high-end swimwear, Econyl Sleek Satin bikini, minimalist luxury",TRUE,Color,Obsidian Black,Size,XS,TWESSIE_NA_BT_0501-Obsidian Black-XS,168.0,,10
twessie-na-bt-0501,Architecture-Cut Obsidian Black Bikini Top,<p>Crafted in premium Econyl Sleek Satin with Crinkled Seersucker accents. This bikini top epitomizes anti-fashion statement luxury. Featuring color-blocking in Obsidian Black and Stone Gray. Perfect for the discerning swimmer who refuses the obvious.</p>,Twessie,Bikini Top,"luxury Obsidian Black swimwear, minimalist bikini top, high-end swimwear, Econyl Sleek Satin bikini, minimalist luxury",TRUE,Color,Obsidian Black,Size,S,TWESSIE_NA_BT_0501-Obsidian Black-S,168.0,,10
twessie-na-bt-0501,Architecture-Cut Obsidian Black Bikini Top,<p>Crafted in premium Econyl Sleek Satin with Crinkled Seersucker accents. This bikini top epitomizes anti-fashion statement luxury. Featuring color-blocking in Obsidian Black and Stone Gray. Perfect for the discerning swimmer who refuses the obvious.</p>,Twessie,Bikini Top,"luxury Obsidian Black swimwear, minimalist bikini top, high-end swimwear, Econyl Sleek Satin bikini, minimalist luxury",TRUE,Color,Obsidian Black,Size,M,TWESSIE_NA_BT_0501-Obsidian Black-M,168.0,,10
twessie-na-bt-0501,Architecture-Cut Obsidian Black Bikini Top,<p>Crafted in premium Econyl Sleek Satin with Crinkled Seersucker accents. This bikini top epitomizes anti-fashion statement luxury. Featuring color-blocking in Obsidian Black and Stone Gray. Perfect for the discerning swimmer who refuses the obvious.</p>,Twessie,Bikini Top,"luxury Obsidian Black swimwear, minimalist bikini top, high-end swimwear, Econyl Sleek Satin bikini, minimalist luxury",TRUE,Color,Obsidian Black,Size,L,TWESSIE_NA_BT_0501-Obsidian Black-L,168.0,,10
twessie-na-bt-0501,Architecture-Cut Obsidian Black Bikini Top,<p>Crafted in premium Econyl Sleek Satin with Crinkled Seersucker accents. This bikini top epitomizes anti-fashion statement luxury. Featuring color-blocking in Obsidian Black and Stone Gray. Perfect for the discerning swimmer who refuses the obvious.</p>,Twessie,Bikini Top,"luxury Obsidian Black swimwear, minimalist bikini top, high-end swimwear, Econyl Sleek Satin bikini, minimalist luxury",TRUE,Color,Obsidian Black,Size,XL,TWESSIE_NA_BT_0501-Obsidian Black-XL,168.0,,10
twessie-na-bt-0501,Architecture-Cut Obsidian Black Bikini Top,<p>Crafted in premium Econyl Sleek Satin with Crinkled Seersucker accents. This bikini top epitomizes anti-fashion statement luxury. Featuring color-blocking in Obsidian Black and Stone Gray. Perfect for the discerning swimmer who refuses the obvious.</p>,Twessie,Bikini Top,"luxury Obsidian Black swimwear, minimalist bikini top, high-end swimwear, Econyl Sleek Satin bikini, minimalist luxury",TRUE,Color,Obsidian Black,Size,XXL,TWESSIE_NA_BT_0501-Obsidian Black-XXL,168.0,,10
twessie-na-bt-0501,Architecture-Cut Obsidian Black Bikini Top,<p>Crafted in premium Econyl Sleek Satin with Crinkled Seersucker accents. This bikini top epitomizes anti-fashion statement luxury. Featuring color-blocking in Obsidian Black and Stone Gray. Perfect for the discerning swimmer who refuses the obvious.</p>,Twessie,Bikini Top,"luxury Obsidian Black swimwear, minimalist bikini top, high-end swimwear, Econyl Sleek Satin bikini, minimalist luxury",TRUE,Color,Stone Gray,Size,XS,TWESSIE_NA_BT_0501-Stone Gray-XS,168.0,,10
twessie-na-bt-0501,Architecture-Cut Obsidian Black Bikini Top,<p>Crafted in premium Econyl Sleek Satin with Crinkled Seersucker accents. This bikini top epitomizes anti-fashion statement luxury. Featuring color-blocking in Obsidian Black and Stone Gray. Perfect for the discerning swimmer who refuses the obvious.</p>,Twessie,Bikini Top,"luxury Obsidian Black swimwear, minimalist bikini top, high-end swimwear, Econyl Sleek Satin bikini, minimalist luxury",TRUE,Color,Stone Gray,Size,S,TWESSIE_NA_BT_0501-Stone Gray-S,168.0,,10
twessie-na-bt-0501,Architecture-Cut Obsidian Black Bikini Top,<p>Crafted in premium Econyl Sleek Satin with Crinkled Seersucker accents. This bikini top epitomizes anti-fashion statement luxury. Featuring color-blocking in Obsidian Black and Stone Gray. Perfect for the discerning swimmer who refuses the obvious.</p>,Twessie,Bikini Top,"luxury Obsidian Black swimwear, minimalist bikini top, high-end swimwear, Econyl Sleek Satin bikini, minimalist luxury",TRUE,Color,Stone Gray,Size,M,TWESSIE_NA_BT_0501-Stone Gray-M,168.0,,10
twessie-na-bt-0501,Architecture-Cut Obsidian Black Bikini Top,<p>Crafted in premium Econyl Sleek Satin with Crinkled Seersucker accents. This bikini top epitomizes anti-fashion statement luxury. Featuring color-blocking in Obsidian Black and Stone Gray. Perfect for the discerning swimmer who refuses the obvious.</p>,Twessie,Bikini Top,"luxury Obsidian Black swimwear, minimalist bikini top, high-end swimwear, Econyl Sleek Satin bikini, minimalist luxury",TRUE,Color,Stone Gray,Size,L,TWESSIE_NA_BT_0501-Stone Gray-L,168.0,,10
twessie-na-bt-0501,Architecture-Cut Obsidian Black Bikini Top,<p>Crafted in premium Econyl Sleek Satin with Crinkled Seersucker accents. This bikini top epitomizes anti-fashion statement luxury. Featuring color-blocking in Obsidian Black and Stone Gray. Perfect for the discerning swimmer who refuses the obvious.</p>,Twessie,Bikini Top,"luxury Obsidian Black swimwear, minimalist bikini top, high-end swimwear, Econyl Sleek Satin bikini, minimalist luxury",TRUE,Color,Stone Gray,Size,XL,TWESSIE_NA_BT_0501-Stone Gray-XL,168.0,,10
twessie-na-bt-0501,Architecture-Cut Obsidian Black Bikini Top,<p>Crafted in premium Econyl Sleek Satin with Crinkled Seersucker accents. This bikini top epitomizes anti-fashion statement luxury. Featuring color-blocking in Obsidian Black and Stone Gray. Perfect for the discerning swimmer who refuses the obvious.</p>,Twessie,Bikini Top,"luxury Obsidian Black swimwear, minimalist bikini top, high-end swimwear, Econyl Sleek Satin bikini, minimalist luxury",TRUE,Color,Stone Gray,Size,XXL,TWESSIE_NA_BT_0501-Stone Gray-XXL,168.0,,10
twessie-au-bb-0502,Raw-Edge Obsidian Black Bikini Bottom,<p>Crafted in premium Econyl Sleek Satin with Matte Ribbed Knit accents. This bikini bottom epitomizes minimalist luxury luxury. Featuring color-blocking in Obsidian Black and Burnt Terracotta. Perfect for the discerning swimmer who refuses the obvious.</p>,Twessie,Bikini Bottom,"high-end swimwear, Econyl Sleek Satin bikini, independent fashion, architectural swimsuit, minimalist luxury",TRUE,Color,Obsidian Black,Size,XS,TWESSIE_AU_BB_0502-Obsidian Black-XS,168.0,,10
twessie-au-bb-0502,Raw-Edge Obsidian Black Bikini Bottom,<p>Crafted in premium Econyl Sleek Satin with Matte Ribbed Knit accents. This bikini bottom epitomizes minimalist luxury luxury. Featuring color-blocking in Obsidian Black and Burnt Terracotta. Perfect for the discerning swimmer who refuses the obvious.</p>,Twessie,Bikini Bottom,"high-end swimwear, Econyl Sleek Satin bikini, independent fashion, architectural swimsuit, minimalist luxury",TRUE,Color,Obsidian Black,Size,S,TWESSIE_AU_BB_0502-Obsidian Black-S,168.0,,10
twessie-au-bb-0502,Raw-Edge Obsidian Black Bikini Bottom,<p>Crafted in premium Econyl Sleek Satin with Matte Ribbed Knit accents. This bikini bottom epitomizes minimalist luxury luxury. Featuring color-blocking in Obsidian Black and Burnt Terracotta. Perfect for the discerning swimmer who refuses the obvious.</p>,Twessie,Bikini Bottom,"high-end swimwear, Econyl Sleek Satin bikini, independent fashion, architectural swimsuit, minimalist luxury",TRUE,Color,Obsidian Black,Size,M,TWESSIE_AU_BB_0502-Obsidian Black-M,168.0,,10
twessie-au-bb-0502,Raw-Edge Obsidian Black Bikini Bottom,<p>Crafted in premium Econyl Sleek Satin with Matte Ribbed Knit accents. This bikini bottom epitomizes minimalist luxury luxury. Featuring color-blocking in Obsidian Black and Burnt Terracotta. Perfect for the discerning swimmer who refuses the obvious.</p>,Twessie,Bikini Bottom,"high-end swimwear, Econyl Sleek Satin bikini, independent fashion, architectural swimsuit, minimalist luxury",TRUE,Color,Obsidian Black,Size,L,TWESSIE_AU_BB_0502-Obsidian Black-L,168.0,,10
twessie-au-bb-0502,Raw-Edge Obsidian Black Bikini Bottom,<p>Crafted in premium Econyl Sleek Satin with Matte Ribbed Knit accents. This bikini bottom epitomizes minimalist luxury luxury. Featuring color-blocking in Obsidian Black and Burnt Terracotta. Perfect for the discerning swimmer who refuses the obvious.</p>,Twessie,Bikini Bottom,"high-end swimwear, Econyl Sleek Satin bikini, independent fashion, architectural swimsuit, minimalist luxury",TRUE,Color,Obsidian Black,Size,XL,TWESSIE_AU_BB_0502-Obsidian Black-XL,168.0,,10
twessie-au-bb-0502,Raw-Edge Obsidian Black Bikini Bottom,<p>Crafted in premium Econyl Sleek Satin with Matte Ribbed Knit accents. This bikini bottom epitomizes minimalist luxury luxury. Featuring color-blocking in Obsidian Black and Burnt Terracotta. Perfect for the discerning swimmer who refuses the obvious.</p>,Twessie,Bikini Bottom,"high-end swimwear, Econyl Sleek Satin bikini, independent fashion, architectural swimsuit, minimalist luxury",TRUE,Color,Obsidian Black,Size,XXL,TWESSIE_AU_BB_0502-Obsidian Black-XXL,168.0,,10
twessie-au-bb-0502,Raw-Edge Obsidian Black Bikini Bottom,<p>Crafted in premium Econyl Sleek Satin with Matte Ribbed Knit accents. This bikini bottom epitomizes minimalist luxury luxury. Featuring color-blocking in Obsidian Black and Burnt Terracotta. Perfect for the discerning swimmer who refuses the obvious.</p>,Twessie,Bikini Bottom,"high-end swimwear, Econyl Sleek Satin bikini, independent fashion, architectural swimsuit, minimalist luxury",TRUE,Color,Burnt Terracotta,Size,XS,TWESSIE_AU_BB_0502-Burnt Terracotta-XS,168.0,,10
twessie-au-bb-0502,Raw-Edge Obsidian Black Bikini Bottom,<p>Crafted in premium Econyl Sleek Satin with Matte Ribbed Knit accents. This bikini bottom epitomizes minimalist luxury luxury. Featuring color-blocking in Obsidian Black and Burnt Terracotta. Perfect for the discerning swimmer who refuses the obvious.</p>,Twessie,Bikini Bottom,"high-end swimwear, Econyl Sleek Satin bikini, independent fashion, architectural swimsuit, minimalist luxury",TRUE,Color,Burnt Terracotta,Size,S,TWESSIE_AU_BB_0502-Burnt Terracotta-S,168.0,,10
twessie-au-bb-0502,Raw-Edge Obsidian Black Bikini Bottom,<p>Crafted in premium Econyl Sleek Satin with Matte Ribbed Knit accents. This bikini bottom epitomizes minimalist luxury luxury. Featuring color-blocking in Obsidian Black and Burnt Terracotta. Perfect for the discerning swimmer who refuses the obvious.</p>,Twessie,Bikini Bottom,"high-end swimwear, Econyl Sleek Satin bikini, independent fashion, architectural swimsuit, minimalist luxury",TRUE,Color,Burnt Terracotta,Size,M,TWESSIE_AU_BB_0502-Burnt Terracotta-M,168.0,,10
twessie-au-bb-0502,Raw-Edge Obsidian Black Bikini Bottom,<p>Crafted in premium Econyl Sleek Satin with Matte Ribbed Knit accents. This bikini bottom epitomizes minimalist luxury luxury. Featuring color-blocking in Obsidian Black and Burnt Terracotta. Perfect for the discerning swimmer who refuses the obvious.</p>,Twessie,Bikini Bottom,"high-end swimwear, Econyl Sleek Satin bikini, independent fashion, architectural swimsuit, minimalist luxury",TRUE,Color,Burnt Terracotta,Size,L,TWESSIE_AU_BB_0502-Burnt Terracotta-L,168.0,,10
twessie-au-bb-0502,Raw-Edge Obsidian Black Bikini Bottom,<p>Crafted in premium Econyl Sleek Satin with Matte Ribbed Knit accents. This bikini bottom epitomizes minimalist luxury luxury. Featuring color-blocking in Obsidian Black and Burnt Terracotta. Perfect for the discerning swimmer who refuses the obvious.</p>,Twessie,Bikini Bottom,"high-end swimwear, Econyl Sleek Satin bikini, independent fashion, architectural swimsuit, minimalist luxury",TRUE,Color,Burnt Terracotta,Size,XL,TWESSIE_AU_BB_0502-Burnt Terracotta-XL,168.0,,10
twessie-au-bb-0502,Raw-Edge Obsidian Black Bikini Bottom,<p>Crafted in premium Econyl Sleek Satin with Matte Ribbed Knit accents. This bikini bottom epitomizes minimalist luxury luxury. Featuring color-blocking in Obsidian Black and Burnt Terracotta. Perfect for the discerning swimmer who refuses the obvious.</p>,Twessie,Bikini Bottom,"high-end swimwear, Econyl Sleek Satin bikini, independent fashion, architectural swimsuit, minimalist luxury",TRUE,Color,Burnt Terracotta,Size,XXL,TWESSIE_AU_BB_0502-Burnt Terracotta-XXL,168.0,,10
twessie-eu-bt-0503,Obsidian Black Sculptural Econyl Sleek Satin Bikini Top,<p>A statement piece in Econyl Sleek Satin. This bikini top combines architectural elegance design with impeccable craftsmanship. Available in Obsidian Black with Stone Gray detailing. Not loud. Not obvious. Unmistakably Twessie.</p>,Twessie,Bikini Top,"minimalist bikini top, Econyl Sleek Satin bikini, luxury Obsidian Black swimwear, architectural swimsuit, minimalist luxury",TRUE,Color,Obsidian Black,Size,XS,TWESSIE_EU_BT_0503-Obsidian Black-XS,168.0,,10
twessie-eu-bt-0503,Obsidian Black Sculptural Econyl Sleek Satin Bikini Top,<p>A statement piece in Econyl Sleek Satin. This bikini top combines architectural elegance design with impeccable craftsmanship. Available in Obsidian Black with Stone Gray detailing. Not loud. Not obvious. Unmistakably Twessie.</p>,Twessie,Bikini Top,"minimalist bikini top, Econyl Sleek Satin bikini, luxury Obsidian Black swimwear, architectural swimsuit, minimalist luxury",TRUE,Color,Obsidian Black,Size,S,TWESSIE_EU_BT_0503-Obsidian Black-S,168.0,,10
twessie-eu-bt-0503,Obsidian Black Sculptural Econyl Sleek Satin Bikini Top,<p>A statement piece in Econyl Sleek Satin. This bikini top combines architectural elegance design with impeccable craftsmanship. Available in Obsidian Black with Stone Gray detailing. Not loud. Not obvious. Unmistakably Twessie.</p>,Twessie,Bikini Top,"minimalist bikini top, Econyl Sleek Satin bikini, luxury Obsidian Black swimwear, architectural swimsuit, minimalist luxury",TRUE,Color,Obsidian Black,Size,M,TWESSIE_EU_BT_0503-Obsidian Black-M,168.0,,10
twessie-eu-bt-0503,Obsidian Black Sculptural Econyl Sleek Satin Bikini Top,<p>A statement piece in Econyl Sleek Satin. This bikini top combines architectural elegance design with impeccable craftsmanship. Available in Obsidian Black with Stone Gray detailing. Not loud. Not obvious. Unmistakably Twessie.</p>,Twessie,Bikini Top,"minimalist bikini top, Econyl Sleek Satin bikini, luxury Obsidian Black swimwear, architectural swimsuit, minimalist luxury",TRUE,Color,Obsidian Black,Size,L,TWESSIE_EU_BT_0503-Obsidian Black-L,168.0,,10
twessie-eu-bt-0503,Obsidian Black Sculptural Econyl Sleek Satin Bikini Top,<p>A statement piece in Econyl Sleek Satin. This bikini top combines architectural elegance design with impeccable craftsmanship. Available in Obsidian Black with Stone Gray detailing. Not loud. Not obvious. Unmistakably Twessie.</p>,Twessie,Bikini Top,"minimalist bikini top, Econyl Sleek Satin bikini, luxury Obsidian Black swimwear, architectural swimsuit, minimalist luxury",TRUE,Color,Obsidian Black,Size,XL,TWESSIE_EU_BT_0503-Obsidian Black-XL,168.0,,10
twessie-eu-bt-0503,Obsidian Black Sculptural Econyl Sleek Satin Bikini Top,<p>A statement piece in Econyl Sleek Satin. This bikini top combines architectural elegance design with impeccable craftsmanship. Available in Obsidian Black with Stone Gray detailing. Not loud. Not obvious. Unmistakably Twessie.</p>,Twessie,Bikini Top,"minimalist bikini top, Econyl Sleek Satin bikini, luxury Obsidian Black swimwear, architectural swimsuit, minimalist luxury",TRUE,Color,Obsidian Black,Size,XXL,TWESSIE_EU_BT_0503-Obsidian Black-XXL,168.0,,10
twessie-eu-bt-0503,Obsidian Black Sculptural Econyl Sleek Satin Bikini Top,<p>A statement piece in Econyl Sleek Satin. This bikini top combines architectural elegance design with impeccable craftsmanship. Available in Obsidian Black with Stone Gray detailing. Not loud. Not obvious. Unmistakably Twessie.</p>,Twessie,Bikini Top,"minimalist bikini top, Econyl Sleek Satin bikini, luxury Obsidian Black swimwear, architectural swimsuit, minimalist luxury",TRUE,Color,Stone Gray,Size,XS,TWESSIE_EU_BT_0503-Stone Gray-XS,168.0,,10
twessie-eu-bt-0503,Obsidian Black Sculptural Econyl Sleek Satin Bikini Top,<p>A statement piece in Econyl Sleek Satin. This bikini top combines architectural elegance design with impeccable craftsmanship. Available in Obsidian Black with Stone Gray detailing. Not loud. Not obvious. Unmistakably Twessie.</p>,Twessie,Bikini Top,"minimalist bikini top, Econyl Sleek Satin bikini, luxury Obsidian Black swimwear, architectural swimsuit, minimalist luxury",TRUE,Color,Stone Gray,Size,S,TWESSIE_EU_BT_0503-Stone Gray-S,168.0,,10
twessie-eu-bt-0503,Obsidian Black Sculptural Econyl Sleek Satin Bikini Top,<p>A statement piece in Econyl Sleek Satin. This bikini top combines architectural elegance design with impeccable craftsmanship. Available in Obsidian Black with Stone Gray detailing. Not loud. Not obvious. Unmistakably Twessie.</p>,Twessie,Bikini Top,"minimalist bikini top, Econyl Sleek Satin bikini, luxury Obsidian Black swimwear, architectural swimsuit, minimalist luxury",TRUE,Color,Stone Gray,Size,M,TWESSIE_EU_BT_0503-Stone Gray-M,168.0,,10
twessie-eu-bt-0503,Obsidian Black Sculptural Econyl Sleek Satin Bikini Top,<p>A statement piece in Econyl Sleek Satin. This bikini top combines architectural elegance design with impeccable craftsmanship. Available in Obsidian Black with Stone Gray detailing. Not loud. Not obvious. Unmistakably Twessie.</p>,Twessie,Bikini Top,"minimalist bikini top, Econyl Sleek Satin bikini, luxury Obsidian Black swimwear, architectural swimsuit, minimalist luxury",TRUE,Color,Stone Gray,Size,L,TWESSIE_EU_BT_0503-Stone Gray-L,168.0,,10
twessie-eu-bt-0503,Obsidian Black Sculptural Econyl Sleek Satin Bikini Top,<p>A statement piece in Econyl Sleek Satin. This bikini top combines architectural elegance design with impeccable craftsmanship. Available in Obsidian Black with Stone Gray detailing. Not loud. Not obvious. Unmistakably Twessie.</p>,Twessie,Bikini Top,"minimalist bikini top, Econyl Sleek Satin bikini, luxury Obsidian Black swimwear, architectural swimsuit, minimalist luxury",TRUE,Color,Stone Gray,Size,XL,TWESSIE_EU_BT_0503-Stone Gray-XL,168.0,,10
twessie-eu-bt-0503,Obsidian Black Sculptural Econyl Sleek Satin Bikini Top,<p>A statement piece in Econyl Sleek Satin. This bikini top combines architectural elegance design with impeccable craftsmanship. Available in Obsidian Black with Stone Gray detailing. Not loud. Not obvious. Unmistakably Twessie.</p>,Twessie,Bikini Top,"minimalist bikini top, Econyl Sleek Satin bikini, luxury Obsidian Black swimwear, architectural swimsuit, minimalist luxury",TRUE,Color,Stone Gray,Size,XXL,TWESSIE_EU_BT_0503-Stone Gray-XXL,168.0,,10
twessie-eu-bb-0504,Structural Matte Ribbed Knit Bikini Bottom,"<p>Matte Ribbed Knit construction meets architectural precision in this bikini bottom. Designed for the intelligent, independent woman. The Olive Drab colorway with Burnt Terracotta accents creates a sophisticated palette. Pure architectural elegance elegance.</p>",Twessie,Bikini Bottom,"luxury Olive Drab swimwear, Matte Ribbed Knit bikini, independent fashion, architectural swimsuit, minimalist luxury",TRUE,Color,Olive Drab,Size,XS,TWESSIE_EU_BB_0504-Olive Drab-XS,168.0,,10
twessie-eu-bb-0504,Structural Matte Ribbed Knit Bikini Bottom,"<p>Matte Ribbed Knit construction meets architectural precision in this bikini bottom. Designed for the intelligent, independent woman. The Olive Drab colorway with Burnt Terracotta accents creates a sophisticated palette. Pure architectural elegance elegance.</p>",Twessie,Bikini Bottom,"luxury Olive Drab swimwear, Matte Ribbed Knit bikini, independent fashion, architectural swimsuit, minimalist luxury",TRUE,Color,Olive Drab,Size,S,TWESSIE_EU_BB_0504-Olive Drab-S,168.0,,10
twessie-eu-bb-0504,Structural Matte Ribbed Knit Bikini Bottom,"<p>Matte Ribbed Knit construction meets architectural precision in this bikini bottom. Designed for the intelligent, independent woman. The Olive Drab colorway with Burnt Terracotta accents creates a sophisticated palette. Pure architectural elegance elegance.</p>",Twessie,Bikini Bottom,"luxury Olive Drab swimwear, Matte Ribbed Knit bikini, independent fashion, architectural swimsuit, minimalist luxury",TRUE,Color,Olive Drab,Size,M,TWESSIE_EU_BB_0504-Olive Drab-M,168.0,,10
twessie-eu-bb-0504,Structural Matte Ribbed Knit Bikini Bottom,"<p>Matte Ribbed Knit construction meets architectural precision in this bikini bottom. Designed for the intelligent, independent woman. The Olive Drab colorway with Burnt Terracotta accents creates a sophisticated palette. Pure architectural elegance elegance.</p>",Twessie,Bikini Bottom,"luxury Olive Drab swimwear, Matte Ribbed Knit bikini, independent fashion, architectural swimsuit, minimalist luxury",TRUE,Color,Olive Drab,Size,L,TWESSIE_EU_BB_0504-Olive Drab-L,168.0,,10
twessie-eu-bb-0504,Structural Matte Ribbed Knit Bikini Bottom,"<p>Matte Ribbed Knit construction meets architectural precision in this bikini bottom. Designed for the intelligent, independent woman. The Olive Drab colorway with Burnt Terracotta accents creates a sophisticated palette. Pure architectural elegance elegance.</p>",Twessie,Bikini Bottom,"luxury Olive Drab swimwear, Matte Ribbed Knit bikini, independent fashion, architectural swimsuit, minimalist luxury",TRUE,Color,Olive Drab,Size,XL,TWESSIE_EU_BB_0504-Olive Drab-XL,168.0,,10
twessie-eu-bb-0504,Structural Matte Ribbed Knit Bikini Bottom,"<p>Matte Ribbed Knit construction meets architectural precision in this bikini bottom. Designed for the intelligent, independent woman. The Olive Drab colorway with Burnt Terracotta accents creates a sophisticated palette. Pure architectural elegance elegance.</p>",Twessie,Bikini Bottom,"luxury Olive Drab swimwear, Matte Ribbed Knit bikini, independent fashion, architectural swimsuit, minimalist luxury",TRUE,Color,Olive Drab,Size,XXL,TWESSIE_EU_BB_0504-Olive Drab-XXL,168.0,,10
twessie-eu-bb-0504,Structural Matte Ribbed Knit Bikini Bottom,"<p>Matte Ribbed Knit construction meets architectural precision in this bikini bottom. Designed for the intelligent, independent woman. The Olive Drab colorway with Burnt Terracotta accents creates a sophisticated palette. Pure architectural elegance elegance.</p>",Twessie,Bikini Bottom,"luxury Olive Drab swimwear, Matte Ribbed Knit bikini, independent fashion, architectural swimsuit, minimalist luxury",TRUE,Color,Burnt Terracotta,Size,XS,TWESSIE_EU_BB_0504-Burnt Terracotta-XS,168.0,,10
twessie-eu-bb-0504,Structural Matte Ribbed Knit Bikini Bottom,"<p>Matte Ribbed Knit construction meets architectural precision in this bikini bottom. Designed for the intelligent, independent woman. The Olive Drab colorway with Burnt Terracotta accents creates a sophisticated palette. Pure architectural elegance elegance.</p>",Twessie,Bikini Bottom,"luxury Olive Drab swimwear, Matte Ribbed Knit bikini, independent fashion, architectural swimsuit, minimalist luxury",TRUE,Color,Burnt Terracotta,Size,S,TWESSIE_EU_BB_0504-Burnt Terracotta-S,168.0,,10
twessie-eu-bb-0504,Structural Matte Ribbed Knit Bikini Bottom,"<p>Matte Ribbed Knit construction meets architectural precision in this bikini bottom. Designed for the intelligent, independent woman. The Olive Drab colorway with Burnt Terracotta accents creates a sophisticated palette. Pure architectural elegance elegance.</p>",Twessie,Bikini Bottom,"luxury Olive Drab swimwear, Matte Ribbed Knit bikini, independent fashion, architectural swimsuit, minimalist luxury",TRUE,Color,Burnt Terracotta,Size,M,TWESSIE_EU_BB_0504-Burnt Terracotta-M,168.0,,10
twessie-eu-bb-0504,Structural Matte Ribbed Knit Bikini Bottom,"<p>Matte Ribbed Knit construction meets architectural precision in this bikini bottom. Designed for the intelligent, independent woman. The Olive Drab colorway with Burnt Terracotta accents creates a sophisticated palette. Pure architectural elegance elegance.</p>",Twessie,Bikini Bottom,"luxury Olive Drab swimwear, Matte Ribbed Knit bikini, independent fashion, architectural swimsuit, minimalist luxury",TRUE,Color,Burnt Terracotta,Size,L,TWESSIE_EU_BB_0504-Burnt Terracotta-L,168.0,,10
twessie-eu-bb-0504,Structural Matte Ribbed Knit Bikini Bottom,"<p>Matte Ribbed Knit construction meets architectural precision in this bikini bottom. Designed for the intelligent, independent woman. The Olive Drab colorway with Burnt Terracotta accents creates a sophisticated palette. Pure architectural elegance elegance.</p>",Twessie,Bikini Bottom,"luxury Olive Drab swimwear, Matte Ribbed Knit bikini, independent fashion, architectural swimsuit, minimalist luxury",TRUE,Color,Burnt Terracotta,Size,XL,TWESSIE_EU_BB_0504-Burnt Terracotta-XL,168.0,,10
twessie-eu-bb-0504,Structural Matte Ribbed Knit Bikini Bottom,"<p>Matte Ribbed Knit construction meets architectural precision in this bikini bottom. Designed for the intelligent, independent woman. The Olive Drab colorway with Burnt Terracotta accents creates a sophisticated palette. Pure architectural elegance elegance.</p>",Twessie,Bikini Bottom,"luxury Olive Drab swimwear, Matte Ribbed Knit bikini, independent fashion, architectural swimsuit, minimalist luxury",TRUE,Color,Burnt Terracotta,Size,XXL,TWESSIE_EU_BB_0504-Burnt Terracotta-XXL,168.0,,10
twessie-eu-bt-0505,Stone Gray Sculptural Crinkled Seersucker Bikini Top,<p>Crafted in premium Crinkled Seersucker with Econyl Sleek Satin accents. This bikini top epitomizes anti-fashion statement luxury. Featuring color-blocking in Stone Gray and Chalk White. Perfect for the discerning swimmer who refuses the obvious.</p>,Twessie,Bikini Top,"independent fashion, minimalist luxury, luxury Stone Gray swimwear, architectural swimsuit, high-end swimwear",TRUE,Color,Stone Gray,Size,XS,TWESSIE_EU_BT_0505-Stone Gray-XS,168.0,,10
twessie-eu-bt-0505,Stone Gray Sculptural Crinkled Seersucker Bikini Top,<p>Crafted in premium Crinkled Seersucker with Econyl Sleek Satin accents. This bikini top epitomizes anti-fashion statement luxury. Featuring color-blocking in Stone Gray and Chalk White. Perfect for the discerning swimmer who refuses the obvious.</p>,Twessie,Bikini Top,"independent fashion, minimalist luxury, luxury Stone Gray swimwear, architectural swimsuit, high-end swimwear",TRUE,Color,Stone Gray,Size,S,TWESSIE_EU_BT_0505-Stone Gray-S,168.0,,10
twessie-eu-bt-0505,Stone Gray Sculptural Crinkled Seersucker Bikini Top,<p>Crafted in premium Crinkled Seersucker with Econyl Sleek Satin accents. This bikini top epitomizes anti-fashion statement luxury. Featuring color-blocking in Stone Gray and Chalk White. Perfect for the discerning swimmer who refuses the obvious.</p>,Twessie,Bikini Top,"independent fashion, minimalist luxury, luxury Stone Gray swimwear, architectural swimsuit, high-end swimwear",TRUE,Color,Stone Gray,Size,M,TWESSIE_EU_BT_0505-Stone Gray-M,168.0,,10
twessie-eu-bt-0505,Stone Gray Sculptural Crinkled Seersucker Bikini Top,<p>Crafted in premium Crinkled Seersucker with Econyl Sleek Satin accents. This bikini top epitomizes anti-fashion statement luxury. Featuring color-blocking in Stone Gray and Chalk White. Perfect for the discerning swimmer who refuses the obvious.</p>,Twessie,Bikini Top,"independent fashion, minimalist luxury, luxury Stone Gray swimwear, architectural swimsuit, high-end swimwear",TRUE,Color,Stone Gray,Size,L,TWESSIE_EU_BT_0505-Stone Gray-L,168.0,,10
twessie-eu-bt-0505,Stone Gray Sculptural Crinkled Seersucker Bikini Top,<p>Crafted in premium Crinkled Seersucker with Econyl Sleek Satin accents. This bikini top epitomizes anti-fashion statement luxury. Featuring color-blocking in Stone Gray and Chalk White. Perfect for the discerning swimmer who refuses the obvious.</p>,Twessie,Bikini Top,"independent fashion, minimalist luxury, luxury Stone Gray swimwear, architectural swimsuit, high-end swimwear",TRUE,Color,Stone Gray,Size,XL,TWESSIE_EU_BT_0505-Stone Gray-XL,168.0,,10
twessie-eu-bt-0505,Stone Gray Sculptural Crinkled Seersucker Bikini Top,<p>Crafted in premium Crinkled Seersucker with Econyl Sleek Satin accents. This bikini top epitomizes anti-fashion statement luxury. Featuring color-blocking in Stone Gray and Chalk White. Perfect for the discerning swimmer who refuses the obvious.</p>,Twessie,Bikini Top,"independent fashion, minimalist luxury, luxury Stone Gray swimwear, architectural swimsuit, high-end swimwear",TRUE,Color,Stone Gray,Size,XXL,TWESSIE_EU_BT_0505-Stone Gray-XXL,168.0,,10
twessie-eu-bt-0505,Stone Gray Sculptural Crinkled Seersucker Bikini Top,<p>Crafted in premium Crinkled Seersucker with Econyl Sleek Satin accents. This bikini top epitomizes anti-fashion statement luxury. Featuring color-blocking in Stone Gray and Chalk White. Perfect for the discerning swimmer who refuses the obvious.</p>,Twessie,Bikini Top,"independent fashion, minimalist luxury, luxury Stone Gray swimwear, architectural swimsuit, high-end swimwear",TRUE,Color,Chalk White,Size,XS,TWESSIE_EU_BT_0505-Chalk White-XS,168.0,,10
twessie-eu-bt-0505,Stone Gray Sculptural Crinkled Seersucker Bikini Top,<p>Crafted in premium Crinkled Seersucker with Econyl Sleek Satin accents. This bikini top epitomizes anti-fashion statement luxury. Featuring color-blocking in Stone Gray and Chalk White. Perfect for the discerning swimmer who refuses the obvious.</p>,Twessie,Bikini Top,"independent fashion, minimalist luxury, luxury Stone Gray swimwear, architectural swimsuit, high-end swimwear",TRUE,Color,Chalk White,Size,S,TWESSIE_EU_BT_0505-Chalk White-S,168.0,,10
twessie-eu-bt-0505,Stone Gray Sculptural Crinkled Seersucker Bikini Top,<p>Crafted in premium Crinkled Seersucker with Econyl Sleek Satin accents. This bikini top epitomizes anti-fashion statement luxury. Featuring color-blocking in Stone Gray and Chalk White. Perfect for the discerning swimmer who refuses the obvious.</p>,Twessie,Bikini Top,"independent fashion, minimalist luxury, luxury Stone Gray swimwear, architectural swimsuit, high-end swimwear",TRUE,Color,Chalk White,Size,M,TWESSIE_EU_BT_0505-Chalk White-M,168.0,,10
twessie-eu-bt-0505,Stone Gray Sculptural Crinkled Seersucker Bikini Top,<p>Crafted in premium Crinkled Seersucker with Econyl Sleek Satin accents. This bikini top epitomizes anti-fashion statement luxury. Featuring color-blocking in Stone Gray and Chalk White. Perfect for the discerning swimmer who refuses the obvious.</p>,Twessie,Bikini Top,"independent fashion, minimalist luxury, luxury Stone Gray swimwear, architectural swimsuit, high-end swimwear",TRUE,Color,Chalk White,Size,L,TWESSIE_EU_BT_0505-Chalk White-L,168.0,,10
twessie-eu-bt-0505,Stone Gray Sculptural Crinkled Seersucker Bikini Top,<p>Crafted in premium Crinkled Seersucker with Econyl Sleek Satin accents. This bikini top epitomizes anti-fashion statement luxury. Featuring color-blocking in Stone Gray and Chalk White. Perfect for the discerning swimmer who refuses the obvious.</p>,Twessie,Bikini Top,"independent fashion, minimalist luxury, luxury Stone Gray swimwear, architectural swimsuit, high-end swimwear",TRUE,Color,Chalk White,Size,XL,TWESSIE_EU_BT_0505-Chalk White-XL,168.0,,10
twessie-eu-bt-0505,Stone Gray Sculptural Crinkled Seersucker Bikini Top,<p>Crafted in premium Crinkled Seersucker with Econyl Sleek Satin accents. This bikini top epitomizes anti-fashion statement luxury. Featuring color-blocking in Stone Gray and Chalk White. Perfect for the discerning swimmer who refuses the obvious.</p>,Twessie,Bikini Top,"independent fashion, minimalist luxury, luxury Stone Gray swimwear, architectural swimsuit, high-end swimwear",TRUE,Color,Chalk White,Size,XXL,TWESSIE_EU_BT_0505-Chalk White-XXL,168.0,,10
twessie-au-bt-0506,Matte Ribbed Knit High-Waist Bikini Top in Burnt Terracotta,"<p>Matte Ribbed Knit construction meets architectural precision in this bikini top. Designed for the intelligent, independent woman. The Burnt Terracotta colorway with Olive Drab accents creates a sophisticated palette. Pure minimalist luxury elegance.</p>",Twessie,Bikini Top,"independent fashion, Matte Ribbed Knit bikini, minimalist bikini top, minimalist luxury, luxury Burnt Terracotta swimwear",TRUE,Color,Burnt Terracotta,Size,XS,TWESSIE_AU_BT_0506-Burnt Terracotta-XS,168.0,,10
twessie-au-bt-0506,Matte Ribbed Knit High-Waist Bikini Top in Burnt Terracotta,"<p>Matte Ribbed Knit construction meets architectural precision in this bikini top. Designed for the intelligent, independent woman. The Burnt Terracotta colorway with Olive Drab accents creates a sophisticated palette. Pure minimalist luxury elegance.</p>",Twessie,Bikini Top,"independent fashion, Matte Ribbed Knit bikini, minimalist bikini top, minimalist luxury, luxury Burnt Terracotta swimwear",TRUE,Color,Burnt Terracotta,Size,S,TWESSIE_AU_BT_0506-Burnt Terracotta-S,168.0,,10
twessie-au-bt-0506,Matte Ribbed Knit High-Waist Bikini Top in Burnt Terracotta,"<p>Matte Ribbed Knit construction meets architectural precision in this bikini top. Designed for the intelligent, independent woman. The Burnt Terracotta colorway with Olive Drab accents creates a sophisticated palette. Pure minimalist luxury elegance.</p>",Twessie,Bikini Top,"independent fashion, Matte Ribbed Knit bikini, minimalist bikini top, minimalist luxury, luxury Burnt Terracotta swimwear",TRUE,Color,Burnt Terracotta,Size,M,TWESSIE_AU_BT_0506-Burnt Terracotta-M,168.0,,10
twessie-au-bt-0506,Matte Ribbed Knit High-Waist Bikini Top in Burnt Terracotta,"<p>Matte Ribbed Knit construction meets architectural precision in this bikini top. Designed for the intelligent, independent woman. The Burnt Terracotta colorway with Olive Drab accents creates a sophisticated palette. Pure minimalist luxury elegance.</p>",Twessie,Bikini Top,"independent fashion, Matte Ribbed Knit bikini, minimalist bikini top, minimalist luxury, luxury Burnt Terracotta swimwear",TRUE,Color,Burnt Terracotta,Size,L,TWESSIE_AU_BT_0506-Burnt Terracotta-L,168.0,,10
twessie-au-bt-0506,Matte Ribbed Knit High-Waist Bikini Top in Burnt Terracotta,"<p>Matte Ribbed Knit construction meets architectural precision in this bikini top. Designed for the intelligent, independent woman. The Burnt Terracotta colorway with Olive Drab accents creates a sophisticated palette. Pure minimalist luxury elegance.</p>",Twessie,Bikini Top,"independent fashion, Matte Ribbed Knit bikini, minimalist bikini top, minimalist luxury, luxury Burnt Terracotta swimwear",TRUE,Color,Burnt Terracotta,Size,XL,TWESSIE_AU_BT_0506-Burnt Terracotta-XL,168.0,,10
twessie-au-bt-0506,Matte Ribbed Knit High-Waist Bikini Top in Burnt Terracotta,"<p>Matte Ribbed Knit construction meets architectural precision in this bikini top. Designed for the intelligent, independent woman. The Burnt Terracotta colorway with Olive Drab accents creates a sophisticated palette. Pure minimalist luxury elegance.</p>",Twessie,Bikini Top,"independent fashion, Matte Ribbed Knit bikini, minimalist bikini top, minimalist luxury, luxury Burnt Terracotta swimwear",TRUE,Color,Burnt Terracotta,Size,XXL,TWESSIE_AU_BT_0506-Burnt Terracotta-XXL,168.0,,10
twessie-au-bt-0506,Matte Ribbed Knit High-Waist Bikini Top in Burnt Terracotta,"<p>Matte Ribbed Knit construction meets architectural precision in this bikini top. Designed for the intelligent, independent woman. The Burnt Terracotta colorway with Olive Drab accents creates a sophisticated palette. Pure minimalist luxury elegance.</p>",Twessie,Bikini Top,"independent fashion, Matte Ribbed Knit bikini, minimalist bikini top, minimalist luxury, luxury Burnt Terracotta swimwear",TRUE,Color,Olive Drab,Size,XS,TWESSIE_AU_BT_0506-Olive Drab-XS,168.0,,10
twessie-au-bt-0506,Matte Ribbed Knit High-Waist Bikini Top in Burnt Terracotta,"<p>Matte Ribbed Knit construction meets architectural precision in this bikini top. Designed for the intelligent, independent woman. The Burnt Terracotta colorway with Olive Drab accents creates a sophisticated palette. Pure minimalist luxury elegance.</p>",Twessie,Bikini Top,"independent fashion, Matte Ribbed Knit bikini, minimalist bikini top, minimalist luxury, luxury Burnt Terracotta swimwear",TRUE,Color,Olive Drab,Size,S,TWESSIE_AU_BT_0506-Olive Drab-S,168.0,,10
twessie-au-bt-0506,Matte Ribbed Knit High-Waist Bikini Top in Burnt Terracotta,"<p>Matte Ribbed Knit construction meets architectural precision in this bikini top. Designed for the intelligent, independent woman. The Burnt Terracotta colorway with Olive Drab accents creates a sophisticated palette. Pure minimalist luxury elegance.</p>",Twessie,Bikini Top,"independent fashion, Matte Ribbed Knit bikini, minimalist bikini top, minimalist luxury, luxury Burnt Terracotta swimwear",TRUE,Color,Olive Drab,Size,M,TWESSIE_AU_BT_0506-Olive Drab-M,168.0,,10
twessie-au-bt-0506,Matte Ribbed Knit High-Waist Bikini Top in Burnt Terracotta,"<p>Matte Ribbed Knit construction meets architectural precision in this bikini top. Designed for the intelligent, independent woman. The Burnt Terracotta colorway with Olive Drab accents creates a sophisticated palette. Pure minimalist luxury elegance.</p>",Twessie,Bikini Top,"independent fashion, Matte Ribbed Knit bikini, minimalist bikini top, minimalist luxury, luxury Burnt Terracotta swimwear",TRUE,Color,Olive Drab,Size,L,TWESSIE_AU_BT_0506-Olive Drab-L,168.0,,10
twessie-au-bt-0506,Matte Ribbed Knit High-Waist Bikini Top in Burnt Terracotta,"<p>Matte Ribbed Knit construction meets architectural precision in this bikini top. Designed for the intelligent, independent woman. The Burnt Terracotta colorway with Olive Drab accents creates a sophisticated palette. Pure minimalist luxury elegance.</p>",Twessie,Bikini Top,"independent fashion, Matte Ribbed Knit bikini, minimalist bikini top, minimalist luxury, luxury Burnt Terracotta swimwear",TRUE,Color,Olive Drab,Size,XL,TWESSIE_AU_BT_0506-Olive Drab-XL,168.0,,10
twessie-au-bt-0506,Matte Ribbed Knit High-Waist Bikini Top in Burnt Terracotta,"<p>Matte Ribbed Knit construction meets architectural precision in this bikini top. Designed for the intelligent, independent woman. The Burnt Terracotta colorway with Olive Drab accents creates a sophisticated palette. Pure minimalist luxury elegance.</p>",Twessie,Bikini Top,"independent fashion, Matte Ribbed Knit bikini, minimalist bikini top, minimalist luxury, luxury Burnt Terracotta swimwear",TRUE,Color,Olive Drab,Size,XXL,TWESSIE_AU_BT_0506-Olive Drab-XXL,168.0,,10
twessie-na-bt-0507,Matte Ribbed Knit High-Waist Bikini Top in Burnt Terracotta,<p>Crafted in premium Matte Ribbed Knit with Econyl Sleek Satin accents. This bikini top epitomizes architectural elegance luxury. Featuring color-blocking in Burnt Terracotta and Olive Drab. Perfect for the discerning swimmer who refuses the obvious.</p>,Twessie,Bikini Top,"minimalist bikini top, Matte Ribbed Knit bikini, independent fashion, high-end swimwear, architectural swimsuit",TRUE,Color,Burnt Terracotta,Size,XS,TWESSIE_NA_BT_0507-Burnt Terracotta-XS,168.0,,10
twessie-na-bt-0507,Matte Ribbed Knit High-Waist Bikini Top in Burnt Terracotta,<p>Crafted in premium Matte Ribbed Knit with Econyl Sleek Satin accents. This bikini top epitomizes architectural elegance luxury. Featuring color-blocking in Burnt Terracotta and Olive Drab. Perfect for the discerning swimmer who refuses the obvious.</p>,Twessie,Bikini Top,"minimalist bikini top, Matte Ribbed Knit bikini, independent fashion, high-end swimwear, architectural swimsuit",TRUE,Color,Burnt Terracotta,Size,S,TWESSIE_NA_BT_0507-Burnt Terracotta-S,168.0,,10
twessie-na-bt-0507,Matte Ribbed Knit High-Waist Bikini Top in Burnt Terracotta,<p>Crafted in premium Matte Ribbed Knit with Econyl Sleek Satin accents. This bikini top epitomizes architectural elegance luxury. Featuring color-blocking in Burnt Terracotta and Olive Drab. Perfect for the discerning swimmer who refuses the obvious.</p>,Twessie,Bikini Top,"minimalist bikini top, Matte Ribbed Knit bikini, independent fashion, high-end swimwear, architectural swimsuit",TRUE,Color,Burnt Terracotta,Size,M,TWESSIE_NA_BT_0507-Burnt Terracotta-M,168.0,,10
twessie-na-bt-0507,Matte Ribbed Knit High-Waist Bikini Top in Burnt Terracotta,<p>Crafted in premium Matte Ribbed Knit with Econyl Sleek Satin accents. This bikini top epitomizes architectural elegance luxury. Featuring color-blocking in Burnt Terracotta and Olive Drab. Perfect for the discerning swimmer who refuses the obvious.</p>,Twessie,Bikini Top,"minimalist bikini top, Matte Ribbed Knit bikini, independent fashion, high-end swimwear, architectural swimsuit",TRUE,Color,Burnt Terracotta,Size,L,TWESSIE_NA_BT_0507-Burnt Terracotta-L,168.0,,10
twessie-na-bt-0507,Matte Ribbed Knit High-Waist Bikini Top in Burnt Terracotta,<p>Crafted in premium Matte Ribbed Knit with Econyl Sleek Satin accents. This bikini top epitomizes architectural elegance luxury. Featuring color-blocking in Burnt Terracotta and Olive Drab. Perfect for the discerning swimmer who refuses the obvious.</p>,Twessie,Bikini Top,"minimalist bikini top, Matte Ribbed Knit bikini, independent fashion, high-end swimwear, architectural swimsuit",TRUE,Color,Burnt Terracotta,Size,XL,TWESSIE_NA_BT_0507-Burnt Terracotta-XL,168.0,,10
twessie-na-bt-0507,Matte Ribbed Knit High-Waist Bikini Top in Burnt Terracotta,<p>Crafted in premium Matte Ribbed Knit with Econyl Sleek Satin accents. This bikini top epitomizes architectural elegance luxury. Featuring color-blocking in Burnt Terracotta and Olive Drab. Perfect for the discerning swimmer who refuses the obvious.</p>,Twessie,Bikini Top,"minimalist bikini top, Matte Ribbed Knit bikini, independent fashion, high-end swimwear, architectural swimsuit",TRUE,Color,Burnt Terracotta,Size,XXL,TWESSIE_NA_BT_0507-Burnt Terracotta-XXL,168.0,,10
twessie-na-bt-0507,Matte Ribbed Knit High-Waist Bikini Top in Burnt Terracotta,<p>Crafted in premium Matte Ribbed Knit with Econyl Sleek Satin accents. This bikini top epitomizes architectural elegance luxury. Featuring color-blocking in Burnt Terracotta and Olive Drab. Perfect for the discerning swimmer who refuses the obvious.</p>,Twessie,Bikini Top,"minimalist bikini top, Matte Ribbed Knit bikini, independent fashion, high-end swimwear, architectural swimsuit",TRUE,Color,Olive Drab,Size,XS,TWESSIE_NA_BT_0507-Olive Drab-XS,168.0,,10
twessie-na-bt-0507,Matte Ribbed Knit High-Waist Bikini Top in Burnt Terracotta,<p>Crafted in premium Matte Ribbed Knit with Econyl Sleek Satin accents. This bikini top epitomizes architectural elegance luxury. Featuring color-blocking in Burnt Terracotta and Olive Drab. Perfect for the discerning swimmer who refuses the obvious.</p>,Twessie,Bikini Top,"minimalist bikini top, Matte Ribbed Knit bikini, independent fashion, high-end swimwear, architectural swimsuit",TRUE,Color,Olive Drab,Size,S,TWESSIE_NA_BT_0507-Olive Drab-S,168.0,,10
twessie-na-bt-0507,Matte Ribbed Knit High-Waist Bikini Top in Burnt Terracotta,<p>Crafted in premium Matte Ribbed Knit with Econyl Sleek Satin accents. This bikini top epitomizes architectural elegance luxury. Featuring color-blocking in Burnt Terracotta and Olive Drab. Perfect for the discerning swimmer who refuses the obvious.</p>,Twessie,Bikini Top,"minimalist bikini top, Matte Ribbed Knit bikini, independent fashion, high-end swimwear, architectural swimsuit",TRUE,Color,Olive Drab,Size,M,TWESSIE_NA_BT_0507-Olive Drab-M,168.0,,10
twessie-na-bt-0507,Matte Ribbed Knit High-Waist Bikini Top in Burnt Terracotta,<p>Crafted in premium Matte Ribbed Knit with Econyl Sleek Satin accents. This bikini top epitomizes architectural elegance luxury. Featuring color-blocking in Burnt Terracotta and Olive Drab. Perfect for the discerning swimmer who refuses the obvious.</p>,Twessie,Bikini Top,"minimalist bikini top, Matte Ribbed Knit bikini, independent fashion, high-end swimwear, architectural swimsuit",TRUE,Color,Olive Drab,Size,L,TWESSIE_NA_BT_0507-Olive Drab-L,168.0,,10
twessie-na-bt-0507,Matte Ribbed Knit High-Waist Bikini Top in Burnt Terracotta,<p>Crafted in premium Matte Ribbed Knit with Econyl Sleek Satin accents. This bikini top epitomizes architectural elegance luxury. Featuring color-blocking in Burnt Terracotta and Olive Drab. Perfect for the discerning swimmer who refuses the obvious.</p>,Twessie,Bikini Top,"minimalist bikini top, Matte Ribbed Knit bikini, independent fashion, high-end swimwear, architectural swimsuit",TRUE,Color,Olive Drab,Size,XL,TWESSIE_NA_BT_0507-Olive Drab-XL,168.0,,10
twessie-na-bt-0507,Matte Ribbed Knit High-Waist Bikini Top in Burnt Terracotta,<p>Crafted in premium Matte Ribbed Knit with Econyl Sleek Satin accents. This bikini top epitomizes architectural elegance luxury. Featuring color-blocking in Burnt Terracotta and Olive Drab. Perfect for the discerning swimmer who refuses the obvious.</p>,Twessie,Bikini Top,"minimalist bikini top, Matte Ribbed Knit bikini, independent fashion, high-end swimwear, architectural swimsuit",TRUE,Color,Olive Drab,Size,XXL,TWESSIE_NA_BT_0507-Olive Drab-XXL,168.0,,10
twessie-sg-bt-0508,Architecture-Cut Chalk White Bikini Top,<p>Crafted in premium Crinkled Seersucker with Econyl Sleek Satin accents. This bikini top epitomizes anti-fashion statement luxury. Featuring color-blocking in Chalk White and Stone Gray. Perfect for the discerning swimmer who refuses the obvious.</p>,Twessie,Bikini Top,"independent fashion, architectural swimsuit, high-end swimwear, minimalist bikini top, Crinkled Seersucker bikini",TRUE,Color,Chalk White,Size,XS,TWESSIE_SG_BT_0508-Chalk White-XS,168.0,,10
twessie-sg-bt-0508,Architecture-Cut Chalk White Bikini Top,<p>Crafted in premium Crinkled Seersucker with Econyl Sleek Satin accents. This bikini top epitomizes anti-fashion statement luxury. Featuring color-blocking in Chalk White and Stone Gray. Perfect for the discerning swimmer who refuses the obvious.</p>,Twessie,Bikini Top,"independent fashion, architectural swimsuit, high-end swimwear, minimalist bikini top, Crinkled Seersucker bikini",TRUE,Color,Chalk White,Size,S,TWESSIE_SG_BT_0508-Chalk White-S,168.0,,10
twessie-sg-bt-0508,Architecture-Cut Chalk White Bikini Top,<p>Crafted in premium Crinkled Seersucker with Econyl Sleek Satin accents. This bikini top epitomizes anti-fashion statement luxury. Featuring color-blocking in Chalk White and Stone Gray. Perfect for the discerning swimmer who refuses the obvious.</p>,Twessie,Bikini Top,"independent fashion, architectural swimsuit, high-end swimwear, minimalist bikini top, Crinkled Seersucker bikini",TRUE,Color,Chalk White,Size,M,TWESSIE_SG_BT_0508-Chalk White-M,168.0,,10
twessie-sg-bt-0508,Architecture-Cut Chalk White Bikini Top,<p>Crafted in premium Crinkled Seersucker with Econyl Sleek Satin accents. This bikini top epitomizes anti-fashion statement luxury. Featuring color-blocking in Chalk White and Stone Gray. Perfect for the discerning swimmer who refuses the obvious.</p>,Twessie,Bikini Top,"independent fashion, architectural swimsuit, high-end swimwear, minimalist bikini top, Crinkled Seersucker bikini",TRUE,Color,Chalk White,Size,L,TWESSIE_SG_BT_0508-Chalk White-L,168.0,,10
twessie-sg-bt-0508,Architecture-Cut Chalk White Bikini Top,<p>Crafted in premium Crinkled Seersucker with Econyl Sleek Satin accents. This bikini top epitomizes anti-fashion statement luxury. Featuring color-blocking in Chalk White and Stone Gray. Perfect for the discerning swimmer who refuses the obvious.</p>,Twessie,Bikini Top,"independent fashion, architectural swimsuit, high-end swimwear, minimalist bikini top, Crinkled Seersucker bikini",TRUE,Color,Chalk White,Size,XL,TWESSIE_SG_BT_0508-Chalk White-XL,168.0,,10
twessie-sg-bt-0508,Architecture-Cut Chalk White Bikini Top,<p>Crafted in premium Crinkled Seersucker with Econyl Sleek Satin accents. This bikini top epitomizes anti-fashion statement luxury. Featuring color-blocking in Chalk White and Stone Gray. Perfect for the discerning swimmer who refuses the obvious.</p>,Twessie,Bikini Top,"independent fashion, architectural swimsuit, high-end swimwear, minimalist bikini top, Crinkled Seersucker bikini",TRUE,Color,Chalk White,Size,XXL,TWESSIE_SG_BT_0508-Chalk White-XXL,168.0,,10
twessie-sg-bt-0508,Architecture-Cut Chalk White Bikini Top,<p>Crafted in premium Crinkled Seersucker with Econyl Sleek Satin accents. This bikini top epitomizes anti-fashion statement luxury. Featuring color-blocking in Chalk White and Stone Gray. Perfect for the discerning swimmer who refuses the obvious.</p>,Twessie,Bikini Top,"independent fashion, architectural swimsuit, high-end swimwear, minimalist bikini top, Crinkled Seersucker bikini",TRUE,Color,Stone Gray,Size,XS,TWESSIE_SG_BT_0508-Stone Gray-XS,168.0,,10
twessie-sg-bt-0508,Architecture-Cut Chalk White Bikini Top,<p>Crafted in premium Crinkled Seersucker with Econyl Sleek Satin accents. This bikini top epitomizes anti-fashion statement luxury. Featuring color-blocking in Chalk White and Stone Gray. Perfect for the discerning swimmer who refuses the obvious.</p>,Twessie,Bikini Top,"independent fashion, architectural swimsuit, high-end swimwear, minimalist bikini top, Crinkled Seersucker bikini",TRUE,Color,Stone Gray,Size,S,TWESSIE_SG_BT_0508-Stone Gray-S,168.0,,10
twessie-sg-bt-0508,Architecture-Cut Chalk White Bikini Top,<p>Crafted in premium Crinkled Seersucker with Econyl Sleek Satin accents. This bikini top epitomizes anti-fashion statement luxury. Featuring color-blocking in Chalk White and Stone Gray. Perfect for the discerning swimmer who refuses the obvious.</p>,Twessie,Bikini Top,"independent fashion, architectural swimsuit, high-end swimwear, minimalist bikini top, Crinkled Seersucker bikini",TRUE,Color,Stone Gray,Size,M,TWESSIE_SG_BT_0508-Stone Gray-M,168.0,,10
twessie-sg-bt-0508,Architecture-Cut Chalk White Bikini Top,<p>Crafted in premium Crinkled Seersucker with Econyl Sleek Satin accents. This bikini top epitomizes anti-fashion statement luxury. Featuring color-blocking in Chalk White and Stone Gray. Perfect for the discerning swimmer who refuses the obvious.</p>,Twessie,Bikini Top,"independent fashion, architectural swimsuit, high-end swimwear, minimalist bikini top, Crinkled Seersucker bikini",TRUE,Color,Stone Gray,Size,L,TWESSIE_SG_BT_0508-Stone Gray-L,168.0,,10
twessie-sg-bt-0508,Architecture-Cut Chalk White Bikini Top,<p>Crafted in premium Crinkled Seersucker with Econyl Sleek Satin accents. This bikini top epitomizes anti-fashion statement luxury. Featuring color-blocking in Chalk White and Stone Gray. Perfect for the discerning swimmer who refuses the obvious.</p>,Twessie,Bikini Top,"independent fashion, architectural swimsuit, high-end swimwear, minimalist bikini top, Crinkled Seersucker bikini",TRUE,Color,Stone Gray,Size,XL,TWESSIE_SG_BT_0508-Stone Gray-XL,168.0,,10
twessie-sg-bt-0508,Architecture-Cut Chalk White Bikini Top,<p>Crafted in premium Crinkled Seersucker with Econyl Sleek Satin accents. This bikini top epitomizes anti-fashion statement luxury. Featuring color-blocking in Chalk White and Stone Gray. Perfect for the discerning swimmer who refuses the obvious.</p>,Twessie,Bikini Top,"independent fashion, architectural swimsuit, high-end swimwear, minimalist bikini top, Crinkled Seersucker bikini",TRUE,Color,Stone Gray,Size,XXL,TWESSIE_SG_BT_0508-Stone Gray-XXL,168.0,,10
twessie-au-bt-0509,Minimalist Stone Gray Textured Bikini Top,<p>A statement piece in Crinkled Seersucker. This bikini top combines intelligent aesthetic design with impeccable craftsmanship. Available in Stone Gray with Chalk White detailing. Not loud. Not obvious. Unmistakably Twessie.</p>,Twessie,Bikini Top,"luxury Stone Gray swimwear, minimalist luxury, architectural swimsuit, Crinkled Seersucker bikini, independent fashion",TRUE,Color,Stone Gray,Size,XS,TWESSIE_AU_BT_0509-Stone Gray-XS,168.0,,10
twessie-au-bt-0509,Minimalist Stone Gray Textured Bikini Top,<p>A statement piece in Crinkled Seersucker. This bikini top combines intelligent aesthetic design with impeccable craftsmanship. Available in Stone Gray with Chalk White detailing. Not loud. Not obvious. Unmistakably Twessie.</p>,Twessie,Bikini Top,"luxury Stone Gray swimwear, minimalist luxury, architectural swimsuit, Crinkled Seersucker bikini, independent fashion",TRUE,Color,Stone Gray,Size,S,TWESSIE_AU_BT_0509-Stone Gray-S,168.0,,10
twessie-au-bt-0509,Minimalist Stone Gray Textured Bikini Top,<p>A statement piece in Crinkled Seersucker. This bikini top combines intelligent aesthetic design with impeccable craftsmanship. Available in Stone Gray with Chalk White detailing. Not loud. Not obvious. Unmistakably Twessie.</p>,Twessie,Bikini Top,"luxury Stone Gray swimwear, minimalist luxury, architectural swimsuit, Crinkled Seersucker bikini, independent fashion",TRUE,Color,Stone Gray,Size,M,TWESSIE_AU_BT_0509-Stone Gray-M,168.0,,10
twessie-au-bt-0509,Minimalist Stone Gray Textured Bikini Top,<p>A statement piece in Crinkled Seersucker. This bikini top combines intelligent aesthetic design with impeccable craftsmanship. Available in Stone Gray with Chalk White detailing. Not loud. Not obvious. Unmistakably Twessie.</p>,Twessie,Bikini Top,"luxury Stone Gray swimwear, minimalist luxury, architectural swimsuit, Crinkled Seersucker bikini, independent fashion",TRUE,Color,Stone Gray,Size,L,TWESSIE_AU_BT_0509-Stone Gray-L,168.0,,10
twessie-au-bt-0509,Minimalist Stone Gray Textured Bikini Top,<p>A statement piece in Crinkled Seersucker. This bikini top combines intelligent aesthetic design with impeccable craftsmanship. Available in Stone Gray with Chalk White detailing. Not loud. Not obvious. Unmistakably Twessie.</p>,Twessie,Bikini Top,"luxury Stone Gray swimwear, minimalist luxury, architectural swimsuit, Crinkled Seersucker bikini, independent fashion",TRUE,Color,Stone Gray,Size,XL,TWESSIE_AU_BT_0509-Stone Gray-XL,168.0,,10
twessie-au-bt-0509,Minimalist Stone Gray Textured Bikini Top,<p>A statement piece in Crinkled Seersucker. This bikini top combines intelligent aesthetic design with impeccable craftsmanship. Available in Stone Gray with Chalk White detailing. Not loud. Not obvious. Unmistakably Twessie.</p>,Twessie,Bikini Top,"luxury Stone Gray swimwear, minimalist luxury, architectural swimsuit, Crinkled Seersucker bikini, independent fashion",TRUE,Color,Stone Gray,Size,XXL,TWESSIE_AU_BT_0509-Stone Gray-XXL,168.0,,10
twessie-au-bt-0509,Minimalist Stone Gray Textured Bikini Top,<p>A statement piece in Crinkled Seersucker. This bikini top combines intelligent aesthetic design with impeccable craftsmanship. Available in Stone Gray with Chalk White detailing. Not loud. Not obvious. Unmistakably Twessie.</p>,Twessie,Bikini Top,"luxury Stone Gray swimwear, minimalist luxury, architectural swimsuit, Crinkled Seersucker bikini, independent fashion",TRUE,Color,Chalk White,Size,XS,TWESSIE_AU_BT_0509-Chalk White-XS,168.0,,10
twessie-au-bt-0509,Minimalist Stone Gray Textured Bikini Top,<p>A statement piece in Crinkled Seersucker. This bikini top combines intelligent aesthetic design with impeccable craftsmanship. Available in Stone Gray with Chalk White detailing. Not loud. Not obvious. Unmistakably Twessie.</p>,Twessie,Bikini Top,"luxury Stone Gray swimwear, minimalist luxury, architectural swimsuit, Crinkled Seersucker bikini, independent fashion",TRUE,Color,Chalk White,Size,S,TWESSIE_AU_BT_0509-Chalk White-S,168.0,,10
twessie-au-bt-0509,Minimalist Stone Gray Textured Bikini Top,<p>A statement piece in Crinkled Seersucker. This bikini top combines intelligent aesthetic design with impeccable craftsmanship. Available in Stone Gray with Chalk White detailing. Not loud. Not obvious. Unmistakably Twessie.</p>,Twessie,Bikini Top,"luxury Stone Gray swimwear, minimalist luxury, architectural swimsuit, Crinkled Seersucker bikini, independent fashion",TRUE,Color,Chalk White,Size,M,TWESSIE_AU_BT_0509-Chalk White-M,168.0,,10
twessie-au-bt-0509,Minimalist Stone Gray Textured Bikini Top,<p>A statement piece in Crinkled Seersucker. This bikini top combines intelligent aesthetic design with impeccable craftsmanship. Available in Stone Gray with Chalk White detailing. Not loud. Not obvious. Unmistakably Twessie.</p>,Twessie,Bikini Top,"luxury Stone Gray swimwear, minimalist luxury, architectural swimsuit, Crinkled Seersucker bikini, independent fashion",TRUE,Color,Chalk White,Size,L,TWESSIE_AU_BT_0509-Chalk White-L,168.0,,10
twessie-au-bt-0509,Minimalist Stone Gray Textured Bikini Top,<p>A statement piece in Crinkled Seersucker. This bikini top combines intelligent aesthetic design with impeccable craftsmanship. Available in Stone Gray with Chalk White detailing. Not loud. Not obvious. Unmistakably Twessie.</p>,Twessie,Bikini Top,"luxury Stone Gray swimwear, minimalist luxury, architectural swimsuit, Crinkled Seersucker bikini, independent fashion",TRUE,Color,Chalk White,Size,XL,TWESSIE_AU_BT_0509-Chalk White-XL,168.0,,10
twessie-au-bt-0509,Minimalist Stone Gray Textured Bikini Top,<p>A statement piece in Crinkled Seersucker. This bikini top combines intelligent aesthetic design with impeccable craftsmanship. Available in Stone Gray with Chalk White detailing. Not loud. Not obvious. Unmistakably Twessie.</p>,Twessie,Bikini Top,"luxury Stone Gray swimwear, minimalist luxury, architectural swimsuit, Crinkled Seersucker bikini, independent fashion",TRUE,Color,Chalk White,Size,XXL,TWESSIE_AU_BT_0509-Chalk White-XXL,168.0,,10
twessie-na-bt-0510,Minimalist Stone Gray Textured Bikini Top,"<p>Crinkled Seersucker construction meets architectural precision in this bikini top. Designed for the intelligent, independent woman. The Stone Gray colorway with Chalk White accents creates a sophisticated palette. Pure anti-fashion statement elegance.</p>",Twessie,Bikini Top,"luxury Stone Gray swimwear, Crinkled Seersucker bikini, high-end swimwear, minimalist bikini top, independent fashion",TRUE,Color,Stone Gray,Size,XS,TWESSIE_NA_BT_0510-Stone Gray-XS,168.0,,10
twessie-na-bt-0510,Minimalist Stone Gray Textured Bikini Top,"<p>Crinkled Seersucker construction meets architectural precision in this bikini top. Designed for the intelligent, independent woman. The Stone Gray colorway with Chalk White accents creates a sophisticated palette. Pure anti-fashion statement elegance.</p>",Twessie,Bikini Top,"luxury Stone Gray swimwear, Crinkled Seersucker bikini, high-end swimwear, minimalist bikini top, independent fashion",TRUE,Color,Stone Gray,Size,S,TWESSIE_NA_BT_0510-Stone Gray-S,168.0,,10
twessie-na-bt-0510,Minimalist Stone Gray Textured Bikini Top,"<p>Crinkled Seersucker construction meets architectural precision in this bikini top. Designed for the intelligent, independent woman. The Stone Gray colorway with Chalk White accents creates a sophisticated palette. Pure anti-fashion statement elegance.</p>",Twessie,Bikini Top,"luxury Stone Gray swimwear, Crinkled Seersucker bikini, high-end swimwear, minimalist bikini top, independent fashion",TRUE,Color,Stone Gray,Size,M,TWESSIE_NA_BT_0510-Stone Gray-M,168.0,,10
twessie-na-bt-0510,Minimalist Stone Gray Textured Bikini Top,"<p>Crinkled Seersucker construction meets architectural precision in this bikini top. Designed for the intelligent, independent woman. The Stone Gray colorway with Chalk White accents creates a sophisticated palette. Pure anti-fashion statement elegance.</p>",Twessie,Bikini Top,"luxury Stone Gray swimwear, Crinkled Seersucker bikini, high-end swimwear, minimalist bikini top, independent fashion",TRUE,Color,Stone Gray,Size,L,TWESSIE_NA_BT_0510-Stone Gray-L,168.0,,10
twessie-na-bt-0510,Minimalist Stone Gray Textured Bikini Top,"<p>Crinkled Seersucker construction meets architectural precision in this bikini top. Designed for the intelligent, independent woman. The Stone Gray colorway with Chalk White accents creates a sophisticated palette. Pure anti-fashion statement elegance.</p>",Twessie,Bikini Top,"luxury Stone Gray swimwear, Crinkled Seersucker bikini, high-end swimwear, minimalist bikini top, independent fashion",TRUE,Color,Stone Gray,Size,XL,TWESSIE_NA_BT_0510-Stone Gray-XL,168.0,,10
twessie-na-bt-0510,Minimalist Stone Gray Textured Bikini Top,"<p>Crinkled Seersucker construction meets architectural precision in this bikini top. Designed for the intelligent, independent woman. The Stone Gray colorway with Chalk White accents creates a sophisticated palette. Pure anti-fashion statement elegance.</p>",Twessie,Bikini Top,"luxury Stone Gray swimwear, Crinkled Seersucker bikini, high-end swimwear, minimalist bikini top, independent fashion",TRUE,Color,Stone Gray,Size,XXL,TWESSIE_NA_BT_0510-Stone Gray-XXL,168.0,,10
twessie-na-bt-0510,Minimalist Stone Gray Textured Bikini Top,"<p>Crinkled Seersucker construction meets architectural precision in this bikini top. Designed for the intelligent, independent woman. The Stone Gray colorway with Chalk White accents creates a sophisticated palette. Pure anti-fashion statement elegance.</p>",Twessie,Bikini Top,"luxury Stone Gray swimwear, Crinkled Seersucker bikini, high-end swimwear, minimalist bikini top, independent fashion",TRUE,Color,Chalk White,Size,XS,TWESSIE_NA_BT_0510-Chalk White-XS,168.0,,10
twessie-na-bt-0510,Minimalist Stone Gray Textured Bikini Top,"<p>Crinkled Seersucker construction meets architectural precision in this bikini top. Designed for the intelligent, independent woman. The Stone Gray colorway with Chalk White accents creates a sophisticated palette. Pure anti-fashion statement elegance.</p>",Twessie,Bikini Top,"luxury Stone Gray swimwear, Crinkled Seersucker bikini, high-end swimwear, minimalist bikini top, independent fashion",TRUE,Color,Chalk White,Size,S,TWESSIE_NA_BT_0510-Chalk White-S,168.0,,10
twessie-na-bt-0510,Minimalist Stone Gray Textured Bikini Top,"<p>Crinkled Seersucker construction meets architectural precision in this bikini top. Designed for the intelligent, independent woman. The Stone Gray colorway with Chalk White accents creates a sophisticated palette. Pure anti-fashion statement elegance.</p>",Twessie,Bikini Top,"luxury Stone Gray swimwear, Crinkled Seersucker bikini, high-end swimwear, minimalist bikini top, independent fashion",TRUE,Color,Chalk White,Size,M,TWESSIE_NA_BT_0510-Chalk White-M,168.0,,10
twessie-na-bt-0510,Minimalist Stone Gray Textured Bikini Top,"<p>Crinkled Seersucker construction meets architectural precision in this bikini top. Designed for the intelligent, independent woman. The Stone Gray colorway with Chalk White accents creates a sophisticated palette. Pure anti-fashion statement elegance.</p>",Twessie,Bikini Top,"luxury Stone Gray swimwear, Crinkled Seersucker bikini, high-end swimwear, minimalist bikini top, independent fashion",TRUE,Color,Chalk White,Size,L,TWESSIE_NA_BT_0510-Chalk White-L,168.0,,10
twessie-na-bt-0510,Minimalist Stone Gray Textured Bikini Top,"<p>Crinkled Seersucker construction meets architectural precision in this bikini top. Designed for the intelligent, independent woman. The Stone Gray colorway with Chalk White accents creates a sophisticated palette. Pure anti-fashion statement elegance.</p>",Twessie,Bikini Top,"luxury Stone Gray swimwear, Crinkled Seersucker bikini, high-end swimwear, minimalist bikini top, independent fashion",TRUE,Color,Chalk White,Size,XL,TWESSIE_NA_BT_0510-Chalk White-XL,168.0,,10
twessie-na-bt-0510,Minimalist Stone Gray Textured Bikini Top,"<p>Crinkled Seersucker construction meets architectural precision in this bikini top. Designed for the intelligent, independent woman. The Stone Gray colorway with Chalk White accents creates a sophisticated palette. Pure anti-fashion statement elegance.</p>",Twessie,Bikini Top,"luxury Stone Gray swimwear, Crinkled Seersucker bikini, high-end swimwear, minimalist bikini top, independent fashion",TRUE,Color,Chalk White,Size,XXL,TWESSIE_NA_BT_0510-Chalk White-XXL,168.0,,10
