Handle,Title,Body (HTML),Vendor,Product Type,Tags,Published,Option1 Name,Option1 Value,Option2 Name,Option2 Value,Variant SKU,Variant Price,Variant Compare At Price,Variant Inventory Qty
twessie-na-bb-0101,High-Cut Chalk White Bikini Brief,<p>A statement piece in Crinkled Seersucker. This bikini bottom combines minimalist luxury design with impeccable craftsmanship. Available in Chalk White with Stone Gray detailing. Not loud. Not obvious. Unmistakably Twessie.</p>,Twessie,Bikini Bottom,"minimalist bikini bottom, architectural swimsuit, independent fashion, high-end swimwear, luxury Chalk White swimwear",TRUE,Color,Chalk White,Size,XS,TWESSIE_NA_BB_0101-Chalk White-XS,168.0,,10
twessie-na-bb-0101,High-Cut Chalk White Bikini Brief,<p>A statement piece in Crinkled Seersucker. This bikini bottom combines minimalist luxury design with impeccable craftsmanship. Available in Chalk White with Stone Gray detailing. Not loud. Not obvious. Unmistakably Twessie.</p>,Twessie,Bikini Bottom,"minimalist bikini bottom, architectural swimsuit, independent fashion, high-end swimwear, luxury Chalk White swimwear",TRUE,Color,Chalk White,Size,S,TWESSIE_NA_BB_0101-Chalk White-S,168.0,,10
twessie-na-bb-0101,High-Cut Chalk White Bikini Brief,<p>A statement piece in Crinkled Seersucker. This bikini bottom combines minimalist luxury design with impeccable craftsmanship. Available in Chalk White with Stone Gray detailing. Not loud. Not obvious. Unmistakably Twessie.</p>,Twessie,Bikini Bottom,"minimalist bikini bottom, architectural swimsuit, independent fashion, high-end swimwear, luxury Chalk White swimwear",TRUE,Color,Chalk White,Size,M,TWESSIE_NA_BB_0101-Chalk White-M,168.0,,10
twessie-na-bb-0101,High-Cut Chalk White Bikini Brief,<p>A statement piece in Crinkled Seersucker. This bikini bottom combines minimalist luxury design with impeccable craftsmanship. Available in Chalk White with Stone Gray detailing. Not loud. Not obvious. Unmistakably Twessie.</p>,Twessie,Bikini Bottom,"minimalist bikini bottom, architectural swimsuit, independent fashion, high-end swimwear, luxury Chalk White swimwear",TRUE,Color,Chalk White,Size,L,TWESSIE_NA_BB_0101-Chalk White-L,168.0,,10
twessie-na-bb-0101,High-Cut Chalk White Bikini Brief,<p>A statement piece in Crinkled Seersucker. This bikini bottom combines minimalist luxury design with impeccable craftsmanship. Available in Chalk White with Stone Gray detailing. Not loud. Not obvious. Unmistakably Twessie.</p>,Twessie,Bikini Bottom,"minimalist bikini bottom, architectural swimsuit, independent fashion, high-end swimwear, luxury Chalk White swimwear",TRUE,Color,Chalk White,Size,XL,TWESSIE_NA_BB_0101-Chalk White-XL,168.0,,10
twessie-na-bb-0101,High-Cut Chalk White Bikini Brief,<p>A statement piece in Crinkled Seersucker. This bikini bottom combines minimalist luxury design with impeccable craftsmanship. Available in Chalk White with Stone Gray detailing. Not loud. Not obvious. Unmistakably Twessie.</p>,Twessie,Bikini Bottom,"minimalist bikini bottom, architectural swimsuit, independent fashion, high-end swimwear, luxury Chalk White swimwear",TRUE,Color,Chalk White,Size,XXL,TWESSIE_NA_BB_0101-Chalk White-XXL,168.0,,10
twessie-na-bb-0101,High-Cut Chalk White Bikini Brief,<p>A statement piece in Crinkled Seersucker. This bikini bottom combines minimalist luxury design with impeccable craftsmanship. Available in Chalk White with Stone Gray detailing. Not loud. Not obvious. Unmistakably Twessie.</p>,Twessie,Bikini Bottom,"minimalist bikini bottom, architectural swimsuit, independent fashion, high-end swimwear, luxury Chalk White swimwear",TRUE,Color,Stone Gray,Size,XS,TWESSIE_NA_BB_0101-Stone Gray-XS,168.0,,10
twessie-na-bb-0101,High-Cut Chalk White Bikini Brief,<p>A statement piece in Crinkled Seersucker. This bikini bottom combines minimalist luxury design with impeccable craftsmanship. Available in Chalk White with Stone Gray detailing. Not loud. Not obvious. Unmistakably Twessie.</p>,Twessie,Bikini Bottom,"minimalist bikini bottom, architectural swimsuit, independent fashion, high-end swimwear, luxury Chalk White swimwear",TRUE,Color,Stone Gray,Size,S,TWESSIE_NA_BB_0101-Stone Gray-S,168.0,,10
twessie-na-bb-0101,High-Cut Chalk White Bikini Brief,<p>A statement piece in Crinkled Seersucker. This bikini bottom combines minimalist luxury design with impeccable craftsmanship. Available in Chalk White with Stone Gray detailing. Not loud. Not obvious. Unmistakably Twessie.</p>,Twessie,Bikini Bottom,"minimalist bikini bottom, architectural swimsuit, independent fashion, high-end swimwear, luxury Chalk White swimwear",TRUE,Color,Stone Gray,Size,M,TWESSIE_NA_BB_0101-Stone Gray-M,168.0,,10
twessie-na-bb-0101,High-Cut Chalk White Bikini Brief,<p>A statement piece in Crinkled Seersucker. This bikini bottom combines minimalist luxury design with impeccable craftsmanship. Available in Chalk White with Stone Gray detailing. Not loud. Not obvious. Unmistakably Twessie.</p>,Twessie,Bikini Bottom,"minimalist bikini bottom, architectural swimsuit, independent fashion, high-end swimwear, luxury Chalk White swimwear",TRUE,Color,Stone Gray,Size,L,TWESSIE_NA_BB_0101-Stone Gray-L,168.0,,10
twessie-na-bb-0101,High-Cut Chalk White Bikini Brief,<p>A statement piece in Crinkled Seersucker. This bikini bottom combines minimalist luxury design with impeccable craftsmanship. Available in Chalk White with Stone Gray detailing. Not loud. Not obvious. Unmistakably Twessie.</p>,Twessie,Bikini Bottom,"minimalist bikini bottom, architectural swimsuit, independent fashion, high-end swimwear, luxury Chalk White swimwear",TRUE,Color,Stone Gray,Size,XL,TWESSIE_NA_BB_0101-Stone Gray-XL,168.0,,10
twessie-na-bb-0101,High-Cut Chalk White Bikini Brief,<p>A statement piece in Crinkled Seersucker. This bikini bottom combines minimalist luxury design with impeccable craftsmanship. Available in Chalk White with Stone Gray detailing. Not loud. Not obvious. Unmistakably Twessie.</p>,Twessie,Bikini Bottom,"minimalist bikini bottom, architectural swimsuit, independent fashion, high-end swimwear, luxury Chalk White swimwear",TRUE,Color,Stone Gray,Size,XXL,TWESSIE_NA_BB_0101-Stone Gray-XXL,168.0,,10
twessie-jp-bb-0102,Raw-Edge Obsidian Black Bikini Bottom,<p>Crafted in premium Econyl Sleek Satin with Crinkled Seersucker accents. This bikini bottom epitomizes anti-fashion statement luxury. Featuring color-blocking in Obsidian Black and Stone Gray. Perfect for the discerning swimmer who refuses the obvious.</p>,Twessie,Bikini Bottom,"architectural swimsuit, Econyl Sleek Satin bikini, minimalist bikini bottom, luxury Obsidian Black swimwear, high-end swimwear",TRUE,Color,Obsidian Black,Size,XS,TWESSIE_JP_BB_0102-Obsidian Black-XS,168.0,,10
twessie-jp-bb-0102,Raw-Edge Obsidian Black Bikini Bottom,<p>Crafted in premium Econyl Sleek Satin with Crinkled Seersucker accents. This bikini bottom epitomizes anti-fashion statement luxury. Featuring color-blocking in Obsidian Black and Stone Gray. Perfect for the discerning swimmer who refuses the obvious.</p>,Twessie,Bikini Bottom,"architectural swimsuit, Econyl Sleek Satin bikini, minimalist bikini bottom, luxury Obsidian Black swimwear, high-end swimwear",TRUE,Color,Obsidian Black,Size,S,TWESSIE_JP_BB_0102-Obsidian Black-S,168.0,,10
twessie-jp-bb-0102,Raw-Edge Obsidian Black Bikini Bottom,<p>Crafted in premium Econyl Sleek Satin with Crinkled Seersucker accents. This bikini bottom epitomizes anti-fashion statement luxury. Featuring color-blocking in Obsidian Black and Stone Gray. Perfect for the discerning swimmer who refuses the obvious.</p>,Twessie,Bikini Bottom,"architectural swimsuit, Econyl Sleek Satin bikini, minimalist bikini bottom, luxury Obsidian Black swimwear, high-end swimwear",TRUE,Color,Obsidian Black,Size,M,TWESSIE_JP_BB_0102-Obsidian Black-M,168.0,,10
twessie-jp-bb-0102,Raw-Edge Obsidian Black Bikini Bottom,<p>Crafted in premium Econyl Sleek Satin with Crinkled Seersucker accents. This bikini bottom epitomizes anti-fashion statement luxury. Featuring color-blocking in Obsidian Black and Stone Gray. Perfect for the discerning swimmer who refuses the obvious.</p>,Twessie,Bikini Bottom,"architectural swimsuit, Econyl Sleek Satin bikini, minimalist bikini bottom, luxury Obsidian Black swimwear, high-end swimwear",TRUE,Color,Obsidian Black,Size,L,TWESSIE_JP_BB_0102-Obsidian Black-L,168.0,,10
twessie-jp-bb-0102,Raw-Edge Obsidian Black Bikini Bottom,<p>Crafted in premium Econyl Sleek Satin with Crinkled Seersucker accents. This bikini bottom epitomizes anti-fashion statement luxury. Featuring color-blocking in Obsidian Black and Stone Gray. Perfect for the discerning swimmer who refuses the obvious.</p>,Twessie,Bikini Bottom,"architectural swimsuit, Econyl Sleek Satin bikini, minimalist bikini bottom, luxury Obsidian Black swimwear, high-end swimwear",TRUE,Color,Obsidian Black,Size,XL,TWESSIE_JP_BB_0102-Obsidian Black-XL,168.0,,10
twessie-jp-bb-0102,Raw-Edge Obsidian Black Bikini Bottom,<p>Crafted in premium Econyl Sleek Satin with Crinkled Seersucker accents. This bikini bottom epitomizes anti-fashion statement luxury. Featuring color-blocking in Obsidian Black and Stone Gray. Perfect for the discerning swimmer who refuses the obvious.</p>,Twessie,Bikini Bottom,"architectural swimsuit, Econyl Sleek Satin bikini, minimalist bikini bottom, luxury Obsidian Black swimwear, high-end swimwear",TRUE,Color,Obsidian Black,Size,XXL,TWESSIE_JP_BB_0102-Obsidian Black-XXL,168.0,,10
twessie-jp-bb-0102,Raw-Edge Obsidian Black Bikini Bottom,<p>Crafted in premium Econyl Sleek Satin with Crinkled Seersucker accents. This bikini bottom epitomizes anti-fashion statement luxury. Featuring color-blocking in Obsidian Black and Stone Gray. Perfect for the discerning swimmer who refuses the obvious.</p>,Twessie,Bikini Bottom,"architectural swimsuit, Econyl Sleek Satin bikini, minimalist bikini bottom, luxury Obsidian Black swimwear, high-end swimwear",TRUE,Color,Stone Gray,Size,XS,TWESSIE_JP_BB_0102-Stone Gray-XS,168.0,,10
twessie-jp-bb-0102,Raw-Edge Obsidian Black Bikini Bottom,<p>Crafted in premium Econyl Sleek Satin with Crinkled Seersucker accents. This bikini bottom epitomizes anti-fashion statement luxury. Featuring color-blocking in Obsidian Black and Stone Gray. Perfect for the discerning swimmer who refuses the obvious.</p>,Twessie,Bikini Bottom,"architectural swimsuit, Econyl Sleek Satin bikini, minimalist bikini bottom, luxury Obsidian Black swimwear, high-end swimwear",TRUE,Color,Stone Gray,Size,S,TWESSIE_JP_BB_0102-Stone Gray-S,168.0,,10
twessie-jp-bb-0102,Raw-Edge Obsidian Black Bikini Bottom,<p>Crafted in premium Econyl Sleek Satin with Crinkled Seersucker accents. This bikini bottom epitomizes anti-fashion statement luxury. Featuring color-blocking in Obsidian Black and Stone Gray. Perfect for the discerning swimmer who refuses the obvious.</p>,Twessie,Bikini Bottom,"architectural swimsuit, Econyl Sleek Satin bikini, minimalist bikini bottom, luxury Obsidian Black swimwear, high-end swimwear",TRUE,Color,Stone Gray,Size,M,TWESSIE_JP_BB_0102-Stone Gray-M,168.0,,10
twessie-jp-bb-0102,Raw-Edge Obsidian Black Bikini Bottom,<p>Crafted in premium Econyl Sleek Satin with Crinkled Seersucker accents. This bikini bottom epitomizes anti-fashion statement luxury. Featuring color-blocking in Obsidian Black and Stone Gray. Perfect for the discerning swimmer who refuses the obvious.</p>,Twessie,Bikini Bottom,"architectural swimsuit, Econyl Sleek Satin bikini, minimalist bikini bottom, luxury Obsidian Black swimwear, high-end swimwear",TRUE,Color,Stone Gray,Size,L,TWESSIE_JP_BB_0102-Stone Gray-L,168.0,,10
twessie-jp-bb-0102,Raw-Edge Obsidian Black Bikini Bottom,<p>Crafted in premium Econyl Sleek Satin with Crinkled Seersucker accents. This bikini bottom epitomizes anti-fashion statement luxury. Featuring color-blocking in Obsidian Black and Stone Gray. Perfect for the discerning swimmer who refuses the obvious.</p>,Twessie,Bikini Bottom,"architectural swimsuit, Econyl Sleek Satin bikini, minimalist bikini bottom, luxury Obsidian Black swimwear, high-end swimwear",TRUE,Color,Stone Gray,Size,XL,TWESSIE_JP_BB_0102-Stone Gray-XL,168.0,,10
twessie-jp-bb-0102,Raw-Edge Obsidian Black Bikini Bottom,<p>Crafted in premium Econyl Sleek Satin with Crinkled Seersucker accents. This bikini bottom epitomizes anti-fashion statement luxury. Featuring color-blocking in Obsidian Black and Stone Gray. Perfect for the discerning swimmer who refuses the obvious.</p>,Twessie,Bikini Bottom,"architectural swimsuit, Econyl Sleek Satin bikini, minimalist bikini bottom, luxury Obsidian Black swimwear, high-end swimwear",TRUE,Color,Stone Gray,Size,XXL,TWESSIE_JP_BB_0102-Stone Gray-XXL,168.0,,10
twessie-eu-op-0103,Stone Gray Architectural One-Piece Swimsuit,"<p>Crinkled Seersucker construction meets architectural precision in this one-piece. Designed for the intelligent, independent woman. The Stone Gray colorway with Chalk White accents creates a sophisticated palette. Pure minimalist luxury elegance.</p>",Twessie,One-Piece,"architectural swimsuit, independent fashion, minimalist luxury, luxury Stone Gray swimwear, Crinkled Seersucker bikini",TRUE,Color,Stone Gray,Size,XS,TWESSIE_EU_OP_0103-Stone Gray-XS,168.0,,10
twessie-eu-op-0103,Stone Gray Architectural One-Piece Swimsuit,"<p>Crinkled Seersucker construction meets architectural precision in this one-piece. Designed for the intelligent, independent woman. The Stone Gray colorway with Chalk White accents creates a sophisticated palette. Pure minimalist luxury elegance.</p>",Twessie,One-Piece,"architectural swimsuit, independent fashion, minimalist luxury, luxury Stone Gray swimwear, Crinkled Seersucker bikini",TRUE,Color,Stone Gray,Size,S,TWESSIE_EU_OP_0103-Stone Gray-S,168.0,,10
twessie-eu-op-0103,Stone Gray Architectural One-Piece Swimsuit,"<p>Crinkled Seersucker construction meets architectural precision in this one-piece. Designed for the intelligent, independent woman. The Stone Gray colorway with Chalk White accents creates a sophisticated palette. Pure minimalist luxury elegance.</p>",Twessie,One-Piece,"architectural swimsuit, independent fashion, minimalist luxury, luxury Stone Gray swimwear, Crinkled Seersucker bikini",TRUE,Color,Stone Gray,Size,M,TWESSIE_EU_OP_0103-Stone Gray-M,168.0,,10
twessie-eu-op-0103,Stone Gray Architectural One-Piece Swimsuit,"<p>Crinkled Seersucker construction meets architectural precision in this one-piece. Designed for the intelligent, independent woman. The Stone Gray colorway with Chalk White accents creates a sophisticated palette. Pure minimalist luxury elegance.</p>",Twessie,One-Piece,"architectural swimsuit, independent fashion, minimalist luxury, luxury Stone Gray swimwear, Crinkled Seersucker bikini",TRUE,Color,Stone Gray,Size,L,TWESSIE_EU_OP_0103-Stone Gray-L,168.0,,10
twessie-eu-op-0103,Stone Gray Architectural One-Piece Swimsuit,"<p>Crinkled Seersucker construction meets architectural precision in this one-piece. Designed for the intelligent, independent woman. The Stone Gray colorway with Chalk White accents creates a sophisticated palette. Pure minimalist luxury elegance.</p>",Twessie,One-Piece,"architectural swimsuit, independent fashion, minimalist luxury, luxury Stone Gray swimwear, Crinkled Seersucker bikini",TRUE,Color,Stone Gray,Size,XL,TWESSIE_EU_OP_0103-Stone Gray-XL,168.0,,10
twessie-eu-op-0103,Stone Gray Architectural One-Piece Swimsuit,"<p>Crinkled Seersucker construction meets architectural precision in this one-piece. Designed for the intelligent, independent woman. The Stone Gray colorway with Chalk White accents creates a sophisticated palette. Pure minimalist luxury elegance.</p>",Twessie,One-Piece,"architectural swimsuit, independent fashion, minimalist luxury, luxury Stone Gray swimwear, Crinkled Seersucker bikini",TRUE,Color,Stone Gray,Size,XXL,TWESSIE_EU_OP_0103-Stone Gray-XXL,168.0,,10
twessie-eu-op-0103,Stone Gray Architectural One-Piece Swimsuit,"<p>Crinkled Seersucker construction meets architectural precision in this one-piece. Designed for the intelligent, independent woman. The Stone Gray colorway with Chalk White accents creates a sophisticated palette. Pure minimalist luxury elegance.</p>",Twessie,One-Piece,"architectural swimsuit, independent fashion, minimalist luxury, luxury Stone Gray swimwear, Crinkled Seersucker bikini",TRUE,Color,Chalk White,Size,XS,TWESSIE_EU_OP_0103-Chalk White-XS,168.0,,10
twessie-eu-op-0103,Stone Gray Architectural One-Piece Swimsuit,"<p>Crinkled Seersucker construction meets architectural precision in this one-piece. Designed for the intelligent, independent woman. The Stone Gray colorway with Chalk White accents creates a sophisticated palette. Pure minimalist luxury elegance.</p>",Twessie,One-Piece,"architectural swimsuit, independent fashion, minimalist luxury, luxury Stone Gray swimwear, Crinkled Seersucker bikini",TRUE,Color,Chalk White,Size,S,TWESSIE_EU_OP_0103-Chalk White-S,168.0,,10
twessie-eu-op-0103,Stone Gray Architectural One-Piece Swimsuit,"<p>Crinkled Seersucker construction meets architectural precision in this one-piece. Designed for the intelligent, independent woman. The Stone Gray colorway with Chalk White accents creates a sophisticated palette. Pure minimalist luxury elegance.</p>",Twessie,One-Piece,"architectural swimsuit, independent fashion, minimalist luxury, luxury Stone Gray swimwear, Crinkled Seersucker bikini",TRUE,Color,Chalk White,Size,M,TWESSIE_EU_OP_0103-Chalk White-M,168.0,,10
twessie-eu-op-0103,Stone Gray Architectural One-Piece Swimsuit,"<p>Crinkled Seersucker construction meets architectural precision in this one-piece. Designed for the intelligent, independent woman. The Stone Gray colorway with Chalk White accents creates a sophisticated palette. Pure minimalist luxury elegance.</p>",Twessie,One-Piece,"architectural swimsuit, independent fashion, minimalist luxury, luxury Stone Gray swimwear, Crinkled Seersucker bikini",TRUE,Color,Chalk White,Size,L,TWESSIE_EU_OP_0103-Chalk White-L,168.0,,10
twessie-eu-op-0103,Stone Gray Architectural One-Piece Swimsuit,"<p>Crinkled Seersucker construction meets architectural precision in this one-piece. Designed for the intelligent, independent woman. The Stone Gray colorway with Chalk White accents creates a sophisticated palette. Pure minimalist luxury elegance.</p>",Twessie,One-Piece,"architectural swimsuit, independent fashion, minimalist luxury, luxury Stone Gray swimwear, Crinkled Seersucker bikini",TRUE,Color,Chalk White,Size,XL,TWESSIE_EU_OP_0103-Chalk White-XL,168.0,,10
twessie-eu-op-0103,Stone Gray Architectural One-Piece Swimsuit,"<p>Crinkled Seersucker construction meets architectural precision in this one-piece. Designed for the intelligent, independent woman. The Stone Gray colorway with Chalk White accents creates a sophisticated palette. Pure minimalist luxury elegance.</p>",Twessie,One-Piece,"architectural swimsuit, independent fashion, minimalist luxury, luxury Stone Gray swimwear, Crinkled Seersucker bikini",TRUE,Color,Chalk White,Size,XXL,TWESSIE_EU_OP_0103-Chalk White-XXL,168.0,,10
twessie-na-bb-0104,Raw-Edge Chalk White Bikini Bottom,<p>A statement piece in Crinkled Seersucker. This bikini bottom combines rebellious yet refined design with impeccable craftsmanship. Available in Chalk White with Stone Gray detailing. Not loud. Not obvious. Unmistakably Twessie.</p>,Twessie,Bikini Bottom,"luxury Chalk White swimwear, architectural swimsuit, high-end swimwear, independent fashion, Crinkled Seersucker bikini",TRUE,Color,Chalk White,Size,XS,TWESSIE_NA_BB_0104-Chalk White-XS,168.0,,10
twessie-na-bb-0104,Raw-Edge Chalk White Bikini Bottom,<p>A statement piece in Crinkled Seersucker. This bikini bottom combines rebellious yet refined design with impeccable craftsmanship. Available in Chalk White with Stone Gray detailing. Not loud. Not obvious. Unmistakably Twessie.</p>,Twessie,Bikini Bottom,"luxury Chalk White swimwear, architectural swimsuit, high-end swimwear, independent fashion, Crinkled Seersucker bikini",TRUE,Color,Chalk White,Size,S,TWESSIE_NA_BB_0104-Chalk White-S,168.0,,10
twessie-na-bb-0104,Raw-Edge Chalk White Bikini Bottom,<p>A statement piece in Crinkled Seersucker. This bikini bottom combines rebellious yet refined design with impeccable craftsmanship. Available in Chalk White with Stone Gray detailing. Not loud. Not obvious. Unmistakably Twessie.</p>,Twessie,Bikini Bottom,"luxury Chalk White swimwear, architectural swimsuit, high-end swimwear, independent fashion, Crinkled Seersucker bikini",TRUE,Color,Chalk White,Size,M,TWESSIE_NA_BB_0104-Chalk White-M,168.0,,10
twessie-na-bb-0104,Raw-Edge Chalk White Bikini Bottom,<p>A statement piece in Crinkled Seersucker. This bikini bottom combines rebellious yet refined design with impeccable craftsmanship. Available in Chalk White with Stone Gray detailing. Not loud. Not obvious. Unmistakably Twessie.</p>,Twessie,Bikini Bottom,"luxury Chalk White swimwear, architectural swimsuit, high-end swimwear, independent fashion, Crinkled Seersucker bikini",TRUE,Color,Chalk White,Size,L,TWESSIE_NA_BB_0104-Chalk White-L,168.0,,10
twessie-na-bb-0104,Raw-Edge Chalk White Bikini Bottom,<p>A statement piece in Crinkled Seersucker. This bikini bottom combines rebellious yet refined design with impeccable craftsmanship. Available in Chalk White with Stone Gray detailing. Not loud. Not obvious. Unmistakably Twessie.</p>,Twessie,Bikini Bottom,"luxury Chalk White swimwear, architectural swimsuit, high-end swimwear, independent fashion, Crinkled Seersucker bikini",TRUE,Color,Chalk White,Size,XL,TWESSIE_NA_BB_0104-Chalk White-XL,168.0,,10
twessie-na-bb-0104,Raw-Edge Chalk White Bikini Bottom,<p>A statement piece in Crinkled Seersucker. This bikini bottom combines rebellious yet refined design with impeccable craftsmanship. Available in Chalk White with Stone Gray detailing. Not loud. Not obvious. Unmistakably Twessie.</p>,Twessie,Bikini Bottom,"luxury Chalk White swimwear, architectural swimsuit, high-end swimwear, independent fashion, Crinkled Seersucker bikini",TRUE,Color,Chalk White,Size,XXL,TWESSIE_NA_BB_0104-Chalk White-XXL,168.0,,10
twessie-na-bb-0104,Raw-Edge Chalk White Bikini Bottom,<p>A statement piece in Crinkled Seersucker. This bikini bottom combines rebellious yet refined design with impeccable craftsmanship. Available in Chalk White with Stone Gray detailing. Not loud. Not obvious. Unmistakably Twessie.</p>,Twessie,Bikini Bottom,"luxury Chalk White swimwear, architectural swimsuit, high-end swimwear, independent fashion, Crinkled Seersucker bikini",TRUE,Color,Stone Gray,Size,XS,TWESSIE_NA_BB_0104-Stone Gray-XS,168.0,,10
twessie-na-bb-0104,Raw-Edge Chalk White Bikini Bottom,<p>A statement piece in Crinkled Seersucker. This bikini bottom combines rebellious yet refined design with impeccable craftsmanship. Available in Chalk White with Stone Gray detailing. Not loud. Not obvious. Unmistakably Twessie.</p>,Twessie,Bikini Bottom,"luxury Chalk White swimwear, architectural swimsuit, high-end swimwear, independent fashion, Crinkled Seersucker bikini",TRUE,Color,Stone Gray,Size,S,TWESSIE_NA_BB_0104-Stone Gray-S,168.0,,10
twessie-na-bb-0104,Raw-Edge Chalk White Bikini Bottom,<p>A statement piece in Crinkled Seersucker. This bikini bottom combines rebellious yet refined design with impeccable craftsmanship. Available in Chalk White with Stone Gray detailing. Not loud. Not obvious. Unmistakably Twessie.</p>,Twessie,Bikini Bottom,"luxury Chalk White swimwear, architectural swimsuit, high-end swimwear, independent fashion, Crinkled Seersucker bikini",TRUE,Color,Stone Gray,Size,M,TWESSIE_NA_BB_0104-Stone Gray-M,168.0,,10
twessie-na-bb-0104,Raw-Edge Chalk White Bikini Bottom,<p>A statement piece in Crinkled Seersucker. This bikini bottom combines rebellious yet refined design with impeccable craftsmanship. Available in Chalk White with Stone Gray detailing. Not loud. Not obvious. Unmistakably Twessie.</p>,Twessie,Bikini Bottom,"luxury Chalk White swimwear, architectural swimsuit, high-end swimwear, independent fashion, Crinkled Seersucker bikini",TRUE,Color,Stone Gray,Size,L,TWESSIE_NA_BB_0104-Stone Gray-L,168.0,,10
twessie-na-bb-0104,Raw-Edge Chalk White Bikini Bottom,<p>A statement piece in Crinkled Seersucker. This bikini bottom combines rebellious yet refined design with impeccable craftsmanship. Available in Chalk White with Stone Gray detailing. Not loud. Not obvious. Unmistakably Twessie.</p>,Twessie,Bikini Bottom,"luxury Chalk White swimwear, architectural swimsuit, high-end swimwear, independent fashion, Crinkled Seersucker bikini",TRUE,Color,Stone Gray,Size,XL,TWESSIE_NA_BB_0104-Stone Gray-XL,168.0,,10
twessie-na-bb-0104,Raw-Edge Chalk White Bikini Bottom,<p>A statement piece in Crinkled Seersucker. This bikini bottom combines rebellious yet refined design with impeccable craftsmanship. Available in Chalk White with Stone Gray detailing. Not loud. Not obvious. Unmistakably Twessie.</p>,Twessie,Bikini Bottom,"luxury Chalk White swimwear, architectural swimsuit, high-end swimwear, independent fashion, Crinkled Seersucker bikini",TRUE,Color,Stone Gray,Size,XXL,TWESSIE_NA_BB_0104-Stone Gray-XXL,168.0,,10
twessie-eu-op-0105,Obsidian Black Architectural One-Piece Swimsuit,<p>A statement piece in Econyl Sleek Satin. This one-piece combines intelligent aesthetic design with impeccable craftsmanship. Available in Obsidian Black with Chalk White detailing. Not loud. Not obvious. Unmistakably Twessie.</p>,Twessie,One-Piece,"independent fashion, minimalist one-piece, luxury Obsidian Black swimwear, architectural swimsuit, Econyl Sleek Satin bikini",TRUE,Color,Obsidian Black,Size,XS,TWESSIE_EU_OP_0105-Obsidian Black-XS,168.0,,10
twessie-eu-op-0105,Obsidian Black Architectural One-Piece Swimsuit,<p>A statement piece in Econyl Sleek Satin. This one-piece combines intelligent aesthetic design with impeccable craftsmanship. Available in Obsidian Black with Chalk White detailing. Not loud. Not obvious. Unmistakably Twessie.</p>,Twessie,One-Piece,"independent fashion, minimalist one-piece, luxury Obsidian Black swimwear, architectural swimsuit, Econyl Sleek Satin bikini",TRUE,Color,Obsidian Black,Size,S,TWESSIE_EU_OP_0105-Obsidian Black-S,168.0,,10
twessie-eu-op-0105,Obsidian Black Architectural One-Piece Swimsuit,<p>A statement piece in Econyl Sleek Satin. This one-piece combines intelligent aesthetic design with impeccable craftsmanship. Available in Obsidian Black with Chalk White detailing. Not loud. Not obvious. Unmistakably Twessie.</p>,Twessie,One-Piece,"independent fashion, minimalist one-piece, luxury Obsidian Black swimwear, architectural swimsuit, Econyl Sleek Satin bikini",TRUE,Color,Obsidian Black,Size,M,TWESSIE_EU_OP_0105-Obsidian Black-M,168.0,,10
twessie-eu-op-0105,Obsidian Black Architectural One-Piece Swimsuit,<p>A statement piece in Econyl Sleek Satin. This one-piece combines intelligent aesthetic design with impeccable craftsmanship. Available in Obsidian Black with Chalk White detailing. Not loud. Not obvious. Unmistakably Twessie.</p>,Twessie,One-Piece,"independent fashion, minimalist one-piece, luxury Obsidian Black swimwear, architectural swimsuit, Econyl Sleek Satin bikini",TRUE,Color,Obsidian Black,Size,L,TWESSIE_EU_OP_0105-Obsidian Black-L,168.0,,10
twessie-eu-op-0105,Obsidian Black Architectural One-Piece Swimsuit,<p>A statement piece in Econyl Sleek Satin. This one-piece combines intelligent aesthetic design with impeccable craftsmanship. Available in Obsidian Black with Chalk White detailing. Not loud. Not obvious. Unmistakably Twessie.</p>,Twessie,One-Piece,"independent fashion, minimalist one-piece, luxury Obsidian Black swimwear, architectural swimsuit, Econyl Sleek Satin bikini",TRUE,Color,Obsidian Black,Size,XL,TWESSIE_EU_OP_0105-Obsidian Black-XL,168.0,,10
twessie-eu-op-0105,Obsidian Black Architectural One-Piece Swimsuit,<p>A statement piece in Econyl Sleek Satin. This one-piece combines intelligent aesthetic design with impeccable craftsmanship. Available in Obsidian Black with Chalk White detailing. Not loud. Not obvious. Unmistakably Twessie.</p>,Twessie,One-Piece,"independent fashion, minimalist one-piece, luxury Obsidian Black swimwear, architectural swimsuit, Econyl Sleek Satin bikini",TRUE,Color,Obsidian Black,Size,XXL,TWESSIE_EU_OP_0105-Obsidian Black-XXL,168.0,,10
twessie-eu-op-0105,Obsidian Black Architectural One-Piece Swimsuit,<p>A statement piece in Econyl Sleek Satin. This one-piece combines intelligent aesthetic design with impeccable craftsmanship. Available in Obsidian Black with Chalk White detailing. Not loud. Not obvious. Unmistakably Twessie.</p>,Twessie,One-Piece,"independent fashion, minimalist one-piece, luxury Obsidian Black swimwear, architectural swimsuit, Econyl Sleek Satin bikini",TRUE,Color,Chalk White,Size,XS,TWESSIE_EU_OP_0105-Chalk White-XS,168.0,,10
twessie-eu-op-0105,Obsidian Black Architectural One-Piece Swimsuit,<p>A statement piece in Econyl Sleek Satin. This one-piece combines intelligent aesthetic design with impeccable craftsmanship. Available in Obsidian Black with Chalk White detailing. Not loud. Not obvious. Unmistakably Twessie.</p>,Twessie,One-Piece,"independent fashion, minimalist one-piece, luxury Obsidian Black swimwear, architectural swimsuit, Econyl Sleek Satin bikini",TRUE,Color,Chalk White,Size,S,TWESSIE_EU_OP_0105-Chalk White-S,168.0,,10
twessie-eu-op-0105,Obsidian Black Architectural One-Piece Swimsuit,<p>A statement piece in Econyl Sleek Satin. This one-piece combines intelligent aesthetic design with impeccable craftsmanship. Available in Obsidian Black with Chalk White detailing. Not loud. Not obvious. Unmistakably Twessie.</p>,Twessie,One-Piece,"independent fashion, minimalist one-piece, luxury Obsidian Black swimwear, architectural swimsuit, Econyl Sleek Satin bikini",TRUE,Color,Chalk White,Size,M,TWESSIE_EU_OP_0105-Chalk White-M,168.0,,10
twessie-eu-op-0105,Obsidian Black Architectural One-Piece Swimsuit,<p>A statement piece in Econyl Sleek Satin. This one-piece combines intelligent aesthetic design with impeccable craftsmanship. Available in Obsidian Black with Chalk White detailing. Not loud. Not obvious. Unmistakably Twessie.</p>,Twessie,One-Piece,"independent fashion, minimalist one-piece, luxury Obsidian Black swimwear, architectural swimsuit, Econyl Sleek Satin bikini",TRUE,Color,Chalk White,Size,L,TWESSIE_EU_OP_0105-Chalk White-L,168.0,,10
twessie-eu-op-0105,Obsidian Black Architectural One-Piece Swimsuit,<p>A statement piece in Econyl Sleek Satin. This one-piece combines intelligent aesthetic design with impeccable craftsmanship. Available in Obsidian Black with Chalk White detailing. Not loud. Not obvious. Unmistakably Twessie.</p>,Twessie,One-Piece,"independent fashion, minimalist one-piece, luxury Obsidian Black swimwear, architectural swimsuit, Econyl Sleek Satin bikini",TRUE,Color,Chalk White,Size,XL,TWESSIE_EU_OP_0105-Chalk White-XL,168.0,,10
twessie-eu-op-0105,Obsidian Black Architectural One-Piece Swimsuit,<p>A statement piece in Econyl Sleek Satin. This one-piece combines intelligent aesthetic design with impeccable craftsmanship. Available in Obsidian Black with Chalk White detailing. Not loud. Not obvious. Unmistakably Twessie.</p>,Twessie,One-Piece,"independent fashion, minimalist one-piece, luxury Obsidian Black swimwear, architectural swimsuit, Econyl Sleek Satin bikini",TRUE,Color,Chalk White,Size,XXL,TWESSIE_EU_OP_0105-Chalk White-XXL,168.0,,10
twessie-na-op-0106,Minimalist Matte Ribbed Knit One-Piece,<p>A statement piece in Matte Ribbed Knit. This one-piece combines anti-fashion statement design with impeccable craftsmanship. Available in Burnt Terracotta with Olive Drab detailing. Not loud. Not obvious. Unmistakably Twessie.</p>,Twessie,One-Piece,"minimalist luxury, architectural swimsuit, Matte Ribbed Knit bikini, high-end swimwear, minimalist one-piece",TRUE,Color,Burnt Terracotta,Size,XS,TWESSIE_NA_OP_0106-Burnt Terracotta-XS,168.0,,10
twessie-na-op-0106,Minimalist Matte Ribbed Knit One-Piece,<p>A statement piece in Matte Ribbed Knit. This one-piece combines anti-fashion statement design with impeccable craftsmanship. Available in Burnt Terracotta with Olive Drab detailing. Not loud. Not obvious. Unmistakably Twessie.</p>,Twessie,One-Piece,"minimalist luxury, architectural swimsuit, Matte Ribbed Knit bikini, high-end swimwear, minimalist one-piece",TRUE,Color,Burnt Terracotta,Size,S,TWESSIE_NA_OP_0106-Burnt Terracotta-S,168.0,,10
twessie-na-op-0106,Minimalist Matte Ribbed Knit One-Piece,<p>A statement piece in Matte Ribbed Knit. This one-piece combines anti-fashion statement design with impeccable craftsmanship. Available in Burnt Terracotta with Olive Drab detailing. Not loud. Not obvious. Unmistakably Twessie.</p>,Twessie,One-Piece,"minimalist luxury, architectural swimsuit, Matte Ribbed Knit bikini, high-end swimwear, minimalist one-piece",TRUE,Color,Burnt Terracotta,Size,M,TWESSIE_NA_OP_0106-Burnt Terracotta-M,168.0,,10
twessie-na-op-0106,Minimalist Matte Ribbed Knit One-Piece,<p>A statement piece in Matte Ribbed Knit. This one-piece combines anti-fashion statement design with impeccable craftsmanship. Available in Burnt Terracotta with Olive Drab detailing. Not loud. Not obvious. Unmistakably Twessie.</p>,Twessie,One-Piece,"minimalist luxury, architectural swimsuit, Matte Ribbed Knit bikini, high-end swimwear, minimalist one-piece",TRUE,Color,Burnt Terracotta,Size,L,TWESSIE_NA_OP_0106-Burnt Terracotta-L,168.0,,10
twessie-na-op-0106,Minimalist Matte Ribbed Knit One-Piece,<p>A statement piece in Matte Ribbed Knit. This one-piece combines anti-fashion statement design with impeccable craftsmanship. Available in Burnt Terracotta with Olive Drab detailing. Not loud. Not obvious. Unmistakably Twessie.</p>,Twessie,One-Piece,"minimalist luxury, architectural swimsuit, Matte Ribbed Knit bikini, high-end swimwear, minimalist one-piece",TRUE,Color,Burnt Terracotta,Size,XL,TWESSIE_NA_OP_0106-Burnt Terracotta-XL,168.0,,10
twessie-na-op-0106,Minimalist Matte Ribbed Knit One-Piece,<p>A statement piece in Matte Ribbed Knit. This one-piece combines anti-fashion statement design with impeccable craftsmanship. Available in Burnt Terracotta with Olive Drab detailing. Not loud. Not obvious. Unmistakably Twessie.</p>,Twessie,One-Piece,"minimalist luxury, architectural swimsuit, Matte Ribbed Knit bikini, high-end swimwear, minimalist one-piece",TRUE,Color,Burnt Terracotta,Size,XXL,TWESSIE_NA_OP_0106-Burnt Terracotta-XXL,168.0,,10
twessie-na-op-0106,Minimalist Matte Ribbed Knit One-Piece,<p>A statement piece in Matte Ribbed Knit. This one-piece combines anti-fashion statement design with impeccable craftsmanship. Available in Burnt Terracotta with Olive Drab detailing. Not loud. Not obvious. Unmistakably Twessie.</p>,Twessie,One-Piece,"minimalist luxury, architectural swimsuit, Matte Ribbed Knit bikini, high-end swimwear, minimalist one-piece",TRUE,Color,Olive Drab,Size,XS,TWESSIE_NA_OP_0106-Olive Drab-XS,168.0,,10
twessie-na-op-0106,Minimalist Matte Ribbed Knit One-Piece,<p>A statement piece in Matte Ribbed Knit. This one-piece combines anti-fashion statement design with impeccable craftsmanship. Available in Burnt Terracotta with Olive Drab detailing. Not loud. Not obvious. Unmistakably Twessie.</p>,Twessie,One-Piece,"minimalist luxury, architectural swimsuit, Matte Ribbed Knit bikini, high-end swimwear, minimalist one-piece",TRUE,Color,Olive Drab,Size,S,TWESSIE_NA_OP_0106-Olive Drab-S,168.0,,10
twessie-na-op-0106,Minimalist Matte Ribbed Knit One-Piece,<p>A statement piece in Matte Ribbed Knit. This one-piece combines anti-fashion statement design with impeccable craftsmanship. Available in Burnt Terracotta with Olive Drab detailing. Not loud. Not obvious. Unmistakably Twessie.</p>,Twessie,One-Piece,"minimalist luxury, architectural swimsuit, Matte Ribbed Knit bikini, high-end swimwear, minimalist one-piece",TRUE,Color,Olive Drab,Size,M,TWESSIE_NA_OP_0106-Olive Drab-M,168.0,,10
twessie-na-op-0106,Minimalist Matte Ribbed Knit One-Piece,<p>A statement piece in Matte Ribbed Knit. This one-piece combines anti-fashion statement design with impeccable craftsmanship. Available in Burnt Terracotta with Olive Drab detailing. Not loud. Not obvious. Unmistakably Twessie.</p>,Twessie,One-Piece,"minimalist luxury, architectural swimsuit, Matte Ribbed Knit bikini, high-end swimwear, minimalist one-piece",TRUE,Color,Olive Drab,Size,L,TWESSIE_NA_OP_0106-Olive Drab-L,168.0,,10
twessie-na-op-0106,Minimalist Matte Ribbed Knit One-Piece,<p>A statement piece in Matte Ribbed Knit. This one-piece combines anti-fashion statement design with impeccable craftsmanship. Available in Burnt Terracotta with Olive Drab detailing. Not loud. Not obvious. Unmistakably Twessie.</p>,Twessie,One-Piece,"minimalist luxury, architectural swimsuit, Matte Ribbed Knit bikini, high-end swimwear, minimalist one-piece",TRUE,Color,Olive Drab,Size,XL,TWESSIE_NA_OP_0106-Olive Drab-XL,168.0,,10
twessie-na-op-0106,Minimalist Matte Ribbed Knit One-Piece,<p>A statement piece in Matte Ribbed Knit. This one-piece combines anti-fashion statement design with impeccable craftsmanship. Available in Burnt Terracotta with Olive Drab detailing. Not loud. Not obvious. Unmistakably Twessie.</p>,Twessie,One-Piece,"minimalist luxury, architectural swimsuit, Matte Ribbed Knit bikini, high-end swimwear, minimalist one-piece",TRUE,Color,Olive Drab,Size,XXL,TWESSIE_NA_OP_0106-Olive Drab-XXL,168.0,,10
twessie-au-bt-0107,Architecture-Cut Stone Gray Bikini Top,<p>A statement piece in Crinkled Seersucker. This bikini top combines rebellious yet refined design with impeccable craftsmanship. Available in Stone Gray with Chalk White detailing. Not loud. Not obvious. Unmistakably Twessie.</p>,Twessie,Bikini Top,"architectural swimsuit, independent fashion, luxury Stone Gray swimwear, Crinkled Seersucker bikini, high-end swimwear",TRUE,Color,Stone Gray,Size,XS,TWESSIE_AU_BT_0107-Stone Gray-XS,168.0,,10
twessie-au-bt-0107,Architecture-Cut Stone Gray Bikini Top,<p>A statement piece in Crinkled Seersucker. This bikini top combines rebellious yet refined design with impeccable craftsmanship. Available in Stone Gray with Chalk White detailing. Not loud. Not obvious. Unmistakably Twessie.</p>,Twessie,Bikini Top,"architectural swimsuit, independent fashion, luxury Stone Gray swimwear, Crinkled Seersucker bikini, high-end swimwear",TRUE,Color,Stone Gray,Size,S,TWESSIE_AU_BT_0107-Stone Gray-S,168.0,,10
twessie-au-bt-0107,Architecture-Cut Stone Gray Bikini Top,<p>A statement piece in Crinkled Seersucker. This bikini top combines rebellious yet refined design with impeccable craftsmanship. Available in Stone Gray with Chalk White detailing. Not loud. Not obvious. Unmistakably Twessie.</p>,Twessie,Bikini Top,"architectural swimsuit, independent fashion, luxury Stone Gray swimwear, Crinkled Seersucker bikini, high-end swimwear",TRUE,Color,Stone Gray,Size,M,TWESSIE_AU_BT_0107-Stone Gray-M,168.0,,10
twessie-au-bt-0107,Architecture-Cut Stone Gray Bikini Top,<p>A statement piece in Crinkled Seersucker. This bikini top combines rebellious yet refined design with impeccable craftsmanship. Available in Stone Gray with Chalk White detailing. Not loud. Not obvious. Unmistakably Twessie.</p>,Twessie,Bikini Top,"architectural swimsuit, independent fashion, luxury Stone Gray swimwear, Crinkled Seersucker bikini, high-end swimwear",TRUE,Color,Stone Gray,Size,L,TWESSIE_AU_BT_0107-Stone Gray-L,168.0,,10
twessie-au-bt-0107,Architecture-Cut Stone Gray Bikini Top,<p>A statement piece in Crinkled Seersucker. This bikini top combines rebellious yet refined design with impeccable craftsmanship. Available in Stone Gray with Chalk White detailing. Not loud. Not obvious. Unmistakably Twessie.</p>,Twessie,Bikini Top,"architectural swimsuit, independent fashion, luxury Stone Gray swimwear, Crinkled Seersucker bikini, high-end swimwear",TRUE,Color,Stone Gray,Size,XL,TWESSIE_AU_BT_0107-Stone Gray-XL,168.0,,10
twessie-au-bt-0107,Architecture-Cut Stone Gray Bikini Top,<p>A statement piece in Crinkled Seersucker. This bikini top combines rebellious yet refined design with impeccable craftsmanship. Available in Stone Gray with Chalk White detailing. Not loud. Not obvious. Unmistakably Twessie.</p>,Twessie,Bikini Top,"architectural swimsuit, independent fashion, luxury Stone Gray swimwear, Crinkled Seersucker bikini, high-end swimwear",TRUE,Color,Stone Gray,Size,XXL,TWESSIE_AU_BT_0107-Stone Gray-XXL,168.0,,10
twessie-au-bt-0107,Architecture-Cut Stone Gray Bikini Top,<p>A statement piece in Crinkled Seersucker. This bikini top combines rebellious yet refined design with impeccable craftsmanship. Available in Stone Gray with Chalk White detailing. Not loud. Not obvious. Unmistakably Twessie.</p>,Twessie,Bikini Top,"architectural swimsuit, independent fashion, luxury Stone Gray swimwear, Crinkled Seersucker bikini, high-end swimwear",TRUE,Color,Chalk White,Size,XS,TWESSIE_AU_BT_0107-Chalk White-XS,168.0,,10
twessie-au-bt-0107,Architecture-Cut Stone Gray Bikini Top,<p>A statement piece in Crinkled Seersucker. This bikini top combines rebellious yet refined design with impeccable craftsmanship. Available in Stone Gray with Chalk White detailing. Not loud. Not obvious. Unmistakably Twessie.</p>,Twessie,Bikini Top,"architectural swimsuit, independent fashion, luxury Stone Gray swimwear, Crinkled Seersucker bikini, high-end swimwear",TRUE,Color,Chalk White,Size,S,TWESSIE_AU_BT_0107-Chalk White-S,168.0,,10
twessie-au-bt-0107,Architecture-Cut Stone Gray Bikini Top,<p>A statement piece in Crinkled Seersucker. This bikini top combines rebellious yet refined design with impeccable craftsmanship. Available in Stone Gray with Chalk White detailing. Not loud. Not obvious. Unmistakably Twessie.</p>,Twessie,Bikini Top,"architectural swimsuit, independent fashion, luxury Stone Gray swimwear, Crinkled Seersucker bikini, high-end swimwear",TRUE,Color,Chalk White,Size,M,TWESSIE_AU_BT_0107-Chalk White-M,168.0,,10
twessie-au-bt-0107,Architecture-Cut Stone Gray Bikini Top,<p>A statement piece in Crinkled Seersucker. This bikini top combines rebellious yet refined design with impeccable craftsmanship. Available in Stone Gray with Chalk White detailing. Not loud. Not obvious. Unmistakably Twessie.</p>,Twessie,Bikini Top,"architectural swimsuit, independent fashion, luxury Stone Gray swimwear, Crinkled Seersucker bikini, high-end swimwear",TRUE,Color,Chalk White,Size,L,TWESSIE_AU_BT_0107-Chalk White-L,168.0,,10
twessie-au-bt-0107,Architecture-Cut Stone Gray Bikini Top,<p>A statement piece in Crinkled Seersucker. This bikini top combines rebellious yet refined design with impeccable craftsmanship. Available in Stone Gray with Chalk White detailing. Not loud. Not obvious. Unmistakably Twessie.</p>,Twessie,Bikini Top,"architectural swimsuit, independent fashion, luxury Stone Gray swimwear, Crinkled Seersucker bikini, high-end swimwear",TRUE,Color,Chalk White,Size,XL,TWESSIE_AU_BT_0107-Chalk White-XL,168.0,,10
twessie-au-bt-0107,Architecture-Cut Stone Gray Bikini Top,<p>A statement piece in Crinkled Seersucker. This bikini top combines rebellious yet refined design with impeccable craftsmanship. Available in Stone Gray with Chalk White detailing. Not loud. Not obvious. Unmistakably Twessie.</p>,Twessie,Bikini Top,"architectural swimsuit, independent fashion, luxury Stone Gray swimwear, Crinkled Seersucker bikini, high-end swimwear",TRUE,Color,Chalk White,Size,XXL,TWESSIE_AU_BT_0107-Chalk White-XXL,168.0,,10
twessie-jp-bt-0108,Minimalist Stone Gray Textured Bikini Top,<p>Crafted in premium Crinkled Seersucker with Econyl Sleek Satin accents. This bikini top epitomizes anti-fashion statement luxury. Featuring color-blocking in Stone Gray and Chalk White. Perfect for the discerning swimmer who refuses the obvious.</p>,Twessie,Bikini Top,"Crinkled Seersucker bikini, minimalist luxury, minimalist bikini top, high-end swimwear, architectural swimsuit",TRUE,Color,Stone Gray,Size,XS,TWESSIE_JP_BT_0108-Stone Gray-XS,168.0,,10
twessie-jp-bt-0108,Minimalist Stone Gray Textured Bikini Top,<p>Crafted in premium Crinkled Seersucker with Econyl Sleek Satin accents. This bikini top epitomizes anti-fashion statement luxury. Featuring color-blocking in Stone Gray and Chalk White. Perfect for the discerning swimmer who refuses the obvious.</p>,Twessie,Bikini Top,"Crinkled Seersucker bikini, minimalist luxury, minimalist bikini top, high-end swimwear, architectural swimsuit",TRUE,Color,Stone Gray,Size,S,TWESSIE_JP_BT_0108-Stone Gray-S,168.0,,10
twessie-jp-bt-0108,Minimalist Stone Gray Textured Bikini Top,<p>Crafted in premium Crinkled Seersucker with Econyl Sleek Satin accents. This bikini top epitomizes anti-fashion statement luxury. Featuring color-blocking in Stone Gray and Chalk White. Perfect for the discerning swimmer who refuses the obvious.</p>,Twessie,Bikini Top,"Crinkled Seersucker bikini, minimalist luxury, minimalist bikini top, high-end swimwear, architectural swimsuit",TRUE,Color,Stone Gray,Size,M,TWESSIE_JP_BT_0108-Stone Gray-M,168.0,,10
twessie-jp-bt-0108,Minimalist Stone Gray Textured Bikini Top,<p>Crafted in premium Crinkled Seersucker with Econyl Sleek Satin accents. This bikini top epitomizes anti-fashion statement luxury. Featuring color-blocking in Stone Gray and Chalk White. Perfect for the discerning swimmer who refuses the obvious.</p>,Twessie,Bikini Top,"Crinkled Seersucker bikini, minimalist luxury, minimalist bikini top, high-end swimwear, architectural swimsuit",TRUE,Color,Stone Gray,Size,L,TWESSIE_JP_BT_0108-Stone Gray-L,168.0,,10
twessie-jp-bt-0108,Minimalist Stone Gray Textured Bikini Top,<p>Crafted in premium Crinkled Seersucker with Econyl Sleek Satin accents. This bikini top epitomizes anti-fashion statement luxury. Featuring color-blocking in Stone Gray and Chalk White. Perfect for the discerning swimmer who refuses the obvious.</p>,Twessie,Bikini Top,"Crinkled Seersucker bikini, minimalist luxury, minimalist bikini top, high-end swimwear, architectural swimsuit",TRUE,Color,Stone Gray,Size,XL,TWESSIE_JP_BT_0108-Stone Gray-XL,168.0,,10
twessie-jp-bt-0108,Minimalist Stone Gray Textured Bikini Top,<p>Crafted in premium Crinkled Seersucker with Econyl Sleek Satin accents. This bikini top epitomizes anti-fashion statement luxury. Featuring color-blocking in Stone Gray and Chalk White. Perfect for the discerning swimmer who refuses the obvious.</p>,Twessie,Bikini Top,"Crinkled Seersucker bikini, minimalist luxury, minimalist bikini top, high-end swimwear, architectural swimsuit",TRUE,Color,Stone Gray,Size,XXL,TWESSIE_JP_BT_0108-Stone Gray-XXL,168.0,,10
twessie-jp-bt-0108,Minimalist Stone Gray Textured Bikini Top,<p>Crafted in premium Crinkled Seersucker with Econyl Sleek Satin accents. This bikini top epitomizes anti-fashion statement luxury. Featuring color-blocking in Stone Gray and Chalk White. Perfect for the discerning swimmer who refuses the obvious.</p>,Twessie,Bikini Top,"Crinkled Seersucker bikini, minimalist luxury, minimalist bikini top, high-end swimwear, architectural swimsuit",TRUE,Color,Chalk White,Size,XS,TWESSIE_JP_BT_0108-Chalk White-XS,168.0,,10
twessie-jp-bt-0108,Minimalist Stone Gray Textured Bikini Top,<p>Crafted in premium Crinkled Seersucker with Econyl Sleek Satin accents. This bikini top epitomizes anti-fashion statement luxury. Featuring color-blocking in Stone Gray and Chalk White. Perfect for the discerning swimmer who refuses the obvious.</p>,Twessie,Bikini Top,"Crinkled Seersucker bikini, minimalist luxury, minimalist bikini top, high-end swimwear, architectural swimsuit",TRUE,Color,Chalk White,Size,S,TWESSIE_JP_BT_0108-Chalk White-S,168.0,,10
twessie-jp-bt-0108,Minimalist Stone Gray Textured Bikini Top,<p>Crafted in premium Crinkled Seersucker with Econyl Sleek Satin accents. This bikini top epitomizes anti-fashion statement luxury. Featuring color-blocking in Stone Gray and Chalk White. Perfect for the discerning swimmer who refuses the obvious.</p>,Twessie,Bikini Top,"Crinkled Seersucker bikini, minimalist luxury, minimalist bikini top, high-end swimwear, architectural swimsuit",TRUE,Color,Chalk White,Size,M,TWESSIE_JP_BT_0108-Chalk White-M,168.0,,10
twessie-jp-bt-0108,Minimalist Stone Gray Textured Bikini Top,<p>Crafted in premium Crinkled Seersucker with Econyl Sleek Satin accents. This bikini top epitomizes anti-fashion statement luxury. Featuring color-blocking in Stone Gray and Chalk White. Perfect for the discerning swimmer who refuses the obvious.</p>,Twessie,Bikini Top,"Crinkled Seersucker bikini, minimalist luxury, minimalist bikini top, high-end swimwear, architectural swimsuit",TRUE,Color,Chalk White,Size,L,TWESSIE_JP_BT_0108-Chalk White-L,168.0,,10
twessie-jp-bt-0108,Minimalist Stone Gray Textured Bikini Top,<p>Crafted in premium Crinkled Seersucker with Econyl Sleek Satin accents. This bikini top epitomizes anti-fashion statement luxury. Featuring color-blocking in Stone Gray and Chalk White. Perfect for the discerning swimmer who refuses the obvious.</p>,Twessie,Bikini Top,"Crinkled Seersucker bikini, minimalist luxury, minimalist bikini top, high-end swimwear, architectural swimsuit",TRUE,Color,Chalk White,Size,XL,TWESSIE_JP_BT_0108-Chalk White-XL,168.0,,10
twessie-jp-bt-0108,Minimalist Stone Gray Textured Bikini Top,<p>Crafted in premium Crinkled Seersucker with Econyl Sleek Satin accents. This bikini top epitomizes anti-fashion statement luxury. Featuring color-blocking in Stone Gray and Chalk White. Perfect for the discerning swimmer who refuses the obvious.</p>,Twessie,Bikini Top,"Crinkled Seersucker bikini, minimalist luxury, minimalist bikini top, high-end swimwear, architectural swimsuit",TRUE,Color,Chalk White,Size,XXL,TWESSIE_JP_BT_0108-Chalk White-XXL,168.0,,10
twessie-na-op-0109,Minimalist Matte Ribbed Knit One-Piece,"<p>Matte Ribbed Knit construction meets architectural precision in this one-piece. Designed for the intelligent, independent woman. The Olive Drab colorway with Burnt Terracotta accents creates a sophisticated palette. Pure anti-fashion statement elegance.</p>",Twessie,One-Piece,"minimalist one-piece, independent fashion, high-end swimwear, architectural swimsuit, luxury Olive Drab swimwear",TRUE,Color,Olive Drab,Size,XS,TWESSIE_NA_OP_0109-Olive Drab-XS,168.0,,10
twessie-na-op-0109,Minimalist Matte Ribbed Knit One-Piece,"<p>Matte Ribbed Knit construction meets architectural precision in this one-piece. Designed for the intelligent, independent woman. The Olive Drab colorway with Burnt Terracotta accents creates a sophisticated palette. Pure anti-fashion statement elegance.</p>",Twessie,One-Piece,"minimalist one-piece, independent fashion, high-end swimwear, architectural swimsuit, luxury Olive Drab swimwear",TRUE,Color,Olive Drab,Size,S,TWESSIE_NA_OP_0109-Olive Drab-S,168.0,,10
twessie-na-op-0109,Minimalist Matte Ribbed Knit One-Piece,"<p>Matte Ribbed Knit construction meets architectural precision in this one-piece. Designed for the intelligent, independent woman. The Olive Drab colorway with Burnt Terracotta accents creates a sophisticated palette. Pure anti-fashion statement elegance.</p>",Twessie,One-Piece,"minimalist one-piece, independent fashion, high-end swimwear, architectural swimsuit, luxury Olive Drab swimwear",TRUE,Color,Olive Drab,Size,M,TWESSIE_NA_OP_0109-Olive Drab-M,168.0,,10
twessie-na-op-0109,Minimalist Matte Ribbed Knit One-Piece,"<p>Matte Ribbed Knit construction meets architectural precision in this one-piece. Designed for the intelligent, independent woman. The Olive Drab colorway with Burnt Terracotta accents creates a sophisticated palette. Pure anti-fashion statement elegance.</p>",Twessie,One-Piece,"minimalist one-piece, independent fashion, high-end swimwear, architectural swimsuit, luxury Olive Drab swimwear",TRUE,Color,Olive Drab,Size,L,TWESSIE_NA_OP_0109-Olive Drab-L,168.0,,10
twessie-na-op-0109,Minimalist Matte Ribbed Knit One-Piece,"<p>Matte Ribbed Knit construction meets architectural precision in this one-piece. Designed for the intelligent, independent woman. The Olive Drab colorway with Burnt Terracotta accents creates a sophisticated palette. Pure anti-fashion statement elegance.</p>",Twessie,One-Piece,"minimalist one-piece, independent fashion, high-end swimwear, architectural swimsuit, luxury Olive Drab swimwear",TRUE,Color,Olive Drab,Size,XL,TWESSIE_NA_OP_0109-Olive Drab-XL,168.0,,10
twessie-na-op-0109,Minimalist Matte Ribbed Knit One-Piece,"<p>Matte Ribbed Knit construction meets architectural precision in this one-piece. Designed for the intelligent, independent woman. The Olive Drab colorway with Burnt Terracotta accents creates a sophisticated palette. Pure anti-fashion statement elegance.</p>",Twessie,One-Piece,"minimalist one-piece, independent fashion, high-end swimwear, architectural swimsuit, luxury Olive Drab swimwear",TRUE,Color,Olive Drab,Size,XXL,TWESSIE_NA_OP_0109-Olive Drab-XXL,168.0,,10
twessie-na-op-0109,Minimalist Matte Ribbed Knit One-Piece,"<p>Matte Ribbed Knit construction meets architectural precision in this one-piece. Designed for the intelligent, independent woman. The Olive Drab colorway with Burnt Terracotta accents creates a sophisticated palette. Pure anti-fashion statement elegance.</p>",Twessie,One-Piece,"minimalist one-piece, independent fashion, high-end swimwear, architectural swimsuit, luxury Olive Drab swimwear",TRUE,Color,Burnt Terracotta,Size,XS,TWESSIE_NA_OP_0109-Burnt Terracotta-XS,168.0,,10
twessie-na-op-0109,Minimalist Matte Ribbed Knit One-Piece,"<p>Matte Ribbed Knit construction meets architectural precision in this one-piece. Designed for the intelligent, independent woman. The Olive Drab colorway with Burnt Terracotta accents creates a sophisticated palette. Pure anti-fashion statement elegance.</p>",Twessie,One-Piece,"minimalist one-piece, independent fashion, high-end swimwear, architectural swimsuit, luxury Olive Drab swimwear",TRUE,Color,Burnt Terracotta,Size,S,TWESSIE_NA_OP_0109-Burnt Terracotta-S,168.0,,10
twessie-na-op-0109,Minimalist Matte Ribbed Knit One-Piece,"<p>Matte Ribbed Knit construction meets architectural precision in this one-piece. Designed for the intelligent, independent woman. The Olive Drab colorway with Burnt Terracotta accents creates a sophisticated palette. Pure anti-fashion statement elegance.</p>",Twessie,One-Piece,"minimalist one-piece, independent fashion, high-end swimwear, architectural swimsuit, luxury Olive Drab swimwear",TRUE,Color,Burnt Terracotta,Size,M,TWESSIE_NA_OP_0109-Burnt Terracotta-M,168.0,,10
twessie-na-op-0109,Minimalist Matte Ribbed Knit One-Piece,"<p>Matte Ribbed Knit construction meets architectural precision in this one-piece. Designed for the intelligent, independent woman. The Olive Drab colorway with Burnt Terracotta accents creates a sophisticated palette. Pure anti-fashion statement elegance.</p>",Twessie,One-Piece,"minimalist one-piece, independent fashion, high-end swimwear, architectural swimsuit, luxury Olive Drab swimwear",TRUE,Color,Burnt Terracotta,Size,L,TWESSIE_NA_OP_0109-Burnt Terracotta-L,168.0,,10
twessie-na-op-0109,Minimalist Matte Ribbed Knit One-Piece,"<p>Matte Ribbed Knit construction meets architectural precision in this one-piece. Designed for the intelligent, independent woman. The Olive Drab colorway with Burnt Terracotta accents creates a sophisticated palette. Pure anti-fashion statement elegance.</p>",Twessie,One-Piece,"minimalist one-piece, independent fashion, high-end swimwear, architectural swimsuit, luxury Olive Drab swimwear",TRUE,Color,Burnt Terracotta,Size,XL,TWESSIE_NA_OP_0109-Burnt Terracotta-XL,168.0,,10
twessie-na-op-0109,Minimalist Matte Ribbed Knit One-Piece,"<p>Matte Ribbed Knit construction meets architectural precision in this one-piece. Designed for the intelligent, independent woman. The Olive Drab colorway with Burnt Terracotta accents creates a sophisticated palette. Pure anti-fashion statement elegance.</p>",Twessie,One-Piece,"minimalist one-piece, independent fashion, high-end swimwear, architectural swimsuit, luxury Olive Drab swimwear",TRUE,Color,Burnt Terracotta,Size,XXL,TWESSIE_NA_OP_0109-Burnt Terracotta-XXL,168.0,,10
twessie-sg-bb-0110,High-Cut Obsidian Black Bikini Brief,<p>A statement piece in Econyl Sleek Satin. This bikini bottom combines rebellious yet refined design with impeccable craftsmanship. Available in Obsidian Black with Burnt Terracotta detailing. Not loud. Not obvious. Unmistakably Twessie.</p>,Twessie,Bikini Bottom,"architectural swimsuit, independent fashion, minimalist luxury, luxury Obsidian Black swimwear, minimalist bikini bottom",TRUE,Color,Obsidian Black,Size,XS,TWESSIE_SG_BB_0110-Obsidian Black-XS,168.0,,10
twessie-sg-bb-0110,High-Cut Obsidian Black Bikini Brief,<p>A statement piece in Econyl Sleek Satin. This bikini bottom combines rebellious yet refined design with impeccable craftsmanship. Available in Obsidian Black with Burnt Terracotta detailing. Not loud. Not obvious. Unmistakably Twessie.</p>,Twessie,Bikini Bottom,"architectural swimsuit, independent fashion, minimalist luxury, luxury Obsidian Black swimwear, minimalist bikini bottom",TRUE,Color,Obsidian Black,Size,S,TWESSIE_SG_BB_0110-Obsidian Black-S,168.0,,10
twessie-sg-bb-0110,High-Cut Obsidian Black Bikini Brief,<p>A statement piece in Econyl Sleek Satin. This bikini bottom combines rebellious yet refined design with impeccable craftsmanship. Available in Obsidian Black with Burnt Terracotta detailing. Not loud. Not obvious. Unmistakably Twessie.</p>,Twessie,Bikini Bottom,"architectural swimsuit, independent fashion, minimalist luxury, luxury Obsidian Black swimwear, minimalist bikini bottom",TRUE,Color,Obsidian Black,Size,M,TWESSIE_SG_BB_0110-Obsidian Black-M,168.0,,10
twessie-sg-bb-0110,High-Cut Obsidian Black Bikini Brief,<p>A statement piece in Econyl Sleek Satin. This bikini bottom combines rebellious yet refined design with impeccable craftsmanship. Available in Obsidian Black with Burnt Terracotta detailing. Not loud. Not obvious. Unmistakably Twessie.</p>,Twessie,Bikini Bottom,"architectural swimsuit, independent fashion, minimalist luxury, luxury Obsidian Black swimwear, minimalist bikini bottom",TRUE,Color,Obsidian Black,Size,L,TWESSIE_SG_BB_0110-Obsidian Black-L,168.0,,10
twessie-sg-bb-0110,High-Cut Obsidian Black Bikini Brief,<p>A statement piece in Econyl Sleek Satin. This bikini bottom combines rebellious yet refined design with impeccable craftsmanship. Available in Obsidian Black with Burnt Terracotta detailing. Not loud. Not obvious. Unmistakably Twessie.</p>,Twessie,Bikini Bottom,"architectural swimsuit, independent fashion, minimalist luxury, luxury Obsidian Black swimwear, minimalist bikini bottom",TRUE,Color,Obsidian Black,Size,XL,TWESSIE_SG_BB_0110-Obsidian Black-XL,168.0,,10
twessie-sg-bb-0110,High-Cut Obsidian Black Bikini Brief,<p>A statement piece in Econyl Sleek Satin. This bikini bottom combines rebellious yet refined design with impeccable craftsmanship. Available in Obsidian Black with Burnt Terracotta detailing. Not loud. Not obvious. Unmistakably Twessie.</p>,Twessie,Bikini Bottom,"architectural swimsuit, independent fashion, minimalist luxury, luxury Obsidian Black swimwear, minimalist bikini bottom",TRUE,Color,Obsidian Black,Size,XXL,TWESSIE_SG_BB_0110-Obsidian Black-XXL,168.0,,10
twessie-sg-bb-0110,High-Cut Obsidian Black Bikini Brief,<p>A statement piece in Econyl Sleek Satin. This bikini bottom combines rebellious yet refined design with impeccable craftsmanship. Available in Obsidian Black with Burnt Terracotta detailing. Not loud. Not obvious. Unmistakably Twessie.</p>,Twessie,Bikini Bottom,"architectural swimsuit, independent fashion, minimalist luxury, luxury Obsidian Black swimwear, minimalist bikini bottom",TRUE,Color,Burnt Terracotta,Size,XS,TWESSIE_SG_BB_0110-Burnt Terracotta-XS,168.0,,10
twessie-sg-bb-0110,High-Cut Obsidian Black Bikini Brief,<p>A statement piece in Econyl Sleek Satin. This bikini bottom combines rebellious yet refined design with impeccable craftsmanship. Available in Obsidian Black with Burnt Terracotta detailing. Not loud. Not obvious. Unmistakably Twessie.</p>,Twessie,Bikini Bottom,"architectural swimsuit, independent fashion, minimalist luxury, luxury Obsidian Black swimwear, minimalist bikini bottom",TRUE,Color,Burnt Terracotta,Size,S,TWESSIE_SG_BB_0110-Burnt Terracotta-S,168.0,,10
twessie-sg-bb-0110,High-Cut Obsidian Black Bikini Brief,<p>A statement piece in Econyl Sleek Satin. This bikini bottom combines rebellious yet refined design with impeccable craftsmanship. Available in Obsidian Black with Burnt Terracotta detailing. Not loud. Not obvious. Unmistakably Twessie.</p>,Twessie,Bikini Bottom,"architectural swimsuit, independent fashion, minimalist luxury, luxury Obsidian Black swimwear, minimalist bikini bottom",TRUE,Color,Burnt Terracotta,Size,M,TWESSIE_SG_BB_0110-Burnt Terracotta-M,168.0,,10
twessie-sg-bb-0110,High-Cut Obsidian Black Bikini Brief,<p>A statement piece in Econyl Sleek Satin. This bikini bottom combines rebellious yet refined design with impeccable craftsmanship. Available in Obsidian Black with Burnt Terracotta detailing. Not loud. Not obvious. Unmistakably Twessie.</p>,Twessie,Bikini Bottom,"architectural swimsuit, independent fashion, minimalist luxury, luxury Obsidian Black swimwear, minimalist bikini bottom",TRUE,Color,Burnt Terracotta,Size,L,TWESSIE_SG_BB_0110-Burnt Terracotta-L,168.0,,10
twessie-sg-bb-0110,High-Cut Obsidian Black Bikini Brief,<p>A statement piece in Econyl Sleek Satin. This bikini bottom combines rebellious yet refined design with impeccable craftsmanship. Available in Obsidian Black with Burnt Terracotta detailing. Not loud. Not obvious. Unmistakably Twessie.</p>,Twessie,Bikini Bottom,"architectural swimsuit, independent fashion, minimalist luxury, luxury Obsidian Black swimwear, minimalist bikini bottom",TRUE,Color,Burnt Terracotta,Size,XL,TWESSIE_SG_BB_0110-Burnt Terracotta-XL,168.0,,10
twessie-sg-bb-0110,High-Cut Obsidian Black Bikini Brief,<p>A statement piece in Econyl Sleek Satin. This bikini bottom combines rebellious yet refined design with impeccable craftsmanship. Available in Obsidian Black with Burnt Terracotta detailing. Not loud. Not obvious. Unmistakably Twessie.</p>,Twessie,Bikini Bottom,"architectural swimsuit, independent fashion, minimalist luxury, luxury Obsidian Black swimwear, minimalist bikini bottom",TRUE,Color,Burnt Terracotta,Size,XXL,TWESSIE_SG_BB_0110-Burnt Terracotta-XXL,168.0,,10
twessie-sg-op-0201,Obsidian Black Architectural One-Piece Swimsuit,"<p>Econyl Sleek Satin construction meets architectural precision in this one-piece. Designed for the intelligent, independent woman. The Obsidian Black colorway with Burnt Terracotta accents creates a sophisticated palette. Pure minimalist luxury elegance.</p>",Twessie,One-Piece,"independent fashion, luxury Obsidian Black swimwear, minimalist luxury, minimalist one-piece, high-end swimwear",TRUE,Color,Obsidian Black,Size,XS,TWESSIE_SG_OP_0201-Obsidian Black-XS,168.0,,10
twessie-sg-op-0201,Obsidian Black Architectural One-Piece Swimsuit,"<p>Econyl Sleek Satin construction meets architectural precision in this one-piece. Designed for the intelligent, independent woman. The Obsidian Black colorway with Burnt Terracotta accents creates a sophisticated palette. Pure minimalist luxury elegance.</p>",Twessie,One-Piece,"independent fashion, luxury Obsidian Black swimwear, minimalist luxury, minimalist one-piece, high-end swimwear",TRUE,Color,Obsidian Black,Size,S,TWESSIE_SG_OP_0201-Obsidian Black-S,168.0,,10
twessie-sg-op-0201,Obsidian Black Architectural One-Piece Swimsuit,"<p>Econyl Sleek Satin construction meets architectural precision in this one-piece. Designed for the intelligent, independent woman. The Obsidian Black colorway with Burnt Terracotta accents creates a sophisticated palette. Pure minimalist luxury elegance.</p>",Twessie,One-Piece,"independent fashion, luxury Obsidian Black swimwear, minimalist luxury, minimalist one-piece, high-end swimwear",TRUE,Color,Obsidian Black,Size,M,TWESSIE_SG_OP_0201-Obsidian Black-M,168.0,,10
twessie-sg-op-0201,Obsidian Black Architectural One-Piece Swimsuit,"<p>Econyl Sleek Satin construction meets architectural precision in this one-piece. Designed for the intelligent, independent woman. The Obsidian Black colorway with Burnt Terracotta accents creates a sophisticated palette. Pure minimalist luxury elegance.</p>",Twessie,One-Piece,"independent fashion, luxury Obsidian Black swimwear, minimalist luxury, minimalist one-piece, high-end swimwear",TRUE,Color,Obsidian Black,Size,L,TWESSIE_SG_OP_0201-Obsidian Black-L,168.0,,10
twessie-sg-op-0201,Obsidian Black Architectural One-Piece Swimsuit,"<p>Econyl Sleek Satin construction meets architectural precision in this one-piece. Designed for the intelligent, independent woman. The Obsidian Black colorway with Burnt Terracotta accents creates a sophisticated palette. Pure minimalist luxury elegance.</p>",Twessie,One-Piece,"independent fashion, luxury Obsidian Black swimwear, minimalist luxury, minimalist one-piece, high-end swimwear",TRUE,Color,Obsidian Black,Size,XL,TWESSIE_SG_OP_0201-Obsidian Black-XL,168.0,,10
twessie-sg-op-0201,Obsidian Black Architectural One-Piece Swimsuit,"<p>Econyl Sleek Satin construction meets architectural precision in this one-piece. Designed for the intelligent, independent woman. The Obsidian Black colorway with Burnt Terracotta accents creates a sophisticated palette. Pure minimalist luxury elegance.</p>",Twessie,One-Piece,"independent fashion, luxury Obsidian Black swimwear, minimalist luxury, minimalist one-piece, high-end swimwear",TRUE,Color,Obsidian Black,Size,XXL,TWESSIE_SG_OP_0201-Obsidian Black-XXL,168.0,,10
twessie-sg-op-0201,Obsidian Black Architectural One-Piece Swimsuit,"<p>Econyl Sleek Satin construction meets architectural precision in this one-piece. Designed for the intelligent, independent woman. The Obsidian Black colorway with Burnt Terracotta accents creates a sophisticated palette. Pure minimalist luxury elegance.</p>",Twessie,One-Piece,"independent fashion, luxury Obsidian Black swimwear, minimalist luxury, minimalist one-piece, high-end swimwear",TRUE,Color,Burnt Terracotta,Size,XS,TWESSIE_SG_OP_0201-Burnt Terracotta-XS,168.0,,10
twessie-sg-op-0201,Obsidian Black Architectural One-Piece Swimsuit,"<p>Econyl Sleek Satin construction meets architectural precision in this one-piece. Designed for the intelligent, independent woman. The Obsidian Black colorway with Burnt Terracotta accents creates a sophisticated palette. Pure minimalist luxury elegance.</p>",Twessie,One-Piece,"independent fashion, luxury Obsidian Black swimwear, minimalist luxury, minimalist one-piece, high-end swimwear",TRUE,Color,Burnt Terracotta,Size,S,TWESSIE_SG_OP_0201-Burnt Terracotta-S,168.0,,10
twessie-sg-op-0201,Obsidian Black Architectural One-Piece Swimsuit,"<p>Econyl Sleek Satin construction meets architectural precision in this one-piece. Designed for the intelligent, independent woman. The Obsidian Black colorway with Burnt Terracotta accents creates a sophisticated palette. Pure minimalist luxury elegance.</p>",Twessie,One-Piece,"independent fashion, luxury Obsidian Black swimwear, minimalist luxury, minimalist one-piece, high-end swimwear",TRUE,Color,Burnt Terracotta,Size,M,TWESSIE_SG_OP_0201-Burnt Terracotta-M,168.0,,10
twessie-sg-op-0201,Obsidian Black Architectural One-Piece Swimsuit,"<p>Econyl Sleek Satin construction meets architectural precision in this one-piece. Designed for the intelligent, independent woman. The Obsidian Black colorway with Burnt Terracotta accents creates a sophisticated palette. Pure minimalist luxury elegance.</p>",Twessie,One-Piece,"independent fashion, luxury Obsidian Black swimwear, minimalist luxury, minimalist one-piece, high-end swimwear",TRUE,Color,Burnt Terracotta,Size,L,TWESSIE_SG_OP_0201-Burnt Terracotta-L,168.0,,10
twessie-sg-op-0201,Obsidian Black Architectural One-Piece Swimsuit,"<p>Econyl Sleek Satin construction meets architectural precision in this one-piece. Designed for the intelligent, independent woman. The Obsidian Black colorway with Burnt Terracotta accents creates a sophisticated palette. Pure minimalist luxury elegance.</p>",Twessie,One-Piece,"independent fashion, luxury Obsidian Black swimwear, minimalist luxury, minimalist one-piece, high-end swimwear",TRUE,Color,Burnt Terracotta,Size,XL,TWESSIE_SG_OP_0201-Burnt Terracotta-XL,168.0,,10
twessie-sg-op-0201,Obsidian Black Architectural One-Piece Swimsuit,"<p>Econyl Sleek Satin construction meets architectural precision in this one-piece. Designed for the intelligent, independent woman. The Obsidian Black colorway with Burnt Terracotta accents creates a sophisticated palette. Pure minimalist luxury elegance.</p>",Twessie,One-Piece,"independent fashion, luxury Obsidian Black swimwear, minimalist luxury, minimalist one-piece, high-end swimwear",TRUE,Color,Burnt Terracotta,Size,XXL,TWESSIE_SG_OP_0201-Burnt Terracotta-XXL,168.0,,10
twessie-jp-ha-0202,Minimalist Halter Extension - Obsidian Black,"<p>Econyl Sleek Satin construction meets architectural precision in this halter strap accessory. Designed for the intelligent, independent woman. The Obsidian Black colorway with Burnt Terracotta accents creates a sophisticated palette. Pure architectural elegance elegance.</p>",Twessie,Halter Strap Accessory,"high-end swimwear, independent fashion, architectural swimsuit, minimalist halter strap accessory, minimalist luxury",TRUE,Color,Obsidian Black,Size,XS,TWESSIE_JP_HA_0202-Obsidian Black-XS,168.0,,10
twessie-jp-ha-0202,Minimalist Halter Extension - Obsidian Black,"<p>Econyl Sleek Satin construction meets architectural precision in this halter strap accessory. Designed for the intelligent, independent woman. The Obsidian Black colorway with Burnt Terracotta accents creates a sophisticated palette. Pure architectural elegance elegance.</p>",Twessie,Halter Strap Accessory,"high-end swimwear, independent fashion, architectural swimsuit, minimalist halter strap accessory, minimalist luxury",TRUE,Color,Obsidian Black,Size,S,TWESSIE_JP_HA_0202-Obsidian Black-S,168.0,,10
twessie-jp-ha-0202,Minimalist Halter Extension - Obsidian Black,"<p>Econyl Sleek Satin construction meets architectural precision in this halter strap accessory. Designed for the intelligent, independent woman. The Obsidian Black colorway with Burnt Terracotta accents creates a sophisticated palette. Pure architectural elegance elegance.</p>",Twessie,Halter Strap Accessory,"high-end swimwear, independent fashion, architectural swimsuit, minimalist halter strap accessory, minimalist luxury",TRUE,Color,Obsidian Black,Size,M,TWESSIE_JP_HA_0202-Obsidian Black-M,168.0,,10
twessie-jp-ha-0202,Minimalist Halter Extension - Obsidian Black,"<p>Econyl Sleek Satin construction meets architectural precision in this halter strap accessory. Designed for the intelligent, independent woman. The Obsidian Black colorway with Burnt Terracotta accents creates a sophisticated palette. Pure architectural elegance elegance.</p>",Twessie,Halter Strap Accessory,"high-end swimwear, independent fashion, architectural swimsuit, minimalist halter strap accessory, minimalist luxury",TRUE,Color,Obsidian Black,Size,L,TWESSIE_JP_HA_0202-Obsidian Black-L,168.0,,10
twessie-jp-ha-0202,Minimalist Halter Extension - Obsidian Black,"<p>Econyl Sleek Satin construction meets architectural precision in this halter strap accessory. Designed for the intelligent, independent woman. The Obsidian Black colorway with Burnt Terracotta accents creates a sophisticated palette. Pure architectural elegance elegance.</p>",Twessie,Halter Strap Accessory,"high-end swimwear, independent fashion, architectural swimsuit, minimalist halter strap accessory, minimalist luxury",TRUE,Color,Obsidian Black,Size,XL,TWESSIE_JP_HA_0202-Obsidian Black-XL,168.0,,10
twessie-jp-ha-0202,Minimalist Halter Extension - Obsidian Black,"<p>Econyl Sleek Satin construction meets architectural precision in this halter strap accessory. Designed for the intelligent, independent woman. The Obsidian Black colorway with Burnt Terracotta accents creates a sophisticated palette. Pure architectural elegance elegance.</p>",Twessie,Halter Strap Accessory,"high-end swimwear, independent fashion, architectural swimsuit, minimalist halter strap accessory, minimalist luxury",TRUE,Color,Obsidian Black,Size,XXL,TWESSIE_JP_HA_0202-Obsidian Black-XXL,168.0,,10
twessie-jp-ha-0202,Minimalist Halter Extension - Obsidian Black,"<p>Econyl Sleek Satin construction meets architectural precision in this halter strap accessory. Designed for the intelligent, independent woman. The Obsidian Black colorway with Burnt Terracotta accents creates a sophisticated palette. Pure architectural elegance elegance.</p>",Twessie,Halter Strap Accessory,"high-end swimwear, independent fashion, architectural swimsuit, minimalist halter strap accessory, minimalist luxury",TRUE,Color,Burnt Terracotta,Size,XS,TWESSIE_JP_HA_0202-Burnt Terracotta-XS,168.0,,10
twessie-jp-ha-0202,Minimalist Halter Extension - Obsidian Black,"<p>Econyl Sleek Satin construction meets architectural precision in this halter strap accessory. Designed for the intelligent, independent woman. The Obsidian Black colorway with Burnt Terracotta accents creates a sophisticated palette. Pure architectural elegance elegance.</p>",Twessie,Halter Strap Accessory,"high-end swimwear, independent fashion, architectural swimsuit, minimalist halter strap accessory, minimalist luxury",TRUE,Color,Burnt Terracotta,Size,S,TWESSIE_JP_HA_0202-Burnt Terracotta-S,168.0,,10
twessie-jp-ha-0202,Minimalist Halter Extension - Obsidian Black,"<p>Econyl Sleek Satin construction meets architectural precision in this halter strap accessory. Designed for the intelligent, independent woman. The Obsidian Black colorway with Burnt Terracotta accents creates a sophisticated palette. Pure architectural elegance elegance.</p>",Twessie,Halter Strap Accessory,"high-end swimwear, independent fashion, architectural swimsuit, minimalist halter strap accessory, minimalist luxury",TRUE,Color,Burnt Terracotta,Size,M,TWESSIE_JP_HA_0202-Burnt Terracotta-M,168.0,,10
twessie-jp-ha-0202,Minimalist Halter Extension - Obsidian Black,"<p>Econyl Sleek Satin construction meets architectural precision in this halter strap accessory. Designed for the intelligent, independent woman. The Obsidian Black colorway with Burnt Terracotta accents creates a sophisticated palette. Pure architectural elegance elegance.</p>",Twessie,Halter Strap Accessory,"high-end swimwear, independent fashion, architectural swimsuit, minimalist halter strap accessory, minimalist luxury",TRUE,Color,Burnt Terracotta,Size,L,TWESSIE_JP_HA_0202-Burnt Terracotta-L,168.0,,10
twessie-jp-ha-0202,Minimalist Halter Extension - Obsidian Black,"<p>Econyl Sleek Satin construction meets architectural precision in this halter strap accessory. Designed for the intelligent, independent woman. The Obsidian Black colorway with Burnt Terracotta accents creates a sophisticated palette. Pure architectural elegance elegance.</p>",Twessie,Halter Strap Accessory,"high-end swimwear, independent fashion, architectural swimsuit, minimalist halter strap accessory, minimalist luxury",TRUE,Color,Burnt Terracotta,Size,XL,TWESSIE_JP_HA_0202-Burnt Terracotta-XL,168.0,,10
twessie-jp-ha-0202,Minimalist Halter Extension - Obsidian Black,"<p>Econyl Sleek Satin construction meets architectural precision in this halter strap accessory. Designed for the intelligent, independent woman. The Obsidian Black colorway with Burnt Terracotta accents creates a sophisticated palette. Pure architectural elegance elegance.</p>",Twessie,Halter Strap Accessory,"high-end swimwear, independent fashion, architectural swimsuit, minimalist halter strap accessory, minimalist luxury",TRUE,Color,Burnt Terracotta,Size,XXL,TWESSIE_JP_HA_0202-Burnt Terracotta-XXL,168.0,,10
twessie-sg-op-0203,High-Fashion Burnt Terracotta One-Piece Suit,<p>A statement piece in Matte Ribbed Knit. This one-piece combines rebellious yet refined design with impeccable craftsmanship. Available in Burnt Terracotta with Olive Drab detailing. Not loud. Not obvious. Unmistakably Twessie.</p>,Twessie,One-Piece,"minimalist luxury, independent fashion, luxury Burnt Terracotta swimwear, high-end swimwear, architectural swimsuit",TRUE,Color,Burnt Terracotta,Size,XS,TWESSIE_SG_OP_0203-Burnt Terracotta-XS,168.0,,10
twessie-sg-op-0203,High-Fashion Burnt Terracotta One-Piece Suit,<p>A statement piece in Matte Ribbed Knit. This one-piece combines rebellious yet refined design with impeccable craftsmanship. Available in Burnt Terracotta with Olive Drab detailing. Not loud. Not obvious. Unmistakably Twessie.</p>,Twessie,One-Piece,"minimalist luxury, independent fashion, luxury Burnt Terracotta swimwear, high-end swimwear, architectural swimsuit",TRUE,Color,Burnt Terracotta,Size,S,TWESSIE_SG_OP_0203-Burnt Terracotta-S,168.0,,10
twessie-sg-op-0203,High-Fashion Burnt Terracotta One-Piece Suit,<p>A statement piece in Matte Ribbed Knit. This one-piece combines rebellious yet refined design with impeccable craftsmanship. Available in Burnt Terracotta with Olive Drab detailing. Not loud. Not obvious. Unmistakably Twessie.</p>,Twessie,One-Piece,"minimalist luxury, independent fashion, luxury Burnt Terracotta swimwear, high-end swimwear, architectural swimsuit",TRUE,Color,Burnt Terracotta,Size,M,TWESSIE_SG_OP_0203-Burnt Terracotta-M,168.0,,10
twessie-sg-op-0203,High-Fashion Burnt Terracotta One-Piece Suit,<p>A statement piece in Matte Ribbed Knit. This one-piece combines rebellious yet refined design with impeccable craftsmanship. Available in Burnt Terracotta with Olive Drab detailing. Not loud. Not obvious. Unmistakably Twessie.</p>,Twessie,One-Piece,"minimalist luxury, independent fashion, luxury Burnt Terracotta swimwear, high-end swimwear, architectural swimsuit",TRUE,Color,Burnt Terracotta,Size,L,TWESSIE_SG_OP_0203-Burnt Terracotta-L,168.0,,10
twessie-sg-op-0203,High-Fashion Burnt Terracotta One-Piece Suit,<p>A statement piece in Matte Ribbed Knit. This one-piece combines rebellious yet refined design with impeccable craftsmanship. Available in Burnt Terracotta with Olive Drab detailing. Not loud. Not obvious. Unmistakably Twessie.</p>,Twessie,One-Piece,"minimalist luxury, independent fashion, luxury Burnt Terracotta swimwear, high-end swimwear, architectural swimsuit",TRUE,Color,Burnt Terracotta,Size,XL,TWESSIE_SG_OP_0203-Burnt Terracotta-XL,168.0,,10
twessie-sg-op-0203,High-Fashion Burnt Terracotta One-Piece Suit,<p>A statement piece in Matte Ribbed Knit. This one-piece combines rebellious yet refined design with impeccable craftsmanship. Available in Burnt Terracotta with Olive Drab detailing. Not loud. Not obvious. Unmistakably Twessie.</p>,Twessie,One-Piece,"minimalist luxury, independent fashion, luxury Burnt Terracotta swimwear, high-end swimwear, architectural swimsuit",TRUE,Color,Burnt Terracotta,Size,XXL,TWESSIE_SG_OP_0203-Burnt Terracotta-XXL,168.0,,10
twessie-sg-op-0203,High-Fashion Burnt Terracotta One-Piece Suit,<p>A statement piece in Matte Ribbed Knit. This one-piece combines rebellious yet refined design with impeccable craftsmanship. Available in Burnt Terracotta with Olive Drab detailing. Not loud. Not obvious. Unmistakably Twessie.</p>,Twessie,One-Piece,"minimalist luxury, independent fashion, luxury Burnt Terracotta swimwear, high-end swimwear, architectural swimsuit",TRUE,Color,Olive Drab,Size,XS,TWESSIE_SG_OP_0203-Olive Drab-XS,168.0,,10
twessie-sg-op-0203,High-Fashion Burnt Terracotta One-Piece Suit,<p>A statement piece in Matte Ribbed Knit. This one-piece combines rebellious yet refined design with impeccable craftsmanship. Available in Burnt Terracotta with Olive Drab detailing. Not loud. Not obvious. Unmistakably Twessie.</p>,Twessie,One-Piece,"minimalist luxury, independent fashion, luxury Burnt Terracotta swimwear, high-end swimwear, architectural swimsuit",TRUE,Color,Olive Drab,Size,S,TWESSIE_SG_OP_0203-Olive Drab-S,168.0,,10
twessie-sg-op-0203,High-Fashion Burnt Terracotta One-Piece Suit,<p>A statement piece in Matte Ribbed Knit. This one-piece combines rebellious yet refined design with impeccable craftsmanship. Available in Burnt Terracotta with Olive Drab detailing. Not loud. Not obvious. Unmistakably Twessie.</p>,Twessie,One-Piece,"minimalist luxury, independent fashion, luxury Burnt Terracotta swimwear, high-end swimwear, architectural swimsuit",TRUE,Color,Olive Drab,Size,M,TWESSIE_SG_OP_0203-Olive Drab-M,168.0,,10
twessie-sg-op-0203,High-Fashion Burnt Terracotta One-Piece Suit,<p>A statement piece in Matte Ribbed Knit. This one-piece combines rebellious yet refined design with impeccable craftsmanship. Available in Burnt Terracotta with Olive Drab detailing. Not loud. Not obvious. Unmistakably Twessie.</p>,Twessie,One-Piece,"minimalist luxury, independent fashion, luxury Burnt Terracotta swimwear, high-end swimwear, architectural swimsuit",TRUE,Color,Olive Drab,Size,L,TWESSIE_SG_OP_0203-Olive Drab-L,168.0,,10
twessie-sg-op-0203,High-Fashion Burnt Terracotta One-Piece Suit,<p>A statement piece in Matte Ribbed Knit. This one-piece combines rebellious yet refined design with impeccable craftsmanship. Available in Burnt Terracotta with Olive Drab detailing. Not loud. Not obvious. Unmistakably Twessie.</p>,Twessie,One-Piece,"minimalist luxury, independent fashion, luxury Burnt Terracotta swimwear, high-end swimwear, architectural swimsuit",TRUE,Color,Olive Drab,Size,XL,TWESSIE_SG_OP_0203-Olive Drab-XL,168.0,,10
twessie-sg-op-0203,High-Fashion Burnt Terracotta One-Piece Suit,<p>A statement piece in Matte Ribbed Knit. This one-piece combines rebellious yet refined design with impeccable craftsmanship. Available in Burnt Terracotta with Olive Drab detailing. Not loud. Not obvious. Unmistakably Twessie.</p>,Twessie,One-Piece,"minimalist luxury, independent fashion, luxury Burnt Terracotta swimwear, high-end swimwear, architectural swimsuit",TRUE,Color,Olive Drab,Size,XXL,TWESSIE_SG_OP_0203-Olive Drab-XXL,168.0,,10
twessie-sg-bt-0204,Burnt Terracotta Sculptural Matte Ribbed Knit Bikini Top,<p>Crafted in premium Matte Ribbed Knit with Econyl Sleek Satin accents. This bikini top epitomizes architectural elegance luxury. Featuring color-blocking in Burnt Terracotta and Olive Drab. Perfect for the discerning swimmer who refuses the obvious.</p>,Twessie,Bikini Top,"minimalist luxury, architectural swimsuit, high-end swimwear, independent fashion, minimalist bikini top",TRUE,Color,Burnt Terracotta,Size,XS,TWESSIE_SG_BT_0204-Burnt Terracotta-XS,168.0,,10
twessie-sg-bt-0204,Burnt Terracotta Sculptural Matte Ribbed Knit Bikini Top,<p>Crafted in premium Matte Ribbed Knit with Econyl Sleek Satin accents. This bikini top epitomizes architectural elegance luxury. Featuring color-blocking in Burnt Terracotta and Olive Drab. Perfect for the discerning swimmer who refuses the obvious.</p>,Twessie,Bikini Top,"minimalist luxury, architectural swimsuit, high-end swimwear, independent fashion, minimalist bikini top",TRUE,Color,Burnt Terracotta,Size,S,TWESSIE_SG_BT_0204-Burnt Terracotta-S,168.0,,10
twessie-sg-bt-0204,Burnt Terracotta Sculptural Matte Ribbed Knit Bikini Top,<p>Crafted in premium Matte Ribbed Knit with Econyl Sleek Satin accents. This bikini top epitomizes architectural elegance luxury. Featuring color-blocking in Burnt Terracotta and Olive Drab. Perfect for the discerning swimmer who refuses the obvious.</p>,Twessie,Bikini Top,"minimalist luxury, architectural swimsuit, high-end swimwear, independent fashion, minimalist bikini top",TRUE,Color,Burnt Terracotta,Size,M,TWESSIE_SG_BT_0204-Burnt Terracotta-M,168.0,,10
twessie-sg-bt-0204,Burnt Terracotta Sculptural Matte Ribbed Knit Bikini Top,<p>Crafted in premium Matte Ribbed Knit with Econyl Sleek Satin accents. This bikini top epitomizes architectural elegance luxury. Featuring color-blocking in Burnt Terracotta and Olive Drab. Perfect for the discerning swimmer who refuses the obvious.</p>,Twessie,Bikini Top,"minimalist luxury, architectural swimsuit, high-end swimwear, independent fashion, minimalist bikini top",TRUE,Color,Burnt Terracotta,Size,L,TWESSIE_SG_BT_0204-Burnt Terracotta-L,168.0,,10
twessie-sg-bt-0204,Burnt Terracotta Sculptural Matte Ribbed Knit Bikini Top,<p>Crafted in premium Matte Ribbed Knit with Econyl Sleek Satin accents. This bikini top epitomizes architectural elegance luxury. Featuring color-blocking in Burnt Terracotta and Olive Drab. Perfect for the discerning swimmer who refuses the obvious.</p>,Twessie,Bikini Top,"minimalist luxury, architectural swimsuit, high-end swimwear, independent fashion, minimalist bikini top",TRUE,Color,Burnt Terracotta,Size,XL,TWESSIE_SG_BT_0204-Burnt Terracotta-XL,168.0,,10
twessie-sg-bt-0204,Burnt Terracotta Sculptural Matte Ribbed Knit Bikini Top,<p>Crafted in premium Matte Ribbed Knit with Econyl Sleek Satin accents. This bikini top epitomizes architectural elegance luxury. Featuring color-blocking in Burnt Terracotta and Olive Drab. Perfect for the discerning swimmer who refuses the obvious.</p>,Twessie,Bikini Top,"minimalist luxury, architectural swimsuit, high-end swimwear, independent fashion, minimalist bikini top",TRUE,Color,Burnt Terracotta,Size,XXL,TWESSIE_SG_BT_0204-Burnt Terracotta-XXL,168.0,,10
twessie-sg-bt-0204,Burnt Terracotta Sculptural Matte Ribbed Knit Bikini Top,<p>Crafted in premium Matte Ribbed Knit with Econyl Sleek Satin accents. This bikini top epitomizes architectural elegance luxury. Featuring color-blocking in Burnt Terracotta and Olive Drab. Perfect for the discerning swimmer who refuses the obvious.</p>,Twessie,Bikini Top,"minimalist luxury, architectural swimsuit, high-end swimwear, independent fashion, minimalist bikini top",TRUE,Color,Olive Drab,Size,XS,TWESSIE_SG_BT_0204-Olive Drab-XS,168.0,,10
twessie-sg-bt-0204,Burnt Terracotta Sculptural Matte Ribbed Knit Bikini Top,<p>Crafted in premium Matte Ribbed Knit with Econyl Sleek Satin accents. This bikini top epitomizes architectural elegance luxury. Featuring color-blocking in Burnt Terracotta and Olive Drab. Perfect for the discerning swimmer who refuses the obvious.</p>,Twessie,Bikini Top,"minimalist luxury, architectural swimsuit, high-end swimwear, independent fashion, minimalist bikini top",TRUE,Color,Olive Drab,Size,S,TWESSIE_SG_BT_0204-Olive Drab-S,168.0,,10
twessie-sg-bt-0204,Burnt Terracotta Sculptural Matte Ribbed Knit Bikini Top,<p>Crafted in premium Matte Ribbed Knit with Econyl Sleek Satin accents. This bikini top epitomizes architectural elegance luxury. Featuring color-blocking in Burnt Terracotta and Olive Drab. Perfect for the discerning swimmer who refuses the obvious.</p>,Twessie,Bikini Top,"minimalist luxury, architectural swimsuit, high-end swimwear, independent fashion, minimalist bikini top",TRUE,Color,Olive Drab,Size,M,TWESSIE_SG_BT_0204-Olive Drab-M,168.0,,10
twessie-sg-bt-0204,Burnt Terracotta Sculptural Matte Ribbed Knit Bikini Top,<p>Crafted in premium Matte Ribbed Knit with Econyl Sleek Satin accents. This bikini top epitomizes architectural elegance luxury. Featuring color-blocking in Burnt Terracotta and Olive Drab. Perfect for the discerning swimmer who refuses the obvious.</p>,Twessie,Bikini Top,"minimalist luxury, architectural swimsuit, high-end swimwear, independent fashion, minimalist bikini top",TRUE,Color,Olive Drab,Size,L,TWESSIE_SG_BT_0204-Olive Drab-L,168.0,,10
twessie-sg-bt-0204,Burnt Terracotta Sculptural Matte Ribbed Knit Bikini Top,<p>Crafted in premium Matte Ribbed Knit with Econyl Sleek Satin accents. This bikini top epitomizes architectural elegance luxury. Featuring color-blocking in Burnt Terracotta and Olive Drab. Perfect for the discerning swimmer who refuses the obvious.</p>,Twessie,Bikini Top,"minimalist luxury, architectural swimsuit, high-end swimwear, independent fashion, minimalist bikini top",TRUE,Color,Olive Drab,Size,XL,TWESSIE_SG_BT_0204-Olive Drab-XL,168.0,,10
twessie-sg-bt-0204,Burnt Terracotta Sculptural Matte Ribbed Knit Bikini Top,<p>Crafted in premium Matte Ribbed Knit with Econyl Sleek Satin accents. This bikini top epitomizes architectural elegance luxury. Featuring color-blocking in Burnt Terracotta and Olive Drab. Perfect for the discerning swimmer who refuses the obvious.</p>,Twessie,Bikini Top,"minimalist luxury, architectural swimsuit, high-end swimwear, independent fashion, minimalist bikini top",TRUE,Color,Olive Drab,Size,XXL,TWESSIE_SG_BT_0204-Olive Drab-XXL,168.0,,10
twessie-sg-bb-0205,Obsidian Black Minimalist Econyl Sleek Satin Bikini Bottom,<p>Crafted in premium Econyl Sleek Satin with Matte Ribbed Knit accents. This bikini bottom epitomizes architectural elegance luxury. Featuring color-blocking in Obsidian Black and Olive Drab. Perfect for the discerning swimmer who refuses the obvious.</p>,Twessie,Bikini Bottom,"Econyl Sleek Satin bikini, minimalist luxury, high-end swimwear, minimalist bikini bottom, architectural swimsuit",TRUE,Color,Obsidian Black,Size,XS,TWESSIE_SG_BB_0205-Obsidian Black-XS,168.0,,10
twessie-sg-bb-0205,Obsidian Black Minimalist Econyl Sleek Satin Bikini Bottom,<p>Crafted in premium Econyl Sleek Satin with Matte Ribbed Knit accents. This bikini bottom epitomizes architectural elegance luxury. Featuring color-blocking in Obsidian Black and Olive Drab. Perfect for the discerning swimmer who refuses the obvious.</p>,Twessie,Bikini Bottom,"Econyl Sleek Satin bikini, minimalist luxury, high-end swimwear, minimalist bikini bottom, architectural swimsuit",TRUE,Color,Obsidian Black,Size,S,TWESSIE_SG_BB_0205-Obsidian Black-S,168.0,,10
twessie-sg-bb-0205,Obsidian Black Minimalist Econyl Sleek Satin Bikini Bottom,<p>Crafted in premium Econyl Sleek Satin with Matte Ribbed Knit accents. This bikini bottom epitomizes architectural elegance luxury. Featuring color-blocking in Obsidian Black and Olive Drab. Perfect for the discerning swimmer who refuses the obvious.</p>,Twessie,Bikini Bottom,"Econyl Sleek Satin bikini, minimalist luxury, high-end swimwear, minimalist bikini bottom, architectural swimsuit",TRUE,Color,Obsidian Black,Size,M,TWESSIE_SG_BB_0205-Obsidian Black-M,168.0,,10
twessie-sg-bb-0205,Obsidian Black Minimalist Econyl Sleek Satin Bikini Bottom,<p>Crafted in premium Econyl Sleek Satin with Matte Ribbed Knit accents. This bikini bottom epitomizes architectural elegance luxury. Featuring color-blocking in Obsidian Black and Olive Drab. Perfect for the discerning swimmer who refuses the obvious.</p>,Twessie,Bikini Bottom,"Econyl Sleek Satin bikini, minimalist luxury, high-end swimwear, minimalist bikini bottom, architectural swimsuit",TRUE,Color,Obsidian Black,Size,L,TWESSIE_SG_BB_0205-Obsidian Black-L,168.0,,10
twessie-sg-bb-0205,Obsidian Black Minimalist Econyl Sleek Satin Bikini Bottom,<p>Crafted in premium Econyl Sleek Satin with Matte Ribbed Knit accents. This bikini bottom epitomizes architectural elegance luxury. Featuring color-blocking in Obsidian Black and Olive Drab. Perfect for the discerning swimmer who refuses the obvious.</p>,Twessie,Bikini Bottom,"Econyl Sleek Satin bikini, minimalist luxury, high-end swimwear, minimalist bikini bottom, architectural swimsuit",TRUE,Color,Obsidian Black,Size,XL,TWESSIE_SG_BB_0205-Obsidian Black-XL,168.0,,10
twessie-sg-bb-0205,Obsidian Black Minimalist Econyl Sleek Satin Bikini Bottom,<p>Crafted in premium Econyl Sleek Satin with Matte Ribbed Knit accents. This bikini bottom epitomizes architectural elegance luxury. Featuring color-blocking in Obsidian Black and Olive Drab. Perfect for the discerning swimmer who refuses the obvious.</p>,Twessie,Bikini Bottom,"Econyl Sleek Satin bikini, minimalist luxury, high-end swimwear, minimalist bikini bottom, architectural swimsuit",TRUE,Color,Obsidian Black,Size,XXL,TWESSIE_SG_BB_0205-Obsidian Black-XXL,168.0,,10
twessie-sg-bb-0205,Obsidian Black Minimalist Econyl Sleek Satin Bikini Bottom,<p>Crafted in premium Econyl Sleek Satin with Matte Ribbed Knit accents. This bikini bottom epitomizes architectural elegance luxury. Featuring color-blocking in Obsidian Black and Olive Drab. Perfect for the discerning swimmer who refuses the obvious.</p>,Twessie,Bikini Bottom,"Econyl Sleek Satin bikini, minimalist luxury, high-end swimwear, minimalist bikini bottom, architectural swimsuit",TRUE,Color,Olive Drab,Size,XS,TWESSIE_SG_BB_0205-Olive Drab-XS,168.0,,10
twessie-sg-bb-0205,Obsidian Black Minimalist Econyl Sleek Satin Bikini Bottom,<p>Crafted in premium Econyl Sleek Satin with Matte Ribbed Knit accents. This bikini bottom epitomizes architectural elegance luxury. Featuring color-blocking in Obsidian Black and Olive Drab. Perfect for the discerning swimmer who refuses the obvious.</p>,Twessie,Bikini Bottom,"Econyl Sleek Satin bikini, minimalist luxury, high-end swimwear, minimalist bikini bottom, architectural swimsuit",TRUE,Color,Olive Drab,Size,S,TWESSIE_SG_BB_0205-Olive Drab-S,168.0,,10
twessie-sg-bb-0205,Obsidian Black Minimalist Econyl Sleek Satin Bikini Bottom,<p>Crafted in premium Econyl Sleek Satin with Matte Ribbed Knit accents. This bikini bottom epitomizes architectural elegance luxury. Featuring color-blocking in Obsidian Black and Olive Drab. Perfect for the discerning swimmer who refuses the obvious.</p>,Twessie,Bikini Bottom,"Econyl Sleek Satin bikini, minimalist luxury, high-end swimwear, minimalist bikini bottom, architectural swimsuit",TRUE,Color,Olive Drab,Size,M,TWESSIE_SG_BB_0205-Olive Drab-M,168.0,,10
twessie-sg-bb-0205,Obsidian Black Minimalist Econyl Sleek Satin Bikini Bottom,<p>Crafted in premium Econyl Sleek Satin with Matte Ribbed Knit accents. This bikini bottom epitomizes architectural elegance luxury. Featuring color-blocking in Obsidian Black and Olive Drab. Perfect for the discerning swimmer who refuses the obvious.</p>,Twessie,Bikini Bottom,"Econyl Sleek Satin bikini, minimalist luxury, high-end swimwear, minimalist bikini bottom, architectural swimsuit",TRUE,Color,Olive Drab,Size,L,TWESSIE_SG_BB_0205-Olive Drab-L,168.0,,10
twessie-sg-bb-0205,Obsidian Black Minimalist Econyl Sleek Satin Bikini Bottom,<p>Crafted in premium Econyl Sleek Satin with Matte Ribbed Knit accents. This bikini bottom epitomizes architectural elegance luxury. Featuring color-blocking in Obsidian Black and Olive Drab. Perfect for the discerning swimmer who refuses the obvious.</p>,Twessie,Bikini Bottom,"Econyl Sleek Satin bikini, minimalist luxury, high-end swimwear, minimalist bikini bottom, architectural swimsuit",TRUE,Color,Olive Drab,Size,XL,TWESSIE_SG_BB_0205-Olive Drab-XL,168.0,,10
twessie-sg-bb-0205,Obsidian Black Minimalist Econyl Sleek Satin Bikini Bottom,<p>Crafted in premium Econyl Sleek Satin with Matte Ribbed Knit accents. This bikini bottom epitomizes architectural elegance luxury. Featuring color-blocking in Obsidian Black and Olive Drab. Perfect for the discerning swimmer who refuses the obvious.</p>,Twessie,Bikini Bottom,"Econyl Sleek Satin bikini, minimalist luxury, high-end swimwear, minimalist bikini bottom, architectural swimsuit",TRUE,Color,Olive Drab,Size,XXL,TWESSIE_SG_BB_0205-Olive Drab-XXL,168.0,,10
twessie-jp-bb-0206,Structural Crinkled Seersucker Bikini Bottom,<p>Crafted in premium Crinkled Seersucker with Matte Ribbed Knit accents. This bikini bottom epitomizes rebellious yet refined luxury. Featuring color-blocking in Stone Gray and Chalk White. Perfect for the discerning swimmer who refuses the obvious.</p>,Twessie,Bikini Bottom,"independent fashion, high-end swimwear, minimalist bikini bottom, luxury Stone Gray swimwear, Crinkled Seersucker bikini",TRUE,Color,Stone Gray,Size,XS,TWESSIE_JP_BB_0206-Stone Gray-XS,168.0,,10
twessie-jp-bb-0206,Structural Crinkled Seersucker Bikini Bottom,<p>Crafted in premium Crinkled Seersucker with Matte Ribbed Knit accents. This bikini bottom epitomizes rebellious yet refined luxury. Featuring color-blocking in Stone Gray and Chalk White. Perfect for the discerning swimmer who refuses the obvious.</p>,Twessie,Bikini Bottom,"independent fashion, high-end swimwear, minimalist bikini bottom, luxury Stone Gray swimwear, Crinkled Seersucker bikini",TRUE,Color,Stone Gray,Size,S,TWESSIE_JP_BB_0206-Stone Gray-S,168.0,,10
twessie-jp-bb-0206,Structural Crinkled Seersucker Bikini Bottom,<p>Crafted in premium Crinkled Seersucker with Matte Ribbed Knit accents. This bikini bottom epitomizes rebellious yet refined luxury. Featuring color-blocking in Stone Gray and Chalk White. Perfect for the discerning swimmer who refuses the obvious.</p>,Twessie,Bikini Bottom,"independent fashion, high-end swimwear, minimalist bikini bottom, luxury Stone Gray swimwear, Crinkled Seersucker bikini",TRUE,Color,Stone Gray,Size,M,TWESSIE_JP_BB_0206-Stone Gray-M,168.0,,10
twessie-jp-bb-0206,Structural Crinkled Seersucker Bikini Bottom,<p>Crafted in premium Crinkled Seersucker with Matte Ribbed Knit accents. This bikini bottom epitomizes rebellious yet refined luxury. Featuring color-blocking in Stone Gray and Chalk White. Perfect for the discerning swimmer who refuses the obvious.</p>,Twessie,Bikini Bottom,"independent fashion, high-end swimwear, minimalist bikini bottom, luxury Stone Gray swimwear, Crinkled Seersucker bikini",TRUE,Color,Stone Gray,Size,L,TWESSIE_JP_BB_0206-Stone Gray-L,168.0,,10
twessie-jp-bb-0206,Structural Crinkled Seersucker Bikini Bottom,<p>Crafted in premium Crinkled Seersucker with Matte Ribbed Knit accents. This bikini bottom epitomizes rebellious yet refined luxury. Featuring color-blocking in Stone Gray and Chalk White. Perfect for the discerning swimmer who refuses the obvious.</p>,Twessie,Bikini Bottom,"independent fashion, high-end swimwear, minimalist bikini bottom, luxury Stone Gray swimwear, Crinkled Seersucker bikini",TRUE,Color,Stone Gray,Size,XL,TWESSIE_JP_BB_0206-Stone Gray-XL,168.0,,10
twessie-jp-bb-0206,Structural Crinkled Seersucker Bikini Bottom,<p>Crafted in premium Crinkled Seersucker with Matte Ribbed Knit accents. This bikini bottom epitomizes rebellious yet refined luxury. Featuring color-blocking in Stone Gray and Chalk White. Perfect for the discerning swimmer who refuses the obvious.</p>,Twessie,Bikini Bottom,"independent fashion, high-end swimwear, minimalist bikini bottom, luxury Stone Gray swimwear, Crinkled Seersucker bikini",TRUE,Color,Stone Gray,Size,XXL,TWESSIE_JP_BB_0206-Stone Gray-XXL,168.0,,10
twessie-jp-bb-0206,Structural Crinkled Seersucker Bikini Bottom,<p>Crafted in premium Crinkled Seersucker with Matte Ribbed Knit accents. This bikini bottom epitomizes rebellious yet refined luxury. Featuring color-blocking in Stone Gray and Chalk White. Perfect for the discerning swimmer who refuses the obvious.</p>,Twessie,Bikini Bottom,"independent fashion, high-end swimwear, minimalist bikini bottom, luxury Stone Gray swimwear, Crinkled Seersucker bikini",TRUE,Color,Chalk White,Size,XS,TWESSIE_JP_BB_0206-Chalk White-XS,168.0,,10
twessie-jp-bb-0206,Structural Crinkled Seersucker Bikini Bottom,<p>Crafted in premium Crinkled Seersucker with Matte Ribbed Knit accents. This bikini bottom epitomizes rebellious yet refined luxury. Featuring color-blocking in Stone Gray and Chalk White. Perfect for the discerning swimmer who refuses the obvious.</p>,Twessie,Bikini Bottom,"independent fashion, high-end swimwear, minimalist bikini bottom, luxury Stone Gray swimwear, Crinkled Seersucker bikini",TRUE,Color,Chalk White,Size,S,TWESSIE_JP_BB_0206-Chalk White-S,168.0,,10
twessie-jp-bb-0206,Structural Crinkled Seersucker Bikini Bottom,<p>Crafted in premium Crinkled Seersucker with Matte Ribbed Knit accents. This bikini bottom epitomizes rebellious yet refined luxury. Featuring color-blocking in Stone Gray and Chalk White. Perfect for the discerning swimmer who refuses the obvious.</p>,Twessie,Bikini Bottom,"independent fashion, high-end swimwear, minimalist bikini bottom, luxury Stone Gray swimwear, Crinkled Seersucker bikini",TRUE,Color,Chalk White,Size,M,TWESSIE_JP_BB_0206-Chalk White-M,168.0,,10
twessie-jp-bb-0206,Structural Crinkled Seersucker Bikini Bottom,<p>Crafted in premium Crinkled Seersucker with Matte Ribbed Knit accents. This bikini bottom epitomizes rebellious yet refined luxury. Featuring color-blocking in Stone Gray and Chalk White. Perfect for the discerning swimmer who refuses the obvious.</p>,Twessie,Bikini Bottom,"independent fashion, high-end swimwear, minimalist bikini bottom, luxury Stone Gray swimwear, Crinkled Seersucker bikini",TRUE,Color,Chalk White,Size,L,TWESSIE_JP_BB_0206-Chalk White-L,168.0,,10
twessie-jp-bb-0206,Structural Crinkled Seersucker Bikini Bottom,<p>Crafted in premium Crinkled Seersucker with Matte Ribbed Knit accents. This bikini bottom epitomizes rebellious yet refined luxury. Featuring color-blocking in Stone Gray and Chalk White. Perfect for the discerning swimmer who refuses the obvious.</p>,Twessie,Bikini Bottom,"independent fashion, high-end swimwear, minimalist bikini bottom, luxury Stone Gray swimwear, Crinkled Seersucker bikini",TRUE,Color,Chalk White,Size,XL,TWESSIE_JP_BB_0206-Chalk White-XL,168.0,,10
twessie-jp-bb-0206,Structural Crinkled Seersucker Bikini Bottom,<p>Crafted in premium Crinkled Seersucker with Matte Ribbed Knit accents. This bikini bottom epitomizes rebellious yet refined luxury. Featuring color-blocking in Stone Gray and Chalk White. Perfect for the discerning swimmer who refuses the obvious.</p>,Twessie,Bikini Bottom,"independent fashion, high-end swimwear, minimalist bikini bottom, luxury Stone Gray swimwear, Crinkled Seersucker bikini",TRUE,Color,Chalk White,Size,XXL,TWESSIE_JP_BB_0206-Chalk White-XXL,168.0,,10
twessie-jp-bb-0207,Structural Econyl Sleek Satin Bikini Bottom,"<p>Econyl Sleek Satin construction meets architectural precision in this bikini bottom. Designed for the intelligent, independent woman. The Obsidian Black colorway with Chalk White accents creates a sophisticated palette. Pure rebellious yet refined elegance.</p>",Twessie,Bikini Bottom,"luxury Obsidian Black swimwear, architectural swimsuit, independent fashion, minimalist bikini bottom, high-end swimwear",TRUE,Color,Obsidian Black,Size,XS,TWESSIE_JP_BB_0207-Obsidian Black-XS,168.0,,10
twessie-jp-bb-0207,Structural Econyl Sleek Satin Bikini Bottom,"<p>Econyl Sleek Satin construction meets architectural precision in this bikini bottom. Designed for the intelligent, independent woman. The Obsidian Black colorway with Chalk White accents creates a sophisticated palette. Pure rebellious yet refined elegance.</p>",Twessie,Bikini Bottom,"luxury Obsidian Black swimwear, architectural swimsuit, independent fashion, minimalist bikini bottom, high-end swimwear",TRUE,Color,Obsidian Black,Size,S,TWESSIE_JP_BB_0207-Obsidian Black-S,168.0,,10
twessie-jp-bb-0207,Structural Econyl Sleek Satin Bikini Bottom,"<p>Econyl Sleek Satin construction meets architectural precision in this bikini bottom. Designed for the intelligent, independent woman. The Obsidian Black colorway with Chalk White accents creates a sophisticated palette. Pure rebellious yet refined elegance.</p>",Twessie,Bikini Bottom,"luxury Obsidian Black swimwear, architectural swimsuit, independent fashion, minimalist bikini bottom, high-end swimwear",TRUE,Color,Obsidian Black,Size,M,TWESSIE_JP_BB_0207-Obsidian Black-M,168.0,,10
twessie-jp-bb-0207,Structural Econyl Sleek Satin Bikini Bottom,"<p>Econyl Sleek Satin construction meets architectural precision in this bikini bottom. Designed for the intelligent, independent woman. The Obsidian Black colorway with Chalk White accents creates a sophisticated palette. Pure rebellious yet refined elegance.</p>",Twessie,Bikini Bottom,"luxury Obsidian Black swimwear, architectural swimsuit, independent fashion, minimalist bikini bottom, high-end swimwear",TRUE,Color,Obsidian Black,Size,L,TWESSIE_JP_BB_0207-Obsidian Black-L,168.0,,10
twessie-jp-bb-0207,Structural Econyl Sleek Satin Bikini Bottom,"<p>Econyl Sleek Satin construction meets architectural precision in this bikini bottom. Designed for the intelligent, independent woman. The Obsidian Black colorway with Chalk White accents creates a sophisticated palette. Pure rebellious yet refined elegance.</p>",Twessie,Bikini Bottom,"luxury Obsidian Black swimwear, architectural swimsuit, independent fashion, minimalist bikini bottom, high-end swimwear",TRUE,Color,Obsidian Black,Size,XL,TWESSIE_JP_BB_0207-Obsidian Black-XL,168.0,,10
twessie-jp-bb-0207,Structural Econyl Sleek Satin Bikini Bottom,"<p>Econyl Sleek Satin construction meets architectural precision in this bikini bottom. Designed for the intelligent, independent woman. The Obsidian Black colorway with Chalk White accents creates a sophisticated palette. Pure rebellious yet refined elegance.</p>",Twessie,Bikini Bottom,"luxury Obsidian Black swimwear, architectural swimsuit, independent fashion, minimalist bikini bottom, high-end swimwear",TRUE,Color,Obsidian Black,Size,XXL,TWESSIE_JP_BB_0207-Obsidian Black-XXL,168.0,,10
twessie-jp-bb-0207,Structural Econyl Sleek Satin Bikini Bottom,"<p>Econyl Sleek Satin construction meets architectural precision in this bikini bottom. Designed for the intelligent, independent woman. The Obsidian Black colorway with Chalk White accents creates a sophisticated palette. Pure rebellious yet refined elegance.</p>",Twessie,Bikini Bottom,"luxury Obsidian Black swimwear, architectural swimsuit, independent fashion, minimalist bikini bottom, high-end swimwear",TRUE,Color,Chalk White,Size,XS,TWESSIE_JP_BB_0207-Chalk White-XS,168.0,,10
twessie-jp-bb-0207,Structural Econyl Sleek Satin Bikini Bottom,"<p>Econyl Sleek Satin construction meets architectural precision in this bikini bottom. Designed for the intelligent, independent woman. The Obsidian Black colorway with Chalk White accents creates a sophisticated palette. Pure rebellious yet refined elegance.</p>",Twessie,Bikini Bottom,"luxury Obsidian Black swimwear, architectural swimsuit, independent fashion, minimalist bikini bottom, high-end swimwear",TRUE,Color,Chalk White,Size,S,TWESSIE_JP_BB_0207-Chalk White-S,168.0,,10
twessie-jp-bb-0207,Structural Econyl Sleek Satin Bikini Bottom,"<p>Econyl Sleek Satin construction meets architectural precision in this bikini bottom. Designed for the intelligent, independent woman. The Obsidian Black colorway with Chalk White accents creates a sophisticated palette. Pure rebellious yet refined elegance.</p>",Twessie,Bikini Bottom,"luxury Obsidian Black swimwear, architectural swimsuit, independent fashion, minimalist bikini bottom, high-end swimwear",TRUE,Color,Chalk White,Size,M,TWESSIE_JP_BB_0207-Chalk White-M,168.0,,10
twessie-jp-bb-0207,Structural Econyl Sleek Satin Bikini Bottom,"<p>Econyl Sleek Satin construction meets architectural precision in this bikini bottom. Designed for the intelligent, independent woman. The Obsidian Black colorway with Chalk White accents creates a sophisticated palette. Pure rebellious yet refined elegance.</p>",Twessie,Bikini Bottom,"luxury Obsidian Black swimwear, architectural swimsuit, independent fashion, minimalist bikini bottom, high-end swimwear",TRUE,Color,Chalk White,Size,L,TWESSIE_JP_BB_0207-Chalk White-L,168.0,,10
twessie-jp-bb-0207,Structural Econyl Sleek Satin Bikini Bottom,"<p>Econyl Sleek Satin construction meets architectural precision in this bikini bottom. Designed for the intelligent, independent woman. The Obsidian Black colorway with Chalk White accents creates a sophisticated palette. Pure rebellious yet refined elegance.</p>",Twessie,Bikini Bottom,"luxury Obsidian Black swimwear, architectural swimsuit, independent fashion, minimalist bikini bottom, high-end swimwear",TRUE,Color,Chalk White,Size,XL,TWESSIE_JP_BB_0207-Chalk White-XL,168.0,,10
twessie-jp-bb-0207,Structural Econyl Sleek Satin Bikini Bottom,"<p>Econyl Sleek Satin construction meets architectural precision in this bikini bottom. Designed for the intelligent, independent woman. The Obsidian Black colorway with Chalk White accents creates a sophisticated palette. Pure rebellious yet refined elegance.</p>",Twessie,Bikini Bottom,"luxury Obsidian Black swimwear, architectural swimsuit, independent fashion, minimalist bikini bottom, high-end swimwear",TRUE,Color,Chalk White,Size,XXL,TWESSIE_JP_BB_0207-Chalk White-XXL,168.0,,10
twessie-sg-bt-0208,Econyl Sleek Satin High-Waist Bikini Top in Obsidian Black,"<p>Econyl Sleek Satin construction meets architectural precision in this bikini top. Designed for the intelligent, independent woman. The Obsidian Black colorway with Chalk White accents creates a sophisticated palette. Pure minimalist luxury elegance.</p>",Twessie,Bikini Top,"architectural swimsuit, independent fashion, Econyl Sleek Satin bikini, luxury Obsidian Black swimwear, minimalist luxury",TRUE,Color,Obsidian Black,Size,XS,TWESSIE_SG_BT_0208-Obsidian Black-XS,168.0,,10
twessie-sg-bt-0208,Econyl Sleek Satin High-Waist Bikini Top in Obsidian Black,"<p>Econyl Sleek Satin construction meets architectural precision in this bikini top. Designed for the intelligent, independent woman. The Obsidian Black colorway with Chalk White accents creates a sophisticated palette. Pure minimalist luxury elegance.</p>",Twessie,Bikini Top,"architectural swimsuit, independent fashion, Econyl Sleek Satin bikini, luxury Obsidian Black swimwear, minimalist luxury",TRUE,Color,Obsidian Black,Size,S,TWESSIE_SG_BT_0208-Obsidian Black-S,168.0,,10
twessie-sg-bt-0208,Econyl Sleek Satin High-Waist Bikini Top in Obsidian Black,"<p>Econyl Sleek Satin construction meets architectural precision in this bikini top. Designed for the intelligent, independent woman. The Obsidian Black colorway with Chalk White accents creates a sophisticated palette. Pure minimalist luxury elegance.</p>",Twessie,Bikini Top,"architectural swimsuit, independent fashion, Econyl Sleek Satin bikini, luxury Obsidian Black swimwear, minimalist luxury",TRUE,Color,Obsidian Black,Size,M,TWESSIE_SG_BT_0208-Obsidian Black-M,168.0,,10
twessie-sg-bt-0208,Econyl Sleek Satin High-Waist Bikini Top in Obsidian Black,"<p>Econyl Sleek Satin construction meets architectural precision in this bikini top. Designed for the intelligent, independent woman. The Obsidian Black colorway with Chalk White accents creates a sophisticated palette. Pure minimalist luxury elegance.</p>",Twessie,Bikini Top,"architectural swimsuit, independent fashion, Econyl Sleek Satin bikini, luxury Obsidian Black swimwear, minimalist luxury",TRUE,Color,Obsidian Black,Size,L,TWESSIE_SG_BT_0208-Obsidian Black-L,168.0,,10
twessie-sg-bt-0208,Econyl Sleek Satin High-Waist Bikini Top in Obsidian Black,"<p>Econyl Sleek Satin construction meets architectural precision in this bikini top. Designed for the intelligent, independent woman. The Obsidian Black colorway with Chalk White accents creates a sophisticated palette. Pure minimalist luxury elegance.</p>",Twessie,Bikini Top,"architectural swimsuit, independent fashion, Econyl Sleek Satin bikini, luxury Obsidian Black swimwear, minimalist luxury",TRUE,Color,Obsidian Black,Size,XL,TWESSIE_SG_BT_0208-Obsidian Black-XL,168.0,,10
twessie-sg-bt-0208,Econyl Sleek Satin High-Waist Bikini Top in Obsidian Black,"<p>Econyl Sleek Satin construction meets architectural precision in this bikini top. Designed for the intelligent, independent woman. The Obsidian Black colorway with Chalk White accents creates a sophisticated palette. Pure minimalist luxury elegance.</p>",Twessie,Bikini Top,"architectural swimsuit, independent fashion, Econyl Sleek Satin bikini, luxury Obsidian Black swimwear, minimalist luxury",TRUE,Color,Obsidian Black,Size,XXL,TWESSIE_SG_BT_0208-Obsidian Black-XXL,168.0,,10
twessie-sg-bt-0208,Econyl Sleek Satin High-Waist Bikini Top in Obsidian Black,"<p>Econyl Sleek Satin construction meets architectural precision in this bikini top. Designed for the intelligent, independent woman. The Obsidian Black colorway with Chalk White accents creates a sophisticated palette. Pure minimalist luxury elegance.</p>",Twessie,Bikini Top,"architectural swimsuit, independent fashion, Econyl Sleek Satin bikini, luxury Obsidian Black swimwear, minimalist luxury",TRUE,Color,Chalk White,Size,XS,TWESSIE_SG_BT_0208-Chalk White-XS,168.0,,10
twessie-sg-bt-0208,Econyl Sleek Satin High-Waist Bikini Top in Obsidian Black,"<p>Econyl Sleek Satin construction meets architectural precision in this bikini top. Designed for the intelligent, independent woman. The Obsidian Black colorway with Chalk White accents creates a sophisticated palette. Pure minimalist luxury elegance.</p>",Twessie,Bikini Top,"architectural swimsuit, independent fashion, Econyl Sleek Satin bikini, luxury Obsidian Black swimwear, minimalist luxury",TRUE,Color,Chalk White,Size,S,TWESSIE_SG_BT_0208-Chalk White-S,168.0,,10
twessie-sg-bt-0208,Econyl Sleek Satin High-Waist Bikini Top in Obsidian Black,"<p>Econyl Sleek Satin construction meets architectural precision in this bikini top. Designed for the intelligent, independent woman. The Obsidian Black colorway with Chalk White accents creates a sophisticated palette. Pure minimalist luxury elegance.</p>",Twessie,Bikini Top,"architectural swimsuit, independent fashion, Econyl Sleek Satin bikini, luxury Obsidian Black swimwear, minimalist luxury",TRUE,Color,Chalk White,Size,M,TWESSIE_SG_BT_0208-Chalk White-M,168.0,,10
twessie-sg-bt-0208,Econyl Sleek Satin High-Waist Bikini Top in Obsidian Black,"<p>Econyl Sleek Satin construction meets architectural precision in this bikini top. Designed for the intelligent, independent woman. The Obsidian Black colorway with Chalk White accents creates a sophisticated palette. Pure minimalist luxury elegance.</p>",Twessie,Bikini Top,"architectural swimsuit, independent fashion, Econyl Sleek Satin bikini, luxury Obsidian Black swimwear, minimalist luxury",TRUE,Color,Chalk White,Size,L,TWESSIE_SG_BT_0208-Chalk White-L,168.0,,10
twessie-sg-bt-0208,Econyl Sleek Satin High-Waist Bikini Top in Obsidian Black,"<p>Econyl Sleek Satin construction meets architectural precision in this bikini top. Designed for the intelligent, independent woman. The Obsidian Black colorway with Chalk White accents creates a sophisticated palette. Pure minimalist luxury elegance.</p>",Twessie,Bikini Top,"architectural swimsuit, independent fashion, Econyl Sleek Satin bikini, luxury Obsidian Black swimwear, minimalist luxury",TRUE,Color,Chalk White,Size,XL,TWESSIE_SG_BT_0208-Chalk White-XL,168.0,,10
twessie-sg-bt-0208,Econyl Sleek Satin High-Waist Bikini Top in Obsidian Black,"<p>Econyl Sleek Satin construction meets architectural precision in this bikini top. Designed for the intelligent, independent woman. The Obsidian Black colorway with Chalk White accents creates a sophisticated palette. Pure minimalist luxury elegance.</p>",Twessie,Bikini Top,"architectural swimsuit, independent fashion, Econyl Sleek Satin bikini, luxury Obsidian Black swimwear, minimalist luxury",TRUE,Color,Chalk White,Size,XXL,TWESSIE_SG_BT_0208-Chalk White-XXL,168.0,,10
twessie-eu-bt-0209,Minimalist Obsidian Black Textured Bikini Top,<p>Crafted in premium Econyl Sleek Satin with Matte Ribbed Knit accents. This bikini top epitomizes anti-fashion statement luxury. Featuring color-blocking in Obsidian Black and Olive Drab. Perfect for the discerning swimmer who refuses the obvious.</p>,Twessie,Bikini Top,"high-end swimwear, independent fashion, minimalist bikini top, Econyl Sleek Satin bikini, architectural swimsuit",TRUE,Color,Obsidian Black,Size,XS,TWESSIE_EU_BT_0209-Obsidian Black-XS,168.0,,10
twessie-eu-bt-0209,Minimalist Obsidian Black Textured Bikini Top,<p>Crafted in premium Econyl Sleek Satin with Matte Ribbed Knit accents. This bikini top epitomizes anti-fashion statement luxury. Featuring color-blocking in Obsidian Black and Olive Drab. Perfect for the discerning swimmer who refuses the obvious.</p>,Twessie,Bikini Top,"high-end swimwear, independent fashion, minimalist bikini top, Econyl Sleek Satin bikini, architectural swimsuit",TRUE,Color,Obsidian Black,Size,S,TWESSIE_EU_BT_0209-Obsidian Black-S,168.0,,10
twessie-eu-bt-0209,Minimalist Obsidian Black Textured Bikini Top,<p>Crafted in premium Econyl Sleek Satin with Matte Ribbed Knit accents. This bikini top epitomizes anti-fashion statement luxury. Featuring color-blocking in Obsidian Black and Olive Drab. Perfect for the discerning swimmer who refuses the obvious.</p>,Twessie,Bikini Top,"high-end swimwear, independent fashion, minimalist bikini top, Econyl Sleek Satin bikini, architectural swimsuit",TRUE,Color,Obsidian Black,Size,M,TWESSIE_EU_BT_0209-Obsidian Black-M,168.0,,10
twessie-eu-bt-0209,Minimalist Obsidian Black Textured Bikini Top,<p>Crafted in premium Econyl Sleek Satin with Matte Ribbed Knit accents. This bikini top epitomizes anti-fashion statement luxury. Featuring color-blocking in Obsidian Black and Olive Drab. Perfect for the discerning swimmer who refuses the obvious.</p>,Twessie,Bikini Top,"high-end swimwear, independent fashion, minimalist bikini top, Econyl Sleek Satin bikini, architectural swimsuit",TRUE,Color,Obsidian Black,Size,L,TWESSIE_EU_BT_0209-Obsidian Black-L,168.0,,10
twessie-eu-bt-0209,Minimalist Obsidian Black Textured Bikini Top,<p>Crafted in premium Econyl Sleek Satin with Matte Ribbed Knit accents. This bikini top epitomizes anti-fashion statement luxury. Featuring color-blocking in Obsidian Black and Olive Drab. Perfect for the discerning swimmer who refuses the obvious.</p>,Twessie,Bikini Top,"high-end swimwear, independent fashion, minimalist bikini top, Econyl Sleek Satin bikini, architectural swimsuit",TRUE,Color,Obsidian Black,Size,XL,TWESSIE_EU_BT_0209-Obsidian Black-XL,168.0,,10
twessie-eu-bt-0209,Minimalist Obsidian Black Textured Bikini Top,<p>Crafted in premium Econyl Sleek Satin with Matte Ribbed Knit accents. This bikini top epitomizes anti-fashion statement luxury. Featuring color-blocking in Obsidian Black and Olive Drab. Perfect for the discerning swimmer who refuses the obvious.</p>,Twessie,Bikini Top,"high-end swimwear, independent fashion, minimalist bikini top, Econyl Sleek Satin bikini, architectural swimsuit",TRUE,Color,Obsidian Black,Size,XXL,TWESSIE_EU_BT_0209-Obsidian Black-XXL,168.0,,10
twessie-eu-bt-0209,Minimalist Obsidian Black Textured Bikini Top,<p>Crafted in premium Econyl Sleek Satin with Matte Ribbed Knit accents. This bikini top epitomizes anti-fashion statement luxury. Featuring color-blocking in Obsidian Black and Olive Drab. Perfect for the discerning swimmer who refuses the obvious.</p>,Twessie,Bikini Top,"high-end swimwear, independent fashion, minimalist bikini top, Econyl Sleek Satin bikini, architectural swimsuit",TRUE,Color,Olive Drab,Size,XS,TWESSIE_EU_BT_0209-Olive Drab-XS,168.0,,10
twessie-eu-bt-0209,Minimalist Obsidian Black Textured Bikini Top,<p>Crafted in premium Econyl Sleek Satin with Matte Ribbed Knit accents. This bikini top epitomizes anti-fashion statement luxury. Featuring color-blocking in Obsidian Black and Olive Drab. Perfect for the discerning swimmer who refuses the obvious.</p>,Twessie,Bikini Top,"high-end swimwear, independent fashion, minimalist bikini top, Econyl Sleek Satin bikini, architectural swimsuit",TRUE,Color,Olive Drab,Size,S,TWESSIE_EU_BT_0209-Olive Drab-S,168.0,,10
twessie-eu-bt-0209,Minimalist Obsidian Black Textured Bikini Top,<p>Crafted in premium Econyl Sleek Satin with Matte Ribbed Knit accents. This bikini top epitomizes anti-fashion statement luxury. Featuring color-blocking in Obsidian Black and Olive Drab. Perfect for the discerning swimmer who refuses the obvious.</p>,Twessie,Bikini Top,"high-end swimwear, independent fashion, minimalist bikini top, Econyl Sleek Satin bikini, architectural swimsuit",TRUE,Color,Olive Drab,Size,M,TWESSIE_EU_BT_0209-Olive Drab-M,168.0,,10
twessie-eu-bt-0209,Minimalist Obsidian Black Textured Bikini Top,<p>Crafted in premium Econyl Sleek Satin with Matte Ribbed Knit accents. This bikini top epitomizes anti-fashion statement luxury. Featuring color-blocking in Obsidian Black and Olive Drab. Perfect for the discerning swimmer who refuses the obvious.</p>,Twessie,Bikini Top,"high-end swimwear, independent fashion, minimalist bikini top, Econyl Sleek Satin bikini, architectural swimsuit",TRUE,Color,Olive Drab,Size,L,TWESSIE_EU_BT_0209-Olive Drab-L,168.0,,10
twessie-eu-bt-0209,Minimalist Obsidian Black Textured Bikini Top,<p>Crafted in premium Econyl Sleek Satin with Matte Ribbed Knit accents. This bikini top epitomizes anti-fashion statement luxury. Featuring color-blocking in Obsidian Black and Olive Drab. Perfect for the discerning swimmer who refuses the obvious.</p>,Twessie,Bikini Top,"high-end swimwear, independent fashion, minimalist bikini top, Econyl Sleek Satin bikini, architectural swimsuit",TRUE,Color,Olive Drab,Size,XL,TWESSIE_EU_BT_0209-Olive Drab-XL,168.0,,10
twessie-eu-bt-0209,Minimalist Obsidian Black Textured Bikini Top,<p>Crafted in premium Econyl Sleek Satin with Matte Ribbed Knit accents. This bikini top epitomizes anti-fashion statement luxury. Featuring color-blocking in Obsidian Black and Olive Drab. Perfect for the discerning swimmer who refuses the obvious.</p>,Twessie,Bikini Top,"high-end swimwear, independent fashion, minimalist bikini top, Econyl Sleek Satin bikini, architectural swimsuit",TRUE,Color,Olive Drab,Size,XXL,TWESSIE_EU_BT_0209-Olive Drab-XXL,168.0,,10
twessie-sg-bb-0210,High-Cut Stone Gray Bikini Brief,<p>Crafted in premium Crinkled Seersucker with Econyl Sleek Satin accents. This bikini bottom epitomizes intelligent aesthetic luxury. Featuring color-blocking in Stone Gray and Chalk White. Perfect for the discerning swimmer who refuses the obvious.</p>,Twessie,Bikini Bottom,"luxury Stone Gray swimwear, independent fashion, minimalist bikini bottom, minimalist luxury, architectural swimsuit",TRUE,Color,Stone Gray,Size,XS,TWESSIE_SG_BB_0210-Stone Gray-XS,168.0,,10
twessie-sg-bb-0210,High-Cut Stone Gray Bikini Brief,<p>Crafted in premium Crinkled Seersucker with Econyl Sleek Satin accents. This bikini bottom epitomizes intelligent aesthetic luxury. Featuring color-blocking in Stone Gray and Chalk White. Perfect for the discerning swimmer who refuses the obvious.</p>,Twessie,Bikini Bottom,"luxury Stone Gray swimwear, independent fashion, minimalist bikini bottom, minimalist luxury, architectural swimsuit",TRUE,Color,Stone Gray,Size,S,TWESSIE_SG_BB_0210-Stone Gray-S,168.0,,10
twessie-sg-bb-0210,High-Cut Stone Gray Bikini Brief,<p>Crafted in premium Crinkled Seersucker with Econyl Sleek Satin accents. This bikini bottom epitomizes intelligent aesthetic luxury. Featuring color-blocking in Stone Gray and Chalk White. Perfect for the discerning swimmer who refuses the obvious.</p>,Twessie,Bikini Bottom,"luxury Stone Gray swimwear, independent fashion, minimalist bikini bottom, minimalist luxury, architectural swimsuit",TRUE,Color,Stone Gray,Size,M,TWESSIE_SG_BB_0210-Stone Gray-M,168.0,,10
twessie-sg-bb-0210,High-Cut Stone Gray Bikini Brief,<p>Crafted in premium Crinkled Seersucker with Econyl Sleek Satin accents. This bikini bottom epitomizes intelligent aesthetic luxury. Featuring color-blocking in Stone Gray and Chalk White. Perfect for the discerning swimmer who refuses the obvious.</p>,Twessie,Bikini Bottom,"luxury Stone Gray swimwear, independent fashion, minimalist bikini bottom, minimalist luxury, architectural swimsuit",TRUE,Color,Stone Gray,Size,L,TWESSIE_SG_BB_0210-Stone Gray-L,168.0,,10
twessie-sg-bb-0210,High-Cut Stone Gray Bikini Brief,<p>Crafted in premium Crinkled Seersucker with Econyl Sleek Satin accents. This bikini bottom epitomizes intelligent aesthetic luxury. Featuring color-blocking in Stone Gray and Chalk White. Perfect for the discerning swimmer who refuses the obvious.</p>,Twessie,Bikini Bottom,"luxury Stone Gray swimwear, independent fashion, minimalist bikini bottom, minimalist luxury, architectural swimsuit",TRUE,Color,Stone Gray,Size,XL,TWESSIE_SG_BB_0210-Stone Gray-XL,168.0,,10
twessie-sg-bb-0210,High-Cut Stone Gray Bikini Brief,<p>Crafted in premium Crinkled Seersucker with Econyl Sleek Satin accents. This bikini bottom epitomizes intelligent aesthetic luxury. Featuring color-blocking in Stone Gray and Chalk White. Perfect for the discerning swimmer who refuses the obvious.</p>,Twessie,Bikini Bottom,"luxury Stone Gray swimwear, independent fashion, minimalist bikini bottom, minimalist luxury, architectural swimsuit",TRUE,Color,Stone Gray,Size,XXL,TWESSIE_SG_BB_0210-Stone Gray-XXL,168.0,,10
twessie-sg-bb-0210,High-Cut Stone Gray Bikini Brief,<p>Crafted in premium Crinkled Seersucker with Econyl Sleek Satin accents. This bikini bottom epitomizes intelligent aesthetic luxury. Featuring color-blocking in Stone Gray and Chalk White. Perfect for the discerning swimmer who refuses the obvious.</p>,Twessie,Bikini Bottom,"luxury Stone Gray swimwear, independent fashion, minimalist bikini bottom, minimalist luxury, architectural swimsuit",TRUE,Color,Chalk White,Size,XS,TWESSIE_SG_BB_0210-Chalk White-XS,168.0,,10
twessie-sg-bb-0210,High-Cut Stone Gray Bikini Brief,<p>Crafted in premium Crinkled Seersucker with Econyl Sleek Satin accents. This bikini bottom epitomizes intelligent aesthetic luxury. Featuring color-blocking in Stone Gray and Chalk White. Perfect for the discerning swimmer who refuses the obvious.</p>,Twessie,Bikini Bottom,"luxury Stone Gray swimwear, independent fashion, minimalist bikini bottom, minimalist luxury, architectural swimsuit",TRUE,Color,Chalk White,Size,S,TWESSIE_SG_BB_0210-Chalk White-S,168.0,,10
twessie-sg-bb-0210,High-Cut Stone Gray Bikini Brief,<p>Crafted in premium Crinkled Seersucker with Econyl Sleek Satin accents. This bikini bottom epitomizes intelligent aesthetic luxury. Featuring color-blocking in Stone Gray and Chalk White. Perfect for the discerning swimmer who refuses the obvious.</p>,Twessie,Bikini Bottom,"luxury Stone Gray swimwear, independent fashion, minimalist bikini bottom, minimalist luxury, architectural swimsuit",TRUE,Color,Chalk White,Size,M,TWESSIE_SG_BB_0210-Chalk White-M,168.0,,10
twessie-sg-bb-0210,High-Cut Stone Gray Bikini Brief,<p>Crafted in premium Crinkled Seersucker with Econyl Sleek Satin accents. This bikini bottom epitomizes intelligent aesthetic luxury. Featuring color-blocking in Stone Gray and Chalk White. Perfect for the discerning swimmer who refuses the obvious.</p>,Twessie,Bikini Bottom,"luxury Stone Gray swimwear, independent fashion, minimalist bikini bottom, minimalist luxury, architectural swimsuit",TRUE,Color,Chalk White,Size,L,TWESSIE_SG_BB_0210-Chalk White-L,168.0,,10
twessie-sg-bb-0210,High-Cut Stone Gray Bikini Brief,<p>Crafted in premium Crinkled Seersucker with Econyl Sleek Satin accents. This bikini bottom epitomizes intelligent aesthetic luxury. Featuring color-blocking in Stone Gray and Chalk White. Perfect for the discerning swimmer who refuses the obvious.</p>,Twessie,Bikini Bottom,"luxury Stone Gray swimwear, independent fashion, minimalist bikini bottom, minimalist luxury, architectural swimsuit",TRUE,Color,Chalk White,Size,XL,TWESSIE_SG_BB_0210-Chalk White-XL,168.0,,10
twessie-sg-bb-0210,High-Cut Stone Gray Bikini Brief,<p>Crafted in premium Crinkled Seersucker with Econyl Sleek Satin accents. This bikini bottom epitomizes intelligent aesthetic luxury. Featuring color-blocking in Stone Gray and Chalk White. Perfect for the discerning swimmer who refuses the obvious.</p>,Twessie,Bikini Bottom,"luxury Stone Gray swimwear, independent fashion, minimalist bikini bottom, minimalist luxury, architectural swimsuit",TRUE,Color,Chalk White,Size,XXL,TWESSIE_SG_BB_0210-Chalk White-XXL,168.0,,10
twessie-na-bt-0301,Minimalist Obsidian Black Textured Bikini Top,<p>Crafted in premium Econyl Sleek Satin with Matte Ribbed Knit accents. This bikini top epitomizes rebellious yet refined luxury. Featuring color-blocking in Obsidian Black and Burnt Terracotta. Perfect for the discerning swimmer who refuses the obvious.</p>,Twessie,Bikini Top,"architectural swimsuit, luxury Obsidian Black swimwear, minimalist luxury, minimalist bikini top, high-end swimwear",TRUE,Color,Obsidian Black,Size,XS,TWESSIE_NA_BT_0301-Obsidian Black-XS,168.0,,10
twessie-na-bt-0301,Minimalist Obsidian Black Textured Bikini Top,<p>Crafted in premium Econyl Sleek Satin with Matte Ribbed Knit accents. This bikini top epitomizes rebellious yet refined luxury. Featuring color-blocking in Obsidian Black and Burnt Terracotta. Perfect for the discerning swimmer who refuses the obvious.</p>,Twessie,Bikini Top,"architectural swimsuit, luxury Obsidian Black swimwear, minimalist luxury, minimalist bikini top, high-end swimwear",TRUE,Color,Obsidian Black,Size,S,TWESSIE_NA_BT_0301-Obsidian Black-S,168.0,,10
twessie-na-bt-0301,Minimalist Obsidian Black Textured Bikini Top,<p>Crafted in premium Econyl Sleek Satin with Matte Ribbed Knit accents. This bikini top epitomizes rebellious yet refined luxury. Featuring color-blocking in Obsidian Black and Burnt Terracotta. Perfect for the discerning swimmer who refuses the obvious.</p>,Twessie,Bikini Top,"architectural swimsuit, luxury Obsidian Black swimwear, minimalist luxury, minimalist bikini top, high-end swimwear",TRUE,Color,Obsidian Black,Size,M,TWESSIE_NA_BT_0301-Obsidian Black-M,168.0,,10
twessie-na-bt-0301,Minimalist Obsidian Black Textured Bikini Top,<p>Crafted in premium Econyl Sleek Satin with Matte Ribbed Knit accents. This bikini top epitomizes rebellious yet refined luxury. Featuring color-blocking in Obsidian Black and Burnt Terracotta. Perfect for the discerning swimmer who refuses the obvious.</p>,Twessie,Bikini Top,"architectural swimsuit, luxury Obsidian Black swimwear, minimalist luxury, minimalist bikini top, high-end swimwear",TRUE,Color,Obsidian Black,Size,L,TWESSIE_NA_BT_0301-Obsidian Black-L,168.0,,10
twessie-na-bt-0301,Minimalist Obsidian Black Textured Bikini Top,<p>Crafted in premium Econyl Sleek Satin with Matte Ribbed Knit accents. This bikini top epitomizes rebellious yet refined luxury. Featuring color-blocking in Obsidian Black and Burnt Terracotta. Perfect for the discerning swimmer who refuses the obvious.</p>,Twessie,Bikini Top,"architectural swimsuit, luxury Obsidian Black swimwear, minimalist luxury, minimalist bikini top, high-end swimwear",TRUE,Color,Obsidian Black,Size,XL,TWESSIE_NA_BT_0301-Obsidian Black-XL,168.0,,10
twessie-na-bt-0301,Minimalist Obsidian Black Textured Bikini Top,<p>Crafted in premium Econyl Sleek Satin with Matte Ribbed Knit accents. This bikini top epitomizes rebellious yet refined luxury. Featuring color-blocking in Obsidian Black and Burnt Terracotta. Perfect for the discerning swimmer who refuses the obvious.</p>,Twessie,Bikini Top,"architectural swimsuit, luxury Obsidian Black swimwear, minimalist luxury, minimalist bikini top, high-end swimwear",TRUE,Color,Obsidian Black,Size,XXL,TWESSIE_NA_BT_0301-Obsidian Black-XXL,168.0,,10
twessie-na-bt-0301,Minimalist Obsidian Black Textured Bikini Top,<p>Crafted in premium Econyl Sleek Satin with Matte Ribbed Knit accents. This bikini top epitomizes rebellious yet refined luxury. Featuring color-blocking in Obsidian Black and Burnt Terracotta. Perfect for the discerning swimmer who refuses the obvious.</p>,Twessie,Bikini Top,"architectural swimsuit, luxury Obsidian Black swimwear, minimalist luxury, minimalist bikini top, high-end swimwear",TRUE,Color,Burnt Terracotta,Size,XS,TWESSIE_NA_BT_0301-Burnt Terracotta-XS,168.0,,10
twessie-na-bt-0301,Minimalist Obsidian Black Textured Bikini Top,<p>Crafted in premium Econyl Sleek Satin with Matte Ribbed Knit accents. This bikini top epitomizes rebellious yet refined luxury. Featuring color-blocking in Obsidian Black and Burnt Terracotta. Perfect for the discerning swimmer who refuses the obvious.</p>,Twessie,Bikini Top,"architectural swimsuit, luxury Obsidian Black swimwear, minimalist luxury, minimalist bikini top, high-end swimwear",TRUE,Color,Burnt Terracotta,Size,S,TWESSIE_NA_BT_0301-Burnt Terracotta-S,168.0,,10
twessie-na-bt-0301,Minimalist Obsidian Black Textured Bikini Top,<p>Crafted in premium Econyl Sleek Satin with Matte Ribbed Knit accents. This bikini top epitomizes rebellious yet refined luxury. Featuring color-blocking in Obsidian Black and Burnt Terracotta. Perfect for the discerning swimmer who refuses the obvious.</p>,Twessie,Bikini Top,"architectural swimsuit, luxury Obsidian Black swimwear, minimalist luxury, minimalist bikini top, high-end swimwear",TRUE,Color,Burnt Terracotta,Size,M,TWESSIE_NA_BT_0301-Burnt Terracotta-M,168.0,,10
twessie-na-bt-0301,Minimalist Obsidian Black Textured Bikini Top,<p>Crafted in premium Econyl Sleek Satin with Matte Ribbed Knit accents. This bikini top epitomizes rebellious yet refined luxury. Featuring color-blocking in Obsidian Black and Burnt Terracotta. Perfect for the discerning swimmer who refuses the obvious.</p>,Twessie,Bikini Top,"architectural swimsuit, luxury Obsidian Black swimwear, minimalist luxury, minimalist bikini top, high-end swimwear",TRUE,Color,Burnt Terracotta,Size,L,TWESSIE_NA_BT_0301-Burnt Terracotta-L,168.0,,10
twessie-na-bt-0301,Minimalist Obsidian Black Textured Bikini Top,<p>Crafted in premium Econyl Sleek Satin with Matte Ribbed Knit accents. This bikini top epitomizes rebellious yet refined luxury. Featuring color-blocking in Obsidian Black and Burnt Terracotta. Perfect for the discerning swimmer who refuses the obvious.</p>,Twessie,Bikini Top,"architectural swimsuit, luxury Obsidian Black swimwear, minimalist luxury, minimalist bikini top, high-end swimwear",TRUE,Color,Burnt Terracotta,Size,XL,TWESSIE_NA_BT_0301-Burnt Terracotta-XL,168.0,,10
twessie-na-bt-0301,Minimalist Obsidian Black Textured Bikini Top,<p>Crafted in premium Econyl Sleek Satin with Matte Ribbed Knit accents. This bikini top epitomizes rebellious yet refined luxury. Featuring color-blocking in Obsidian Black and Burnt Terracotta. Perfect for the discerning swimmer who refuses the obvious.</p>,Twessie,Bikini Top,"architectural swimsuit, luxury Obsidian Black swimwear, minimalist luxury, minimalist bikini top, high-end swimwear",TRUE,Color,Burnt Terracotta,Size,XXL,TWESSIE_NA_BT_0301-Burnt Terracotta-XXL,168.0,,10
twessie-jp-bt-0302,Stone Gray Sculptural Crinkled Seersucker Bikini Top,"<p>Crinkled Seersucker construction meets architectural precision in this bikini top. Designed for the intelligent, independent woman. The Stone Gray colorway with Chalk White accents creates a sophisticated palette. Pure anti-fashion statement elegance.</p>",Twessie,Bikini Top,"independent fashion, high-end swimwear, minimalist luxury, architectural swimsuit, minimalist bikini top",TRUE,Color,Stone Gray,Size,XS,TWESSIE_JP_BT_0302-Stone Gray-XS,168.0,,10
twessie-jp-bt-0302,Stone Gray Sculptural Crinkled Seersucker Bikini Top,"<p>Crinkled Seersucker construction meets architectural precision in this bikini top. Designed for the intelligent, independent woman. The Stone Gray colorway with Chalk White accents creates a sophisticated palette. Pure anti-fashion statement elegance.</p>",Twessie,Bikini Top,"independent fashion, high-end swimwear, minimalist luxury, architectural swimsuit, minimalist bikini top",TRUE,Color,Stone Gray,Size,S,TWESSIE_JP_BT_0302-Stone Gray-S,168.0,,10
twessie-jp-bt-0302,Stone Gray Sculptural Crinkled Seersucker Bikini Top,"<p>Crinkled Seersucker construction meets architectural precision in this bikini top. Designed for the intelligent, independent woman. The Stone Gray colorway with Chalk White accents creates a sophisticated palette. Pure anti-fashion statement elegance.</p>",Twessie,Bikini Top,"independent fashion, high-end swimwear, minimalist luxury, architectural swimsuit, minimalist bikini top",TRUE,Color,Stone Gray,Size,M,TWESSIE_JP_BT_0302-Stone Gray-M,168.0,,10
twessie-jp-bt-0302,Stone Gray Sculptural Crinkled Seersucker Bikini Top,"<p>Crinkled Seersucker construction meets architectural precision in this bikini top. Designed for the intelligent, independent woman. The Stone Gray colorway with Chalk White accents creates a sophisticated palette. Pure anti-fashion statement elegance.</p>",Twessie,Bikini Top,"independent fashion, high-end swimwear, minimalist luxury, architectural swimsuit, minimalist bikini top",TRUE,Color,Stone Gray,Size,L,TWESSIE_JP_BT_0302-Stone Gray-L,168.0,,10
twessie-jp-bt-0302,Stone Gray Sculptural Crinkled Seersucker Bikini Top,"<p>Crinkled Seersucker construction meets architectural precision in this bikini top. Designed for the intelligent, independent woman. The Stone Gray colorway with Chalk White accents creates a sophisticated palette. Pure anti-fashion statement elegance.</p>",Twessie,Bikini Top,"independent fashion, high-end swimwear, minimalist luxury, architectural swimsuit, minimalist bikini top",TRUE,Color,Stone Gray,Size,XL,TWESSIE_JP_BT_0302-Stone Gray-XL,168.0,,10
twessie-jp-bt-0302,Stone Gray Sculptural Crinkled Seersucker Bikini Top,"<p>Crinkled Seersucker construction meets architectural precision in this bikini top. Designed for the intelligent, independent woman. The Stone Gray colorway with Chalk White accents creates a sophisticated palette. Pure anti-fashion statement elegance.</p>",Twessie,Bikini Top,"independent fashion, high-end swimwear, minimalist luxury, architectural swimsuit, minimalist bikini top",TRUE,Color,Stone Gray,Size,XXL,TWESSIE_JP_BT_0302-Stone Gray-XXL,168.0,,10
twessie-jp-bt-0302,Stone Gray Sculptural Crinkled Seersucker Bikini Top,"<p>Crinkled Seersucker construction meets architectural precision in this bikini top. Designed for the intelligent, independent woman. The Stone Gray colorway with Chalk White accents creates a sophisticated palette. Pure anti-fashion statement elegance.</p>",Twessie,Bikini Top,"independent fashion, high-end swimwear, minimalist luxury, architectural swimsuit, minimalist bikini top",TRUE,Color,Chalk White,Size,XS,TWESSIE_JP_BT_0302-Chalk White-XS,168.0,,10
twessie-jp-bt-0302,Stone Gray Sculptural Crinkled Seersucker Bikini Top,"<p>Crinkled Seersucker construction meets architectural precision in this bikini top. Designed for the intelligent, independent woman. The Stone Gray colorway with Chalk White accents creates a sophisticated palette. Pure anti-fashion statement elegance.</p>",Twessie,Bikini Top,"independent fashion, high-end swimwear, minimalist luxury, architectural swimsuit, minimalist bikini top",TRUE,Color,Chalk White,Size,S,TWESSIE_JP_BT_0302-Chalk White-S,168.0,,10
twessie-jp-bt-0302,Stone Gray Sculptural Crinkled Seersucker Bikini Top,"<p>Crinkled Seersucker construction meets architectural precision in this bikini top. Designed for the intelligent, independent woman. The Stone Gray colorway with Chalk White accents creates a sophisticated palette. Pure anti-fashion statement elegance.</p>",Twessie,Bikini Top,"independent fashion, high-end swimwear, minimalist luxury, architectural swimsuit, minimalist bikini top",TRUE,Color,Chalk White,Size,M,TWESSIE_JP_BT_0302-Chalk White-M,168.0,,10
twessie-jp-bt-0302,Stone Gray Sculptural Crinkled Seersucker Bikini Top,"<p>Crinkled Seersucker construction meets architectural precision in this bikini top. Designed for the intelligent, independent woman. The Stone Gray colorway with Chalk White accents creates a sophisticated palette. Pure anti-fashion statement elegance.</p>",Twessie,Bikini Top,"independent fashion, high-end swimwear, minimalist luxury, architectural swimsuit, minimalist bikini top",TRUE,Color,Chalk White,Size,L,TWESSIE_JP_BT_0302-Chalk White-L,168.0,,10
twessie-jp-bt-0302,Stone Gray Sculptural Crinkled Seersucker Bikini Top,"<p>Crinkled Seersucker construction meets architectural precision in this bikini top. Designed for the intelligent, independent woman. The Stone Gray colorway with Chalk White accents creates a sophisticated palette. Pure anti-fashion statement elegance.</p>",Twessie,Bikini Top,"independent fashion, high-end swimwear, minimalist luxury, architectural swimsuit, minimalist bikini top",TRUE,Color,Chalk White,Size,XL,TWESSIE_JP_BT_0302-Chalk White-XL,168.0,,10
twessie-jp-bt-0302,Stone Gray Sculptural Crinkled Seersucker Bikini Top,"<p>Crinkled Seersucker construction meets architectural precision in this bikini top. Designed for the intelligent, independent woman. The Stone Gray colorway with Chalk White accents creates a sophisticated palette. Pure anti-fashion statement elegance.</p>",Twessie,Bikini Top,"independent fashion, high-end swimwear, minimalist luxury, architectural swimsuit, minimalist bikini top",TRUE,Color,Chalk White,Size,XXL,TWESSIE_JP_BT_0302-Chalk White-XXL,168.0,,10
twessie-eu-bb-0303,Structural Econyl Sleek Satin Bikini Bottom,<p>A statement piece in Econyl Sleek Satin. This bikini bottom combines minimalist luxury design with impeccable craftsmanship. Available in Obsidian Black with Chalk White detailing. Not loud. Not obvious. Unmistakably Twessie.</p>,Twessie,Bikini Bottom,"high-end swimwear, luxury Obsidian Black swimwear, minimalist luxury, minimalist bikini bottom, architectural swimsuit",TRUE,Color,Obsidian Black,Size,XS,TWESSIE_EU_BB_0303-Obsidian Black-XS,168.0,,10
twessie-eu-bb-0303,Structural Econyl Sleek Satin Bikini Bottom,<p>A statement piece in Econyl Sleek Satin. This bikini bottom combines minimalist luxury design with impeccable craftsmanship. Available in Obsidian Black with Chalk White detailing. Not loud. Not obvious. Unmistakably Twessie.</p>,Twessie,Bikini Bottom,"high-end swimwear, luxury Obsidian Black swimwear, minimalist luxury, minimalist bikini bottom, architectural swimsuit",TRUE,Color,Obsidian Black,Size,S,TWESSIE_EU_BB_0303-Obsidian Black-S,168.0,,10
twessie-eu-bb-0303,Structural Econyl Sleek Satin Bikini Bottom,<p>A statement piece in Econyl Sleek Satin. This bikini bottom combines minimalist luxury design with impeccable craftsmanship. Available in Obsidian Black with Chalk White detailing. Not loud. Not obvious. Unmistakably Twessie.</p>,Twessie,Bikini Bottom,"high-end swimwear, luxury Obsidian Black swimwear, minimalist luxury, minimalist bikini bottom, architectural swimsuit",TRUE,Color,Obsidian Black,Size,M,TWESSIE_EU_BB_0303-Obsidian Black-M,168.0,,10
twessie-eu-bb-0303,Structural Econyl Sleek Satin Bikini Bottom,<p>A statement piece in Econyl Sleek Satin. This bikini bottom combines minimalist luxury design with impeccable craftsmanship. Available in Obsidian Black with Chalk White detailing. Not loud. Not obvious. Unmistakably Twessie.</p>,Twessie,Bikini Bottom,"high-end swimwear, luxury Obsidian Black swimwear, minimalist luxury, minimalist bikini bottom, architectural swimsuit",TRUE,Color,Obsidian Black,Size,L,TWESSIE_EU_BB_0303-Obsidian Black-L,168.0,,10
twessie-eu-bb-0303,Structural Econyl Sleek Satin Bikini Bottom,<p>A statement piece in Econyl Sleek Satin. This bikini bottom combines minimalist luxury design with impeccable craftsmanship. Available in Obsidian Black with Chalk White detailing. Not loud. Not obvious. Unmistakably Twessie.</p>,Twessie,Bikini Bottom,"high-end swimwear, luxury Obsidian Black swimwear, minimalist luxury, minimalist bikini bottom, architectural swimsuit",TRUE,Color,Obsidian Black,Size,XL,TWESSIE_EU_BB_0303-Obsidian Black-XL,168.0,,10
twessie-eu-bb-0303,Structural Econyl Sleek Satin Bikini Bottom,<p>A statement piece in Econyl Sleek Satin. This bikini bottom combines minimalist luxury design with impeccable craftsmanship. Available in Obsidian Black with Chalk White detailing. Not loud. Not obvious. Unmistakably Twessie.</p>,Twessie,Bikini Bottom,"high-end swimwear, luxury Obsidian Black swimwear, minimalist luxury, minimalist bikini bottom, architectural swimsuit",TRUE,Color,Obsidian Black,Size,XXL,TWESSIE_EU_BB_0303-Obsidian Black-XXL,168.0,,10
twessie-eu-bb-0303,Structural Econyl Sleek Satin Bikini Bottom,<p>A statement piece in Econyl Sleek Satin. This bikini bottom combines minimalist luxury design with impeccable craftsmanship. Available in Obsidian Black with Chalk White detailing. Not loud. Not obvious. Unmistakably Twessie.</p>,Twessie,Bikini Bottom,"high-end swimwear, luxury Obsidian Black swimwear, minimalist luxury, minimalist bikini bottom, architectural swimsuit",TRUE,Color,Chalk White,Size,XS,TWESSIE_EU_BB_0303-Chalk White-XS,168.0,,10
twessie-eu-bb-0303,Structural Econyl Sleek Satin Bikini Bottom,<p>A statement piece in Econyl Sleek Satin. This bikini bottom combines minimalist luxury design with impeccable craftsmanship. Available in Obsidian Black with Chalk White detailing. Not loud. Not obvious. Unmistakably Twessie.</p>,Twessie,Bikini Bottom,"high-end swimwear, luxury Obsidian Black swimwear, minimalist luxury, minimalist bikini bottom, architectural swimsuit",TRUE,Color,Chalk White,Size,S,TWESSIE_EU_BB_0303-Chalk White-S,168.0,,10
twessie-eu-bb-0303,Structural Econyl Sleek Satin Bikini Bottom,<p>A statement piece in Econyl Sleek Satin. This bikini bottom combines minimalist luxury design with impeccable craftsmanship. Available in Obsidian Black with Chalk White detailing. Not loud. Not obvious. Unmistakably Twessie.</p>,Twessie,Bikini Bottom,"high-end swimwear, luxury Obsidian Black swimwear, minimalist luxury, minimalist bikini bottom, architectural swimsuit",TRUE,Color,Chalk White,Size,M,TWESSIE_EU_BB_0303-Chalk White-M,168.0,,10
twessie-eu-bb-0303,Structural Econyl Sleek Satin Bikini Bottom,<p>A statement piece in Econyl Sleek Satin. This bikini bottom combines minimalist luxury design with impeccable craftsmanship. Available in Obsidian Black with Chalk White detailing. Not loud. Not obvious. Unmistakably Twessie.</p>,Twessie,Bikini Bottom,"high-end swimwear, luxury Obsidian Black swimwear, minimalist luxury, minimalist bikini bottom, architectural swimsuit",TRUE,Color,Chalk White,Size,L,TWESSIE_EU_BB_0303-Chalk White-L,168.0,,10
twessie-eu-bb-0303,Structural Econyl Sleek Satin Bikini Bottom,<p>A statement piece in Econyl Sleek Satin. This bikini bottom combines minimalist luxury design with impeccable craftsmanship. Available in Obsidian Black with Chalk White detailing. Not loud. Not obvious. Unmistakably Twessie.</p>,Twessie,Bikini Bottom,"high-end swimwear, luxury Obsidian Black swimwear, minimalist luxury, minimalist bikini bottom, architectural swimsuit",TRUE,Color,Chalk White,Size,XL,TWESSIE_EU_BB_0303-Chalk White-XL,168.0,,10
twessie-eu-bb-0303,Structural Econyl Sleek Satin Bikini Bottom,<p>A statement piece in Econyl Sleek Satin. This bikini bottom combines minimalist luxury design with impeccable craftsmanship. Available in Obsidian Black with Chalk White detailing. Not loud. Not obvious. Unmistakably Twessie.</p>,Twessie,Bikini Bottom,"high-end swimwear, luxury Obsidian Black swimwear, minimalist luxury, minimalist bikini bottom, architectural swimsuit",TRUE,Color,Chalk White,Size,XXL,TWESSIE_EU_BB_0303-Chalk White-XXL,168.0,,10
twessie-jp-bt-0304,Econyl Sleek Satin High-Waist Bikini Top in Obsidian Black,<p>Crafted in premium Econyl Sleek Satin with Crinkled Seersucker accents. This bikini top epitomizes intelligent aesthetic luxury. Featuring color-blocking in Obsidian Black and Stone Gray. Perfect for the discerning swimmer who refuses the obvious.</p>,Twessie,Bikini Top,"Econyl Sleek Satin bikini, architectural swimsuit, luxury Obsidian Black swimwear, minimalist bikini top, high-end swimwear",TRUE,Color,Obsidian Black,Size,XS,TWESSIE_JP_BT_0304-Obsidian Black-XS,168.0,,10
twessie-jp-bt-0304,Econyl Sleek Satin High-Waist Bikini Top in Obsidian Black,<p>Crafted in premium Econyl Sleek Satin with Crinkled Seersucker accents. This bikini top epitomizes intelligent aesthetic luxury. Featuring color-blocking in Obsidian Black and Stone Gray. Perfect for the discerning swimmer who refuses the obvious.</p>,Twessie,Bikini Top,"Econyl Sleek Satin bikini, architectural swimsuit, luxury Obsidian Black swimwear, minimalist bikini top, high-end swimwear",TRUE,Color,Obsidian Black,Size,S,TWESSIE_JP_BT_0304-Obsidian Black-S,168.0,,10
twessie-jp-bt-0304,Econyl Sleek Satin High-Waist Bikini Top in Obsidian Black,<p>Crafted in premium Econyl Sleek Satin with Crinkled Seersucker accents. This bikini top epitomizes intelligent aesthetic luxury. Featuring color-blocking in Obsidian Black and Stone Gray. Perfect for the discerning swimmer who refuses the obvious.</p>,Twessie,Bikini Top,"Econyl Sleek Satin bikini, architectural swimsuit, luxury Obsidian Black swimwear, minimalist bikini top, high-end swimwear",TRUE,Color,Obsidian Black,Size,M,TWESSIE_JP_BT_0304-Obsidian Black-M,168.0,,10
twessie-jp-bt-0304,Econyl Sleek Satin High-Waist Bikini Top in Obsidian Black,<p>Crafted in premium Econyl Sleek Satin with Crinkled Seersucker accents. This bikini top epitomizes intelligent aesthetic luxury. Featuring color-blocking in Obsidian Black and Stone Gray. Perfect for the discerning swimmer who refuses the obvious.</p>,Twessie,Bikini Top,"Econyl Sleek Satin bikini, architectural swimsuit, luxury Obsidian Black swimwear, minimalist bikini top, high-end swimwear",TRUE,Color,Obsidian Black,Size,L,TWESSIE_JP_BT_0304-Obsidian Black-L,168.0,,10
twessie-jp-bt-0304,Econyl Sleek Satin High-Waist Bikini Top in Obsidian Black,<p>Crafted in premium Econyl Sleek Satin with Crinkled Seersucker accents. This bikini top epitomizes intelligent aesthetic luxury. Featuring color-blocking in Obsidian Black and Stone Gray. Perfect for the discerning swimmer who refuses the obvious.</p>,Twessie,Bikini Top,"Econyl Sleek Satin bikini, architectural swimsuit, luxury Obsidian Black swimwear, minimalist bikini top, high-end swimwear",TRUE,Color,Obsidian Black,Size,XL,TWESSIE_JP_BT_0304-Obsidian Black-XL,168.0,,10
twessie-jp-bt-0304,Econyl Sleek Satin High-Waist Bikini Top in Obsidian Black,<p>Crafted in premium Econyl Sleek Satin with Crinkled Seersucker accents. This bikini top epitomizes intelligent aesthetic luxury. Featuring color-blocking in Obsidian Black and Stone Gray. Perfect for the discerning swimmer who refuses the obvious.</p>,Twessie,Bikini Top,"Econyl Sleek Satin bikini, architectural swimsuit, luxury Obsidian Black swimwear, minimalist bikini top, high-end swimwear",TRUE,Color,Obsidian Black,Size,XXL,TWESSIE_JP_BT_0304-Obsidian Black-XXL,168.0,,10
twessie-jp-bt-0304,Econyl Sleek Satin High-Waist Bikini Top in Obsidian Black,<p>Crafted in premium Econyl Sleek Satin with Crinkled Seersucker accents. This bikini top epitomizes intelligent aesthetic luxury. Featuring color-blocking in Obsidian Black and Stone Gray. Perfect for the discerning swimmer who refuses the obvious.</p>,Twessie,Bikini Top,"Econyl Sleek Satin bikini, architectural swimsuit, luxury Obsidian Black swimwear, minimalist bikini top, high-end swimwear",TRUE,Color,Stone Gray,Size,XS,TWESSIE_JP_BT_0304-Stone Gray-XS,168.0,,10
twessie-jp-bt-0304,Econyl Sleek Satin High-Waist Bikini Top in Obsidian Black,<p>Crafted in premium Econyl Sleek Satin with Crinkled Seersucker accents. This bikini top epitomizes intelligent aesthetic luxury. Featuring color-blocking in Obsidian Black and Stone Gray. Perfect for the discerning swimmer who refuses the obvious.</p>,Twessie,Bikini Top,"Econyl Sleek Satin bikini, architectural swimsuit, luxury Obsidian Black swimwear, minimalist bikini top, high-end swimwear",TRUE,Color,Stone Gray,Size,S,TWESSIE_JP_BT_0304-Stone Gray-S,168.0,,10
twessie-jp-bt-0304,Econyl Sleek Satin High-Waist Bikini Top in Obsidian Black,<p>Crafted in premium Econyl Sleek Satin with Crinkled Seersucker accents. This bikini top epitomizes intelligent aesthetic luxury. Featuring color-blocking in Obsidian Black and Stone Gray. Perfect for the discerning swimmer who refuses the obvious.</p>,Twessie,Bikini Top,"Econyl Sleek Satin bikini, architectural swimsuit, luxury Obsidian Black swimwear, minimalist bikini top, high-end swimwear",TRUE,Color,Stone Gray,Size,M,TWESSIE_JP_BT_0304-Stone Gray-M,168.0,,10
twessie-jp-bt-0304,Econyl Sleek Satin High-Waist Bikini Top in Obsidian Black,<p>Crafted in premium Econyl Sleek Satin with Crinkled Seersucker accents. This bikini top epitomizes intelligent aesthetic luxury. Featuring color-blocking in Obsidian Black and Stone Gray. Perfect for the discerning swimmer who refuses the obvious.</p>,Twessie,Bikini Top,"Econyl Sleek Satin bikini, architectural swimsuit, luxury Obsidian Black swimwear, minimalist bikini top, high-end swimwear",TRUE,Color,Stone Gray,Size,L,TWESSIE_JP_BT_0304-Stone Gray-L,168.0,,10
twessie-jp-bt-0304,Econyl Sleek Satin High-Waist Bikini Top in Obsidian Black,<p>Crafted in premium Econyl Sleek Satin with Crinkled Seersucker accents. This bikini top epitomizes intelligent aesthetic luxury. Featuring color-blocking in Obsidian Black and Stone Gray. Perfect for the discerning swimmer who refuses the obvious.</p>,Twessie,Bikini Top,"Econyl Sleek Satin bikini, architectural swimsuit, luxury Obsidian Black swimwear, minimalist bikini top, high-end swimwear",TRUE,Color,Stone Gray,Size,XL,TWESSIE_JP_BT_0304-Stone Gray-XL,168.0,,10
twessie-jp-bt-0304,Econyl Sleek Satin High-Waist Bikini Top in Obsidian Black,<p>Crafted in premium Econyl Sleek Satin with Crinkled Seersucker accents. This bikini top epitomizes intelligent aesthetic luxury. Featuring color-blocking in Obsidian Black and Stone Gray. Perfect for the discerning swimmer who refuses the obvious.</p>,Twessie,Bikini Top,"Econyl Sleek Satin bikini, architectural swimsuit, luxury Obsidian Black swimwear, minimalist bikini top, high-end swimwear",TRUE,Color,Stone Gray,Size,XXL,TWESSIE_JP_BT_0304-Stone Gray-XXL,168.0,,10
twessie-eu-bt-0305,Minimalist Stone Gray Textured Bikini Top,"<p>Crinkled Seersucker construction meets architectural precision in this bikini top. Designed for the intelligent, independent woman. The Stone Gray colorway with Chalk White accents creates a sophisticated palette. Pure anti-fashion statement elegance.</p>",Twessie,Bikini Top,"architectural swimsuit, minimalist bikini top, Crinkled Seersucker bikini, independent fashion, luxury Stone Gray swimwear",TRUE,Color,Stone Gray,Size,XS,TWESSIE_EU_BT_0305-Stone Gray-XS,168.0,,10
twessie-eu-bt-0305,Minimalist Stone Gray Textured Bikini Top,"<p>Crinkled Seersucker construction meets architectural precision in this bikini top. Designed for the intelligent, independent woman. The Stone Gray colorway with Chalk White accents creates a sophisticated palette. Pure anti-fashion statement elegance.</p>",Twessie,Bikini Top,"architectural swimsuit, minimalist bikini top, Crinkled Seersucker bikini, independent fashion, luxury Stone Gray swimwear",TRUE,Color,Stone Gray,Size,S,TWESSIE_EU_BT_0305-Stone Gray-S,168.0,,10
twessie-eu-bt-0305,Minimalist Stone Gray Textured Bikini Top,"<p>Crinkled Seersucker construction meets architectural precision in this bikini top. Designed for the intelligent, independent woman. The Stone Gray colorway with Chalk White accents creates a sophisticated palette. Pure anti-fashion statement elegance.</p>",Twessie,Bikini Top,"architectural swimsuit, minimalist bikini top, Crinkled Seersucker bikini, independent fashion, luxury Stone Gray swimwear",TRUE,Color,Stone Gray,Size,M,TWESSIE_EU_BT_0305-Stone Gray-M,168.0,,10
twessie-eu-bt-0305,Minimalist Stone Gray Textured Bikini Top,"<p>Crinkled Seersucker construction meets architectural precision in this bikini top. Designed for the intelligent, independent woman. The Stone Gray colorway with Chalk White accents creates a sophisticated palette. Pure anti-fashion statement elegance.</p>",Twessie,Bikini Top,"architectural swimsuit, minimalist bikini top, Crinkled Seersucker bikini, independent fashion, luxury Stone Gray swimwear",TRUE,Color,Stone Gray,Size,L,TWESSIE_EU_BT_0305-Stone Gray-L,168.0,,10
twessie-eu-bt-0305,Minimalist Stone Gray Textured Bikini Top,"<p>Crinkled Seersucker construction meets architectural precision in this bikini top. Designed for the intelligent, independent woman. The Stone Gray colorway with Chalk White accents creates a sophisticated palette. Pure anti-fashion statement elegance.</p>",Twessie,Bikini Top,"architectural swimsuit, minimalist bikini top, Crinkled Seersucker bikini, independent fashion, luxury Stone Gray swimwear",TRUE,Color,Stone Gray,Size,XL,TWESSIE_EU_BT_0305-Stone Gray-XL,168.0,,10
twessie-eu-bt-0305,Minimalist Stone Gray Textured Bikini Top,"<p>Crinkled Seersucker construction meets architectural precision in this bikini top. Designed for the intelligent, independent woman. The Stone Gray colorway with Chalk White accents creates a sophisticated palette. Pure anti-fashion statement elegance.</p>",Twessie,Bikini Top,"architectural swimsuit, minimalist bikini top, Crinkled Seersucker bikini, independent fashion, luxury Stone Gray swimwear",TRUE,Color,Stone Gray,Size,XXL,TWESSIE_EU_BT_0305-Stone Gray-XXL,168.0,,10
twessie-eu-bt-0305,Minimalist Stone Gray Textured Bikini Top,"<p>Crinkled Seersucker construction meets architectural precision in this bikini top. Designed for the intelligent, independent woman. The Stone Gray colorway with Chalk White accents creates a sophisticated palette. Pure anti-fashion statement elegance.</p>",Twessie,Bikini Top,"architectural swimsuit, minimalist bikini top, Crinkled Seersucker bikini, independent fashion, luxury Stone Gray swimwear",TRUE,Color,Chalk White,Size,XS,TWESSIE_EU_BT_0305-Chalk White-XS,168.0,,10
twessie-eu-bt-0305,Minimalist Stone Gray Textured Bikini Top,"<p>Crinkled Seersucker construction meets architectural precision in this bikini top. Designed for the intelligent, independent woman. The Stone Gray colorway with Chalk White accents creates a sophisticated palette. Pure anti-fashion statement elegance.</p>",Twessie,Bikini Top,"architectural swimsuit, minimalist bikini top, Crinkled Seersucker bikini, independent fashion, luxury Stone Gray swimwear",TRUE,Color,Chalk White,Size,S,TWESSIE_EU_BT_0305-Chalk White-S,168.0,,10
twessie-eu-bt-0305,Minimalist Stone Gray Textured Bikini Top,"<p>Crinkled Seersucker construction meets architectural precision in this bikini top. Designed for the intelligent, independent woman. The Stone Gray colorway with Chalk White accents creates a sophisticated palette. Pure anti-fashion statement elegance.</p>",Twessie,Bikini Top,"architectural swimsuit, minimalist bikini top, Crinkled Seersucker bikini, independent fashion, luxury Stone Gray swimwear",TRUE,Color,Chalk White,Size,M,TWESSIE_EU_BT_0305-Chalk White-M,168.0,,10
twessie-eu-bt-0305,Minimalist Stone Gray Textured Bikini Top,"<p>Crinkled Seersucker construction meets architectural precision in this bikini top. Designed for the intelligent, independent woman. The Stone Gray colorway with Chalk White accents creates a sophisticated palette. Pure anti-fashion statement elegance.</p>",Twessie,Bikini Top,"architectural swimsuit, minimalist bikini top, Crinkled Seersucker bikini, independent fashion, luxury Stone Gray swimwear",TRUE,Color,Chalk White,Size,L,TWESSIE_EU_BT_0305-Chalk White-L,168.0,,10
twessie-eu-bt-0305,Minimalist Stone Gray Textured Bikini Top,"<p>Crinkled Seersucker construction meets architectural precision in this bikini top. Designed for the intelligent, independent woman. The Stone Gray colorway with Chalk White accents creates a sophisticated palette. Pure anti-fashion statement elegance.</p>",Twessie,Bikini Top,"architectural swimsuit, minimalist bikini top, Crinkled Seersucker bikini, independent fashion, luxury Stone Gray swimwear",TRUE,Color,Chalk White,Size,XL,TWESSIE_EU_BT_0305-Chalk White-XL,168.0,,10
twessie-eu-bt-0305,Minimalist Stone Gray Textured Bikini Top,"<p>Crinkled Seersucker construction meets architectural precision in this bikini top. Designed for the intelligent, independent woman. The Stone Gray colorway with Chalk White accents creates a sophisticated palette. Pure anti-fashion statement elegance.</p>",Twessie,Bikini Top,"architectural swimsuit, minimalist bikini top, Crinkled Seersucker bikini, independent fashion, luxury Stone Gray swimwear",TRUE,Color,Chalk White,Size,XXL,TWESSIE_EU_BT_0305-Chalk White-XXL,168.0,,10
twessie-sg-op-0306,High-Fashion Burnt Terracotta One-Piece Suit,<p>A statement piece in Matte Ribbed Knit. This one-piece combines anti-fashion statement design with impeccable craftsmanship. Available in Burnt Terracotta with Olive Drab detailing. Not loud. Not obvious. Unmistakably Twessie.</p>,Twessie,One-Piece,"luxury Burnt Terracotta swimwear, minimalist luxury, high-end swimwear, architectural swimsuit, Matte Ribbed Knit bikini",TRUE,Color,Burnt Terracotta,Size,XS,TWESSIE_SG_OP_0306-Burnt Terracotta-XS,168.0,,10
twessie-sg-op-0306,High-Fashion Burnt Terracotta One-Piece Suit,<p>A statement piece in Matte Ribbed Knit. This one-piece combines anti-fashion statement design with impeccable craftsmanship. Available in Burnt Terracotta with Olive Drab detailing. Not loud. Not obvious. Unmistakably Twessie.</p>,Twessie,One-Piece,"luxury Burnt Terracotta swimwear, minimalist luxury, high-end swimwear, architectural swimsuit, Matte Ribbed Knit bikini",TRUE,Color,Burnt Terracotta,Size,S,TWESSIE_SG_OP_0306-Burnt Terracotta-S,168.0,,10
twessie-sg-op-0306,High-Fashion Burnt Terracotta One-Piece Suit,<p>A statement piece in Matte Ribbed Knit. This one-piece combines anti-fashion statement design with impeccable craftsmanship. Available in Burnt Terracotta with Olive Drab detailing. Not loud. Not obvious. Unmistakably Twessie.</p>,Twessie,One-Piece,"luxury Burnt Terracotta swimwear, minimalist luxury, high-end swimwear, architectural swimsuit, Matte Ribbed Knit bikini",TRUE,Color,Burnt Terracotta,Size,M,TWESSIE_SG_OP_0306-Burnt Terracotta-M,168.0,,10
twessie-sg-op-0306,High-Fashion Burnt Terracotta One-Piece Suit,<p>A statement piece in Matte Ribbed Knit. This one-piece combines anti-fashion statement design with impeccable craftsmanship. Available in Burnt Terracotta with Olive Drab detailing. Not loud. Not obvious. Unmistakably Twessie.</p>,Twessie,One-Piece,"luxury Burnt Terracotta swimwear, minimalist luxury, high-end swimwear, architectural swimsuit, Matte Ribbed Knit bikini",TRUE,Color,Burnt Terracotta,Size,L,TWESSIE_SG_OP_0306-Burnt Terracotta-L,168.0,,10
twessie-sg-op-0306,High-Fashion Burnt Terracotta One-Piece Suit,<p>A statement piece in Matte Ribbed Knit. This one-piece combines anti-fashion statement design with impeccable craftsmanship. Available in Burnt Terracotta with Olive Drab detailing. Not loud. Not obvious. Unmistakably Twessie.</p>,Twessie,One-Piece,"luxury Burnt Terracotta swimwear, minimalist luxury, high-end swimwear, architectural swimsuit, Matte Ribbed Knit bikini",TRUE,Color,Burnt Terracotta,Size,XL,TWESSIE_SG_OP_0306-Burnt Terracotta-XL,168.0,,10
twessie-sg-op-0306,High-Fashion Burnt Terracotta One-Piece Suit,<p>A statement piece in Matte Ribbed Knit. This one-piece combines anti-fashion statement design with impeccable craftsmanship. Available in Burnt Terracotta with Olive Drab detailing. Not loud. Not obvious. Unmistakably Twessie.</p>,Twessie,One-Piece,"luxury Burnt Terracotta swimwear, minimalist luxury, high-end swimwear, architectural swimsuit, Matte Ribbed Knit bikini",TRUE,Color,Burnt Terracotta,Size,XXL,TWESSIE_SG_OP_0306-Burnt Terracotta-XXL,168.0,,10
twessie-sg-op-0306,High-Fashion Burnt Terracotta One-Piece Suit,<p>A statement piece in Matte Ribbed Knit. This one-piece combines anti-fashion statement design with impeccable craftsmanship. Available in Burnt Terracotta with Olive Drab detailing. Not loud. Not obvious. Unmistakably Twessie.</p>,Twessie,One-Piece,"luxury Burnt Terracotta swimwear, minimalist luxury, high-end swimwear, architectural swimsuit, Matte Ribbed Knit bikini",TRUE,Color,Olive Drab,Size,XS,TWESSIE_SG_OP_0306-Olive Drab-XS,168.0,,10
twessie-sg-op-0306,High-Fashion Burnt Terracotta One-Piece Suit,<p>A statement piece in Matte Ribbed Knit. This one-piece combines anti-fashion statement design with impeccable craftsmanship. Available in Burnt Terracotta with Olive Drab detailing. Not loud. Not obvious. Unmistakably Twessie.</p>,Twessie,One-Piece,"luxury Burnt Terracotta swimwear, minimalist luxury, high-end swimwear, architectural swimsuit, Matte Ribbed Knit bikini",TRUE,Color,Olive Drab,Size,S,TWESSIE_SG_OP_0306-Olive Drab-S,168.0,,10
twessie-sg-op-0306,High-Fashion Burnt Terracotta One-Piece Suit,<p>A statement piece in Matte Ribbed Knit. This one-piece combines anti-fashion statement design with impeccable craftsmanship. Available in Burnt Terracotta with Olive Drab detailing. Not loud. Not obvious. Unmistakably Twessie.</p>,Twessie,One-Piece,"luxury Burnt Terracotta swimwear, minimalist luxury, high-end swimwear, architectural swimsuit, Matte Ribbed Knit bikini",TRUE,Color,Olive Drab,Size,M,TWESSIE_SG_OP_0306-Olive Drab-M,168.0,,10
twessie-sg-op-0306,High-Fashion Burnt Terracotta One-Piece Suit,<p>A statement piece in Matte Ribbed Knit. This one-piece combines anti-fashion statement design with impeccable craftsmanship. Available in Burnt Terracotta with Olive Drab detailing. Not loud. Not obvious. Unmistakably Twessie.</p>,Twessie,One-Piece,"luxury Burnt Terracotta swimwear, minimalist luxury, high-end swimwear, architectural swimsuit, Matte Ribbed Knit bikini",TRUE,Color,Olive Drab,Size,L,TWESSIE_SG_OP_0306-Olive Drab-L,168.0,,10
twessie-sg-op-0306,High-Fashion Burnt Terracotta One-Piece Suit,<p>A statement piece in Matte Ribbed Knit. This one-piece combines anti-fashion statement design with impeccable craftsmanship. Available in Burnt Terracotta with Olive Drab detailing. Not loud. Not obvious. Unmistakably Twessie.</p>,Twessie,One-Piece,"luxury Burnt Terracotta swimwear, minimalist luxury, high-end swimwear, architectural swimsuit, Matte Ribbed Knit bikini",TRUE,Color,Olive Drab,Size,XL,TWESSIE_SG_OP_0306-Olive Drab-XL,168.0,,10
twessie-sg-op-0306,High-Fashion Burnt Terracotta One-Piece Suit,<p>A statement piece in Matte Ribbed Knit. This one-piece combines anti-fashion statement design with impeccable craftsmanship. Available in Burnt Terracotta with Olive Drab detailing. Not loud. Not obvious. Unmistakably Twessie.</p>,Twessie,One-Piece,"luxury Burnt Terracotta swimwear, minimalist luxury, high-end swimwear, architectural swimsuit, Matte Ribbed Knit bikini",TRUE,Color,Olive Drab,Size,XXL,TWESSIE_SG_OP_0306-Olive Drab-XXL,168.0,,10
twessie-sg-bt-0307,Architecture-Cut Burnt Terracotta Bikini Top,<p>Crafted in premium Matte Ribbed Knit with Econyl Sleek Satin accents. This bikini top epitomizes anti-fashion statement luxury. Featuring color-blocking in Burnt Terracotta and Olive Drab. Perfect for the discerning swimmer who refuses the obvious.</p>,Twessie,Bikini Top,"independent fashion, Matte Ribbed Knit bikini, luxury Burnt Terracotta swimwear, high-end swimwear, minimalist luxury",TRUE,Color,Burnt Terracotta,Size,XS,TWESSIE_SG_BT_0307-Burnt Terracotta-XS,168.0,,10
twessie-sg-bt-0307,Architecture-Cut Burnt Terracotta Bikini Top,<p>Crafted in premium Matte Ribbed Knit with Econyl Sleek Satin accents. This bikini top epitomizes anti-fashion statement luxury. Featuring color-blocking in Burnt Terracotta and Olive Drab. Perfect for the discerning swimmer who refuses the obvious.</p>,Twessie,Bikini Top,"independent fashion, Matte Ribbed Knit bikini, luxury Burnt Terracotta swimwear, high-end swimwear, minimalist luxury",TRUE,Color,Burnt Terracotta,Size,S,TWESSIE_SG_BT_0307-Burnt Terracotta-S,168.0,,10
twessie-sg-bt-0307,Architecture-Cut Burnt Terracotta Bikini Top,<p>Crafted in premium Matte Ribbed Knit with Econyl Sleek Satin accents. This bikini top epitomizes anti-fashion statement luxury. Featuring color-blocking in Burnt Terracotta and Olive Drab. Perfect for the discerning swimmer who refuses the obvious.</p>,Twessie,Bikini Top,"independent fashion, Matte Ribbed Knit bikini, luxury Burnt Terracotta swimwear, high-end swimwear, minimalist luxury",TRUE,Color,Burnt Terracotta,Size,M,TWESSIE_SG_BT_0307-Burnt Terracotta-M,168.0,,10
twessie-sg-bt-0307,Architecture-Cut Burnt Terracotta Bikini Top,<p>Crafted in premium Matte Ribbed Knit with Econyl Sleek Satin accents. This bikini top epitomizes anti-fashion statement luxury. Featuring color-blocking in Burnt Terracotta and Olive Drab. Perfect for the discerning swimmer who refuses the obvious.</p>,Twessie,Bikini Top,"independent fashion, Matte Ribbed Knit bikini, luxury Burnt Terracotta swimwear, high-end swimwear, minimalist luxury",TRUE,Color,Burnt Terracotta,Size,L,TWESSIE_SG_BT_0307-Burnt Terracotta-L,168.0,,10
twessie-sg-bt-0307,Architecture-Cut Burnt Terracotta Bikini Top,<p>Crafted in premium Matte Ribbed Knit with Econyl Sleek Satin accents. This bikini top epitomizes anti-fashion statement luxury. Featuring color-blocking in Burnt Terracotta and Olive Drab. Perfect for the discerning swimmer who refuses the obvious.</p>,Twessie,Bikini Top,"independent fashion, Matte Ribbed Knit bikini, luxury Burnt Terracotta swimwear, high-end swimwear, minimalist luxury",TRUE,Color,Burnt Terracotta,Size,XL,TWESSIE_SG_BT_0307-Burnt Terracotta-XL,168.0,,10
twessie-sg-bt-0307,Architecture-Cut Burnt Terracotta Bikini Top,<p>Crafted in premium Matte Ribbed Knit with Econyl Sleek Satin accents. This bikini top epitomizes anti-fashion statement luxury. Featuring color-blocking in Burnt Terracotta and Olive Drab. Perfect for the discerning swimmer who refuses the obvious.</p>,Twessie,Bikini Top,"independent fashion, Matte Ribbed Knit bikini, luxury Burnt Terracotta swimwear, high-end swimwear, minimalist luxury",TRUE,Color,Burnt Terracotta,Size,XXL,TWESSIE_SG_BT_0307-Burnt Terracotta-XXL,168.0,,10
twessie-sg-bt-0307,Architecture-Cut Burnt Terracotta Bikini Top,<p>Crafted in premium Matte Ribbed Knit with Econyl Sleek Satin accents. This bikini top epitomizes anti-fashion statement luxury. Featuring color-blocking in Burnt Terracotta and Olive Drab. Perfect for the discerning swimmer who refuses the obvious.</p>,Twessie,Bikini Top,"independent fashion, Matte Ribbed Knit bikini, luxury Burnt Terracotta swimwear, high-end swimwear, minimalist luxury",TRUE,Color,Olive Drab,Size,XS,TWESSIE_SG_BT_0307-Olive Drab-XS,168.0,,10
twessie-sg-bt-0307,Architecture-Cut Burnt Terracotta Bikini Top,<p>Crafted in premium Matte Ribbed Knit with Econyl Sleek Satin accents. This bikini top epitomizes anti-fashion statement luxury. Featuring color-blocking in Burnt Terracotta and Olive Drab. Perfect for the discerning swimmer who refuses the obvious.</p>,Twessie,Bikini Top,"independent fashion, Matte Ribbed Knit bikini, luxury Burnt Terracotta swimwear, high-end swimwear, minimalist luxury",TRUE,Color,Olive Drab,Size,S,TWESSIE_SG_BT_0307-Olive Drab-S,168.0,,10
twessie-sg-bt-0307,Architecture-Cut Burnt Terracotta Bikini Top,<p>Crafted in premium Matte Ribbed Knit with Econyl Sleek Satin accents. This bikini top epitomizes anti-fashion statement luxury. Featuring color-blocking in Burnt Terracotta and Olive Drab. Perfect for the discerning swimmer who refuses the obvious.</p>,Twessie,Bikini Top,"independent fashion, Matte Ribbed Knit bikini, luxury Burnt Terracotta swimwear, high-end swimwear, minimalist luxury",TRUE,Color,Olive Drab,Size,M,TWESSIE_SG_BT_0307-Olive Drab-M,168.0,,10
twessie-sg-bt-0307,Architecture-Cut Burnt Terracotta Bikini Top,<p>Crafted in premium Matte Ribbed Knit with Econyl Sleek Satin accents. This bikini top epitomizes anti-fashion statement luxury. Featuring color-blocking in Burnt Terracotta and Olive Drab. Perfect for the discerning swimmer who refuses the obvious.</p>,Twessie,Bikini Top,"independent fashion, Matte Ribbed Knit bikini, luxury Burnt Terracotta swimwear, high-end swimwear, minimalist luxury",TRUE,Color,Olive Drab,Size,L,TWESSIE_SG_BT_0307-Olive Drab-L,168.0,,10
twessie-sg-bt-0307,Architecture-Cut Burnt Terracotta Bikini Top,<p>Crafted in premium Matte Ribbed Knit with Econyl Sleek Satin accents. This bikini top epitomizes anti-fashion statement luxury. Featuring color-blocking in Burnt Terracotta and Olive Drab. Perfect for the discerning swimmer who refuses the obvious.</p>,Twessie,Bikini Top,"independent fashion, Matte Ribbed Knit bikini, luxury Burnt Terracotta swimwear, high-end swimwear, minimalist luxury",TRUE,Color,Olive Drab,Size,XL,TWESSIE_SG_BT_0307-Olive Drab-XL,168.0,,10
twessie-sg-bt-0307,Architecture-Cut Burnt Terracotta Bikini Top,<p>Crafted in premium Matte Ribbed Knit with Econyl Sleek Satin accents. This bikini top epitomizes anti-fashion statement luxury. Featuring color-blocking in Burnt Terracotta and Olive Drab. Perfect for the discerning swimmer who refuses the obvious.</p>,Twessie,Bikini Top,"independent fashion, Matte Ribbed Knit bikini, luxury Burnt Terracotta swimwear, high-end swimwear, minimalist luxury",TRUE,Color,Olive Drab,Size,XXL,TWESSIE_SG_BT_0307-Olive Drab-XXL,168.0,,10
twessie-sg-bt-0308,Architecture-Cut Obsidian Black Bikini Top,"<p>Econyl Sleek Satin construction meets architectural precision in this bikini top. Designed for the intelligent, independent woman. The Obsidian Black colorway with Chalk White accents creates a sophisticated palette. Pure anti-fashion statement elegance.</p>",Twessie,Bikini Top,"independent fashion, Econyl Sleek Satin bikini, architectural swimsuit, high-end swimwear, minimalist bikini top",TRUE,Color,Obsidian Black,Size,XS,TWESSIE_SG_BT_0308-Obsidian Black-XS,168.0,,10
twessie-sg-bt-0308,Architecture-Cut Obsidian Black Bikini Top,"<p>Econyl Sleek Satin construction meets architectural precision in this bikini top. Designed for the intelligent, independent woman. The Obsidian Black colorway with Chalk White accents creates a sophisticated palette. Pure anti-fashion statement elegance.</p>",Twessie,Bikini Top,"independent fashion, Econyl Sleek Satin bikini, architectural swimsuit, high-end swimwear, minimalist bikini top",TRUE,Color,Obsidian Black,Size,S,TWESSIE_SG_BT_0308-Obsidian Black-S,168.0,,10
twessie-sg-bt-0308,Architecture-Cut Obsidian Black Bikini Top,"<p>Econyl Sleek Satin construction meets architectural precision in this bikini top. Designed for the intelligent, independent woman. The Obsidian Black colorway with Chalk White accents creates a sophisticated palette. Pure anti-fashion statement elegance.</p>",Twessie,Bikini Top,"independent fashion, Econyl Sleek Satin bikini, architectural swimsuit, high-end swimwear, minimalist bikini top",TRUE,Color,Obsidian Black,Size,M,TWESSIE_SG_BT_0308-Obsidian Black-M,168.0,,10
twessie-sg-bt-0308,Architecture-Cut Obsidian Black Bikini Top,"<p>Econyl Sleek Satin construction meets architectural precision in this bikini top. Designed for the intelligent, independent woman. The Obsidian Black colorway with Chalk White accents creates a sophisticated palette. Pure anti-fashion statement elegance.</p>",Twessie,Bikini Top,"independent fashion, Econyl Sleek Satin bikini, architectural swimsuit, high-end swimwear, minimalist bikini top",TRUE,Color,Obsidian Black,Size,L,TWESSIE_SG_BT_0308-Obsidian Black-L,168.0,,10
twessie-sg-bt-0308,Architecture-Cut Obsidian Black Bikini Top,"<p>Econyl Sleek Satin construction meets architectural precision in this bikini top. Designed for the intelligent, independent woman. The Obsidian Black colorway with Chalk White accents creates a sophisticated palette. Pure anti-fashion statement elegance.</p>",Twessie,Bikini Top,"independent fashion, Econyl Sleek Satin bikini, architectural swimsuit, high-end swimwear, minimalist bikini top",TRUE,Color,Obsidian Black,Size,XL,TWESSIE_SG_BT_0308-Obsidian Black-XL,168.0,,10
twessie-sg-bt-0308,Architecture-Cut Obsidian Black Bikini Top,"<p>Econyl Sleek Satin construction meets architectural precision in this bikini top. Designed for the intelligent, independent woman. The Obsidian Black colorway with Chalk White accents creates a sophisticated palette. Pure anti-fashion statement elegance.</p>",Twessie,Bikini Top,"independent fashion, Econyl Sleek Satin bikini, architectural swimsuit, high-end swimwear, minimalist bikini top",TRUE,Color,Obsidian Black,Size,XXL,TWESSIE_SG_BT_0308-Obsidian Black-XXL,168.0,,10
twessie-sg-bt-0308,Architecture-Cut Obsidian Black Bikini Top,"<p>Econyl Sleek Satin construction meets architectural precision in this bikini top. Designed for the intelligent, independent woman. The Obsidian Black colorway with Chalk White accents creates a sophisticated palette. Pure anti-fashion statement elegance.</p>",Twessie,Bikini Top,"independent fashion, Econyl Sleek Satin bikini, architectural swimsuit, high-end swimwear, minimalist bikini top",TRUE,Color,Chalk White,Size,XS,TWESSIE_SG_BT_0308-Chalk White-XS,168.0,,10
twessie-sg-bt-0308,Architecture-Cut Obsidian Black Bikini Top,"<p>Econyl Sleek Satin construction meets architectural precision in this bikini top. Designed for the intelligent, independent woman. The Obsidian Black colorway with Chalk White accents creates a sophisticated palette. Pure anti-fashion statement elegance.</p>",Twessie,Bikini Top,"independent fashion, Econyl Sleek Satin bikini, architectural swimsuit, high-end swimwear, minimalist bikini top",TRUE,Color,Chalk White,Size,S,TWESSIE_SG_BT_0308-Chalk White-S,168.0,,10
twessie-sg-bt-0308,Architecture-Cut Obsidian Black Bikini Top,"<p>Econyl Sleek Satin construction meets architectural precision in this bikini top. Designed for the intelligent, independent woman. The Obsidian Black colorway with Chalk White accents creates a sophisticated palette. Pure anti-fashion statement elegance.</p>",Twessie,Bikini Top,"independent fashion, Econyl Sleek Satin bikini, architectural swimsuit, high-end swimwear, minimalist bikini top",TRUE,Color,Chalk White,Size,M,TWESSIE_SG_BT_0308-Chalk White-M,168.0,,10
twessie-sg-bt-0308,Architecture-Cut Obsidian Black Bikini Top,"<p>Econyl Sleek Satin construction meets architectural precision in this bikini top. Designed for the intelligent, independent woman. The Obsidian Black colorway with Chalk White accents creates a sophisticated palette. Pure anti-fashion statement elegance.</p>",Twessie,Bikini Top,"independent fashion, Econyl Sleek Satin bikini, architectural swimsuit, high-end swimwear, minimalist bikini top",TRUE,Color,Chalk White,Size,L,TWESSIE_SG_BT_0308-Chalk White-L,168.0,,10
twessie-sg-bt-0308,Architecture-Cut Obsidian Black Bikini Top,"<p>Econyl Sleek Satin construction meets architectural precision in this bikini top. Designed for the intelligent, independent woman. The Obsidian Black colorway with Chalk White accents creates a sophisticated palette. Pure anti-fashion statement elegance.</p>",Twessie,Bikini Top,"independent fashion, Econyl Sleek Satin bikini, architectural swimsuit, high-end swimwear, minimalist bikini top",TRUE,Color,Chalk White,Size,XL,TWESSIE_SG_BT_0308-Chalk White-XL,168.0,,10
twessie-sg-bt-0308,Architecture-Cut Obsidian Black Bikini Top,"<p>Econyl Sleek Satin construction meets architectural precision in this bikini top. Designed for the intelligent, independent woman. The Obsidian Black colorway with Chalk White accents creates a sophisticated palette. Pure anti-fashion statement elegance.</p>",Twessie,Bikini Top,"independent fashion, Econyl Sleek Satin bikini, architectural swimsuit, high-end swimwear, minimalist bikini top",TRUE,Color,Chalk White,Size,XXL,TWESSIE_SG_BT_0308-Chalk White-XXL,168.0,,10
twessie-jp-bt-0309,Minimalist Obsidian Black Textured Bikini Top,<p>A statement piece in Econyl Sleek Satin. This bikini top combines rebellious yet refined design with impeccable craftsmanship. Available in Obsidian Black with Chalk White detailing. Not loud. Not obvious. Unmistakably Twessie.</p>,Twessie,Bikini Top,"luxury Obsidian Black swimwear, high-end swimwear, architectural swimsuit, independent fashion, minimalist luxury",TRUE,Color,Obsidian Black,Size,XS,TWESSIE_JP_BT_0309-Obsidian Black-XS,168.0,,10
twessie-jp-bt-0309,Minimalist Obsidian Black Textured Bikini Top,<p>A statement piece in Econyl Sleek Satin. This bikini top combines rebellious yet refined design with impeccable craftsmanship. Available in Obsidian Black with Chalk White detailing. Not loud. Not obvious. Unmistakably Twessie.</p>,Twessie,Bikini Top,"luxury Obsidian Black swimwear, high-end swimwear, architectural swimsuit, independent fashion, minimalist luxury",TRUE,Color,Obsidian Black,Size,S,TWESSIE_JP_BT_0309-Obsidian Black-S,168.0,,10
twessie-jp-bt-0309,Minimalist Obsidian Black Textured Bikini Top,<p>A statement piece in Econyl Sleek Satin. This bikini top combines rebellious yet refined design with impeccable craftsmanship. Available in Obsidian Black with Chalk White detailing. Not loud. Not obvious. Unmistakably Twessie.</p>,Twessie,Bikini Top,"luxury Obsidian Black swimwear, high-end swimwear, architectural swimsuit, independent fashion, minimalist luxury",TRUE,Color,Obsidian Black,Size,M,TWESSIE_JP_BT_0309-Obsidian Black-M,168.0,,10
twessie-jp-bt-0309,Minimalist Obsidian Black Textured Bikini Top,<p>A statement piece in Econyl Sleek Satin. This bikini top combines rebellious yet refined design with impeccable craftsmanship. Available in Obsidian Black with Chalk White detailing. Not loud. Not obvious. Unmistakably Twessie.</p>,Twessie,Bikini Top,"luxury Obsidian Black swimwear, high-end swimwear, architectural swimsuit, independent fashion, minimalist luxury",TRUE,Color,Obsidian Black,Size,L,TWESSIE_JP_BT_0309-Obsidian Black-L,168.0,,10
twessie-jp-bt-0309,Minimalist Obsidian Black Textured Bikini Top,<p>A statement piece in Econyl Sleek Satin. This bikini top combines rebellious yet refined design with impeccable craftsmanship. Available in Obsidian Black with Chalk White detailing. Not loud. Not obvious. Unmistakably Twessie.</p>,Twessie,Bikini Top,"luxury Obsidian Black swimwear, high-end swimwear, architectural swimsuit, independent fashion, minimalist luxury",TRUE,Color,Obsidian Black,Size,XL,TWESSIE_JP_BT_0309-Obsidian Black-XL,168.0,,10
twessie-jp-bt-0309,Minimalist Obsidian Black Textured Bikini Top,<p>A statement piece in Econyl Sleek Satin. This bikini top combines rebellious yet refined design with impeccable craftsmanship. Available in Obsidian Black with Chalk White detailing. Not loud. Not obvious. Unmistakably Twessie.</p>,Twessie,Bikini Top,"luxury Obsidian Black swimwear, high-end swimwear, architectural swimsuit, independent fashion, minimalist luxury",TRUE,Color,Obsidian Black,Size,XXL,TWESSIE_JP_BT_0309-Obsidian Black-XXL,168.0,,10
twessie-jp-bt-0309,Minimalist Obsidian Black Textured Bikini Top,<p>A statement piece in Econyl Sleek Satin. This bikini top combines rebellious yet refined design with impeccable craftsmanship. Available in Obsidian Black with Chalk White detailing. Not loud. Not obvious. Unmistakably Twessie.</p>,Twessie,Bikini Top,"luxury Obsidian Black swimwear, high-end swimwear, architectural swimsuit, independent fashion, minimalist luxury",TRUE,Color,Chalk White,Size,XS,TWESSIE_JP_BT_0309-Chalk White-XS,168.0,,10
twessie-jp-bt-0309,Minimalist Obsidian Black Textured Bikini Top,<p>A statement piece in Econyl Sleek Satin. This bikini top combines rebellious yet refined design with impeccable craftsmanship. Available in Obsidian Black with Chalk White detailing. Not loud. Not obvious. Unmistakably Twessie.</p>,Twessie,Bikini Top,"luxury Obsidian Black swimwear, high-end swimwear, architectural swimsuit, independent fashion, minimalist luxury",TRUE,Color,Chalk White,Size,S,TWESSIE_JP_BT_0309-Chalk White-S,168.0,,10
twessie-jp-bt-0309,Minimalist Obsidian Black Textured Bikini Top,<p>A statement piece in Econyl Sleek Satin. This bikini top combines rebellious yet refined design with impeccable craftsmanship. Available in Obsidian Black with Chalk White detailing. Not loud. Not obvious. Unmistakably Twessie.</p>,Twessie,Bikini Top,"luxury Obsidian Black swimwear, high-end swimwear, architectural swimsuit, independent fashion, minimalist luxury",TRUE,Color,Chalk White,Size,M,TWESSIE_JP_BT_0309-Chalk White-M,168.0,,10
twessie-jp-bt-0309,Minimalist Obsidian Black Textured Bikini Top,<p>A statement piece in Econyl Sleek Satin. This bikini top combines rebellious yet refined design with impeccable craftsmanship. Available in Obsidian Black with Chalk White detailing. Not loud. Not obvious. Unmistakably Twessie.</p>,Twessie,Bikini Top,"luxury Obsidian Black swimwear, high-end swimwear, architectural swimsuit, independent fashion, minimalist luxury",TRUE,Color,Chalk White,Size,L,TWESSIE_JP_BT_0309-Chalk White-L,168.0,,10
twessie-jp-bt-0309,Minimalist Obsidian Black Textured Bikini Top,<p>A statement piece in Econyl Sleek Satin. This bikini top combines rebellious yet refined design with impeccable craftsmanship. Available in Obsidian Black with Chalk White detailing. Not loud. Not obvious. Unmistakably Twessie.</p>,Twessie,Bikini Top,"luxury Obsidian Black swimwear, high-end swimwear, architectural swimsuit, independent fashion, minimalist luxury",TRUE,Color,Chalk White,Size,XL,TWESSIE_JP_BT_0309-Chalk White-XL,168.0,,10
twessie-jp-bt-0309,Minimalist Obsidian Black Textured Bikini Top,<p>A statement piece in Econyl Sleek Satin. This bikini top combines rebellious yet refined design with impeccable craftsmanship. Available in Obsidian Black with Chalk White detailing. Not loud. Not obvious. Unmistakably Twessie.</p>,Twessie,Bikini Top,"luxury Obsidian Black swimwear, high-end swimwear, architectural swimsuit, independent fashion, minimalist luxury",TRUE,Color,Chalk White,Size,XXL,TWESSIE_JP_BT_0309-Chalk White-XXL,168.0,,10
twessie-na-bb-0310,Raw-Edge Olive Drab Bikini Bottom,<p>A statement piece in Matte Ribbed Knit. This bikini bottom combines minimalist luxury design with impeccable craftsmanship. Available in Olive Drab with Burnt Terracotta detailing. Not loud. Not obvious. Unmistakably Twessie.</p>,Twessie,Bikini Bottom,"minimalist bikini bottom, architectural swimsuit, minimalist luxury, independent fashion, high-end swimwear",TRUE,Color,Olive Drab,Size,XS,TWESSIE_NA_BB_0310-Olive Drab-XS,168.0,,10
twessie-na-bb-0310,Raw-Edge Olive Drab Bikini Bottom,<p>A statement piece in Matte Ribbed Knit. This bikini bottom combines minimalist luxury design with impeccable craftsmanship. Available in Olive Drab with Burnt Terracotta detailing. Not loud. Not obvious. Unmistakably Twessie.</p>,Twessie,Bikini Bottom,"minimalist bikini bottom, architectural swimsuit, minimalist luxury, independent fashion, high-end swimwear",TRUE,Color,Olive Drab,Size,S,TWESSIE_NA_BB_0310-Olive Drab-S,168.0,,10
twessie-na-bb-0310,Raw-Edge Olive Drab Bikini Bottom,<p>A statement piece in Matte Ribbed Knit. This bikini bottom combines minimalist luxury design with impeccable craftsmanship. Available in Olive Drab with Burnt Terracotta detailing. Not loud. Not obvious. Unmistakably Twessie.</p>,Twessie,Bikini Bottom,"minimalist bikini bottom, architectural swimsuit, minimalist luxury, independent fashion, high-end swimwear",TRUE,Color,Olive Drab,Size,M,TWESSIE_NA_BB_0310-Olive Drab-M,168.0,,10
twessie-na-bb-0310,Raw-Edge Olive Drab Bikini Bottom,<p>A statement piece in Matte Ribbed Knit. This bikini bottom combines minimalist luxury design with impeccable craftsmanship. Available in Olive Drab with Burnt Terracotta detailing. Not loud. Not obvious. Unmistakably Twessie.</p>,Twessie,Bikini Bottom,"minimalist bikini bottom, architectural swimsuit, minimalist luxury, independent fashion, high-end swimwear",TRUE,Color,Olive Drab,Size,L,TWESSIE_NA_BB_0310-Olive Drab-L,168.0,,10
twessie-na-bb-0310,Raw-Edge Olive Drab Bikini Bottom,<p>A statement piece in Matte Ribbed Knit. This bikini bottom combines minimalist luxury design with impeccable craftsmanship. Available in Olive Drab with Burnt Terracotta detailing. Not loud. Not obvious. Unmistakably Twessie.</p>,Twessie,Bikini Bottom,"minimalist bikini bottom, architectural swimsuit, minimalist luxury, independent fashion, high-end swimwear",TRUE,Color,Olive Drab,Size,XL,TWESSIE_NA_BB_0310-Olive Drab-XL,168.0,,10
twessie-na-bb-0310,Raw-Edge Olive Drab Bikini Bottom,<p>A statement piece in Matte Ribbed Knit. This bikini bottom combines minimalist luxury design with impeccable craftsmanship. Available in Olive Drab with Burnt Terracotta detailing. Not loud. Not obvious. Unmistakably Twessie.</p>,Twessie,Bikini Bottom,"minimalist bikini bottom, architectural swimsuit, minimalist luxury, independent fashion, high-end swimwear",TRUE,Color,Olive Drab,Size,XXL,TWESSIE_NA_BB_0310-Olive Drab-XXL,168.0,,10
twessie-na-bb-0310,Raw-Edge Olive Drab Bikini Bottom,<p>A statement piece in Matte Ribbed Knit. This bikini bottom combines minimalist luxury design with impeccable craftsmanship. Available in Olive Drab with Burnt Terracotta detailing. Not loud. Not obvious. Unmistakably Twessie.</p>,Twessie,Bikini Bottom,"minimalist bikini bottom, architectural swimsuit, minimalist luxury, independent fashion, high-end swimwear",TRUE,Color,Burnt Terracotta,Size,XS,TWESSIE_NA_BB_0310-Burnt Terracotta-XS,168.0,,10
twessie-na-bb-0310,Raw-Edge Olive Drab Bikini Bottom,<p>A statement piece in Matte Ribbed Knit. This bikini bottom combines minimalist luxury design with impeccable craftsmanship. Available in Olive Drab with Burnt Terracotta detailing. Not loud. Not obvious. Unmistakably Twessie.</p>,Twessie,Bikini Bottom,"minimalist bikini bottom, architectural swimsuit, minimalist luxury, independent fashion, high-end swimwear",TRUE,Color,Burnt Terracotta,Size,S,TWESSIE_NA_BB_0310-Burnt Terracotta-S,168.0,,10
twessie-na-bb-0310,Raw-Edge Olive Drab Bikini Bottom,<p>A statement piece in Matte Ribbed Knit. This bikini bottom combines minimalist luxury design with impeccable craftsmanship. Available in Olive Drab with Burnt Terracotta detailing. Not loud. Not obvious. Unmistakably Twessie.</p>,Twessie,Bikini Bottom,"minimalist bikini bottom, architectural swimsuit, minimalist luxury, independent fashion, high-end swimwear",TRUE,Color,Burnt Terracotta,Size,M,TWESSIE_NA_BB_0310-Burnt Terracotta-M,168.0,,10
twessie-na-bb-0310,Raw-Edge Olive Drab Bikini Bottom,<p>A statement piece in Matte Ribbed Knit. This bikini bottom combines minimalist luxury design with impeccable craftsmanship. Available in Olive Drab with Burnt Terracotta detailing. Not loud. Not obvious. Unmistakably Twessie.</p>,Twessie,Bikini Bottom,"minimalist bikini bottom, architectural swimsuit, minimalist luxury, independent fashion, high-end swimwear",TRUE,Color,Burnt Terracotta,Size,L,TWESSIE_NA_BB_0310-Burnt Terracotta-L,168.0,,10
twessie-na-bb-0310,Raw-Edge Olive Drab Bikini Bottom,<p>A statement piece in Matte Ribbed Knit. This bikini bottom combines minimalist luxury design with impeccable craftsmanship. Available in Olive Drab with Burnt Terracotta detailing. Not loud. Not obvious. Unmistakably Twessie.</p>,Twessie,Bikini Bottom,"minimalist bikini bottom, architectural swimsuit, minimalist luxury, independent fashion, high-end swimwear",TRUE,Color,Burnt Terracotta,Size,XL,TWESSIE_NA_BB_0310-Burnt Terracotta-XL,168.0,,10
twessie-na-bb-0310,Raw-Edge Olive Drab Bikini Bottom,<p>A statement piece in Matte Ribbed Knit. This bikini bottom combines minimalist luxury design with impeccable craftsmanship. Available in Olive Drab with Burnt Terracotta detailing. Not loud. Not obvious. Unmistakably Twessie.</p>,Twessie,Bikini Bottom,"minimalist bikini bottom, architectural swimsuit, minimalist luxury, independent fashion, high-end swimwear",TRUE,Color,Burnt Terracotta,Size,XXL,TWESSIE_NA_BB_0310-Burnt Terracotta-XXL,168.0,,10
twessie-sg-bt-0401,Architecture-Cut Obsidian Black Bikini Top,"<p>Econyl Sleek Satin construction meets architectural precision in this bikini top. Designed for the intelligent, independent woman. The Obsidian Black colorway with Burnt Terracotta accents creates a sophisticated palette. Pure rebellious yet refined elegance.</p>",Twessie,Bikini Top,"high-end swimwear, architectural swimsuit, minimalist bikini top, independent fashion, Econyl Sleek Satin bikini",TRUE,Color,Obsidian Black,Size,XS,TWESSIE_SG_BT_0401-Obsidian Black-XS,168.0,,10
twessie-sg-bt-0401,Architecture-Cut Obsidian Black Bikini Top,"<p>Econyl Sleek Satin construction meets architectural precision in this bikini top. Designed for the intelligent, independent woman. The Obsidian Black colorway with Burnt Terracotta accents creates a sophisticated palette. Pure rebellious yet refined elegance.</p>",Twessie,Bikini Top,"high-end swimwear, architectural swimsuit, minimalist bikini top, independent fashion, Econyl Sleek Satin bikini",TRUE,Color,Obsidian Black,Size,S,TWESSIE_SG_BT_0401-Obsidian Black-S,168.0,,10
twessie-sg-bt-0401,Architecture-Cut Obsidian Black Bikini Top,"<p>Econyl Sleek Satin construction meets architectural precision in this bikini top. Designed for the intelligent, independent woman. The Obsidian Black colorway with Burnt Terracotta accents creates a sophisticated palette. Pure rebellious yet refined elegance.</p>",Twessie,Bikini Top,"high-end swimwear, architectural swimsuit, minimalist bikini top, independent fashion, Econyl Sleek Satin bikini",TRUE,Color,Obsidian Black,Size,M,TWESSIE_SG_BT_0401-Obsidian Black-M,168.0,,10
twessie-sg-bt-0401,Architecture-Cut Obsidian Black Bikini Top,"<p>Econyl Sleek Satin construction meets architectural precision in this bikini top. Designed for the intelligent, independent woman. The Obsidian Black colorway with Burnt Terracotta accents creates a sophisticated palette. Pure rebellious yet refined elegance.</p>",Twessie,Bikini Top,"high-end swimwear, architectural swimsuit, minimalist bikini top, independent fashion, Econyl Sleek Satin bikini",TRUE,Color,Obsidian Black,Size,L,TWESSIE_SG_BT_0401-Obsidian Black-L,168.0,,10
twessie-sg-bt-0401,Architecture-Cut Obsidian Black Bikini Top,"<p>Econyl Sleek Satin construction meets architectural precision in this bikini top. Designed for the intelligent, independent woman. The Obsidian Black colorway with Burnt Terracotta accents creates a sophisticated palette. Pure rebellious yet refined elegance.</p>",Twessie,Bikini Top,"high-end swimwear, architectural swimsuit, minimalist bikini top, independent fashion, Econyl Sleek Satin bikini",TRUE,Color,Obsidian Black,Size,XL,TWESSIE_SG_BT_0401-Obsidian Black-XL,168.0,,10
twessie-sg-bt-0401,Architecture-Cut Obsidian Black Bikini Top,"<p>Econyl Sleek Satin construction meets architectural precision in this bikini top. Designed for the intelligent, independent woman. The Obsidian Black colorway with Burnt Terracotta accents creates a sophisticated palette. Pure rebellious yet refined elegance.</p>",Twessie,Bikini Top,"high-end swimwear, architectural swimsuit, minimalist bikini top, independent fashion, Econyl Sleek Satin bikini",TRUE,Color,Obsidian Black,Size,XXL,TWESSIE_SG_BT_0401-Obsidian Black-XXL,168.0,,10
twessie-sg-bt-0401,Architecture-Cut Obsidian Black Bikini Top,"<p>Econyl Sleek Satin construction meets architectural precision in this bikini top. Designed for the intelligent, independent woman. The Obsidian Black colorway with Burnt Terracotta accents creates a sophisticated palette. Pure rebellious yet refined elegance.</p>",Twessie,Bikini Top,"high-end swimwear, architectural swimsuit, minimalist bikini top, independent fashion, Econyl Sleek Satin bikini",TRUE,Color,Burnt Terracotta,Size,XS,TWESSIE_SG_BT_0401-Burnt Terracotta-XS,168.0,,10
twessie-sg-bt-0401,Architecture-Cut Obsidian Black Bikini Top,"<p>Econyl Sleek Satin construction meets architectural precision in this bikini top. Designed for the intelligent, independent woman. The Obsidian Black colorway with Burnt Terracotta accents creates a sophisticated palette. Pure rebellious yet refined elegance.</p>",Twessie,Bikini Top,"high-end swimwear, architectural swimsuit, minimalist bikini top, independent fashion, Econyl Sleek Satin bikini",TRUE,Color,Burnt Terracotta,Size,S,TWESSIE_SG_BT_0401-Burnt Terracotta-S,168.0,,10
twessie-sg-bt-0401,Architecture-Cut Obsidian Black Bikini Top,"<p>Econyl Sleek Satin construction meets architectural precision in this bikini top. Designed for the intelligent, independent woman. The Obsidian Black colorway with Burnt Terracotta accents creates a sophisticated palette. Pure rebellious yet refined elegance.</p>",Twessie,Bikini Top,"high-end swimwear, architectural swimsuit, minimalist bikini top, independent fashion, Econyl Sleek Satin bikini",TRUE,Color,Burnt Terracotta,Size,M,TWESSIE_SG_BT_0401-Burnt Terracotta-M,168.0,,10
twessie-sg-bt-0401,Architecture-Cut Obsidian Black Bikini Top,"<p>Econyl Sleek Satin construction meets architectural precision in this bikini top. Designed for the intelligent, independent woman. The Obsidian Black colorway with Burnt Terracotta accents creates a sophisticated palette. Pure rebellious yet refined elegance.</p>",Twessie,Bikini Top,"high-end swimwear, architectural swimsuit, minimalist bikini top, independent fashion, Econyl Sleek Satin bikini",TRUE,Color,Burnt Terracotta,Size,L,TWESSIE_SG_BT_0401-Burnt Terracotta-L,168.0,,10
twessie-sg-bt-0401,Architecture-Cut Obsidian Black Bikini Top,"<p>Econyl Sleek Satin construction meets architectural precision in this bikini top. Designed for the intelligent, independent woman. The Obsidian Black colorway with Burnt Terracotta accents creates a sophisticated palette. Pure rebellious yet refined elegance.</p>",Twessie,Bikini Top,"high-end swimwear, architectural swimsuit, minimalist bikini top, independent fashion, Econyl Sleek Satin bikini",TRUE,Color,Burnt Terracotta,Size,XL,TWESSIE_SG_BT_0401-Burnt Terracotta-XL,168.0,,10
twessie-sg-bt-0401,Architecture-Cut Obsidian Black Bikini Top,"<p>Econyl Sleek Satin construction meets architectural precision in this bikini top. Designed for the intelligent, independent woman. The Obsidian Black colorway with Burnt Terracotta accents creates a sophisticated palette. Pure rebellious yet refined elegance.</p>",Twessie,Bikini Top,"high-end swimwear, architectural swimsuit, minimalist bikini top, independent fashion, Econyl Sleek Satin bikini",TRUE,Color,Burnt Terracotta,Size,XXL,TWESSIE_SG_BT_0401-Burnt Terracotta-XXL,168.0,,10
twessie-au-bt-0402,Architecture-Cut Obsidian Black Bikini Top,"<p>Econyl Sleek Satin construction meets architectural precision in this bikini top. Designed for the intelligent, independent woman. The Obsidian Black colorway with Olive Drab accents creates a sophisticated palette. Pure rebellious yet refined elegance.</p>",Twessie,Bikini Top,"luxury Obsidian Black swimwear, Econyl Sleek Satin bikini, architectural swimsuit, high-end swimwear, independent fashion",TRUE,Color,Obsidian Black,Size,XS,TWESSIE_AU_BT_0402-Obsidian Black-XS,168.0,,10
twessie-au-bt-0402,Architecture-Cut Obsidian Black Bikini Top,"<p>Econyl Sleek Satin construction meets architectural precision in this bikini top. Designed for the intelligent, independent woman. The Obsidian Black colorway with Olive Drab accents creates a sophisticated palette. Pure rebellious yet refined elegance.</p>",Twessie,Bikini Top,"luxury Obsidian Black swimwear, Econyl Sleek Satin bikini, architectural swimsuit, high-end swimwear, independent fashion",TRUE,Color,Obsidian Black,Size,S,TWESSIE_AU_BT_0402-Obsidian Black-S,168.0,,10
twessie-au-bt-0402,Architecture-Cut Obsidian Black Bikini Top,"<p>Econyl Sleek Satin construction meets architectural precision in this bikini top. Designed for the intelligent, independent woman. The Obsidian Black colorway with Olive Drab accents creates a sophisticated palette. Pure rebellious yet refined elegance.</p>",Twessie,Bikini Top,"luxury Obsidian Black swimwear, Econyl Sleek Satin bikini, architectural swimsuit, high-end swimwear, independent fashion",TRUE,Color,Obsidian Black,Size,M,TWESSIE_AU_BT_0402-Obsidian Black-M,168.0,,10
twessie-au-bt-0402,Architecture-Cut Obsidian Black Bikini Top,"<p>Econyl Sleek Satin construction meets architectural precision in this bikini top. Designed for the intelligent, independent woman. The Obsidian Black colorway with Olive Drab accents creates a sophisticated palette. Pure rebellious yet refined elegance.</p>",Twessie,Bikini Top,"luxury Obsidian Black swimwear, Econyl Sleek Satin bikini, architectural swimsuit, high-end swimwear, independent fashion",TRUE,Color,Obsidian Black,Size,L,TWESSIE_AU_BT_0402-Obsidian Black-L,168.0,,10
twessie-au-bt-0402,Architecture-Cut Obsidian Black Bikini Top,"<p>Econyl Sleek Satin construction meets architectural precision in this bikini top. Designed for the intelligent, independent woman. The Obsidian Black colorway with Olive Drab accents creates a sophisticated palette. Pure rebellious yet refined elegance.</p>",Twessie,Bikini Top,"luxury Obsidian Black swimwear, Econyl Sleek Satin bikini, architectural swimsuit, high-end swimwear, independent fashion",TRUE,Color,Obsidian Black,Size,XL,TWESSIE_AU_BT_0402-Obsidian Black-XL,168.0,,10
twessie-au-bt-0402,Architecture-Cut Obsidian Black Bikini Top,"<p>Econyl Sleek Satin construction meets architectural precision in this bikini top. Designed for the intelligent, independent woman. The Obsidian Black colorway with Olive Drab accents creates a sophisticated palette. Pure rebellious yet refined elegance.</p>",Twessie,Bikini Top,"luxury Obsidian Black swimwear, Econyl Sleek Satin bikini, architectural swimsuit, high-end swimwear, independent fashion",TRUE,Color,Obsidian Black,Size,XXL,TWESSIE_AU_BT_0402-Obsidian Black-XXL,168.0,,10
twessie-au-bt-0402,Architecture-Cut Obsidian Black Bikini Top,"<p>Econyl Sleek Satin construction meets architectural precision in this bikini top. Designed for the intelligent, independent woman. The Obsidian Black colorway with Olive Drab accents creates a sophisticated palette. Pure rebellious yet refined elegance.</p>",Twessie,Bikini Top,"luxury Obsidian Black swimwear, Econyl Sleek Satin bikini, architectural swimsuit, high-end swimwear, independent fashion",TRUE,Color,Olive Drab,Size,XS,TWESSIE_AU_BT_0402-Olive Drab-XS,168.0,,10
twessie-au-bt-0402,Architecture-Cut Obsidian Black Bikini Top,"<p>Econyl Sleek Satin construction meets architectural precision in this bikini top. Designed for the intelligent, independent woman. The Obsidian Black colorway with Olive Drab accents creates a sophisticated palette. Pure rebellious yet refined elegance.</p>",Twessie,Bikini Top,"luxury Obsidian Black swimwear, Econyl Sleek Satin bikini, architectural swimsuit, high-end swimwear, independent fashion",TRUE,Color,Olive Drab,Size,S,TWESSIE_AU_BT_0402-Olive Drab-S,168.0,,10
twessie-au-bt-0402,Architecture-Cut Obsidian Black Bikini Top,"<p>Econyl Sleek Satin construction meets architectural precision in this bikini top. Designed for the intelligent, independent woman. The Obsidian Black colorway with Olive Drab accents creates a sophisticated palette. Pure rebellious yet refined elegance.</p>",Twessie,Bikini Top,"luxury Obsidian Black swimwear, Econyl Sleek Satin bikini, architectural swimsuit, high-end swimwear, independent fashion",TRUE,Color,Olive Drab,Size,M,TWESSIE_AU_BT_0402-Olive Drab-M,168.0,,10
twessie-au-bt-0402,Architecture-Cut Obsidian Black Bikini Top,"<p>Econyl Sleek Satin construction meets architectural precision in this bikini top. Designed for the intelligent, independent woman. The Obsidian Black colorway with Olive Drab accents creates a sophisticated palette. Pure rebellious yet refined elegance.</p>",Twessie,Bikini Top,"luxury Obsidian Black swimwear, Econyl Sleek Satin bikini, architectural swimsuit, high-end swimwear, independent fashion",TRUE,Color,Olive Drab,Size,L,TWESSIE_AU_BT_0402-Olive Drab-L,168.0,,10
twessie-au-bt-0402,Architecture-Cut Obsidian Black Bikini Top,"<p>Econyl Sleek Satin construction meets architectural precision in this bikini top. Designed for the intelligent, independent woman. The Obsidian Black colorway with Olive Drab accents creates a sophisticated palette. Pure rebellious yet refined elegance.</p>",Twessie,Bikini Top,"luxury Obsidian Black swimwear, Econyl Sleek Satin bikini, architectural swimsuit, high-end swimwear, independent fashion",TRUE,Color,Olive Drab,Size,XL,TWESSIE_AU_BT_0402-Olive Drab-XL,168.0,,10
twessie-au-bt-0402,Architecture-Cut Obsidian Black Bikini Top,"<p>Econyl Sleek Satin construction meets architectural precision in this bikini top. Designed for the intelligent, independent woman. The Obsidian Black colorway with Olive Drab accents creates a sophisticated palette. Pure rebellious yet refined elegance.</p>",Twessie,Bikini Top,"luxury Obsidian Black swimwear, Econyl Sleek Satin bikini, architectural swimsuit, high-end swimwear, independent fashion",TRUE,Color,Olive Drab,Size,XXL,TWESSIE_AU_BT_0402-Olive Drab-XXL,168.0,,10
twessie-au-bb-0403,Raw-Edge Obsidian Black Bikini Bottom,"<p>Econyl Sleek Satin construction meets architectural precision in this bikini bottom. Designed for the intelligent, independent woman. The Obsidian Black colorway with Chalk White accents creates a sophisticated palette. Pure intelligent aesthetic elegance.</p>",Twessie,Bikini Bottom,"high-end swimwear, luxury Obsidian Black swimwear, minimalist bikini bottom, architectural swimsuit, minimalist luxury",TRUE,Color,Obsidian Black,Size,XS,TWESSIE_AU_BB_0403-Obsidian Black-XS,168.0,,10
twessie-au-bb-0403,Raw-Edge Obsidian Black Bikini Bottom,"<p>Econyl Sleek Satin construction meets architectural precision in this bikini bottom. Designed for the intelligent, independent woman. The Obsidian Black colorway with Chalk White accents creates a sophisticated palette. Pure intelligent aesthetic elegance.</p>",Twessie,Bikini Bottom,"high-end swimwear, luxury Obsidian Black swimwear, minimalist bikini bottom, architectural swimsuit, minimalist luxury",TRUE,Color,Obsidian Black,Size,S,TWESSIE_AU_BB_0403-Obsidian Black-S,168.0,,10
twessie-au-bb-0403,Raw-Edge Obsidian Black Bikini Bottom,"<p>Econyl Sleek Satin construction meets architectural precision in this bikini bottom. Designed for the intelligent, independent woman. The Obsidian Black colorway with Chalk White accents creates a sophisticated palette. Pure intelligent aesthetic elegance.</p>",Twessie,Bikini Bottom,"high-end swimwear, luxury Obsidian Black swimwear, minimalist bikini bottom, architectural swimsuit, minimalist luxury",TRUE,Color,Obsidian Black,Size,M,TWESSIE_AU_BB_0403-Obsidian Black-M,168.0,,10
twessie-au-bb-0403,Raw-Edge Obsidian Black Bikini Bottom,"<p>Econyl Sleek Satin construction meets architectural precision in this bikini bottom. Designed for the intelligent, independent woman. The Obsidian Black colorway with Chalk White accents creates a sophisticated palette. Pure intelligent aesthetic elegance.</p>",Twessie,Bikini Bottom,"high-end swimwear, luxury Obsidian Black swimwear, minimalist bikini bottom, architectural swimsuit, minimalist luxury",TRUE,Color,Obsidian Black,Size,L,TWESSIE_AU_BB_0403-Obsidian Black-L,168.0,,10
twessie-au-bb-0403,Raw-Edge Obsidian Black Bikini Bottom,"<p>Econyl Sleek Satin construction meets architectural precision in this bikini bottom. Designed for the intelligent, independent woman. The Obsidian Black colorway with Chalk White accents creates a sophisticated palette. Pure intelligent aesthetic elegance.</p>",Twessie,Bikini Bottom,"high-end swimwear, luxury Obsidian Black swimwear, minimalist bikini bottom, architectural swimsuit, minimalist luxury",TRUE,Color,Obsidian Black,Size,XL,TWESSIE_AU_BB_0403-Obsidian Black-XL,168.0,,10
twessie-au-bb-0403,Raw-Edge Obsidian Black Bikini Bottom,"<p>Econyl Sleek Satin construction meets architectural precision in this bikini bottom. Designed for the intelligent, independent woman. The Obsidian Black colorway with Chalk White accents creates a sophisticated palette. Pure intelligent aesthetic elegance.</p>",Twessie,Bikini Bottom,"high-end swimwear, luxury Obsidian Black swimwear, minimalist bikini bottom, architectural swimsuit, minimalist luxury",TRUE,Color,Obsidian Black,Size,XXL,TWESSIE_AU_BB_0403-Obsidian Black-XXL,168.0,,10
twessie-au-bb-0403,Raw-Edge Obsidian Black Bikini Bottom,"<p>Econyl Sleek Satin construction meets architectural precision in this bikini bottom. Designed for the intelligent, independent woman. The Obsidian Black colorway with Chalk White accents creates a sophisticated palette. Pure intelligent aesthetic elegance.</p>",Twessie,Bikini Bottom,"high-end swimwear, luxury Obsidian Black swimwear, minimalist bikini bottom, architectural swimsuit, minimalist luxury",TRUE,Color,Chalk White,Size,XS,TWESSIE_AU_BB_0403-Chalk White-XS,168.0,,10
twessie-au-bb-0403,Raw-Edge Obsidian Black Bikini Bottom,"<p>Econyl Sleek Satin construction meets architectural precision in this bikini bottom. Designed for the intelligent, independent woman. The Obsidian Black colorway with Chalk White accents creates a sophisticated palette. Pure intelligent aesthetic elegance.</p>",Twessie,Bikini Bottom,"high-end swimwear, luxury Obsidian Black swimwear, minimalist bikini bottom, architectural swimsuit, minimalist luxury",TRUE,Color,Chalk White,Size,S,TWESSIE_AU_BB_0403-Chalk White-S,168.0,,10
twessie-au-bb-0403,Raw-Edge Obsidian Black Bikini Bottom,"<p>Econyl Sleek Satin construction meets architectural precision in this bikini bottom. Designed for the intelligent, independent woman. The Obsidian Black colorway with Chalk White accents creates a sophisticated palette. Pure intelligent aesthetic elegance.</p>",Twessie,Bikini Bottom,"high-end swimwear, luxury Obsidian Black swimwear, minimalist bikini bottom, architectural swimsuit, minimalist luxury",TRUE,Color,Chalk White,Size,M,TWESSIE_AU_BB_0403-Chalk White-M,168.0,,10
twessie-au-bb-0403,Raw-Edge Obsidian Black Bikini Bottom,"<p>Econyl Sleek Satin construction meets architectural precision in this bikini bottom. Designed for the intelligent, independent woman. The Obsidian Black colorway with Chalk White accents creates a sophisticated palette. Pure intelligent aesthetic elegance.</p>",Twessie,Bikini Bottom,"high-end swimwear, luxury Obsidian Black swimwear, minimalist bikini bottom, architectural swimsuit, minimalist luxury",TRUE,Color,Chalk White,Size,L,TWESSIE_AU_BB_0403-Chalk White-L,168.0,,10
twessie-au-bb-0403,Raw-Edge Obsidian Black Bikini Bottom,"<p>Econyl Sleek Satin construction meets architectural precision in this bikini bottom. Designed for the intelligent, independent woman. The Obsidian Black colorway with Chalk White accents creates a sophisticated palette. Pure intelligent aesthetic elegance.</p>",Twessie,Bikini Bottom,"high-end swimwear, luxury Obsidian Black swimwear, minimalist bikini bottom, architectural swimsuit, minimalist luxury",TRUE,Color,Chalk White,Size,XL,TWESSIE_AU_BB_0403-Chalk White-XL,168.0,,10
twessie-au-bb-0403,Raw-Edge Obsidian Black Bikini Bottom,"<p>Econyl Sleek Satin construction meets architectural precision in this bikini bottom. Designed for the intelligent, independent woman. The Obsidian Black colorway with Chalk White accents creates a sophisticated palette. Pure intelligent aesthetic elegance.</p>",Twessie,Bikini Bottom,"high-end swimwear, luxury Obsidian Black swimwear, minimalist bikini bottom, architectural swimsuit, minimalist luxury",TRUE,Color,Chalk White,Size,XXL,TWESSIE_AU_BB_0403-Chalk White-XXL,168.0,,10
twessie-eu-bb-0404,Structural Crinkled Seersucker Bikini Bottom,"<p>Crinkled Seersucker construction meets architectural precision in this bikini bottom. Designed for the intelligent, independent woman. The Stone Gray colorway with Chalk White accents creates a sophisticated palette. Pure anti-fashion statement elegance.</p>",Twessie,Bikini Bottom,"luxury Stone Gray swimwear, minimalist luxury, high-end swimwear, independent fashion, minimalist bikini bottom",TRUE,Color,Stone Gray,Size,XS,TWESSIE_EU_BB_0404-Stone Gray-XS,168.0,,10
twessie-eu-bb-0404,Structural Crinkled Seersucker Bikini Bottom,"<p>Crinkled Seersucker construction meets architectural precision in this bikini bottom. Designed for the intelligent, independent woman. The Stone Gray colorway with Chalk White accents creates a sophisticated palette. Pure anti-fashion statement elegance.</p>",Twessie,Bikini Bottom,"luxury Stone Gray swimwear, minimalist luxury, high-end swimwear, independent fashion, minimalist bikini bottom",TRUE,Color,Stone Gray,Size,S,TWESSIE_EU_BB_0404-Stone Gray-S,168.0,,10
twessie-eu-bb-0404,Structural Crinkled Seersucker Bikini Bottom,"<p>Crinkled Seersucker construction meets architectural precision in this bikini bottom. Designed for the intelligent, independent woman. The Stone Gray colorway with Chalk White accents creates a sophisticated palette. Pure anti-fashion statement elegance.</p>",Twessie,Bikini Bottom,"luxury Stone Gray swimwear, minimalist luxury, high-end swimwear, independent fashion, minimalist bikini bottom",TRUE,Color,Stone Gray,Size,M,TWESSIE_EU_BB_0404-Stone Gray-M,168.0,,10
twessie-eu-bb-0404,Structural Crinkled Seersucker Bikini Bottom,"<p>Crinkled Seersucker construction meets architectural precision in this bikini bottom. Designed for the intelligent, independent woman. The Stone Gray colorway with Chalk White accents creates a sophisticated palette. Pure anti-fashion statement elegance.</p>",Twessie,Bikini Bottom,"luxury Stone Gray swimwear, minimalist luxury, high-end swimwear, independent fashion, minimalist bikini bottom",TRUE,Color,Stone Gray,Size,L,TWESSIE_EU_BB_0404-Stone Gray-L,168.0,,10
twessie-eu-bb-0404,Structural Crinkled Seersucker Bikini Bottom,"<p>Crinkled Seersucker construction meets architectural precision in this bikini bottom. Designed for the intelligent, independent woman. The Stone Gray colorway with Chalk White accents creates a sophisticated palette. Pure anti-fashion statement elegance.</p>",Twessie,Bikini Bottom,"luxury Stone Gray swimwear, minimalist luxury, high-end swimwear, independent fashion, minimalist bikini bottom",TRUE,Color,Stone Gray,Size,XL,TWESSIE_EU_BB_0404-Stone Gray-XL,168.0,,10
twessie-eu-bb-0404,Structural Crinkled Seersucker Bikini Bottom,"<p>Crinkled Seersucker construction meets architectural precision in this bikini bottom. Designed for the intelligent, independent woman. The Stone Gray colorway with Chalk White accents creates a sophisticated palette. Pure anti-fashion statement elegance.</p>",Twessie,Bikini Bottom,"luxury Stone Gray swimwear, minimalist luxury, high-end swimwear, independent fashion, minimalist bikini bottom",TRUE,Color,Stone Gray,Size,XXL,TWESSIE_EU_BB_0404-Stone Gray-XXL,168.0,,10
twessie-eu-bb-0404,Structural Crinkled Seersucker Bikini Bottom,"<p>Crinkled Seersucker construction meets architectural precision in this bikini bottom. Designed for the intelligent, independent woman. The Stone Gray colorway with Chalk White accents creates a sophisticated palette. Pure anti-fashion statement elegance.</p>",Twessie,Bikini Bottom,"luxury Stone Gray swimwear, minimalist luxury, high-end swimwear, independent fashion, minimalist bikini bottom",TRUE,Color,Chalk White,Size,XS,TWESSIE_EU_BB_0404-Chalk White-XS,168.0,,10
twessie-eu-bb-0404,Structural Crinkled Seersucker Bikini Bottom,"<p>Crinkled Seersucker construction meets architectural precision in this bikini bottom. Designed for the intelligent, independent woman. The Stone Gray colorway with Chalk White accents creates a sophisticated palette. Pure anti-fashion statement elegance.</p>",Twessie,Bikini Bottom,"luxury Stone Gray swimwear, minimalist luxury, high-end swimwear, independent fashion, minimalist bikini bottom",TRUE,Color,Chalk White,Size,S,TWESSIE_EU_BB_0404-Chalk White-S,168.0,,10
twessie-eu-bb-0404,Structural Crinkled Seersucker Bikini Bottom,"<p>Crinkled Seersucker construction meets architectural precision in this bikini bottom. Designed for the intelligent, independent woman. The Stone Gray colorway with Chalk White accents creates a sophisticated palette. Pure anti-fashion statement elegance.</p>",Twessie,Bikini Bottom,"luxury Stone Gray swimwear, minimalist luxury, high-end swimwear, independent fashion, minimalist bikini bottom",TRUE,Color,Chalk White,Size,M,TWESSIE_EU_BB_0404-Chalk White-M,168.0,,10
twessie-eu-bb-0404,Structural Crinkled Seersucker Bikini Bottom,"<p>Crinkled Seersucker construction meets architectural precision in this bikini bottom. Designed for the intelligent, independent woman. The Stone Gray colorway with Chalk White accents creates a sophisticated palette. Pure anti-fashion statement elegance.</p>",Twessie,Bikini Bottom,"luxury Stone Gray swimwear, minimalist luxury, high-end swimwear, independent fashion, minimalist bikini bottom",TRUE,Color,Chalk White,Size,L,TWESSIE_EU_BB_0404-Chalk White-L,168.0,,10
twessie-eu-bb-0404,Structural Crinkled Seersucker Bikini Bottom,"<p>Crinkled Seersucker construction meets architectural precision in this bikini bottom. Designed for the intelligent, independent woman. The Stone Gray colorway with Chalk White accents creates a sophisticated palette. Pure anti-fashion statement elegance.</p>",Twessie,Bikini Bottom,"luxury Stone Gray swimwear, minimalist luxury, high-end swimwear, independent fashion, minimalist bikini bottom",TRUE,Color,Chalk White,Size,XL,TWESSIE_EU_BB_0404-Chalk White-XL,168.0,,10
twessie-eu-bb-0404,Structural Crinkled Seersucker Bikini Bottom,"<p>Crinkled Seersucker construction meets architectural precision in this bikini bottom. Designed for the intelligent, independent woman. The Stone Gray colorway with Chalk White accents creates a sophisticated palette. Pure anti-fashion statement elegance.</p>",Twessie,Bikini Bottom,"luxury Stone Gray swimwear, minimalist luxury, high-end swimwear, independent fashion, minimalist bikini bottom",TRUE,Color,Chalk White,Size,XXL,TWESSIE_EU_BB_0404-Chalk White-XXL,168.0,,10
twessie-sg-bb-0405,Structural Crinkled Seersucker Bikini Bottom,"<p>Crinkled Seersucker construction meets architectural precision in this bikini bottom. Designed for the intelligent, independent woman. The Stone Gray colorway with Chalk White accents creates a sophisticated palette. Pure anti-fashion statement elegance.</p>",Twessie,Bikini Bottom,"minimalist bikini bottom, independent fashion, high-end swimwear, architectural swimsuit, minimalist luxury",TRUE,Color,Stone Gray,Size,XS,TWESSIE_SG_BB_0405-Stone Gray-XS,168.0,,10
twessie-sg-bb-0405,Structural Crinkled Seersucker Bikini Bottom,"<p>Crinkled Seersucker construction meets architectural precision in this bikini bottom. Designed for the intelligent, independent woman. The Stone Gray colorway with Chalk White accents creates a sophisticated palette. Pure anti-fashion statement elegance.</p>",Twessie,Bikini Bottom,"minimalist bikini bottom, independent fashion, high-end swimwear, architectural swimsuit, minimalist luxury",TRUE,Color,Stone Gray,Size,S,TWESSIE_SG_BB_0405-Stone Gray-S,168.0,,10
twessie-sg-bb-0405,Structural Crinkled Seersucker Bikini Bottom,"<p>Crinkled Seersucker construction meets architectural precision in this bikini bottom. Designed for the intelligent, independent woman. The Stone Gray colorway with Chalk White accents creates a sophisticated palette. Pure anti-fashion statement elegance.</p>",Twessie,Bikini Bottom,"minimalist bikini bottom, independent fashion, high-end swimwear, architectural swimsuit, minimalist luxury",TRUE,Color,Stone Gray,Size,M,TWESSIE_SG_BB_0405-Stone Gray-M,168.0,,10
twessie-sg-bb-0405,Structural Crinkled Seersucker Bikini Bottom,"<p>Crinkled Seersucker construction meets architectural precision in this bikini bottom. Designed for the intelligent, independent woman. The Stone Gray colorway with Chalk White accents creates a sophisticated palette. Pure anti-fashion statement elegance.</p>",Twessie,Bikini Bottom,"minimalist bikini bottom, independent fashion, high-end swimwear, architectural swimsuit, minimalist luxury",TRUE,Color,Stone Gray,Size,L,TWESSIE_SG_BB_0405-Stone Gray-L,168.0,,10
twessie-sg-bb-0405,Structural Crinkled Seersucker Bikini Bottom,"<p>Crinkled Seersucker construction meets architectural precision in this bikini bottom. Designed for the intelligent, independent woman. The Stone Gray colorway with Chalk White accents creates a sophisticated palette. Pure anti-fashion statement elegance.</p>",Twessie,Bikini Bottom,"minimalist bikini bottom, independent fashion, high-end swimwear, architectural swimsuit, minimalist luxury",TRUE,Color,Stone Gray,Size,XL,TWESSIE_SG_BB_0405-Stone Gray-XL,168.0,,10
twessie-sg-bb-0405,Structural Crinkled Seersucker Bikini Bottom,"<p>Crinkled Seersucker construction meets architectural precision in this bikini bottom. Designed for the intelligent, independent woman. The Stone Gray colorway with Chalk White accents creates a sophisticated palette. Pure anti-fashion statement elegance.</p>",Twessie,Bikini Bottom,"minimalist bikini bottom, independent fashion, high-end swimwear, architectural swimsuit, minimalist luxury",TRUE,Color,Stone Gray,Size,XXL,TWESSIE_SG_BB_0405-Stone Gray-XXL,168.0,,10
twessie-sg-bb-0405,Structural Crinkled Seersucker Bikini Bottom,"<p>Crinkled Seersucker construction meets architectural precision in this bikini bottom. Designed for the intelligent, independent woman. The Stone Gray colorway with Chalk White accents creates a sophisticated palette. Pure anti-fashion statement elegance.</p>",Twessie,Bikini Bottom,"minimalist bikini bottom, independent fashion, high-end swimwear, architectural swimsuit, minimalist luxury",TRUE,Color,Chalk White,Size,XS,TWESSIE_SG_BB_0405-Chalk White-XS,168.0,,10
twessie-sg-bb-0405,Structural Crinkled Seersucker Bikini Bottom,"<p>Crinkled Seersucker construction meets architectural precision in this bikini bottom. Designed for the intelligent, independent woman. The Stone Gray colorway with Chalk White accents creates a sophisticated palette. Pure anti-fashion statement elegance.</p>",Twessie,Bikini Bottom,"minimalist bikini bottom, independent fashion, high-end swimwear, architectural swimsuit, minimalist luxury",TRUE,Color,Chalk White,Size,S,TWESSIE_SG_BB_0405-Chalk White-S,168.0,,10
twessie-sg-bb-0405,Structural Crinkled Seersucker Bikini Bottom,"<p>Crinkled Seersucker construction meets architectural precision in this bikini bottom. Designed for the intelligent, independent woman. The Stone Gray colorway with Chalk White accents creates a sophisticated palette. Pure anti-fashion statement elegance.</p>",Twessie,Bikini Bottom,"minimalist bikini bottom, independent fashion, high-end swimwear, architectural swimsuit, minimalist luxury",TRUE,Color,Chalk White,Size,M,TWESSIE_SG_BB_0405-Chalk White-M,168.0,,10
twessie-sg-bb-0405,Structural Crinkled Seersucker Bikini Bottom,"<p>Crinkled Seersucker construction meets architectural precision in this bikini bottom. Designed for the intelligent, independent woman. The Stone Gray colorway with Chalk White accents creates a sophisticated palette. Pure anti-fashion statement elegance.</p>",Twessie,Bikini Bottom,"minimalist bikini bottom, independent fashion, high-end swimwear, architectural swimsuit, minimalist luxury",TRUE,Color,Chalk White,Size,L,TWESSIE_SG_BB_0405-Chalk White-L,168.0,,10
twessie-sg-bb-0405,Structural Crinkled Seersucker Bikini Bottom,"<p>Crinkled Seersucker construction meets architectural precision in this bikini bottom. Designed for the intelligent, independent woman. The Stone Gray colorway with Chalk White accents creates a sophisticated palette. Pure anti-fashion statement elegance.</p>",Twessie,Bikini Bottom,"minimalist bikini bottom, independent fashion, high-end swimwear, architectural swimsuit, minimalist luxury",TRUE,Color,Chalk White,Size,XL,TWESSIE_SG_BB_0405-Chalk White-XL,168.0,,10
twessie-sg-bb-0405,Structural Crinkled Seersucker Bikini Bottom,"<p>Crinkled Seersucker construction meets architectural precision in this bikini bottom. Designed for the intelligent, independent woman. The Stone Gray colorway with Chalk White accents creates a sophisticated palette. Pure anti-fashion statement elegance.</p>",Twessie,Bikini Bottom,"minimalist bikini bottom, independent fashion, high-end swimwear, architectural swimsuit, minimalist luxury",TRUE,Color,Chalk White,Size,XXL,TWESSIE_SG_BB_0405-Chalk White-XXL,168.0,,10
twessie-eu-ha-0406,Minimalist Halter Extension - Burnt Terracotta,<p>Crafted in premium Matte Ribbed Knit with Crinkled Seersucker accents. This halter strap accessory epitomizes rebellious yet refined luxury. Featuring color-blocking in Burnt Terracotta and Olive Drab. Perfect for the discerning swimmer who refuses the obvious.</p>,Twessie,Halter Strap Accessory,"minimalist luxury, Matte Ribbed Knit bikini, high-end swimwear, luxury Burnt Terracotta swimwear, minimalist halter strap accessory",TRUE,Color,Burnt Terracotta,Size,XS,TWESSIE_EU_HA_0406-Burnt Terracotta-XS,168.0,,10
twessie-eu-ha-0406,Minimalist Halter Extension - Burnt Terracotta,<p>Crafted in premium Matte Ribbed Knit with Crinkled Seersucker accents. This halter strap accessory epitomizes rebellious yet refined luxury. Featuring color-blocking in Burnt Terracotta and Olive Drab. Perfect for the discerning swimmer who refuses the obvious.</p>,Twessie,Halter Strap Accessory,"minimalist luxury, Matte Ribbed Knit bikini, high-end swimwear, luxury Burnt Terracotta swimwear, minimalist halter strap accessory",TRUE,Color,Burnt Terracotta,Size,S,TWESSIE_EU_HA_0406-Burnt Terracotta-S,168.0,,10
twessie-eu-ha-0406,Minimalist Halter Extension - Burnt Terracotta,<p>Crafted in premium Matte Ribbed Knit with Crinkled Seersucker accents. This halter strap accessory epitomizes rebellious yet refined luxury. Featuring color-blocking in Burnt Terracotta and Olive Drab. Perfect for the discerning swimmer who refuses the obvious.</p>,Twessie,Halter Strap Accessory,"minimalist luxury, Matte Ribbed Knit bikini, high-end swimwear, luxury Burnt Terracotta swimwear, minimalist halter strap accessory",TRUE,Color,Burnt Terracotta,Size,M,TWESSIE_EU_HA_0406-Burnt Terracotta-M,168.0,,10
twessie-eu-ha-0406,Minimalist Halter Extension - Burnt Terracotta,<p>Crafted in premium Matte Ribbed Knit with Crinkled Seersucker accents. This halter strap accessory epitomizes rebellious yet refined luxury. Featuring color-blocking in Burnt Terracotta and Olive Drab. Perfect for the discerning swimmer who refuses the obvious.</p>,Twessie,Halter Strap Accessory,"minimalist luxury, Matte Ribbed Knit bikini, high-end swimwear, luxury Burnt Terracotta swimwear, minimalist halter strap accessory",TRUE,Color,Burnt Terracotta,Size,L,TWESSIE_EU_HA_0406-Burnt Terracotta-L,168.0,,10
twessie-eu-ha-0406,Minimalist Halter Extension - Burnt Terracotta,<p>Crafted in premium Matte Ribbed Knit with Crinkled Seersucker accents. This halter strap accessory epitomizes rebellious yet refined luxury. Featuring color-blocking in Burnt Terracotta and Olive Drab. Perfect for the discerning swimmer who refuses the obvious.</p>,Twessie,Halter Strap Accessory,"minimalist luxury, Matte Ribbed Knit bikini, high-end swimwear, luxury Burnt Terracotta swimwear, minimalist halter strap accessory",TRUE,Color,Burnt Terracotta,Size,XL,TWESSIE_EU_HA_0406-Burnt Terracotta-XL,168.0,,10
twessie-eu-ha-0406,Minimalist Halter Extension - Burnt Terracotta,<p>Crafted in premium Matte Ribbed Knit with Crinkled Seersucker accents. This halter strap accessory epitomizes rebellious yet refined luxury. Featuring color-blocking in Burnt Terracotta and Olive Drab. Perfect for the discerning swimmer who refuses the obvious.</p>,Twessie,Halter Strap Accessory,"minimalist luxury, Matte Ribbed Knit bikini, high-end swimwear, luxury Burnt Terracotta swimwear, minimalist halter strap accessory",TRUE,Color,Burnt Terracotta,Size,XXL,TWESSIE_EU_HA_0406-Burnt Terracotta-XXL,168.0,,10
twessie-eu-ha-0406,Minimalist Halter Extension - Burnt Terracotta,<p>Crafted in premium Matte Ribbed Knit with Crinkled Seersucker accents. This halter strap accessory epitomizes rebellious yet refined luxury. Featuring color-blocking in Burnt Terracotta and Olive Drab. Perfect for the discerning swimmer who refuses the obvious.</p>,Twessie,Halter Strap Accessory,"minimalist luxury, Matte Ribbed Knit bikini, high-end swimwear, luxury Burnt Terracotta swimwear, minimalist halter strap accessory",TRUE,Color,Olive Drab,Size,XS,TWESSIE_EU_HA_0406-Olive Drab-XS,168.0,,10
twessie-eu-ha-0406,Minimalist Halter Extension - Burnt Terracotta,<p>Crafted in premium Matte Ribbed Knit with Crinkled Seersucker accents. This halter strap accessory epitomizes rebellious yet refined luxury. Featuring color-blocking in Burnt Terracotta and Olive Drab. Perfect for the discerning swimmer who refuses the obvious.</p>,Twessie,Halter Strap Accessory,"minimalist luxury, Matte Ribbed Knit bikini, high-end swimwear, luxury Burnt Terracotta swimwear, minimalist halter strap accessory",TRUE,Color,Olive Drab,Size,S,TWESSIE_EU_HA_0406-Olive Drab-S,168.0,,10
twessie-eu-ha-0406,Minimalist Halter Extension - Burnt Terracotta,<p>Crafted in premium Matte Ribbed Knit with Crinkled Seersucker accents. This halter strap accessory epitomizes rebellious yet refined luxury. Featuring color-blocking in Burnt Terracotta and Olive Drab. Perfect for the discerning swimmer who refuses the obvious.</p>,Twessie,Halter Strap Accessory,"minimalist luxury, Matte Ribbed Knit bikini, high-end swimwear, luxury Burnt Terracotta swimwear, minimalist halter strap accessory",TRUE,Color,Olive Drab,Size,M,TWESSIE_EU_HA_0406-Olive Drab-M,168.0,,10
twessie-eu-ha-0406,Minimalist Halter Extension - Burnt Terracotta,<p>Crafted in premium Matte Ribbed Knit with Crinkled Seersucker accents. This halter strap accessory epitomizes rebellious yet refined luxury. Featuring color-blocking in Burnt Terracotta and Olive Drab. Perfect for the discerning swimmer who refuses the obvious.</p>,Twessie,Halter Strap Accessory,"minimalist luxury, Matte Ribbed Knit bikini, high-end swimwear, luxury Burnt Terracotta swimwear, minimalist halter strap accessory",TRUE,Color,Olive Drab,Size,L,TWESSIE_EU_HA_0406-Olive Drab-L,168.0,,10
twessie-eu-ha-0406,Minimalist Halter Extension - Burnt Terracotta,<p>Crafted in premium Matte Ribbed Knit with Crinkled Seersucker accents. This halter strap accessory epitomizes rebellious yet refined luxury. Featuring color-blocking in Burnt Terracotta and Olive Drab. Perfect for the discerning swimmer who refuses the obvious.</p>,Twessie,Halter Strap Accessory,"minimalist luxury, Matte Ribbed Knit bikini, high-end swimwear, luxury Burnt Terracotta swimwear, minimalist halter strap accessory",TRUE,Color,Olive Drab,Size,XL,TWESSIE_EU_HA_0406-Olive Drab-XL,168.0,,10
twessie-eu-ha-0406,Minimalist Halter Extension - Burnt Terracotta,<p>Crafted in premium Matte Ribbed Knit with Crinkled Seersucker accents. This halter strap accessory epitomizes rebellious yet refined luxury. Featuring color-blocking in Burnt Terracotta and Olive Drab. Perfect for the discerning swimmer who refuses the obvious.</p>,Twessie,Halter Strap Accessory,"minimalist luxury, Matte Ribbed Knit bikini, high-end swimwear, luxury Burnt Terracotta swimwear, minimalist halter strap accessory",TRUE,Color,Olive Drab,Size,XXL,TWESSIE_EU_HA_0406-Olive Drab-XXL,168.0,,10
twessie-na-bt-0407,Architecture-Cut Chalk White Bikini Top,<p>Crafted in premium Crinkled Seersucker with Econyl Sleek Satin accents. This bikini top epitomizes anti-fashion statement luxury. Featuring color-blocking in Chalk White and Stone Gray. Perfect for the discerning swimmer who refuses the obvious.</p>,Twessie,Bikini Top,"Crinkled Seersucker bikini, luxury Chalk White swimwear, minimalist bikini top, architectural swimsuit, minimalist luxury",TRUE,Color,Chalk White,Size,XS,TWESSIE_NA_BT_0407-Chalk White-XS,168.0,,10
twessie-na-bt-0407,Architecture-Cut Chalk White Bikini Top,<p>Crafted in premium Crinkled Seersucker with Econyl Sleek Satin accents. This bikini top epitomizes anti-fashion statement luxury. Featuring color-blocking in Chalk White and Stone Gray. Perfect for the discerning swimmer who refuses the obvious.</p>,Twessie,Bikini Top,"Crinkled Seersucker bikini, luxury Chalk White swimwear, minimalist bikini top, architectural swimsuit, minimalist luxury",TRUE,Color,Chalk White,Size,S,TWESSIE_NA_BT_0407-Chalk White-S,168.0,,10
twessie-na-bt-0407,Architecture-Cut Chalk White Bikini Top,<p>Crafted in premium Crinkled Seersucker with Econyl Sleek Satin accents. This bikini top epitomizes anti-fashion statement luxury. Featuring color-blocking in Chalk White and Stone Gray. Perfect for the discerning swimmer who refuses the obvious.</p>,Twessie,Bikini Top,"Crinkled Seersucker bikini, luxury Chalk White swimwear, minimalist bikini top, architectural swimsuit, minimalist luxury",TRUE,Color,Chalk White,Size,M,TWESSIE_NA_BT_0407-Chalk White-M,168.0,,10
twessie-na-bt-0407,Architecture-Cut Chalk White Bikini Top,<p>Crafted in premium Crinkled Seersucker with Econyl Sleek Satin accents. This bikini top epitomizes anti-fashion statement luxury. Featuring color-blocking in Chalk White and Stone Gray. Perfect for the discerning swimmer who refuses the obvious.</p>,Twessie,Bikini Top,"Crinkled Seersucker bikini, luxury Chalk White swimwear, minimalist bikini top, architectural swimsuit, minimalist luxury",TRUE,Color,Chalk White,Size,L,TWESSIE_NA_BT_0407-Chalk White-L,168.0,,10
twessie-na-bt-0407,Architecture-Cut Chalk White Bikini Top,<p>Crafted in premium Crinkled Seersucker with Econyl Sleek Satin accents. This bikini top epitomizes anti-fashion statement luxury. Featuring color-blocking in Chalk White and Stone Gray. Perfect for the discerning swimmer who refuses the obvious.</p>,Twessie,Bikini Top,"Crinkled Seersucker bikini, luxury Chalk White swimwear, minimalist bikini top, architectural swimsuit, minimalist luxury",TRUE,Color,Chalk White,Size,XL,TWESSIE_NA_BT_0407-Chalk White-XL,168.0,,10
twessie-na-bt-0407,Architecture-Cut Chalk White Bikini Top,<p>Crafted in premium Crinkled Seersucker with Econyl Sleek Satin accents. This bikini top epitomizes anti-fashion statement luxury. Featuring color-blocking in Chalk White and Stone Gray. Perfect for the discerning swimmer who refuses the obvious.</p>,Twessie,Bikini Top,"Crinkled Seersucker bikini, luxury Chalk White swimwear, minimalist bikini top, architectural swimsuit, minimalist luxury",TRUE,Color,Chalk White,Size,XXL,TWESSIE_NA_BT_0407-Chalk White-XXL,168.0,,10
twessie-na-bt-0407,Architecture-Cut Chalk White Bikini Top,<p>Crafted in premium Crinkled Seersucker with Econyl Sleek Satin accents. This bikini top epitomizes anti-fashion statement luxury. Featuring color-blocking in Chalk White and Stone Gray. Perfect for the discerning swimmer who refuses the obvious.</p>,Twessie,Bikini Top,"Crinkled Seersucker bikini, luxury Chalk White swimwear, minimalist bikini top, architectural swimsuit, minimalist luxury",TRUE,Color,Stone Gray,Size,XS,TWESSIE_NA_BT_0407-Stone Gray-XS,168.0,,10
twessie-na-bt-0407,Architecture-Cut Chalk White Bikini Top,<p>Crafted in premium Crinkled Seersucker with Econyl Sleek Satin accents. This bikini top epitomizes anti-fashion statement luxury. Featuring color-blocking in Chalk White and Stone Gray. Perfect for the discerning swimmer who refuses the obvious.</p>,Twessie,Bikini Top,"Crinkled Seersucker bikini, luxury Chalk White swimwear, minimalist bikini top, architectural swimsuit, minimalist luxury",TRUE,Color,Stone Gray,Size,S,TWESSIE_NA_BT_0407-Stone Gray-S,168.0,,10
twessie-na-bt-0407,Architecture-Cut Chalk White Bikini Top,<p>Crafted in premium Crinkled Seersucker with Econyl Sleek Satin accents. This bikini top epitomizes anti-fashion statement luxury. Featuring color-blocking in Chalk White and Stone Gray. Perfect for the discerning swimmer who refuses the obvious.</p>,Twessie,Bikini Top,"Crinkled Seersucker bikini, luxury Chalk White swimwear, minimalist bikini top, architectural swimsuit, minimalist luxury",TRUE,Color,Stone Gray,Size,M,TWESSIE_NA_BT_0407-Stone Gray-M,168.0,,10
twessie-na-bt-0407,Architecture-Cut Chalk White Bikini Top,<p>Crafted in premium Crinkled Seersucker with Econyl Sleek Satin accents. This bikini top epitomizes anti-fashion statement luxury. Featuring color-blocking in Chalk White and Stone Gray. Perfect for the discerning swimmer who refuses the obvious.</p>,Twessie,Bikini Top,"Crinkled Seersucker bikini, luxury Chalk White swimwear, minimalist bikini top, architectural swimsuit, minimalist luxury",TRUE,Color,Stone Gray,Size,L,TWESSIE_NA_BT_0407-Stone Gray-L,168.0,,10
twessie-na-bt-0407,Architecture-Cut Chalk White Bikini Top,<p>Crafted in premium Crinkled Seersucker with Econyl Sleek Satin accents. This bikini top epitomizes anti-fashion statement luxury. Featuring color-blocking in Chalk White and Stone Gray. Perfect for the discerning swimmer who refuses the obvious.</p>,Twessie,Bikini Top,"Crinkled Seersucker bikini, luxury Chalk White swimwear, minimalist bikini top, architectural swimsuit, minimalist luxury",TRUE,Color,Stone Gray,Size,XL,TWESSIE_NA_BT_0407-Stone Gray-XL,168.0,,10
twessie-na-bt-0407,Architecture-Cut Chalk White Bikini Top,<p>Crafted in premium Crinkled Seersucker with Econyl Sleek Satin accents. This bikini top epitomizes anti-fashion statement luxury. Featuring color-blocking in Chalk White and Stone Gray. Perfect for the discerning swimmer who refuses the obvious.</p>,Twessie,Bikini Top,"Crinkled Seersucker bikini, luxury Chalk White swimwear, minimalist bikini top, architectural swimsuit, minimalist luxury",TRUE,Color,Stone Gray,Size,XXL,TWESSIE_NA_BT_0407-Stone Gray-XXL,168.0,,10
twessie-eu-bt-0408,Architecture-Cut Burnt Terracotta Bikini Top,<p>A statement piece in Matte Ribbed Knit. This bikini top combines anti-fashion statement design with impeccable craftsmanship. Available in Burnt Terracotta with Olive Drab detailing. Not loud. Not obvious. Unmistakably Twessie.</p>,Twessie,Bikini Top,"architectural swimsuit, Matte Ribbed Knit bikini, high-end swimwear, luxury Burnt Terracotta swimwear, minimalist bikini top",TRUE,Color,Burnt Terracotta,Size,XS,TWESSIE_EU_BT_0408-Burnt Terracotta-XS,168.0,,10
twessie-eu-bt-0408,Architecture-Cut Burnt Terracotta Bikini Top,<p>A statement piece in Matte Ribbed Knit. This bikini top combines anti-fashion statement design with impeccable craftsmanship. Available in Burnt Terracotta with Olive Drab detailing. Not loud. Not obvious. Unmistakably Twessie.</p>,Twessie,Bikini Top,"architectural swimsuit, Matte Ribbed Knit bikini, high-end swimwear, luxury Burnt Terracotta swimwear, minimalist bikini top",TRUE,Color,Burnt Terracotta,Size,S,TWESSIE_EU_BT_0408-Burnt Terracotta-S,168.0,,10
twessie-eu-bt-0408,Architecture-Cut Burnt Terracotta Bikini Top,<p>A statement piece in Matte Ribbed Knit. This bikini top combines anti-fashion statement design with impeccable craftsmanship. Available in Burnt Terracotta with Olive Drab detailing. Not loud. Not obvious. Unmistakably Twessie.</p>,Twessie,Bikini Top,"architectural swimsuit, Matte Ribbed Knit bikini, high-end swimwear, luxury Burnt Terracotta swimwear, minimalist bikini top",TRUE,Color,Burnt Terracotta,Size,M,TWESSIE_EU_BT_0408-Burnt Terracotta-M,168.0,,10
twessie-eu-bt-0408,Architecture-Cut Burnt Terracotta Bikini Top,<p>A statement piece in Matte Ribbed Knit. This bikini top combines anti-fashion statement design with impeccable craftsmanship. Available in Burnt Terracotta with Olive Drab detailing. Not loud. Not obvious. Unmistakably Twessie.</p>,Twessie,Bikini Top,"architectural swimsuit, Matte Ribbed Knit bikini, high-end swimwear, luxury Burnt Terracotta swimwear, minimalist bikini top",TRUE,Color,Burnt Terracotta,Size,L,TWESSIE_EU_BT_0408-Burnt Terracotta-L,168.0,,10
twessie-eu-bt-0408,Architecture-Cut Burnt Terracotta Bikini Top,<p>A statement piece in Matte Ribbed Knit. This bikini top combines anti-fashion statement design with impeccable craftsmanship. Available in Burnt Terracotta with Olive Drab detailing. Not loud. Not obvious. Unmistakably Twessie.</p>,Twessie,Bikini Top,"architectural swimsuit, Matte Ribbed Knit bikini, high-end swimwear, luxury Burnt Terracotta swimwear, minimalist bikini top",TRUE,Color,Burnt Terracotta,Size,XL,TWESSIE_EU_BT_0408-Burnt Terracotta-XL,168.0,,10
twessie-eu-bt-0408,Architecture-Cut Burnt Terracotta Bikini Top,<p>A statement piece in Matte Ribbed Knit. This bikini top combines anti-fashion statement design with impeccable craftsmanship. Available in Burnt Terracotta with Olive Drab detailing. Not loud. Not obvious. Unmistakably Twessie.</p>,Twessie,Bikini Top,"architectural swimsuit, Matte Ribbed Knit bikini, high-end swimwear, luxury Burnt Terracotta swimwear, minimalist bikini top",TRUE,Color,Burnt Terracotta,Size,XXL,TWESSIE_EU_BT_0408-Burnt Terracotta-XXL,168.0,,10
twessie-eu-bt-0408,Architecture-Cut Burnt Terracotta Bikini Top,<p>A statement piece in Matte Ribbed Knit. This bikini top combines anti-fashion statement design with impeccable craftsmanship. Available in Burnt Terracotta with Olive Drab detailing. Not loud. Not obvious. Unmistakably Twessie.</p>,Twessie,Bikini Top,"architectural swimsuit, Matte Ribbed Knit bikini, high-end swimwear, luxury Burnt Terracotta swimwear, minimalist bikini top",TRUE,Color,Olive Drab,Size,XS,TWESSIE_EU_BT_0408-Olive Drab-XS,168.0,,10
twessie-eu-bt-0408,Architecture-Cut Burnt Terracotta Bikini Top,<p>A statement piece in Matte Ribbed Knit. This bikini top combines anti-fashion statement design with impeccable craftsmanship. Available in Burnt Terracotta with Olive Drab detailing. Not loud. Not obvious. Unmistakably Twessie.</p>,Twessie,Bikini Top,"architectural swimsuit, Matte Ribbed Knit bikini, high-end swimwear, luxury Burnt Terracotta swimwear, minimalist bikini top",TRUE,Color,Olive Drab,Size,S,TWESSIE_EU_BT_0408-Olive Drab-S,168.0,,10
twessie-eu-bt-0408,Architecture-Cut Burnt Terracotta Bikini Top,<p>A statement piece in Matte Ribbed Knit. This bikini top combines anti-fashion statement design with impeccable craftsmanship. Available in Burnt Terracotta with Olive Drab detailing. Not loud. Not obvious. Unmistakably Twessie.</p>,Twessie,Bikini Top,"architectural swimsuit, Matte Ribbed Knit bikini, high-end swimwear, luxury Burnt Terracotta swimwear, minimalist bikini top",TRUE,Color,Olive Drab,Size,M,TWESSIE_EU_BT_0408-Olive Drab-M,168.0,,10
twessie-eu-bt-0408,Architecture-Cut Burnt Terracotta Bikini Top,<p>A statement piece in Matte Ribbed Knit. This bikini top combines anti-fashion statement design with impeccable craftsmanship. Available in Burnt Terracotta with Olive Drab detailing. Not loud. Not obvious. Unmistakably Twessie.</p>,Twessie,Bikini Top,"architectural swimsuit, Matte Ribbed Knit bikini, high-end swimwear, luxury Burnt Terracotta swimwear, minimalist bikini top",TRUE,Color,Olive Drab,Size,L,TWESSIE_EU_BT_0408-Olive Drab-L,168.0,,10
twessie-eu-bt-0408,Architecture-Cut Burnt Terracotta Bikini Top,<p>A statement piece in Matte Ribbed Knit. This bikini top combines anti-fashion statement design with impeccable craftsmanship. Available in Burnt Terracotta with Olive Drab detailing. Not loud. Not obvious. Unmistakably Twessie.</p>,Twessie,Bikini Top,"architectural swimsuit, Matte Ribbed Knit bikini, high-end swimwear, luxury Burnt Terracotta swimwear, minimalist bikini top",TRUE,Color,Olive Drab,Size,XL,TWESSIE_EU_BT_0408-Olive Drab-XL,168.0,,10
twessie-eu-bt-0408,Architecture-Cut Burnt Terracotta Bikini Top,<p>A statement piece in Matte Ribbed Knit. This bikini top combines anti-fashion statement design with impeccable craftsmanship. Available in Burnt Terracotta with Olive Drab detailing. Not loud. Not obvious. Unmistakably Twessie.</p>,Twessie,Bikini Top,"architectural swimsuit, Matte Ribbed Knit bikini, high-end swimwear, luxury Burnt Terracotta swimwear, minimalist bikini top",TRUE,Color,Olive Drab,Size,XXL,TWESSIE_EU_BT_0408-Olive Drab-XXL,168.0,,10
twessie-eu-bb-0409,Chalk White Minimalist Crinkled Seersucker Bikini Bottom,"<p>Crinkled Seersucker construction meets architectural precision in this bikini bottom. Designed for the intelligent, independent woman. The Chalk White colorway with Stone Gray accents creates a sophisticated palette. Pure minimalist luxury elegance.</p>",Twessie,Bikini Bottom,"Crinkled Seersucker bikini, independent fashion, minimalist luxury, luxury Chalk White swimwear, architectural swimsuit",TRUE,Color,Chalk White,Size,XS,TWESSIE_EU_BB_0409-Chalk White-XS,168.0,,10
twessie-eu-bb-0409,Chalk White Minimalist Crinkled Seersucker Bikini Bottom,"<p>Crinkled Seersucker construction meets architectural precision in this bikini bottom. Designed for the intelligent, independent woman. The Chalk White colorway with Stone Gray accents creates a sophisticated palette. Pure minimalist luxury elegance.</p>",Twessie,Bikini Bottom,"Crinkled Seersucker bikini, independent fashion, minimalist luxury, luxury Chalk White swimwear, architectural swimsuit",TRUE,Color,Chalk White,Size,S,TWESSIE_EU_BB_0409-Chalk White-S,168.0,,10
twessie-eu-bb-0409,Chalk White Minimalist Crinkled Seersucker Bikini Bottom,"<p>Crinkled Seersucker construction meets architectural precision in this bikini bottom. Designed for the intelligent, independent woman. The Chalk White colorway with Stone Gray accents creates a sophisticated palette. Pure minimalist luxury elegance.</p>",Twessie,Bikini Bottom,"Crinkled Seersucker bikini, independent fashion, minimalist luxury, luxury Chalk White swimwear, architectural swimsuit",TRUE,Color,Chalk White,Size,M,TWESSIE_EU_BB_0409-Chalk White-M,168.0,,10
twessie-eu-bb-0409,Chalk White Minimalist Crinkled Seersucker Bikini Bottom,"<p>Crinkled Seersucker construction meets architectural precision in this bikini bottom. Designed for the intelligent, independent woman. The Chalk White colorway with Stone Gray accents creates a sophisticated palette. Pure minimalist luxury elegance.</p>",Twessie,Bikini Bottom,"Crinkled Seersucker bikini, independent fashion, minimalist luxury, luxury Chalk White swimwear, architectural swimsuit",TRUE,Color,Chalk White,Size,L,TWESSIE_EU_BB_0409-Chalk White-L,168.0,,10
twessie-eu-bb-0409,Chalk White Minimalist Crinkled Seersucker Bikini Bottom,"<p>Crinkled Seersucker construction meets architectural precision in this bikini bottom. Designed for the intelligent, independent woman. The Chalk White colorway with Stone Gray accents creates a sophisticated palette. Pure minimalist luxury elegance.</p>",Twessie,Bikini Bottom,"Crinkled Seersucker bikini, independent fashion, minimalist luxury, luxury Chalk White swimwear, architectural swimsuit",TRUE,Color,Chalk White,Size,XL,TWESSIE_EU_BB_0409-Chalk White-XL,168.0,,10
twessie-eu-bb-0409,Chalk White Minimalist Crinkled Seersucker Bikini Bottom,"<p>Crinkled Seersucker construction meets architectural precision in this bikini bottom. Designed for the intelligent, independent woman. The Chalk White colorway with Stone Gray accents creates a sophisticated palette. Pure minimalist luxury elegance.</p>",Twessie,Bikini Bottom,"Crinkled Seersucker bikini, independent fashion, minimalist luxury, luxury Chalk White swimwear, architectural swimsuit",TRUE,Color,Chalk White,Size,XXL,TWESSIE_EU_BB_0409-Chalk White-XXL,168.0,,10
twessie-eu-bb-0409,Chalk White Minimalist Crinkled Seersucker Bikini Bottom,"<p>Crinkled Seersucker construction meets architectural precision in this bikini bottom. Designed for the intelligent, independent woman. The Chalk White colorway with Stone Gray accents creates a sophisticated palette. Pure minimalist luxury elegance.</p>",Twessie,Bikini Bottom,"Crinkled Seersucker bikini, independent fashion, minimalist luxury, luxury Chalk White swimwear, architectural swimsuit",TRUE,Color,Stone Gray,Size,XS,TWESSIE_EU_BB_0409-Stone Gray-XS,168.0,,10
twessie-eu-bb-0409,Chalk White Minimalist Crinkled Seersucker Bikini Bottom,"<p>Crinkled Seersucker construction meets architectural precision in this bikini bottom. Designed for the intelligent, independent woman. The Chalk White colorway with Stone Gray accents creates a sophisticated palette. Pure minimalist luxury elegance.</p>",Twessie,Bikini Bottom,"Crinkled Seersucker bikini, independent fashion, minimalist luxury, luxury Chalk White swimwear, architectural swimsuit",TRUE,Color,Stone Gray,Size,S,TWESSIE_EU_BB_0409-Stone Gray-S,168.0,,10
twessie-eu-bb-0409,Chalk White Minimalist Crinkled Seersucker Bikini Bottom,"<p>Crinkled Seersucker construction meets architectural precision in this bikini bottom. Designed for the intelligent, independent woman. The Chalk White colorway with Stone Gray accents creates a sophisticated palette. Pure minimalist luxury elegance.</p>",Twessie,Bikini Bottom,"Crinkled Seersucker bikini, independent fashion, minimalist luxury, luxury Chalk White swimwear, architectural swimsuit",TRUE,Color,Stone Gray,Size,M,TWESSIE_EU_BB_0409-Stone Gray-M,168.0,,10
twessie-eu-bb-0409,Chalk White Minimalist Crinkled Seersucker Bikini Bottom,"<p>Crinkled Seersucker construction meets architectural precision in this bikini bottom. Designed for the intelligent, independent woman. The Chalk White colorway with Stone Gray accents creates a sophisticated palette. Pure minimalist luxury elegance.</p>",Twessie,Bikini Bottom,"Crinkled Seersucker bikini, independent fashion, minimalist luxury, luxury Chalk White swimwear, architectural swimsuit",TRUE,Color,Stone Gray,Size,L,TWESSIE_EU_BB_0409-Stone Gray-L,168.0,,10
twessie-eu-bb-0409,Chalk White Minimalist Crinkled Seersucker Bikini Bottom,"<p>Crinkled Seersucker construction meets architectural precision in this bikini bottom. Designed for the intelligent, independent woman. The Chalk White colorway with Stone Gray accents creates a sophisticated palette. Pure minimalist luxury elegance.</p>",Twessie,Bikini Bottom,"Crinkled Seersucker bikini, independent fashion, minimalist luxury, luxury Chalk White swimwear, architectural swimsuit",TRUE,Color,Stone Gray,Size,XL,TWESSIE_EU_BB_0409-Stone Gray-XL,168.0,,10
twessie-eu-bb-0409,Chalk White Minimalist Crinkled Seersucker Bikini Bottom,"<p>Crinkled Seersucker construction meets architectural precision in this bikini bottom. Designed for the intelligent, independent woman. The Chalk White colorway with Stone Gray accents creates a sophisticated palette. Pure minimalist luxury elegance.</p>",Twessie,Bikini Bottom,"Crinkled Seersucker bikini, independent fashion, minimalist luxury, luxury Chalk White swimwear, architectural swimsuit",TRUE,Color,Stone Gray,Size,XXL,TWESSIE_EU_BB_0409-Stone Gray-XXL,168.0,,10
twessie-au-bt-0410,Architecture-Cut Chalk White Bikini Top,"<p>Crinkled Seersucker construction meets architectural precision in this bikini top. Designed for the intelligent, independent woman. The Chalk White colorway with Stone Gray accents creates a sophisticated palette. Pure minimalist luxury elegance.</p>",Twessie,Bikini Top,"independent fashion, Crinkled Seersucker bikini, luxury Chalk White swimwear, minimalist luxury, minimalist bikini top",TRUE,Color,Chalk White,Size,XS,TWESSIE_AU_BT_0410-Chalk White-XS,168.0,,10
twessie-au-bt-0410,Architecture-Cut Chalk White Bikini Top,"<p>Crinkled Seersucker construction meets architectural precision in this bikini top. Designed for the intelligent, independent woman. The Chalk White colorway with Stone Gray accents creates a sophisticated palette. Pure minimalist luxury elegance.</p>",Twessie,Bikini Top,"independent fashion, Crinkled Seersucker bikini, luxury Chalk White swimwear, minimalist luxury, minimalist bikini top",TRUE,Color,Chalk White,Size,S,TWESSIE_AU_BT_0410-Chalk White-S,168.0,,10
twessie-au-bt-0410,Architecture-Cut Chalk White Bikini Top,"<p>Crinkled Seersucker construction meets architectural precision in this bikini top. Designed for the intelligent, independent woman. The Chalk White colorway with Stone Gray accents creates a sophisticated palette. Pure minimalist luxury elegance.</p>",Twessie,Bikini Top,"independent fashion, Crinkled Seersucker bikini, luxury Chalk White swimwear, minimalist luxury, minimalist bikini top",TRUE,Color,Chalk White,Size,M,TWESSIE_AU_BT_0410-Chalk White-M,168.0,,10
twessie-au-bt-0410,Architecture-Cut Chalk White Bikini Top,"<p>Crinkled Seersucker construction meets architectural precision in this bikini top. Designed for the intelligent, independent woman. The Chalk White colorway with Stone Gray accents creates a sophisticated palette. Pure minimalist luxury elegance.</p>",Twessie,Bikini Top,"independent fashion, Crinkled Seersucker bikini, luxury Chalk White swimwear, minimalist luxury, minimalist bikini top",TRUE,Color,Chalk White,Size,L,TWESSIE_AU_BT_0410-Chalk White-L,168.0,,10
twessie-au-bt-0410,Architecture-Cut Chalk White Bikini Top,"<p>Crinkled Seersucker construction meets architectural precision in this bikini top. Designed for the intelligent, independent woman. The Chalk White colorway with Stone Gray accents creates a sophisticated palette. Pure minimalist luxury elegance.</p>",Twessie,Bikini Top,"independent fashion, Crinkled Seersucker bikini, luxury Chalk White swimwear, minimalist luxury, minimalist bikini top",TRUE,Color,Chalk White,Size,XL,TWESSIE_AU_BT_0410-Chalk White-XL,168.0,,10
twessie-au-bt-0410,Architecture-Cut Chalk White Bikini Top,"<p>Crinkled Seersucker construction meets architectural precision in this bikini top. Designed for the intelligent, independent woman. The Chalk White colorway with Stone Gray accents creates a sophisticated palette. Pure minimalist luxury elegance.</p>",Twessie,Bikini Top,"independent fashion, Crinkled Seersucker bikini, luxury Chalk White swimwear, minimalist luxury, minimalist bikini top",TRUE,Color,Chalk White,Size,XXL,TWESSIE_AU_BT_0410-Chalk White-XXL,168.0,,10
twessie-au-bt-0410,Architecture-Cut Chalk White Bikini Top,"<p>Crinkled Seersucker construction meets architectural precision in this bikini top. Designed for the intelligent, independent woman. The Chalk White colorway with Stone Gray accents creates a sophisticated palette. Pure minimalist luxury elegance.</p>",Twessie,Bikini Top,"independent fashion, Crinkled Seersucker bikini, luxury Chalk White swimwear, minimalist luxury, minimalist bikini top",TRUE,Color,Stone Gray,Size,XS,TWESSIE_AU_BT_0410-Stone Gray-XS,168.0,,10
twessie-au-bt-0410,Architecture-Cut Chalk White Bikini Top,"<p>Crinkled Seersucker construction meets architectural precision in this bikini top. Designed for the intelligent, independent woman. The Chalk White colorway with Stone Gray accents creates a sophisticated palette. Pure minimalist luxury elegance.</p>",Twessie,Bikini Top,"independent fashion, Crinkled Seersucker bikini, luxury Chalk White swimwear, minimalist luxury, minimalist bikini top",TRUE,Color,Stone Gray,Size,S,TWESSIE_AU_BT_0410-Stone Gray-S,168.0,,10
twessie-au-bt-0410,Architecture-Cut Chalk White Bikini Top,"<p>Crinkled Seersucker construction meets architectural precision in this bikini top. Designed for the intelligent, independent woman. The Chalk White colorway with Stone Gray accents creates a sophisticated palette. Pure minimalist luxury elegance.</p>",Twessie,Bikini Top,"independent fashion, Crinkled Seersucker bikini, luxury Chalk White swimwear, minimalist luxury, minimalist bikini top",TRUE,Color,Stone Gray,Size,M,TWESSIE_AU_BT_0410-Stone Gray-M,168.0,,10
twessie-au-bt-0410,Architecture-Cut Chalk White Bikini Top,"<p>Crinkled Seersucker construction meets architectural precision in this bikini top. Designed for the intelligent, independent woman. The Chalk White colorway with Stone Gray accents creates a sophisticated palette. Pure minimalist luxury elegance.</p>",Twessie,Bikini Top,"independent fashion, Crinkled Seersucker bikini, luxury Chalk White swimwear, minimalist luxury, minimalist bikini top",TRUE,Color,Stone Gray,Size,L,TWESSIE_AU_BT_0410-Stone Gray-L,168.0,,10
twessie-au-bt-0410,Architecture-Cut Chalk White Bikini Top,"<p>Crinkled Seersucker construction meets architectural precision in this bikini top. Designed for the intelligent, independent woman. The Chalk White colorway with Stone Gray accents creates a sophisticated palette. Pure minimalist luxury elegance.</p>",Twessie,Bikini Top,"independent fashion, Crinkled Seersucker bikini, luxury Chalk White swimwear, minimalist luxury, minimalist bikini top",TRUE,Color,Stone Gray,Size,XL,TWESSIE_AU_BT_0410-Stone Gray-XL,168.0,,10
twessie-au-bt-0410,Architecture-Cut Chalk White Bikini Top,"<p>Crinkled Seersucker construction meets architectural precision in this bikini top. Designed for the intelligent, independent woman. The Chalk White colorway with Stone Gray accents creates a sophisticated palette. Pure minimalist luxury elegance.</p>",Twessie,Bikini Top,"independent fashion, Crinkled Seersucker bikini, luxury Chalk White swimwear, minimalist luxury, minimalist bikini top",TRUE,Color,Stone Gray,Size,XXL,TWESSIE_AU_BT_0410-Stone Gray-XXL,168.0,,10
twessie-jp-bb-0501,Structural Crinkled Seersucker Bikini Bottom,<p>Crafted in premium Crinkled Seersucker with Econyl Sleek Satin accents. This bikini bottom epitomizes anti-fashion statement luxury. Featuring color-blocking in Stone Gray and Chalk White. Perfect for the discerning swimmer who refuses the obvious.</p>,Twessie,Bikini Bottom,"high-end swimwear, minimalist bikini bottom, Crinkled Seersucker bikini, independent fashion, luxury Stone Gray swimwear",TRUE,Color,Stone Gray,Size,XS,TWESSIE_JP_BB_0501-Stone Gray-XS,168.0,,10
twessie-jp-bb-0501,Structural Crinkled Seersucker Bikini Bottom,<p>Crafted in premium Crinkled Seersucker with Econyl Sleek Satin accents. This bikini bottom epitomizes anti-fashion statement luxury. Featuring color-blocking in Stone Gray and Chalk White. Perfect for the discerning swimmer who refuses the obvious.</p>,Twessie,Bikini Bottom,"high-end swimwear, minimalist bikini bottom, Crinkled Seersucker bikini, independent fashion, luxury Stone Gray swimwear",TRUE,Color,Stone Gray,Size,S,TWESSIE_JP_BB_0501-Stone Gray-S,168.0,,10
twessie-jp-bb-0501,Structural Crinkled Seersucker Bikini Bottom,<p>Crafted in premium Crinkled Seersucker with Econyl Sleek Satin accents. This bikini bottom epitomizes anti-fashion statement luxury. Featuring color-blocking in Stone Gray and Chalk White. Perfect for the discerning swimmer who refuses the obvious.</p>,Twessie,Bikini Bottom,"high-end swimwear, minimalist bikini bottom, Crinkled Seersucker bikini, independent fashion, luxury Stone Gray swimwear",TRUE,Color,Stone Gray,Size,M,TWESSIE_JP_BB_0501-Stone Gray-M,168.0,,10
twessie-jp-bb-0501,Structural Crinkled Seersucker Bikini Bottom,<p>Crafted in premium Crinkled Seersucker with Econyl Sleek Satin accents. This bikini bottom epitomizes anti-fashion statement luxury. Featuring color-blocking in Stone Gray and Chalk White. Perfect for the discerning swimmer who refuses the obvious.</p>,Twessie,Bikini Bottom,"high-end swimwear, minimalist bikini bottom, Crinkled Seersucker bikini, independent fashion, luxury Stone Gray swimwear",TRUE,Color,Stone Gray,Size,L,TWESSIE_JP_BB_0501-Stone Gray-L,168.0,,10
twessie-jp-bb-0501,Structural Crinkled Seersucker Bikini Bottom,<p>Crafted in premium Crinkled Seersucker with Econyl Sleek Satin accents. This bikini bottom epitomizes anti-fashion statement luxury. Featuring color-blocking in Stone Gray and Chalk White. Perfect for the discerning swimmer who refuses the obvious.</p>,Twessie,Bikini Bottom,"high-end swimwear, minimalist bikini bottom, Crinkled Seersucker bikini, independent fashion, luxury Stone Gray swimwear",TRUE,Color,Stone Gray,Size,XL,TWESSIE_JP_BB_0501-Stone Gray-XL,168.0,,10
twessie-jp-bb-0501,Structural Crinkled Seersucker Bikini Bottom,<p>Crafted in premium Crinkled Seersucker with Econyl Sleek Satin accents. This bikini bottom epitomizes anti-fashion statement luxury. Featuring color-blocking in Stone Gray and Chalk White. Perfect for the discerning swimmer who refuses the obvious.</p>,Twessie,Bikini Bottom,"high-end swimwear, minimalist bikini bottom, Crinkled Seersucker bikini, independent fashion, luxury Stone Gray swimwear",TRUE,Color,Stone Gray,Size,XXL,TWESSIE_JP_BB_0501-Stone Gray-XXL,168.0,,10
twessie-jp-bb-0501,Structural Crinkled Seersucker Bikini Bottom,<p>Crafted in premium Crinkled Seersucker with Econyl Sleek Satin accents. This bikini bottom epitomizes anti-fashion statement luxury. Featuring color-blocking in Stone Gray and Chalk White. Perfect for the discerning swimmer who refuses the obvious.</p>,Twessie,Bikini Bottom,"high-end swimwear, minimalist bikini bottom, Crinkled Seersucker bikini, independent fashion, luxury Stone Gray swimwear",TRUE,Color,Chalk White,Size,XS,TWESSIE_JP_BB_0501-Chalk White-XS,168.0,,10
twessie-jp-bb-0501,Structural Crinkled Seersucker Bikini Bottom,<p>Crafted in premium Crinkled Seersucker with Econyl Sleek Satin accents. This bikini bottom epitomizes anti-fashion statement luxury. Featuring color-blocking in Stone Gray and Chalk White. Perfect for the discerning swimmer who refuses the obvious.</p>,Twessie,Bikini Bottom,"high-end swimwear, minimalist bikini bottom, Crinkled Seersucker bikini, independent fashion, luxury Stone Gray swimwear",TRUE,Color,Chalk White,Size,S,TWESSIE_JP_BB_0501-Chalk White-S,168.0,,10
twessie-jp-bb-0501,Structural Crinkled Seersucker Bikini Bottom,<p>Crafted in premium Crinkled Seersucker with Econyl Sleek Satin accents. This bikini bottom epitomizes anti-fashion statement luxury. Featuring color-blocking in Stone Gray and Chalk White. Perfect for the discerning swimmer who refuses the obvious.</p>,Twessie,Bikini Bottom,"high-end swimwear, minimalist bikini bottom, Crinkled Seersucker bikini, independent fashion, luxury Stone Gray swimwear",TRUE,Color,Chalk White,Size,M,TWESSIE_JP_BB_0501-Chalk White-M,168.0,,10
twessie-jp-bb-0501,Structural Crinkled Seersucker Bikini Bottom,<p>Crafted in premium Crinkled Seersucker with Econyl Sleek Satin accents. This bikini bottom epitomizes anti-fashion statement luxury. Featuring color-blocking in Stone Gray and Chalk White. Perfect for the discerning swimmer who refuses the obvious.</p>,Twessie,Bikini Bottom,"high-end swimwear, minimalist bikini bottom, Crinkled Seersucker bikini, independent fashion, luxury Stone Gray swimwear",TRUE,Color,Chalk White,Size,L,TWESSIE_JP_BB_0501-Chalk White-L,168.0,,10
twessie-jp-bb-0501,Structural Crinkled Seersucker Bikini Bottom,<p>Crafted in premium Crinkled Seersucker with Econyl Sleek Satin accents. This bikini bottom epitomizes anti-fashion statement luxury. Featuring color-blocking in Stone Gray and Chalk White. Perfect for the discerning swimmer who refuses the obvious.</p>,Twessie,Bikini Bottom,"high-end swimwear, minimalist bikini bottom, Crinkled Seersucker bikini, independent fashion, luxury Stone Gray swimwear",TRUE,Color,Chalk White,Size,XL,TWESSIE_JP_BB_0501-Chalk White-XL,168.0,,10
twessie-jp-bb-0501,Structural Crinkled Seersucker Bikini Bottom,<p>Crafted in premium Crinkled Seersucker with Econyl Sleek Satin accents. This bikini bottom epitomizes anti-fashion statement luxury. Featuring color-blocking in Stone Gray and Chalk White. Perfect for the discerning swimmer who refuses the obvious.</p>,Twessie,Bikini Bottom,"high-end swimwear, minimalist bikini bottom, Crinkled Seersucker bikini, independent fashion, luxury Stone Gray swimwear",TRUE,Color,Chalk White,Size,XXL,TWESSIE_JP_BB_0501-Chalk White-XXL,168.0,,10
twessie-eu-bt-0502,Minimalist Burnt Terracotta Textured Bikini Top,"<p>Matte Ribbed Knit construction meets architectural precision in this bikini top. Designed for the intelligent, independent woman. The Burnt Terracotta colorway with Olive Drab accents creates a sophisticated palette. Pure intelligent aesthetic elegance.</p>",Twessie,Bikini Top,"independent fashion, minimalist bikini top, high-end swimwear, architectural swimsuit, minimalist luxury",TRUE,Color,Burnt Terracotta,Size,XS,TWESSIE_EU_BT_0502-Burnt Terracotta-XS,168.0,,10
twessie-eu-bt-0502,Minimalist Burnt Terracotta Textured Bikini Top,"<p>Matte Ribbed Knit construction meets architectural precision in this bikini top. Designed for the intelligent, independent woman. The Burnt Terracotta colorway with Olive Drab accents creates a sophisticated palette. Pure intelligent aesthetic elegance.</p>",Twessie,Bikini Top,"independent fashion, minimalist bikini top, high-end swimwear, architectural swimsuit, minimalist luxury",TRUE,Color,Burnt Terracotta,Size,S,TWESSIE_EU_BT_0502-Burnt Terracotta-S,168.0,,10
twessie-eu-bt-0502,Minimalist Burnt Terracotta Textured Bikini Top,"<p>Matte Ribbed Knit construction meets architectural precision in this bikini top. Designed for the intelligent, independent woman. The Burnt Terracotta colorway with Olive Drab accents creates a sophisticated palette. Pure intelligent aesthetic elegance.</p>",Twessie,Bikini Top,"independent fashion, minimalist bikini top, high-end swimwear, architectural swimsuit, minimalist luxury",TRUE,Color,Burnt Terracotta,Size,M,TWESSIE_EU_BT_0502-Burnt Terracotta-M,168.0,,10
twessie-eu-bt-0502,Minimalist Burnt Terracotta Textured Bikini Top,"<p>Matte Ribbed Knit construction meets architectural precision in this bikini top. Designed for the intelligent, independent woman. The Burnt Terracotta colorway with Olive Drab accents creates a sophisticated palette. Pure intelligent aesthetic elegance.</p>",Twessie,Bikini Top,"independent fashion, minimalist bikini top, high-end swimwear, architectural swimsuit, minimalist luxury",TRUE,Color,Burnt Terracotta,Size,L,TWESSIE_EU_BT_0502-Burnt Terracotta-L,168.0,,10
twessie-eu-bt-0502,Minimalist Burnt Terracotta Textured Bikini Top,"<p>Matte Ribbed Knit construction meets architectural precision in this bikini top. Designed for the intelligent, independent woman. The Burnt Terracotta colorway with Olive Drab accents creates a sophisticated palette. Pure intelligent aesthetic elegance.</p>",Twessie,Bikini Top,"independent fashion, minimalist bikini top, high-end swimwear, architectural swimsuit, minimalist luxury",TRUE,Color,Burnt Terracotta,Size,XL,TWESSIE_EU_BT_0502-Burnt Terracotta-XL,168.0,,10
twessie-eu-bt-0502,Minimalist Burnt Terracotta Textured Bikini Top,"<p>Matte Ribbed Knit construction meets architectural precision in this bikini top. Designed for the intelligent, independent woman. The Burnt Terracotta colorway with Olive Drab accents creates a sophisticated palette. Pure intelligent aesthetic elegance.</p>",Twessie,Bikini Top,"independent fashion, minimalist bikini top, high-end swimwear, architectural swimsuit, minimalist luxury",TRUE,Color,Burnt Terracotta,Size,XXL,TWESSIE_EU_BT_0502-Burnt Terracotta-XXL,168.0,,10
twessie-eu-bt-0502,Minimalist Burnt Terracotta Textured Bikini Top,"<p>Matte Ribbed Knit construction meets architectural precision in this bikini top. Designed for the intelligent, independent woman. The Burnt Terracotta colorway with Olive Drab accents creates a sophisticated palette. Pure intelligent aesthetic elegance.</p>",Twessie,Bikini Top,"independent fashion, minimalist bikini top, high-end swimwear, architectural swimsuit, minimalist luxury",TRUE,Color,Olive Drab,Size,XS,TWESSIE_EU_BT_0502-Olive Drab-XS,168.0,,10
twessie-eu-bt-0502,Minimalist Burnt Terracotta Textured Bikini Top,"<p>Matte Ribbed Knit construction meets architectural precision in this bikini top. Designed for the intelligent, independent woman. The Burnt Terracotta colorway with Olive Drab accents creates a sophisticated palette. Pure intelligent aesthetic elegance.</p>",Twessie,Bikini Top,"independent fashion, minimalist bikini top, high-end swimwear, architectural swimsuit, minimalist luxury",TRUE,Color,Olive Drab,Size,S,TWESSIE_EU_BT_0502-Olive Drab-S,168.0,,10
twessie-eu-bt-0502,Minimalist Burnt Terracotta Textured Bikini Top,"<p>Matte Ribbed Knit construction meets architectural precision in this bikini top. Designed for the intelligent, independent woman. The Burnt Terracotta colorway with Olive Drab accents creates a sophisticated palette. Pure intelligent aesthetic elegance.</p>",Twessie,Bikini Top,"independent fashion, minimalist bikini top, high-end swimwear, architectural swimsuit, minimalist luxury",TRUE,Color,Olive Drab,Size,M,TWESSIE_EU_BT_0502-Olive Drab-M,168.0,,10
twessie-eu-bt-0502,Minimalist Burnt Terracotta Textured Bikini Top,"<p>Matte Ribbed Knit construction meets architectural precision in this bikini top. Designed for the intelligent, independent woman. The Burnt Terracotta colorway with Olive Drab accents creates a sophisticated palette. Pure intelligent aesthetic elegance.</p>",Twessie,Bikini Top,"independent fashion, minimalist bikini top, high-end swimwear, architectural swimsuit, minimalist luxury",TRUE,Color,Olive Drab,Size,L,TWESSIE_EU_BT_0502-Olive Drab-L,168.0,,10
twessie-eu-bt-0502,Minimalist Burnt Terracotta Textured Bikini Top,"<p>Matte Ribbed Knit construction meets architectural precision in this bikini top. Designed for the intelligent, independent woman. The Burnt Terracotta colorway with Olive Drab accents creates a sophisticated palette. Pure intelligent aesthetic elegance.</p>",Twessie,Bikini Top,"independent fashion, minimalist bikini top, high-end swimwear, architectural swimsuit, minimalist luxury",TRUE,Color,Olive Drab,Size,XL,TWESSIE_EU_BT_0502-Olive Drab-XL,168.0,,10
twessie-eu-bt-0502,Minimalist Burnt Terracotta Textured Bikini Top,"<p>Matte Ribbed Knit construction meets architectural precision in this bikini top. Designed for the intelligent, independent woman. The Burnt Terracotta colorway with Olive Drab accents creates a sophisticated palette. Pure intelligent aesthetic elegance.</p>",Twessie,Bikini Top,"independent fashion, minimalist bikini top, high-end swimwear, architectural swimsuit, minimalist luxury",TRUE,Color,Olive Drab,Size,XXL,TWESSIE_EU_BT_0502-Olive Drab-XXL,168.0,,10
twessie-sg-bb-0503,High-Cut Obsidian Black Bikini Brief,<p>A statement piece in Econyl Sleek Satin. This bikini bottom combines rebellious yet refined design with impeccable craftsmanship. Available in Obsidian Black with Stone Gray detailing. Not loud. Not obvious. Unmistakably Twessie.</p>,Twessie,Bikini Bottom,"minimalist luxury, independent fashion, minimalist bikini bottom, architectural swimsuit, luxury Obsidian Black swimwear",TRUE,Color,Obsidian Black,Size,XS,TWESSIE_SG_BB_0503-Obsidian Black-XS,168.0,,10
twessie-sg-bb-0503,High-Cut Obsidian Black Bikini Brief,<p>A statement piece in Econyl Sleek Satin. This bikini bottom combines rebellious yet refined design with impeccable craftsmanship. Available in Obsidian Black with Stone Gray detailing. Not loud. Not obvious. Unmistakably Twessie.</p>,Twessie,Bikini Bottom,"minimalist luxury, independent fashion, minimalist bikini bottom, architectural swimsuit, luxury Obsidian Black swimwear",TRUE,Color,Obsidian Black,Size,S,TWESSIE_SG_BB_0503-Obsidian Black-S,168.0,,10
twessie-sg-bb-0503,High-Cut Obsidian Black Bikini Brief,<p>A statement piece in Econyl Sleek Satin. This bikini bottom combines rebellious yet refined design with impeccable craftsmanship. Available in Obsidian Black with Stone Gray detailing. Not loud. Not obvious. Unmistakably Twessie.</p>,Twessie,Bikini Bottom,"minimalist luxury, independent fashion, minimalist bikini bottom, architectural swimsuit, luxury Obsidian Black swimwear",TRUE,Color,Obsidian Black,Size,M,TWESSIE_SG_BB_0503-Obsidian Black-M,168.0,,10
twessie-sg-bb-0503,High-Cut Obsidian Black Bikini Brief,<p>A statement piece in Econyl Sleek Satin. This bikini bottom combines rebellious yet refined design with impeccable craftsmanship. Available in Obsidian Black with Stone Gray detailing. Not loud. Not obvious. Unmistakably Twessie.</p>,Twessie,Bikini Bottom,"minimalist luxury, independent fashion, minimalist bikini bottom, architectural swimsuit, luxury Obsidian Black swimwear",TRUE,Color,Obsidian Black,Size,L,TWESSIE_SG_BB_0503-Obsidian Black-L,168.0,,10
twessie-sg-bb-0503,High-Cut Obsidian Black Bikini Brief,<p>A statement piece in Econyl Sleek Satin. This bikini bottom combines rebellious yet refined design with impeccable craftsmanship. Available in Obsidian Black with Stone Gray detailing. Not loud. Not obvious. Unmistakably Twessie.</p>,Twessie,Bikini Bottom,"minimalist luxury, independent fashion, minimalist bikini bottom, architectural swimsuit, luxury Obsidian Black swimwear",TRUE,Color,Obsidian Black,Size,XL,TWESSIE_SG_BB_0503-Obsidian Black-XL,168.0,,10
twessie-sg-bb-0503,High-Cut Obsidian Black Bikini Brief,<p>A statement piece in Econyl Sleek Satin. This bikini bottom combines rebellious yet refined design with impeccable craftsmanship. Available in Obsidian Black with Stone Gray detailing. Not loud. Not obvious. Unmistakably Twessie.</p>,Twessie,Bikini Bottom,"minimalist luxury, independent fashion, minimalist bikini bottom, architectural swimsuit, luxury Obsidian Black swimwear",TRUE,Color,Obsidian Black,Size,XXL,TWESSIE_SG_BB_0503-Obsidian Black-XXL,168.0,,10
twessie-sg-bb-0503,High-Cut Obsidian Black Bikini Brief,<p>A statement piece in Econyl Sleek Satin. This bikini bottom combines rebellious yet refined design with impeccable craftsmanship. Available in Obsidian Black with Stone Gray detailing. Not loud. Not obvious. Unmistakably Twessie.</p>,Twessie,Bikini Bottom,"minimalist luxury, independent fashion, minimalist bikini bottom, architectural swimsuit, luxury Obsidian Black swimwear",TRUE,Color,Stone Gray,Size,XS,TWESSIE_SG_BB_0503-Stone Gray-XS,168.0,,10
twessie-sg-bb-0503,High-Cut Obsidian Black Bikini Brief,<p>A statement piece in Econyl Sleek Satin. This bikini bottom combines rebellious yet refined design with impeccable craftsmanship. Available in Obsidian Black with Stone Gray detailing. Not loud. Not obvious. Unmistakably Twessie.</p>,Twessie,Bikini Bottom,"minimalist luxury, independent fashion, minimalist bikini bottom, architectural swimsuit, luxury Obsidian Black swimwear",TRUE,Color,Stone Gray,Size,S,TWESSIE_SG_BB_0503-Stone Gray-S,168.0,,10
twessie-sg-bb-0503,High-Cut Obsidian Black Bikini Brief,<p>A statement piece in Econyl Sleek Satin. This bikini bottom combines rebellious yet refined design with impeccable craftsmanship. Available in Obsidian Black with Stone Gray detailing. Not loud. Not obvious. Unmistakably Twessie.</p>,Twessie,Bikini Bottom,"minimalist luxury, independent fashion, minimalist bikini bottom, architectural swimsuit, luxury Obsidian Black swimwear",TRUE,Color,Stone Gray,Size,M,TWESSIE_SG_BB_0503-Stone Gray-M,168.0,,10
twessie-sg-bb-0503,High-Cut Obsidian Black Bikini Brief,<p>A statement piece in Econyl Sleek Satin. This bikini bottom combines rebellious yet refined design with impeccable craftsmanship. Available in Obsidian Black with Stone Gray detailing. Not loud. Not obvious. Unmistakably Twessie.</p>,Twessie,Bikini Bottom,"minimalist luxury, independent fashion, minimalist bikini bottom, architectural swimsuit, luxury Obsidian Black swimwear",TRUE,Color,Stone Gray,Size,L,TWESSIE_SG_BB_0503-Stone Gray-L,168.0,,10
twessie-sg-bb-0503,High-Cut Obsidian Black Bikini Brief,<p>A statement piece in Econyl Sleek Satin. This bikini bottom combines rebellious yet refined design with impeccable craftsmanship. Available in Obsidian Black with Stone Gray detailing. Not loud. Not obvious. Unmistakably Twessie.</p>,Twessie,Bikini Bottom,"minimalist luxury, independent fashion, minimalist bikini bottom, architectural swimsuit, luxury Obsidian Black swimwear",TRUE,Color,Stone Gray,Size,XL,TWESSIE_SG_BB_0503-Stone Gray-XL,168.0,,10
twessie-sg-bb-0503,High-Cut Obsidian Black Bikini Brief,<p>A statement piece in Econyl Sleek Satin. This bikini bottom combines rebellious yet refined design with impeccable craftsmanship. Available in Obsidian Black with Stone Gray detailing. Not loud. Not obvious. Unmistakably Twessie.</p>,Twessie,Bikini Bottom,"minimalist luxury, independent fashion, minimalist bikini bottom, architectural swimsuit, luxury Obsidian Black swimwear",TRUE,Color,Stone Gray,Size,XXL,TWESSIE_SG_BB_0503-Stone Gray-XXL,168.0,,10
twessie-jp-bb-0504,Burnt Terracotta Minimalist Matte Ribbed Knit Bikini Bottom,<p>Crafted in premium Matte Ribbed Knit with Econyl Sleek Satin accents. This bikini bottom epitomizes intelligent aesthetic luxury. Featuring color-blocking in Burnt Terracotta and Olive Drab. Perfect for the discerning swimmer who refuses the obvious.</p>,Twessie,Bikini Bottom,"architectural swimsuit, minimalist luxury, minimalist bikini bottom, independent fashion, high-end swimwear",TRUE,Color,Burnt Terracotta,Size,XS,TWESSIE_JP_BB_0504-Burnt Terracotta-XS,168.0,,10
twessie-jp-bb-0504,Burnt Terracotta Minimalist Matte Ribbed Knit Bikini Bottom,<p>Crafted in premium Matte Ribbed Knit with Econyl Sleek Satin accents. This bikini bottom epitomizes intelligent aesthetic luxury. Featuring color-blocking in Burnt Terracotta and Olive Drab. Perfect for the discerning swimmer who refuses the obvious.</p>,Twessie,Bikini Bottom,"architectural swimsuit, minimalist luxury, minimalist bikini bottom, independent fashion, high-end swimwear",TRUE,Color,Burnt Terracotta,Size,S,TWESSIE_JP_BB_0504-Burnt Terracotta-S,168.0,,10
twessie-jp-bb-0504,Burnt Terracotta Minimalist Matte Ribbed Knit Bikini Bottom,<p>Crafted in premium Matte Ribbed Knit with Econyl Sleek Satin accents. This bikini bottom epitomizes intelligent aesthetic luxury. Featuring color-blocking in Burnt Terracotta and Olive Drab. Perfect for the discerning swimmer who refuses the obvious.</p>,Twessie,Bikini Bottom,"architectural swimsuit, minimalist luxury, minimalist bikini bottom, independent fashion, high-end swimwear",TRUE,Color,Burnt Terracotta,Size,M,TWESSIE_JP_BB_0504-Burnt Terracotta-M,168.0,,10
twessie-jp-bb-0504,Burnt Terracotta Minimalist Matte Ribbed Knit Bikini Bottom,<p>Crafted in premium Matte Ribbed Knit with Econyl Sleek Satin accents. This bikini bottom epitomizes intelligent aesthetic luxury. Featuring color-blocking in Burnt Terracotta and Olive Drab. Perfect for the discerning swimmer who refuses the obvious.</p>,Twessie,Bikini Bottom,"architectural swimsuit, minimalist luxury, minimalist bikini bottom, independent fashion, high-end swimwear",TRUE,Color,Burnt Terracotta,Size,L,TWESSIE_JP_BB_0504-Burnt Terracotta-L,168.0,,10
twessie-jp-bb-0504,Burnt Terracotta Minimalist Matte Ribbed Knit Bikini Bottom,<p>Crafted in premium Matte Ribbed Knit with Econyl Sleek Satin accents. This bikini bottom epitomizes intelligent aesthetic luxury. Featuring color-blocking in Burnt Terracotta and Olive Drab. Perfect for the discerning swimmer who refuses the obvious.</p>,Twessie,Bikini Bottom,"architectural swimsuit, minimalist luxury, minimalist bikini bottom, independent fashion, high-end swimwear",TRUE,Color,Burnt Terracotta,Size,XL,TWESSIE_JP_BB_0504-Burnt Terracotta-XL,168.0,,10
twessie-jp-bb-0504,Burnt Terracotta Minimalist Matte Ribbed Knit Bikini Bottom,<p>Crafted in premium Matte Ribbed Knit with Econyl Sleek Satin accents. This bikini bottom epitomizes intelligent aesthetic luxury. Featuring color-blocking in Burnt Terracotta and Olive Drab. Perfect for the discerning swimmer who refuses the obvious.</p>,Twessie,Bikini Bottom,"architectural swimsuit, minimalist luxury, minimalist bikini bottom, independent fashion, high-end swimwear",TRUE,Color,Burnt Terracotta,Size,XXL,TWESSIE_JP_BB_0504-Burnt Terracotta-XXL,168.0,,10
twessie-jp-bb-0504,Burnt Terracotta Minimalist Matte Ribbed Knit Bikini Bottom,<p>Crafted in premium Matte Ribbed Knit with Econyl Sleek Satin accents. This bikini bottom epitomizes intelligent aesthetic luxury. Featuring color-blocking in Burnt Terracotta and Olive Drab. Perfect for the discerning swimmer who refuses the obvious.</p>,Twessie,Bikini Bottom,"architectural swimsuit, minimalist luxury, minimalist bikini bottom, independent fashion, high-end swimwear",TRUE,Color,Olive Drab,Size,XS,TWESSIE_JP_BB_0504-Olive Drab-XS,168.0,,10
twessie-jp-bb-0504,Burnt Terracotta Minimalist Matte Ribbed Knit Bikini Bottom,<p>Crafted in premium Matte Ribbed Knit with Econyl Sleek Satin accents. This bikini bottom epitomizes intelligent aesthetic luxury. Featuring color-blocking in Burnt Terracotta and Olive Drab. Perfect for the discerning swimmer who refuses the obvious.</p>,Twessie,Bikini Bottom,"architectural swimsuit, minimalist luxury, minimalist bikini bottom, independent fashion, high-end swimwear",TRUE,Color,Olive Drab,Size,S,TWESSIE_JP_BB_0504-Olive Drab-S,168.0,,10
twessie-jp-bb-0504,Burnt Terracotta Minimalist Matte Ribbed Knit Bikini Bottom,<p>Crafted in premium Matte Ribbed Knit with Econyl Sleek Satin accents. This bikini bottom epitomizes intelligent aesthetic luxury. Featuring color-blocking in Burnt Terracotta and Olive Drab. Perfect for the discerning swimmer who refuses the obvious.</p>,Twessie,Bikini Bottom,"architectural swimsuit, minimalist luxury, minimalist bikini bottom, independent fashion, high-end swimwear",TRUE,Color,Olive Drab,Size,M,TWESSIE_JP_BB_0504-Olive Drab-M,168.0,,10
twessie-jp-bb-0504,Burnt Terracotta Minimalist Matte Ribbed Knit Bikini Bottom,<p>Crafted in premium Matte Ribbed Knit with Econyl Sleek Satin accents. This bikini bottom epitomizes intelligent aesthetic luxury. Featuring color-blocking in Burnt Terracotta and Olive Drab. Perfect for the discerning swimmer who refuses the obvious.</p>,Twessie,Bikini Bottom,"architectural swimsuit, minimalist luxury, minimalist bikini bottom, independent fashion, high-end swimwear",TRUE,Color,Olive Drab,Size,L,TWESSIE_JP_BB_0504-Olive Drab-L,168.0,,10
twessie-jp-bb-0504,Burnt Terracotta Minimalist Matte Ribbed Knit Bikini Bottom,<p>Crafted in premium Matte Ribbed Knit with Econyl Sleek Satin accents. This bikini bottom epitomizes intelligent aesthetic luxury. Featuring color-blocking in Burnt Terracotta and Olive Drab. Perfect for the discerning swimmer who refuses the obvious.</p>,Twessie,Bikini Bottom,"architectural swimsuit, minimalist luxury, minimalist bikini bottom, independent fashion, high-end swimwear",TRUE,Color,Olive Drab,Size,XL,TWESSIE_JP_BB_0504-Olive Drab-XL,168.0,,10
twessie-jp-bb-0504,Burnt Terracotta Minimalist Matte Ribbed Knit Bikini Bottom,<p>Crafted in premium Matte Ribbed Knit with Econyl Sleek Satin accents. This bikini bottom epitomizes intelligent aesthetic luxury. Featuring color-blocking in Burnt Terracotta and Olive Drab. Perfect for the discerning swimmer who refuses the obvious.</p>,Twessie,Bikini Bottom,"architectural swimsuit, minimalist luxury, minimalist bikini bottom, independent fashion, high-end swimwear",TRUE,Color,Olive Drab,Size,XXL,TWESSIE_JP_BB_0504-Olive Drab-XXL,168.0,,10
twessie-au-op-0505,Minimalist Crinkled Seersucker One-Piece,<p>A statement piece in Crinkled Seersucker. This one-piece combines anti-fashion statement design with impeccable craftsmanship. Available in Chalk White with Stone Gray detailing. Not loud. Not obvious. Unmistakably Twessie.</p>,Twessie,One-Piece,"Crinkled Seersucker bikini, independent fashion, architectural swimsuit, luxury Chalk White swimwear, high-end swimwear",TRUE,Color,Chalk White,Size,XS,TWESSIE_AU_OP_0505-Chalk White-XS,168.0,,10
twessie-au-op-0505,Minimalist Crinkled Seersucker One-Piece,<p>A statement piece in Crinkled Seersucker. This one-piece combines anti-fashion statement design with impeccable craftsmanship. Available in Chalk White with Stone Gray detailing. Not loud. Not obvious. Unmistakably Twessie.</p>,Twessie,One-Piece,"Crinkled Seersucker bikini, independent fashion, architectural swimsuit, luxury Chalk White swimwear, high-end swimwear",TRUE,Color,Chalk White,Size,S,TWESSIE_AU_OP_0505-Chalk White-S,168.0,,10
twessie-au-op-0505,Minimalist Crinkled Seersucker One-Piece,<p>A statement piece in Crinkled Seersucker. This one-piece combines anti-fashion statement design with impeccable craftsmanship. Available in Chalk White with Stone Gray detailing. Not loud. Not obvious. Unmistakably Twessie.</p>,Twessie,One-Piece,"Crinkled Seersucker bikini, independent fashion, architectural swimsuit, luxury Chalk White swimwear, high-end swimwear",TRUE,Color,Chalk White,Size,M,TWESSIE_AU_OP_0505-Chalk White-M,168.0,,10
twessie-au-op-0505,Minimalist Crinkled Seersucker One-Piece,<p>A statement piece in Crinkled Seersucker. This one-piece combines anti-fashion statement design with impeccable craftsmanship. Available in Chalk White with Stone Gray detailing. Not loud. Not obvious. Unmistakably Twessie.</p>,Twessie,One-Piece,"Crinkled Seersucker bikini, independent fashion, architectural swimsuit, luxury Chalk White swimwear, high-end swimwear",TRUE,Color,Chalk White,Size,L,TWESSIE_AU_OP_0505-Chalk White-L,168.0,,10
twessie-au-op-0505,Minimalist Crinkled Seersucker One-Piece,<p>A statement piece in Crinkled Seersucker. This one-piece combines anti-fashion statement design with impeccable craftsmanship. Available in Chalk White with Stone Gray detailing. Not loud. Not obvious. Unmistakably Twessie.</p>,Twessie,One-Piece,"Crinkled Seersucker bikini, independent fashion, architectural swimsuit, luxury Chalk White swimwear, high-end swimwear",TRUE,Color,Chalk White,Size,XL,TWESSIE_AU_OP_0505-Chalk White-XL,168.0,,10
twessie-au-op-0505,Minimalist Crinkled Seersucker One-Piece,<p>A statement piece in Crinkled Seersucker. This one-piece combines anti-fashion statement design with impeccable craftsmanship. Available in Chalk White with Stone Gray detailing. Not loud. Not obvious. Unmistakably Twessie.</p>,Twessie,One-Piece,"Crinkled Seersucker bikini, independent fashion, architectural swimsuit, luxury Chalk White swimwear, high-end swimwear",TRUE,Color,Chalk White,Size,XXL,TWESSIE_AU_OP_0505-Chalk White-XXL,168.0,,10
twessie-au-op-0505,Minimalist Crinkled Seersucker One-Piece,<p>A statement piece in Crinkled Seersucker. This one-piece combines anti-fashion statement design with impeccable craftsmanship. Available in Chalk White with Stone Gray detailing. Not loud. Not obvious. Unmistakably Twessie.</p>,Twessie,One-Piece,"Crinkled Seersucker bikini, independent fashion, architectural swimsuit, luxury Chalk White swimwear, high-end swimwear",TRUE,Color,Stone Gray,Size,XS,TWESSIE_AU_OP_0505-Stone Gray-XS,168.0,,10
twessie-au-op-0505,Minimalist Crinkled Seersucker One-Piece,<p>A statement piece in Crinkled Seersucker. This one-piece combines anti-fashion statement design with impeccable craftsmanship. Available in Chalk White with Stone Gray detailing. Not loud. Not obvious. Unmistakably Twessie.</p>,Twessie,One-Piece,"Crinkled Seersucker bikini, independent fashion, architectural swimsuit, luxury Chalk White swimwear, high-end swimwear",TRUE,Color,Stone Gray,Size,S,TWESSIE_AU_OP_0505-Stone Gray-S,168.0,,10
twessie-au-op-0505,Minimalist Crinkled Seersucker One-Piece,<p>A statement piece in Crinkled Seersucker. This one-piece combines anti-fashion statement design with impeccable craftsmanship. Available in Chalk White with Stone Gray detailing. Not loud. Not obvious. Unmistakably Twessie.</p>,Twessie,One-Piece,"Crinkled Seersucker bikini, independent fashion, architectural swimsuit, luxury Chalk White swimwear, high-end swimwear",TRUE,Color,Stone Gray,Size,M,TWESSIE_AU_OP_0505-Stone Gray-M,168.0,,10
twessie-au-op-0505,Minimalist Crinkled Seersucker One-Piece,<p>A statement piece in Crinkled Seersucker. This one-piece combines anti-fashion statement design with impeccable craftsmanship. Available in Chalk White with Stone Gray detailing. Not loud. Not obvious. Unmistakably Twessie.</p>,Twessie,One-Piece,"Crinkled Seersucker bikini, independent fashion, architectural swimsuit, luxury Chalk White swimwear, high-end swimwear",TRUE,Color,Stone Gray,Size,L,TWESSIE_AU_OP_0505-Stone Gray-L,168.0,,10
twessie-au-op-0505,Minimalist Crinkled Seersucker One-Piece,<p>A statement piece in Crinkled Seersucker. This one-piece combines anti-fashion statement design with impeccable craftsmanship. Available in Chalk White with Stone Gray detailing. Not loud. Not obvious. Unmistakably Twessie.</p>,Twessie,One-Piece,"Crinkled Seersucker bikini, independent fashion, architectural swimsuit, luxury Chalk White swimwear, high-end swimwear",TRUE,Color,Stone Gray,Size,XL,TWESSIE_AU_OP_0505-Stone Gray-XL,168.0,,10
twessie-au-op-0505,Minimalist Crinkled Seersucker One-Piece,<p>A statement piece in Crinkled Seersucker. This one-piece combines anti-fashion statement design with impeccable craftsmanship. Available in Chalk White with Stone Gray detailing. Not loud. Not obvious. Unmistakably Twessie.</p>,Twessie,One-Piece,"Crinkled Seersucker bikini, independent fashion, architectural swimsuit, luxury Chalk White swimwear, high-end swimwear",TRUE,Color,Stone Gray,Size,XXL,TWESSIE_AU_OP_0505-Stone Gray-XXL,168.0,,10
twessie-au-bb-0506,Chalk White Minimalist Crinkled Seersucker Bikini Bottom,<p>A statement piece in Crinkled Seersucker. This bikini bottom combines rebellious yet refined design with impeccable craftsmanship. Available in Chalk White with Stone Gray detailing. Not loud. Not obvious. Unmistakably Twessie.</p>,Twessie,Bikini Bottom,"high-end swimwear, Crinkled Seersucker bikini, architectural swimsuit, minimalist bikini bottom, minimalist luxury",TRUE,Color,Chalk White,Size,XS,TWESSIE_AU_BB_0506-Chalk White-XS,168.0,,10
twessie-au-bb-0506,Chalk White Minimalist Crinkled Seersucker Bikini Bottom,<p>A statement piece in Crinkled Seersucker. This bikini bottom combines rebellious yet refined design with impeccable craftsmanship. Available in Chalk White with Stone Gray detailing. Not loud. Not obvious. Unmistakably Twessie.</p>,Twessie,Bikini Bottom,"high-end swimwear, Crinkled Seersucker bikini, architectural swimsuit, minimalist bikini bottom, minimalist luxury",TRUE,Color,Chalk White,Size,S,TWESSIE_AU_BB_0506-Chalk White-S,168.0,,10
twessie-au-bb-0506,Chalk White Minimalist Crinkled Seersucker Bikini Bottom,<p>A statement piece in Crinkled Seersucker. This bikini bottom combines rebellious yet refined design with impeccable craftsmanship. Available in Chalk White with Stone Gray detailing. Not loud. Not obvious. Unmistakably Twessie.</p>,Twessie,Bikini Bottom,"high-end swimwear, Crinkled Seersucker bikini, architectural swimsuit, minimalist bikini bottom, minimalist luxury",TRUE,Color,Chalk White,Size,M,TWESSIE_AU_BB_0506-Chalk White-M,168.0,,10
twessie-au-bb-0506,Chalk White Minimalist Crinkled Seersucker Bikini Bottom,<p>A statement piece in Crinkled Seersucker. This bikini bottom combines rebellious yet refined design with impeccable craftsmanship. Available in Chalk White with Stone Gray detailing. Not loud. Not obvious. Unmistakably Twessie.</p>,Twessie,Bikini Bottom,"high-end swimwear, Crinkled Seersucker bikini, architectural swimsuit, minimalist bikini bottom, minimalist luxury",TRUE,Color,Chalk White,Size,L,TWESSIE_AU_BB_0506-Chalk White-L,168.0,,10
twessie-au-bb-0506,Chalk White Minimalist Crinkled Seersucker Bikini Bottom,<p>A statement piece in Crinkled Seersucker. This bikini bottom combines rebellious yet refined design with impeccable craftsmanship. Available in Chalk White with Stone Gray detailing. Not loud. Not obvious. Unmistakably Twessie.</p>,Twessie,Bikini Bottom,"high-end swimwear, Crinkled Seersucker bikini, architectural swimsuit, minimalist bikini bottom, minimalist luxury",TRUE,Color,Chalk White,Size,XL,TWESSIE_AU_BB_0506-Chalk White-XL,168.0,,10
twessie-au-bb-0506,Chalk White Minimalist Crinkled Seersucker Bikini Bottom,<p>A statement piece in Crinkled Seersucker. This bikini bottom combines rebellious yet refined design with impeccable craftsmanship. Available in Chalk White with Stone Gray detailing. Not loud. Not obvious. Unmistakably Twessie.</p>,Twessie,Bikini Bottom,"high-end swimwear, Crinkled Seersucker bikini, architectural swimsuit, minimalist bikini bottom, minimalist luxury",TRUE,Color,Chalk White,Size,XXL,TWESSIE_AU_BB_0506-Chalk White-XXL,168.0,,10
twessie-au-bb-0506,Chalk White Minimalist Crinkled Seersucker Bikini Bottom,<p>A statement piece in Crinkled Seersucker. This bikini bottom combines rebellious yet refined design with impeccable craftsmanship. Available in Chalk White with Stone Gray detailing. Not loud. Not obvious. Unmistakably Twessie.</p>,Twessie,Bikini Bottom,"high-end swimwear, Crinkled Seersucker bikini, architectural swimsuit, minimalist bikini bottom, minimalist luxury",TRUE,Color,Stone Gray,Size,XS,TWESSIE_AU_BB_0506-Stone Gray-XS,168.0,,10
twessie-au-bb-0506,Chalk White Minimalist Crinkled Seersucker Bikini Bottom,<p>A statement piece in Crinkled Seersucker. This bikini bottom combines rebellious yet refined design with impeccable craftsmanship. Available in Chalk White with Stone Gray detailing. Not loud. Not obvious. Unmistakably Twessie.</p>,Twessie,Bikini Bottom,"high-end swimwear, Crinkled Seersucker bikini, architectural swimsuit, minimalist bikini bottom, minimalist luxury",TRUE,Color,Stone Gray,Size,S,TWESSIE_AU_BB_0506-Stone Gray-S,168.0,,10
twessie-au-bb-0506,Chalk White Minimalist Crinkled Seersucker Bikini Bottom,<p>A statement piece in Crinkled Seersucker. This bikini bottom combines rebellious yet refined design with impeccable craftsmanship. Available in Chalk White with Stone Gray detailing. Not loud. Not obvious. Unmistakably Twessie.</p>,Twessie,Bikini Bottom,"high-end swimwear, Crinkled Seersucker bikini, architectural swimsuit, minimalist bikini bottom, minimalist luxury",TRUE,Color,Stone Gray,Size,M,TWESSIE_AU_BB_0506-Stone Gray-M,168.0,,10
twessie-au-bb-0506,Chalk White Minimalist Crinkled Seersucker Bikini Bottom,<p>A statement piece in Crinkled Seersucker. This bikini bottom combines rebellious yet refined design with impeccable craftsmanship. Available in Chalk White with Stone Gray detailing. Not loud. Not obvious. Unmistakably Twessie.</p>,Twessie,Bikini Bottom,"high-end swimwear, Crinkled Seersucker bikini, architectural swimsuit, minimalist bikini bottom, minimalist luxury",TRUE,Color,Stone Gray,Size,L,TWESSIE_AU_BB_0506-Stone Gray-L,168.0,,10
twessie-au-bb-0506,Chalk White Minimalist Crinkled Seersucker Bikini Bottom,<p>A statement piece in Crinkled Seersucker. This bikini bottom combines rebellious yet refined design with impeccable craftsmanship. Available in Chalk White with Stone Gray detailing. Not loud. Not obvious. Unmistakably Twessie.</p>,Twessie,Bikini Bottom,"high-end swimwear, Crinkled Seersucker bikini, architectural swimsuit, minimalist bikini bottom, minimalist luxury",TRUE,Color,Stone Gray,Size,XL,TWESSIE_AU_BB_0506-Stone Gray-XL,168.0,,10
twessie-au-bb-0506,Chalk White Minimalist Crinkled Seersucker Bikini Bottom,<p>A statement piece in Crinkled Seersucker. This bikini bottom combines rebellious yet refined design with impeccable craftsmanship. Available in Chalk White with Stone Gray detailing. Not loud. Not obvious. Unmistakably Twessie.</p>,Twessie,Bikini Bottom,"high-end swimwear, Crinkled Seersucker bikini, architectural swimsuit, minimalist bikini bottom, minimalist luxury",TRUE,Color,Stone Gray,Size,XXL,TWESSIE_AU_BB_0506-Stone Gray-XXL,168.0,,10
twessie-jp-bb-0507,High-Cut Stone Gray Bikini Brief,<p>Crafted in premium Crinkled Seersucker with Econyl Sleek Satin accents. This bikini bottom epitomizes architectural elegance luxury. Featuring color-blocking in Stone Gray and Chalk White. Perfect for the discerning swimmer who refuses the obvious.</p>,Twessie,Bikini Bottom,"independent fashion, high-end swimwear, minimalist bikini bottom, minimalist luxury, Crinkled Seersucker bikini",TRUE,Color,Stone Gray,Size,XS,TWESSIE_JP_BB_0507-Stone Gray-XS,168.0,,10
twessie-jp-bb-0507,High-Cut Stone Gray Bikini Brief,<p>Crafted in premium Crinkled Seersucker with Econyl Sleek Satin accents. This bikini bottom epitomizes architectural elegance luxury. Featuring color-blocking in Stone Gray and Chalk White. Perfect for the discerning swimmer who refuses the obvious.</p>,Twessie,Bikini Bottom,"independent fashion, high-end swimwear, minimalist bikini bottom, minimalist luxury, Crinkled Seersucker bikini",TRUE,Color,Stone Gray,Size,S,TWESSIE_JP_BB_0507-Stone Gray-S,168.0,,10
twessie-jp-bb-0507,High-Cut Stone Gray Bikini Brief,<p>Crafted in premium Crinkled Seersucker with Econyl Sleek Satin accents. This bikini bottom epitomizes architectural elegance luxury. Featuring color-blocking in Stone Gray and Chalk White. Perfect for the discerning swimmer who refuses the obvious.</p>,Twessie,Bikini Bottom,"independent fashion, high-end swimwear, minimalist bikini bottom, minimalist luxury, Crinkled Seersucker bikini",TRUE,Color,Stone Gray,Size,M,TWESSIE_JP_BB_0507-Stone Gray-M,168.0,,10
twessie-jp-bb-0507,High-Cut Stone Gray Bikini Brief,<p>Crafted in premium Crinkled Seersucker with Econyl Sleek Satin accents. This bikini bottom epitomizes architectural elegance luxury. Featuring color-blocking in Stone Gray and Chalk White. Perfect for the discerning swimmer who refuses the obvious.</p>,Twessie,Bikini Bottom,"independent fashion, high-end swimwear, minimalist bikini bottom, minimalist luxury, Crinkled Seersucker bikini",TRUE,Color,Stone Gray,Size,L,TWESSIE_JP_BB_0507-Stone Gray-L,168.0,,10
twessie-jp-bb-0507,High-Cut Stone Gray Bikini Brief,<p>Crafted in premium Crinkled Seersucker with Econyl Sleek Satin accents. This bikini bottom epitomizes architectural elegance luxury. Featuring color-blocking in Stone Gray and Chalk White. Perfect for the discerning swimmer who refuses the obvious.</p>,Twessie,Bikini Bottom,"independent fashion, high-end swimwear, minimalist bikini bottom, minimalist luxury, Crinkled Seersucker bikini",TRUE,Color,Stone Gray,Size,XL,TWESSIE_JP_BB_0507-Stone Gray-XL,168.0,,10
twessie-jp-bb-0507,High-Cut Stone Gray Bikini Brief,<p>Crafted in premium Crinkled Seersucker with Econyl Sleek Satin accents. This bikini bottom epitomizes architectural elegance luxury. Featuring color-blocking in Stone Gray and Chalk White. Perfect for the discerning swimmer who refuses the obvious.</p>,Twessie,Bikini Bottom,"independent fashion, high-end swimwear, minimalist bikini bottom, minimalist luxury, Crinkled Seersucker bikini",TRUE,Color,Stone Gray,Size,XXL,TWESSIE_JP_BB_0507-Stone Gray-XXL,168.0,,10
twessie-jp-bb-0507,High-Cut Stone Gray Bikini Brief,<p>Crafted in premium Crinkled Seersucker with Econyl Sleek Satin accents. This bikini bottom epitomizes architectural elegance luxury. Featuring color-blocking in Stone Gray and Chalk White. Perfect for the discerning swimmer who refuses the obvious.</p>,Twessie,Bikini Bottom,"independent fashion, high-end swimwear, minimalist bikini bottom, minimalist luxury, Crinkled Seersucker bikini",TRUE,Color,Chalk White,Size,XS,TWESSIE_JP_BB_0507-Chalk White-XS,168.0,,10
twessie-jp-bb-0507,High-Cut Stone Gray Bikini Brief,<p>Crafted in premium Crinkled Seersucker with Econyl Sleek Satin accents. This bikini bottom epitomizes architectural elegance luxury. Featuring color-blocking in Stone Gray and Chalk White. Perfect for the discerning swimmer who refuses the obvious.</p>,Twessie,Bikini Bottom,"independent fashion, high-end swimwear, minimalist bikini bottom, minimalist luxury, Crinkled Seersucker bikini",TRUE,Color,Chalk White,Size,S,TWESSIE_JP_BB_0507-Chalk White-S,168.0,,10
twessie-jp-bb-0507,High-Cut Stone Gray Bikini Brief,<p>Crafted in premium Crinkled Seersucker with Econyl Sleek Satin accents. This bikini bottom epitomizes architectural elegance luxury. Featuring color-blocking in Stone Gray and Chalk White. Perfect for the discerning swimmer who refuses the obvious.</p>,Twessie,Bikini Bottom,"independent fashion, high-end swimwear, minimalist bikini bottom, minimalist luxury, Crinkled Seersucker bikini",TRUE,Color,Chalk White,Size,M,TWESSIE_JP_BB_0507-Chalk White-M,168.0,,10
twessie-jp-bb-0507,High-Cut Stone Gray Bikini Brief,<p>Crafted in premium Crinkled Seersucker with Econyl Sleek Satin accents. This bikini bottom epitomizes architectural elegance luxury. Featuring color-blocking in Stone Gray and Chalk White. Perfect for the discerning swimmer who refuses the obvious.</p>,Twessie,Bikini Bottom,"independent fashion, high-end swimwear, minimalist bikini bottom, minimalist luxury, Crinkled Seersucker bikini",TRUE,Color,Chalk White,Size,L,TWESSIE_JP_BB_0507-Chalk White-L,168.0,,10
twessie-jp-bb-0507,High-Cut Stone Gray Bikini Brief,<p>Crafted in premium Crinkled Seersucker with Econyl Sleek Satin accents. This bikini bottom epitomizes architectural elegance luxury. Featuring color-blocking in Stone Gray and Chalk White. Perfect for the discerning swimmer who refuses the obvious.</p>,Twessie,Bikini Bottom,"independent fashion, high-end swimwear, minimalist bikini bottom, minimalist luxury, Crinkled Seersucker bikini",TRUE,Color,Chalk White,Size,XL,TWESSIE_JP_BB_0507-Chalk White-XL,168.0,,10
twessie-jp-bb-0507,High-Cut Stone Gray Bikini Brief,<p>Crafted in premium Crinkled Seersucker with Econyl Sleek Satin accents. This bikini bottom epitomizes architectural elegance luxury. Featuring color-blocking in Stone Gray and Chalk White. Perfect for the discerning swimmer who refuses the obvious.</p>,Twessie,Bikini Bottom,"independent fashion, high-end swimwear, minimalist bikini bottom, minimalist luxury, Crinkled Seersucker bikini",TRUE,Color,Chalk White,Size,XXL,TWESSIE_JP_BB_0507-Chalk White-XXL,168.0,,10
twessie-eu-bt-0508,Chalk White Sculptural Crinkled Seersucker Bikini Top,<p>A statement piece in Crinkled Seersucker. This bikini top combines architectural elegance design with impeccable craftsmanship. Available in Chalk White with Stone Gray detailing. Not loud. Not obvious. Unmistakably Twessie.</p>,Twessie,Bikini Top,"luxury Chalk White swimwear, minimalist bikini top, independent fashion, architectural swimsuit, minimalist luxury",TRUE,Color,Chalk White,Size,XS,TWESSIE_EU_BT_0508-Chalk White-XS,168.0,,10
twessie-eu-bt-0508,Chalk White Sculptural Crinkled Seersucker Bikini Top,<p>A statement piece in Crinkled Seersucker. This bikini top combines architectural elegance design with impeccable craftsmanship. Available in Chalk White with Stone Gray detailing. Not loud. Not obvious. Unmistakably Twessie.</p>,Twessie,Bikini Top,"luxury Chalk White swimwear, minimalist bikini top, independent fashion, architectural swimsuit, minimalist luxury",TRUE,Color,Chalk White,Size,S,TWESSIE_EU_BT_0508-Chalk White-S,168.0,,10
twessie-eu-bt-0508,Chalk White Sculptural Crinkled Seersucker Bikini Top,<p>A statement piece in Crinkled Seersucker. This bikini top combines architectural elegance design with impeccable craftsmanship. Available in Chalk White with Stone Gray detailing. Not loud. Not obvious. Unmistakably Twessie.</p>,Twessie,Bikini Top,"luxury Chalk White swimwear, minimalist bikini top, independent fashion, architectural swimsuit, minimalist luxury",TRUE,Color,Chalk White,Size,M,TWESSIE_EU_BT_0508-Chalk White-M,168.0,,10
twessie-eu-bt-0508,Chalk White Sculptural Crinkled Seersucker Bikini Top,<p>A statement piece in Crinkled Seersucker. This bikini top combines architectural elegance design with impeccable craftsmanship. Available in Chalk White with Stone Gray detailing. Not loud. Not obvious. Unmistakably Twessie.</p>,Twessie,Bikini Top,"luxury Chalk White swimwear, minimalist bikini top, independent fashion, architectural swimsuit, minimalist luxury",TRUE,Color,Chalk White,Size,L,TWESSIE_EU_BT_0508-Chalk White-L,168.0,,10
twessie-eu-bt-0508,Chalk White Sculptural Crinkled Seersucker Bikini Top,<p>A statement piece in Crinkled Seersucker. This bikini top combines architectural elegance design with impeccable craftsmanship. Available in Chalk White with Stone Gray detailing. Not loud. Not obvious. Unmistakably Twessie.</p>,Twessie,Bikini Top,"luxury Chalk White swimwear, minimalist bikini top, independent fashion, architectural swimsuit, minimalist luxury",TRUE,Color,Chalk White,Size,XL,TWESSIE_EU_BT_0508-Chalk White-XL,168.0,,10
twessie-eu-bt-0508,Chalk White Sculptural Crinkled Seersucker Bikini Top,<p>A statement piece in Crinkled Seersucker. This bikini top combines architectural elegance design with impeccable craftsmanship. Available in Chalk White with Stone Gray detailing. Not loud. Not obvious. Unmistakably Twessie.</p>,Twessie,Bikini Top,"luxury Chalk White swimwear, minimalist bikini top, independent fashion, architectural swimsuit, minimalist luxury",TRUE,Color,Chalk White,Size,XXL,TWESSIE_EU_BT_0508-Chalk White-XXL,168.0,,10
twessie-eu-bt-0508,Chalk White Sculptural Crinkled Seersucker Bikini Top,<p>A statement piece in Crinkled Seersucker. This bikini top combines architectural elegance design with impeccable craftsmanship. Available in Chalk White with Stone Gray detailing. Not loud. Not obvious. Unmistakably Twessie.</p>,Twessie,Bikini Top,"luxury Chalk White swimwear, minimalist bikini top, independent fashion, architectural swimsuit, minimalist luxury",TRUE,Color,Stone Gray,Size,XS,TWESSIE_EU_BT_0508-Stone Gray-XS,168.0,,10
twessie-eu-bt-0508,Chalk White Sculptural Crinkled Seersucker Bikini Top,<p>A statement piece in Crinkled Seersucker. This bikini top combines architectural elegance design with impeccable craftsmanship. Available in Chalk White with Stone Gray detailing. Not loud. Not obvious. Unmistakably Twessie.</p>,Twessie,Bikini Top,"luxury Chalk White swimwear, minimalist bikini top, independent fashion, architectural swimsuit, minimalist luxury",TRUE,Color,Stone Gray,Size,S,TWESSIE_EU_BT_0508-Stone Gray-S,168.0,,10
twessie-eu-bt-0508,Chalk White Sculptural Crinkled Seersucker Bikini Top,<p>A statement piece in Crinkled Seersucker. This bikini top combines architectural elegance design with impeccable craftsmanship. Available in Chalk White with Stone Gray detailing. Not loud. Not obvious. Unmistakably Twessie.</p>,Twessie,Bikini Top,"luxury Chalk White swimwear, minimalist bikini top, independent fashion, architectural swimsuit, minimalist luxury",TRUE,Color,Stone Gray,Size,M,TWESSIE_EU_BT_0508-Stone Gray-M,168.0,,10
twessie-eu-bt-0508,Chalk White Sculptural Crinkled Seersucker Bikini Top,<p>A statement piece in Crinkled Seersucker. This bikini top combines architectural elegance design with impeccable craftsmanship. Available in Chalk White with Stone Gray detailing. Not loud. Not obvious. Unmistakably Twessie.</p>,Twessie,Bikini Top,"luxury Chalk White swimwear, minimalist bikini top, independent fashion, architectural swimsuit, minimalist luxury",TRUE,Color,Stone Gray,Size,L,TWESSIE_EU_BT_0508-Stone Gray-L,168.0,,10
twessie-eu-bt-0508,Chalk White Sculptural Crinkled Seersucker Bikini Top,<p>A statement piece in Crinkled Seersucker. This bikini top combines architectural elegance design with impeccable craftsmanship. Available in Chalk White with Stone Gray detailing. Not loud. Not obvious. Unmistakably Twessie.</p>,Twessie,Bikini Top,"luxury Chalk White swimwear, minimalist bikini top, independent fashion, architectural swimsuit, minimalist luxury",TRUE,Color,Stone Gray,Size,XL,TWESSIE_EU_BT_0508-Stone Gray-XL,168.0,,10
twessie-eu-bt-0508,Chalk White Sculptural Crinkled Seersucker Bikini Top,<p>A statement piece in Crinkled Seersucker. This bikini top combines architectural elegance design with impeccable craftsmanship. Available in Chalk White with Stone Gray detailing. Not loud. Not obvious. Unmistakably Twessie.</p>,Twessie,Bikini Top,"luxury Chalk White swimwear, minimalist bikini top, independent fashion, architectural swimsuit, minimalist luxury",TRUE,Color,Stone Gray,Size,XXL,TWESSIE_EU_BT_0508-Stone Gray-XXL,168.0,,10
twessie-sg-bb-0509,Raw-Edge Stone Gray Bikini Bottom,<p>A statement piece in Crinkled Seersucker. This bikini bottom combines minimalist luxury design with impeccable craftsmanship. Available in Stone Gray with Chalk White detailing. Not loud. Not obvious. Unmistakably Twessie.</p>,Twessie,Bikini Bottom,"independent fashion, architectural swimsuit, Crinkled Seersucker bikini, high-end swimwear, minimalist bikini bottom",TRUE,Color,Stone Gray,Size,XS,TWESSIE_SG_BB_0509-Stone Gray-XS,168.0,,10
twessie-sg-bb-0509,Raw-Edge Stone Gray Bikini Bottom,<p>A statement piece in Crinkled Seersucker. This bikini bottom combines minimalist luxury design with impeccable craftsmanship. Available in Stone Gray with Chalk White detailing. Not loud. Not obvious. Unmistakably Twessie.</p>,Twessie,Bikini Bottom,"independent fashion, architectural swimsuit, Crinkled Seersucker bikini, high-end swimwear, minimalist bikini bottom",TRUE,Color,Stone Gray,Size,S,TWESSIE_SG_BB_0509-Stone Gray-S,168.0,,10
twessie-sg-bb-0509,Raw-Edge Stone Gray Bikini Bottom,<p>A statement piece in Crinkled Seersucker. This bikini bottom combines minimalist luxury design with impeccable craftsmanship. Available in Stone Gray with Chalk White detailing. Not loud. Not obvious. Unmistakably Twessie.</p>,Twessie,Bikini Bottom,"independent fashion, architectural swimsuit, Crinkled Seersucker bikini, high-end swimwear, minimalist bikini bottom",TRUE,Color,Stone Gray,Size,M,TWESSIE_SG_BB_0509-Stone Gray-M,168.0,,10
twessie-sg-bb-0509,Raw-Edge Stone Gray Bikini Bottom,<p>A statement piece in Crinkled Seersucker. This bikini bottom combines minimalist luxury design with impeccable craftsmanship. Available in Stone Gray with Chalk White detailing. Not loud. Not obvious. Unmistakably Twessie.</p>,Twessie,Bikini Bottom,"independent fashion, architectural swimsuit, Crinkled Seersucker bikini, high-end swimwear, minimalist bikini bottom",TRUE,Color,Stone Gray,Size,L,TWESSIE_SG_BB_0509-Stone Gray-L,168.0,,10
twessie-sg-bb-0509,Raw-Edge Stone Gray Bikini Bottom,<p>A statement piece in Crinkled Seersucker. This bikini bottom combines minimalist luxury design with impeccable craftsmanship. Available in Stone Gray with Chalk White detailing. Not loud. Not obvious. Unmistakably Twessie.</p>,Twessie,Bikini Bottom,"independent fashion, architectural swimsuit, Crinkled Seersucker bikini, high-end swimwear, minimalist bikini bottom",TRUE,Color,Stone Gray,Size,XL,TWESSIE_SG_BB_0509-Stone Gray-XL,168.0,,10
twessie-sg-bb-0509,Raw-Edge Stone Gray Bikini Bottom,<p>A statement piece in Crinkled Seersucker. This bikini bottom combines minimalist luxury design with impeccable craftsmanship. Available in Stone Gray with Chalk White detailing. Not loud. Not obvious. Unmistakably Twessie.</p>,Twessie,Bikini Bottom,"independent fashion, architectural swimsuit, Crinkled Seersucker bikini, high-end swimwear, minimalist bikini bottom",TRUE,Color,Stone Gray,Size,XXL,TWESSIE_SG_BB_0509-Stone Gray-XXL,168.0,,10
twessie-sg-bb-0509,Raw-Edge Stone Gray Bikini Bottom,<p>A statement piece in Crinkled Seersucker. This bikini bottom combines minimalist luxury design with impeccable craftsmanship. Available in Stone Gray with Chalk White detailing. Not loud. Not obvious. Unmistakably Twessie.</p>,Twessie,Bikini Bottom,"independent fashion, architectural swimsuit, Crinkled Seersucker bikini, high-end swimwear, minimalist bikini bottom",TRUE,Color,Chalk White,Size,XS,TWESSIE_SG_BB_0509-Chalk White-XS,168.0,,10
twessie-sg-bb-0509,Raw-Edge Stone Gray Bikini Bottom,<p>A statement piece in Crinkled Seersucker. This bikini bottom combines minimalist luxury design with impeccable craftsmanship. Available in Stone Gray with Chalk White detailing. Not loud. Not obvious. Unmistakably Twessie.</p>,Twessie,Bikini Bottom,"independent fashion, architectural swimsuit, Crinkled Seersucker bikini, high-end swimwear, minimalist bikini bottom",TRUE,Color,Chalk White,Size,S,TWESSIE_SG_BB_0509-Chalk White-S,168.0,,10
twessie-sg-bb-0509,Raw-Edge Stone Gray Bikini Bottom,<p>A statement piece in Crinkled Seersucker. This bikini bottom combines minimalist luxury design with impeccable craftsmanship. Available in Stone Gray with Chalk White detailing. Not loud. Not obvious. Unmistakably Twessie.</p>,Twessie,Bikini Bottom,"independent fashion, architectural swimsuit, Crinkled Seersucker bikini, high-end swimwear, minimalist bikini bottom",TRUE,Color,Chalk White,Size,M,TWESSIE_SG_BB_0509-Chalk White-M,168.0,,10
twessie-sg-bb-0509,Raw-Edge Stone Gray Bikini Bottom,<p>A statement piece in Crinkled Seersucker. This bikini bottom combines minimalist luxury design with impeccable craftsmanship. Available in Stone Gray with Chalk White detailing. Not loud. Not obvious. Unmistakably Twessie.</p>,Twessie,Bikini Bottom,"independent fashion, architectural swimsuit, Crinkled Seersucker bikini, high-end swimwear, minimalist bikini bottom",TRUE,Color,Chalk White,Size,L,TWESSIE_SG_BB_0509-Chalk White-L,168.0,,10
twessie-sg-bb-0509,Raw-Edge Stone Gray Bikini Bottom,<p>A statement piece in Crinkled Seersucker. This bikini bottom combines minimalist luxury design with impeccable craftsmanship. Available in Stone Gray with Chalk White detailing. Not loud. Not obvious. Unmistakably Twessie.</p>,Twessie,Bikini Bottom,"independent fashion, architectural swimsuit, Crinkled Seersucker bikini, high-end swimwear, minimalist bikini bottom",TRUE,Color,Chalk White,Size,XL,TWESSIE_SG_BB_0509-Chalk White-XL,168.0,,10
twessie-sg-bb-0509,Raw-Edge Stone Gray Bikini Bottom,<p>A statement piece in Crinkled Seersucker. This bikini bottom combines minimalist luxury design with impeccable craftsmanship. Available in Stone Gray with Chalk White detailing. Not loud. Not obvious. Unmistakably Twessie.</p>,Twessie,Bikini Bottom,"independent fashion, architectural swimsuit, Crinkled Seersucker bikini, high-end swimwear, minimalist bikini bottom",TRUE,Color,Chalk White,Size,XXL,TWESSIE_SG_BB_0509-Chalk White-XXL,168.0,,10
twessie-au-bt-0510,Architecture-Cut Obsidian Black Bikini Top,<p>A statement piece in Econyl Sleek Satin. This bikini top combines anti-fashion statement design with impeccable craftsmanship. Available in Obsidian Black with Olive Drab detailing. Not loud. Not obvious. Unmistakably Twessie.</p>,Twessie,Bikini Top,"high-end swimwear, minimalist bikini top, independent fashion, luxury Obsidian Black swimwear, Econyl Sleek Satin bikini",TRUE,Color,Obsidian Black,Size,XS,TWESSIE_AU_BT_0510-Obsidian Black-XS,168.0,,10
twessie-au-bt-0510,Architecture-Cut Obsidian Black Bikini Top,<p>A statement piece in Econyl Sleek Satin. This bikini top combines anti-fashion statement design with impeccable craftsmanship. Available in Obsidian Black with Olive Drab detailing. Not loud. Not obvious. Unmistakably Twessie.</p>,Twessie,Bikini Top,"high-end swimwear, minimalist bikini top, independent fashion, luxury Obsidian Black swimwear, Econyl Sleek Satin bikini",TRUE,Color,Obsidian Black,Size,S,TWESSIE_AU_BT_0510-Obsidian Black-S,168.0,,10
twessie-au-bt-0510,Architecture-Cut Obsidian Black Bikini Top,<p>A statement piece in Econyl Sleek Satin. This bikini top combines anti-fashion statement design with impeccable craftsmanship. Available in Obsidian Black with Olive Drab detailing. Not loud. Not obvious. Unmistakably Twessie.</p>,Twessie,Bikini Top,"high-end swimwear, minimalist bikini top, independent fashion, luxury Obsidian Black swimwear, Econyl Sleek Satin bikini",TRUE,Color,Obsidian Black,Size,M,TWESSIE_AU_BT_0510-Obsidian Black-M,168.0,,10
twessie-au-bt-0510,Architecture-Cut Obsidian Black Bikini Top,<p>A statement piece in Econyl Sleek Satin. This bikini top combines anti-fashion statement design with impeccable craftsmanship. Available in Obsidian Black with Olive Drab detailing. Not loud. Not obvious. Unmistakably Twessie.</p>,Twessie,Bikini Top,"high-end swimwear, minimalist bikini top, independent fashion, luxury Obsidian Black swimwear, Econyl Sleek Satin bikini",TRUE,Color,Obsidian Black,Size,L,TWESSIE_AU_BT_0510-Obsidian Black-L,168.0,,10
twessie-au-bt-0510,Architecture-Cut Obsidian Black Bikini Top,<p>A statement piece in Econyl Sleek Satin. This bikini top combines anti-fashion statement design with impeccable craftsmanship. Available in Obsidian Black with Olive Drab detailing. Not loud. Not obvious. Unmistakably Twessie.</p>,Twessie,Bikini Top,"high-end swimwear, minimalist bikini top, independent fashion, luxury Obsidian Black swimwear, Econyl Sleek Satin bikini",TRUE,Color,Obsidian Black,Size,XL,TWESSIE_AU_BT_0510-Obsidian Black-XL,168.0,,10
twessie-au-bt-0510,Architecture-Cut Obsidian Black Bikini Top,<p>A statement piece in Econyl Sleek Satin. This bikini top combines anti-fashion statement design with impeccable craftsmanship. Available in Obsidian Black with Olive Drab detailing. Not loud. Not obvious. Unmistakably Twessie.</p>,Twessie,Bikini Top,"high-end swimwear, minimalist bikini top, independent fashion, luxury Obsidian Black swimwear, Econyl Sleek Satin bikini",TRUE,Color,Obsidian Black,Size,XXL,TWESSIE_AU_BT_0510-Obsidian Black-XXL,168.0,,10
twessie-au-bt-0510,Architecture-Cut Obsidian Black Bikini Top,<p>A statement piece in Econyl Sleek Satin. This bikini top combines anti-fashion statement design with impeccable craftsmanship. Available in Obsidian Black with Olive Drab detailing. Not loud. Not obvious. Unmistakably Twessie.</p>,Twessie,Bikini Top,"high-end swimwear, minimalist bikini top, independent fashion, luxury Obsidian Black swimwear, Econyl Sleek Satin bikini",TRUE,Color,Olive Drab,Size,XS,TWESSIE_AU_BT_0510-Olive Drab-XS,168.0,,10
twessie-au-bt-0510,Architecture-Cut Obsidian Black Bikini Top,<p>A statement piece in Econyl Sleek Satin. This bikini top combines anti-fashion statement design with impeccable craftsmanship. Available in Obsidian Black with Olive Drab detailing. Not loud. Not obvious. Unmistakably Twessie.</p>,Twessie,Bikini Top,"high-end swimwear, minimalist bikini top, independent fashion, luxury Obsidian Black swimwear, Econyl Sleek Satin bikini",TRUE,Color,Olive Drab,Size,S,TWESSIE_AU_BT_0510-Olive Drab-S,168.0,,10
twessie-au-bt-0510,Architecture-Cut Obsidian Black Bikini Top,<p>A statement piece in Econyl Sleek Satin. This bikini top combines anti-fashion statement design with impeccable craftsmanship. Available in Obsidian Black with Olive Drab detailing. Not loud. Not obvious. Unmistakably Twessie.</p>,Twessie,Bikini Top,"high-end swimwear, minimalist bikini top, independent fashion, luxury Obsidian Black swimwear, Econyl Sleek Satin bikini",TRUE,Color,Olive Drab,Size,M,TWESSIE_AU_BT_0510-Olive Drab-M,168.0,,10
twessie-au-bt-0510,Architecture-Cut Obsidian Black Bikini Top,<p>A statement piece in Econyl Sleek Satin. This bikini top combines anti-fashion statement design with impeccable craftsmanship. Available in Obsidian Black with Olive Drab detailing. Not loud. Not obvious. Unmistakably Twessie.</p>,Twessie,Bikini Top,"high-end swimwear, minimalist bikini top, independent fashion, luxury Obsidian Black swimwear, Econyl Sleek Satin bikini",TRUE,Color,Olive Drab,Size,L,TWESSIE_AU_BT_0510-Olive Drab-L,168.0,,10
twessie-au-bt-0510,Architecture-Cut Obsidian Black Bikini Top,<p>A statement piece in Econyl Sleek Satin. This bikini top combines anti-fashion statement design with impeccable craftsmanship. Available in Obsidian Black with Olive Drab detailing. Not loud. Not obvious. Unmistakably Twessie.</p>,Twessie,Bikini Top,"high-end swimwear, minimalist bikini top, independent fashion, luxury Obsidian Black swimwear, Econyl Sleek Satin bikini",TRUE,Color,Olive Drab,Size,XL,TWESSIE_AU_BT_0510-Olive Drab-XL,168.0,,10
twessie-au-bt-0510,Architecture-Cut Obsidian Black Bikini Top,<p>A statement piece in Econyl Sleek Satin. This bikini top combines anti-fashion statement design with impeccable craftsmanship. Available in Obsidian Black with Olive Drab detailing. Not loud. Not obvious. Unmistakably Twessie.</p>,Twessie,Bikini Top,"high-end swimwear, minimalist bikini top, independent fashion, luxury Obsidian Black swimwear, Econyl Sleek Satin bikini",TRUE,Color,Olive Drab,Size,XXL,TWESSIE_AU_BT_0510-Olive Drab-XXL,168.0,,10
