Handle,Title,Body (HTML),Vendor,Product Type,Tags,Published,Option1 Name,Option1 Value,Option2 Name,Option2 Value,Variant SKU,Variant Price,Variant Compare At Price,Variant Inventory Qty
twessie-au-bt-0101,Stone Gray Sculptural Crinkled Seersucker Bikini Top,<p>Crafted in premium Crinkled Seersucker with Econyl Sleek Satin accents. This bikini top epitomizes minimalist luxury luxury. Featuring color-blocking in Stone Gray and Chalk White. Perfect for the discerning swimmer who refuses the obvious.</p>,Twessie,Bikini Top,"minimalist bikini top, high-end swimwear, Crinkled Seersucker bikini, minimalist luxury, architectural swimsuit",TRUE,Color,Stone Gray,Size,XS,TWESSIE_AU_BT_0101-Stone Gray-XS,168.0,,10
twessie-au-bt-0101,Stone Gray Sculptural Crinkled Seersucker Bikini Top,<p>Crafted in premium Crinkled Seersucker with Econyl Sleek Satin accents. This bikini top epitomizes minimalist luxury luxury. Featuring color-blocking in Stone Gray and Chalk White. Perfect for the discerning swimmer who refuses the obvious.</p>,Twessie,Bikini Top,"minimalist bikini top, high-end swimwear, Crinkled Seersucker bikini, minimalist luxury, architectural swimsuit",TRUE,Color,Stone Gray,Size,S,TWESSIE_AU_BT_0101-Stone Gray-S,168.0,,10
twessie-au-bt-0101,Stone Gray Sculptural Crinkled Seersucker Bikini Top,<p>Crafted in premium Crinkled Seersucker with Econyl Sleek Satin accents. This bikini top epitomizes minimalist luxury luxury. Featuring color-blocking in Stone Gray and Chalk White. Perfect for the discerning swimmer who refuses the obvious.</p>,Twessie,Bikini Top,"minimalist bikini top, high-end swimwear, Crinkled Seersucker bikini, minimalist luxury, architectural swimsuit",TRUE,Color,Stone Gray,Size,M,TWESSIE_AU_BT_0101-Stone Gray-M,168.0,,10
twessie-au-bt-0101,Stone Gray Sculptural Crinkled Seersucker Bikini Top,<p>Crafted in premium Crinkled Seersucker with Econyl Sleek Satin accents. This bikini top epitomizes minimalist luxury luxury. Featuring color-blocking in Stone Gray and Chalk White. Perfect for the discerning swimmer who refuses the obvious.</p>,Twessie,Bikini Top,"minimalist bikini top, high-end swimwear, Crinkled Seersucker bikini, minimalist luxury, architectural swimsuit",TRUE,Color,Stone Gray,Size,L,TWESSIE_AU_BT_0101-Stone Gray-L,168.0,,10
twessie-au-bt-0101,Stone Gray Sculptural Crinkled Seersucker Bikini Top,<p>Crafted in premium Crinkled Seersucker with Econyl Sleek Satin accents. This bikini top epitomizes minimalist luxury luxury. Featuring color-blocking in Stone Gray and Chalk White. Perfect for the discerning swimmer who refuses the obvious.</p>,Twessie,Bikini Top,"minimalist bikini top, high-end swimwear, Crinkled Seersucker bikini, minimalist luxury, architectural swimsuit",TRUE,Color,Stone Gray,Size,XL,TWESSIE_AU_BT_0101-Stone Gray-XL,168.0,,10
twessie-au-bt-0101,Stone Gray Sculptural Crinkled Seersucker Bikini Top,<p>Crafted in premium Crinkled Seersucker with Econyl Sleek Satin accents. This bikini top epitomizes minimalist luxury luxury. Featuring color-blocking in Stone Gray and Chalk White. Perfect for the discerning swimmer who refuses the obvious.</p>,Twessie,Bikini Top,"minimalist bikini top, high-end swimwear, Crinkled Seersucker bikini, minimalist luxury, architectural swimsuit",TRUE,Color,Stone Gray,Size,XXL,TWESSIE_AU_BT_0101-Stone Gray-XXL,168.0,,10
twessie-au-bt-0101,Stone Gray Sculptural Crinkled Seersucker Bikini Top,<p>Crafted in premium Crinkled Seersucker with Econyl Sleek Satin accents. This bikini top epitomizes minimalist luxury luxury. Featuring color-blocking in Stone Gray and Chalk White. Perfect for the discerning swimmer who refuses the obvious.</p>,Twessie,Bikini Top,"minimalist bikini top, high-end swimwear, Crinkled Seersucker bikini, minimalist luxury, architectural swimsuit",TRUE,Color,Chalk White,Size,XS,TWESSIE_AU_BT_0101-Chalk White-XS,168.0,,10
twessie-au-bt-0101,Stone Gray Sculptural Crinkled Seersucker Bikini Top,<p>Crafted in premium Crinkled Seersucker with Econyl Sleek Satin accents. This bikini top epitomizes minimalist luxury luxury. Featuring color-blocking in Stone Gray and Chalk White. Perfect for the discerning swimmer who refuses the obvious.</p>,Twessie,Bikini Top,"minimalist bikini top, high-end swimwear, Crinkled Seersucker bikini, minimalist luxury, architectural swimsuit",TRUE,Color,Chalk White,Size,S,TWESSIE_AU_BT_0101-Chalk White-S,168.0,,10
twessie-au-bt-0101,Stone Gray Sculptural Crinkled Seersucker Bikini Top,<p>Crafted in premium Crinkled Seersucker with Econyl Sleek Satin accents. This bikini top epitomizes minimalist luxury luxury. Featuring color-blocking in Stone Gray and Chalk White. Perfect for the discerning swimmer who refuses the obvious.</p>,Twessie,Bikini Top,"minimalist bikini top, high-end swimwear, Crinkled Seersucker bikini, minimalist luxury, architectural swimsuit",TRUE,Color,Chalk White,Size,M,TWESSIE_AU_BT_0101-Chalk White-M,168.0,,10
twessie-au-bt-0101,Stone Gray Sculptural Crinkled Seersucker Bikini Top,<p>Crafted in premium Crinkled Seersucker with Econyl Sleek Satin accents. This bikini top epitomizes minimalist luxury luxury. Featuring color-blocking in Stone Gray and Chalk White. Perfect for the discerning swimmer who refuses the obvious.</p>,Twessie,Bikini Top,"minimalist bikini top, high-end swimwear, Crinkled Seersucker bikini, minimalist luxury, architectural swimsuit",TRUE,Color,Chalk White,Size,L,TWESSIE_AU_BT_0101-Chalk White-L,168.0,,10
twessie-au-bt-0101,Stone Gray Sculptural Crinkled Seersucker Bikini Top,<p>Crafted in premium Crinkled Seersucker with Econyl Sleek Satin accents. This bikini top epitomizes minimalist luxury luxury. Featuring color-blocking in Stone Gray and Chalk White. Perfect for the discerning swimmer who refuses the obvious.</p>,Twessie,Bikini Top,"minimalist bikini top, high-end swimwear, Crinkled Seersucker bikini, minimalist luxury, architectural swimsuit",TRUE,Color,Chalk White,Size,XL,TWESSIE_AU_BT_0101-Chalk White-XL,168.0,,10
twessie-au-bt-0101,Stone Gray Sculptural Crinkled Seersucker Bikini Top,<p>Crafted in premium Crinkled Seersucker with Econyl Sleek Satin accents. This bikini top epitomizes minimalist luxury luxury. Featuring color-blocking in Stone Gray and Chalk White. Perfect for the discerning swimmer who refuses the obvious.</p>,Twessie,Bikini Top,"minimalist bikini top, high-end swimwear, Crinkled Seersucker bikini, minimalist luxury, architectural swimsuit",TRUE,Color,Chalk White,Size,XXL,TWESSIE_AU_BT_0101-Chalk White-XXL,168.0,,10
twessie-eu-bb-0102,Olive Drab Minimalist Matte Ribbed Knit Bikini Bottom,<p>Crafted in premium Matte Ribbed Knit with Crinkled Seersucker accents. This bikini bottom epitomizes architectural elegance luxury. Featuring color-blocking in Olive Drab and Burnt Terracotta. Perfect for the discerning swimmer who refuses the obvious.</p>,Twessie,Bikini Bottom,"minimalist bikini bottom, high-end swimwear, independent fashion, luxury Olive Drab swimwear, architectural swimsuit",TRUE,Color,Olive Drab,Size,XS,TWESSIE_EU_BB_0102-Olive Drab-XS,168.0,,10
twessie-eu-bb-0102,Olive Drab Minimalist Matte Ribbed Knit Bikini Bottom,<p>Crafted in premium Matte Ribbed Knit with Crinkled Seersucker accents. This bikini bottom epitomizes architectural elegance luxury. Featuring color-blocking in Olive Drab and Burnt Terracotta. Perfect for the discerning swimmer who refuses the obvious.</p>,Twessie,Bikini Bottom,"minimalist bikini bottom, high-end swimwear, independent fashion, luxury Olive Drab swimwear, architectural swimsuit",TRUE,Color,Olive Drab,Size,S,TWESSIE_EU_BB_0102-Olive Drab-S,168.0,,10
twessie-eu-bb-0102,Olive Drab Minimalist Matte Ribbed Knit Bikini Bottom,<p>Crafted in premium Matte Ribbed Knit with Crinkled Seersucker accents. This bikini bottom epitomizes architectural elegance luxury. Featuring color-blocking in Olive Drab and Burnt Terracotta. Perfect for the discerning swimmer who refuses the obvious.</p>,Twessie,Bikini Bottom,"minimalist bikini bottom, high-end swimwear, independent fashion, luxury Olive Drab swimwear, architectural swimsuit",TRUE,Color,Olive Drab,Size,M,TWESSIE_EU_BB_0102-Olive Drab-M,168.0,,10
twessie-eu-bb-0102,Olive Drab Minimalist Matte Ribbed Knit Bikini Bottom,<p>Crafted in premium Matte Ribbed Knit with Crinkled Seersucker accents. This bikini bottom epitomizes architectural elegance luxury. Featuring color-blocking in Olive Drab and Burnt Terracotta. Perfect for the discerning swimmer who refuses the obvious.</p>,Twessie,Bikini Bottom,"minimalist bikini bottom, high-end swimwear, independent fashion, luxury Olive Drab swimwear, architectural swimsuit",TRUE,Color,Olive Drab,Size,L,TWESSIE_EU_BB_0102-Olive Drab-L,168.0,,10
twessie-eu-bb-0102,Olive Drab Minimalist Matte Ribbed Knit Bikini Bottom,<p>Crafted in premium Matte Ribbed Knit with Crinkled Seersucker accents. This bikini bottom epitomizes architectural elegance luxury. Featuring color-blocking in Olive Drab and Burnt Terracotta. Perfect for the discerning swimmer who refuses the obvious.</p>,Twessie,Bikini Bottom,"minimalist bikini bottom, high-end swimwear, independent fashion, luxury Olive Drab swimwear, architectural swimsuit",TRUE,Color,Olive Drab,Size,XL,TWESSIE_EU_BB_0102-Olive Drab-XL,168.0,,10
twessie-eu-bb-0102,Olive Drab Minimalist Matte Ribbed Knit Bikini Bottom,<p>Crafted in premium Matte Ribbed Knit with Crinkled Seersucker accents. This bikini bottom epitomizes architectural elegance luxury. Featuring color-blocking in Olive Drab and Burnt Terracotta. Perfect for the discerning swimmer who refuses the obvious.</p>,Twessie,Bikini Bottom,"minimalist bikini bottom, high-end swimwear, independent fashion, luxury Olive Drab swimwear, architectural swimsuit",TRUE,Color,Olive Drab,Size,XXL,TWESSIE_EU_BB_0102-Olive Drab-XXL,168.0,,10
twessie-eu-bb-0102,Olive Drab Minimalist Matte Ribbed Knit Bikini Bottom,<p>Crafted in premium Matte Ribbed Knit with Crinkled Seersucker accents. This bikini bottom epitomizes architectural elegance luxury. Featuring color-blocking in Olive Drab and Burnt Terracotta. Perfect for the discerning swimmer who refuses the obvious.</p>,Twessie,Bikini Bottom,"minimalist bikini bottom, high-end swimwear, independent fashion, luxury Olive Drab swimwear, architectural swimsuit",TRUE,Color,Burnt Terracotta,Size,XS,TWESSIE_EU_BB_0102-Burnt Terracotta-XS,168.0,,10
twessie-eu-bb-0102,Olive Drab Minimalist Matte Ribbed Knit Bikini Bottom,<p>Crafted in premium Matte Ribbed Knit with Crinkled Seersucker accents. This bikini bottom epitomizes architectural elegance luxury. Featuring color-blocking in Olive Drab and Burnt Terracotta. Perfect for the discerning swimmer who refuses the obvious.</p>,Twessie,Bikini Bottom,"minimalist bikini bottom, high-end swimwear, independent fashion, luxury Olive Drab swimwear, architectural swimsuit",TRUE,Color,Burnt Terracotta,Size,S,TWESSIE_EU_BB_0102-Burnt Terracotta-S,168.0,,10
twessie-eu-bb-0102,Olive Drab Minimalist Matte Ribbed Knit Bikini Bottom,<p>Crafted in premium Matte Ribbed Knit with Crinkled Seersucker accents. This bikini bottom epitomizes architectural elegance luxury. Featuring color-blocking in Olive Drab and Burnt Terracotta. Perfect for the discerning swimmer who refuses the obvious.</p>,Twessie,Bikini Bottom,"minimalist bikini bottom, high-end swimwear, independent fashion, luxury Olive Drab swimwear, architectural swimsuit",TRUE,Color,Burnt Terracotta,Size,M,TWESSIE_EU_BB_0102-Burnt Terracotta-M,168.0,,10
twessie-eu-bb-0102,Olive Drab Minimalist Matte Ribbed Knit Bikini Bottom,<p>Crafted in premium Matte Ribbed Knit with Crinkled Seersucker accents. This bikini bottom epitomizes architectural elegance luxury. Featuring color-blocking in Olive Drab and Burnt Terracotta. Perfect for the discerning swimmer who refuses the obvious.</p>,Twessie,Bikini Bottom,"minimalist bikini bottom, high-end swimwear, independent fashion, luxury Olive Drab swimwear, architectural swimsuit",TRUE,Color,Burnt Terracotta,Size,L,TWESSIE_EU_BB_0102-Burnt Terracotta-L,168.0,,10
twessie-eu-bb-0102,Olive Drab Minimalist Matte Ribbed Knit Bikini Bottom,<p>Crafted in premium Matte Ribbed Knit with Crinkled Seersucker accents. This bikini bottom epitomizes architectural elegance luxury. Featuring color-blocking in Olive Drab and Burnt Terracotta. Perfect for the discerning swimmer who refuses the obvious.</p>,Twessie,Bikini Bottom,"minimalist bikini bottom, high-end swimwear, independent fashion, luxury Olive Drab swimwear, architectural swimsuit",TRUE,Color,Burnt Terracotta,Size,XL,TWESSIE_EU_BB_0102-Burnt Terracotta-XL,168.0,,10
twessie-eu-bb-0102,Olive Drab Minimalist Matte Ribbed Knit Bikini Bottom,<p>Crafted in premium Matte Ribbed Knit with Crinkled Seersucker accents. This bikini bottom epitomizes architectural elegance luxury. Featuring color-blocking in Olive Drab and Burnt Terracotta. Perfect for the discerning swimmer who refuses the obvious.</p>,Twessie,Bikini Bottom,"minimalist bikini bottom, high-end swimwear, independent fashion, luxury Olive Drab swimwear, architectural swimsuit",TRUE,Color,Burnt Terracotta,Size,XXL,TWESSIE_EU_BB_0102-Burnt Terracotta-XXL,168.0,,10
twessie-na-ha-0103,Convertible Halter Strap - Obsidian Black,"<p>Econyl Sleek Satin construction meets architectural precision in this halter strap accessory. Designed for the intelligent, independent woman. The Obsidian Black colorway with Burnt Terracotta accents creates a sophisticated palette. Pure rebellious yet refined elegance.</p>",Twessie,Halter Strap Accessory,"architectural swimsuit, high-end swimwear, minimalist halter strap accessory, Econyl Sleek Satin bikini, minimalist luxury",TRUE,Color,Obsidian Black,Size,XS,TWESSIE_NA_HA_0103-Obsidian Black-XS,168.0,,10
twessie-na-ha-0103,Convertible Halter Strap - Obsidian Black,"<p>Econyl Sleek Satin construction meets architectural precision in this halter strap accessory. Designed for the intelligent, independent woman. The Obsidian Black colorway with Burnt Terracotta accents creates a sophisticated palette. Pure rebellious yet refined elegance.</p>",Twessie,Halter Strap Accessory,"architectural swimsuit, high-end swimwear, minimalist halter strap accessory, Econyl Sleek Satin bikini, minimalist luxury",TRUE,Color,Obsidian Black,Size,S,TWESSIE_NA_HA_0103-Obsidian Black-S,168.0,,10
twessie-na-ha-0103,Convertible Halter Strap - Obsidian Black,"<p>Econyl Sleek Satin construction meets architectural precision in this halter strap accessory. Designed for the intelligent, independent woman. The Obsidian Black colorway with Burnt Terracotta accents creates a sophisticated palette. Pure rebellious yet refined elegance.</p>",Twessie,Halter Strap Accessory,"architectural swimsuit, high-end swimwear, minimalist halter strap accessory, Econyl Sleek Satin bikini, minimalist luxury",TRUE,Color,Obsidian Black,Size,M,TWESSIE_NA_HA_0103-Obsidian Black-M,168.0,,10
twessie-na-ha-0103,Convertible Halter Strap - Obsidian Black,"<p>Econyl Sleek Satin construction meets architectural precision in this halter strap accessory. Designed for the intelligent, independent woman. The Obsidian Black colorway with Burnt Terracotta accents creates a sophisticated palette. Pure rebellious yet refined elegance.</p>",Twessie,Halter Strap Accessory,"architectural swimsuit, high-end swimwear, minimalist halter strap accessory, Econyl Sleek Satin bikini, minimalist luxury",TRUE,Color,Obsidian Black,Size,L,TWESSIE_NA_HA_0103-Obsidian Black-L,168.0,,10
twessie-na-ha-0103,Convertible Halter Strap - Obsidian Black,"<p>Econyl Sleek Satin construction meets architectural precision in this halter strap accessory. Designed for the intelligent, independent woman. The Obsidian Black colorway with Burnt Terracotta accents creates a sophisticated palette. Pure rebellious yet refined elegance.</p>",Twessie,Halter Strap Accessory,"architectural swimsuit, high-end swimwear, minimalist halter strap accessory, Econyl Sleek Satin bikini, minimalist luxury",TRUE,Color,Obsidian Black,Size,XL,TWESSIE_NA_HA_0103-Obsidian Black-XL,168.0,,10
twessie-na-ha-0103,Convertible Halter Strap - Obsidian Black,"<p>Econyl Sleek Satin construction meets architectural precision in this halter strap accessory. Designed for the intelligent, independent woman. The Obsidian Black colorway with Burnt Terracotta accents creates a sophisticated palette. Pure rebellious yet refined elegance.</p>",Twessie,Halter Strap Accessory,"architectural swimsuit, high-end swimwear, minimalist halter strap accessory, Econyl Sleek Satin bikini, minimalist luxury",TRUE,Color,Obsidian Black,Size,XXL,TWESSIE_NA_HA_0103-Obsidian Black-XXL,168.0,,10
twessie-na-ha-0103,Convertible Halter Strap - Obsidian Black,"<p>Econyl Sleek Satin construction meets architectural precision in this halter strap accessory. Designed for the intelligent, independent woman. The Obsidian Black colorway with Burnt Terracotta accents creates a sophisticated palette. Pure rebellious yet refined elegance.</p>",Twessie,Halter Strap Accessory,"architectural swimsuit, high-end swimwear, minimalist halter strap accessory, Econyl Sleek Satin bikini, minimalist luxury",TRUE,Color,Burnt Terracotta,Size,XS,TWESSIE_NA_HA_0103-Burnt Terracotta-XS,168.0,,10
twessie-na-ha-0103,Convertible Halter Strap - Obsidian Black,"<p>Econyl Sleek Satin construction meets architectural precision in this halter strap accessory. Designed for the intelligent, independent woman. The Obsidian Black colorway with Burnt Terracotta accents creates a sophisticated palette. Pure rebellious yet refined elegance.</p>",Twessie,Halter Strap Accessory,"architectural swimsuit, high-end swimwear, minimalist halter strap accessory, Econyl Sleek Satin bikini, minimalist luxury",TRUE,Color,Burnt Terracotta,Size,S,TWESSIE_NA_HA_0103-Burnt Terracotta-S,168.0,,10
twessie-na-ha-0103,Convertible Halter Strap - Obsidian Black,"<p>Econyl Sleek Satin construction meets architectural precision in this halter strap accessory. Designed for the intelligent, independent woman. The Obsidian Black colorway with Burnt Terracotta accents creates a sophisticated palette. Pure rebellious yet refined elegance.</p>",Twessie,Halter Strap Accessory,"architectural swimsuit, high-end swimwear, minimalist halter strap accessory, Econyl Sleek Satin bikini, minimalist luxury",TRUE,Color,Burnt Terracotta,Size,M,TWESSIE_NA_HA_0103-Burnt Terracotta-M,168.0,,10
twessie-na-ha-0103,Convertible Halter Strap - Obsidian Black,"<p>Econyl Sleek Satin construction meets architectural precision in this halter strap accessory. Designed for the intelligent, independent woman. The Obsidian Black colorway with Burnt Terracotta accents creates a sophisticated palette. Pure rebellious yet refined elegance.</p>",Twessie,Halter Strap Accessory,"architectural swimsuit, high-end swimwear, minimalist halter strap accessory, Econyl Sleek Satin bikini, minimalist luxury",TRUE,Color,Burnt Terracotta,Size,L,TWESSIE_NA_HA_0103-Burnt Terracotta-L,168.0,,10
twessie-na-ha-0103,Convertible Halter Strap - Obsidian Black,"<p>Econyl Sleek Satin construction meets architectural precision in this halter strap accessory. Designed for the intelligent, independent woman. The Obsidian Black colorway with Burnt Terracotta accents creates a sophisticated palette. Pure rebellious yet refined elegance.</p>",Twessie,Halter Strap Accessory,"architectural swimsuit, high-end swimwear, minimalist halter strap accessory, Econyl Sleek Satin bikini, minimalist luxury",TRUE,Color,Burnt Terracotta,Size,XL,TWESSIE_NA_HA_0103-Burnt Terracotta-XL,168.0,,10
twessie-na-ha-0103,Convertible Halter Strap - Obsidian Black,"<p>Econyl Sleek Satin construction meets architectural precision in this halter strap accessory. Designed for the intelligent, independent woman. The Obsidian Black colorway with Burnt Terracotta accents creates a sophisticated palette. Pure rebellious yet refined elegance.</p>",Twessie,Halter Strap Accessory,"architectural swimsuit, high-end swimwear, minimalist halter strap accessory, Econyl Sleek Satin bikini, minimalist luxury",TRUE,Color,Burnt Terracotta,Size,XXL,TWESSIE_NA_HA_0103-Burnt Terracotta-XXL,168.0,,10
twessie-au-bb-0104,Raw-Edge Obsidian Black Bikini Bottom,"<p>Econyl Sleek Satin construction meets architectural precision in this bikini bottom. Designed for the intelligent, independent woman. The Obsidian Black colorway with Chalk White accents creates a sophisticated palette. Pure intelligent aesthetic elegance.</p>",Twessie,Bikini Bottom,"minimalist luxury, architectural swimsuit, luxury Obsidian Black swimwear, Econyl Sleek Satin bikini, high-end swimwear",TRUE,Color,Obsidian Black,Size,XS,TWESSIE_AU_BB_0104-Obsidian Black-XS,168.0,,10
twessie-au-bb-0104,Raw-Edge Obsidian Black Bikini Bottom,"<p>Econyl Sleek Satin construction meets architectural precision in this bikini bottom. Designed for the intelligent, independent woman. The Obsidian Black colorway with Chalk White accents creates a sophisticated palette. Pure intelligent aesthetic elegance.</p>",Twessie,Bikini Bottom,"minimalist luxury, architectural swimsuit, luxury Obsidian Black swimwear, Econyl Sleek Satin bikini, high-end swimwear",TRUE,Color,Obsidian Black,Size,S,TWESSIE_AU_BB_0104-Obsidian Black-S,168.0,,10
twessie-au-bb-0104,Raw-Edge Obsidian Black Bikini Bottom,"<p>Econyl Sleek Satin construction meets architectural precision in this bikini bottom. Designed for the intelligent, independent woman. The Obsidian Black colorway with Chalk White accents creates a sophisticated palette. Pure intelligent aesthetic elegance.</p>",Twessie,Bikini Bottom,"minimalist luxury, architectural swimsuit, luxury Obsidian Black swimwear, Econyl Sleek Satin bikini, high-end swimwear",TRUE,Color,Obsidian Black,Size,M,TWESSIE_AU_BB_0104-Obsidian Black-M,168.0,,10
twessie-au-bb-0104,Raw-Edge Obsidian Black Bikini Bottom,"<p>Econyl Sleek Satin construction meets architectural precision in this bikini bottom. Designed for the intelligent, independent woman. The Obsidian Black colorway with Chalk White accents creates a sophisticated palette. Pure intelligent aesthetic elegance.</p>",Twessie,Bikini Bottom,"minimalist luxury, architectural swimsuit, luxury Obsidian Black swimwear, Econyl Sleek Satin bikini, high-end swimwear",TRUE,Color,Obsidian Black,Size,L,TWESSIE_AU_BB_0104-Obsidian Black-L,168.0,,10
twessie-au-bb-0104,Raw-Edge Obsidian Black Bikini Bottom,"<p>Econyl Sleek Satin construction meets architectural precision in this bikini bottom. Designed for the intelligent, independent woman. The Obsidian Black colorway with Chalk White accents creates a sophisticated palette. Pure intelligent aesthetic elegance.</p>",Twessie,Bikini Bottom,"minimalist luxury, architectural swimsuit, luxury Obsidian Black swimwear, Econyl Sleek Satin bikini, high-end swimwear",TRUE,Color,Obsidian Black,Size,XL,TWESSIE_AU_BB_0104-Obsidian Black-XL,168.0,,10
twessie-au-bb-0104,Raw-Edge Obsidian Black Bikini Bottom,"<p>Econyl Sleek Satin construction meets architectural precision in this bikini bottom. Designed for the intelligent, independent woman. The Obsidian Black colorway with Chalk White accents creates a sophisticated palette. Pure intelligent aesthetic elegance.</p>",Twessie,Bikini Bottom,"minimalist luxury, architectural swimsuit, luxury Obsidian Black swimwear, Econyl Sleek Satin bikini, high-end swimwear",TRUE,Color,Obsidian Black,Size,XXL,TWESSIE_AU_BB_0104-Obsidian Black-XXL,168.0,,10
twessie-au-bb-0104,Raw-Edge Obsidian Black Bikini Bottom,"<p>Econyl Sleek Satin construction meets architectural precision in this bikini bottom. Designed for the intelligent, independent woman. The Obsidian Black colorway with Chalk White accents creates a sophisticated palette. Pure intelligent aesthetic elegance.</p>",Twessie,Bikini Bottom,"minimalist luxury, architectural swimsuit, luxury Obsidian Black swimwear, Econyl Sleek Satin bikini, high-end swimwear",TRUE,Color,Chalk White,Size,XS,TWESSIE_AU_BB_0104-Chalk White-XS,168.0,,10
twessie-au-bb-0104,Raw-Edge Obsidian Black Bikini Bottom,"<p>Econyl Sleek Satin construction meets architectural precision in this bikini bottom. Designed for the intelligent, independent woman. The Obsidian Black colorway with Chalk White accents creates a sophisticated palette. Pure intelligent aesthetic elegance.</p>",Twessie,Bikini Bottom,"minimalist luxury, architectural swimsuit, luxury Obsidian Black swimwear, Econyl Sleek Satin bikini, high-end swimwear",TRUE,Color,Chalk White,Size,S,TWESSIE_AU_BB_0104-Chalk White-S,168.0,,10
twessie-au-bb-0104,Raw-Edge Obsidian Black Bikini Bottom,"<p>Econyl Sleek Satin construction meets architectural precision in this bikini bottom. Designed for the intelligent, independent woman. The Obsidian Black colorway with Chalk White accents creates a sophisticated palette. Pure intelligent aesthetic elegance.</p>",Twessie,Bikini Bottom,"minimalist luxury, architectural swimsuit, luxury Obsidian Black swimwear, Econyl Sleek Satin bikini, high-end swimwear",TRUE,Color,Chalk White,Size,M,TWESSIE_AU_BB_0104-Chalk White-M,168.0,,10
twessie-au-bb-0104,Raw-Edge Obsidian Black Bikini Bottom,"<p>Econyl Sleek Satin construction meets architectural precision in this bikini bottom. Designed for the intelligent, independent woman. The Obsidian Black colorway with Chalk White accents creates a sophisticated palette. Pure intelligent aesthetic elegance.</p>",Twessie,Bikini Bottom,"minimalist luxury, architectural swimsuit, luxury Obsidian Black swimwear, Econyl Sleek Satin bikini, high-end swimwear",TRUE,Color,Chalk White,Size,L,TWESSIE_AU_BB_0104-Chalk White-L,168.0,,10
twessie-au-bb-0104,Raw-Edge Obsidian Black Bikini Bottom,"<p>Econyl Sleek Satin construction meets architectural precision in this bikini bottom. Designed for the intelligent, independent woman. The Obsidian Black colorway with Chalk White accents creates a sophisticated palette. Pure intelligent aesthetic elegance.</p>",Twessie,Bikini Bottom,"minimalist luxury, architectural swimsuit, luxury Obsidian Black swimwear, Econyl Sleek Satin bikini, high-end swimwear",TRUE,Color,Chalk White,Size,XL,TWESSIE_AU_BB_0104-Chalk White-XL,168.0,,10
twessie-au-bb-0104,Raw-Edge Obsidian Black Bikini Bottom,"<p>Econyl Sleek Satin construction meets architectural precision in this bikini bottom. Designed for the intelligent, independent woman. The Obsidian Black colorway with Chalk White accents creates a sophisticated palette. Pure intelligent aesthetic elegance.</p>",Twessie,Bikini Bottom,"minimalist luxury, architectural swimsuit, luxury Obsidian Black swimwear, Econyl Sleek Satin bikini, high-end swimwear",TRUE,Color,Chalk White,Size,XXL,TWESSIE_AU_BB_0104-Chalk White-XXL,168.0,,10
twessie-sg-op-0105,Minimalist Crinkled Seersucker One-Piece,<p>Crafted in premium Crinkled Seersucker with Matte Ribbed Knit accents. This one-piece epitomizes intelligent aesthetic luxury. Featuring color-blocking in Stone Gray and Chalk White. Perfect for the discerning swimmer who refuses the obvious.</p>,Twessie,One-Piece,"luxury Stone Gray swimwear, high-end swimwear, minimalist luxury, architectural swimsuit, Crinkled Seersucker bikini",TRUE,Color,Stone Gray,Size,XS,TWESSIE_SG_OP_0105-Stone Gray-XS,168.0,,10
twessie-sg-op-0105,Minimalist Crinkled Seersucker One-Piece,<p>Crafted in premium Crinkled Seersucker with Matte Ribbed Knit accents. This one-piece epitomizes intelligent aesthetic luxury. Featuring color-blocking in Stone Gray and Chalk White. Perfect for the discerning swimmer who refuses the obvious.</p>,Twessie,One-Piece,"luxury Stone Gray swimwear, high-end swimwear, minimalist luxury, architectural swimsuit, Crinkled Seersucker bikini",TRUE,Color,Stone Gray,Size,S,TWESSIE_SG_OP_0105-Stone Gray-S,168.0,,10
twessie-sg-op-0105,Minimalist Crinkled Seersucker One-Piece,<p>Crafted in premium Crinkled Seersucker with Matte Ribbed Knit accents. This one-piece epitomizes intelligent aesthetic luxury. Featuring color-blocking in Stone Gray and Chalk White. Perfect for the discerning swimmer who refuses the obvious.</p>,Twessie,One-Piece,"luxury Stone Gray swimwear, high-end swimwear, minimalist luxury, architectural swimsuit, Crinkled Seersucker bikini",TRUE,Color,Stone Gray,Size,M,TWESSIE_SG_OP_0105-Stone Gray-M,168.0,,10
twessie-sg-op-0105,Minimalist Crinkled Seersucker One-Piece,<p>Crafted in premium Crinkled Seersucker with Matte Ribbed Knit accents. This one-piece epitomizes intelligent aesthetic luxury. Featuring color-blocking in Stone Gray and Chalk White. Perfect for the discerning swimmer who refuses the obvious.</p>,Twessie,One-Piece,"luxury Stone Gray swimwear, high-end swimwear, minimalist luxury, architectural swimsuit, Crinkled Seersucker bikini",TRUE,Color,Stone Gray,Size,L,TWESSIE_SG_OP_0105-Stone Gray-L,168.0,,10
twessie-sg-op-0105,Minimalist Crinkled Seersucker One-Piece,<p>Crafted in premium Crinkled Seersucker with Matte Ribbed Knit accents. This one-piece epitomizes intelligent aesthetic luxury. Featuring color-blocking in Stone Gray and Chalk White. Perfect for the discerning swimmer who refuses the obvious.</p>,Twessie,One-Piece,"luxury Stone Gray swimwear, high-end swimwear, minimalist luxury, architectural swimsuit, Crinkled Seersucker bikini",TRUE,Color,Stone Gray,Size,XL,TWESSIE_SG_OP_0105-Stone Gray-XL,168.0,,10
twessie-sg-op-0105,Minimalist Crinkled Seersucker One-Piece,<p>Crafted in premium Crinkled Seersucker with Matte Ribbed Knit accents. This one-piece epitomizes intelligent aesthetic luxury. Featuring color-blocking in Stone Gray and Chalk White. Perfect for the discerning swimmer who refuses the obvious.</p>,Twessie,One-Piece,"luxury Stone Gray swimwear, high-end swimwear, minimalist luxury, architectural swimsuit, Crinkled Seersucker bikini",TRUE,Color,Stone Gray,Size,XXL,TWESSIE_SG_OP_0105-Stone Gray-XXL,168.0,,10
twessie-sg-op-0105,Minimalist Crinkled Seersucker One-Piece,<p>Crafted in premium Crinkled Seersucker with Matte Ribbed Knit accents. This one-piece epitomizes intelligent aesthetic luxury. Featuring color-blocking in Stone Gray and Chalk White. Perfect for the discerning swimmer who refuses the obvious.</p>,Twessie,One-Piece,"luxury Stone Gray swimwear, high-end swimwear, minimalist luxury, architectural swimsuit, Crinkled Seersucker bikini",TRUE,Color,Chalk White,Size,XS,TWESSIE_SG_OP_0105-Chalk White-XS,168.0,,10
twessie-sg-op-0105,Minimalist Crinkled Seersucker One-Piece,<p>Crafted in premium Crinkled Seersucker with Matte Ribbed Knit accents. This one-piece epitomizes intelligent aesthetic luxury. Featuring color-blocking in Stone Gray and Chalk White. Perfect for the discerning swimmer who refuses the obvious.</p>,Twessie,One-Piece,"luxury Stone Gray swimwear, high-end swimwear, minimalist luxury, architectural swimsuit, Crinkled Seersucker bikini",TRUE,Color,Chalk White,Size,S,TWESSIE_SG_OP_0105-Chalk White-S,168.0,,10
twessie-sg-op-0105,Minimalist Crinkled Seersucker One-Piece,<p>Crafted in premium Crinkled Seersucker with Matte Ribbed Knit accents. This one-piece epitomizes intelligent aesthetic luxury. Featuring color-blocking in Stone Gray and Chalk White. Perfect for the discerning swimmer who refuses the obvious.</p>,Twessie,One-Piece,"luxury Stone Gray swimwear, high-end swimwear, minimalist luxury, architectural swimsuit, Crinkled Seersucker bikini",TRUE,Color,Chalk White,Size,M,TWESSIE_SG_OP_0105-Chalk White-M,168.0,,10
twessie-sg-op-0105,Minimalist Crinkled Seersucker One-Piece,<p>Crafted in premium Crinkled Seersucker with Matte Ribbed Knit accents. This one-piece epitomizes intelligent aesthetic luxury. Featuring color-blocking in Stone Gray and Chalk White. Perfect for the discerning swimmer who refuses the obvious.</p>,Twessie,One-Piece,"luxury Stone Gray swimwear, high-end swimwear, minimalist luxury, architectural swimsuit, Crinkled Seersucker bikini",TRUE,Color,Chalk White,Size,L,TWESSIE_SG_OP_0105-Chalk White-L,168.0,,10
twessie-sg-op-0105,Minimalist Crinkled Seersucker One-Piece,<p>Crafted in premium Crinkled Seersucker with Matte Ribbed Knit accents. This one-piece epitomizes intelligent aesthetic luxury. Featuring color-blocking in Stone Gray and Chalk White. Perfect for the discerning swimmer who refuses the obvious.</p>,Twessie,One-Piece,"luxury Stone Gray swimwear, high-end swimwear, minimalist luxury, architectural swimsuit, Crinkled Seersucker bikini",TRUE,Color,Chalk White,Size,XL,TWESSIE_SG_OP_0105-Chalk White-XL,168.0,,10
twessie-sg-op-0105,Minimalist Crinkled Seersucker One-Piece,<p>Crafted in premium Crinkled Seersucker with Matte Ribbed Knit accents. This one-piece epitomizes intelligent aesthetic luxury. Featuring color-blocking in Stone Gray and Chalk White. Perfect for the discerning swimmer who refuses the obvious.</p>,Twessie,One-Piece,"luxury Stone Gray swimwear, high-end swimwear, minimalist luxury, architectural swimsuit, Crinkled Seersucker bikini",TRUE,Color,Chalk White,Size,XXL,TWESSIE_SG_OP_0105-Chalk White-XXL,168.0,,10
twessie-sg-op-0106,High-Fashion Burnt Terracotta One-Piece Suit,<p>A statement piece in Matte Ribbed Knit. This one-piece combines rebellious yet refined design with impeccable craftsmanship. Available in Burnt Terracotta with Olive Drab detailing. Not loud. Not obvious. Unmistakably Twessie.</p>,Twessie,One-Piece,"independent fashion, minimalist luxury, Matte Ribbed Knit bikini, luxury Burnt Terracotta swimwear, high-end swimwear",TRUE,Color,Burnt Terracotta,Size,XS,TWESSIE_SG_OP_0106-Burnt Terracotta-XS,168.0,,10
twessie-sg-op-0106,High-Fashion Burnt Terracotta One-Piece Suit,<p>A statement piece in Matte Ribbed Knit. This one-piece combines rebellious yet refined design with impeccable craftsmanship. Available in Burnt Terracotta with Olive Drab detailing. Not loud. Not obvious. Unmistakably Twessie.</p>,Twessie,One-Piece,"independent fashion, minimalist luxury, Matte Ribbed Knit bikini, luxury Burnt Terracotta swimwear, high-end swimwear",TRUE,Color,Burnt Terracotta,Size,S,TWESSIE_SG_OP_0106-Burnt Terracotta-S,168.0,,10
twessie-sg-op-0106,High-Fashion Burnt Terracotta One-Piece Suit,<p>A statement piece in Matte Ribbed Knit. This one-piece combines rebellious yet refined design with impeccable craftsmanship. Available in Burnt Terracotta with Olive Drab detailing. Not loud. Not obvious. Unmistakably Twessie.</p>,Twessie,One-Piece,"independent fashion, minimalist luxury, Matte Ribbed Knit bikini, luxury Burnt Terracotta swimwear, high-end swimwear",TRUE,Color,Burnt Terracotta,Size,M,TWESSIE_SG_OP_0106-Burnt Terracotta-M,168.0,,10
twessie-sg-op-0106,High-Fashion Burnt Terracotta One-Piece Suit,<p>A statement piece in Matte Ribbed Knit. This one-piece combines rebellious yet refined design with impeccable craftsmanship. Available in Burnt Terracotta with Olive Drab detailing. Not loud. Not obvious. Unmistakably Twessie.</p>,Twessie,One-Piece,"independent fashion, minimalist luxury, Matte Ribbed Knit bikini, luxury Burnt Terracotta swimwear, high-end swimwear",TRUE,Color,Burnt Terracotta,Size,L,TWESSIE_SG_OP_0106-Burnt Terracotta-L,168.0,,10
twessie-sg-op-0106,High-Fashion Burnt Terracotta One-Piece Suit,<p>A statement piece in Matte Ribbed Knit. This one-piece combines rebellious yet refined design with impeccable craftsmanship. Available in Burnt Terracotta with Olive Drab detailing. Not loud. Not obvious. Unmistakably Twessie.</p>,Twessie,One-Piece,"independent fashion, minimalist luxury, Matte Ribbed Knit bikini, luxury Burnt Terracotta swimwear, high-end swimwear",TRUE,Color,Burnt Terracotta,Size,XL,TWESSIE_SG_OP_0106-Burnt Terracotta-XL,168.0,,10
twessie-sg-op-0106,High-Fashion Burnt Terracotta One-Piece Suit,<p>A statement piece in Matte Ribbed Knit. This one-piece combines rebellious yet refined design with impeccable craftsmanship. Available in Burnt Terracotta with Olive Drab detailing. Not loud. Not obvious. Unmistakably Twessie.</p>,Twessie,One-Piece,"independent fashion, minimalist luxury, Matte Ribbed Knit bikini, luxury Burnt Terracotta swimwear, high-end swimwear",TRUE,Color,Burnt Terracotta,Size,XXL,TWESSIE_SG_OP_0106-Burnt Terracotta-XXL,168.0,,10
twessie-sg-op-0106,High-Fashion Burnt Terracotta One-Piece Suit,<p>A statement piece in Matte Ribbed Knit. This one-piece combines rebellious yet refined design with impeccable craftsmanship. Available in Burnt Terracotta with Olive Drab detailing. Not loud. Not obvious. Unmistakably Twessie.</p>,Twessie,One-Piece,"independent fashion, minimalist luxury, Matte Ribbed Knit bikini, luxury Burnt Terracotta swimwear, high-end swimwear",TRUE,Color,Olive Drab,Size,XS,TWESSIE_SG_OP_0106-Olive Drab-XS,168.0,,10
twessie-sg-op-0106,High-Fashion Burnt Terracotta One-Piece Suit,<p>A statement piece in Matte Ribbed Knit. This one-piece combines rebellious yet refined design with impeccable craftsmanship. Available in Burnt Terracotta with Olive Drab detailing. Not loud. Not obvious. Unmistakably Twessie.</p>,Twessie,One-Piece,"independent fashion, minimalist luxury, Matte Ribbed Knit bikini, luxury Burnt Terracotta swimwear, high-end swimwear",TRUE,Color,Olive Drab,Size,S,TWESSIE_SG_OP_0106-Olive Drab-S,168.0,,10
twessie-sg-op-0106,High-Fashion Burnt Terracotta One-Piece Suit,<p>A statement piece in Matte Ribbed Knit. This one-piece combines rebellious yet refined design with impeccable craftsmanship. Available in Burnt Terracotta with Olive Drab detailing. Not loud. Not obvious. Unmistakably Twessie.</p>,Twessie,One-Piece,"independent fashion, minimalist luxury, Matte Ribbed Knit bikini, luxury Burnt Terracotta swimwear, high-end swimwear",TRUE,Color,Olive Drab,Size,M,TWESSIE_SG_OP_0106-Olive Drab-M,168.0,,10
twessie-sg-op-0106,High-Fashion Burnt Terracotta One-Piece Suit,<p>A statement piece in Matte Ribbed Knit. This one-piece combines rebellious yet refined design with impeccable craftsmanship. Available in Burnt Terracotta with Olive Drab detailing. Not loud. Not obvious. Unmistakably Twessie.</p>,Twessie,One-Piece,"independent fashion, minimalist luxury, Matte Ribbed Knit bikini, luxury Burnt Terracotta swimwear, high-end swimwear",TRUE,Color,Olive Drab,Size,L,TWESSIE_SG_OP_0106-Olive Drab-L,168.0,,10
twessie-sg-op-0106,High-Fashion Burnt Terracotta One-Piece Suit,<p>A statement piece in Matte Ribbed Knit. This one-piece combines rebellious yet refined design with impeccable craftsmanship. Available in Burnt Terracotta with Olive Drab detailing. Not loud. Not obvious. Unmistakably Twessie.</p>,Twessie,One-Piece,"independent fashion, minimalist luxury, Matte Ribbed Knit bikini, luxury Burnt Terracotta swimwear, high-end swimwear",TRUE,Color,Olive Drab,Size,XL,TWESSIE_SG_OP_0106-Olive Drab-XL,168.0,,10
twessie-sg-op-0106,High-Fashion Burnt Terracotta One-Piece Suit,<p>A statement piece in Matte Ribbed Knit. This one-piece combines rebellious yet refined design with impeccable craftsmanship. Available in Burnt Terracotta with Olive Drab detailing. Not loud. Not obvious. Unmistakably Twessie.</p>,Twessie,One-Piece,"independent fashion, minimalist luxury, Matte Ribbed Knit bikini, luxury Burnt Terracotta swimwear, high-end swimwear",TRUE,Color,Olive Drab,Size,XXL,TWESSIE_SG_OP_0106-Olive Drab-XXL,168.0,,10
twessie-eu-bt-0107,Architecture-Cut Burnt Terracotta Bikini Top,"<p>Matte Ribbed Knit construction meets architectural precision in this bikini top. Designed for the intelligent, independent woman. The Burnt Terracotta colorway with Olive Drab accents creates a sophisticated palette. Pure architectural elegance elegance.</p>",Twessie,Bikini Top,"independent fashion, Matte Ribbed Knit bikini, luxury Burnt Terracotta swimwear, architectural swimsuit, minimalist bikini top",TRUE,Color,Burnt Terracotta,Size,XS,TWESSIE_EU_BT_0107-Burnt Terracotta-XS,168.0,,10
twessie-eu-bt-0107,Architecture-Cut Burnt Terracotta Bikini Top,"<p>Matte Ribbed Knit construction meets architectural precision in this bikini top. Designed for the intelligent, independent woman. The Burnt Terracotta colorway with Olive Drab accents creates a sophisticated palette. Pure architectural elegance elegance.</p>",Twessie,Bikini Top,"independent fashion, Matte Ribbed Knit bikini, luxury Burnt Terracotta swimwear, architectural swimsuit, minimalist bikini top",TRUE,Color,Burnt Terracotta,Size,S,TWESSIE_EU_BT_0107-Burnt Terracotta-S,168.0,,10
twessie-eu-bt-0107,Architecture-Cut Burnt Terracotta Bikini Top,"<p>Matte Ribbed Knit construction meets architectural precision in this bikini top. Designed for the intelligent, independent woman. The Burnt Terracotta colorway with Olive Drab accents creates a sophisticated palette. Pure architectural elegance elegance.</p>",Twessie,Bikini Top,"independent fashion, Matte Ribbed Knit bikini, luxury Burnt Terracotta swimwear, architectural swimsuit, minimalist bikini top",TRUE,Color,Burnt Terracotta,Size,M,TWESSIE_EU_BT_0107-Burnt Terracotta-M,168.0,,10
twessie-eu-bt-0107,Architecture-Cut Burnt Terracotta Bikini Top,"<p>Matte Ribbed Knit construction meets architectural precision in this bikini top. Designed for the intelligent, independent woman. The Burnt Terracotta colorway with Olive Drab accents creates a sophisticated palette. Pure architectural elegance elegance.</p>",Twessie,Bikini Top,"independent fashion, Matte Ribbed Knit bikini, luxury Burnt Terracotta swimwear, architectural swimsuit, minimalist bikini top",TRUE,Color,Burnt Terracotta,Size,L,TWESSIE_EU_BT_0107-Burnt Terracotta-L,168.0,,10
twessie-eu-bt-0107,Architecture-Cut Burnt Terracotta Bikini Top,"<p>Matte Ribbed Knit construction meets architectural precision in this bikini top. Designed for the intelligent, independent woman. The Burnt Terracotta colorway with Olive Drab accents creates a sophisticated palette. Pure architectural elegance elegance.</p>",Twessie,Bikini Top,"independent fashion, Matte Ribbed Knit bikini, luxury Burnt Terracotta swimwear, architectural swimsuit, minimalist bikini top",TRUE,Color,Burnt Terracotta,Size,XL,TWESSIE_EU_BT_0107-Burnt Terracotta-XL,168.0,,10
twessie-eu-bt-0107,Architecture-Cut Burnt Terracotta Bikini Top,"<p>Matte Ribbed Knit construction meets architectural precision in this bikini top. Designed for the intelligent, independent woman. The Burnt Terracotta colorway with Olive Drab accents creates a sophisticated palette. Pure architectural elegance elegance.</p>",Twessie,Bikini Top,"independent fashion, Matte Ribbed Knit bikini, luxury Burnt Terracotta swimwear, architectural swimsuit, minimalist bikini top",TRUE,Color,Burnt Terracotta,Size,XXL,TWESSIE_EU_BT_0107-Burnt Terracotta-XXL,168.0,,10
twessie-eu-bt-0107,Architecture-Cut Burnt Terracotta Bikini Top,"<p>Matte Ribbed Knit construction meets architectural precision in this bikini top. Designed for the intelligent, independent woman. The Burnt Terracotta colorway with Olive Drab accents creates a sophisticated palette. Pure architectural elegance elegance.</p>",Twessie,Bikini Top,"independent fashion, Matte Ribbed Knit bikini, luxury Burnt Terracotta swimwear, architectural swimsuit, minimalist bikini top",TRUE,Color,Olive Drab,Size,XS,TWESSIE_EU_BT_0107-Olive Drab-XS,168.0,,10
twessie-eu-bt-0107,Architecture-Cut Burnt Terracotta Bikini Top,"<p>Matte Ribbed Knit construction meets architectural precision in this bikini top. Designed for the intelligent, independent woman. The Burnt Terracotta colorway with Olive Drab accents creates a sophisticated palette. Pure architectural elegance elegance.</p>",Twessie,Bikini Top,"independent fashion, Matte Ribbed Knit bikini, luxury Burnt Terracotta swimwear, architectural swimsuit, minimalist bikini top",TRUE,Color,Olive Drab,Size,S,TWESSIE_EU_BT_0107-Olive Drab-S,168.0,,10
twessie-eu-bt-0107,Architecture-Cut Burnt Terracotta Bikini Top,"<p>Matte Ribbed Knit construction meets architectural precision in this bikini top. Designed for the intelligent, independent woman. The Burnt Terracotta colorway with Olive Drab accents creates a sophisticated palette. Pure architectural elegance elegance.</p>",Twessie,Bikini Top,"independent fashion, Matte Ribbed Knit bikini, luxury Burnt Terracotta swimwear, architectural swimsuit, minimalist bikini top",TRUE,Color,Olive Drab,Size,M,TWESSIE_EU_BT_0107-Olive Drab-M,168.0,,10
twessie-eu-bt-0107,Architecture-Cut Burnt Terracotta Bikini Top,"<p>Matte Ribbed Knit construction meets architectural precision in this bikini top. Designed for the intelligent, independent woman. The Burnt Terracotta colorway with Olive Drab accents creates a sophisticated palette. Pure architectural elegance elegance.</p>",Twessie,Bikini Top,"independent fashion, Matte Ribbed Knit bikini, luxury Burnt Terracotta swimwear, architectural swimsuit, minimalist bikini top",TRUE,Color,Olive Drab,Size,L,TWESSIE_EU_BT_0107-Olive Drab-L,168.0,,10
twessie-eu-bt-0107,Architecture-Cut Burnt Terracotta Bikini Top,"<p>Matte Ribbed Knit construction meets architectural precision in this bikini top. Designed for the intelligent, independent woman. The Burnt Terracotta colorway with Olive Drab accents creates a sophisticated palette. Pure architectural elegance elegance.</p>",Twessie,Bikini Top,"independent fashion, Matte Ribbed Knit bikini, luxury Burnt Terracotta swimwear, architectural swimsuit, minimalist bikini top",TRUE,Color,Olive Drab,Size,XL,TWESSIE_EU_BT_0107-Olive Drab-XL,168.0,,10
twessie-eu-bt-0107,Architecture-Cut Burnt Terracotta Bikini Top,"<p>Matte Ribbed Knit construction meets architectural precision in this bikini top. Designed for the intelligent, independent woman. The Burnt Terracotta colorway with Olive Drab accents creates a sophisticated palette. Pure architectural elegance elegance.</p>",Twessie,Bikini Top,"independent fashion, Matte Ribbed Knit bikini, luxury Burnt Terracotta swimwear, architectural swimsuit, minimalist bikini top",TRUE,Color,Olive Drab,Size,XXL,TWESSIE_EU_BT_0107-Olive Drab-XXL,168.0,,10
twessie-sg-bb-0108,Structural Matte Ribbed Knit Bikini Bottom,"<p>Matte Ribbed Knit construction meets architectural precision in this bikini bottom. Designed for the intelligent, independent woman. The Olive Drab colorway with Burnt Terracotta accents creates a sophisticated palette. Pure minimalist luxury elegance.</p>",Twessie,Bikini Bottom,"high-end swimwear, minimalist bikini bottom, luxury Olive Drab swimwear, minimalist luxury, independent fashion",TRUE,Color,Olive Drab,Size,XS,TWESSIE_SG_BB_0108-Olive Drab-XS,168.0,,10
twessie-sg-bb-0108,Structural Matte Ribbed Knit Bikini Bottom,"<p>Matte Ribbed Knit construction meets architectural precision in this bikini bottom. Designed for the intelligent, independent woman. The Olive Drab colorway with Burnt Terracotta accents creates a sophisticated palette. Pure minimalist luxury elegance.</p>",Twessie,Bikini Bottom,"high-end swimwear, minimalist bikini bottom, luxury Olive Drab swimwear, minimalist luxury, independent fashion",TRUE,Color,Olive Drab,Size,S,TWESSIE_SG_BB_0108-Olive Drab-S,168.0,,10
twessie-sg-bb-0108,Structural Matte Ribbed Knit Bikini Bottom,"<p>Matte Ribbed Knit construction meets architectural precision in this bikini bottom. Designed for the intelligent, independent woman. The Olive Drab colorway with Burnt Terracotta accents creates a sophisticated palette. Pure minimalist luxury elegance.</p>",Twessie,Bikini Bottom,"high-end swimwear, minimalist bikini bottom, luxury Olive Drab swimwear, minimalist luxury, independent fashion",TRUE,Color,Olive Drab,Size,M,TWESSIE_SG_BB_0108-Olive Drab-M,168.0,,10
twessie-sg-bb-0108,Structural Matte Ribbed Knit Bikini Bottom,"<p>Matte Ribbed Knit construction meets architectural precision in this bikini bottom. Designed for the intelligent, independent woman. The Olive Drab colorway with Burnt Terracotta accents creates a sophisticated palette. Pure minimalist luxury elegance.</p>",Twessie,Bikini Bottom,"high-end swimwear, minimalist bikini bottom, luxury Olive Drab swimwear, minimalist luxury, independent fashion",TRUE,Color,Olive Drab,Size,L,TWESSIE_SG_BB_0108-Olive Drab-L,168.0,,10
twessie-sg-bb-0108,Structural Matte Ribbed Knit Bikini Bottom,"<p>Matte Ribbed Knit construction meets architectural precision in this bikini bottom. Designed for the intelligent, independent woman. The Olive Drab colorway with Burnt Terracotta accents creates a sophisticated palette. Pure minimalist luxury elegance.</p>",Twessie,Bikini Bottom,"high-end swimwear, minimalist bikini bottom, luxury Olive Drab swimwear, minimalist luxury, independent fashion",TRUE,Color,Olive Drab,Size,XL,TWESSIE_SG_BB_0108-Olive Drab-XL,168.0,,10
twessie-sg-bb-0108,Structural Matte Ribbed Knit Bikini Bottom,"<p>Matte Ribbed Knit construction meets architectural precision in this bikini bottom. Designed for the intelligent, independent woman. The Olive Drab colorway with Burnt Terracotta accents creates a sophisticated palette. Pure minimalist luxury elegance.</p>",Twessie,Bikini Bottom,"high-end swimwear, minimalist bikini bottom, luxury Olive Drab swimwear, minimalist luxury, independent fashion",TRUE,Color,Olive Drab,Size,XXL,TWESSIE_SG_BB_0108-Olive Drab-XXL,168.0,,10
twessie-sg-bb-0108,Structural Matte Ribbed Knit Bikini Bottom,"<p>Matte Ribbed Knit construction meets architectural precision in this bikini bottom. Designed for the intelligent, independent woman. The Olive Drab colorway with Burnt Terracotta accents creates a sophisticated palette. Pure minimalist luxury elegance.</p>",Twessie,Bikini Bottom,"high-end swimwear, minimalist bikini bottom, luxury Olive Drab swimwear, minimalist luxury, independent fashion",TRUE,Color,Burnt Terracotta,Size,XS,TWESSIE_SG_BB_0108-Burnt Terracotta-XS,168.0,,10
twessie-sg-bb-0108,Structural Matte Ribbed Knit Bikini Bottom,"<p>Matte Ribbed Knit construction meets architectural precision in this bikini bottom. Designed for the intelligent, independent woman. The Olive Drab colorway with Burnt Terracotta accents creates a sophisticated palette. Pure minimalist luxury elegance.</p>",Twessie,Bikini Bottom,"high-end swimwear, minimalist bikini bottom, luxury Olive Drab swimwear, minimalist luxury, independent fashion",TRUE,Color,Burnt Terracotta,Size,S,TWESSIE_SG_BB_0108-Burnt Terracotta-S,168.0,,10
twessie-sg-bb-0108,Structural Matte Ribbed Knit Bikini Bottom,"<p>Matte Ribbed Knit construction meets architectural precision in this bikini bottom. Designed for the intelligent, independent woman. The Olive Drab colorway with Burnt Terracotta accents creates a sophisticated palette. Pure minimalist luxury elegance.</p>",Twessie,Bikini Bottom,"high-end swimwear, minimalist bikini bottom, luxury Olive Drab swimwear, minimalist luxury, independent fashion",TRUE,Color,Burnt Terracotta,Size,M,TWESSIE_SG_BB_0108-Burnt Terracotta-M,168.0,,10
twessie-sg-bb-0108,Structural Matte Ribbed Knit Bikini Bottom,"<p>Matte Ribbed Knit construction meets architectural precision in this bikini bottom. Designed for the intelligent, independent woman. The Olive Drab colorway with Burnt Terracotta accents creates a sophisticated palette. Pure minimalist luxury elegance.</p>",Twessie,Bikini Bottom,"high-end swimwear, minimalist bikini bottom, luxury Olive Drab swimwear, minimalist luxury, independent fashion",TRUE,Color,Burnt Terracotta,Size,L,TWESSIE_SG_BB_0108-Burnt Terracotta-L,168.0,,10
twessie-sg-bb-0108,Structural Matte Ribbed Knit Bikini Bottom,"<p>Matte Ribbed Knit construction meets architectural precision in this bikini bottom. Designed for the intelligent, independent woman. The Olive Drab colorway with Burnt Terracotta accents creates a sophisticated palette. Pure minimalist luxury elegance.</p>",Twessie,Bikini Bottom,"high-end swimwear, minimalist bikini bottom, luxury Olive Drab swimwear, minimalist luxury, independent fashion",TRUE,Color,Burnt Terracotta,Size,XL,TWESSIE_SG_BB_0108-Burnt Terracotta-XL,168.0,,10
twessie-sg-bb-0108,Structural Matte Ribbed Knit Bikini Bottom,"<p>Matte Ribbed Knit construction meets architectural precision in this bikini bottom. Designed for the intelligent, independent woman. The Olive Drab colorway with Burnt Terracotta accents creates a sophisticated palette. Pure minimalist luxury elegance.</p>",Twessie,Bikini Bottom,"high-end swimwear, minimalist bikini bottom, luxury Olive Drab swimwear, minimalist luxury, independent fashion",TRUE,Color,Burnt Terracotta,Size,XXL,TWESSIE_SG_BB_0108-Burnt Terracotta-XXL,168.0,,10
twessie-eu-bt-0109,Minimalist Chalk White Textured Bikini Top,<p>Crafted in premium Crinkled Seersucker with Econyl Sleek Satin accents. This bikini top epitomizes rebellious yet refined luxury. Featuring color-blocking in Chalk White and Stone Gray. Perfect for the discerning swimmer who refuses the obvious.</p>,Twessie,Bikini Top,"minimalist luxury, minimalist bikini top, luxury Chalk White swimwear, high-end swimwear, independent fashion",TRUE,Color,Chalk White,Size,XS,TWESSIE_EU_BT_0109-Chalk White-XS,168.0,,10
twessie-eu-bt-0109,Minimalist Chalk White Textured Bikini Top,<p>Crafted in premium Crinkled Seersucker with Econyl Sleek Satin accents. This bikini top epitomizes rebellious yet refined luxury. Featuring color-blocking in Chalk White and Stone Gray. Perfect for the discerning swimmer who refuses the obvious.</p>,Twessie,Bikini Top,"minimalist luxury, minimalist bikini top, luxury Chalk White swimwear, high-end swimwear, independent fashion",TRUE,Color,Chalk White,Size,S,TWESSIE_EU_BT_0109-Chalk White-S,168.0,,10
twessie-eu-bt-0109,Minimalist Chalk White Textured Bikini Top,<p>Crafted in premium Crinkled Seersucker with Econyl Sleek Satin accents. This bikini top epitomizes rebellious yet refined luxury. Featuring color-blocking in Chalk White and Stone Gray. Perfect for the discerning swimmer who refuses the obvious.</p>,Twessie,Bikini Top,"minimalist luxury, minimalist bikini top, luxury Chalk White swimwear, high-end swimwear, independent fashion",TRUE,Color,Chalk White,Size,M,TWESSIE_EU_BT_0109-Chalk White-M,168.0,,10
twessie-eu-bt-0109,Minimalist Chalk White Textured Bikini Top,<p>Crafted in premium Crinkled Seersucker with Econyl Sleek Satin accents. This bikini top epitomizes rebellious yet refined luxury. Featuring color-blocking in Chalk White and Stone Gray. Perfect for the discerning swimmer who refuses the obvious.</p>,Twessie,Bikini Top,"minimalist luxury, minimalist bikini top, luxury Chalk White swimwear, high-end swimwear, independent fashion",TRUE,Color,Chalk White,Size,L,TWESSIE_EU_BT_0109-Chalk White-L,168.0,,10
twessie-eu-bt-0109,Minimalist Chalk White Textured Bikini Top,<p>Crafted in premium Crinkled Seersucker with Econyl Sleek Satin accents. This bikini top epitomizes rebellious yet refined luxury. Featuring color-blocking in Chalk White and Stone Gray. Perfect for the discerning swimmer who refuses the obvious.</p>,Twessie,Bikini Top,"minimalist luxury, minimalist bikini top, luxury Chalk White swimwear, high-end swimwear, independent fashion",TRUE,Color,Chalk White,Size,XL,TWESSIE_EU_BT_0109-Chalk White-XL,168.0,,10
twessie-eu-bt-0109,Minimalist Chalk White Textured Bikini Top,<p>Crafted in premium Crinkled Seersucker with Econyl Sleek Satin accents. This bikini top epitomizes rebellious yet refined luxury. Featuring color-blocking in Chalk White and Stone Gray. Perfect for the discerning swimmer who refuses the obvious.</p>,Twessie,Bikini Top,"minimalist luxury, minimalist bikini top, luxury Chalk White swimwear, high-end swimwear, independent fashion",TRUE,Color,Chalk White,Size,XXL,TWESSIE_EU_BT_0109-Chalk White-XXL,168.0,,10
twessie-eu-bt-0109,Minimalist Chalk White Textured Bikini Top,<p>Crafted in premium Crinkled Seersucker with Econyl Sleek Satin accents. This bikini top epitomizes rebellious yet refined luxury. Featuring color-blocking in Chalk White and Stone Gray. Perfect for the discerning swimmer who refuses the obvious.</p>,Twessie,Bikini Top,"minimalist luxury, minimalist bikini top, luxury Chalk White swimwear, high-end swimwear, independent fashion",TRUE,Color,Stone Gray,Size,XS,TWESSIE_EU_BT_0109-Stone Gray-XS,168.0,,10
twessie-eu-bt-0109,Minimalist Chalk White Textured Bikini Top,<p>Crafted in premium Crinkled Seersucker with Econyl Sleek Satin accents. This bikini top epitomizes rebellious yet refined luxury. Featuring color-blocking in Chalk White and Stone Gray. Perfect for the discerning swimmer who refuses the obvious.</p>,Twessie,Bikini Top,"minimalist luxury, minimalist bikini top, luxury Chalk White swimwear, high-end swimwear, independent fashion",TRUE,Color,Stone Gray,Size,S,TWESSIE_EU_BT_0109-Stone Gray-S,168.0,,10
twessie-eu-bt-0109,Minimalist Chalk White Textured Bikini Top,<p>Crafted in premium Crinkled Seersucker with Econyl Sleek Satin accents. This bikini top epitomizes rebellious yet refined luxury. Featuring color-blocking in Chalk White and Stone Gray. Perfect for the discerning swimmer who refuses the obvious.</p>,Twessie,Bikini Top,"minimalist luxury, minimalist bikini top, luxury Chalk White swimwear, high-end swimwear, independent fashion",TRUE,Color,Stone Gray,Size,M,TWESSIE_EU_BT_0109-Stone Gray-M,168.0,,10
twessie-eu-bt-0109,Minimalist Chalk White Textured Bikini Top,<p>Crafted in premium Crinkled Seersucker with Econyl Sleek Satin accents. This bikini top epitomizes rebellious yet refined luxury. Featuring color-blocking in Chalk White and Stone Gray. Perfect for the discerning swimmer who refuses the obvious.</p>,Twessie,Bikini Top,"minimalist luxury, minimalist bikini top, luxury Chalk White swimwear, high-end swimwear, independent fashion",TRUE,Color,Stone Gray,Size,L,TWESSIE_EU_BT_0109-Stone Gray-L,168.0,,10
twessie-eu-bt-0109,Minimalist Chalk White Textured Bikini Top,<p>Crafted in premium Crinkled Seersucker with Econyl Sleek Satin accents. This bikini top epitomizes rebellious yet refined luxury. Featuring color-blocking in Chalk White and Stone Gray. Perfect for the discerning swimmer who refuses the obvious.</p>,Twessie,Bikini Top,"minimalist luxury, minimalist bikini top, luxury Chalk White swimwear, high-end swimwear, independent fashion",TRUE,Color,Stone Gray,Size,XL,TWESSIE_EU_BT_0109-Stone Gray-XL,168.0,,10
twessie-eu-bt-0109,Minimalist Chalk White Textured Bikini Top,<p>Crafted in premium Crinkled Seersucker with Econyl Sleek Satin accents. This bikini top epitomizes rebellious yet refined luxury. Featuring color-blocking in Chalk White and Stone Gray. Perfect for the discerning swimmer who refuses the obvious.</p>,Twessie,Bikini Top,"minimalist luxury, minimalist bikini top, luxury Chalk White swimwear, high-end swimwear, independent fashion",TRUE,Color,Stone Gray,Size,XXL,TWESSIE_EU_BT_0109-Stone Gray-XXL,168.0,,10
twessie-sg-bt-0110,Olive Drab Sculptural Matte Ribbed Knit Bikini Top,<p>Crafted in premium Matte Ribbed Knit with Econyl Sleek Satin accents. This bikini top epitomizes anti-fashion statement luxury. Featuring color-blocking in Olive Drab and Burnt Terracotta. Perfect for the discerning swimmer who refuses the obvious.</p>,Twessie,Bikini Top,"luxury Olive Drab swimwear, minimalist luxury, minimalist bikini top, independent fashion, high-end swimwear",TRUE,Color,Olive Drab,Size,XS,TWESSIE_SG_BT_0110-Olive Drab-XS,168.0,,10
twessie-sg-bt-0110,Olive Drab Sculptural Matte Ribbed Knit Bikini Top,<p>Crafted in premium Matte Ribbed Knit with Econyl Sleek Satin accents. This bikini top epitomizes anti-fashion statement luxury. Featuring color-blocking in Olive Drab and Burnt Terracotta. Perfect for the discerning swimmer who refuses the obvious.</p>,Twessie,Bikini Top,"luxury Olive Drab swimwear, minimalist luxury, minimalist bikini top, independent fashion, high-end swimwear",TRUE,Color,Olive Drab,Size,S,TWESSIE_SG_BT_0110-Olive Drab-S,168.0,,10
twessie-sg-bt-0110,Olive Drab Sculptural Matte Ribbed Knit Bikini Top,<p>Crafted in premium Matte Ribbed Knit with Econyl Sleek Satin accents. This bikini top epitomizes anti-fashion statement luxury. Featuring color-blocking in Olive Drab and Burnt Terracotta. Perfect for the discerning swimmer who refuses the obvious.</p>,Twessie,Bikini Top,"luxury Olive Drab swimwear, minimalist luxury, minimalist bikini top, independent fashion, high-end swimwear",TRUE,Color,Olive Drab,Size,M,TWESSIE_SG_BT_0110-Olive Drab-M,168.0,,10
twessie-sg-bt-0110,Olive Drab Sculptural Matte Ribbed Knit Bikini Top,<p>Crafted in premium Matte Ribbed Knit with Econyl Sleek Satin accents. This bikini top epitomizes anti-fashion statement luxury. Featuring color-blocking in Olive Drab and Burnt Terracotta. Perfect for the discerning swimmer who refuses the obvious.</p>,Twessie,Bikini Top,"luxury Olive Drab swimwear, minimalist luxury, minimalist bikini top, independent fashion, high-end swimwear",TRUE,Color,Olive Drab,Size,L,TWESSIE_SG_BT_0110-Olive Drab-L,168.0,,10
twessie-sg-bt-0110,Olive Drab Sculptural Matte Ribbed Knit Bikini Top,<p>Crafted in premium Matte Ribbed Knit with Econyl Sleek Satin accents. This bikini top epitomizes anti-fashion statement luxury. Featuring color-blocking in Olive Drab and Burnt Terracotta. Perfect for the discerning swimmer who refuses the obvious.</p>,Twessie,Bikini Top,"luxury Olive Drab swimwear, minimalist luxury, minimalist bikini top, independent fashion, high-end swimwear",TRUE,Color,Olive Drab,Size,XL,TWESSIE_SG_BT_0110-Olive Drab-XL,168.0,,10
twessie-sg-bt-0110,Olive Drab Sculptural Matte Ribbed Knit Bikini Top,<p>Crafted in premium Matte Ribbed Knit with Econyl Sleek Satin accents. This bikini top epitomizes anti-fashion statement luxury. Featuring color-blocking in Olive Drab and Burnt Terracotta. Perfect for the discerning swimmer who refuses the obvious.</p>,Twessie,Bikini Top,"luxury Olive Drab swimwear, minimalist luxury, minimalist bikini top, independent fashion, high-end swimwear",TRUE,Color,Olive Drab,Size,XXL,TWESSIE_SG_BT_0110-Olive Drab-XXL,168.0,,10
twessie-sg-bt-0110,Olive Drab Sculptural Matte Ribbed Knit Bikini Top,<p>Crafted in premium Matte Ribbed Knit with Econyl Sleek Satin accents. This bikini top epitomizes anti-fashion statement luxury. Featuring color-blocking in Olive Drab and Burnt Terracotta. Perfect for the discerning swimmer who refuses the obvious.</p>,Twessie,Bikini Top,"luxury Olive Drab swimwear, minimalist luxury, minimalist bikini top, independent fashion, high-end swimwear",TRUE,Color,Burnt Terracotta,Size,XS,TWESSIE_SG_BT_0110-Burnt Terracotta-XS,168.0,,10
twessie-sg-bt-0110,Olive Drab Sculptural Matte Ribbed Knit Bikini Top,<p>Crafted in premium Matte Ribbed Knit with Econyl Sleek Satin accents. This bikini top epitomizes anti-fashion statement luxury. Featuring color-blocking in Olive Drab and Burnt Terracotta. Perfect for the discerning swimmer who refuses the obvious.</p>,Twessie,Bikini Top,"luxury Olive Drab swimwear, minimalist luxury, minimalist bikini top, independent fashion, high-end swimwear",TRUE,Color,Burnt Terracotta,Size,S,TWESSIE_SG_BT_0110-Burnt Terracotta-S,168.0,,10
twessie-sg-bt-0110,Olive Drab Sculptural Matte Ribbed Knit Bikini Top,<p>Crafted in premium Matte Ribbed Knit with Econyl Sleek Satin accents. This bikini top epitomizes anti-fashion statement luxury. Featuring color-blocking in Olive Drab and Burnt Terracotta. Perfect for the discerning swimmer who refuses the obvious.</p>,Twessie,Bikini Top,"luxury Olive Drab swimwear, minimalist luxury, minimalist bikini top, independent fashion, high-end swimwear",TRUE,Color,Burnt Terracotta,Size,M,TWESSIE_SG_BT_0110-Burnt Terracotta-M,168.0,,10
twessie-sg-bt-0110,Olive Drab Sculptural Matte Ribbed Knit Bikini Top,<p>Crafted in premium Matte Ribbed Knit with Econyl Sleek Satin accents. This bikini top epitomizes anti-fashion statement luxury. Featuring color-blocking in Olive Drab and Burnt Terracotta. Perfect for the discerning swimmer who refuses the obvious.</p>,Twessie,Bikini Top,"luxury Olive Drab swimwear, minimalist luxury, minimalist bikini top, independent fashion, high-end swimwear",TRUE,Color,Burnt Terracotta,Size,L,TWESSIE_SG_BT_0110-Burnt Terracotta-L,168.0,,10
twessie-sg-bt-0110,Olive Drab Sculptural Matte Ribbed Knit Bikini Top,<p>Crafted in premium Matte Ribbed Knit with Econyl Sleek Satin accents. This bikini top epitomizes anti-fashion statement luxury. Featuring color-blocking in Olive Drab and Burnt Terracotta. Perfect for the discerning swimmer who refuses the obvious.</p>,Twessie,Bikini Top,"luxury Olive Drab swimwear, minimalist luxury, minimalist bikini top, independent fashion, high-end swimwear",TRUE,Color,Burnt Terracotta,Size,XL,TWESSIE_SG_BT_0110-Burnt Terracotta-XL,168.0,,10
twessie-sg-bt-0110,Olive Drab Sculptural Matte Ribbed Knit Bikini Top,<p>Crafted in premium Matte Ribbed Knit with Econyl Sleek Satin accents. This bikini top epitomizes anti-fashion statement luxury. Featuring color-blocking in Olive Drab and Burnt Terracotta. Perfect for the discerning swimmer who refuses the obvious.</p>,Twessie,Bikini Top,"luxury Olive Drab swimwear, minimalist luxury, minimalist bikini top, independent fashion, high-end swimwear",TRUE,Color,Burnt Terracotta,Size,XXL,TWESSIE_SG_BT_0110-Burnt Terracotta-XXL,168.0,,10
twessie-au-bb-0201,Stone Gray Minimalist Crinkled Seersucker Bikini Bottom,"<p>Crinkled Seersucker construction meets architectural precision in this bikini bottom. Designed for the intelligent, independent woman. The Stone Gray colorway with Chalk White accents creates a sophisticated palette. Pure intelligent aesthetic elegance.</p>",Twessie,Bikini Bottom,"architectural swimsuit, luxury Stone Gray swimwear, high-end swimwear, Crinkled Seersucker bikini, minimalist bikini bottom",TRUE,Color,Stone Gray,Size,XS,TWESSIE_AU_BB_0201-Stone Gray-XS,168.0,,10
twessie-au-bb-0201,Stone Gray Minimalist Crinkled Seersucker Bikini Bottom,"<p>Crinkled Seersucker construction meets architectural precision in this bikini bottom. Designed for the intelligent, independent woman. The Stone Gray colorway with Chalk White accents creates a sophisticated palette. Pure intelligent aesthetic elegance.</p>",Twessie,Bikini Bottom,"architectural swimsuit, luxury Stone Gray swimwear, high-end swimwear, Crinkled Seersucker bikini, minimalist bikini bottom",TRUE,Color,Stone Gray,Size,S,TWESSIE_AU_BB_0201-Stone Gray-S,168.0,,10
twessie-au-bb-0201,Stone Gray Minimalist Crinkled Seersucker Bikini Bottom,"<p>Crinkled Seersucker construction meets architectural precision in this bikini bottom. Designed for the intelligent, independent woman. The Stone Gray colorway with Chalk White accents creates a sophisticated palette. Pure intelligent aesthetic elegance.</p>",Twessie,Bikini Bottom,"architectural swimsuit, luxury Stone Gray swimwear, high-end swimwear, Crinkled Seersucker bikini, minimalist bikini bottom",TRUE,Color,Stone Gray,Size,M,TWESSIE_AU_BB_0201-Stone Gray-M,168.0,,10
twessie-au-bb-0201,Stone Gray Minimalist Crinkled Seersucker Bikini Bottom,"<p>Crinkled Seersucker construction meets architectural precision in this bikini bottom. Designed for the intelligent, independent woman. The Stone Gray colorway with Chalk White accents creates a sophisticated palette. Pure intelligent aesthetic elegance.</p>",Twessie,Bikini Bottom,"architectural swimsuit, luxury Stone Gray swimwear, high-end swimwear, Crinkled Seersucker bikini, minimalist bikini bottom",TRUE,Color,Stone Gray,Size,L,TWESSIE_AU_BB_0201-Stone Gray-L,168.0,,10
twessie-au-bb-0201,Stone Gray Minimalist Crinkled Seersucker Bikini Bottom,"<p>Crinkled Seersucker construction meets architectural precision in this bikini bottom. Designed for the intelligent, independent woman. The Stone Gray colorway with Chalk White accents creates a sophisticated palette. Pure intelligent aesthetic elegance.</p>",Twessie,Bikini Bottom,"architectural swimsuit, luxury Stone Gray swimwear, high-end swimwear, Crinkled Seersucker bikini, minimalist bikini bottom",TRUE,Color,Stone Gray,Size,XL,TWESSIE_AU_BB_0201-Stone Gray-XL,168.0,,10
twessie-au-bb-0201,Stone Gray Minimalist Crinkled Seersucker Bikini Bottom,"<p>Crinkled Seersucker construction meets architectural precision in this bikini bottom. Designed for the intelligent, independent woman. The Stone Gray colorway with Chalk White accents creates a sophisticated palette. Pure intelligent aesthetic elegance.</p>",Twessie,Bikini Bottom,"architectural swimsuit, luxury Stone Gray swimwear, high-end swimwear, Crinkled Seersucker bikini, minimalist bikini bottom",TRUE,Color,Stone Gray,Size,XXL,TWESSIE_AU_BB_0201-Stone Gray-XXL,168.0,,10
twessie-au-bb-0201,Stone Gray Minimalist Crinkled Seersucker Bikini Bottom,"<p>Crinkled Seersucker construction meets architectural precision in this bikini bottom. Designed for the intelligent, independent woman. The Stone Gray colorway with Chalk White accents creates a sophisticated palette. Pure intelligent aesthetic elegance.</p>",Twessie,Bikini Bottom,"architectural swimsuit, luxury Stone Gray swimwear, high-end swimwear, Crinkled Seersucker bikini, minimalist bikini bottom",TRUE,Color,Chalk White,Size,XS,TWESSIE_AU_BB_0201-Chalk White-XS,168.0,,10
twessie-au-bb-0201,Stone Gray Minimalist Crinkled Seersucker Bikini Bottom,"<p>Crinkled Seersucker construction meets architectural precision in this bikini bottom. Designed for the intelligent, independent woman. The Stone Gray colorway with Chalk White accents creates a sophisticated palette. Pure intelligent aesthetic elegance.</p>",Twessie,Bikini Bottom,"architectural swimsuit, luxury Stone Gray swimwear, high-end swimwear, Crinkled Seersucker bikini, minimalist bikini bottom",TRUE,Color,Chalk White,Size,S,TWESSIE_AU_BB_0201-Chalk White-S,168.0,,10
twessie-au-bb-0201,Stone Gray Minimalist Crinkled Seersucker Bikini Bottom,"<p>Crinkled Seersucker construction meets architectural precision in this bikini bottom. Designed for the intelligent, independent woman. The Stone Gray colorway with Chalk White accents creates a sophisticated palette. Pure intelligent aesthetic elegance.</p>",Twessie,Bikini Bottom,"architectural swimsuit, luxury Stone Gray swimwear, high-end swimwear, Crinkled Seersucker bikini, minimalist bikini bottom",TRUE,Color,Chalk White,Size,M,TWESSIE_AU_BB_0201-Chalk White-M,168.0,,10
twessie-au-bb-0201,Stone Gray Minimalist Crinkled Seersucker Bikini Bottom,"<p>Crinkled Seersucker construction meets architectural precision in this bikini bottom. Designed for the intelligent, independent woman. The Stone Gray colorway with Chalk White accents creates a sophisticated palette. Pure intelligent aesthetic elegance.</p>",Twessie,Bikini Bottom,"architectural swimsuit, luxury Stone Gray swimwear, high-end swimwear, Crinkled Seersucker bikini, minimalist bikini bottom",TRUE,Color,Chalk White,Size,L,TWESSIE_AU_BB_0201-Chalk White-L,168.0,,10
twessie-au-bb-0201,Stone Gray Minimalist Crinkled Seersucker Bikini Bottom,"<p>Crinkled Seersucker construction meets architectural precision in this bikini bottom. Designed for the intelligent, independent woman. The Stone Gray colorway with Chalk White accents creates a sophisticated palette. Pure intelligent aesthetic elegance.</p>",Twessie,Bikini Bottom,"architectural swimsuit, luxury Stone Gray swimwear, high-end swimwear, Crinkled Seersucker bikini, minimalist bikini bottom",TRUE,Color,Chalk White,Size,XL,TWESSIE_AU_BB_0201-Chalk White-XL,168.0,,10
twessie-au-bb-0201,Stone Gray Minimalist Crinkled Seersucker Bikini Bottom,"<p>Crinkled Seersucker construction meets architectural precision in this bikini bottom. Designed for the intelligent, independent woman. The Stone Gray colorway with Chalk White accents creates a sophisticated palette. Pure intelligent aesthetic elegance.</p>",Twessie,Bikini Bottom,"architectural swimsuit, luxury Stone Gray swimwear, high-end swimwear, Crinkled Seersucker bikini, minimalist bikini bottom",TRUE,Color,Chalk White,Size,XXL,TWESSIE_AU_BB_0201-Chalk White-XXL,168.0,,10
twessie-eu-ha-0202,Architectural Halter Strap System - Obsidian Black,<p>Crafted in premium Econyl Sleek Satin with Crinkled Seersucker accents. This halter strap accessory epitomizes architectural elegance luxury. Featuring color-blocking in Obsidian Black and Stone Gray. Perfect for the discerning swimmer who refuses the obvious.</p>,Twessie,Halter Strap Accessory,"architectural swimsuit, luxury Obsidian Black swimwear, minimalist halter strap accessory, minimalist luxury, high-end swimwear",TRUE,Color,Obsidian Black,Size,XS,TWESSIE_EU_HA_0202-Obsidian Black-XS,168.0,,10
twessie-eu-ha-0202,Architectural Halter Strap System - Obsidian Black,<p>Crafted in premium Econyl Sleek Satin with Crinkled Seersucker accents. This halter strap accessory epitomizes architectural elegance luxury. Featuring color-blocking in Obsidian Black and Stone Gray. Perfect for the discerning swimmer who refuses the obvious.</p>,Twessie,Halter Strap Accessory,"architectural swimsuit, luxury Obsidian Black swimwear, minimalist halter strap accessory, minimalist luxury, high-end swimwear",TRUE,Color,Obsidian Black,Size,S,TWESSIE_EU_HA_0202-Obsidian Black-S,168.0,,10
twessie-eu-ha-0202,Architectural Halter Strap System - Obsidian Black,<p>Crafted in premium Econyl Sleek Satin with Crinkled Seersucker accents. This halter strap accessory epitomizes architectural elegance luxury. Featuring color-blocking in Obsidian Black and Stone Gray. Perfect for the discerning swimmer who refuses the obvious.</p>,Twessie,Halter Strap Accessory,"architectural swimsuit, luxury Obsidian Black swimwear, minimalist halter strap accessory, minimalist luxury, high-end swimwear",TRUE,Color,Obsidian Black,Size,M,TWESSIE_EU_HA_0202-Obsidian Black-M,168.0,,10
twessie-eu-ha-0202,Architectural Halter Strap System - Obsidian Black,<p>Crafted in premium Econyl Sleek Satin with Crinkled Seersucker accents. This halter strap accessory epitomizes architectural elegance luxury. Featuring color-blocking in Obsidian Black and Stone Gray. Perfect for the discerning swimmer who refuses the obvious.</p>,Twessie,Halter Strap Accessory,"architectural swimsuit, luxury Obsidian Black swimwear, minimalist halter strap accessory, minimalist luxury, high-end swimwear",TRUE,Color,Obsidian Black,Size,L,TWESSIE_EU_HA_0202-Obsidian Black-L,168.0,,10
twessie-eu-ha-0202,Architectural Halter Strap System - Obsidian Black,<p>Crafted in premium Econyl Sleek Satin with Crinkled Seersucker accents. This halter strap accessory epitomizes architectural elegance luxury. Featuring color-blocking in Obsidian Black and Stone Gray. Perfect for the discerning swimmer who refuses the obvious.</p>,Twessie,Halter Strap Accessory,"architectural swimsuit, luxury Obsidian Black swimwear, minimalist halter strap accessory, minimalist luxury, high-end swimwear",TRUE,Color,Obsidian Black,Size,XL,TWESSIE_EU_HA_0202-Obsidian Black-XL,168.0,,10
twessie-eu-ha-0202,Architectural Halter Strap System - Obsidian Black,<p>Crafted in premium Econyl Sleek Satin with Crinkled Seersucker accents. This halter strap accessory epitomizes architectural elegance luxury. Featuring color-blocking in Obsidian Black and Stone Gray. Perfect for the discerning swimmer who refuses the obvious.</p>,Twessie,Halter Strap Accessory,"architectural swimsuit, luxury Obsidian Black swimwear, minimalist halter strap accessory, minimalist luxury, high-end swimwear",TRUE,Color,Obsidian Black,Size,XXL,TWESSIE_EU_HA_0202-Obsidian Black-XXL,168.0,,10
twessie-eu-ha-0202,Architectural Halter Strap System - Obsidian Black,<p>Crafted in premium Econyl Sleek Satin with Crinkled Seersucker accents. This halter strap accessory epitomizes architectural elegance luxury. Featuring color-blocking in Obsidian Black and Stone Gray. Perfect for the discerning swimmer who refuses the obvious.</p>,Twessie,Halter Strap Accessory,"architectural swimsuit, luxury Obsidian Black swimwear, minimalist halter strap accessory, minimalist luxury, high-end swimwear",TRUE,Color,Stone Gray,Size,XS,TWESSIE_EU_HA_0202-Stone Gray-XS,168.0,,10
twessie-eu-ha-0202,Architectural Halter Strap System - Obsidian Black,<p>Crafted in premium Econyl Sleek Satin with Crinkled Seersucker accents. This halter strap accessory epitomizes architectural elegance luxury. Featuring color-blocking in Obsidian Black and Stone Gray. Perfect for the discerning swimmer who refuses the obvious.</p>,Twessie,Halter Strap Accessory,"architectural swimsuit, luxury Obsidian Black swimwear, minimalist halter strap accessory, minimalist luxury, high-end swimwear",TRUE,Color,Stone Gray,Size,S,TWESSIE_EU_HA_0202-Stone Gray-S,168.0,,10
twessie-eu-ha-0202,Architectural Halter Strap System - Obsidian Black,<p>Crafted in premium Econyl Sleek Satin with Crinkled Seersucker accents. This halter strap accessory epitomizes architectural elegance luxury. Featuring color-blocking in Obsidian Black and Stone Gray. Perfect for the discerning swimmer who refuses the obvious.</p>,Twessie,Halter Strap Accessory,"architectural swimsuit, luxury Obsidian Black swimwear, minimalist halter strap accessory, minimalist luxury, high-end swimwear",TRUE,Color,Stone Gray,Size,M,TWESSIE_EU_HA_0202-Stone Gray-M,168.0,,10
twessie-eu-ha-0202,Architectural Halter Strap System - Obsidian Black,<p>Crafted in premium Econyl Sleek Satin with Crinkled Seersucker accents. This halter strap accessory epitomizes architectural elegance luxury. Featuring color-blocking in Obsidian Black and Stone Gray. Perfect for the discerning swimmer who refuses the obvious.</p>,Twessie,Halter Strap Accessory,"architectural swimsuit, luxury Obsidian Black swimwear, minimalist halter strap accessory, minimalist luxury, high-end swimwear",TRUE,Color,Stone Gray,Size,L,TWESSIE_EU_HA_0202-Stone Gray-L,168.0,,10
twessie-eu-ha-0202,Architectural Halter Strap System - Obsidian Black,<p>Crafted in premium Econyl Sleek Satin with Crinkled Seersucker accents. This halter strap accessory epitomizes architectural elegance luxury. Featuring color-blocking in Obsidian Black and Stone Gray. Perfect for the discerning swimmer who refuses the obvious.</p>,Twessie,Halter Strap Accessory,"architectural swimsuit, luxury Obsidian Black swimwear, minimalist halter strap accessory, minimalist luxury, high-end swimwear",TRUE,Color,Stone Gray,Size,XL,TWESSIE_EU_HA_0202-Stone Gray-XL,168.0,,10
twessie-eu-ha-0202,Architectural Halter Strap System - Obsidian Black,<p>Crafted in premium Econyl Sleek Satin with Crinkled Seersucker accents. This halter strap accessory epitomizes architectural elegance luxury. Featuring color-blocking in Obsidian Black and Stone Gray. Perfect for the discerning swimmer who refuses the obvious.</p>,Twessie,Halter Strap Accessory,"architectural swimsuit, luxury Obsidian Black swimwear, minimalist halter strap accessory, minimalist luxury, high-end swimwear",TRUE,Color,Stone Gray,Size,XXL,TWESSIE_EU_HA_0202-Stone Gray-XXL,168.0,,10
twessie-jp-op-0203,Burnt Terracotta Architectural One-Piece Swimsuit,<p>A statement piece in Matte Ribbed Knit. This one-piece combines intelligent aesthetic design with impeccable craftsmanship. Available in Burnt Terracotta with Olive Drab detailing. Not loud. Not obvious. Unmistakably Twessie.</p>,Twessie,One-Piece,"minimalist one-piece, luxury Burnt Terracotta swimwear, Matte Ribbed Knit bikini, minimalist luxury, high-end swimwear",TRUE,Color,Burnt Terracotta,Size,XS,TWESSIE_JP_OP_0203-Burnt Terracotta-XS,168.0,,10
twessie-jp-op-0203,Burnt Terracotta Architectural One-Piece Swimsuit,<p>A statement piece in Matte Ribbed Knit. This one-piece combines intelligent aesthetic design with impeccable craftsmanship. Available in Burnt Terracotta with Olive Drab detailing. Not loud. Not obvious. Unmistakably Twessie.</p>,Twessie,One-Piece,"minimalist one-piece, luxury Burnt Terracotta swimwear, Matte Ribbed Knit bikini, minimalist luxury, high-end swimwear",TRUE,Color,Burnt Terracotta,Size,S,TWESSIE_JP_OP_0203-Burnt Terracotta-S,168.0,,10
twessie-jp-op-0203,Burnt Terracotta Architectural One-Piece Swimsuit,<p>A statement piece in Matte Ribbed Knit. This one-piece combines intelligent aesthetic design with impeccable craftsmanship. Available in Burnt Terracotta with Olive Drab detailing. Not loud. Not obvious. Unmistakably Twessie.</p>,Twessie,One-Piece,"minimalist one-piece, luxury Burnt Terracotta swimwear, Matte Ribbed Knit bikini, minimalist luxury, high-end swimwear",TRUE,Color,Burnt Terracotta,Size,M,TWESSIE_JP_OP_0203-Burnt Terracotta-M,168.0,,10
twessie-jp-op-0203,Burnt Terracotta Architectural One-Piece Swimsuit,<p>A statement piece in Matte Ribbed Knit. This one-piece combines intelligent aesthetic design with impeccable craftsmanship. Available in Burnt Terracotta with Olive Drab detailing. Not loud. Not obvious. Unmistakably Twessie.</p>,Twessie,One-Piece,"minimalist one-piece, luxury Burnt Terracotta swimwear, Matte Ribbed Knit bikini, minimalist luxury, high-end swimwear",TRUE,Color,Burnt Terracotta,Size,L,TWESSIE_JP_OP_0203-Burnt Terracotta-L,168.0,,10
twessie-jp-op-0203,Burnt Terracotta Architectural One-Piece Swimsuit,<p>A statement piece in Matte Ribbed Knit. This one-piece combines intelligent aesthetic design with impeccable craftsmanship. Available in Burnt Terracotta with Olive Drab detailing. Not loud. Not obvious. Unmistakably Twessie.</p>,Twessie,One-Piece,"minimalist one-piece, luxury Burnt Terracotta swimwear, Matte Ribbed Knit bikini, minimalist luxury, high-end swimwear",TRUE,Color,Burnt Terracotta,Size,XL,TWESSIE_JP_OP_0203-Burnt Terracotta-XL,168.0,,10
twessie-jp-op-0203,Burnt Terracotta Architectural One-Piece Swimsuit,<p>A statement piece in Matte Ribbed Knit. This one-piece combines intelligent aesthetic design with impeccable craftsmanship. Available in Burnt Terracotta with Olive Drab detailing. Not loud. Not obvious. Unmistakably Twessie.</p>,Twessie,One-Piece,"minimalist one-piece, luxury Burnt Terracotta swimwear, Matte Ribbed Knit bikini, minimalist luxury, high-end swimwear",TRUE,Color,Burnt Terracotta,Size,XXL,TWESSIE_JP_OP_0203-Burnt Terracotta-XXL,168.0,,10
twessie-jp-op-0203,Burnt Terracotta Architectural One-Piece Swimsuit,<p>A statement piece in Matte Ribbed Knit. This one-piece combines intelligent aesthetic design with impeccable craftsmanship. Available in Burnt Terracotta with Olive Drab detailing. Not loud. Not obvious. Unmistakably Twessie.</p>,Twessie,One-Piece,"minimalist one-piece, luxury Burnt Terracotta swimwear, Matte Ribbed Knit bikini, minimalist luxury, high-end swimwear",TRUE,Color,Olive Drab,Size,XS,TWESSIE_JP_OP_0203-Olive Drab-XS,168.0,,10
twessie-jp-op-0203,Burnt Terracotta Architectural One-Piece Swimsuit,<p>A statement piece in Matte Ribbed Knit. This one-piece combines intelligent aesthetic design with impeccable craftsmanship. Available in Burnt Terracotta with Olive Drab detailing. Not loud. Not obvious. Unmistakably Twessie.</p>,Twessie,One-Piece,"minimalist one-piece, luxury Burnt Terracotta swimwear, Matte Ribbed Knit bikini, minimalist luxury, high-end swimwear",TRUE,Color,Olive Drab,Size,S,TWESSIE_JP_OP_0203-Olive Drab-S,168.0,,10
twessie-jp-op-0203,Burnt Terracotta Architectural One-Piece Swimsuit,<p>A statement piece in Matte Ribbed Knit. This one-piece combines intelligent aesthetic design with impeccable craftsmanship. Available in Burnt Terracotta with Olive Drab detailing. Not loud. Not obvious. Unmistakably Twessie.</p>,Twessie,One-Piece,"minimalist one-piece, luxury Burnt Terracotta swimwear, Matte Ribbed Knit bikini, minimalist luxury, high-end swimwear",TRUE,Color,Olive Drab,Size,M,TWESSIE_JP_OP_0203-Olive Drab-M,168.0,,10
twessie-jp-op-0203,Burnt Terracotta Architectural One-Piece Swimsuit,<p>A statement piece in Matte Ribbed Knit. This one-piece combines intelligent aesthetic design with impeccable craftsmanship. Available in Burnt Terracotta with Olive Drab detailing. Not loud. Not obvious. Unmistakably Twessie.</p>,Twessie,One-Piece,"minimalist one-piece, luxury Burnt Terracotta swimwear, Matte Ribbed Knit bikini, minimalist luxury, high-end swimwear",TRUE,Color,Olive Drab,Size,L,TWESSIE_JP_OP_0203-Olive Drab-L,168.0,,10
twessie-jp-op-0203,Burnt Terracotta Architectural One-Piece Swimsuit,<p>A statement piece in Matte Ribbed Knit. This one-piece combines intelligent aesthetic design with impeccable craftsmanship. Available in Burnt Terracotta with Olive Drab detailing. Not loud. Not obvious. Unmistakably Twessie.</p>,Twessie,One-Piece,"minimalist one-piece, luxury Burnt Terracotta swimwear, Matte Ribbed Knit bikini, minimalist luxury, high-end swimwear",TRUE,Color,Olive Drab,Size,XL,TWESSIE_JP_OP_0203-Olive Drab-XL,168.0,,10
twessie-jp-op-0203,Burnt Terracotta Architectural One-Piece Swimsuit,<p>A statement piece in Matte Ribbed Knit. This one-piece combines intelligent aesthetic design with impeccable craftsmanship. Available in Burnt Terracotta with Olive Drab detailing. Not loud. Not obvious. Unmistakably Twessie.</p>,Twessie,One-Piece,"minimalist one-piece, luxury Burnt Terracotta swimwear, Matte Ribbed Knit bikini, minimalist luxury, high-end swimwear",TRUE,Color,Olive Drab,Size,XXL,TWESSIE_JP_OP_0203-Olive Drab-XXL,168.0,,10
twessie-na-bb-0204,High-Cut Stone Gray Bikini Brief,<p>Crafted in premium Crinkled Seersucker with Econyl Sleek Satin accents. This bikini bottom epitomizes architectural elegance luxury. Featuring color-blocking in Stone Gray and Chalk White. Perfect for the discerning swimmer who refuses the obvious.</p>,Twessie,Bikini Bottom,"independent fashion, high-end swimwear, minimalist bikini bottom, architectural swimsuit, minimalist luxury",TRUE,Color,Stone Gray,Size,XS,TWESSIE_NA_BB_0204-Stone Gray-XS,168.0,,10
twessie-na-bb-0204,High-Cut Stone Gray Bikini Brief,<p>Crafted in premium Crinkled Seersucker with Econyl Sleek Satin accents. This bikini bottom epitomizes architectural elegance luxury. Featuring color-blocking in Stone Gray and Chalk White. Perfect for the discerning swimmer who refuses the obvious.</p>,Twessie,Bikini Bottom,"independent fashion, high-end swimwear, minimalist bikini bottom, architectural swimsuit, minimalist luxury",TRUE,Color,Stone Gray,Size,S,TWESSIE_NA_BB_0204-Stone Gray-S,168.0,,10
twessie-na-bb-0204,High-Cut Stone Gray Bikini Brief,<p>Crafted in premium Crinkled Seersucker with Econyl Sleek Satin accents. This bikini bottom epitomizes architectural elegance luxury. Featuring color-blocking in Stone Gray and Chalk White. Perfect for the discerning swimmer who refuses the obvious.</p>,Twessie,Bikini Bottom,"independent fashion, high-end swimwear, minimalist bikini bottom, architectural swimsuit, minimalist luxury",TRUE,Color,Stone Gray,Size,M,TWESSIE_NA_BB_0204-Stone Gray-M,168.0,,10
twessie-na-bb-0204,High-Cut Stone Gray Bikini Brief,<p>Crafted in premium Crinkled Seersucker with Econyl Sleek Satin accents. This bikini bottom epitomizes architectural elegance luxury. Featuring color-blocking in Stone Gray and Chalk White. Perfect for the discerning swimmer who refuses the obvious.</p>,Twessie,Bikini Bottom,"independent fashion, high-end swimwear, minimalist bikini bottom, architectural swimsuit, minimalist luxury",TRUE,Color,Stone Gray,Size,L,TWESSIE_NA_BB_0204-Stone Gray-L,168.0,,10
twessie-na-bb-0204,High-Cut Stone Gray Bikini Brief,<p>Crafted in premium Crinkled Seersucker with Econyl Sleek Satin accents. This bikini bottom epitomizes architectural elegance luxury. Featuring color-blocking in Stone Gray and Chalk White. Perfect for the discerning swimmer who refuses the obvious.</p>,Twessie,Bikini Bottom,"independent fashion, high-end swimwear, minimalist bikini bottom, architectural swimsuit, minimalist luxury",TRUE,Color,Stone Gray,Size,XL,TWESSIE_NA_BB_0204-Stone Gray-XL,168.0,,10
twessie-na-bb-0204,High-Cut Stone Gray Bikini Brief,<p>Crafted in premium Crinkled Seersucker with Econyl Sleek Satin accents. This bikini bottom epitomizes architectural elegance luxury. Featuring color-blocking in Stone Gray and Chalk White. Perfect for the discerning swimmer who refuses the obvious.</p>,Twessie,Bikini Bottom,"independent fashion, high-end swimwear, minimalist bikini bottom, architectural swimsuit, minimalist luxury",TRUE,Color,Stone Gray,Size,XXL,TWESSIE_NA_BB_0204-Stone Gray-XXL,168.0,,10
twessie-na-bb-0204,High-Cut Stone Gray Bikini Brief,<p>Crafted in premium Crinkled Seersucker with Econyl Sleek Satin accents. This bikini bottom epitomizes architectural elegance luxury. Featuring color-blocking in Stone Gray and Chalk White. Perfect for the discerning swimmer who refuses the obvious.</p>,Twessie,Bikini Bottom,"independent fashion, high-end swimwear, minimalist bikini bottom, architectural swimsuit, minimalist luxury",TRUE,Color,Chalk White,Size,XS,TWESSIE_NA_BB_0204-Chalk White-XS,168.0,,10
twessie-na-bb-0204,High-Cut Stone Gray Bikini Brief,<p>Crafted in premium Crinkled Seersucker with Econyl Sleek Satin accents. This bikini bottom epitomizes architectural elegance luxury. Featuring color-blocking in Stone Gray and Chalk White. Perfect for the discerning swimmer who refuses the obvious.</p>,Twessie,Bikini Bottom,"independent fashion, high-end swimwear, minimalist bikini bottom, architectural swimsuit, minimalist luxury",TRUE,Color,Chalk White,Size,S,TWESSIE_NA_BB_0204-Chalk White-S,168.0,,10
twessie-na-bb-0204,High-Cut Stone Gray Bikini Brief,<p>Crafted in premium Crinkled Seersucker with Econyl Sleek Satin accents. This bikini bottom epitomizes architectural elegance luxury. Featuring color-blocking in Stone Gray and Chalk White. Perfect for the discerning swimmer who refuses the obvious.</p>,Twessie,Bikini Bottom,"independent fashion, high-end swimwear, minimalist bikini bottom, architectural swimsuit, minimalist luxury",TRUE,Color,Chalk White,Size,M,TWESSIE_NA_BB_0204-Chalk White-M,168.0,,10
twessie-na-bb-0204,High-Cut Stone Gray Bikini Brief,<p>Crafted in premium Crinkled Seersucker with Econyl Sleek Satin accents. This bikini bottom epitomizes architectural elegance luxury. Featuring color-blocking in Stone Gray and Chalk White. Perfect for the discerning swimmer who refuses the obvious.</p>,Twessie,Bikini Bottom,"independent fashion, high-end swimwear, minimalist bikini bottom, architectural swimsuit, minimalist luxury",TRUE,Color,Chalk White,Size,L,TWESSIE_NA_BB_0204-Chalk White-L,168.0,,10
twessie-na-bb-0204,High-Cut Stone Gray Bikini Brief,<p>Crafted in premium Crinkled Seersucker with Econyl Sleek Satin accents. This bikini bottom epitomizes architectural elegance luxury. Featuring color-blocking in Stone Gray and Chalk White. Perfect for the discerning swimmer who refuses the obvious.</p>,Twessie,Bikini Bottom,"independent fashion, high-end swimwear, minimalist bikini bottom, architectural swimsuit, minimalist luxury",TRUE,Color,Chalk White,Size,XL,TWESSIE_NA_BB_0204-Chalk White-XL,168.0,,10
twessie-na-bb-0204,High-Cut Stone Gray Bikini Brief,<p>Crafted in premium Crinkled Seersucker with Econyl Sleek Satin accents. This bikini bottom epitomizes architectural elegance luxury. Featuring color-blocking in Stone Gray and Chalk White. Perfect for the discerning swimmer who refuses the obvious.</p>,Twessie,Bikini Bottom,"independent fashion, high-end swimwear, minimalist bikini bottom, architectural swimsuit, minimalist luxury",TRUE,Color,Chalk White,Size,XXL,TWESSIE_NA_BB_0204-Chalk White-XXL,168.0,,10
twessie-jp-bt-0205,Econyl Sleek Satin High-Waist Bikini Top in Obsidian Black,<p>Crafted in premium Econyl Sleek Satin with Crinkled Seersucker accents. This bikini top epitomizes architectural elegance luxury. Featuring color-blocking in Obsidian Black and Stone Gray. Perfect for the discerning swimmer who refuses the obvious.</p>,Twessie,Bikini Top,"minimalist bikini top, architectural swimsuit, Econyl Sleek Satin bikini, high-end swimwear, luxury Obsidian Black swimwear",TRUE,Color,Obsidian Black,Size,XS,TWESSIE_JP_BT_0205-Obsidian Black-XS,168.0,,10
twessie-jp-bt-0205,Econyl Sleek Satin High-Waist Bikini Top in Obsidian Black,<p>Crafted in premium Econyl Sleek Satin with Crinkled Seersucker accents. This bikini top epitomizes architectural elegance luxury. Featuring color-blocking in Obsidian Black and Stone Gray. Perfect for the discerning swimmer who refuses the obvious.</p>,Twessie,Bikini Top,"minimalist bikini top, architectural swimsuit, Econyl Sleek Satin bikini, high-end swimwear, luxury Obsidian Black swimwear",TRUE,Color,Obsidian Black,Size,S,TWESSIE_JP_BT_0205-Obsidian Black-S,168.0,,10
twessie-jp-bt-0205,Econyl Sleek Satin High-Waist Bikini Top in Obsidian Black,<p>Crafted in premium Econyl Sleek Satin with Crinkled Seersucker accents. This bikini top epitomizes architectural elegance luxury. Featuring color-blocking in Obsidian Black and Stone Gray. Perfect for the discerning swimmer who refuses the obvious.</p>,Twessie,Bikini Top,"minimalist bikini top, architectural swimsuit, Econyl Sleek Satin bikini, high-end swimwear, luxury Obsidian Black swimwear",TRUE,Color,Obsidian Black,Size,M,TWESSIE_JP_BT_0205-Obsidian Black-M,168.0,,10
twessie-jp-bt-0205,Econyl Sleek Satin High-Waist Bikini Top in Obsidian Black,<p>Crafted in premium Econyl Sleek Satin with Crinkled Seersucker accents. This bikini top epitomizes architectural elegance luxury. Featuring color-blocking in Obsidian Black and Stone Gray. Perfect for the discerning swimmer who refuses the obvious.</p>,Twessie,Bikini Top,"minimalist bikini top, architectural swimsuit, Econyl Sleek Satin bikini, high-end swimwear, luxury Obsidian Black swimwear",TRUE,Color,Obsidian Black,Size,L,TWESSIE_JP_BT_0205-Obsidian Black-L,168.0,,10
twessie-jp-bt-0205,Econyl Sleek Satin High-Waist Bikini Top in Obsidian Black,<p>Crafted in premium Econyl Sleek Satin with Crinkled Seersucker accents. This bikini top epitomizes architectural elegance luxury. Featuring color-blocking in Obsidian Black and Stone Gray. Perfect for the discerning swimmer who refuses the obvious.</p>,Twessie,Bikini Top,"minimalist bikini top, architectural swimsuit, Econyl Sleek Satin bikini, high-end swimwear, luxury Obsidian Black swimwear",TRUE,Color,Obsidian Black,Size,XL,TWESSIE_JP_BT_0205-Obsidian Black-XL,168.0,,10
twessie-jp-bt-0205,Econyl Sleek Satin High-Waist Bikini Top in Obsidian Black,<p>Crafted in premium Econyl Sleek Satin with Crinkled Seersucker accents. This bikini top epitomizes architectural elegance luxury. Featuring color-blocking in Obsidian Black and Stone Gray. Perfect for the discerning swimmer who refuses the obvious.</p>,Twessie,Bikini Top,"minimalist bikini top, architectural swimsuit, Econyl Sleek Satin bikini, high-end swimwear, luxury Obsidian Black swimwear",TRUE,Color,Obsidian Black,Size,XXL,TWESSIE_JP_BT_0205-Obsidian Black-XXL,168.0,,10
twessie-jp-bt-0205,Econyl Sleek Satin High-Waist Bikini Top in Obsidian Black,<p>Crafted in premium Econyl Sleek Satin with Crinkled Seersucker accents. This bikini top epitomizes architectural elegance luxury. Featuring color-blocking in Obsidian Black and Stone Gray. Perfect for the discerning swimmer who refuses the obvious.</p>,Twessie,Bikini Top,"minimalist bikini top, architectural swimsuit, Econyl Sleek Satin bikini, high-end swimwear, luxury Obsidian Black swimwear",TRUE,Color,Stone Gray,Size,XS,TWESSIE_JP_BT_0205-Stone Gray-XS,168.0,,10
twessie-jp-bt-0205,Econyl Sleek Satin High-Waist Bikini Top in Obsidian Black,<p>Crafted in premium Econyl Sleek Satin with Crinkled Seersucker accents. This bikini top epitomizes architectural elegance luxury. Featuring color-blocking in Obsidian Black and Stone Gray. Perfect for the discerning swimmer who refuses the obvious.</p>,Twessie,Bikini Top,"minimalist bikini top, architectural swimsuit, Econyl Sleek Satin bikini, high-end swimwear, luxury Obsidian Black swimwear",TRUE,Color,Stone Gray,Size,S,TWESSIE_JP_BT_0205-Stone Gray-S,168.0,,10
twessie-jp-bt-0205,Econyl Sleek Satin High-Waist Bikini Top in Obsidian Black,<p>Crafted in premium Econyl Sleek Satin with Crinkled Seersucker accents. This bikini top epitomizes architectural elegance luxury. Featuring color-blocking in Obsidian Black and Stone Gray. Perfect for the discerning swimmer who refuses the obvious.</p>,Twessie,Bikini Top,"minimalist bikini top, architectural swimsuit, Econyl Sleek Satin bikini, high-end swimwear, luxury Obsidian Black swimwear",TRUE,Color,Stone Gray,Size,M,TWESSIE_JP_BT_0205-Stone Gray-M,168.0,,10
twessie-jp-bt-0205,Econyl Sleek Satin High-Waist Bikini Top in Obsidian Black,<p>Crafted in premium Econyl Sleek Satin with Crinkled Seersucker accents. This bikini top epitomizes architectural elegance luxury. Featuring color-blocking in Obsidian Black and Stone Gray. Perfect for the discerning swimmer who refuses the obvious.</p>,Twessie,Bikini Top,"minimalist bikini top, architectural swimsuit, Econyl Sleek Satin bikini, high-end swimwear, luxury Obsidian Black swimwear",TRUE,Color,Stone Gray,Size,L,TWESSIE_JP_BT_0205-Stone Gray-L,168.0,,10
twessie-jp-bt-0205,Econyl Sleek Satin High-Waist Bikini Top in Obsidian Black,<p>Crafted in premium Econyl Sleek Satin with Crinkled Seersucker accents. This bikini top epitomizes architectural elegance luxury. Featuring color-blocking in Obsidian Black and Stone Gray. Perfect for the discerning swimmer who refuses the obvious.</p>,Twessie,Bikini Top,"minimalist bikini top, architectural swimsuit, Econyl Sleek Satin bikini, high-end swimwear, luxury Obsidian Black swimwear",TRUE,Color,Stone Gray,Size,XL,TWESSIE_JP_BT_0205-Stone Gray-XL,168.0,,10
twessie-jp-bt-0205,Econyl Sleek Satin High-Waist Bikini Top in Obsidian Black,<p>Crafted in premium Econyl Sleek Satin with Crinkled Seersucker accents. This bikini top epitomizes architectural elegance luxury. Featuring color-blocking in Obsidian Black and Stone Gray. Perfect for the discerning swimmer who refuses the obvious.</p>,Twessie,Bikini Top,"minimalist bikini top, architectural swimsuit, Econyl Sleek Satin bikini, high-end swimwear, luxury Obsidian Black swimwear",TRUE,Color,Stone Gray,Size,XXL,TWESSIE_JP_BT_0205-Stone Gray-XXL,168.0,,10
twessie-eu-op-0206,High-Fashion Burnt Terracotta One-Piece Suit,"<p>Matte Ribbed Knit construction meets architectural precision in this one-piece. Designed for the intelligent, independent woman. The Burnt Terracotta colorway with Olive Drab accents creates a sophisticated palette. Pure minimalist luxury elegance.</p>",Twessie,One-Piece,"minimalist luxury, Matte Ribbed Knit bikini, luxury Burnt Terracotta swimwear, high-end swimwear, independent fashion",TRUE,Color,Burnt Terracotta,Size,XS,TWESSIE_EU_OP_0206-Burnt Terracotta-XS,168.0,,10
twessie-eu-op-0206,High-Fashion Burnt Terracotta One-Piece Suit,"<p>Matte Ribbed Knit construction meets architectural precision in this one-piece. Designed for the intelligent, independent woman. The Burnt Terracotta colorway with Olive Drab accents creates a sophisticated palette. Pure minimalist luxury elegance.</p>",Twessie,One-Piece,"minimalist luxury, Matte Ribbed Knit bikini, luxury Burnt Terracotta swimwear, high-end swimwear, independent fashion",TRUE,Color,Burnt Terracotta,Size,S,TWESSIE_EU_OP_0206-Burnt Terracotta-S,168.0,,10
twessie-eu-op-0206,High-Fashion Burnt Terracotta One-Piece Suit,"<p>Matte Ribbed Knit construction meets architectural precision in this one-piece. Designed for the intelligent, independent woman. The Burnt Terracotta colorway with Olive Drab accents creates a sophisticated palette. Pure minimalist luxury elegance.</p>",Twessie,One-Piece,"minimalist luxury, Matte Ribbed Knit bikini, luxury Burnt Terracotta swimwear, high-end swimwear, independent fashion",TRUE,Color,Burnt Terracotta,Size,M,TWESSIE_EU_OP_0206-Burnt Terracotta-M,168.0,,10
twessie-eu-op-0206,High-Fashion Burnt Terracotta One-Piece Suit,"<p>Matte Ribbed Knit construction meets architectural precision in this one-piece. Designed for the intelligent, independent woman. The Burnt Terracotta colorway with Olive Drab accents creates a sophisticated palette. Pure minimalist luxury elegance.</p>",Twessie,One-Piece,"minimalist luxury, Matte Ribbed Knit bikini, luxury Burnt Terracotta swimwear, high-end swimwear, independent fashion",TRUE,Color,Burnt Terracotta,Size,L,TWESSIE_EU_OP_0206-Burnt Terracotta-L,168.0,,10
twessie-eu-op-0206,High-Fashion Burnt Terracotta One-Piece Suit,"<p>Matte Ribbed Knit construction meets architectural precision in this one-piece. Designed for the intelligent, independent woman. The Burnt Terracotta colorway with Olive Drab accents creates a sophisticated palette. Pure minimalist luxury elegance.</p>",Twessie,One-Piece,"minimalist luxury, Matte Ribbed Knit bikini, luxury Burnt Terracotta swimwear, high-end swimwear, independent fashion",TRUE,Color,Burnt Terracotta,Size,XL,TWESSIE_EU_OP_0206-Burnt Terracotta-XL,168.0,,10
twessie-eu-op-0206,High-Fashion Burnt Terracotta One-Piece Suit,"<p>Matte Ribbed Knit construction meets architectural precision in this one-piece. Designed for the intelligent, independent woman. The Burnt Terracotta colorway with Olive Drab accents creates a sophisticated palette. Pure minimalist luxury elegance.</p>",Twessie,One-Piece,"minimalist luxury, Matte Ribbed Knit bikini, luxury Burnt Terracotta swimwear, high-end swimwear, independent fashion",TRUE,Color,Burnt Terracotta,Size,XXL,TWESSIE_EU_OP_0206-Burnt Terracotta-XXL,168.0,,10
twessie-eu-op-0206,High-Fashion Burnt Terracotta One-Piece Suit,"<p>Matte Ribbed Knit construction meets architectural precision in this one-piece. Designed for the intelligent, independent woman. The Burnt Terracotta colorway with Olive Drab accents creates a sophisticated palette. Pure minimalist luxury elegance.</p>",Twessie,One-Piece,"minimalist luxury, Matte Ribbed Knit bikini, luxury Burnt Terracotta swimwear, high-end swimwear, independent fashion",TRUE,Color,Olive Drab,Size,XS,TWESSIE_EU_OP_0206-Olive Drab-XS,168.0,,10
twessie-eu-op-0206,High-Fashion Burnt Terracotta One-Piece Suit,"<p>Matte Ribbed Knit construction meets architectural precision in this one-piece. Designed for the intelligent, independent woman. The Burnt Terracotta colorway with Olive Drab accents creates a sophisticated palette. Pure minimalist luxury elegance.</p>",Twessie,One-Piece,"minimalist luxury, Matte Ribbed Knit bikini, luxury Burnt Terracotta swimwear, high-end swimwear, independent fashion",TRUE,Color,Olive Drab,Size,S,TWESSIE_EU_OP_0206-Olive Drab-S,168.0,,10
twessie-eu-op-0206,High-Fashion Burnt Terracotta One-Piece Suit,"<p>Matte Ribbed Knit construction meets architectural precision in this one-piece. Designed for the intelligent, independent woman. The Burnt Terracotta colorway with Olive Drab accents creates a sophisticated palette. Pure minimalist luxury elegance.</p>",Twessie,One-Piece,"minimalist luxury, Matte Ribbed Knit bikini, luxury Burnt Terracotta swimwear, high-end swimwear, independent fashion",TRUE,Color,Olive Drab,Size,M,TWESSIE_EU_OP_0206-Olive Drab-M,168.0,,10
twessie-eu-op-0206,High-Fashion Burnt Terracotta One-Piece Suit,"<p>Matte Ribbed Knit construction meets architectural precision in this one-piece. Designed for the intelligent, independent woman. The Burnt Terracotta colorway with Olive Drab accents creates a sophisticated palette. Pure minimalist luxury elegance.</p>",Twessie,One-Piece,"minimalist luxury, Matte Ribbed Knit bikini, luxury Burnt Terracotta swimwear, high-end swimwear, independent fashion",TRUE,Color,Olive Drab,Size,L,TWESSIE_EU_OP_0206-Olive Drab-L,168.0,,10
twessie-eu-op-0206,High-Fashion Burnt Terracotta One-Piece Suit,"<p>Matte Ribbed Knit construction meets architectural precision in this one-piece. Designed for the intelligent, independent woman. The Burnt Terracotta colorway with Olive Drab accents creates a sophisticated palette. Pure minimalist luxury elegance.</p>",Twessie,One-Piece,"minimalist luxury, Matte Ribbed Knit bikini, luxury Burnt Terracotta swimwear, high-end swimwear, independent fashion",TRUE,Color,Olive Drab,Size,XL,TWESSIE_EU_OP_0206-Olive Drab-XL,168.0,,10
twessie-eu-op-0206,High-Fashion Burnt Terracotta One-Piece Suit,"<p>Matte Ribbed Knit construction meets architectural precision in this one-piece. Designed for the intelligent, independent woman. The Burnt Terracotta colorway with Olive Drab accents creates a sophisticated palette. Pure minimalist luxury elegance.</p>",Twessie,One-Piece,"minimalist luxury, Matte Ribbed Knit bikini, luxury Burnt Terracotta swimwear, high-end swimwear, independent fashion",TRUE,Color,Olive Drab,Size,XXL,TWESSIE_EU_OP_0206-Olive Drab-XXL,168.0,,10
twessie-eu-bt-0207,Econyl Sleek Satin High-Waist Bikini Top in Obsidian Black,<p>Crafted in premium Econyl Sleek Satin with Matte Ribbed Knit accents. This bikini top epitomizes anti-fashion statement luxury. Featuring color-blocking in Obsidian Black and Burnt Terracotta. Perfect for the discerning swimmer who refuses the obvious.</p>,Twessie,Bikini Top,"Econyl Sleek Satin bikini, minimalist bikini top, high-end swimwear, independent fashion, luxury Obsidian Black swimwear",TRUE,Color,Obsidian Black,Size,XS,TWESSIE_EU_BT_0207-Obsidian Black-XS,168.0,,10
twessie-eu-bt-0207,Econyl Sleek Satin High-Waist Bikini Top in Obsidian Black,<p>Crafted in premium Econyl Sleek Satin with Matte Ribbed Knit accents. This bikini top epitomizes anti-fashion statement luxury. Featuring color-blocking in Obsidian Black and Burnt Terracotta. Perfect for the discerning swimmer who refuses the obvious.</p>,Twessie,Bikini Top,"Econyl Sleek Satin bikini, minimalist bikini top, high-end swimwear, independent fashion, luxury Obsidian Black swimwear",TRUE,Color,Obsidian Black,Size,S,TWESSIE_EU_BT_0207-Obsidian Black-S,168.0,,10
twessie-eu-bt-0207,Econyl Sleek Satin High-Waist Bikini Top in Obsidian Black,<p>Crafted in premium Econyl Sleek Satin with Matte Ribbed Knit accents. This bikini top epitomizes anti-fashion statement luxury. Featuring color-blocking in Obsidian Black and Burnt Terracotta. Perfect for the discerning swimmer who refuses the obvious.</p>,Twessie,Bikini Top,"Econyl Sleek Satin bikini, minimalist bikini top, high-end swimwear, independent fashion, luxury Obsidian Black swimwear",TRUE,Color,Obsidian Black,Size,M,TWESSIE_EU_BT_0207-Obsidian Black-M,168.0,,10
twessie-eu-bt-0207,Econyl Sleek Satin High-Waist Bikini Top in Obsidian Black,<p>Crafted in premium Econyl Sleek Satin with Matte Ribbed Knit accents. This bikini top epitomizes anti-fashion statement luxury. Featuring color-blocking in Obsidian Black and Burnt Terracotta. Perfect for the discerning swimmer who refuses the obvious.</p>,Twessie,Bikini Top,"Econyl Sleek Satin bikini, minimalist bikini top, high-end swimwear, independent fashion, luxury Obsidian Black swimwear",TRUE,Color,Obsidian Black,Size,L,TWESSIE_EU_BT_0207-Obsidian Black-L,168.0,,10
twessie-eu-bt-0207,Econyl Sleek Satin High-Waist Bikini Top in Obsidian Black,<p>Crafted in premium Econyl Sleek Satin with Matte Ribbed Knit accents. This bikini top epitomizes anti-fashion statement luxury. Featuring color-blocking in Obsidian Black and Burnt Terracotta. Perfect for the discerning swimmer who refuses the obvious.</p>,Twessie,Bikini Top,"Econyl Sleek Satin bikini, minimalist bikini top, high-end swimwear, independent fashion, luxury Obsidian Black swimwear",TRUE,Color,Obsidian Black,Size,XL,TWESSIE_EU_BT_0207-Obsidian Black-XL,168.0,,10
twessie-eu-bt-0207,Econyl Sleek Satin High-Waist Bikini Top in Obsidian Black,<p>Crafted in premium Econyl Sleek Satin with Matte Ribbed Knit accents. This bikini top epitomizes anti-fashion statement luxury. Featuring color-blocking in Obsidian Black and Burnt Terracotta. Perfect for the discerning swimmer who refuses the obvious.</p>,Twessie,Bikini Top,"Econyl Sleek Satin bikini, minimalist bikini top, high-end swimwear, independent fashion, luxury Obsidian Black swimwear",TRUE,Color,Obsidian Black,Size,XXL,TWESSIE_EU_BT_0207-Obsidian Black-XXL,168.0,,10
twessie-eu-bt-0207,Econyl Sleek Satin High-Waist Bikini Top in Obsidian Black,<p>Crafted in premium Econyl Sleek Satin with Matte Ribbed Knit accents. This bikini top epitomizes anti-fashion statement luxury. Featuring color-blocking in Obsidian Black and Burnt Terracotta. Perfect for the discerning swimmer who refuses the obvious.</p>,Twessie,Bikini Top,"Econyl Sleek Satin bikini, minimalist bikini top, high-end swimwear, independent fashion, luxury Obsidian Black swimwear",TRUE,Color,Burnt Terracotta,Size,XS,TWESSIE_EU_BT_0207-Burnt Terracotta-XS,168.0,,10
twessie-eu-bt-0207,Econyl Sleek Satin High-Waist Bikini Top in Obsidian Black,<p>Crafted in premium Econyl Sleek Satin with Matte Ribbed Knit accents. This bikini top epitomizes anti-fashion statement luxury. Featuring color-blocking in Obsidian Black and Burnt Terracotta. Perfect for the discerning swimmer who refuses the obvious.</p>,Twessie,Bikini Top,"Econyl Sleek Satin bikini, minimalist bikini top, high-end swimwear, independent fashion, luxury Obsidian Black swimwear",TRUE,Color,Burnt Terracotta,Size,S,TWESSIE_EU_BT_0207-Burnt Terracotta-S,168.0,,10
twessie-eu-bt-0207,Econyl Sleek Satin High-Waist Bikini Top in Obsidian Black,<p>Crafted in premium Econyl Sleek Satin with Matte Ribbed Knit accents. This bikini top epitomizes anti-fashion statement luxury. Featuring color-blocking in Obsidian Black and Burnt Terracotta. Perfect for the discerning swimmer who refuses the obvious.</p>,Twessie,Bikini Top,"Econyl Sleek Satin bikini, minimalist bikini top, high-end swimwear, independent fashion, luxury Obsidian Black swimwear",TRUE,Color,Burnt Terracotta,Size,M,TWESSIE_EU_BT_0207-Burnt Terracotta-M,168.0,,10
twessie-eu-bt-0207,Econyl Sleek Satin High-Waist Bikini Top in Obsidian Black,<p>Crafted in premium Econyl Sleek Satin with Matte Ribbed Knit accents. This bikini top epitomizes anti-fashion statement luxury. Featuring color-blocking in Obsidian Black and Burnt Terracotta. Perfect for the discerning swimmer who refuses the obvious.</p>,Twessie,Bikini Top,"Econyl Sleek Satin bikini, minimalist bikini top, high-end swimwear, independent fashion, luxury Obsidian Black swimwear",TRUE,Color,Burnt Terracotta,Size,L,TWESSIE_EU_BT_0207-Burnt Terracotta-L,168.0,,10
twessie-eu-bt-0207,Econyl Sleek Satin High-Waist Bikini Top in Obsidian Black,<p>Crafted in premium Econyl Sleek Satin with Matte Ribbed Knit accents. This bikini top epitomizes anti-fashion statement luxury. Featuring color-blocking in Obsidian Black and Burnt Terracotta. Perfect for the discerning swimmer who refuses the obvious.</p>,Twessie,Bikini Top,"Econyl Sleek Satin bikini, minimalist bikini top, high-end swimwear, independent fashion, luxury Obsidian Black swimwear",TRUE,Color,Burnt Terracotta,Size,XL,TWESSIE_EU_BT_0207-Burnt Terracotta-XL,168.0,,10
twessie-eu-bt-0207,Econyl Sleek Satin High-Waist Bikini Top in Obsidian Black,<p>Crafted in premium Econyl Sleek Satin with Matte Ribbed Knit accents. This bikini top epitomizes anti-fashion statement luxury. Featuring color-blocking in Obsidian Black and Burnt Terracotta. Perfect for the discerning swimmer who refuses the obvious.</p>,Twessie,Bikini Top,"Econyl Sleek Satin bikini, minimalist bikini top, high-end swimwear, independent fashion, luxury Obsidian Black swimwear",TRUE,Color,Burnt Terracotta,Size,XXL,TWESSIE_EU_BT_0207-Burnt Terracotta-XXL,168.0,,10
twessie-na-bt-0208,Minimalist Obsidian Black Textured Bikini Top,<p>Crafted in premium Econyl Sleek Satin with Matte Ribbed Knit accents. This bikini top epitomizes minimalist luxury luxury. Featuring color-blocking in Obsidian Black and Burnt Terracotta. Perfect for the discerning swimmer who refuses the obvious.</p>,Twessie,Bikini Top,"minimalist bikini top, minimalist luxury, independent fashion, high-end swimwear, Econyl Sleek Satin bikini",TRUE,Color,Obsidian Black,Size,XS,TWESSIE_NA_BT_0208-Obsidian Black-XS,168.0,,10
twessie-na-bt-0208,Minimalist Obsidian Black Textured Bikini Top,<p>Crafted in premium Econyl Sleek Satin with Matte Ribbed Knit accents. This bikini top epitomizes minimalist luxury luxury. Featuring color-blocking in Obsidian Black and Burnt Terracotta. Perfect for the discerning swimmer who refuses the obvious.</p>,Twessie,Bikini Top,"minimalist bikini top, minimalist luxury, independent fashion, high-end swimwear, Econyl Sleek Satin bikini",TRUE,Color,Obsidian Black,Size,S,TWESSIE_NA_BT_0208-Obsidian Black-S,168.0,,10
twessie-na-bt-0208,Minimalist Obsidian Black Textured Bikini Top,<p>Crafted in premium Econyl Sleek Satin with Matte Ribbed Knit accents. This bikini top epitomizes minimalist luxury luxury. Featuring color-blocking in Obsidian Black and Burnt Terracotta. Perfect for the discerning swimmer who refuses the obvious.</p>,Twessie,Bikini Top,"minimalist bikini top, minimalist luxury, independent fashion, high-end swimwear, Econyl Sleek Satin bikini",TRUE,Color,Obsidian Black,Size,M,TWESSIE_NA_BT_0208-Obsidian Black-M,168.0,,10
twessie-na-bt-0208,Minimalist Obsidian Black Textured Bikini Top,<p>Crafted in premium Econyl Sleek Satin with Matte Ribbed Knit accents. This bikini top epitomizes minimalist luxury luxury. Featuring color-blocking in Obsidian Black and Burnt Terracotta. Perfect for the discerning swimmer who refuses the obvious.</p>,Twessie,Bikini Top,"minimalist bikini top, minimalist luxury, independent fashion, high-end swimwear, Econyl Sleek Satin bikini",TRUE,Color,Obsidian Black,Size,L,TWESSIE_NA_BT_0208-Obsidian Black-L,168.0,,10
twessie-na-bt-0208,Minimalist Obsidian Black Textured Bikini Top,<p>Crafted in premium Econyl Sleek Satin with Matte Ribbed Knit accents. This bikini top epitomizes minimalist luxury luxury. Featuring color-blocking in Obsidian Black and Burnt Terracotta. Perfect for the discerning swimmer who refuses the obvious.</p>,Twessie,Bikini Top,"minimalist bikini top, minimalist luxury, independent fashion, high-end swimwear, Econyl Sleek Satin bikini",TRUE,Color,Obsidian Black,Size,XL,TWESSIE_NA_BT_0208-Obsidian Black-XL,168.0,,10
twessie-na-bt-0208,Minimalist Obsidian Black Textured Bikini Top,<p>Crafted in premium Econyl Sleek Satin with Matte Ribbed Knit accents. This bikini top epitomizes minimalist luxury luxury. Featuring color-blocking in Obsidian Black and Burnt Terracotta. Perfect for the discerning swimmer who refuses the obvious.</p>,Twessie,Bikini Top,"minimalist bikini top, minimalist luxury, independent fashion, high-end swimwear, Econyl Sleek Satin bikini",TRUE,Color,Obsidian Black,Size,XXL,TWESSIE_NA_BT_0208-Obsidian Black-XXL,168.0,,10
twessie-na-bt-0208,Minimalist Obsidian Black Textured Bikini Top,<p>Crafted in premium Econyl Sleek Satin with Matte Ribbed Knit accents. This bikini top epitomizes minimalist luxury luxury. Featuring color-blocking in Obsidian Black and Burnt Terracotta. Perfect for the discerning swimmer who refuses the obvious.</p>,Twessie,Bikini Top,"minimalist bikini top, minimalist luxury, independent fashion, high-end swimwear, Econyl Sleek Satin bikini",TRUE,Color,Burnt Terracotta,Size,XS,TWESSIE_NA_BT_0208-Burnt Terracotta-XS,168.0,,10
twessie-na-bt-0208,Minimalist Obsidian Black Textured Bikini Top,<p>Crafted in premium Econyl Sleek Satin with Matte Ribbed Knit accents. This bikini top epitomizes minimalist luxury luxury. Featuring color-blocking in Obsidian Black and Burnt Terracotta. Perfect for the discerning swimmer who refuses the obvious.</p>,Twessie,Bikini Top,"minimalist bikini top, minimalist luxury, independent fashion, high-end swimwear, Econyl Sleek Satin bikini",TRUE,Color,Burnt Terracotta,Size,S,TWESSIE_NA_BT_0208-Burnt Terracotta-S,168.0,,10
twessie-na-bt-0208,Minimalist Obsidian Black Textured Bikini Top,<p>Crafted in premium Econyl Sleek Satin with Matte Ribbed Knit accents. This bikini top epitomizes minimalist luxury luxury. Featuring color-blocking in Obsidian Black and Burnt Terracotta. Perfect for the discerning swimmer who refuses the obvious.</p>,Twessie,Bikini Top,"minimalist bikini top, minimalist luxury, independent fashion, high-end swimwear, Econyl Sleek Satin bikini",TRUE,Color,Burnt Terracotta,Size,M,TWESSIE_NA_BT_0208-Burnt Terracotta-M,168.0,,10
twessie-na-bt-0208,Minimalist Obsidian Black Textured Bikini Top,<p>Crafted in premium Econyl Sleek Satin with Matte Ribbed Knit accents. This bikini top epitomizes minimalist luxury luxury. Featuring color-blocking in Obsidian Black and Burnt Terracotta. Perfect for the discerning swimmer who refuses the obvious.</p>,Twessie,Bikini Top,"minimalist bikini top, minimalist luxury, independent fashion, high-end swimwear, Econyl Sleek Satin bikini",TRUE,Color,Burnt Terracotta,Size,L,TWESSIE_NA_BT_0208-Burnt Terracotta-L,168.0,,10
twessie-na-bt-0208,Minimalist Obsidian Black Textured Bikini Top,<p>Crafted in premium Econyl Sleek Satin with Matte Ribbed Knit accents. This bikini top epitomizes minimalist luxury luxury. Featuring color-blocking in Obsidian Black and Burnt Terracotta. Perfect for the discerning swimmer who refuses the obvious.</p>,Twessie,Bikini Top,"minimalist bikini top, minimalist luxury, independent fashion, high-end swimwear, Econyl Sleek Satin bikini",TRUE,Color,Burnt Terracotta,Size,XL,TWESSIE_NA_BT_0208-Burnt Terracotta-XL,168.0,,10
twessie-na-bt-0208,Minimalist Obsidian Black Textured Bikini Top,<p>Crafted in premium Econyl Sleek Satin with Matte Ribbed Knit accents. This bikini top epitomizes minimalist luxury luxury. Featuring color-blocking in Obsidian Black and Burnt Terracotta. Perfect for the discerning swimmer who refuses the obvious.</p>,Twessie,Bikini Top,"minimalist bikini top, minimalist luxury, independent fashion, high-end swimwear, Econyl Sleek Satin bikini",TRUE,Color,Burnt Terracotta,Size,XXL,TWESSIE_NA_BT_0208-Burnt Terracotta-XXL,168.0,,10
twessie-na-bb-0209,High-Cut Obsidian Black Bikini Brief,<p>Crafted in premium Econyl Sleek Satin with Matte Ribbed Knit accents. This bikini bottom epitomizes architectural elegance luxury. Featuring color-blocking in Obsidian Black and Olive Drab. Perfect for the discerning swimmer who refuses the obvious.</p>,Twessie,Bikini Bottom,"minimalist luxury, high-end swimwear, minimalist bikini bottom, Econyl Sleek Satin bikini, luxury Obsidian Black swimwear",TRUE,Color,Obsidian Black,Size,XS,TWESSIE_NA_BB_0209-Obsidian Black-XS,168.0,,10
twessie-na-bb-0209,High-Cut Obsidian Black Bikini Brief,<p>Crafted in premium Econyl Sleek Satin with Matte Ribbed Knit accents. This bikini bottom epitomizes architectural elegance luxury. Featuring color-blocking in Obsidian Black and Olive Drab. Perfect for the discerning swimmer who refuses the obvious.</p>,Twessie,Bikini Bottom,"minimalist luxury, high-end swimwear, minimalist bikini bottom, Econyl Sleek Satin bikini, luxury Obsidian Black swimwear",TRUE,Color,Obsidian Black,Size,S,TWESSIE_NA_BB_0209-Obsidian Black-S,168.0,,10
twessie-na-bb-0209,High-Cut Obsidian Black Bikini Brief,<p>Crafted in premium Econyl Sleek Satin with Matte Ribbed Knit accents. This bikini bottom epitomizes architectural elegance luxury. Featuring color-blocking in Obsidian Black and Olive Drab. Perfect for the discerning swimmer who refuses the obvious.</p>,Twessie,Bikini Bottom,"minimalist luxury, high-end swimwear, minimalist bikini bottom, Econyl Sleek Satin bikini, luxury Obsidian Black swimwear",TRUE,Color,Obsidian Black,Size,M,TWESSIE_NA_BB_0209-Obsidian Black-M,168.0,,10
twessie-na-bb-0209,High-Cut Obsidian Black Bikini Brief,<p>Crafted in premium Econyl Sleek Satin with Matte Ribbed Knit accents. This bikini bottom epitomizes architectural elegance luxury. Featuring color-blocking in Obsidian Black and Olive Drab. Perfect for the discerning swimmer who refuses the obvious.</p>,Twessie,Bikini Bottom,"minimalist luxury, high-end swimwear, minimalist bikini bottom, Econyl Sleek Satin bikini, luxury Obsidian Black swimwear",TRUE,Color,Obsidian Black,Size,L,TWESSIE_NA_BB_0209-Obsidian Black-L,168.0,,10
twessie-na-bb-0209,High-Cut Obsidian Black Bikini Brief,<p>Crafted in premium Econyl Sleek Satin with Matte Ribbed Knit accents. This bikini bottom epitomizes architectural elegance luxury. Featuring color-blocking in Obsidian Black and Olive Drab. Perfect for the discerning swimmer who refuses the obvious.</p>,Twessie,Bikini Bottom,"minimalist luxury, high-end swimwear, minimalist bikini bottom, Econyl Sleek Satin bikini, luxury Obsidian Black swimwear",TRUE,Color,Obsidian Black,Size,XL,TWESSIE_NA_BB_0209-Obsidian Black-XL,168.0,,10
twessie-na-bb-0209,High-Cut Obsidian Black Bikini Brief,<p>Crafted in premium Econyl Sleek Satin with Matte Ribbed Knit accents. This bikini bottom epitomizes architectural elegance luxury. Featuring color-blocking in Obsidian Black and Olive Drab. Perfect for the discerning swimmer who refuses the obvious.</p>,Twessie,Bikini Bottom,"minimalist luxury, high-end swimwear, minimalist bikini bottom, Econyl Sleek Satin bikini, luxury Obsidian Black swimwear",TRUE,Color,Obsidian Black,Size,XXL,TWESSIE_NA_BB_0209-Obsidian Black-XXL,168.0,,10
twessie-na-bb-0209,High-Cut Obsidian Black Bikini Brief,<p>Crafted in premium Econyl Sleek Satin with Matte Ribbed Knit accents. This bikini bottom epitomizes architectural elegance luxury. Featuring color-blocking in Obsidian Black and Olive Drab. Perfect for the discerning swimmer who refuses the obvious.</p>,Twessie,Bikini Bottom,"minimalist luxury, high-end swimwear, minimalist bikini bottom, Econyl Sleek Satin bikini, luxury Obsidian Black swimwear",TRUE,Color,Olive Drab,Size,XS,TWESSIE_NA_BB_0209-Olive Drab-XS,168.0,,10
twessie-na-bb-0209,High-Cut Obsidian Black Bikini Brief,<p>Crafted in premium Econyl Sleek Satin with Matte Ribbed Knit accents. This bikini bottom epitomizes architectural elegance luxury. Featuring color-blocking in Obsidian Black and Olive Drab. Perfect for the discerning swimmer who refuses the obvious.</p>,Twessie,Bikini Bottom,"minimalist luxury, high-end swimwear, minimalist bikini bottom, Econyl Sleek Satin bikini, luxury Obsidian Black swimwear",TRUE,Color,Olive Drab,Size,S,TWESSIE_NA_BB_0209-Olive Drab-S,168.0,,10
twessie-na-bb-0209,High-Cut Obsidian Black Bikini Brief,<p>Crafted in premium Econyl Sleek Satin with Matte Ribbed Knit accents. This bikini bottom epitomizes architectural elegance luxury. Featuring color-blocking in Obsidian Black and Olive Drab. Perfect for the discerning swimmer who refuses the obvious.</p>,Twessie,Bikini Bottom,"minimalist luxury, high-end swimwear, minimalist bikini bottom, Econyl Sleek Satin bikini, luxury Obsidian Black swimwear",TRUE,Color,Olive Drab,Size,M,TWESSIE_NA_BB_0209-Olive Drab-M,168.0,,10
twessie-na-bb-0209,High-Cut Obsidian Black Bikini Brief,<p>Crafted in premium Econyl Sleek Satin with Matte Ribbed Knit accents. This bikini bottom epitomizes architectural elegance luxury. Featuring color-blocking in Obsidian Black and Olive Drab. Perfect for the discerning swimmer who refuses the obvious.</p>,Twessie,Bikini Bottom,"minimalist luxury, high-end swimwear, minimalist bikini bottom, Econyl Sleek Satin bikini, luxury Obsidian Black swimwear",TRUE,Color,Olive Drab,Size,L,TWESSIE_NA_BB_0209-Olive Drab-L,168.0,,10
twessie-na-bb-0209,High-Cut Obsidian Black Bikini Brief,<p>Crafted in premium Econyl Sleek Satin with Matte Ribbed Knit accents. This bikini bottom epitomizes architectural elegance luxury. Featuring color-blocking in Obsidian Black and Olive Drab. Perfect for the discerning swimmer who refuses the obvious.</p>,Twessie,Bikini Bottom,"minimalist luxury, high-end swimwear, minimalist bikini bottom, Econyl Sleek Satin bikini, luxury Obsidian Black swimwear",TRUE,Color,Olive Drab,Size,XL,TWESSIE_NA_BB_0209-Olive Drab-XL,168.0,,10
twessie-na-bb-0209,High-Cut Obsidian Black Bikini Brief,<p>Crafted in premium Econyl Sleek Satin with Matte Ribbed Knit accents. This bikini bottom epitomizes architectural elegance luxury. Featuring color-blocking in Obsidian Black and Olive Drab. Perfect for the discerning swimmer who refuses the obvious.</p>,Twessie,Bikini Bottom,"minimalist luxury, high-end swimwear, minimalist bikini bottom, Econyl Sleek Satin bikini, luxury Obsidian Black swimwear",TRUE,Color,Olive Drab,Size,XXL,TWESSIE_NA_BB_0209-Olive Drab-XXL,168.0,,10
twessie-sg-bt-0210,Obsidian Black Sculptural Econyl Sleek Satin Bikini Top,"<p>Econyl Sleek Satin construction meets architectural precision in this bikini top. Designed for the intelligent, independent woman. The Obsidian Black colorway with Stone Gray accents creates a sophisticated palette. Pure rebellious yet refined elegance.</p>",Twessie,Bikini Top,"independent fashion, Econyl Sleek Satin bikini, minimalist luxury, minimalist bikini top, high-end swimwear",TRUE,Color,Obsidian Black,Size,XS,TWESSIE_SG_BT_0210-Obsidian Black-XS,168.0,,10
twessie-sg-bt-0210,Obsidian Black Sculptural Econyl Sleek Satin Bikini Top,"<p>Econyl Sleek Satin construction meets architectural precision in this bikini top. Designed for the intelligent, independent woman. The Obsidian Black colorway with Stone Gray accents creates a sophisticated palette. Pure rebellious yet refined elegance.</p>",Twessie,Bikini Top,"independent fashion, Econyl Sleek Satin bikini, minimalist luxury, minimalist bikini top, high-end swimwear",TRUE,Color,Obsidian Black,Size,S,TWESSIE_SG_BT_0210-Obsidian Black-S,168.0,,10
twessie-sg-bt-0210,Obsidian Black Sculptural Econyl Sleek Satin Bikini Top,"<p>Econyl Sleek Satin construction meets architectural precision in this bikini top. Designed for the intelligent, independent woman. The Obsidian Black colorway with Stone Gray accents creates a sophisticated palette. Pure rebellious yet refined elegance.</p>",Twessie,Bikini Top,"independent fashion, Econyl Sleek Satin bikini, minimalist luxury, minimalist bikini top, high-end swimwear",TRUE,Color,Obsidian Black,Size,M,TWESSIE_SG_BT_0210-Obsidian Black-M,168.0,,10
twessie-sg-bt-0210,Obsidian Black Sculptural Econyl Sleek Satin Bikini Top,"<p>Econyl Sleek Satin construction meets architectural precision in this bikini top. Designed for the intelligent, independent woman. The Obsidian Black colorway with Stone Gray accents creates a sophisticated palette. Pure rebellious yet refined elegance.</p>",Twessie,Bikini Top,"independent fashion, Econyl Sleek Satin bikini, minimalist luxury, minimalist bikini top, high-end swimwear",TRUE,Color,Obsidian Black,Size,L,TWESSIE_SG_BT_0210-Obsidian Black-L,168.0,,10
twessie-sg-bt-0210,Obsidian Black Sculptural Econyl Sleek Satin Bikini Top,"<p>Econyl Sleek Satin construction meets architectural precision in this bikini top. Designed for the intelligent, independent woman. The Obsidian Black colorway with Stone Gray accents creates a sophisticated palette. Pure rebellious yet refined elegance.</p>",Twessie,Bikini Top,"independent fashion, Econyl Sleek Satin bikini, minimalist luxury, minimalist bikini top, high-end swimwear",TRUE,Color,Obsidian Black,Size,XL,TWESSIE_SG_BT_0210-Obsidian Black-XL,168.0,,10
twessie-sg-bt-0210,Obsidian Black Sculptural Econyl Sleek Satin Bikini Top,"<p>Econyl Sleek Satin construction meets architectural precision in this bikini top. Designed for the intelligent, independent woman. The Obsidian Black colorway with Stone Gray accents creates a sophisticated palette. Pure rebellious yet refined elegance.</p>",Twessie,Bikini Top,"independent fashion, Econyl Sleek Satin bikini, minimalist luxury, minimalist bikini top, high-end swimwear",TRUE,Color,Obsidian Black,Size,XXL,TWESSIE_SG_BT_0210-Obsidian Black-XXL,168.0,,10
twessie-sg-bt-0210,Obsidian Black Sculptural Econyl Sleek Satin Bikini Top,"<p>Econyl Sleek Satin construction meets architectural precision in this bikini top. Designed for the intelligent, independent woman. The Obsidian Black colorway with Stone Gray accents creates a sophisticated palette. Pure rebellious yet refined elegance.</p>",Twessie,Bikini Top,"independent fashion, Econyl Sleek Satin bikini, minimalist luxury, minimalist bikini top, high-end swimwear",TRUE,Color,Stone Gray,Size,XS,TWESSIE_SG_BT_0210-Stone Gray-XS,168.0,,10
twessie-sg-bt-0210,Obsidian Black Sculptural Econyl Sleek Satin Bikini Top,"<p>Econyl Sleek Satin construction meets architectural precision in this bikini top. Designed for the intelligent, independent woman. The Obsidian Black colorway with Stone Gray accents creates a sophisticated palette. Pure rebellious yet refined elegance.</p>",Twessie,Bikini Top,"independent fashion, Econyl Sleek Satin bikini, minimalist luxury, minimalist bikini top, high-end swimwear",TRUE,Color,Stone Gray,Size,S,TWESSIE_SG_BT_0210-Stone Gray-S,168.0,,10
twessie-sg-bt-0210,Obsidian Black Sculptural Econyl Sleek Satin Bikini Top,"<p>Econyl Sleek Satin construction meets architectural precision in this bikini top. Designed for the intelligent, independent woman. The Obsidian Black colorway with Stone Gray accents creates a sophisticated palette. Pure rebellious yet refined elegance.</p>",Twessie,Bikini Top,"independent fashion, Econyl Sleek Satin bikini, minimalist luxury, minimalist bikini top, high-end swimwear",TRUE,Color,Stone Gray,Size,M,TWESSIE_SG_BT_0210-Stone Gray-M,168.0,,10
twessie-sg-bt-0210,Obsidian Black Sculptural Econyl Sleek Satin Bikini Top,"<p>Econyl Sleek Satin construction meets architectural precision in this bikini top. Designed for the intelligent, independent woman. The Obsidian Black colorway with Stone Gray accents creates a sophisticated palette. Pure rebellious yet refined elegance.</p>",Twessie,Bikini Top,"independent fashion, Econyl Sleek Satin bikini, minimalist luxury, minimalist bikini top, high-end swimwear",TRUE,Color,Stone Gray,Size,L,TWESSIE_SG_BT_0210-Stone Gray-L,168.0,,10
twessie-sg-bt-0210,Obsidian Black Sculptural Econyl Sleek Satin Bikini Top,"<p>Econyl Sleek Satin construction meets architectural precision in this bikini top. Designed for the intelligent, independent woman. The Obsidian Black colorway with Stone Gray accents creates a sophisticated palette. Pure rebellious yet refined elegance.</p>",Twessie,Bikini Top,"independent fashion, Econyl Sleek Satin bikini, minimalist luxury, minimalist bikini top, high-end swimwear",TRUE,Color,Stone Gray,Size,XL,TWESSIE_SG_BT_0210-Stone Gray-XL,168.0,,10
twessie-sg-bt-0210,Obsidian Black Sculptural Econyl Sleek Satin Bikini Top,"<p>Econyl Sleek Satin construction meets architectural precision in this bikini top. Designed for the intelligent, independent woman. The Obsidian Black colorway with Stone Gray accents creates a sophisticated palette. Pure rebellious yet refined elegance.</p>",Twessie,Bikini Top,"independent fashion, Econyl Sleek Satin bikini, minimalist luxury, minimalist bikini top, high-end swimwear",TRUE,Color,Stone Gray,Size,XXL,TWESSIE_SG_BT_0210-Stone Gray-XXL,168.0,,10
twessie-au-bt-0301,Econyl Sleek Satin High-Waist Bikini Top in Obsidian Black,<p>Crafted in premium Econyl Sleek Satin with Crinkled Seersucker accents. This bikini top epitomizes minimalist luxury luxury. Featuring color-blocking in Obsidian Black and Chalk White. Perfect for the discerning swimmer who refuses the obvious.</p>,Twessie,Bikini Top,"architectural swimsuit, minimalist bikini top, minimalist luxury, luxury Obsidian Black swimwear, Econyl Sleek Satin bikini",TRUE,Color,Obsidian Black,Size,XS,TWESSIE_AU_BT_0301-Obsidian Black-XS,168.0,,10
twessie-au-bt-0301,Econyl Sleek Satin High-Waist Bikini Top in Obsidian Black,<p>Crafted in premium Econyl Sleek Satin with Crinkled Seersucker accents. This bikini top epitomizes minimalist luxury luxury. Featuring color-blocking in Obsidian Black and Chalk White. Perfect for the discerning swimmer who refuses the obvious.</p>,Twessie,Bikini Top,"architectural swimsuit, minimalist bikini top, minimalist luxury, luxury Obsidian Black swimwear, Econyl Sleek Satin bikini",TRUE,Color,Obsidian Black,Size,S,TWESSIE_AU_BT_0301-Obsidian Black-S,168.0,,10
twessie-au-bt-0301,Econyl Sleek Satin High-Waist Bikini Top in Obsidian Black,<p>Crafted in premium Econyl Sleek Satin with Crinkled Seersucker accents. This bikini top epitomizes minimalist luxury luxury. Featuring color-blocking in Obsidian Black and Chalk White. Perfect for the discerning swimmer who refuses the obvious.</p>,Twessie,Bikini Top,"architectural swimsuit, minimalist bikini top, minimalist luxury, luxury Obsidian Black swimwear, Econyl Sleek Satin bikini",TRUE,Color,Obsidian Black,Size,M,TWESSIE_AU_BT_0301-Obsidian Black-M,168.0,,10
twessie-au-bt-0301,Econyl Sleek Satin High-Waist Bikini Top in Obsidian Black,<p>Crafted in premium Econyl Sleek Satin with Crinkled Seersucker accents. This bikini top epitomizes minimalist luxury luxury. Featuring color-blocking in Obsidian Black and Chalk White. Perfect for the discerning swimmer who refuses the obvious.</p>,Twessie,Bikini Top,"architectural swimsuit, minimalist bikini top, minimalist luxury, luxury Obsidian Black swimwear, Econyl Sleek Satin bikini",TRUE,Color,Obsidian Black,Size,L,TWESSIE_AU_BT_0301-Obsidian Black-L,168.0,,10
twessie-au-bt-0301,Econyl Sleek Satin High-Waist Bikini Top in Obsidian Black,<p>Crafted in premium Econyl Sleek Satin with Crinkled Seersucker accents. This bikini top epitomizes minimalist luxury luxury. Featuring color-blocking in Obsidian Black and Chalk White. Perfect for the discerning swimmer who refuses the obvious.</p>,Twessie,Bikini Top,"architectural swimsuit, minimalist bikini top, minimalist luxury, luxury Obsidian Black swimwear, Econyl Sleek Satin bikini",TRUE,Color,Obsidian Black,Size,XL,TWESSIE_AU_BT_0301-Obsidian Black-XL,168.0,,10
twessie-au-bt-0301,Econyl Sleek Satin High-Waist Bikini Top in Obsidian Black,<p>Crafted in premium Econyl Sleek Satin with Crinkled Seersucker accents. This bikini top epitomizes minimalist luxury luxury. Featuring color-blocking in Obsidian Black and Chalk White. Perfect for the discerning swimmer who refuses the obvious.</p>,Twessie,Bikini Top,"architectural swimsuit, minimalist bikini top, minimalist luxury, luxury Obsidian Black swimwear, Econyl Sleek Satin bikini",TRUE,Color,Obsidian Black,Size,XXL,TWESSIE_AU_BT_0301-Obsidian Black-XXL,168.0,,10
twessie-au-bt-0301,Econyl Sleek Satin High-Waist Bikini Top in Obsidian Black,<p>Crafted in premium Econyl Sleek Satin with Crinkled Seersucker accents. This bikini top epitomizes minimalist luxury luxury. Featuring color-blocking in Obsidian Black and Chalk White. Perfect for the discerning swimmer who refuses the obvious.</p>,Twessie,Bikini Top,"architectural swimsuit, minimalist bikini top, minimalist luxury, luxury Obsidian Black swimwear, Econyl Sleek Satin bikini",TRUE,Color,Chalk White,Size,XS,TWESSIE_AU_BT_0301-Chalk White-XS,168.0,,10
twessie-au-bt-0301,Econyl Sleek Satin High-Waist Bikini Top in Obsidian Black,<p>Crafted in premium Econyl Sleek Satin with Crinkled Seersucker accents. This bikini top epitomizes minimalist luxury luxury. Featuring color-blocking in Obsidian Black and Chalk White. Perfect for the discerning swimmer who refuses the obvious.</p>,Twessie,Bikini Top,"architectural swimsuit, minimalist bikini top, minimalist luxury, luxury Obsidian Black swimwear, Econyl Sleek Satin bikini",TRUE,Color,Chalk White,Size,S,TWESSIE_AU_BT_0301-Chalk White-S,168.0,,10
twessie-au-bt-0301,Econyl Sleek Satin High-Waist Bikini Top in Obsidian Black,<p>Crafted in premium Econyl Sleek Satin with Crinkled Seersucker accents. This bikini top epitomizes minimalist luxury luxury. Featuring color-blocking in Obsidian Black and Chalk White. Perfect for the discerning swimmer who refuses the obvious.</p>,Twessie,Bikini Top,"architectural swimsuit, minimalist bikini top, minimalist luxury, luxury Obsidian Black swimwear, Econyl Sleek Satin bikini",TRUE,Color,Chalk White,Size,M,TWESSIE_AU_BT_0301-Chalk White-M,168.0,,10
twessie-au-bt-0301,Econyl Sleek Satin High-Waist Bikini Top in Obsidian Black,<p>Crafted in premium Econyl Sleek Satin with Crinkled Seersucker accents. This bikini top epitomizes minimalist luxury luxury. Featuring color-blocking in Obsidian Black and Chalk White. Perfect for the discerning swimmer who refuses the obvious.</p>,Twessie,Bikini Top,"architectural swimsuit, minimalist bikini top, minimalist luxury, luxury Obsidian Black swimwear, Econyl Sleek Satin bikini",TRUE,Color,Chalk White,Size,L,TWESSIE_AU_BT_0301-Chalk White-L,168.0,,10
twessie-au-bt-0301,Econyl Sleek Satin High-Waist Bikini Top in Obsidian Black,<p>Crafted in premium Econyl Sleek Satin with Crinkled Seersucker accents. This bikini top epitomizes minimalist luxury luxury. Featuring color-blocking in Obsidian Black and Chalk White. Perfect for the discerning swimmer who refuses the obvious.</p>,Twessie,Bikini Top,"architectural swimsuit, minimalist bikini top, minimalist luxury, luxury Obsidian Black swimwear, Econyl Sleek Satin bikini",TRUE,Color,Chalk White,Size,XL,TWESSIE_AU_BT_0301-Chalk White-XL,168.0,,10
twessie-au-bt-0301,Econyl Sleek Satin High-Waist Bikini Top in Obsidian Black,<p>Crafted in premium Econyl Sleek Satin with Crinkled Seersucker accents. This bikini top epitomizes minimalist luxury luxury. Featuring color-blocking in Obsidian Black and Chalk White. Perfect for the discerning swimmer who refuses the obvious.</p>,Twessie,Bikini Top,"architectural swimsuit, minimalist bikini top, minimalist luxury, luxury Obsidian Black swimwear, Econyl Sleek Satin bikini",TRUE,Color,Chalk White,Size,XXL,TWESSIE_AU_BT_0301-Chalk White-XXL,168.0,,10
twessie-na-bt-0302,Architecture-Cut Olive Drab Bikini Top,<p>A statement piece in Matte Ribbed Knit. This bikini top combines rebellious yet refined design with impeccable craftsmanship. Available in Olive Drab with Burnt Terracotta detailing. Not loud. Not obvious. Unmistakably Twessie.</p>,Twessie,Bikini Top,"high-end swimwear, minimalist luxury, luxury Olive Drab swimwear, architectural swimsuit, Matte Ribbed Knit bikini",TRUE,Color,Olive Drab,Size,XS,TWESSIE_NA_BT_0302-Olive Drab-XS,168.0,,10
twessie-na-bt-0302,Architecture-Cut Olive Drab Bikini Top,<p>A statement piece in Matte Ribbed Knit. This bikini top combines rebellious yet refined design with impeccable craftsmanship. Available in Olive Drab with Burnt Terracotta detailing. Not loud. Not obvious. Unmistakably Twessie.</p>,Twessie,Bikini Top,"high-end swimwear, minimalist luxury, luxury Olive Drab swimwear, architectural swimsuit, Matte Ribbed Knit bikini",TRUE,Color,Olive Drab,Size,S,TWESSIE_NA_BT_0302-Olive Drab-S,168.0,,10
twessie-na-bt-0302,Architecture-Cut Olive Drab Bikini Top,<p>A statement piece in Matte Ribbed Knit. This bikini top combines rebellious yet refined design with impeccable craftsmanship. Available in Olive Drab with Burnt Terracotta detailing. Not loud. Not obvious. Unmistakably Twessie.</p>,Twessie,Bikini Top,"high-end swimwear, minimalist luxury, luxury Olive Drab swimwear, architectural swimsuit, Matte Ribbed Knit bikini",TRUE,Color,Olive Drab,Size,M,TWESSIE_NA_BT_0302-Olive Drab-M,168.0,,10
twessie-na-bt-0302,Architecture-Cut Olive Drab Bikini Top,<p>A statement piece in Matte Ribbed Knit. This bikini top combines rebellious yet refined design with impeccable craftsmanship. Available in Olive Drab with Burnt Terracotta detailing. Not loud. Not obvious. Unmistakably Twessie.</p>,Twessie,Bikini Top,"high-end swimwear, minimalist luxury, luxury Olive Drab swimwear, architectural swimsuit, Matte Ribbed Knit bikini",TRUE,Color,Olive Drab,Size,L,TWESSIE_NA_BT_0302-Olive Drab-L,168.0,,10
twessie-na-bt-0302,Architecture-Cut Olive Drab Bikini Top,<p>A statement piece in Matte Ribbed Knit. This bikini top combines rebellious yet refined design with impeccable craftsmanship. Available in Olive Drab with Burnt Terracotta detailing. Not loud. Not obvious. Unmistakably Twessie.</p>,Twessie,Bikini Top,"high-end swimwear, minimalist luxury, luxury Olive Drab swimwear, architectural swimsuit, Matte Ribbed Knit bikini",TRUE,Color,Olive Drab,Size,XL,TWESSIE_NA_BT_0302-Olive Drab-XL,168.0,,10
twessie-na-bt-0302,Architecture-Cut Olive Drab Bikini Top,<p>A statement piece in Matte Ribbed Knit. This bikini top combines rebellious yet refined design with impeccable craftsmanship. Available in Olive Drab with Burnt Terracotta detailing. Not loud. Not obvious. Unmistakably Twessie.</p>,Twessie,Bikini Top,"high-end swimwear, minimalist luxury, luxury Olive Drab swimwear, architectural swimsuit, Matte Ribbed Knit bikini",TRUE,Color,Olive Drab,Size,XXL,TWESSIE_NA_BT_0302-Olive Drab-XXL,168.0,,10
twessie-na-bt-0302,Architecture-Cut Olive Drab Bikini Top,<p>A statement piece in Matte Ribbed Knit. This bikini top combines rebellious yet refined design with impeccable craftsmanship. Available in Olive Drab with Burnt Terracotta detailing. Not loud. Not obvious. Unmistakably Twessie.</p>,Twessie,Bikini Top,"high-end swimwear, minimalist luxury, luxury Olive Drab swimwear, architectural swimsuit, Matte Ribbed Knit bikini",TRUE,Color,Burnt Terracotta,Size,XS,TWESSIE_NA_BT_0302-Burnt Terracotta-XS,168.0,,10
twessie-na-bt-0302,Architecture-Cut Olive Drab Bikini Top,<p>A statement piece in Matte Ribbed Knit. This bikini top combines rebellious yet refined design with impeccable craftsmanship. Available in Olive Drab with Burnt Terracotta detailing. Not loud. Not obvious. Unmistakably Twessie.</p>,Twessie,Bikini Top,"high-end swimwear, minimalist luxury, luxury Olive Drab swimwear, architectural swimsuit, Matte Ribbed Knit bikini",TRUE,Color,Burnt Terracotta,Size,S,TWESSIE_NA_BT_0302-Burnt Terracotta-S,168.0,,10
twessie-na-bt-0302,Architecture-Cut Olive Drab Bikini Top,<p>A statement piece in Matte Ribbed Knit. This bikini top combines rebellious yet refined design with impeccable craftsmanship. Available in Olive Drab with Burnt Terracotta detailing. Not loud. Not obvious. Unmistakably Twessie.</p>,Twessie,Bikini Top,"high-end swimwear, minimalist luxury, luxury Olive Drab swimwear, architectural swimsuit, Matte Ribbed Knit bikini",TRUE,Color,Burnt Terracotta,Size,M,TWESSIE_NA_BT_0302-Burnt Terracotta-M,168.0,,10
twessie-na-bt-0302,Architecture-Cut Olive Drab Bikini Top,<p>A statement piece in Matte Ribbed Knit. This bikini top combines rebellious yet refined design with impeccable craftsmanship. Available in Olive Drab with Burnt Terracotta detailing. Not loud. Not obvious. Unmistakably Twessie.</p>,Twessie,Bikini Top,"high-end swimwear, minimalist luxury, luxury Olive Drab swimwear, architectural swimsuit, Matte Ribbed Knit bikini",TRUE,Color,Burnt Terracotta,Size,L,TWESSIE_NA_BT_0302-Burnt Terracotta-L,168.0,,10
twessie-na-bt-0302,Architecture-Cut Olive Drab Bikini Top,<p>A statement piece in Matte Ribbed Knit. This bikini top combines rebellious yet refined design with impeccable craftsmanship. Available in Olive Drab with Burnt Terracotta detailing. Not loud. Not obvious. Unmistakably Twessie.</p>,Twessie,Bikini Top,"high-end swimwear, minimalist luxury, luxury Olive Drab swimwear, architectural swimsuit, Matte Ribbed Knit bikini",TRUE,Color,Burnt Terracotta,Size,XL,TWESSIE_NA_BT_0302-Burnt Terracotta-XL,168.0,,10
twessie-na-bt-0302,Architecture-Cut Olive Drab Bikini Top,<p>A statement piece in Matte Ribbed Knit. This bikini top combines rebellious yet refined design with impeccable craftsmanship. Available in Olive Drab with Burnt Terracotta detailing. Not loud. Not obvious. Unmistakably Twessie.</p>,Twessie,Bikini Top,"high-end swimwear, minimalist luxury, luxury Olive Drab swimwear, architectural swimsuit, Matte Ribbed Knit bikini",TRUE,Color,Burnt Terracotta,Size,XXL,TWESSIE_NA_BT_0302-Burnt Terracotta-XXL,168.0,,10
twessie-na-bt-0303,Minimalist Chalk White Textured Bikini Top,<p>Crafted in premium Crinkled Seersucker with Matte Ribbed Knit accents. This bikini top epitomizes intelligent aesthetic luxury. Featuring color-blocking in Chalk White and Stone Gray. Perfect for the discerning swimmer who refuses the obvious.</p>,Twessie,Bikini Top,"luxury Chalk White swimwear, minimalist bikini top, architectural swimsuit, Crinkled Seersucker bikini, high-end swimwear",TRUE,Color,Chalk White,Size,XS,TWESSIE_NA_BT_0303-Chalk White-XS,168.0,,10
twessie-na-bt-0303,Minimalist Chalk White Textured Bikini Top,<p>Crafted in premium Crinkled Seersucker with Matte Ribbed Knit accents. This bikini top epitomizes intelligent aesthetic luxury. Featuring color-blocking in Chalk White and Stone Gray. Perfect for the discerning swimmer who refuses the obvious.</p>,Twessie,Bikini Top,"luxury Chalk White swimwear, minimalist bikini top, architectural swimsuit, Crinkled Seersucker bikini, high-end swimwear",TRUE,Color,Chalk White,Size,S,TWESSIE_NA_BT_0303-Chalk White-S,168.0,,10
twessie-na-bt-0303,Minimalist Chalk White Textured Bikini Top,<p>Crafted in premium Crinkled Seersucker with Matte Ribbed Knit accents. This bikini top epitomizes intelligent aesthetic luxury. Featuring color-blocking in Chalk White and Stone Gray. Perfect for the discerning swimmer who refuses the obvious.</p>,Twessie,Bikini Top,"luxury Chalk White swimwear, minimalist bikini top, architectural swimsuit, Crinkled Seersucker bikini, high-end swimwear",TRUE,Color,Chalk White,Size,M,TWESSIE_NA_BT_0303-Chalk White-M,168.0,,10
twessie-na-bt-0303,Minimalist Chalk White Textured Bikini Top,<p>Crafted in premium Crinkled Seersucker with Matte Ribbed Knit accents. This bikini top epitomizes intelligent aesthetic luxury. Featuring color-blocking in Chalk White and Stone Gray. Perfect for the discerning swimmer who refuses the obvious.</p>,Twessie,Bikini Top,"luxury Chalk White swimwear, minimalist bikini top, architectural swimsuit, Crinkled Seersucker bikini, high-end swimwear",TRUE,Color,Chalk White,Size,L,TWESSIE_NA_BT_0303-Chalk White-L,168.0,,10
twessie-na-bt-0303,Minimalist Chalk White Textured Bikini Top,<p>Crafted in premium Crinkled Seersucker with Matte Ribbed Knit accents. This bikini top epitomizes intelligent aesthetic luxury. Featuring color-blocking in Chalk White and Stone Gray. Perfect for the discerning swimmer who refuses the obvious.</p>,Twessie,Bikini Top,"luxury Chalk White swimwear, minimalist bikini top, architectural swimsuit, Crinkled Seersucker bikini, high-end swimwear",TRUE,Color,Chalk White,Size,XL,TWESSIE_NA_BT_0303-Chalk White-XL,168.0,,10
twessie-na-bt-0303,Minimalist Chalk White Textured Bikini Top,<p>Crafted in premium Crinkled Seersucker with Matte Ribbed Knit accents. This bikini top epitomizes intelligent aesthetic luxury. Featuring color-blocking in Chalk White and Stone Gray. Perfect for the discerning swimmer who refuses the obvious.</p>,Twessie,Bikini Top,"luxury Chalk White swimwear, minimalist bikini top, architectural swimsuit, Crinkled Seersucker bikini, high-end swimwear",TRUE,Color,Chalk White,Size,XXL,TWESSIE_NA_BT_0303-Chalk White-XXL,168.0,,10
twessie-na-bt-0303,Minimalist Chalk White Textured Bikini Top,<p>Crafted in premium Crinkled Seersucker with Matte Ribbed Knit accents. This bikini top epitomizes intelligent aesthetic luxury. Featuring color-blocking in Chalk White and Stone Gray. Perfect for the discerning swimmer who refuses the obvious.</p>,Twessie,Bikini Top,"luxury Chalk White swimwear, minimalist bikini top, architectural swimsuit, Crinkled Seersucker bikini, high-end swimwear",TRUE,Color,Stone Gray,Size,XS,TWESSIE_NA_BT_0303-Stone Gray-XS,168.0,,10
twessie-na-bt-0303,Minimalist Chalk White Textured Bikini Top,<p>Crafted in premium Crinkled Seersucker with Matte Ribbed Knit accents. This bikini top epitomizes intelligent aesthetic luxury. Featuring color-blocking in Chalk White and Stone Gray. Perfect for the discerning swimmer who refuses the obvious.</p>,Twessie,Bikini Top,"luxury Chalk White swimwear, minimalist bikini top, architectural swimsuit, Crinkled Seersucker bikini, high-end swimwear",TRUE,Color,Stone Gray,Size,S,TWESSIE_NA_BT_0303-Stone Gray-S,168.0,,10
twessie-na-bt-0303,Minimalist Chalk White Textured Bikini Top,<p>Crafted in premium Crinkled Seersucker with Matte Ribbed Knit accents. This bikini top epitomizes intelligent aesthetic luxury. Featuring color-blocking in Chalk White and Stone Gray. Perfect for the discerning swimmer who refuses the obvious.</p>,Twessie,Bikini Top,"luxury Chalk White swimwear, minimalist bikini top, architectural swimsuit, Crinkled Seersucker bikini, high-end swimwear",TRUE,Color,Stone Gray,Size,M,TWESSIE_NA_BT_0303-Stone Gray-M,168.0,,10
twessie-na-bt-0303,Minimalist Chalk White Textured Bikini Top,<p>Crafted in premium Crinkled Seersucker with Matte Ribbed Knit accents. This bikini top epitomizes intelligent aesthetic luxury. Featuring color-blocking in Chalk White and Stone Gray. Perfect for the discerning swimmer who refuses the obvious.</p>,Twessie,Bikini Top,"luxury Chalk White swimwear, minimalist bikini top, architectural swimsuit, Crinkled Seersucker bikini, high-end swimwear",TRUE,Color,Stone Gray,Size,L,TWESSIE_NA_BT_0303-Stone Gray-L,168.0,,10
twessie-na-bt-0303,Minimalist Chalk White Textured Bikini Top,<p>Crafted in premium Crinkled Seersucker with Matte Ribbed Knit accents. This bikini top epitomizes intelligent aesthetic luxury. Featuring color-blocking in Chalk White and Stone Gray. Perfect for the discerning swimmer who refuses the obvious.</p>,Twessie,Bikini Top,"luxury Chalk White swimwear, minimalist bikini top, architectural swimsuit, Crinkled Seersucker bikini, high-end swimwear",TRUE,Color,Stone Gray,Size,XL,TWESSIE_NA_BT_0303-Stone Gray-XL,168.0,,10
twessie-na-bt-0303,Minimalist Chalk White Textured Bikini Top,<p>Crafted in premium Crinkled Seersucker with Matte Ribbed Knit accents. This bikini top epitomizes intelligent aesthetic luxury. Featuring color-blocking in Chalk White and Stone Gray. Perfect for the discerning swimmer who refuses the obvious.</p>,Twessie,Bikini Top,"luxury Chalk White swimwear, minimalist bikini top, architectural swimsuit, Crinkled Seersucker bikini, high-end swimwear",TRUE,Color,Stone Gray,Size,XXL,TWESSIE_NA_BT_0303-Stone Gray-XXL,168.0,,10
twessie-jp-bb-0304,Structural Econyl Sleek Satin Bikini Bottom,"<p>Econyl Sleek Satin construction meets architectural precision in this bikini bottom. Designed for the intelligent, independent woman. The Obsidian Black colorway with Chalk White accents creates a sophisticated palette. Pure minimalist luxury elegance.</p>",Twessie,Bikini Bottom,"minimalist luxury, Econyl Sleek Satin bikini, independent fashion, high-end swimwear, luxury Obsidian Black swimwear",TRUE,Color,Obsidian Black,Size,XS,TWESSIE_JP_BB_0304-Obsidian Black-XS,168.0,,10
twessie-jp-bb-0304,Structural Econyl Sleek Satin Bikini Bottom,"<p>Econyl Sleek Satin construction meets architectural precision in this bikini bottom. Designed for the intelligent, independent woman. The Obsidian Black colorway with Chalk White accents creates a sophisticated palette. Pure minimalist luxury elegance.</p>",Twessie,Bikini Bottom,"minimalist luxury, Econyl Sleek Satin bikini, independent fashion, high-end swimwear, luxury Obsidian Black swimwear",TRUE,Color,Obsidian Black,Size,S,TWESSIE_JP_BB_0304-Obsidian Black-S,168.0,,10
twessie-jp-bb-0304,Structural Econyl Sleek Satin Bikini Bottom,"<p>Econyl Sleek Satin construction meets architectural precision in this bikini bottom. Designed for the intelligent, independent woman. The Obsidian Black colorway with Chalk White accents creates a sophisticated palette. Pure minimalist luxury elegance.</p>",Twessie,Bikini Bottom,"minimalist luxury, Econyl Sleek Satin bikini, independent fashion, high-end swimwear, luxury Obsidian Black swimwear",TRUE,Color,Obsidian Black,Size,M,TWESSIE_JP_BB_0304-Obsidian Black-M,168.0,,10
twessie-jp-bb-0304,Structural Econyl Sleek Satin Bikini Bottom,"<p>Econyl Sleek Satin construction meets architectural precision in this bikini bottom. Designed for the intelligent, independent woman. The Obsidian Black colorway with Chalk White accents creates a sophisticated palette. Pure minimalist luxury elegance.</p>",Twessie,Bikini Bottom,"minimalist luxury, Econyl Sleek Satin bikini, independent fashion, high-end swimwear, luxury Obsidian Black swimwear",TRUE,Color,Obsidian Black,Size,L,TWESSIE_JP_BB_0304-Obsidian Black-L,168.0,,10
twessie-jp-bb-0304,Structural Econyl Sleek Satin Bikini Bottom,"<p>Econyl Sleek Satin construction meets architectural precision in this bikini bottom. Designed for the intelligent, independent woman. The Obsidian Black colorway with Chalk White accents creates a sophisticated palette. Pure minimalist luxury elegance.</p>",Twessie,Bikini Bottom,"minimalist luxury, Econyl Sleek Satin bikini, independent fashion, high-end swimwear, luxury Obsidian Black swimwear",TRUE,Color,Obsidian Black,Size,XL,TWESSIE_JP_BB_0304-Obsidian Black-XL,168.0,,10
twessie-jp-bb-0304,Structural Econyl Sleek Satin Bikini Bottom,"<p>Econyl Sleek Satin construction meets architectural precision in this bikini bottom. Designed for the intelligent, independent woman. The Obsidian Black colorway with Chalk White accents creates a sophisticated palette. Pure minimalist luxury elegance.</p>",Twessie,Bikini Bottom,"minimalist luxury, Econyl Sleek Satin bikini, independent fashion, high-end swimwear, luxury Obsidian Black swimwear",TRUE,Color,Obsidian Black,Size,XXL,TWESSIE_JP_BB_0304-Obsidian Black-XXL,168.0,,10
twessie-jp-bb-0304,Structural Econyl Sleek Satin Bikini Bottom,"<p>Econyl Sleek Satin construction meets architectural precision in this bikini bottom. Designed for the intelligent, independent woman. The Obsidian Black colorway with Chalk White accents creates a sophisticated palette. Pure minimalist luxury elegance.</p>",Twessie,Bikini Bottom,"minimalist luxury, Econyl Sleek Satin bikini, independent fashion, high-end swimwear, luxury Obsidian Black swimwear",TRUE,Color,Chalk White,Size,XS,TWESSIE_JP_BB_0304-Chalk White-XS,168.0,,10
twessie-jp-bb-0304,Structural Econyl Sleek Satin Bikini Bottom,"<p>Econyl Sleek Satin construction meets architectural precision in this bikini bottom. Designed for the intelligent, independent woman. The Obsidian Black colorway with Chalk White accents creates a sophisticated palette. Pure minimalist luxury elegance.</p>",Twessie,Bikini Bottom,"minimalist luxury, Econyl Sleek Satin bikini, independent fashion, high-end swimwear, luxury Obsidian Black swimwear",TRUE,Color,Chalk White,Size,S,TWESSIE_JP_BB_0304-Chalk White-S,168.0,,10
twessie-jp-bb-0304,Structural Econyl Sleek Satin Bikini Bottom,"<p>Econyl Sleek Satin construction meets architectural precision in this bikini bottom. Designed for the intelligent, independent woman. The Obsidian Black colorway with Chalk White accents creates a sophisticated palette. Pure minimalist luxury elegance.</p>",Twessie,Bikini Bottom,"minimalist luxury, Econyl Sleek Satin bikini, independent fashion, high-end swimwear, luxury Obsidian Black swimwear",TRUE,Color,Chalk White,Size,M,TWESSIE_JP_BB_0304-Chalk White-M,168.0,,10
twessie-jp-bb-0304,Structural Econyl Sleek Satin Bikini Bottom,"<p>Econyl Sleek Satin construction meets architectural precision in this bikini bottom. Designed for the intelligent, independent woman. The Obsidian Black colorway with Chalk White accents creates a sophisticated palette. Pure minimalist luxury elegance.</p>",Twessie,Bikini Bottom,"minimalist luxury, Econyl Sleek Satin bikini, independent fashion, high-end swimwear, luxury Obsidian Black swimwear",TRUE,Color,Chalk White,Size,L,TWESSIE_JP_BB_0304-Chalk White-L,168.0,,10
twessie-jp-bb-0304,Structural Econyl Sleek Satin Bikini Bottom,"<p>Econyl Sleek Satin construction meets architectural precision in this bikini bottom. Designed for the intelligent, independent woman. The Obsidian Black colorway with Chalk White accents creates a sophisticated palette. Pure minimalist luxury elegance.</p>",Twessie,Bikini Bottom,"minimalist luxury, Econyl Sleek Satin bikini, independent fashion, high-end swimwear, luxury Obsidian Black swimwear",TRUE,Color,Chalk White,Size,XL,TWESSIE_JP_BB_0304-Chalk White-XL,168.0,,10
twessie-jp-bb-0304,Structural Econyl Sleek Satin Bikini Bottom,"<p>Econyl Sleek Satin construction meets architectural precision in this bikini bottom. Designed for the intelligent, independent woman. The Obsidian Black colorway with Chalk White accents creates a sophisticated palette. Pure minimalist luxury elegance.</p>",Twessie,Bikini Bottom,"minimalist luxury, Econyl Sleek Satin bikini, independent fashion, high-end swimwear, luxury Obsidian Black swimwear",TRUE,Color,Chalk White,Size,XXL,TWESSIE_JP_BB_0304-Chalk White-XXL,168.0,,10
twessie-au-bt-0305,Architecture-Cut Obsidian Black Bikini Top,"<p>Econyl Sleek Satin construction meets architectural precision in this bikini top. Designed for the intelligent, independent woman. The Obsidian Black colorway with Stone Gray accents creates a sophisticated palette. Pure architectural elegance elegance.</p>",Twessie,Bikini Top,"luxury Obsidian Black swimwear, high-end swimwear, Econyl Sleek Satin bikini, architectural swimsuit, minimalist bikini top",TRUE,Color,Obsidian Black,Size,XS,TWESSIE_AU_BT_0305-Obsidian Black-XS,168.0,,10
twessie-au-bt-0305,Architecture-Cut Obsidian Black Bikini Top,"<p>Econyl Sleek Satin construction meets architectural precision in this bikini top. Designed for the intelligent, independent woman. The Obsidian Black colorway with Stone Gray accents creates a sophisticated palette. Pure architectural elegance elegance.</p>",Twessie,Bikini Top,"luxury Obsidian Black swimwear, high-end swimwear, Econyl Sleek Satin bikini, architectural swimsuit, minimalist bikini top",TRUE,Color,Obsidian Black,Size,S,TWESSIE_AU_BT_0305-Obsidian Black-S,168.0,,10
twessie-au-bt-0305,Architecture-Cut Obsidian Black Bikini Top,"<p>Econyl Sleek Satin construction meets architectural precision in this bikini top. Designed for the intelligent, independent woman. The Obsidian Black colorway with Stone Gray accents creates a sophisticated palette. Pure architectural elegance elegance.</p>",Twessie,Bikini Top,"luxury Obsidian Black swimwear, high-end swimwear, Econyl Sleek Satin bikini, architectural swimsuit, minimalist bikini top",TRUE,Color,Obsidian Black,Size,M,TWESSIE_AU_BT_0305-Obsidian Black-M,168.0,,10
twessie-au-bt-0305,Architecture-Cut Obsidian Black Bikini Top,"<p>Econyl Sleek Satin construction meets architectural precision in this bikini top. Designed for the intelligent, independent woman. The Obsidian Black colorway with Stone Gray accents creates a sophisticated palette. Pure architectural elegance elegance.</p>",Twessie,Bikini Top,"luxury Obsidian Black swimwear, high-end swimwear, Econyl Sleek Satin bikini, architectural swimsuit, minimalist bikini top",TRUE,Color,Obsidian Black,Size,L,TWESSIE_AU_BT_0305-Obsidian Black-L,168.0,,10
twessie-au-bt-0305,Architecture-Cut Obsidian Black Bikini Top,"<p>Econyl Sleek Satin construction meets architectural precision in this bikini top. Designed for the intelligent, independent woman. The Obsidian Black colorway with Stone Gray accents creates a sophisticated palette. Pure architectural elegance elegance.</p>",Twessie,Bikini Top,"luxury Obsidian Black swimwear, high-end swimwear, Econyl Sleek Satin bikini, architectural swimsuit, minimalist bikini top",TRUE,Color,Obsidian Black,Size,XL,TWESSIE_AU_BT_0305-Obsidian Black-XL,168.0,,10
twessie-au-bt-0305,Architecture-Cut Obsidian Black Bikini Top,"<p>Econyl Sleek Satin construction meets architectural precision in this bikini top. Designed for the intelligent, independent woman. The Obsidian Black colorway with Stone Gray accents creates a sophisticated palette. Pure architectural elegance elegance.</p>",Twessie,Bikini Top,"luxury Obsidian Black swimwear, high-end swimwear, Econyl Sleek Satin bikini, architectural swimsuit, minimalist bikini top",TRUE,Color,Obsidian Black,Size,XXL,TWESSIE_AU_BT_0305-Obsidian Black-XXL,168.0,,10
twessie-au-bt-0305,Architecture-Cut Obsidian Black Bikini Top,"<p>Econyl Sleek Satin construction meets architectural precision in this bikini top. Designed for the intelligent, independent woman. The Obsidian Black colorway with Stone Gray accents creates a sophisticated palette. Pure architectural elegance elegance.</p>",Twessie,Bikini Top,"luxury Obsidian Black swimwear, high-end swimwear, Econyl Sleek Satin bikini, architectural swimsuit, minimalist bikini top",TRUE,Color,Stone Gray,Size,XS,TWESSIE_AU_BT_0305-Stone Gray-XS,168.0,,10
twessie-au-bt-0305,Architecture-Cut Obsidian Black Bikini Top,"<p>Econyl Sleek Satin construction meets architectural precision in this bikini top. Designed for the intelligent, independent woman. The Obsidian Black colorway with Stone Gray accents creates a sophisticated palette. Pure architectural elegance elegance.</p>",Twessie,Bikini Top,"luxury Obsidian Black swimwear, high-end swimwear, Econyl Sleek Satin bikini, architectural swimsuit, minimalist bikini top",TRUE,Color,Stone Gray,Size,S,TWESSIE_AU_BT_0305-Stone Gray-S,168.0,,10
twessie-au-bt-0305,Architecture-Cut Obsidian Black Bikini Top,"<p>Econyl Sleek Satin construction meets architectural precision in this bikini top. Designed for the intelligent, independent woman. The Obsidian Black colorway with Stone Gray accents creates a sophisticated palette. Pure architectural elegance elegance.</p>",Twessie,Bikini Top,"luxury Obsidian Black swimwear, high-end swimwear, Econyl Sleek Satin bikini, architectural swimsuit, minimalist bikini top",TRUE,Color,Stone Gray,Size,M,TWESSIE_AU_BT_0305-Stone Gray-M,168.0,,10
twessie-au-bt-0305,Architecture-Cut Obsidian Black Bikini Top,"<p>Econyl Sleek Satin construction meets architectural precision in this bikini top. Designed for the intelligent, independent woman. The Obsidian Black colorway with Stone Gray accents creates a sophisticated palette. Pure architectural elegance elegance.</p>",Twessie,Bikini Top,"luxury Obsidian Black swimwear, high-end swimwear, Econyl Sleek Satin bikini, architectural swimsuit, minimalist bikini top",TRUE,Color,Stone Gray,Size,L,TWESSIE_AU_BT_0305-Stone Gray-L,168.0,,10
twessie-au-bt-0305,Architecture-Cut Obsidian Black Bikini Top,"<p>Econyl Sleek Satin construction meets architectural precision in this bikini top. Designed for the intelligent, independent woman. The Obsidian Black colorway with Stone Gray accents creates a sophisticated palette. Pure architectural elegance elegance.</p>",Twessie,Bikini Top,"luxury Obsidian Black swimwear, high-end swimwear, Econyl Sleek Satin bikini, architectural swimsuit, minimalist bikini top",TRUE,Color,Stone Gray,Size,XL,TWESSIE_AU_BT_0305-Stone Gray-XL,168.0,,10
twessie-au-bt-0305,Architecture-Cut Obsidian Black Bikini Top,"<p>Econyl Sleek Satin construction meets architectural precision in this bikini top. Designed for the intelligent, independent woman. The Obsidian Black colorway with Stone Gray accents creates a sophisticated palette. Pure architectural elegance elegance.</p>",Twessie,Bikini Top,"luxury Obsidian Black swimwear, high-end swimwear, Econyl Sleek Satin bikini, architectural swimsuit, minimalist bikini top",TRUE,Color,Stone Gray,Size,XXL,TWESSIE_AU_BT_0305-Stone Gray-XXL,168.0,,10
twessie-au-bb-0306,High-Cut Burnt Terracotta Bikini Brief,<p>A statement piece in Matte Ribbed Knit. This bikini bottom combines minimalist luxury design with impeccable craftsmanship. Available in Burnt Terracotta with Olive Drab detailing. Not loud. Not obvious. Unmistakably Twessie.</p>,Twessie,Bikini Bottom,"architectural swimsuit, minimalist bikini bottom, minimalist luxury, independent fashion, high-end swimwear",TRUE,Color,Burnt Terracotta,Size,XS,TWESSIE_AU_BB_0306-Burnt Terracotta-XS,168.0,,10
twessie-au-bb-0306,High-Cut Burnt Terracotta Bikini Brief,<p>A statement piece in Matte Ribbed Knit. This bikini bottom combines minimalist luxury design with impeccable craftsmanship. Available in Burnt Terracotta with Olive Drab detailing. Not loud. Not obvious. Unmistakably Twessie.</p>,Twessie,Bikini Bottom,"architectural swimsuit, minimalist bikini bottom, minimalist luxury, independent fashion, high-end swimwear",TRUE,Color,Burnt Terracotta,Size,S,TWESSIE_AU_BB_0306-Burnt Terracotta-S,168.0,,10
twessie-au-bb-0306,High-Cut Burnt Terracotta Bikini Brief,<p>A statement piece in Matte Ribbed Knit. This bikini bottom combines minimalist luxury design with impeccable craftsmanship. Available in Burnt Terracotta with Olive Drab detailing. Not loud. Not obvious. Unmistakably Twessie.</p>,Twessie,Bikini Bottom,"architectural swimsuit, minimalist bikini bottom, minimalist luxury, independent fashion, high-end swimwear",TRUE,Color,Burnt Terracotta,Size,M,TWESSIE_AU_BB_0306-Burnt Terracotta-M,168.0,,10
twessie-au-bb-0306,High-Cut Burnt Terracotta Bikini Brief,<p>A statement piece in Matte Ribbed Knit. This bikini bottom combines minimalist luxury design with impeccable craftsmanship. Available in Burnt Terracotta with Olive Drab detailing. Not loud. Not obvious. Unmistakably Twessie.</p>,Twessie,Bikini Bottom,"architectural swimsuit, minimalist bikini bottom, minimalist luxury, independent fashion, high-end swimwear",TRUE,Color,Burnt Terracotta,Size,L,TWESSIE_AU_BB_0306-Burnt Terracotta-L,168.0,,10
twessie-au-bb-0306,High-Cut Burnt Terracotta Bikini Brief,<p>A statement piece in Matte Ribbed Knit. This bikini bottom combines minimalist luxury design with impeccable craftsmanship. Available in Burnt Terracotta with Olive Drab detailing. Not loud. Not obvious. Unmistakably Twessie.</p>,Twessie,Bikini Bottom,"architectural swimsuit, minimalist bikini bottom, minimalist luxury, independent fashion, high-end swimwear",TRUE,Color,Burnt Terracotta,Size,XL,TWESSIE_AU_BB_0306-Burnt Terracotta-XL,168.0,,10
twessie-au-bb-0306,High-Cut Burnt Terracotta Bikini Brief,<p>A statement piece in Matte Ribbed Knit. This bikini bottom combines minimalist luxury design with impeccable craftsmanship. Available in Burnt Terracotta with Olive Drab detailing. Not loud. Not obvious. Unmistakably Twessie.</p>,Twessie,Bikini Bottom,"architectural swimsuit, minimalist bikini bottom, minimalist luxury, independent fashion, high-end swimwear",TRUE,Color,Burnt Terracotta,Size,XXL,TWESSIE_AU_BB_0306-Burnt Terracotta-XXL,168.0,,10
twessie-au-bb-0306,High-Cut Burnt Terracotta Bikini Brief,<p>A statement piece in Matte Ribbed Knit. This bikini bottom combines minimalist luxury design with impeccable craftsmanship. Available in Burnt Terracotta with Olive Drab detailing. Not loud. Not obvious. Unmistakably Twessie.</p>,Twessie,Bikini Bottom,"architectural swimsuit, minimalist bikini bottom, minimalist luxury, independent fashion, high-end swimwear",TRUE,Color,Olive Drab,Size,XS,TWESSIE_AU_BB_0306-Olive Drab-XS,168.0,,10
twessie-au-bb-0306,High-Cut Burnt Terracotta Bikini Brief,<p>A statement piece in Matte Ribbed Knit. This bikini bottom combines minimalist luxury design with impeccable craftsmanship. Available in Burnt Terracotta with Olive Drab detailing. Not loud. Not obvious. Unmistakably Twessie.</p>,Twessie,Bikini Bottom,"architectural swimsuit, minimalist bikini bottom, minimalist luxury, independent fashion, high-end swimwear",TRUE,Color,Olive Drab,Size,S,TWESSIE_AU_BB_0306-Olive Drab-S,168.0,,10
twessie-au-bb-0306,High-Cut Burnt Terracotta Bikini Brief,<p>A statement piece in Matte Ribbed Knit. This bikini bottom combines minimalist luxury design with impeccable craftsmanship. Available in Burnt Terracotta with Olive Drab detailing. Not loud. Not obvious. Unmistakably Twessie.</p>,Twessie,Bikini Bottom,"architectural swimsuit, minimalist bikini bottom, minimalist luxury, independent fashion, high-end swimwear",TRUE,Color,Olive Drab,Size,M,TWESSIE_AU_BB_0306-Olive Drab-M,168.0,,10
twessie-au-bb-0306,High-Cut Burnt Terracotta Bikini Brief,<p>A statement piece in Matte Ribbed Knit. This bikini bottom combines minimalist luxury design with impeccable craftsmanship. Available in Burnt Terracotta with Olive Drab detailing. Not loud. Not obvious. Unmistakably Twessie.</p>,Twessie,Bikini Bottom,"architectural swimsuit, minimalist bikini bottom, minimalist luxury, independent fashion, high-end swimwear",TRUE,Color,Olive Drab,Size,L,TWESSIE_AU_BB_0306-Olive Drab-L,168.0,,10
twessie-au-bb-0306,High-Cut Burnt Terracotta Bikini Brief,<p>A statement piece in Matte Ribbed Knit. This bikini bottom combines minimalist luxury design with impeccable craftsmanship. Available in Burnt Terracotta with Olive Drab detailing. Not loud. Not obvious. Unmistakably Twessie.</p>,Twessie,Bikini Bottom,"architectural swimsuit, minimalist bikini bottom, minimalist luxury, independent fashion, high-end swimwear",TRUE,Color,Olive Drab,Size,XL,TWESSIE_AU_BB_0306-Olive Drab-XL,168.0,,10
twessie-au-bb-0306,High-Cut Burnt Terracotta Bikini Brief,<p>A statement piece in Matte Ribbed Knit. This bikini bottom combines minimalist luxury design with impeccable craftsmanship. Available in Burnt Terracotta with Olive Drab detailing. Not loud. Not obvious. Unmistakably Twessie.</p>,Twessie,Bikini Bottom,"architectural swimsuit, minimalist bikini bottom, minimalist luxury, independent fashion, high-end swimwear",TRUE,Color,Olive Drab,Size,XXL,TWESSIE_AU_BB_0306-Olive Drab-XXL,168.0,,10
twessie-eu-bb-0307,High-Cut Olive Drab Bikini Brief,<p>A statement piece in Matte Ribbed Knit. This bikini bottom combines anti-fashion statement design with impeccable craftsmanship. Available in Olive Drab with Burnt Terracotta detailing. Not loud. Not obvious. Unmistakably Twessie.</p>,Twessie,Bikini Bottom,"luxury Olive Drab swimwear, minimalist luxury, high-end swimwear, Matte Ribbed Knit bikini, architectural swimsuit",TRUE,Color,Olive Drab,Size,XS,TWESSIE_EU_BB_0307-Olive Drab-XS,168.0,,10
twessie-eu-bb-0307,High-Cut Olive Drab Bikini Brief,<p>A statement piece in Matte Ribbed Knit. This bikini bottom combines anti-fashion statement design with impeccable craftsmanship. Available in Olive Drab with Burnt Terracotta detailing. Not loud. Not obvious. Unmistakably Twessie.</p>,Twessie,Bikini Bottom,"luxury Olive Drab swimwear, minimalist luxury, high-end swimwear, Matte Ribbed Knit bikini, architectural swimsuit",TRUE,Color,Olive Drab,Size,S,TWESSIE_EU_BB_0307-Olive Drab-S,168.0,,10
twessie-eu-bb-0307,High-Cut Olive Drab Bikini Brief,<p>A statement piece in Matte Ribbed Knit. This bikini bottom combines anti-fashion statement design with impeccable craftsmanship. Available in Olive Drab with Burnt Terracotta detailing. Not loud. Not obvious. Unmistakably Twessie.</p>,Twessie,Bikini Bottom,"luxury Olive Drab swimwear, minimalist luxury, high-end swimwear, Matte Ribbed Knit bikini, architectural swimsuit",TRUE,Color,Olive Drab,Size,M,TWESSIE_EU_BB_0307-Olive Drab-M,168.0,,10
twessie-eu-bb-0307,High-Cut Olive Drab Bikini Brief,<p>A statement piece in Matte Ribbed Knit. This bikini bottom combines anti-fashion statement design with impeccable craftsmanship. Available in Olive Drab with Burnt Terracotta detailing. Not loud. Not obvious. Unmistakably Twessie.</p>,Twessie,Bikini Bottom,"luxury Olive Drab swimwear, minimalist luxury, high-end swimwear, Matte Ribbed Knit bikini, architectural swimsuit",TRUE,Color,Olive Drab,Size,L,TWESSIE_EU_BB_0307-Olive Drab-L,168.0,,10
twessie-eu-bb-0307,High-Cut Olive Drab Bikini Brief,<p>A statement piece in Matte Ribbed Knit. This bikini bottom combines anti-fashion statement design with impeccable craftsmanship. Available in Olive Drab with Burnt Terracotta detailing. Not loud. Not obvious. Unmistakably Twessie.</p>,Twessie,Bikini Bottom,"luxury Olive Drab swimwear, minimalist luxury, high-end swimwear, Matte Ribbed Knit bikini, architectural swimsuit",TRUE,Color,Olive Drab,Size,XL,TWESSIE_EU_BB_0307-Olive Drab-XL,168.0,,10
twessie-eu-bb-0307,High-Cut Olive Drab Bikini Brief,<p>A statement piece in Matte Ribbed Knit. This bikini bottom combines anti-fashion statement design with impeccable craftsmanship. Available in Olive Drab with Burnt Terracotta detailing. Not loud. Not obvious. Unmistakably Twessie.</p>,Twessie,Bikini Bottom,"luxury Olive Drab swimwear, minimalist luxury, high-end swimwear, Matte Ribbed Knit bikini, architectural swimsuit",TRUE,Color,Olive Drab,Size,XXL,TWESSIE_EU_BB_0307-Olive Drab-XXL,168.0,,10
twessie-eu-bb-0307,High-Cut Olive Drab Bikini Brief,<p>A statement piece in Matte Ribbed Knit. This bikini bottom combines anti-fashion statement design with impeccable craftsmanship. Available in Olive Drab with Burnt Terracotta detailing. Not loud. Not obvious. Unmistakably Twessie.</p>,Twessie,Bikini Bottom,"luxury Olive Drab swimwear, minimalist luxury, high-end swimwear, Matte Ribbed Knit bikini, architectural swimsuit",TRUE,Color,Burnt Terracotta,Size,XS,TWESSIE_EU_BB_0307-Burnt Terracotta-XS,168.0,,10
twessie-eu-bb-0307,High-Cut Olive Drab Bikini Brief,<p>A statement piece in Matte Ribbed Knit. This bikini bottom combines anti-fashion statement design with impeccable craftsmanship. Available in Olive Drab with Burnt Terracotta detailing. Not loud. Not obvious. Unmistakably Twessie.</p>,Twessie,Bikini Bottom,"luxury Olive Drab swimwear, minimalist luxury, high-end swimwear, Matte Ribbed Knit bikini, architectural swimsuit",TRUE,Color,Burnt Terracotta,Size,S,TWESSIE_EU_BB_0307-Burnt Terracotta-S,168.0,,10
twessie-eu-bb-0307,High-Cut Olive Drab Bikini Brief,<p>A statement piece in Matte Ribbed Knit. This bikini bottom combines anti-fashion statement design with impeccable craftsmanship. Available in Olive Drab with Burnt Terracotta detailing. Not loud. Not obvious. Unmistakably Twessie.</p>,Twessie,Bikini Bottom,"luxury Olive Drab swimwear, minimalist luxury, high-end swimwear, Matte Ribbed Knit bikini, architectural swimsuit",TRUE,Color,Burnt Terracotta,Size,M,TWESSIE_EU_BB_0307-Burnt Terracotta-M,168.0,,10
twessie-eu-bb-0307,High-Cut Olive Drab Bikini Brief,<p>A statement piece in Matte Ribbed Knit. This bikini bottom combines anti-fashion statement design with impeccable craftsmanship. Available in Olive Drab with Burnt Terracotta detailing. Not loud. Not obvious. Unmistakably Twessie.</p>,Twessie,Bikini Bottom,"luxury Olive Drab swimwear, minimalist luxury, high-end swimwear, Matte Ribbed Knit bikini, architectural swimsuit",TRUE,Color,Burnt Terracotta,Size,L,TWESSIE_EU_BB_0307-Burnt Terracotta-L,168.0,,10
twessie-eu-bb-0307,High-Cut Olive Drab Bikini Brief,<p>A statement piece in Matte Ribbed Knit. This bikini bottom combines anti-fashion statement design with impeccable craftsmanship. Available in Olive Drab with Burnt Terracotta detailing. Not loud. Not obvious. Unmistakably Twessie.</p>,Twessie,Bikini Bottom,"luxury Olive Drab swimwear, minimalist luxury, high-end swimwear, Matte Ribbed Knit bikini, architectural swimsuit",TRUE,Color,Burnt Terracotta,Size,XL,TWESSIE_EU_BB_0307-Burnt Terracotta-XL,168.0,,10
twessie-eu-bb-0307,High-Cut Olive Drab Bikini Brief,<p>A statement piece in Matte Ribbed Knit. This bikini bottom combines anti-fashion statement design with impeccable craftsmanship. Available in Olive Drab with Burnt Terracotta detailing. Not loud. Not obvious. Unmistakably Twessie.</p>,Twessie,Bikini Bottom,"luxury Olive Drab swimwear, minimalist luxury, high-end swimwear, Matte Ribbed Knit bikini, architectural swimsuit",TRUE,Color,Burnt Terracotta,Size,XXL,TWESSIE_EU_BB_0307-Burnt Terracotta-XXL,168.0,,10
twessie-na-bb-0308,Raw-Edge Olive Drab Bikini Bottom,"<p>Matte Ribbed Knit construction meets architectural precision in this bikini bottom. Designed for the intelligent, independent woman. The Olive Drab colorway with Burnt Terracotta accents creates a sophisticated palette. Pure anti-fashion statement elegance.</p>",Twessie,Bikini Bottom,"Matte Ribbed Knit bikini, minimalist luxury, architectural swimsuit, independent fashion, high-end swimwear",TRUE,Color,Olive Drab,Size,XS,TWESSIE_NA_BB_0308-Olive Drab-XS,168.0,,10
twessie-na-bb-0308,Raw-Edge Olive Drab Bikini Bottom,"<p>Matte Ribbed Knit construction meets architectural precision in this bikini bottom. Designed for the intelligent, independent woman. The Olive Drab colorway with Burnt Terracotta accents creates a sophisticated palette. Pure anti-fashion statement elegance.</p>",Twessie,Bikini Bottom,"Matte Ribbed Knit bikini, minimalist luxury, architectural swimsuit, independent fashion, high-end swimwear",TRUE,Color,Olive Drab,Size,S,TWESSIE_NA_BB_0308-Olive Drab-S,168.0,,10
twessie-na-bb-0308,Raw-Edge Olive Drab Bikini Bottom,"<p>Matte Ribbed Knit construction meets architectural precision in this bikini bottom. Designed for the intelligent, independent woman. The Olive Drab colorway with Burnt Terracotta accents creates a sophisticated palette. Pure anti-fashion statement elegance.</p>",Twessie,Bikini Bottom,"Matte Ribbed Knit bikini, minimalist luxury, architectural swimsuit, independent fashion, high-end swimwear",TRUE,Color,Olive Drab,Size,M,TWESSIE_NA_BB_0308-Olive Drab-M,168.0,,10
twessie-na-bb-0308,Raw-Edge Olive Drab Bikini Bottom,"<p>Matte Ribbed Knit construction meets architectural precision in this bikini bottom. Designed for the intelligent, independent woman. The Olive Drab colorway with Burnt Terracotta accents creates a sophisticated palette. Pure anti-fashion statement elegance.</p>",Twessie,Bikini Bottom,"Matte Ribbed Knit bikini, minimalist luxury, architectural swimsuit, independent fashion, high-end swimwear",TRUE,Color,Olive Drab,Size,L,TWESSIE_NA_BB_0308-Olive Drab-L,168.0,,10
twessie-na-bb-0308,Raw-Edge Olive Drab Bikini Bottom,"<p>Matte Ribbed Knit construction meets architectural precision in this bikini bottom. Designed for the intelligent, independent woman. The Olive Drab colorway with Burnt Terracotta accents creates a sophisticated palette. Pure anti-fashion statement elegance.</p>",Twessie,Bikini Bottom,"Matte Ribbed Knit bikini, minimalist luxury, architectural swimsuit, independent fashion, high-end swimwear",TRUE,Color,Olive Drab,Size,XL,TWESSIE_NA_BB_0308-Olive Drab-XL,168.0,,10
twessie-na-bb-0308,Raw-Edge Olive Drab Bikini Bottom,"<p>Matte Ribbed Knit construction meets architectural precision in this bikini bottom. Designed for the intelligent, independent woman. The Olive Drab colorway with Burnt Terracotta accents creates a sophisticated palette. Pure anti-fashion statement elegance.</p>",Twessie,Bikini Bottom,"Matte Ribbed Knit bikini, minimalist luxury, architectural swimsuit, independent fashion, high-end swimwear",TRUE,Color,Olive Drab,Size,XXL,TWESSIE_NA_BB_0308-Olive Drab-XXL,168.0,,10
twessie-na-bb-0308,Raw-Edge Olive Drab Bikini Bottom,"<p>Matte Ribbed Knit construction meets architectural precision in this bikini bottom. Designed for the intelligent, independent woman. The Olive Drab colorway with Burnt Terracotta accents creates a sophisticated palette. Pure anti-fashion statement elegance.</p>",Twessie,Bikini Bottom,"Matte Ribbed Knit bikini, minimalist luxury, architectural swimsuit, independent fashion, high-end swimwear",TRUE,Color,Burnt Terracotta,Size,XS,TWESSIE_NA_BB_0308-Burnt Terracotta-XS,168.0,,10
twessie-na-bb-0308,Raw-Edge Olive Drab Bikini Bottom,"<p>Matte Ribbed Knit construction meets architectural precision in this bikini bottom. Designed for the intelligent, independent woman. The Olive Drab colorway with Burnt Terracotta accents creates a sophisticated palette. Pure anti-fashion statement elegance.</p>",Twessie,Bikini Bottom,"Matte Ribbed Knit bikini, minimalist luxury, architectural swimsuit, independent fashion, high-end swimwear",TRUE,Color,Burnt Terracotta,Size,S,TWESSIE_NA_BB_0308-Burnt Terracotta-S,168.0,,10
twessie-na-bb-0308,Raw-Edge Olive Drab Bikini Bottom,"<p>Matte Ribbed Knit construction meets architectural precision in this bikini bottom. Designed for the intelligent, independent woman. The Olive Drab colorway with Burnt Terracotta accents creates a sophisticated palette. Pure anti-fashion statement elegance.</p>",Twessie,Bikini Bottom,"Matte Ribbed Knit bikini, minimalist luxury, architectural swimsuit, independent fashion, high-end swimwear",TRUE,Color,Burnt Terracotta,Size,M,TWESSIE_NA_BB_0308-Burnt Terracotta-M,168.0,,10
twessie-na-bb-0308,Raw-Edge Olive Drab Bikini Bottom,"<p>Matte Ribbed Knit construction meets architectural precision in this bikini bottom. Designed for the intelligent, independent woman. The Olive Drab colorway with Burnt Terracotta accents creates a sophisticated palette. Pure anti-fashion statement elegance.</p>",Twessie,Bikini Bottom,"Matte Ribbed Knit bikini, minimalist luxury, architectural swimsuit, independent fashion, high-end swimwear",TRUE,Color,Burnt Terracotta,Size,L,TWESSIE_NA_BB_0308-Burnt Terracotta-L,168.0,,10
twessie-na-bb-0308,Raw-Edge Olive Drab Bikini Bottom,"<p>Matte Ribbed Knit construction meets architectural precision in this bikini bottom. Designed for the intelligent, independent woman. The Olive Drab colorway with Burnt Terracotta accents creates a sophisticated palette. Pure anti-fashion statement elegance.</p>",Twessie,Bikini Bottom,"Matte Ribbed Knit bikini, minimalist luxury, architectural swimsuit, independent fashion, high-end swimwear",TRUE,Color,Burnt Terracotta,Size,XL,TWESSIE_NA_BB_0308-Burnt Terracotta-XL,168.0,,10
twessie-na-bb-0308,Raw-Edge Olive Drab Bikini Bottom,"<p>Matte Ribbed Knit construction meets architectural precision in this bikini bottom. Designed for the intelligent, independent woman. The Olive Drab colorway with Burnt Terracotta accents creates a sophisticated palette. Pure anti-fashion statement elegance.</p>",Twessie,Bikini Bottom,"Matte Ribbed Knit bikini, minimalist luxury, architectural swimsuit, independent fashion, high-end swimwear",TRUE,Color,Burnt Terracotta,Size,XXL,TWESSIE_NA_BB_0308-Burnt Terracotta-XXL,168.0,,10
twessie-jp-bb-0309,Structural Matte Ribbed Knit Bikini Bottom,<p>A statement piece in Matte Ribbed Knit. This bikini bottom combines anti-fashion statement design with impeccable craftsmanship. Available in Olive Drab with Burnt Terracotta detailing. Not loud. Not obvious. Unmistakably Twessie.</p>,Twessie,Bikini Bottom,"architectural swimsuit, luxury Olive Drab swimwear, Matte Ribbed Knit bikini, high-end swimwear, minimalist luxury",TRUE,Color,Olive Drab,Size,XS,TWESSIE_JP_BB_0309-Olive Drab-XS,168.0,,10
twessie-jp-bb-0309,Structural Matte Ribbed Knit Bikini Bottom,<p>A statement piece in Matte Ribbed Knit. This bikini bottom combines anti-fashion statement design with impeccable craftsmanship. Available in Olive Drab with Burnt Terracotta detailing. Not loud. Not obvious. Unmistakably Twessie.</p>,Twessie,Bikini Bottom,"architectural swimsuit, luxury Olive Drab swimwear, Matte Ribbed Knit bikini, high-end swimwear, minimalist luxury",TRUE,Color,Olive Drab,Size,S,TWESSIE_JP_BB_0309-Olive Drab-S,168.0,,10
twessie-jp-bb-0309,Structural Matte Ribbed Knit Bikini Bottom,<p>A statement piece in Matte Ribbed Knit. This bikini bottom combines anti-fashion statement design with impeccable craftsmanship. Available in Olive Drab with Burnt Terracotta detailing. Not loud. Not obvious. Unmistakably Twessie.</p>,Twessie,Bikini Bottom,"architectural swimsuit, luxury Olive Drab swimwear, Matte Ribbed Knit bikini, high-end swimwear, minimalist luxury",TRUE,Color,Olive Drab,Size,M,TWESSIE_JP_BB_0309-Olive Drab-M,168.0,,10
twessie-jp-bb-0309,Structural Matte Ribbed Knit Bikini Bottom,<p>A statement piece in Matte Ribbed Knit. This bikini bottom combines anti-fashion statement design with impeccable craftsmanship. Available in Olive Drab with Burnt Terracotta detailing. Not loud. Not obvious. Unmistakably Twessie.</p>,Twessie,Bikini Bottom,"architectural swimsuit, luxury Olive Drab swimwear, Matte Ribbed Knit bikini, high-end swimwear, minimalist luxury",TRUE,Color,Olive Drab,Size,L,TWESSIE_JP_BB_0309-Olive Drab-L,168.0,,10
twessie-jp-bb-0309,Structural Matte Ribbed Knit Bikini Bottom,<p>A statement piece in Matte Ribbed Knit. This bikini bottom combines anti-fashion statement design with impeccable craftsmanship. Available in Olive Drab with Burnt Terracotta detailing. Not loud. Not obvious. Unmistakably Twessie.</p>,Twessie,Bikini Bottom,"architectural swimsuit, luxury Olive Drab swimwear, Matte Ribbed Knit bikini, high-end swimwear, minimalist luxury",TRUE,Color,Olive Drab,Size,XL,TWESSIE_JP_BB_0309-Olive Drab-XL,168.0,,10
twessie-jp-bb-0309,Structural Matte Ribbed Knit Bikini Bottom,<p>A statement piece in Matte Ribbed Knit. This bikini bottom combines anti-fashion statement design with impeccable craftsmanship. Available in Olive Drab with Burnt Terracotta detailing. Not loud. Not obvious. Unmistakably Twessie.</p>,Twessie,Bikini Bottom,"architectural swimsuit, luxury Olive Drab swimwear, Matte Ribbed Knit bikini, high-end swimwear, minimalist luxury",TRUE,Color,Olive Drab,Size,XXL,TWESSIE_JP_BB_0309-Olive Drab-XXL,168.0,,10
twessie-jp-bb-0309,Structural Matte Ribbed Knit Bikini Bottom,<p>A statement piece in Matte Ribbed Knit. This bikini bottom combines anti-fashion statement design with impeccable craftsmanship. Available in Olive Drab with Burnt Terracotta detailing. Not loud. Not obvious. Unmistakably Twessie.</p>,Twessie,Bikini Bottom,"architectural swimsuit, luxury Olive Drab swimwear, Matte Ribbed Knit bikini, high-end swimwear, minimalist luxury",TRUE,Color,Burnt Terracotta,Size,XS,TWESSIE_JP_BB_0309-Burnt Terracotta-XS,168.0,,10
twessie-jp-bb-0309,Structural Matte Ribbed Knit Bikini Bottom,<p>A statement piece in Matte Ribbed Knit. This bikini bottom combines anti-fashion statement design with impeccable craftsmanship. Available in Olive Drab with Burnt Terracotta detailing. Not loud. Not obvious. Unmistakably Twessie.</p>,Twessie,Bikini Bottom,"architectural swimsuit, luxury Olive Drab swimwear, Matte Ribbed Knit bikini, high-end swimwear, minimalist luxury",TRUE,Color,Burnt Terracotta,Size,S,TWESSIE_JP_BB_0309-Burnt Terracotta-S,168.0,,10
twessie-jp-bb-0309,Structural Matte Ribbed Knit Bikini Bottom,<p>A statement piece in Matte Ribbed Knit. This bikini bottom combines anti-fashion statement design with impeccable craftsmanship. Available in Olive Drab with Burnt Terracotta detailing. Not loud. Not obvious. Unmistakably Twessie.</p>,Twessie,Bikini Bottom,"architectural swimsuit, luxury Olive Drab swimwear, Matte Ribbed Knit bikini, high-end swimwear, minimalist luxury",TRUE,Color,Burnt Terracotta,Size,M,TWESSIE_JP_BB_0309-Burnt Terracotta-M,168.0,,10
twessie-jp-bb-0309,Structural Matte Ribbed Knit Bikini Bottom,<p>A statement piece in Matte Ribbed Knit. This bikini bottom combines anti-fashion statement design with impeccable craftsmanship. Available in Olive Drab with Burnt Terracotta detailing. Not loud. Not obvious. Unmistakably Twessie.</p>,Twessie,Bikini Bottom,"architectural swimsuit, luxury Olive Drab swimwear, Matte Ribbed Knit bikini, high-end swimwear, minimalist luxury",TRUE,Color,Burnt Terracotta,Size,L,TWESSIE_JP_BB_0309-Burnt Terracotta-L,168.0,,10
twessie-jp-bb-0309,Structural Matte Ribbed Knit Bikini Bottom,<p>A statement piece in Matte Ribbed Knit. This bikini bottom combines anti-fashion statement design with impeccable craftsmanship. Available in Olive Drab with Burnt Terracotta detailing. Not loud. Not obvious. Unmistakably Twessie.</p>,Twessie,Bikini Bottom,"architectural swimsuit, luxury Olive Drab swimwear, Matte Ribbed Knit bikini, high-end swimwear, minimalist luxury",TRUE,Color,Burnt Terracotta,Size,XL,TWESSIE_JP_BB_0309-Burnt Terracotta-XL,168.0,,10
twessie-jp-bb-0309,Structural Matte Ribbed Knit Bikini Bottom,<p>A statement piece in Matte Ribbed Knit. This bikini bottom combines anti-fashion statement design with impeccable craftsmanship. Available in Olive Drab with Burnt Terracotta detailing. Not loud. Not obvious. Unmistakably Twessie.</p>,Twessie,Bikini Bottom,"architectural swimsuit, luxury Olive Drab swimwear, Matte Ribbed Knit bikini, high-end swimwear, minimalist luxury",TRUE,Color,Burnt Terracotta,Size,XXL,TWESSIE_JP_BB_0309-Burnt Terracotta-XXL,168.0,,10
twessie-na-bb-0310,Raw-Edge Chalk White Bikini Bottom,<p>A statement piece in Crinkled Seersucker. This bikini bottom combines intelligent aesthetic design with impeccable craftsmanship. Available in Chalk White with Stone Gray detailing. Not loud. Not obvious. Unmistakably Twessie.</p>,Twessie,Bikini Bottom,"minimalist luxury, luxury Chalk White swimwear, minimalist bikini bottom, high-end swimwear, independent fashion",TRUE,Color,Chalk White,Size,XS,TWESSIE_NA_BB_0310-Chalk White-XS,168.0,,10
twessie-na-bb-0310,Raw-Edge Chalk White Bikini Bottom,<p>A statement piece in Crinkled Seersucker. This bikini bottom combines intelligent aesthetic design with impeccable craftsmanship. Available in Chalk White with Stone Gray detailing. Not loud. Not obvious. Unmistakably Twessie.</p>,Twessie,Bikini Bottom,"minimalist luxury, luxury Chalk White swimwear, minimalist bikini bottom, high-end swimwear, independent fashion",TRUE,Color,Chalk White,Size,S,TWESSIE_NA_BB_0310-Chalk White-S,168.0,,10
twessie-na-bb-0310,Raw-Edge Chalk White Bikini Bottom,<p>A statement piece in Crinkled Seersucker. This bikini bottom combines intelligent aesthetic design with impeccable craftsmanship. Available in Chalk White with Stone Gray detailing. Not loud. Not obvious. Unmistakably Twessie.</p>,Twessie,Bikini Bottom,"minimalist luxury, luxury Chalk White swimwear, minimalist bikini bottom, high-end swimwear, independent fashion",TRUE,Color,Chalk White,Size,M,TWESSIE_NA_BB_0310-Chalk White-M,168.0,,10
twessie-na-bb-0310,Raw-Edge Chalk White Bikini Bottom,<p>A statement piece in Crinkled Seersucker. This bikini bottom combines intelligent aesthetic design with impeccable craftsmanship. Available in Chalk White with Stone Gray detailing. Not loud. Not obvious. Unmistakably Twessie.</p>,Twessie,Bikini Bottom,"minimalist luxury, luxury Chalk White swimwear, minimalist bikini bottom, high-end swimwear, independent fashion",TRUE,Color,Chalk White,Size,L,TWESSIE_NA_BB_0310-Chalk White-L,168.0,,10
twessie-na-bb-0310,Raw-Edge Chalk White Bikini Bottom,<p>A statement piece in Crinkled Seersucker. This bikini bottom combines intelligent aesthetic design with impeccable craftsmanship. Available in Chalk White with Stone Gray detailing. Not loud. Not obvious. Unmistakably Twessie.</p>,Twessie,Bikini Bottom,"minimalist luxury, luxury Chalk White swimwear, minimalist bikini bottom, high-end swimwear, independent fashion",TRUE,Color,Chalk White,Size,XL,TWESSIE_NA_BB_0310-Chalk White-XL,168.0,,10
twessie-na-bb-0310,Raw-Edge Chalk White Bikini Bottom,<p>A statement piece in Crinkled Seersucker. This bikini bottom combines intelligent aesthetic design with impeccable craftsmanship. Available in Chalk White with Stone Gray detailing. Not loud. Not obvious. Unmistakably Twessie.</p>,Twessie,Bikini Bottom,"minimalist luxury, luxury Chalk White swimwear, minimalist bikini bottom, high-end swimwear, independent fashion",TRUE,Color,Chalk White,Size,XXL,TWESSIE_NA_BB_0310-Chalk White-XXL,168.0,,10
twessie-na-bb-0310,Raw-Edge Chalk White Bikini Bottom,<p>A statement piece in Crinkled Seersucker. This bikini bottom combines intelligent aesthetic design with impeccable craftsmanship. Available in Chalk White with Stone Gray detailing. Not loud. Not obvious. Unmistakably Twessie.</p>,Twessie,Bikini Bottom,"minimalist luxury, luxury Chalk White swimwear, minimalist bikini bottom, high-end swimwear, independent fashion",TRUE,Color,Stone Gray,Size,XS,TWESSIE_NA_BB_0310-Stone Gray-XS,168.0,,10
twessie-na-bb-0310,Raw-Edge Chalk White Bikini Bottom,<p>A statement piece in Crinkled Seersucker. This bikini bottom combines intelligent aesthetic design with impeccable craftsmanship. Available in Chalk White with Stone Gray detailing. Not loud. Not obvious. Unmistakably Twessie.</p>,Twessie,Bikini Bottom,"minimalist luxury, luxury Chalk White swimwear, minimalist bikini bottom, high-end swimwear, independent fashion",TRUE,Color,Stone Gray,Size,S,TWESSIE_NA_BB_0310-Stone Gray-S,168.0,,10
twessie-na-bb-0310,Raw-Edge Chalk White Bikini Bottom,<p>A statement piece in Crinkled Seersucker. This bikini bottom combines intelligent aesthetic design with impeccable craftsmanship. Available in Chalk White with Stone Gray detailing. Not loud. Not obvious. Unmistakably Twessie.</p>,Twessie,Bikini Bottom,"minimalist luxury, luxury Chalk White swimwear, minimalist bikini bottom, high-end swimwear, independent fashion",TRUE,Color,Stone Gray,Size,M,TWESSIE_NA_BB_0310-Stone Gray-M,168.0,,10
twessie-na-bb-0310,Raw-Edge Chalk White Bikini Bottom,<p>A statement piece in Crinkled Seersucker. This bikini bottom combines intelligent aesthetic design with impeccable craftsmanship. Available in Chalk White with Stone Gray detailing. Not loud. Not obvious. Unmistakably Twessie.</p>,Twessie,Bikini Bottom,"minimalist luxury, luxury Chalk White swimwear, minimalist bikini bottom, high-end swimwear, independent fashion",TRUE,Color,Stone Gray,Size,L,TWESSIE_NA_BB_0310-Stone Gray-L,168.0,,10
twessie-na-bb-0310,Raw-Edge Chalk White Bikini Bottom,<p>A statement piece in Crinkled Seersucker. This bikini bottom combines intelligent aesthetic design with impeccable craftsmanship. Available in Chalk White with Stone Gray detailing. Not loud. Not obvious. Unmistakably Twessie.</p>,Twessie,Bikini Bottom,"minimalist luxury, luxury Chalk White swimwear, minimalist bikini bottom, high-end swimwear, independent fashion",TRUE,Color,Stone Gray,Size,XL,TWESSIE_NA_BB_0310-Stone Gray-XL,168.0,,10
twessie-na-bb-0310,Raw-Edge Chalk White Bikini Bottom,<p>A statement piece in Crinkled Seersucker. This bikini bottom combines intelligent aesthetic design with impeccable craftsmanship. Available in Chalk White with Stone Gray detailing. Not loud. Not obvious. Unmistakably Twessie.</p>,Twessie,Bikini Bottom,"minimalist luxury, luxury Chalk White swimwear, minimalist bikini bottom, high-end swimwear, independent fashion",TRUE,Color,Stone Gray,Size,XXL,TWESSIE_NA_BB_0310-Stone Gray-XXL,168.0,,10
twessie-na-op-0401,Minimalist Crinkled Seersucker One-Piece,"<p>Crinkled Seersucker construction meets architectural precision in this one-piece. Designed for the intelligent, independent woman. The Stone Gray colorway with Chalk White accents creates a sophisticated palette. Pure anti-fashion statement elegance.</p>",Twessie,One-Piece,"Crinkled Seersucker bikini, independent fashion, luxury Stone Gray swimwear, minimalist one-piece, minimalist luxury",TRUE,Color,Stone Gray,Size,XS,TWESSIE_NA_OP_0401-Stone Gray-XS,168.0,,10
twessie-na-op-0401,Minimalist Crinkled Seersucker One-Piece,"<p>Crinkled Seersucker construction meets architectural precision in this one-piece. Designed for the intelligent, independent woman. The Stone Gray colorway with Chalk White accents creates a sophisticated palette. Pure anti-fashion statement elegance.</p>",Twessie,One-Piece,"Crinkled Seersucker bikini, independent fashion, luxury Stone Gray swimwear, minimalist one-piece, minimalist luxury",TRUE,Color,Stone Gray,Size,S,TWESSIE_NA_OP_0401-Stone Gray-S,168.0,,10
twessie-na-op-0401,Minimalist Crinkled Seersucker One-Piece,"<p>Crinkled Seersucker construction meets architectural precision in this one-piece. Designed for the intelligent, independent woman. The Stone Gray colorway with Chalk White accents creates a sophisticated palette. Pure anti-fashion statement elegance.</p>",Twessie,One-Piece,"Crinkled Seersucker bikini, independent fashion, luxury Stone Gray swimwear, minimalist one-piece, minimalist luxury",TRUE,Color,Stone Gray,Size,M,TWESSIE_NA_OP_0401-Stone Gray-M,168.0,,10
twessie-na-op-0401,Minimalist Crinkled Seersucker One-Piece,"<p>Crinkled Seersucker construction meets architectural precision in this one-piece. Designed for the intelligent, independent woman. The Stone Gray colorway with Chalk White accents creates a sophisticated palette. Pure anti-fashion statement elegance.</p>",Twessie,One-Piece,"Crinkled Seersucker bikini, independent fashion, luxury Stone Gray swimwear, minimalist one-piece, minimalist luxury",TRUE,Color,Stone Gray,Size,L,TWESSIE_NA_OP_0401-Stone Gray-L,168.0,,10
twessie-na-op-0401,Minimalist Crinkled Seersucker One-Piece,"<p>Crinkled Seersucker construction meets architectural precision in this one-piece. Designed for the intelligent, independent woman. The Stone Gray colorway with Chalk White accents creates a sophisticated palette. Pure anti-fashion statement elegance.</p>",Twessie,One-Piece,"Crinkled Seersucker bikini, independent fashion, luxury Stone Gray swimwear, minimalist one-piece, minimalist luxury",TRUE,Color,Stone Gray,Size,XL,TWESSIE_NA_OP_0401-Stone Gray-XL,168.0,,10
twessie-na-op-0401,Minimalist Crinkled Seersucker One-Piece,"<p>Crinkled Seersucker construction meets architectural precision in this one-piece. Designed for the intelligent, independent woman. The Stone Gray colorway with Chalk White accents creates a sophisticated palette. Pure anti-fashion statement elegance.</p>",Twessie,One-Piece,"Crinkled Seersucker bikini, independent fashion, luxury Stone Gray swimwear, minimalist one-piece, minimalist luxury",TRUE,Color,Stone Gray,Size,XXL,TWESSIE_NA_OP_0401-Stone Gray-XXL,168.0,,10
twessie-na-op-0401,Minimalist Crinkled Seersucker One-Piece,"<p>Crinkled Seersucker construction meets architectural precision in this one-piece. Designed for the intelligent, independent woman. The Stone Gray colorway with Chalk White accents creates a sophisticated palette. Pure anti-fashion statement elegance.</p>",Twessie,One-Piece,"Crinkled Seersucker bikini, independent fashion, luxury Stone Gray swimwear, minimalist one-piece, minimalist luxury",TRUE,Color,Chalk White,Size,XS,TWESSIE_NA_OP_0401-Chalk White-XS,168.0,,10
twessie-na-op-0401,Minimalist Crinkled Seersucker One-Piece,"<p>Crinkled Seersucker construction meets architectural precision in this one-piece. Designed for the intelligent, independent woman. The Stone Gray colorway with Chalk White accents creates a sophisticated palette. Pure anti-fashion statement elegance.</p>",Twessie,One-Piece,"Crinkled Seersucker bikini, independent fashion, luxury Stone Gray swimwear, minimalist one-piece, minimalist luxury",TRUE,Color,Chalk White,Size,S,TWESSIE_NA_OP_0401-Chalk White-S,168.0,,10
twessie-na-op-0401,Minimalist Crinkled Seersucker One-Piece,"<p>Crinkled Seersucker construction meets architectural precision in this one-piece. Designed for the intelligent, independent woman. The Stone Gray colorway with Chalk White accents creates a sophisticated palette. Pure anti-fashion statement elegance.</p>",Twessie,One-Piece,"Crinkled Seersucker bikini, independent fashion, luxury Stone Gray swimwear, minimalist one-piece, minimalist luxury",TRUE,Color,Chalk White,Size,M,TWESSIE_NA_OP_0401-Chalk White-M,168.0,,10
twessie-na-op-0401,Minimalist Crinkled Seersucker One-Piece,"<p>Crinkled Seersucker construction meets architectural precision in this one-piece. Designed for the intelligent, independent woman. The Stone Gray colorway with Chalk White accents creates a sophisticated palette. Pure anti-fashion statement elegance.</p>",Twessie,One-Piece,"Crinkled Seersucker bikini, independent fashion, luxury Stone Gray swimwear, minimalist one-piece, minimalist luxury",TRUE,Color,Chalk White,Size,L,TWESSIE_NA_OP_0401-Chalk White-L,168.0,,10
twessie-na-op-0401,Minimalist Crinkled Seersucker One-Piece,"<p>Crinkled Seersucker construction meets architectural precision in this one-piece. Designed for the intelligent, independent woman. The Stone Gray colorway with Chalk White accents creates a sophisticated palette. Pure anti-fashion statement elegance.</p>",Twessie,One-Piece,"Crinkled Seersucker bikini, independent fashion, luxury Stone Gray swimwear, minimalist one-piece, minimalist luxury",TRUE,Color,Chalk White,Size,XL,TWESSIE_NA_OP_0401-Chalk White-XL,168.0,,10
twessie-na-op-0401,Minimalist Crinkled Seersucker One-Piece,"<p>Crinkled Seersucker construction meets architectural precision in this one-piece. Designed for the intelligent, independent woman. The Stone Gray colorway with Chalk White accents creates a sophisticated palette. Pure anti-fashion statement elegance.</p>",Twessie,One-Piece,"Crinkled Seersucker bikini, independent fashion, luxury Stone Gray swimwear, minimalist one-piece, minimalist luxury",TRUE,Color,Chalk White,Size,XXL,TWESSIE_NA_OP_0401-Chalk White-XXL,168.0,,10
twessie-na-op-0402,Sculptural Obsidian Black Monokini,<p>A statement piece in Econyl Sleek Satin. This one-piece combines minimalist luxury design with impeccable craftsmanship. Available in Obsidian Black with Burnt Terracotta detailing. Not loud. Not obvious. Unmistakably Twessie.</p>,Twessie,One-Piece,"luxury Obsidian Black swimwear, minimalist one-piece, independent fashion, high-end swimwear, Econyl Sleek Satin bikini",TRUE,Color,Obsidian Black,Size,XS,TWESSIE_NA_OP_0402-Obsidian Black-XS,168.0,,10
twessie-na-op-0402,Sculptural Obsidian Black Monokini,<p>A statement piece in Econyl Sleek Satin. This one-piece combines minimalist luxury design with impeccable craftsmanship. Available in Obsidian Black with Burnt Terracotta detailing. Not loud. Not obvious. Unmistakably Twessie.</p>,Twessie,One-Piece,"luxury Obsidian Black swimwear, minimalist one-piece, independent fashion, high-end swimwear, Econyl Sleek Satin bikini",TRUE,Color,Obsidian Black,Size,S,TWESSIE_NA_OP_0402-Obsidian Black-S,168.0,,10
twessie-na-op-0402,Sculptural Obsidian Black Monokini,<p>A statement piece in Econyl Sleek Satin. This one-piece combines minimalist luxury design with impeccable craftsmanship. Available in Obsidian Black with Burnt Terracotta detailing. Not loud. Not obvious. Unmistakably Twessie.</p>,Twessie,One-Piece,"luxury Obsidian Black swimwear, minimalist one-piece, independent fashion, high-end swimwear, Econyl Sleek Satin bikini",TRUE,Color,Obsidian Black,Size,M,TWESSIE_NA_OP_0402-Obsidian Black-M,168.0,,10
twessie-na-op-0402,Sculptural Obsidian Black Monokini,<p>A statement piece in Econyl Sleek Satin. This one-piece combines minimalist luxury design with impeccable craftsmanship. Available in Obsidian Black with Burnt Terracotta detailing. Not loud. Not obvious. Unmistakably Twessie.</p>,Twessie,One-Piece,"luxury Obsidian Black swimwear, minimalist one-piece, independent fashion, high-end swimwear, Econyl Sleek Satin bikini",TRUE,Color,Obsidian Black,Size,L,TWESSIE_NA_OP_0402-Obsidian Black-L,168.0,,10
twessie-na-op-0402,Sculptural Obsidian Black Monokini,<p>A statement piece in Econyl Sleek Satin. This one-piece combines minimalist luxury design with impeccable craftsmanship. Available in Obsidian Black with Burnt Terracotta detailing. Not loud. Not obvious. Unmistakably Twessie.</p>,Twessie,One-Piece,"luxury Obsidian Black swimwear, minimalist one-piece, independent fashion, high-end swimwear, Econyl Sleek Satin bikini",TRUE,Color,Obsidian Black,Size,XL,TWESSIE_NA_OP_0402-Obsidian Black-XL,168.0,,10
twessie-na-op-0402,Sculptural Obsidian Black Monokini,<p>A statement piece in Econyl Sleek Satin. This one-piece combines minimalist luxury design with impeccable craftsmanship. Available in Obsidian Black with Burnt Terracotta detailing. Not loud. Not obvious. Unmistakably Twessie.</p>,Twessie,One-Piece,"luxury Obsidian Black swimwear, minimalist one-piece, independent fashion, high-end swimwear, Econyl Sleek Satin bikini",TRUE,Color,Obsidian Black,Size,XXL,TWESSIE_NA_OP_0402-Obsidian Black-XXL,168.0,,10
twessie-na-op-0402,Sculptural Obsidian Black Monokini,<p>A statement piece in Econyl Sleek Satin. This one-piece combines minimalist luxury design with impeccable craftsmanship. Available in Obsidian Black with Burnt Terracotta detailing. Not loud. Not obvious. Unmistakably Twessie.</p>,Twessie,One-Piece,"luxury Obsidian Black swimwear, minimalist one-piece, independent fashion, high-end swimwear, Econyl Sleek Satin bikini",TRUE,Color,Burnt Terracotta,Size,XS,TWESSIE_NA_OP_0402-Burnt Terracotta-XS,168.0,,10
twessie-na-op-0402,Sculptural Obsidian Black Monokini,<p>A statement piece in Econyl Sleek Satin. This one-piece combines minimalist luxury design with impeccable craftsmanship. Available in Obsidian Black with Burnt Terracotta detailing. Not loud. Not obvious. Unmistakably Twessie.</p>,Twessie,One-Piece,"luxury Obsidian Black swimwear, minimalist one-piece, independent fashion, high-end swimwear, Econyl Sleek Satin bikini",TRUE,Color,Burnt Terracotta,Size,S,TWESSIE_NA_OP_0402-Burnt Terracotta-S,168.0,,10
twessie-na-op-0402,Sculptural Obsidian Black Monokini,<p>A statement piece in Econyl Sleek Satin. This one-piece combines minimalist luxury design with impeccable craftsmanship. Available in Obsidian Black with Burnt Terracotta detailing. Not loud. Not obvious. Unmistakably Twessie.</p>,Twessie,One-Piece,"luxury Obsidian Black swimwear, minimalist one-piece, independent fashion, high-end swimwear, Econyl Sleek Satin bikini",TRUE,Color,Burnt Terracotta,Size,M,TWESSIE_NA_OP_0402-Burnt Terracotta-M,168.0,,10
twessie-na-op-0402,Sculptural Obsidian Black Monokini,<p>A statement piece in Econyl Sleek Satin. This one-piece combines minimalist luxury design with impeccable craftsmanship. Available in Obsidian Black with Burnt Terracotta detailing. Not loud. Not obvious. Unmistakably Twessie.</p>,Twessie,One-Piece,"luxury Obsidian Black swimwear, minimalist one-piece, independent fashion, high-end swimwear, Econyl Sleek Satin bikini",TRUE,Color,Burnt Terracotta,Size,L,TWESSIE_NA_OP_0402-Burnt Terracotta-L,168.0,,10
twessie-na-op-0402,Sculptural Obsidian Black Monokini,<p>A statement piece in Econyl Sleek Satin. This one-piece combines minimalist luxury design with impeccable craftsmanship. Available in Obsidian Black with Burnt Terracotta detailing. Not loud. Not obvious. Unmistakably Twessie.</p>,Twessie,One-Piece,"luxury Obsidian Black swimwear, minimalist one-piece, independent fashion, high-end swimwear, Econyl Sleek Satin bikini",TRUE,Color,Burnt Terracotta,Size,XL,TWESSIE_NA_OP_0402-Burnt Terracotta-XL,168.0,,10
twessie-na-op-0402,Sculptural Obsidian Black Monokini,<p>A statement piece in Econyl Sleek Satin. This one-piece combines minimalist luxury design with impeccable craftsmanship. Available in Obsidian Black with Burnt Terracotta detailing. Not loud. Not obvious. Unmistakably Twessie.</p>,Twessie,One-Piece,"luxury Obsidian Black swimwear, minimalist one-piece, independent fashion, high-end swimwear, Econyl Sleek Satin bikini",TRUE,Color,Burnt Terracotta,Size,XXL,TWESSIE_NA_OP_0402-Burnt Terracotta-XXL,168.0,,10
twessie-jp-bb-0403,High-Cut Olive Drab Bikini Brief,"<p>Matte Ribbed Knit construction meets architectural precision in this bikini bottom. Designed for the intelligent, independent woman. The Olive Drab colorway with Burnt Terracotta accents creates a sophisticated palette. Pure rebellious yet refined elegance.</p>",Twessie,Bikini Bottom,"Matte Ribbed Knit bikini, luxury Olive Drab swimwear, architectural swimsuit, high-end swimwear, minimalist luxury",TRUE,Color,Olive Drab,Size,XS,TWESSIE_JP_BB_0403-Olive Drab-XS,168.0,,10
twessie-jp-bb-0403,High-Cut Olive Drab Bikini Brief,"<p>Matte Ribbed Knit construction meets architectural precision in this bikini bottom. Designed for the intelligent, independent woman. The Olive Drab colorway with Burnt Terracotta accents creates a sophisticated palette. Pure rebellious yet refined elegance.</p>",Twessie,Bikini Bottom,"Matte Ribbed Knit bikini, luxury Olive Drab swimwear, architectural swimsuit, high-end swimwear, minimalist luxury",TRUE,Color,Olive Drab,Size,S,TWESSIE_JP_BB_0403-Olive Drab-S,168.0,,10
twessie-jp-bb-0403,High-Cut Olive Drab Bikini Brief,"<p>Matte Ribbed Knit construction meets architectural precision in this bikini bottom. Designed for the intelligent, independent woman. The Olive Drab colorway with Burnt Terracotta accents creates a sophisticated palette. Pure rebellious yet refined elegance.</p>",Twessie,Bikini Bottom,"Matte Ribbed Knit bikini, luxury Olive Drab swimwear, architectural swimsuit, high-end swimwear, minimalist luxury",TRUE,Color,Olive Drab,Size,M,TWESSIE_JP_BB_0403-Olive Drab-M,168.0,,10
twessie-jp-bb-0403,High-Cut Olive Drab Bikini Brief,"<p>Matte Ribbed Knit construction meets architectural precision in this bikini bottom. Designed for the intelligent, independent woman. The Olive Drab colorway with Burnt Terracotta accents creates a sophisticated palette. Pure rebellious yet refined elegance.</p>",Twessie,Bikini Bottom,"Matte Ribbed Knit bikini, luxury Olive Drab swimwear, architectural swimsuit, high-end swimwear, minimalist luxury",TRUE,Color,Olive Drab,Size,L,TWESSIE_JP_BB_0403-Olive Drab-L,168.0,,10
twessie-jp-bb-0403,High-Cut Olive Drab Bikini Brief,"<p>Matte Ribbed Knit construction meets architectural precision in this bikini bottom. Designed for the intelligent, independent woman. The Olive Drab colorway with Burnt Terracotta accents creates a sophisticated palette. Pure rebellious yet refined elegance.</p>",Twessie,Bikini Bottom,"Matte Ribbed Knit bikini, luxury Olive Drab swimwear, architectural swimsuit, high-end swimwear, minimalist luxury",TRUE,Color,Olive Drab,Size,XL,TWESSIE_JP_BB_0403-Olive Drab-XL,168.0,,10
twessie-jp-bb-0403,High-Cut Olive Drab Bikini Brief,"<p>Matte Ribbed Knit construction meets architectural precision in this bikini bottom. Designed for the intelligent, independent woman. The Olive Drab colorway with Burnt Terracotta accents creates a sophisticated palette. Pure rebellious yet refined elegance.</p>",Twessie,Bikini Bottom,"Matte Ribbed Knit bikini, luxury Olive Drab swimwear, architectural swimsuit, high-end swimwear, minimalist luxury",TRUE,Color,Olive Drab,Size,XXL,TWESSIE_JP_BB_0403-Olive Drab-XXL,168.0,,10
twessie-jp-bb-0403,High-Cut Olive Drab Bikini Brief,"<p>Matte Ribbed Knit construction meets architectural precision in this bikini bottom. Designed for the intelligent, independent woman. The Olive Drab colorway with Burnt Terracotta accents creates a sophisticated palette. Pure rebellious yet refined elegance.</p>",Twessie,Bikini Bottom,"Matte Ribbed Knit bikini, luxury Olive Drab swimwear, architectural swimsuit, high-end swimwear, minimalist luxury",TRUE,Color,Burnt Terracotta,Size,XS,TWESSIE_JP_BB_0403-Burnt Terracotta-XS,168.0,,10
twessie-jp-bb-0403,High-Cut Olive Drab Bikini Brief,"<p>Matte Ribbed Knit construction meets architectural precision in this bikini bottom. Designed for the intelligent, independent woman. The Olive Drab colorway with Burnt Terracotta accents creates a sophisticated palette. Pure rebellious yet refined elegance.</p>",Twessie,Bikini Bottom,"Matte Ribbed Knit bikini, luxury Olive Drab swimwear, architectural swimsuit, high-end swimwear, minimalist luxury",TRUE,Color,Burnt Terracotta,Size,S,TWESSIE_JP_BB_0403-Burnt Terracotta-S,168.0,,10
twessie-jp-bb-0403,High-Cut Olive Drab Bikini Brief,"<p>Matte Ribbed Knit construction meets architectural precision in this bikini bottom. Designed for the intelligent, independent woman. The Olive Drab colorway with Burnt Terracotta accents creates a sophisticated palette. Pure rebellious yet refined elegance.</p>",Twessie,Bikini Bottom,"Matte Ribbed Knit bikini, luxury Olive Drab swimwear, architectural swimsuit, high-end swimwear, minimalist luxury",TRUE,Color,Burnt Terracotta,Size,M,TWESSIE_JP_BB_0403-Burnt Terracotta-M,168.0,,10
twessie-jp-bb-0403,High-Cut Olive Drab Bikini Brief,"<p>Matte Ribbed Knit construction meets architectural precision in this bikini bottom. Designed for the intelligent, independent woman. The Olive Drab colorway with Burnt Terracotta accents creates a sophisticated palette. Pure rebellious yet refined elegance.</p>",Twessie,Bikini Bottom,"Matte Ribbed Knit bikini, luxury Olive Drab swimwear, architectural swimsuit, high-end swimwear, minimalist luxury",TRUE,Color,Burnt Terracotta,Size,L,TWESSIE_JP_BB_0403-Burnt Terracotta-L,168.0,,10
twessie-jp-bb-0403,High-Cut Olive Drab Bikini Brief,"<p>Matte Ribbed Knit construction meets architectural precision in this bikini bottom. Designed for the intelligent, independent woman. The Olive Drab colorway with Burnt Terracotta accents creates a sophisticated palette. Pure rebellious yet refined elegance.</p>",Twessie,Bikini Bottom,"Matte Ribbed Knit bikini, luxury Olive Drab swimwear, architectural swimsuit, high-end swimwear, minimalist luxury",TRUE,Color,Burnt Terracotta,Size,XL,TWESSIE_JP_BB_0403-Burnt Terracotta-XL,168.0,,10
twessie-jp-bb-0403,High-Cut Olive Drab Bikini Brief,"<p>Matte Ribbed Knit construction meets architectural precision in this bikini bottom. Designed for the intelligent, independent woman. The Olive Drab colorway with Burnt Terracotta accents creates a sophisticated palette. Pure rebellious yet refined elegance.</p>",Twessie,Bikini Bottom,"Matte Ribbed Knit bikini, luxury Olive Drab swimwear, architectural swimsuit, high-end swimwear, minimalist luxury",TRUE,Color,Burnt Terracotta,Size,XXL,TWESSIE_JP_BB_0403-Burnt Terracotta-XXL,168.0,,10
twessie-eu-op-0404,Minimalist Matte Ribbed Knit One-Piece,"<p>Matte Ribbed Knit construction meets architectural precision in this one-piece. Designed for the intelligent, independent woman. The Burnt Terracotta colorway with Olive Drab accents creates a sophisticated palette. Pure rebellious yet refined elegance.</p>",Twessie,One-Piece,"minimalist one-piece, Matte Ribbed Knit bikini, independent fashion, minimalist luxury, architectural swimsuit",TRUE,Color,Burnt Terracotta,Size,XS,TWESSIE_EU_OP_0404-Burnt Terracotta-XS,168.0,,10
twessie-eu-op-0404,Minimalist Matte Ribbed Knit One-Piece,"<p>Matte Ribbed Knit construction meets architectural precision in this one-piece. Designed for the intelligent, independent woman. The Burnt Terracotta colorway with Olive Drab accents creates a sophisticated palette. Pure rebellious yet refined elegance.</p>",Twessie,One-Piece,"minimalist one-piece, Matte Ribbed Knit bikini, independent fashion, minimalist luxury, architectural swimsuit",TRUE,Color,Burnt Terracotta,Size,S,TWESSIE_EU_OP_0404-Burnt Terracotta-S,168.0,,10
twessie-eu-op-0404,Minimalist Matte Ribbed Knit One-Piece,"<p>Matte Ribbed Knit construction meets architectural precision in this one-piece. Designed for the intelligent, independent woman. The Burnt Terracotta colorway with Olive Drab accents creates a sophisticated palette. Pure rebellious yet refined elegance.</p>",Twessie,One-Piece,"minimalist one-piece, Matte Ribbed Knit bikini, independent fashion, minimalist luxury, architectural swimsuit",TRUE,Color,Burnt Terracotta,Size,M,TWESSIE_EU_OP_0404-Burnt Terracotta-M,168.0,,10
twessie-eu-op-0404,Minimalist Matte Ribbed Knit One-Piece,"<p>Matte Ribbed Knit construction meets architectural precision in this one-piece. Designed for the intelligent, independent woman. The Burnt Terracotta colorway with Olive Drab accents creates a sophisticated palette. Pure rebellious yet refined elegance.</p>",Twessie,One-Piece,"minimalist one-piece, Matte Ribbed Knit bikini, independent fashion, minimalist luxury, architectural swimsuit",TRUE,Color,Burnt Terracotta,Size,L,TWESSIE_EU_OP_0404-Burnt Terracotta-L,168.0,,10
twessie-eu-op-0404,Minimalist Matte Ribbed Knit One-Piece,"<p>Matte Ribbed Knit construction meets architectural precision in this one-piece. Designed for the intelligent, independent woman. The Burnt Terracotta colorway with Olive Drab accents creates a sophisticated palette. Pure rebellious yet refined elegance.</p>",Twessie,One-Piece,"minimalist one-piece, Matte Ribbed Knit bikini, independent fashion, minimalist luxury, architectural swimsuit",TRUE,Color,Burnt Terracotta,Size,XL,TWESSIE_EU_OP_0404-Burnt Terracotta-XL,168.0,,10
twessie-eu-op-0404,Minimalist Matte Ribbed Knit One-Piece,"<p>Matte Ribbed Knit construction meets architectural precision in this one-piece. Designed for the intelligent, independent woman. The Burnt Terracotta colorway with Olive Drab accents creates a sophisticated palette. Pure rebellious yet refined elegance.</p>",Twessie,One-Piece,"minimalist one-piece, Matte Ribbed Knit bikini, independent fashion, minimalist luxury, architectural swimsuit",TRUE,Color,Burnt Terracotta,Size,XXL,TWESSIE_EU_OP_0404-Burnt Terracotta-XXL,168.0,,10
twessie-eu-op-0404,Minimalist Matte Ribbed Knit One-Piece,"<p>Matte Ribbed Knit construction meets architectural precision in this one-piece. Designed for the intelligent, independent woman. The Burnt Terracotta colorway with Olive Drab accents creates a sophisticated palette. Pure rebellious yet refined elegance.</p>",Twessie,One-Piece,"minimalist one-piece, Matte Ribbed Knit bikini, independent fashion, minimalist luxury, architectural swimsuit",TRUE,Color,Olive Drab,Size,XS,TWESSIE_EU_OP_0404-Olive Drab-XS,168.0,,10
twessie-eu-op-0404,Minimalist Matte Ribbed Knit One-Piece,"<p>Matte Ribbed Knit construction meets architectural precision in this one-piece. Designed for the intelligent, independent woman. The Burnt Terracotta colorway with Olive Drab accents creates a sophisticated palette. Pure rebellious yet refined elegance.</p>",Twessie,One-Piece,"minimalist one-piece, Matte Ribbed Knit bikini, independent fashion, minimalist luxury, architectural swimsuit",TRUE,Color,Olive Drab,Size,S,TWESSIE_EU_OP_0404-Olive Drab-S,168.0,,10
twessie-eu-op-0404,Minimalist Matte Ribbed Knit One-Piece,"<p>Matte Ribbed Knit construction meets architectural precision in this one-piece. Designed for the intelligent, independent woman. The Burnt Terracotta colorway with Olive Drab accents creates a sophisticated palette. Pure rebellious yet refined elegance.</p>",Twessie,One-Piece,"minimalist one-piece, Matte Ribbed Knit bikini, independent fashion, minimalist luxury, architectural swimsuit",TRUE,Color,Olive Drab,Size,M,TWESSIE_EU_OP_0404-Olive Drab-M,168.0,,10
twessie-eu-op-0404,Minimalist Matte Ribbed Knit One-Piece,"<p>Matte Ribbed Knit construction meets architectural precision in this one-piece. Designed for the intelligent, independent woman. The Burnt Terracotta colorway with Olive Drab accents creates a sophisticated palette. Pure rebellious yet refined elegance.</p>",Twessie,One-Piece,"minimalist one-piece, Matte Ribbed Knit bikini, independent fashion, minimalist luxury, architectural swimsuit",TRUE,Color,Olive Drab,Size,L,TWESSIE_EU_OP_0404-Olive Drab-L,168.0,,10
twessie-eu-op-0404,Minimalist Matte Ribbed Knit One-Piece,"<p>Matte Ribbed Knit construction meets architectural precision in this one-piece. Designed for the intelligent, independent woman. The Burnt Terracotta colorway with Olive Drab accents creates a sophisticated palette. Pure rebellious yet refined elegance.</p>",Twessie,One-Piece,"minimalist one-piece, Matte Ribbed Knit bikini, independent fashion, minimalist luxury, architectural swimsuit",TRUE,Color,Olive Drab,Size,XL,TWESSIE_EU_OP_0404-Olive Drab-XL,168.0,,10
twessie-eu-op-0404,Minimalist Matte Ribbed Knit One-Piece,"<p>Matte Ribbed Knit construction meets architectural precision in this one-piece. Designed for the intelligent, independent woman. The Burnt Terracotta colorway with Olive Drab accents creates a sophisticated palette. Pure rebellious yet refined elegance.</p>",Twessie,One-Piece,"minimalist one-piece, Matte Ribbed Knit bikini, independent fashion, minimalist luxury, architectural swimsuit",TRUE,Color,Olive Drab,Size,XXL,TWESSIE_EU_OP_0404-Olive Drab-XXL,168.0,,10
twessie-jp-bb-0405,Structural Crinkled Seersucker Bikini Bottom,<p>Crafted in premium Crinkled Seersucker with Matte Ribbed Knit accents. This bikini bottom epitomizes architectural elegance luxury. Featuring color-blocking in Chalk White and Stone Gray. Perfect for the discerning swimmer who refuses the obvious.</p>,Twessie,Bikini Bottom,"high-end swimwear, minimalist bikini bottom, luxury Chalk White swimwear, Crinkled Seersucker bikini, minimalist luxury",TRUE,Color,Chalk White,Size,XS,TWESSIE_JP_BB_0405-Chalk White-XS,168.0,,10
twessie-jp-bb-0405,Structural Crinkled Seersucker Bikini Bottom,<p>Crafted in premium Crinkled Seersucker with Matte Ribbed Knit accents. This bikini bottom epitomizes architectural elegance luxury. Featuring color-blocking in Chalk White and Stone Gray. Perfect for the discerning swimmer who refuses the obvious.</p>,Twessie,Bikini Bottom,"high-end swimwear, minimalist bikini bottom, luxury Chalk White swimwear, Crinkled Seersucker bikini, minimalist luxury",TRUE,Color,Chalk White,Size,S,TWESSIE_JP_BB_0405-Chalk White-S,168.0,,10
twessie-jp-bb-0405,Structural Crinkled Seersucker Bikini Bottom,<p>Crafted in premium Crinkled Seersucker with Matte Ribbed Knit accents. This bikini bottom epitomizes architectural elegance luxury. Featuring color-blocking in Chalk White and Stone Gray. Perfect for the discerning swimmer who refuses the obvious.</p>,Twessie,Bikini Bottom,"high-end swimwear, minimalist bikini bottom, luxury Chalk White swimwear, Crinkled Seersucker bikini, minimalist luxury",TRUE,Color,Chalk White,Size,M,TWESSIE_JP_BB_0405-Chalk White-M,168.0,,10
twessie-jp-bb-0405,Structural Crinkled Seersucker Bikini Bottom,<p>Crafted in premium Crinkled Seersucker with Matte Ribbed Knit accents. This bikini bottom epitomizes architectural elegance luxury. Featuring color-blocking in Chalk White and Stone Gray. Perfect for the discerning swimmer who refuses the obvious.</p>,Twessie,Bikini Bottom,"high-end swimwear, minimalist bikini bottom, luxury Chalk White swimwear, Crinkled Seersucker bikini, minimalist luxury",TRUE,Color,Chalk White,Size,L,TWESSIE_JP_BB_0405-Chalk White-L,168.0,,10
twessie-jp-bb-0405,Structural Crinkled Seersucker Bikini Bottom,<p>Crafted in premium Crinkled Seersucker with Matte Ribbed Knit accents. This bikini bottom epitomizes architectural elegance luxury. Featuring color-blocking in Chalk White and Stone Gray. Perfect for the discerning swimmer who refuses the obvious.</p>,Twessie,Bikini Bottom,"high-end swimwear, minimalist bikini bottom, luxury Chalk White swimwear, Crinkled Seersucker bikini, minimalist luxury",TRUE,Color,Chalk White,Size,XL,TWESSIE_JP_BB_0405-Chalk White-XL,168.0,,10
twessie-jp-bb-0405,Structural Crinkled Seersucker Bikini Bottom,<p>Crafted in premium Crinkled Seersucker with Matte Ribbed Knit accents. This bikini bottom epitomizes architectural elegance luxury. Featuring color-blocking in Chalk White and Stone Gray. Perfect for the discerning swimmer who refuses the obvious.</p>,Twessie,Bikini Bottom,"high-end swimwear, minimalist bikini bottom, luxury Chalk White swimwear, Crinkled Seersucker bikini, minimalist luxury",TRUE,Color,Chalk White,Size,XXL,TWESSIE_JP_BB_0405-Chalk White-XXL,168.0,,10
twessie-jp-bb-0405,Structural Crinkled Seersucker Bikini Bottom,<p>Crafted in premium Crinkled Seersucker with Matte Ribbed Knit accents. This bikini bottom epitomizes architectural elegance luxury. Featuring color-blocking in Chalk White and Stone Gray. Perfect for the discerning swimmer who refuses the obvious.</p>,Twessie,Bikini Bottom,"high-end swimwear, minimalist bikini bottom, luxury Chalk White swimwear, Crinkled Seersucker bikini, minimalist luxury",TRUE,Color,Stone Gray,Size,XS,TWESSIE_JP_BB_0405-Stone Gray-XS,168.0,,10
twessie-jp-bb-0405,Structural Crinkled Seersucker Bikini Bottom,<p>Crafted in premium Crinkled Seersucker with Matte Ribbed Knit accents. This bikini bottom epitomizes architectural elegance luxury. Featuring color-blocking in Chalk White and Stone Gray. Perfect for the discerning swimmer who refuses the obvious.</p>,Twessie,Bikini Bottom,"high-end swimwear, minimalist bikini bottom, luxury Chalk White swimwear, Crinkled Seersucker bikini, minimalist luxury",TRUE,Color,Stone Gray,Size,S,TWESSIE_JP_BB_0405-Stone Gray-S,168.0,,10
twessie-jp-bb-0405,Structural Crinkled Seersucker Bikini Bottom,<p>Crafted in premium Crinkled Seersucker with Matte Ribbed Knit accents. This bikini bottom epitomizes architectural elegance luxury. Featuring color-blocking in Chalk White and Stone Gray. Perfect for the discerning swimmer who refuses the obvious.</p>,Twessie,Bikini Bottom,"high-end swimwear, minimalist bikini bottom, luxury Chalk White swimwear, Crinkled Seersucker bikini, minimalist luxury",TRUE,Color,Stone Gray,Size,M,TWESSIE_JP_BB_0405-Stone Gray-M,168.0,,10
twessie-jp-bb-0405,Structural Crinkled Seersucker Bikini Bottom,<p>Crafted in premium Crinkled Seersucker with Matte Ribbed Knit accents. This bikini bottom epitomizes architectural elegance luxury. Featuring color-blocking in Chalk White and Stone Gray. Perfect for the discerning swimmer who refuses the obvious.</p>,Twessie,Bikini Bottom,"high-end swimwear, minimalist bikini bottom, luxury Chalk White swimwear, Crinkled Seersucker bikini, minimalist luxury",TRUE,Color,Stone Gray,Size,L,TWESSIE_JP_BB_0405-Stone Gray-L,168.0,,10
twessie-jp-bb-0405,Structural Crinkled Seersucker Bikini Bottom,<p>Crafted in premium Crinkled Seersucker with Matte Ribbed Knit accents. This bikini bottom epitomizes architectural elegance luxury. Featuring color-blocking in Chalk White and Stone Gray. Perfect for the discerning swimmer who refuses the obvious.</p>,Twessie,Bikini Bottom,"high-end swimwear, minimalist bikini bottom, luxury Chalk White swimwear, Crinkled Seersucker bikini, minimalist luxury",TRUE,Color,Stone Gray,Size,XL,TWESSIE_JP_BB_0405-Stone Gray-XL,168.0,,10
twessie-jp-bb-0405,Structural Crinkled Seersucker Bikini Bottom,<p>Crafted in premium Crinkled Seersucker with Matte Ribbed Knit accents. This bikini bottom epitomizes architectural elegance luxury. Featuring color-blocking in Chalk White and Stone Gray. Perfect for the discerning swimmer who refuses the obvious.</p>,Twessie,Bikini Bottom,"high-end swimwear, minimalist bikini bottom, luxury Chalk White swimwear, Crinkled Seersucker bikini, minimalist luxury",TRUE,Color,Stone Gray,Size,XXL,TWESSIE_JP_BB_0405-Stone Gray-XXL,168.0,,10
twessie-jp-bb-0406,Raw-Edge Burnt Terracotta Bikini Bottom,<p>Crafted in premium Matte Ribbed Knit with Econyl Sleek Satin accents. This bikini bottom epitomizes architectural elegance luxury. Featuring color-blocking in Burnt Terracotta and Olive Drab. Perfect for the discerning swimmer who refuses the obvious.</p>,Twessie,Bikini Bottom,"minimalist luxury, Matte Ribbed Knit bikini, minimalist bikini bottom, independent fashion, luxury Burnt Terracotta swimwear",TRUE,Color,Burnt Terracotta,Size,XS,TWESSIE_JP_BB_0406-Burnt Terracotta-XS,168.0,,10
twessie-jp-bb-0406,Raw-Edge Burnt Terracotta Bikini Bottom,<p>Crafted in premium Matte Ribbed Knit with Econyl Sleek Satin accents. This bikini bottom epitomizes architectural elegance luxury. Featuring color-blocking in Burnt Terracotta and Olive Drab. Perfect for the discerning swimmer who refuses the obvious.</p>,Twessie,Bikini Bottom,"minimalist luxury, Matte Ribbed Knit bikini, minimalist bikini bottom, independent fashion, luxury Burnt Terracotta swimwear",TRUE,Color,Burnt Terracotta,Size,S,TWESSIE_JP_BB_0406-Burnt Terracotta-S,168.0,,10
twessie-jp-bb-0406,Raw-Edge Burnt Terracotta Bikini Bottom,<p>Crafted in premium Matte Ribbed Knit with Econyl Sleek Satin accents. This bikini bottom epitomizes architectural elegance luxury. Featuring color-blocking in Burnt Terracotta and Olive Drab. Perfect for the discerning swimmer who refuses the obvious.</p>,Twessie,Bikini Bottom,"minimalist luxury, Matte Ribbed Knit bikini, minimalist bikini bottom, independent fashion, luxury Burnt Terracotta swimwear",TRUE,Color,Burnt Terracotta,Size,M,TWESSIE_JP_BB_0406-Burnt Terracotta-M,168.0,,10
twessie-jp-bb-0406,Raw-Edge Burnt Terracotta Bikini Bottom,<p>Crafted in premium Matte Ribbed Knit with Econyl Sleek Satin accents. This bikini bottom epitomizes architectural elegance luxury. Featuring color-blocking in Burnt Terracotta and Olive Drab. Perfect for the discerning swimmer who refuses the obvious.</p>,Twessie,Bikini Bottom,"minimalist luxury, Matte Ribbed Knit bikini, minimalist bikini bottom, independent fashion, luxury Burnt Terracotta swimwear",TRUE,Color,Burnt Terracotta,Size,L,TWESSIE_JP_BB_0406-Burnt Terracotta-L,168.0,,10
twessie-jp-bb-0406,Raw-Edge Burnt Terracotta Bikini Bottom,<p>Crafted in premium Matte Ribbed Knit with Econyl Sleek Satin accents. This bikini bottom epitomizes architectural elegance luxury. Featuring color-blocking in Burnt Terracotta and Olive Drab. Perfect for the discerning swimmer who refuses the obvious.</p>,Twessie,Bikini Bottom,"minimalist luxury, Matte Ribbed Knit bikini, minimalist bikini bottom, independent fashion, luxury Burnt Terracotta swimwear",TRUE,Color,Burnt Terracotta,Size,XL,TWESSIE_JP_BB_0406-Burnt Terracotta-XL,168.0,,10
twessie-jp-bb-0406,Raw-Edge Burnt Terracotta Bikini Bottom,<p>Crafted in premium Matte Ribbed Knit with Econyl Sleek Satin accents. This bikini bottom epitomizes architectural elegance luxury. Featuring color-blocking in Burnt Terracotta and Olive Drab. Perfect for the discerning swimmer who refuses the obvious.</p>,Twessie,Bikini Bottom,"minimalist luxury, Matte Ribbed Knit bikini, minimalist bikini bottom, independent fashion, luxury Burnt Terracotta swimwear",TRUE,Color,Burnt Terracotta,Size,XXL,TWESSIE_JP_BB_0406-Burnt Terracotta-XXL,168.0,,10
twessie-jp-bb-0406,Raw-Edge Burnt Terracotta Bikini Bottom,<p>Crafted in premium Matte Ribbed Knit with Econyl Sleek Satin accents. This bikini bottom epitomizes architectural elegance luxury. Featuring color-blocking in Burnt Terracotta and Olive Drab. Perfect for the discerning swimmer who refuses the obvious.</p>,Twessie,Bikini Bottom,"minimalist luxury, Matte Ribbed Knit bikini, minimalist bikini bottom, independent fashion, luxury Burnt Terracotta swimwear",TRUE,Color,Olive Drab,Size,XS,TWESSIE_JP_BB_0406-Olive Drab-XS,168.0,,10
twessie-jp-bb-0406,Raw-Edge Burnt Terracotta Bikini Bottom,<p>Crafted in premium Matte Ribbed Knit with Econyl Sleek Satin accents. This bikini bottom epitomizes architectural elegance luxury. Featuring color-blocking in Burnt Terracotta and Olive Drab. Perfect for the discerning swimmer who refuses the obvious.</p>,Twessie,Bikini Bottom,"minimalist luxury, Matte Ribbed Knit bikini, minimalist bikini bottom, independent fashion, luxury Burnt Terracotta swimwear",TRUE,Color,Olive Drab,Size,S,TWESSIE_JP_BB_0406-Olive Drab-S,168.0,,10
twessie-jp-bb-0406,Raw-Edge Burnt Terracotta Bikini Bottom,<p>Crafted in premium Matte Ribbed Knit with Econyl Sleek Satin accents. This bikini bottom epitomizes architectural elegance luxury. Featuring color-blocking in Burnt Terracotta and Olive Drab. Perfect for the discerning swimmer who refuses the obvious.</p>,Twessie,Bikini Bottom,"minimalist luxury, Matte Ribbed Knit bikini, minimalist bikini bottom, independent fashion, luxury Burnt Terracotta swimwear",TRUE,Color,Olive Drab,Size,M,TWESSIE_JP_BB_0406-Olive Drab-M,168.0,,10
twessie-jp-bb-0406,Raw-Edge Burnt Terracotta Bikini Bottom,<p>Crafted in premium Matte Ribbed Knit with Econyl Sleek Satin accents. This bikini bottom epitomizes architectural elegance luxury. Featuring color-blocking in Burnt Terracotta and Olive Drab. Perfect for the discerning swimmer who refuses the obvious.</p>,Twessie,Bikini Bottom,"minimalist luxury, Matte Ribbed Knit bikini, minimalist bikini bottom, independent fashion, luxury Burnt Terracotta swimwear",TRUE,Color,Olive Drab,Size,L,TWESSIE_JP_BB_0406-Olive Drab-L,168.0,,10
twessie-jp-bb-0406,Raw-Edge Burnt Terracotta Bikini Bottom,<p>Crafted in premium Matte Ribbed Knit with Econyl Sleek Satin accents. This bikini bottom epitomizes architectural elegance luxury. Featuring color-blocking in Burnt Terracotta and Olive Drab. Perfect for the discerning swimmer who refuses the obvious.</p>,Twessie,Bikini Bottom,"minimalist luxury, Matte Ribbed Knit bikini, minimalist bikini bottom, independent fashion, luxury Burnt Terracotta swimwear",TRUE,Color,Olive Drab,Size,XL,TWESSIE_JP_BB_0406-Olive Drab-XL,168.0,,10
twessie-jp-bb-0406,Raw-Edge Burnt Terracotta Bikini Bottom,<p>Crafted in premium Matte Ribbed Knit with Econyl Sleek Satin accents. This bikini bottom epitomizes architectural elegance luxury. Featuring color-blocking in Burnt Terracotta and Olive Drab. Perfect for the discerning swimmer who refuses the obvious.</p>,Twessie,Bikini Bottom,"minimalist luxury, Matte Ribbed Knit bikini, minimalist bikini bottom, independent fashion, luxury Burnt Terracotta swimwear",TRUE,Color,Olive Drab,Size,XXL,TWESSIE_JP_BB_0406-Olive Drab-XXL,168.0,,10
twessie-sg-bt-0407,Architecture-Cut Obsidian Black Bikini Top,<p>A statement piece in Econyl Sleek Satin. This bikini top combines anti-fashion statement design with impeccable craftsmanship. Available in Obsidian Black with Chalk White detailing. Not loud. Not obvious. Unmistakably Twessie.</p>,Twessie,Bikini Top,"minimalist luxury, architectural swimsuit, high-end swimwear, independent fashion, luxury Obsidian Black swimwear",TRUE,Color,Obsidian Black,Size,XS,TWESSIE_SG_BT_0407-Obsidian Black-XS,168.0,,10
twessie-sg-bt-0407,Architecture-Cut Obsidian Black Bikini Top,<p>A statement piece in Econyl Sleek Satin. This bikini top combines anti-fashion statement design with impeccable craftsmanship. Available in Obsidian Black with Chalk White detailing. Not loud. Not obvious. Unmistakably Twessie.</p>,Twessie,Bikini Top,"minimalist luxury, architectural swimsuit, high-end swimwear, independent fashion, luxury Obsidian Black swimwear",TRUE,Color,Obsidian Black,Size,S,TWESSIE_SG_BT_0407-Obsidian Black-S,168.0,,10
twessie-sg-bt-0407,Architecture-Cut Obsidian Black Bikini Top,<p>A statement piece in Econyl Sleek Satin. This bikini top combines anti-fashion statement design with impeccable craftsmanship. Available in Obsidian Black with Chalk White detailing. Not loud. Not obvious. Unmistakably Twessie.</p>,Twessie,Bikini Top,"minimalist luxury, architectural swimsuit, high-end swimwear, independent fashion, luxury Obsidian Black swimwear",TRUE,Color,Obsidian Black,Size,M,TWESSIE_SG_BT_0407-Obsidian Black-M,168.0,,10
twessie-sg-bt-0407,Architecture-Cut Obsidian Black Bikini Top,<p>A statement piece in Econyl Sleek Satin. This bikini top combines anti-fashion statement design with impeccable craftsmanship. Available in Obsidian Black with Chalk White detailing. Not loud. Not obvious. Unmistakably Twessie.</p>,Twessie,Bikini Top,"minimalist luxury, architectural swimsuit, high-end swimwear, independent fashion, luxury Obsidian Black swimwear",TRUE,Color,Obsidian Black,Size,L,TWESSIE_SG_BT_0407-Obsidian Black-L,168.0,,10
twessie-sg-bt-0407,Architecture-Cut Obsidian Black Bikini Top,<p>A statement piece in Econyl Sleek Satin. This bikini top combines anti-fashion statement design with impeccable craftsmanship. Available in Obsidian Black with Chalk White detailing. Not loud. Not obvious. Unmistakably Twessie.</p>,Twessie,Bikini Top,"minimalist luxury, architectural swimsuit, high-end swimwear, independent fashion, luxury Obsidian Black swimwear",TRUE,Color,Obsidian Black,Size,XL,TWESSIE_SG_BT_0407-Obsidian Black-XL,168.0,,10
twessie-sg-bt-0407,Architecture-Cut Obsidian Black Bikini Top,<p>A statement piece in Econyl Sleek Satin. This bikini top combines anti-fashion statement design with impeccable craftsmanship. Available in Obsidian Black with Chalk White detailing. Not loud. Not obvious. Unmistakably Twessie.</p>,Twessie,Bikini Top,"minimalist luxury, architectural swimsuit, high-end swimwear, independent fashion, luxury Obsidian Black swimwear",TRUE,Color,Obsidian Black,Size,XXL,TWESSIE_SG_BT_0407-Obsidian Black-XXL,168.0,,10
twessie-sg-bt-0407,Architecture-Cut Obsidian Black Bikini Top,<p>A statement piece in Econyl Sleek Satin. This bikini top combines anti-fashion statement design with impeccable craftsmanship. Available in Obsidian Black with Chalk White detailing. Not loud. Not obvious. Unmistakably Twessie.</p>,Twessie,Bikini Top,"minimalist luxury, architectural swimsuit, high-end swimwear, independent fashion, luxury Obsidian Black swimwear",TRUE,Color,Chalk White,Size,XS,TWESSIE_SG_BT_0407-Chalk White-XS,168.0,,10
twessie-sg-bt-0407,Architecture-Cut Obsidian Black Bikini Top,<p>A statement piece in Econyl Sleek Satin. This bikini top combines anti-fashion statement design with impeccable craftsmanship. Available in Obsidian Black with Chalk White detailing. Not loud. Not obvious. Unmistakably Twessie.</p>,Twessie,Bikini Top,"minimalist luxury, architectural swimsuit, high-end swimwear, independent fashion, luxury Obsidian Black swimwear",TRUE,Color,Chalk White,Size,S,TWESSIE_SG_BT_0407-Chalk White-S,168.0,,10
twessie-sg-bt-0407,Architecture-Cut Obsidian Black Bikini Top,<p>A statement piece in Econyl Sleek Satin. This bikini top combines anti-fashion statement design with impeccable craftsmanship. Available in Obsidian Black with Chalk White detailing. Not loud. Not obvious. Unmistakably Twessie.</p>,Twessie,Bikini Top,"minimalist luxury, architectural swimsuit, high-end swimwear, independent fashion, luxury Obsidian Black swimwear",TRUE,Color,Chalk White,Size,M,TWESSIE_SG_BT_0407-Chalk White-M,168.0,,10
twessie-sg-bt-0407,Architecture-Cut Obsidian Black Bikini Top,<p>A statement piece in Econyl Sleek Satin. This bikini top combines anti-fashion statement design with impeccable craftsmanship. Available in Obsidian Black with Chalk White detailing. Not loud. Not obvious. Unmistakably Twessie.</p>,Twessie,Bikini Top,"minimalist luxury, architectural swimsuit, high-end swimwear, independent fashion, luxury Obsidian Black swimwear",TRUE,Color,Chalk White,Size,L,TWESSIE_SG_BT_0407-Chalk White-L,168.0,,10
twessie-sg-bt-0407,Architecture-Cut Obsidian Black Bikini Top,<p>A statement piece in Econyl Sleek Satin. This bikini top combines anti-fashion statement design with impeccable craftsmanship. Available in Obsidian Black with Chalk White detailing. Not loud. Not obvious. Unmistakably Twessie.</p>,Twessie,Bikini Top,"minimalist luxury, architectural swimsuit, high-end swimwear, independent fashion, luxury Obsidian Black swimwear",TRUE,Color,Chalk White,Size,XL,TWESSIE_SG_BT_0407-Chalk White-XL,168.0,,10
twessie-sg-bt-0407,Architecture-Cut Obsidian Black Bikini Top,<p>A statement piece in Econyl Sleek Satin. This bikini top combines anti-fashion statement design with impeccable craftsmanship. Available in Obsidian Black with Chalk White detailing. Not loud. Not obvious. Unmistakably Twessie.</p>,Twessie,Bikini Top,"minimalist luxury, architectural swimsuit, high-end swimwear, independent fashion, luxury Obsidian Black swimwear",TRUE,Color,Chalk White,Size,XXL,TWESSIE_SG_BT_0407-Chalk White-XXL,168.0,,10
twessie-na-bb-0408,Structural Matte Ribbed Knit Bikini Bottom,"<p>Matte Ribbed Knit construction meets architectural precision in this bikini bottom. Designed for the intelligent, independent woman. The Burnt Terracotta colorway with Olive Drab accents creates a sophisticated palette. Pure rebellious yet refined elegance.</p>",Twessie,Bikini Bottom,"independent fashion, luxury Burnt Terracotta swimwear, minimalist luxury, Matte Ribbed Knit bikini, minimalist bikini bottom",TRUE,Color,Burnt Terracotta,Size,XS,TWESSIE_NA_BB_0408-Burnt Terracotta-XS,168.0,,10
twessie-na-bb-0408,Structural Matte Ribbed Knit Bikini Bottom,"<p>Matte Ribbed Knit construction meets architectural precision in this bikini bottom. Designed for the intelligent, independent woman. The Burnt Terracotta colorway with Olive Drab accents creates a sophisticated palette. Pure rebellious yet refined elegance.</p>",Twessie,Bikini Bottom,"independent fashion, luxury Burnt Terracotta swimwear, minimalist luxury, Matte Ribbed Knit bikini, minimalist bikini bottom",TRUE,Color,Burnt Terracotta,Size,S,TWESSIE_NA_BB_0408-Burnt Terracotta-S,168.0,,10
twessie-na-bb-0408,Structural Matte Ribbed Knit Bikini Bottom,"<p>Matte Ribbed Knit construction meets architectural precision in this bikini bottom. Designed for the intelligent, independent woman. The Burnt Terracotta colorway with Olive Drab accents creates a sophisticated palette. Pure rebellious yet refined elegance.</p>",Twessie,Bikini Bottom,"independent fashion, luxury Burnt Terracotta swimwear, minimalist luxury, Matte Ribbed Knit bikini, minimalist bikini bottom",TRUE,Color,Burnt Terracotta,Size,M,TWESSIE_NA_BB_0408-Burnt Terracotta-M,168.0,,10
twessie-na-bb-0408,Structural Matte Ribbed Knit Bikini Bottom,"<p>Matte Ribbed Knit construction meets architectural precision in this bikini bottom. Designed for the intelligent, independent woman. The Burnt Terracotta colorway with Olive Drab accents creates a sophisticated palette. Pure rebellious yet refined elegance.</p>",Twessie,Bikini Bottom,"independent fashion, luxury Burnt Terracotta swimwear, minimalist luxury, Matte Ribbed Knit bikini, minimalist bikini bottom",TRUE,Color,Burnt Terracotta,Size,L,TWESSIE_NA_BB_0408-Burnt Terracotta-L,168.0,,10
twessie-na-bb-0408,Structural Matte Ribbed Knit Bikini Bottom,"<p>Matte Ribbed Knit construction meets architectural precision in this bikini bottom. Designed for the intelligent, independent woman. The Burnt Terracotta colorway with Olive Drab accents creates a sophisticated palette. Pure rebellious yet refined elegance.</p>",Twessie,Bikini Bottom,"independent fashion, luxury Burnt Terracotta swimwear, minimalist luxury, Matte Ribbed Knit bikini, minimalist bikini bottom",TRUE,Color,Burnt Terracotta,Size,XL,TWESSIE_NA_BB_0408-Burnt Terracotta-XL,168.0,,10
twessie-na-bb-0408,Structural Matte Ribbed Knit Bikini Bottom,"<p>Matte Ribbed Knit construction meets architectural precision in this bikini bottom. Designed for the intelligent, independent woman. The Burnt Terracotta colorway with Olive Drab accents creates a sophisticated palette. Pure rebellious yet refined elegance.</p>",Twessie,Bikini Bottom,"independent fashion, luxury Burnt Terracotta swimwear, minimalist luxury, Matte Ribbed Knit bikini, minimalist bikini bottom",TRUE,Color,Burnt Terracotta,Size,XXL,TWESSIE_NA_BB_0408-Burnt Terracotta-XXL,168.0,,10
twessie-na-bb-0408,Structural Matte Ribbed Knit Bikini Bottom,"<p>Matte Ribbed Knit construction meets architectural precision in this bikini bottom. Designed for the intelligent, independent woman. The Burnt Terracotta colorway with Olive Drab accents creates a sophisticated palette. Pure rebellious yet refined elegance.</p>",Twessie,Bikini Bottom,"independent fashion, luxury Burnt Terracotta swimwear, minimalist luxury, Matte Ribbed Knit bikini, minimalist bikini bottom",TRUE,Color,Olive Drab,Size,XS,TWESSIE_NA_BB_0408-Olive Drab-XS,168.0,,10
twessie-na-bb-0408,Structural Matte Ribbed Knit Bikini Bottom,"<p>Matte Ribbed Knit construction meets architectural precision in this bikini bottom. Designed for the intelligent, independent woman. The Burnt Terracotta colorway with Olive Drab accents creates a sophisticated palette. Pure rebellious yet refined elegance.</p>",Twessie,Bikini Bottom,"independent fashion, luxury Burnt Terracotta swimwear, minimalist luxury, Matte Ribbed Knit bikini, minimalist bikini bottom",TRUE,Color,Olive Drab,Size,S,TWESSIE_NA_BB_0408-Olive Drab-S,168.0,,10
twessie-na-bb-0408,Structural Matte Ribbed Knit Bikini Bottom,"<p>Matte Ribbed Knit construction meets architectural precision in this bikini bottom. Designed for the intelligent, independent woman. The Burnt Terracotta colorway with Olive Drab accents creates a sophisticated palette. Pure rebellious yet refined elegance.</p>",Twessie,Bikini Bottom,"independent fashion, luxury Burnt Terracotta swimwear, minimalist luxury, Matte Ribbed Knit bikini, minimalist bikini bottom",TRUE,Color,Olive Drab,Size,M,TWESSIE_NA_BB_0408-Olive Drab-M,168.0,,10
twessie-na-bb-0408,Structural Matte Ribbed Knit Bikini Bottom,"<p>Matte Ribbed Knit construction meets architectural precision in this bikini bottom. Designed for the intelligent, independent woman. The Burnt Terracotta colorway with Olive Drab accents creates a sophisticated palette. Pure rebellious yet refined elegance.</p>",Twessie,Bikini Bottom,"independent fashion, luxury Burnt Terracotta swimwear, minimalist luxury, Matte Ribbed Knit bikini, minimalist bikini bottom",TRUE,Color,Olive Drab,Size,L,TWESSIE_NA_BB_0408-Olive Drab-L,168.0,,10
twessie-na-bb-0408,Structural Matte Ribbed Knit Bikini Bottom,"<p>Matte Ribbed Knit construction meets architectural precision in this bikini bottom. Designed for the intelligent, independent woman. The Burnt Terracotta colorway with Olive Drab accents creates a sophisticated palette. Pure rebellious yet refined elegance.</p>",Twessie,Bikini Bottom,"independent fashion, luxury Burnt Terracotta swimwear, minimalist luxury, Matte Ribbed Knit bikini, minimalist bikini bottom",TRUE,Color,Olive Drab,Size,XL,TWESSIE_NA_BB_0408-Olive Drab-XL,168.0,,10
twessie-na-bb-0408,Structural Matte Ribbed Knit Bikini Bottom,"<p>Matte Ribbed Knit construction meets architectural precision in this bikini bottom. Designed for the intelligent, independent woman. The Burnt Terracotta colorway with Olive Drab accents creates a sophisticated palette. Pure rebellious yet refined elegance.</p>",Twessie,Bikini Bottom,"independent fashion, luxury Burnt Terracotta swimwear, minimalist luxury, Matte Ribbed Knit bikini, minimalist bikini bottom",TRUE,Color,Olive Drab,Size,XXL,TWESSIE_NA_BB_0408-Olive Drab-XXL,168.0,,10
twessie-jp-bt-0409,Obsidian Black Sculptural Econyl Sleek Satin Bikini Top,<p>Crafted in premium Econyl Sleek Satin with Crinkled Seersucker accents. This bikini top epitomizes architectural elegance luxury. Featuring color-blocking in Obsidian Black and Chalk White. Perfect for the discerning swimmer who refuses the obvious.</p>,Twessie,Bikini Top,"architectural swimsuit, high-end swimwear, independent fashion, minimalist bikini top, minimalist luxury",TRUE,Color,Obsidian Black,Size,XS,TWESSIE_JP_BT_0409-Obsidian Black-XS,168.0,,10
twessie-jp-bt-0409,Obsidian Black Sculptural Econyl Sleek Satin Bikini Top,<p>Crafted in premium Econyl Sleek Satin with Crinkled Seersucker accents. This bikini top epitomizes architectural elegance luxury. Featuring color-blocking in Obsidian Black and Chalk White. Perfect for the discerning swimmer who refuses the obvious.</p>,Twessie,Bikini Top,"architectural swimsuit, high-end swimwear, independent fashion, minimalist bikini top, minimalist luxury",TRUE,Color,Obsidian Black,Size,S,TWESSIE_JP_BT_0409-Obsidian Black-S,168.0,,10
twessie-jp-bt-0409,Obsidian Black Sculptural Econyl Sleek Satin Bikini Top,<p>Crafted in premium Econyl Sleek Satin with Crinkled Seersucker accents. This bikini top epitomizes architectural elegance luxury. Featuring color-blocking in Obsidian Black and Chalk White. Perfect for the discerning swimmer who refuses the obvious.</p>,Twessie,Bikini Top,"architectural swimsuit, high-end swimwear, independent fashion, minimalist bikini top, minimalist luxury",TRUE,Color,Obsidian Black,Size,M,TWESSIE_JP_BT_0409-Obsidian Black-M,168.0,,10
twessie-jp-bt-0409,Obsidian Black Sculptural Econyl Sleek Satin Bikini Top,<p>Crafted in premium Econyl Sleek Satin with Crinkled Seersucker accents. This bikini top epitomizes architectural elegance luxury. Featuring color-blocking in Obsidian Black and Chalk White. Perfect for the discerning swimmer who refuses the obvious.</p>,Twessie,Bikini Top,"architectural swimsuit, high-end swimwear, independent fashion, minimalist bikini top, minimalist luxury",TRUE,Color,Obsidian Black,Size,L,TWESSIE_JP_BT_0409-Obsidian Black-L,168.0,,10
twessie-jp-bt-0409,Obsidian Black Sculptural Econyl Sleek Satin Bikini Top,<p>Crafted in premium Econyl Sleek Satin with Crinkled Seersucker accents. This bikini top epitomizes architectural elegance luxury. Featuring color-blocking in Obsidian Black and Chalk White. Perfect for the discerning swimmer who refuses the obvious.</p>,Twessie,Bikini Top,"architectural swimsuit, high-end swimwear, independent fashion, minimalist bikini top, minimalist luxury",TRUE,Color,Obsidian Black,Size,XL,TWESSIE_JP_BT_0409-Obsidian Black-XL,168.0,,10
twessie-jp-bt-0409,Obsidian Black Sculptural Econyl Sleek Satin Bikini Top,<p>Crafted in premium Econyl Sleek Satin with Crinkled Seersucker accents. This bikini top epitomizes architectural elegance luxury. Featuring color-blocking in Obsidian Black and Chalk White. Perfect for the discerning swimmer who refuses the obvious.</p>,Twessie,Bikini Top,"architectural swimsuit, high-end swimwear, independent fashion, minimalist bikini top, minimalist luxury",TRUE,Color,Obsidian Black,Size,XXL,TWESSIE_JP_BT_0409-Obsidian Black-XXL,168.0,,10
twessie-jp-bt-0409,Obsidian Black Sculptural Econyl Sleek Satin Bikini Top,<p>Crafted in premium Econyl Sleek Satin with Crinkled Seersucker accents. This bikini top epitomizes architectural elegance luxury. Featuring color-blocking in Obsidian Black and Chalk White. Perfect for the discerning swimmer who refuses the obvious.</p>,Twessie,Bikini Top,"architectural swimsuit, high-end swimwear, independent fashion, minimalist bikini top, minimalist luxury",TRUE,Color,Chalk White,Size,XS,TWESSIE_JP_BT_0409-Chalk White-XS,168.0,,10
twessie-jp-bt-0409,Obsidian Black Sculptural Econyl Sleek Satin Bikini Top,<p>Crafted in premium Econyl Sleek Satin with Crinkled Seersucker accents. This bikini top epitomizes architectural elegance luxury. Featuring color-blocking in Obsidian Black and Chalk White. Perfect for the discerning swimmer who refuses the obvious.</p>,Twessie,Bikini Top,"architectural swimsuit, high-end swimwear, independent fashion, minimalist bikini top, minimalist luxury",TRUE,Color,Chalk White,Size,S,TWESSIE_JP_BT_0409-Chalk White-S,168.0,,10
twessie-jp-bt-0409,Obsidian Black Sculptural Econyl Sleek Satin Bikini Top,<p>Crafted in premium Econyl Sleek Satin with Crinkled Seersucker accents. This bikini top epitomizes architectural elegance luxury. Featuring color-blocking in Obsidian Black and Chalk White. Perfect for the discerning swimmer who refuses the obvious.</p>,Twessie,Bikini Top,"architectural swimsuit, high-end swimwear, independent fashion, minimalist bikini top, minimalist luxury",TRUE,Color,Chalk White,Size,M,TWESSIE_JP_BT_0409-Chalk White-M,168.0,,10
twessie-jp-bt-0409,Obsidian Black Sculptural Econyl Sleek Satin Bikini Top,<p>Crafted in premium Econyl Sleek Satin with Crinkled Seersucker accents. This bikini top epitomizes architectural elegance luxury. Featuring color-blocking in Obsidian Black and Chalk White. Perfect for the discerning swimmer who refuses the obvious.</p>,Twessie,Bikini Top,"architectural swimsuit, high-end swimwear, independent fashion, minimalist bikini top, minimalist luxury",TRUE,Color,Chalk White,Size,L,TWESSIE_JP_BT_0409-Chalk White-L,168.0,,10
twessie-jp-bt-0409,Obsidian Black Sculptural Econyl Sleek Satin Bikini Top,<p>Crafted in premium Econyl Sleek Satin with Crinkled Seersucker accents. This bikini top epitomizes architectural elegance luxury. Featuring color-blocking in Obsidian Black and Chalk White. Perfect for the discerning swimmer who refuses the obvious.</p>,Twessie,Bikini Top,"architectural swimsuit, high-end swimwear, independent fashion, minimalist bikini top, minimalist luxury",TRUE,Color,Chalk White,Size,XL,TWESSIE_JP_BT_0409-Chalk White-XL,168.0,,10
twessie-jp-bt-0409,Obsidian Black Sculptural Econyl Sleek Satin Bikini Top,<p>Crafted in premium Econyl Sleek Satin with Crinkled Seersucker accents. This bikini top epitomizes architectural elegance luxury. Featuring color-blocking in Obsidian Black and Chalk White. Perfect for the discerning swimmer who refuses the obvious.</p>,Twessie,Bikini Top,"architectural swimsuit, high-end swimwear, independent fashion, minimalist bikini top, minimalist luxury",TRUE,Color,Chalk White,Size,XXL,TWESSIE_JP_BT_0409-Chalk White-XXL,168.0,,10
twessie-na-bt-0410,Econyl Sleek Satin High-Waist Bikini Top in Obsidian Black,<p>A statement piece in Econyl Sleek Satin. This bikini top combines minimalist luxury design with impeccable craftsmanship. Available in Obsidian Black with Burnt Terracotta detailing. Not loud. Not obvious. Unmistakably Twessie.</p>,Twessie,Bikini Top,"architectural swimsuit, minimalist bikini top, luxury Obsidian Black swimwear, independent fashion, Econyl Sleek Satin bikini",TRUE,Color,Obsidian Black,Size,XS,TWESSIE_NA_BT_0410-Obsidian Black-XS,168.0,,10
twessie-na-bt-0410,Econyl Sleek Satin High-Waist Bikini Top in Obsidian Black,<p>A statement piece in Econyl Sleek Satin. This bikini top combines minimalist luxury design with impeccable craftsmanship. Available in Obsidian Black with Burnt Terracotta detailing. Not loud. Not obvious. Unmistakably Twessie.</p>,Twessie,Bikini Top,"architectural swimsuit, minimalist bikini top, luxury Obsidian Black swimwear, independent fashion, Econyl Sleek Satin bikini",TRUE,Color,Obsidian Black,Size,S,TWESSIE_NA_BT_0410-Obsidian Black-S,168.0,,10
twessie-na-bt-0410,Econyl Sleek Satin High-Waist Bikini Top in Obsidian Black,<p>A statement piece in Econyl Sleek Satin. This bikini top combines minimalist luxury design with impeccable craftsmanship. Available in Obsidian Black with Burnt Terracotta detailing. Not loud. Not obvious. Unmistakably Twessie.</p>,Twessie,Bikini Top,"architectural swimsuit, minimalist bikini top, luxury Obsidian Black swimwear, independent fashion, Econyl Sleek Satin bikini",TRUE,Color,Obsidian Black,Size,M,TWESSIE_NA_BT_0410-Obsidian Black-M,168.0,,10
twessie-na-bt-0410,Econyl Sleek Satin High-Waist Bikini Top in Obsidian Black,<p>A statement piece in Econyl Sleek Satin. This bikini top combines minimalist luxury design with impeccable craftsmanship. Available in Obsidian Black with Burnt Terracotta detailing. Not loud. Not obvious. Unmistakably Twessie.</p>,Twessie,Bikini Top,"architectural swimsuit, minimalist bikini top, luxury Obsidian Black swimwear, independent fashion, Econyl Sleek Satin bikini",TRUE,Color,Obsidian Black,Size,L,TWESSIE_NA_BT_0410-Obsidian Black-L,168.0,,10
twessie-na-bt-0410,Econyl Sleek Satin High-Waist Bikini Top in Obsidian Black,<p>A statement piece in Econyl Sleek Satin. This bikini top combines minimalist luxury design with impeccable craftsmanship. Available in Obsidian Black with Burnt Terracotta detailing. Not loud. Not obvious. Unmistakably Twessie.</p>,Twessie,Bikini Top,"architectural swimsuit, minimalist bikini top, luxury Obsidian Black swimwear, independent fashion, Econyl Sleek Satin bikini",TRUE,Color,Obsidian Black,Size,XL,TWESSIE_NA_BT_0410-Obsidian Black-XL,168.0,,10
twessie-na-bt-0410,Econyl Sleek Satin High-Waist Bikini Top in Obsidian Black,<p>A statement piece in Econyl Sleek Satin. This bikini top combines minimalist luxury design with impeccable craftsmanship. Available in Obsidian Black with Burnt Terracotta detailing. Not loud. Not obvious. Unmistakably Twessie.</p>,Twessie,Bikini Top,"architectural swimsuit, minimalist bikini top, luxury Obsidian Black swimwear, independent fashion, Econyl Sleek Satin bikini",TRUE,Color,Obsidian Black,Size,XXL,TWESSIE_NA_BT_0410-Obsidian Black-XXL,168.0,,10
twessie-na-bt-0410,Econyl Sleek Satin High-Waist Bikini Top in Obsidian Black,<p>A statement piece in Econyl Sleek Satin. This bikini top combines minimalist luxury design with impeccable craftsmanship. Available in Obsidian Black with Burnt Terracotta detailing. Not loud. Not obvious. Unmistakably Twessie.</p>,Twessie,Bikini Top,"architectural swimsuit, minimalist bikini top, luxury Obsidian Black swimwear, independent fashion, Econyl Sleek Satin bikini",TRUE,Color,Burnt Terracotta,Size,XS,TWESSIE_NA_BT_0410-Burnt Terracotta-XS,168.0,,10
twessie-na-bt-0410,Econyl Sleek Satin High-Waist Bikini Top in Obsidian Black,<p>A statement piece in Econyl Sleek Satin. This bikini top combines minimalist luxury design with impeccable craftsmanship. Available in Obsidian Black with Burnt Terracotta detailing. Not loud. Not obvious. Unmistakably Twessie.</p>,Twessie,Bikini Top,"architectural swimsuit, minimalist bikini top, luxury Obsidian Black swimwear, independent fashion, Econyl Sleek Satin bikini",TRUE,Color,Burnt Terracotta,Size,S,TWESSIE_NA_BT_0410-Burnt Terracotta-S,168.0,,10
twessie-na-bt-0410,Econyl Sleek Satin High-Waist Bikini Top in Obsidian Black,<p>A statement piece in Econyl Sleek Satin. This bikini top combines minimalist luxury design with impeccable craftsmanship. Available in Obsidian Black with Burnt Terracotta detailing. Not loud. Not obvious. Unmistakably Twessie.</p>,Twessie,Bikini Top,"architectural swimsuit, minimalist bikini top, luxury Obsidian Black swimwear, independent fashion, Econyl Sleek Satin bikini",TRUE,Color,Burnt Terracotta,Size,M,TWESSIE_NA_BT_0410-Burnt Terracotta-M,168.0,,10
twessie-na-bt-0410,Econyl Sleek Satin High-Waist Bikini Top in Obsidian Black,<p>A statement piece in Econyl Sleek Satin. This bikini top combines minimalist luxury design with impeccable craftsmanship. Available in Obsidian Black with Burnt Terracotta detailing. Not loud. Not obvious. Unmistakably Twessie.</p>,Twessie,Bikini Top,"architectural swimsuit, minimalist bikini top, luxury Obsidian Black swimwear, independent fashion, Econyl Sleek Satin bikini",TRUE,Color,Burnt Terracotta,Size,L,TWESSIE_NA_BT_0410-Burnt Terracotta-L,168.0,,10
twessie-na-bt-0410,Econyl Sleek Satin High-Waist Bikini Top in Obsidian Black,<p>A statement piece in Econyl Sleek Satin. This bikini top combines minimalist luxury design with impeccable craftsmanship. Available in Obsidian Black with Burnt Terracotta detailing. Not loud. Not obvious. Unmistakably Twessie.</p>,Twessie,Bikini Top,"architectural swimsuit, minimalist bikini top, luxury Obsidian Black swimwear, independent fashion, Econyl Sleek Satin bikini",TRUE,Color,Burnt Terracotta,Size,XL,TWESSIE_NA_BT_0410-Burnt Terracotta-XL,168.0,,10
twessie-na-bt-0410,Econyl Sleek Satin High-Waist Bikini Top in Obsidian Black,<p>A statement piece in Econyl Sleek Satin. This bikini top combines minimalist luxury design with impeccable craftsmanship. Available in Obsidian Black with Burnt Terracotta detailing. Not loud. Not obvious. Unmistakably Twessie.</p>,Twessie,Bikini Top,"architectural swimsuit, minimalist bikini top, luxury Obsidian Black swimwear, independent fashion, Econyl Sleek Satin bikini",TRUE,Color,Burnt Terracotta,Size,XXL,TWESSIE_NA_BT_0410-Burnt Terracotta-XXL,168.0,,10
twessie-sg-bt-0501,Econyl Sleek Satin High-Waist Bikini Top in Obsidian Black,<p>A statement piece in Econyl Sleek Satin. This bikini top combines minimalist luxury design with impeccable craftsmanship. Available in Obsidian Black with Olive Drab detailing. Not loud. Not obvious. Unmistakably Twessie.</p>,Twessie,Bikini Top,"Econyl Sleek Satin bikini, luxury Obsidian Black swimwear, high-end swimwear, independent fashion, minimalist bikini top",TRUE,Color,Obsidian Black,Size,XS,TWESSIE_SG_BT_0501-Obsidian Black-XS,168.0,,10
twessie-sg-bt-0501,Econyl Sleek Satin High-Waist Bikini Top in Obsidian Black,<p>A statement piece in Econyl Sleek Satin. This bikini top combines minimalist luxury design with impeccable craftsmanship. Available in Obsidian Black with Olive Drab detailing. Not loud. Not obvious. Unmistakably Twessie.</p>,Twessie,Bikini Top,"Econyl Sleek Satin bikini, luxury Obsidian Black swimwear, high-end swimwear, independent fashion, minimalist bikini top",TRUE,Color,Obsidian Black,Size,S,TWESSIE_SG_BT_0501-Obsidian Black-S,168.0,,10
twessie-sg-bt-0501,Econyl Sleek Satin High-Waist Bikini Top in Obsidian Black,<p>A statement piece in Econyl Sleek Satin. This bikini top combines minimalist luxury design with impeccable craftsmanship. Available in Obsidian Black with Olive Drab detailing. Not loud. Not obvious. Unmistakably Twessie.</p>,Twessie,Bikini Top,"Econyl Sleek Satin bikini, luxury Obsidian Black swimwear, high-end swimwear, independent fashion, minimalist bikini top",TRUE,Color,Obsidian Black,Size,M,TWESSIE_SG_BT_0501-Obsidian Black-M,168.0,,10
twessie-sg-bt-0501,Econyl Sleek Satin High-Waist Bikini Top in Obsidian Black,<p>A statement piece in Econyl Sleek Satin. This bikini top combines minimalist luxury design with impeccable craftsmanship. Available in Obsidian Black with Olive Drab detailing. Not loud. Not obvious. Unmistakably Twessie.</p>,Twessie,Bikini Top,"Econyl Sleek Satin bikini, luxury Obsidian Black swimwear, high-end swimwear, independent fashion, minimalist bikini top",TRUE,Color,Obsidian Black,Size,L,TWESSIE_SG_BT_0501-Obsidian Black-L,168.0,,10
twessie-sg-bt-0501,Econyl Sleek Satin High-Waist Bikini Top in Obsidian Black,<p>A statement piece in Econyl Sleek Satin. This bikini top combines minimalist luxury design with impeccable craftsmanship. Available in Obsidian Black with Olive Drab detailing. Not loud. Not obvious. Unmistakably Twessie.</p>,Twessie,Bikini Top,"Econyl Sleek Satin bikini, luxury Obsidian Black swimwear, high-end swimwear, independent fashion, minimalist bikini top",TRUE,Color,Obsidian Black,Size,XL,TWESSIE_SG_BT_0501-Obsidian Black-XL,168.0,,10
twessie-sg-bt-0501,Econyl Sleek Satin High-Waist Bikini Top in Obsidian Black,<p>A statement piece in Econyl Sleek Satin. This bikini top combines minimalist luxury design with impeccable craftsmanship. Available in Obsidian Black with Olive Drab detailing. Not loud. Not obvious. Unmistakably Twessie.</p>,Twessie,Bikini Top,"Econyl Sleek Satin bikini, luxury Obsidian Black swimwear, high-end swimwear, independent fashion, minimalist bikini top",TRUE,Color,Obsidian Black,Size,XXL,TWESSIE_SG_BT_0501-Obsidian Black-XXL,168.0,,10
twessie-sg-bt-0501,Econyl Sleek Satin High-Waist Bikini Top in Obsidian Black,<p>A statement piece in Econyl Sleek Satin. This bikini top combines minimalist luxury design with impeccable craftsmanship. Available in Obsidian Black with Olive Drab detailing. Not loud. Not obvious. Unmistakably Twessie.</p>,Twessie,Bikini Top,"Econyl Sleek Satin bikini, luxury Obsidian Black swimwear, high-end swimwear, independent fashion, minimalist bikini top",TRUE,Color,Olive Drab,Size,XS,TWESSIE_SG_BT_0501-Olive Drab-XS,168.0,,10
twessie-sg-bt-0501,Econyl Sleek Satin High-Waist Bikini Top in Obsidian Black,<p>A statement piece in Econyl Sleek Satin. This bikini top combines minimalist luxury design with impeccable craftsmanship. Available in Obsidian Black with Olive Drab detailing. Not loud. Not obvious. Unmistakably Twessie.</p>,Twessie,Bikini Top,"Econyl Sleek Satin bikini, luxury Obsidian Black swimwear, high-end swimwear, independent fashion, minimalist bikini top",TRUE,Color,Olive Drab,Size,S,TWESSIE_SG_BT_0501-Olive Drab-S,168.0,,10
twessie-sg-bt-0501,Econyl Sleek Satin High-Waist Bikini Top in Obsidian Black,<p>A statement piece in Econyl Sleek Satin. This bikini top combines minimalist luxury design with impeccable craftsmanship. Available in Obsidian Black with Olive Drab detailing. Not loud. Not obvious. Unmistakably Twessie.</p>,Twessie,Bikini Top,"Econyl Sleek Satin bikini, luxury Obsidian Black swimwear, high-end swimwear, independent fashion, minimalist bikini top",TRUE,Color,Olive Drab,Size,M,TWESSIE_SG_BT_0501-Olive Drab-M,168.0,,10
twessie-sg-bt-0501,Econyl Sleek Satin High-Waist Bikini Top in Obsidian Black,<p>A statement piece in Econyl Sleek Satin. This bikini top combines minimalist luxury design with impeccable craftsmanship. Available in Obsidian Black with Olive Drab detailing. Not loud. Not obvious. Unmistakably Twessie.</p>,Twessie,Bikini Top,"Econyl Sleek Satin bikini, luxury Obsidian Black swimwear, high-end swimwear, independent fashion, minimalist bikini top",TRUE,Color,Olive Drab,Size,L,TWESSIE_SG_BT_0501-Olive Drab-L,168.0,,10
twessie-sg-bt-0501,Econyl Sleek Satin High-Waist Bikini Top in Obsidian Black,<p>A statement piece in Econyl Sleek Satin. This bikini top combines minimalist luxury design with impeccable craftsmanship. Available in Obsidian Black with Olive Drab detailing. Not loud. Not obvious. Unmistakably Twessie.</p>,Twessie,Bikini Top,"Econyl Sleek Satin bikini, luxury Obsidian Black swimwear, high-end swimwear, independent fashion, minimalist bikini top",TRUE,Color,Olive Drab,Size,XL,TWESSIE_SG_BT_0501-Olive Drab-XL,168.0,,10
twessie-sg-bt-0501,Econyl Sleek Satin High-Waist Bikini Top in Obsidian Black,<p>A statement piece in Econyl Sleek Satin. This bikini top combines minimalist luxury design with impeccable craftsmanship. Available in Obsidian Black with Olive Drab detailing. Not loud. Not obvious. Unmistakably Twessie.</p>,Twessie,Bikini Top,"Econyl Sleek Satin bikini, luxury Obsidian Black swimwear, high-end swimwear, independent fashion, minimalist bikini top",TRUE,Color,Olive Drab,Size,XXL,TWESSIE_SG_BT_0501-Olive Drab-XXL,168.0,,10
twessie-au-bt-0502,Chalk White Sculptural Crinkled Seersucker Bikini Top,<p>A statement piece in Crinkled Seersucker. This bikini top combines rebellious yet refined design with impeccable craftsmanship. Available in Chalk White with Stone Gray detailing. Not loud. Not obvious. Unmistakably Twessie.</p>,Twessie,Bikini Top,"architectural swimsuit, minimalist bikini top, high-end swimwear, luxury Chalk White swimwear, independent fashion",TRUE,Color,Chalk White,Size,XS,TWESSIE_AU_BT_0502-Chalk White-XS,168.0,,10
twessie-au-bt-0502,Chalk White Sculptural Crinkled Seersucker Bikini Top,<p>A statement piece in Crinkled Seersucker. This bikini top combines rebellious yet refined design with impeccable craftsmanship. Available in Chalk White with Stone Gray detailing. Not loud. Not obvious. Unmistakably Twessie.</p>,Twessie,Bikini Top,"architectural swimsuit, minimalist bikini top, high-end swimwear, luxury Chalk White swimwear, independent fashion",TRUE,Color,Chalk White,Size,S,TWESSIE_AU_BT_0502-Chalk White-S,168.0,,10
twessie-au-bt-0502,Chalk White Sculptural Crinkled Seersucker Bikini Top,<p>A statement piece in Crinkled Seersucker. This bikini top combines rebellious yet refined design with impeccable craftsmanship. Available in Chalk White with Stone Gray detailing. Not loud. Not obvious. Unmistakably Twessie.</p>,Twessie,Bikini Top,"architectural swimsuit, minimalist bikini top, high-end swimwear, luxury Chalk White swimwear, independent fashion",TRUE,Color,Chalk White,Size,M,TWESSIE_AU_BT_0502-Chalk White-M,168.0,,10
twessie-au-bt-0502,Chalk White Sculptural Crinkled Seersucker Bikini Top,<p>A statement piece in Crinkled Seersucker. This bikini top combines rebellious yet refined design with impeccable craftsmanship. Available in Chalk White with Stone Gray detailing. Not loud. Not obvious. Unmistakably Twessie.</p>,Twessie,Bikini Top,"architectural swimsuit, minimalist bikini top, high-end swimwear, luxury Chalk White swimwear, independent fashion",TRUE,Color,Chalk White,Size,L,TWESSIE_AU_BT_0502-Chalk White-L,168.0,,10
twessie-au-bt-0502,Chalk White Sculptural Crinkled Seersucker Bikini Top,<p>A statement piece in Crinkled Seersucker. This bikini top combines rebellious yet refined design with impeccable craftsmanship. Available in Chalk White with Stone Gray detailing. Not loud. Not obvious. Unmistakably Twessie.</p>,Twessie,Bikini Top,"architectural swimsuit, minimalist bikini top, high-end swimwear, luxury Chalk White swimwear, independent fashion",TRUE,Color,Chalk White,Size,XL,TWESSIE_AU_BT_0502-Chalk White-XL,168.0,,10
twessie-au-bt-0502,Chalk White Sculptural Crinkled Seersucker Bikini Top,<p>A statement piece in Crinkled Seersucker. This bikini top combines rebellious yet refined design with impeccable craftsmanship. Available in Chalk White with Stone Gray detailing. Not loud. Not obvious. Unmistakably Twessie.</p>,Twessie,Bikini Top,"architectural swimsuit, minimalist bikini top, high-end swimwear, luxury Chalk White swimwear, independent fashion",TRUE,Color,Chalk White,Size,XXL,TWESSIE_AU_BT_0502-Chalk White-XXL,168.0,,10
twessie-au-bt-0502,Chalk White Sculptural Crinkled Seersucker Bikini Top,<p>A statement piece in Crinkled Seersucker. This bikini top combines rebellious yet refined design with impeccable craftsmanship. Available in Chalk White with Stone Gray detailing. Not loud. Not obvious. Unmistakably Twessie.</p>,Twessie,Bikini Top,"architectural swimsuit, minimalist bikini top, high-end swimwear, luxury Chalk White swimwear, independent fashion",TRUE,Color,Stone Gray,Size,XS,TWESSIE_AU_BT_0502-Stone Gray-XS,168.0,,10
twessie-au-bt-0502,Chalk White Sculptural Crinkled Seersucker Bikini Top,<p>A statement piece in Crinkled Seersucker. This bikini top combines rebellious yet refined design with impeccable craftsmanship. Available in Chalk White with Stone Gray detailing. Not loud. Not obvious. Unmistakably Twessie.</p>,Twessie,Bikini Top,"architectural swimsuit, minimalist bikini top, high-end swimwear, luxury Chalk White swimwear, independent fashion",TRUE,Color,Stone Gray,Size,S,TWESSIE_AU_BT_0502-Stone Gray-S,168.0,,10
twessie-au-bt-0502,Chalk White Sculptural Crinkled Seersucker Bikini Top,<p>A statement piece in Crinkled Seersucker. This bikini top combines rebellious yet refined design with impeccable craftsmanship. Available in Chalk White with Stone Gray detailing. Not loud. Not obvious. Unmistakably Twessie.</p>,Twessie,Bikini Top,"architectural swimsuit, minimalist bikini top, high-end swimwear, luxury Chalk White swimwear, independent fashion",TRUE,Color,Stone Gray,Size,M,TWESSIE_AU_BT_0502-Stone Gray-M,168.0,,10
twessie-au-bt-0502,Chalk White Sculptural Crinkled Seersucker Bikini Top,<p>A statement piece in Crinkled Seersucker. This bikini top combines rebellious yet refined design with impeccable craftsmanship. Available in Chalk White with Stone Gray detailing. Not loud. Not obvious. Unmistakably Twessie.</p>,Twessie,Bikini Top,"architectural swimsuit, minimalist bikini top, high-end swimwear, luxury Chalk White swimwear, independent fashion",TRUE,Color,Stone Gray,Size,L,TWESSIE_AU_BT_0502-Stone Gray-L,168.0,,10
twessie-au-bt-0502,Chalk White Sculptural Crinkled Seersucker Bikini Top,<p>A statement piece in Crinkled Seersucker. This bikini top combines rebellious yet refined design with impeccable craftsmanship. Available in Chalk White with Stone Gray detailing. Not loud. Not obvious. Unmistakably Twessie.</p>,Twessie,Bikini Top,"architectural swimsuit, minimalist bikini top, high-end swimwear, luxury Chalk White swimwear, independent fashion",TRUE,Color,Stone Gray,Size,XL,TWESSIE_AU_BT_0502-Stone Gray-XL,168.0,,10
twessie-au-bt-0502,Chalk White Sculptural Crinkled Seersucker Bikini Top,<p>A statement piece in Crinkled Seersucker. This bikini top combines rebellious yet refined design with impeccable craftsmanship. Available in Chalk White with Stone Gray detailing. Not loud. Not obvious. Unmistakably Twessie.</p>,Twessie,Bikini Top,"architectural swimsuit, minimalist bikini top, high-end swimwear, luxury Chalk White swimwear, independent fashion",TRUE,Color,Stone Gray,Size,XXL,TWESSIE_AU_BT_0502-Stone Gray-XXL,168.0,,10
twessie-jp-bb-0503,High-Cut Stone Gray Bikini Brief,<p>Crafted in premium Crinkled Seersucker with Matte Ribbed Knit accents. This bikini bottom epitomizes architectural elegance luxury. Featuring color-blocking in Stone Gray and Chalk White. Perfect for the discerning swimmer who refuses the obvious.</p>,Twessie,Bikini Bottom,"high-end swimwear, independent fashion, luxury Stone Gray swimwear, architectural swimsuit, minimalist luxury",TRUE,Color,Stone Gray,Size,XS,TWESSIE_JP_BB_0503-Stone Gray-XS,168.0,,10
twessie-jp-bb-0503,High-Cut Stone Gray Bikini Brief,<p>Crafted in premium Crinkled Seersucker with Matte Ribbed Knit accents. This bikini bottom epitomizes architectural elegance luxury. Featuring color-blocking in Stone Gray and Chalk White. Perfect for the discerning swimmer who refuses the obvious.</p>,Twessie,Bikini Bottom,"high-end swimwear, independent fashion, luxury Stone Gray swimwear, architectural swimsuit, minimalist luxury",TRUE,Color,Stone Gray,Size,S,TWESSIE_JP_BB_0503-Stone Gray-S,168.0,,10
twessie-jp-bb-0503,High-Cut Stone Gray Bikini Brief,<p>Crafted in premium Crinkled Seersucker with Matte Ribbed Knit accents. This bikini bottom epitomizes architectural elegance luxury. Featuring color-blocking in Stone Gray and Chalk White. Perfect for the discerning swimmer who refuses the obvious.</p>,Twessie,Bikini Bottom,"high-end swimwear, independent fashion, luxury Stone Gray swimwear, architectural swimsuit, minimalist luxury",TRUE,Color,Stone Gray,Size,M,TWESSIE_JP_BB_0503-Stone Gray-M,168.0,,10
twessie-jp-bb-0503,High-Cut Stone Gray Bikini Brief,<p>Crafted in premium Crinkled Seersucker with Matte Ribbed Knit accents. This bikini bottom epitomizes architectural elegance luxury. Featuring color-blocking in Stone Gray and Chalk White. Perfect for the discerning swimmer who refuses the obvious.</p>,Twessie,Bikini Bottom,"high-end swimwear, independent fashion, luxury Stone Gray swimwear, architectural swimsuit, minimalist luxury",TRUE,Color,Stone Gray,Size,L,TWESSIE_JP_BB_0503-Stone Gray-L,168.0,,10
twessie-jp-bb-0503,High-Cut Stone Gray Bikini Brief,<p>Crafted in premium Crinkled Seersucker with Matte Ribbed Knit accents. This bikini bottom epitomizes architectural elegance luxury. Featuring color-blocking in Stone Gray and Chalk White. Perfect for the discerning swimmer who refuses the obvious.</p>,Twessie,Bikini Bottom,"high-end swimwear, independent fashion, luxury Stone Gray swimwear, architectural swimsuit, minimalist luxury",TRUE,Color,Stone Gray,Size,XL,TWESSIE_JP_BB_0503-Stone Gray-XL,168.0,,10
twessie-jp-bb-0503,High-Cut Stone Gray Bikini Brief,<p>Crafted in premium Crinkled Seersucker with Matte Ribbed Knit accents. This bikini bottom epitomizes architectural elegance luxury. Featuring color-blocking in Stone Gray and Chalk White. Perfect for the discerning swimmer who refuses the obvious.</p>,Twessie,Bikini Bottom,"high-end swimwear, independent fashion, luxury Stone Gray swimwear, architectural swimsuit, minimalist luxury",TRUE,Color,Stone Gray,Size,XXL,TWESSIE_JP_BB_0503-Stone Gray-XXL,168.0,,10
twessie-jp-bb-0503,High-Cut Stone Gray Bikini Brief,<p>Crafted in premium Crinkled Seersucker with Matte Ribbed Knit accents. This bikini bottom epitomizes architectural elegance luxury. Featuring color-blocking in Stone Gray and Chalk White. Perfect for the discerning swimmer who refuses the obvious.</p>,Twessie,Bikini Bottom,"high-end swimwear, independent fashion, luxury Stone Gray swimwear, architectural swimsuit, minimalist luxury",TRUE,Color,Chalk White,Size,XS,TWESSIE_JP_BB_0503-Chalk White-XS,168.0,,10
twessie-jp-bb-0503,High-Cut Stone Gray Bikini Brief,<p>Crafted in premium Crinkled Seersucker with Matte Ribbed Knit accents. This bikini bottom epitomizes architectural elegance luxury. Featuring color-blocking in Stone Gray and Chalk White. Perfect for the discerning swimmer who refuses the obvious.</p>,Twessie,Bikini Bottom,"high-end swimwear, independent fashion, luxury Stone Gray swimwear, architectural swimsuit, minimalist luxury",TRUE,Color,Chalk White,Size,S,TWESSIE_JP_BB_0503-Chalk White-S,168.0,,10
twessie-jp-bb-0503,High-Cut Stone Gray Bikini Brief,<p>Crafted in premium Crinkled Seersucker with Matte Ribbed Knit accents. This bikini bottom epitomizes architectural elegance luxury. Featuring color-blocking in Stone Gray and Chalk White. Perfect for the discerning swimmer who refuses the obvious.</p>,Twessie,Bikini Bottom,"high-end swimwear, independent fashion, luxury Stone Gray swimwear, architectural swimsuit, minimalist luxury",TRUE,Color,Chalk White,Size,M,TWESSIE_JP_BB_0503-Chalk White-M,168.0,,10
twessie-jp-bb-0503,High-Cut Stone Gray Bikini Brief,<p>Crafted in premium Crinkled Seersucker with Matte Ribbed Knit accents. This bikini bottom epitomizes architectural elegance luxury. Featuring color-blocking in Stone Gray and Chalk White. Perfect for the discerning swimmer who refuses the obvious.</p>,Twessie,Bikini Bottom,"high-end swimwear, independent fashion, luxury Stone Gray swimwear, architectural swimsuit, minimalist luxury",TRUE,Color,Chalk White,Size,L,TWESSIE_JP_BB_0503-Chalk White-L,168.0,,10
twessie-jp-bb-0503,High-Cut Stone Gray Bikini Brief,<p>Crafted in premium Crinkled Seersucker with Matte Ribbed Knit accents. This bikini bottom epitomizes architectural elegance luxury. Featuring color-blocking in Stone Gray and Chalk White. Perfect for the discerning swimmer who refuses the obvious.</p>,Twessie,Bikini Bottom,"high-end swimwear, independent fashion, luxury Stone Gray swimwear, architectural swimsuit, minimalist luxury",TRUE,Color,Chalk White,Size,XL,TWESSIE_JP_BB_0503-Chalk White-XL,168.0,,10
twessie-jp-bb-0503,High-Cut Stone Gray Bikini Brief,<p>Crafted in premium Crinkled Seersucker with Matte Ribbed Knit accents. This bikini bottom epitomizes architectural elegance luxury. Featuring color-blocking in Stone Gray and Chalk White. Perfect for the discerning swimmer who refuses the obvious.</p>,Twessie,Bikini Bottom,"high-end swimwear, independent fashion, luxury Stone Gray swimwear, architectural swimsuit, minimalist luxury",TRUE,Color,Chalk White,Size,XXL,TWESSIE_JP_BB_0503-Chalk White-XXL,168.0,,10
twessie-au-bt-0504,Crinkled Seersucker High-Waist Bikini Top in Chalk White,"<p>Crinkled Seersucker construction meets architectural precision in this bikini top. Designed for the intelligent, independent woman. The Chalk White colorway with Stone Gray accents creates a sophisticated palette. Pure rebellious yet refined elegance.</p>",Twessie,Bikini Top,"independent fashion, luxury Chalk White swimwear, Crinkled Seersucker bikini, architectural swimsuit, high-end swimwear",TRUE,Color,Chalk White,Size,XS,TWESSIE_AU_BT_0504-Chalk White-XS,168.0,,10
twessie-au-bt-0504,Crinkled Seersucker High-Waist Bikini Top in Chalk White,"<p>Crinkled Seersucker construction meets architectural precision in this bikini top. Designed for the intelligent, independent woman. The Chalk White colorway with Stone Gray accents creates a sophisticated palette. Pure rebellious yet refined elegance.</p>",Twessie,Bikini Top,"independent fashion, luxury Chalk White swimwear, Crinkled Seersucker bikini, architectural swimsuit, high-end swimwear",TRUE,Color,Chalk White,Size,S,TWESSIE_AU_BT_0504-Chalk White-S,168.0,,10
twessie-au-bt-0504,Crinkled Seersucker High-Waist Bikini Top in Chalk White,"<p>Crinkled Seersucker construction meets architectural precision in this bikini top. Designed for the intelligent, independent woman. The Chalk White colorway with Stone Gray accents creates a sophisticated palette. Pure rebellious yet refined elegance.</p>",Twessie,Bikini Top,"independent fashion, luxury Chalk White swimwear, Crinkled Seersucker bikini, architectural swimsuit, high-end swimwear",TRUE,Color,Chalk White,Size,M,TWESSIE_AU_BT_0504-Chalk White-M,168.0,,10
twessie-au-bt-0504,Crinkled Seersucker High-Waist Bikini Top in Chalk White,"<p>Crinkled Seersucker construction meets architectural precision in this bikini top. Designed for the intelligent, independent woman. The Chalk White colorway with Stone Gray accents creates a sophisticated palette. Pure rebellious yet refined elegance.</p>",Twessie,Bikini Top,"independent fashion, luxury Chalk White swimwear, Crinkled Seersucker bikini, architectural swimsuit, high-end swimwear",TRUE,Color,Chalk White,Size,L,TWESSIE_AU_BT_0504-Chalk White-L,168.0,,10
twessie-au-bt-0504,Crinkled Seersucker High-Waist Bikini Top in Chalk White,"<p>Crinkled Seersucker construction meets architectural precision in this bikini top. Designed for the intelligent, independent woman. The Chalk White colorway with Stone Gray accents creates a sophisticated palette. Pure rebellious yet refined elegance.</p>",Twessie,Bikini Top,"independent fashion, luxury Chalk White swimwear, Crinkled Seersucker bikini, architectural swimsuit, high-end swimwear",TRUE,Color,Chalk White,Size,XL,TWESSIE_AU_BT_0504-Chalk White-XL,168.0,,10
twessie-au-bt-0504,Crinkled Seersucker High-Waist Bikini Top in Chalk White,"<p>Crinkled Seersucker construction meets architectural precision in this bikini top. Designed for the intelligent, independent woman. The Chalk White colorway with Stone Gray accents creates a sophisticated palette. Pure rebellious yet refined elegance.</p>",Twessie,Bikini Top,"independent fashion, luxury Chalk White swimwear, Crinkled Seersucker bikini, architectural swimsuit, high-end swimwear",TRUE,Color,Chalk White,Size,XXL,TWESSIE_AU_BT_0504-Chalk White-XXL,168.0,,10
twessie-au-bt-0504,Crinkled Seersucker High-Waist Bikini Top in Chalk White,"<p>Crinkled Seersucker construction meets architectural precision in this bikini top. Designed for the intelligent, independent woman. The Chalk White colorway with Stone Gray accents creates a sophisticated palette. Pure rebellious yet refined elegance.</p>",Twessie,Bikini Top,"independent fashion, luxury Chalk White swimwear, Crinkled Seersucker bikini, architectural swimsuit, high-end swimwear",TRUE,Color,Stone Gray,Size,XS,TWESSIE_AU_BT_0504-Stone Gray-XS,168.0,,10
twessie-au-bt-0504,Crinkled Seersucker High-Waist Bikini Top in Chalk White,"<p>Crinkled Seersucker construction meets architectural precision in this bikini top. Designed for the intelligent, independent woman. The Chalk White colorway with Stone Gray accents creates a sophisticated palette. Pure rebellious yet refined elegance.</p>",Twessie,Bikini Top,"independent fashion, luxury Chalk White swimwear, Crinkled Seersucker bikini, architectural swimsuit, high-end swimwear",TRUE,Color,Stone Gray,Size,S,TWESSIE_AU_BT_0504-Stone Gray-S,168.0,,10
twessie-au-bt-0504,Crinkled Seersucker High-Waist Bikini Top in Chalk White,"<p>Crinkled Seersucker construction meets architectural precision in this bikini top. Designed for the intelligent, independent woman. The Chalk White colorway with Stone Gray accents creates a sophisticated palette. Pure rebellious yet refined elegance.</p>",Twessie,Bikini Top,"independent fashion, luxury Chalk White swimwear, Crinkled Seersucker bikini, architectural swimsuit, high-end swimwear",TRUE,Color,Stone Gray,Size,M,TWESSIE_AU_BT_0504-Stone Gray-M,168.0,,10
twessie-au-bt-0504,Crinkled Seersucker High-Waist Bikini Top in Chalk White,"<p>Crinkled Seersucker construction meets architectural precision in this bikini top. Designed for the intelligent, independent woman. The Chalk White colorway with Stone Gray accents creates a sophisticated palette. Pure rebellious yet refined elegance.</p>",Twessie,Bikini Top,"independent fashion, luxury Chalk White swimwear, Crinkled Seersucker bikini, architectural swimsuit, high-end swimwear",TRUE,Color,Stone Gray,Size,L,TWESSIE_AU_BT_0504-Stone Gray-L,168.0,,10
twessie-au-bt-0504,Crinkled Seersucker High-Waist Bikini Top in Chalk White,"<p>Crinkled Seersucker construction meets architectural precision in this bikini top. Designed for the intelligent, independent woman. The Chalk White colorway with Stone Gray accents creates a sophisticated palette. Pure rebellious yet refined elegance.</p>",Twessie,Bikini Top,"independent fashion, luxury Chalk White swimwear, Crinkled Seersucker bikini, architectural swimsuit, high-end swimwear",TRUE,Color,Stone Gray,Size,XL,TWESSIE_AU_BT_0504-Stone Gray-XL,168.0,,10
twessie-au-bt-0504,Crinkled Seersucker High-Waist Bikini Top in Chalk White,"<p>Crinkled Seersucker construction meets architectural precision in this bikini top. Designed for the intelligent, independent woman. The Chalk White colorway with Stone Gray accents creates a sophisticated palette. Pure rebellious yet refined elegance.</p>",Twessie,Bikini Top,"independent fashion, luxury Chalk White swimwear, Crinkled Seersucker bikini, architectural swimsuit, high-end swimwear",TRUE,Color,Stone Gray,Size,XXL,TWESSIE_AU_BT_0504-Stone Gray-XXL,168.0,,10
twessie-eu-bb-0505,High-Cut Olive Drab Bikini Brief,<p>Crafted in premium Matte Ribbed Knit with Crinkled Seersucker accents. This bikini bottom epitomizes minimalist luxury luxury. Featuring color-blocking in Olive Drab and Burnt Terracotta. Perfect for the discerning swimmer who refuses the obvious.</p>,Twessie,Bikini Bottom,"independent fashion, high-end swimwear, minimalist bikini bottom, luxury Olive Drab swimwear, minimalist luxury",TRUE,Color,Olive Drab,Size,XS,TWESSIE_EU_BB_0505-Olive Drab-XS,168.0,,10
twessie-eu-bb-0505,High-Cut Olive Drab Bikini Brief,<p>Crafted in premium Matte Ribbed Knit with Crinkled Seersucker accents. This bikini bottom epitomizes minimalist luxury luxury. Featuring color-blocking in Olive Drab and Burnt Terracotta. Perfect for the discerning swimmer who refuses the obvious.</p>,Twessie,Bikini Bottom,"independent fashion, high-end swimwear, minimalist bikini bottom, luxury Olive Drab swimwear, minimalist luxury",TRUE,Color,Olive Drab,Size,S,TWESSIE_EU_BB_0505-Olive Drab-S,168.0,,10
twessie-eu-bb-0505,High-Cut Olive Drab Bikini Brief,<p>Crafted in premium Matte Ribbed Knit with Crinkled Seersucker accents. This bikini bottom epitomizes minimalist luxury luxury. Featuring color-blocking in Olive Drab and Burnt Terracotta. Perfect for the discerning swimmer who refuses the obvious.</p>,Twessie,Bikini Bottom,"independent fashion, high-end swimwear, minimalist bikini bottom, luxury Olive Drab swimwear, minimalist luxury",TRUE,Color,Olive Drab,Size,M,TWESSIE_EU_BB_0505-Olive Drab-M,168.0,,10
twessie-eu-bb-0505,High-Cut Olive Drab Bikini Brief,<p>Crafted in premium Matte Ribbed Knit with Crinkled Seersucker accents. This bikini bottom epitomizes minimalist luxury luxury. Featuring color-blocking in Olive Drab and Burnt Terracotta. Perfect for the discerning swimmer who refuses the obvious.</p>,Twessie,Bikini Bottom,"independent fashion, high-end swimwear, minimalist bikini bottom, luxury Olive Drab swimwear, minimalist luxury",TRUE,Color,Olive Drab,Size,L,TWESSIE_EU_BB_0505-Olive Drab-L,168.0,,10
twessie-eu-bb-0505,High-Cut Olive Drab Bikini Brief,<p>Crafted in premium Matte Ribbed Knit with Crinkled Seersucker accents. This bikini bottom epitomizes minimalist luxury luxury. Featuring color-blocking in Olive Drab and Burnt Terracotta. Perfect for the discerning swimmer who refuses the obvious.</p>,Twessie,Bikini Bottom,"independent fashion, high-end swimwear, minimalist bikini bottom, luxury Olive Drab swimwear, minimalist luxury",TRUE,Color,Olive Drab,Size,XL,TWESSIE_EU_BB_0505-Olive Drab-XL,168.0,,10
twessie-eu-bb-0505,High-Cut Olive Drab Bikini Brief,<p>Crafted in premium Matte Ribbed Knit with Crinkled Seersucker accents. This bikini bottom epitomizes minimalist luxury luxury. Featuring color-blocking in Olive Drab and Burnt Terracotta. Perfect for the discerning swimmer who refuses the obvious.</p>,Twessie,Bikini Bottom,"independent fashion, high-end swimwear, minimalist bikini bottom, luxury Olive Drab swimwear, minimalist luxury",TRUE,Color,Olive Drab,Size,XXL,TWESSIE_EU_BB_0505-Olive Drab-XXL,168.0,,10
twessie-eu-bb-0505,High-Cut Olive Drab Bikini Brief,<p>Crafted in premium Matte Ribbed Knit with Crinkled Seersucker accents. This bikini bottom epitomizes minimalist luxury luxury. Featuring color-blocking in Olive Drab and Burnt Terracotta. Perfect for the discerning swimmer who refuses the obvious.</p>,Twessie,Bikini Bottom,"independent fashion, high-end swimwear, minimalist bikini bottom, luxury Olive Drab swimwear, minimalist luxury",TRUE,Color,Burnt Terracotta,Size,XS,TWESSIE_EU_BB_0505-Burnt Terracotta-XS,168.0,,10
twessie-eu-bb-0505,High-Cut Olive Drab Bikini Brief,<p>Crafted in premium Matte Ribbed Knit with Crinkled Seersucker accents. This bikini bottom epitomizes minimalist luxury luxury. Featuring color-blocking in Olive Drab and Burnt Terracotta. Perfect for the discerning swimmer who refuses the obvious.</p>,Twessie,Bikini Bottom,"independent fashion, high-end swimwear, minimalist bikini bottom, luxury Olive Drab swimwear, minimalist luxury",TRUE,Color,Burnt Terracotta,Size,S,TWESSIE_EU_BB_0505-Burnt Terracotta-S,168.0,,10
twessie-eu-bb-0505,High-Cut Olive Drab Bikini Brief,<p>Crafted in premium Matte Ribbed Knit with Crinkled Seersucker accents. This bikini bottom epitomizes minimalist luxury luxury. Featuring color-blocking in Olive Drab and Burnt Terracotta. Perfect for the discerning swimmer who refuses the obvious.</p>,Twessie,Bikini Bottom,"independent fashion, high-end swimwear, minimalist bikini bottom, luxury Olive Drab swimwear, minimalist luxury",TRUE,Color,Burnt Terracotta,Size,M,TWESSIE_EU_BB_0505-Burnt Terracotta-M,168.0,,10
twessie-eu-bb-0505,High-Cut Olive Drab Bikini Brief,<p>Crafted in premium Matte Ribbed Knit with Crinkled Seersucker accents. This bikini bottom epitomizes minimalist luxury luxury. Featuring color-blocking in Olive Drab and Burnt Terracotta. Perfect for the discerning swimmer who refuses the obvious.</p>,Twessie,Bikini Bottom,"independent fashion, high-end swimwear, minimalist bikini bottom, luxury Olive Drab swimwear, minimalist luxury",TRUE,Color,Burnt Terracotta,Size,L,TWESSIE_EU_BB_0505-Burnt Terracotta-L,168.0,,10
twessie-eu-bb-0505,High-Cut Olive Drab Bikini Brief,<p>Crafted in premium Matte Ribbed Knit with Crinkled Seersucker accents. This bikini bottom epitomizes minimalist luxury luxury. Featuring color-blocking in Olive Drab and Burnt Terracotta. Perfect for the discerning swimmer who refuses the obvious.</p>,Twessie,Bikini Bottom,"independent fashion, high-end swimwear, minimalist bikini bottom, luxury Olive Drab swimwear, minimalist luxury",TRUE,Color,Burnt Terracotta,Size,XL,TWESSIE_EU_BB_0505-Burnt Terracotta-XL,168.0,,10
twessie-eu-bb-0505,High-Cut Olive Drab Bikini Brief,<p>Crafted in premium Matte Ribbed Knit with Crinkled Seersucker accents. This bikini bottom epitomizes minimalist luxury luxury. Featuring color-blocking in Olive Drab and Burnt Terracotta. Perfect for the discerning swimmer who refuses the obvious.</p>,Twessie,Bikini Bottom,"independent fashion, high-end swimwear, minimalist bikini bottom, luxury Olive Drab swimwear, minimalist luxury",TRUE,Color,Burnt Terracotta,Size,XXL,TWESSIE_EU_BB_0505-Burnt Terracotta-XXL,168.0,,10
twessie-na-bb-0506,Raw-Edge Stone Gray Bikini Bottom,"<p>Crinkled Seersucker construction meets architectural precision in this bikini bottom. Designed for the intelligent, independent woman. The Stone Gray colorway with Chalk White accents creates a sophisticated palette. Pure anti-fashion statement elegance.</p>",Twessie,Bikini Bottom,"independent fashion, architectural swimsuit, high-end swimwear, minimalist bikini bottom, luxury Stone Gray swimwear",TRUE,Color,Stone Gray,Size,XS,TWESSIE_NA_BB_0506-Stone Gray-XS,168.0,,10
twessie-na-bb-0506,Raw-Edge Stone Gray Bikini Bottom,"<p>Crinkled Seersucker construction meets architectural precision in this bikini bottom. Designed for the intelligent, independent woman. The Stone Gray colorway with Chalk White accents creates a sophisticated palette. Pure anti-fashion statement elegance.</p>",Twessie,Bikini Bottom,"independent fashion, architectural swimsuit, high-end swimwear, minimalist bikini bottom, luxury Stone Gray swimwear",TRUE,Color,Stone Gray,Size,S,TWESSIE_NA_BB_0506-Stone Gray-S,168.0,,10
twessie-na-bb-0506,Raw-Edge Stone Gray Bikini Bottom,"<p>Crinkled Seersucker construction meets architectural precision in this bikini bottom. Designed for the intelligent, independent woman. The Stone Gray colorway with Chalk White accents creates a sophisticated palette. Pure anti-fashion statement elegance.</p>",Twessie,Bikini Bottom,"independent fashion, architectural swimsuit, high-end swimwear, minimalist bikini bottom, luxury Stone Gray swimwear",TRUE,Color,Stone Gray,Size,M,TWESSIE_NA_BB_0506-Stone Gray-M,168.0,,10
twessie-na-bb-0506,Raw-Edge Stone Gray Bikini Bottom,"<p>Crinkled Seersucker construction meets architectural precision in this bikini bottom. Designed for the intelligent, independent woman. The Stone Gray colorway with Chalk White accents creates a sophisticated palette. Pure anti-fashion statement elegance.</p>",Twessie,Bikini Bottom,"independent fashion, architectural swimsuit, high-end swimwear, minimalist bikini bottom, luxury Stone Gray swimwear",TRUE,Color,Stone Gray,Size,L,TWESSIE_NA_BB_0506-Stone Gray-L,168.0,,10
twessie-na-bb-0506,Raw-Edge Stone Gray Bikini Bottom,"<p>Crinkled Seersucker construction meets architectural precision in this bikini bottom. Designed for the intelligent, independent woman. The Stone Gray colorway with Chalk White accents creates a sophisticated palette. Pure anti-fashion statement elegance.</p>",Twessie,Bikini Bottom,"independent fashion, architectural swimsuit, high-end swimwear, minimalist bikini bottom, luxury Stone Gray swimwear",TRUE,Color,Stone Gray,Size,XL,TWESSIE_NA_BB_0506-Stone Gray-XL,168.0,,10
twessie-na-bb-0506,Raw-Edge Stone Gray Bikini Bottom,"<p>Crinkled Seersucker construction meets architectural precision in this bikini bottom. Designed for the intelligent, independent woman. The Stone Gray colorway with Chalk White accents creates a sophisticated palette. Pure anti-fashion statement elegance.</p>",Twessie,Bikini Bottom,"independent fashion, architectural swimsuit, high-end swimwear, minimalist bikini bottom, luxury Stone Gray swimwear",TRUE,Color,Stone Gray,Size,XXL,TWESSIE_NA_BB_0506-Stone Gray-XXL,168.0,,10
twessie-na-bb-0506,Raw-Edge Stone Gray Bikini Bottom,"<p>Crinkled Seersucker construction meets architectural precision in this bikini bottom. Designed for the intelligent, independent woman. The Stone Gray colorway with Chalk White accents creates a sophisticated palette. Pure anti-fashion statement elegance.</p>",Twessie,Bikini Bottom,"independent fashion, architectural swimsuit, high-end swimwear, minimalist bikini bottom, luxury Stone Gray swimwear",TRUE,Color,Chalk White,Size,XS,TWESSIE_NA_BB_0506-Chalk White-XS,168.0,,10
twessie-na-bb-0506,Raw-Edge Stone Gray Bikini Bottom,"<p>Crinkled Seersucker construction meets architectural precision in this bikini bottom. Designed for the intelligent, independent woman. The Stone Gray colorway with Chalk White accents creates a sophisticated palette. Pure anti-fashion statement elegance.</p>",Twessie,Bikini Bottom,"independent fashion, architectural swimsuit, high-end swimwear, minimalist bikini bottom, luxury Stone Gray swimwear",TRUE,Color,Chalk White,Size,S,TWESSIE_NA_BB_0506-Chalk White-S,168.0,,10
twessie-na-bb-0506,Raw-Edge Stone Gray Bikini Bottom,"<p>Crinkled Seersucker construction meets architectural precision in this bikini bottom. Designed for the intelligent, independent woman. The Stone Gray colorway with Chalk White accents creates a sophisticated palette. Pure anti-fashion statement elegance.</p>",Twessie,Bikini Bottom,"independent fashion, architectural swimsuit, high-end swimwear, minimalist bikini bottom, luxury Stone Gray swimwear",TRUE,Color,Chalk White,Size,M,TWESSIE_NA_BB_0506-Chalk White-M,168.0,,10
twessie-na-bb-0506,Raw-Edge Stone Gray Bikini Bottom,"<p>Crinkled Seersucker construction meets architectural precision in this bikini bottom. Designed for the intelligent, independent woman. The Stone Gray colorway with Chalk White accents creates a sophisticated palette. Pure anti-fashion statement elegance.</p>",Twessie,Bikini Bottom,"independent fashion, architectural swimsuit, high-end swimwear, minimalist bikini bottom, luxury Stone Gray swimwear",TRUE,Color,Chalk White,Size,L,TWESSIE_NA_BB_0506-Chalk White-L,168.0,,10
twessie-na-bb-0506,Raw-Edge Stone Gray Bikini Bottom,"<p>Crinkled Seersucker construction meets architectural precision in this bikini bottom. Designed for the intelligent, independent woman. The Stone Gray colorway with Chalk White accents creates a sophisticated palette. Pure anti-fashion statement elegance.</p>",Twessie,Bikini Bottom,"independent fashion, architectural swimsuit, high-end swimwear, minimalist bikini bottom, luxury Stone Gray swimwear",TRUE,Color,Chalk White,Size,XL,TWESSIE_NA_BB_0506-Chalk White-XL,168.0,,10
twessie-na-bb-0506,Raw-Edge Stone Gray Bikini Bottom,"<p>Crinkled Seersucker construction meets architectural precision in this bikini bottom. Designed for the intelligent, independent woman. The Stone Gray colorway with Chalk White accents creates a sophisticated palette. Pure anti-fashion statement elegance.</p>",Twessie,Bikini Bottom,"independent fashion, architectural swimsuit, high-end swimwear, minimalist bikini bottom, luxury Stone Gray swimwear",TRUE,Color,Chalk White,Size,XXL,TWESSIE_NA_BB_0506-Chalk White-XXL,168.0,,10
twessie-au-bt-0507,Matte Ribbed Knit High-Waist Bikini Top in Olive Drab,<p>A statement piece in Matte Ribbed Knit. This bikini top combines anti-fashion statement design with impeccable craftsmanship. Available in Olive Drab with Burnt Terracotta detailing. Not loud. Not obvious. Unmistakably Twessie.</p>,Twessie,Bikini Top,"architectural swimsuit, high-end swimwear, luxury Olive Drab swimwear, minimalist luxury, Matte Ribbed Knit bikini",TRUE,Color,Olive Drab,Size,XS,TWESSIE_AU_BT_0507-Olive Drab-XS,168.0,,10
twessie-au-bt-0507,Matte Ribbed Knit High-Waist Bikini Top in Olive Drab,<p>A statement piece in Matte Ribbed Knit. This bikini top combines anti-fashion statement design with impeccable craftsmanship. Available in Olive Drab with Burnt Terracotta detailing. Not loud. Not obvious. Unmistakably Twessie.</p>,Twessie,Bikini Top,"architectural swimsuit, high-end swimwear, luxury Olive Drab swimwear, minimalist luxury, Matte Ribbed Knit bikini",TRUE,Color,Olive Drab,Size,S,TWESSIE_AU_BT_0507-Olive Drab-S,168.0,,10
twessie-au-bt-0507,Matte Ribbed Knit High-Waist Bikini Top in Olive Drab,<p>A statement piece in Matte Ribbed Knit. This bikini top combines anti-fashion statement design with impeccable craftsmanship. Available in Olive Drab with Burnt Terracotta detailing. Not loud. Not obvious. Unmistakably Twessie.</p>,Twessie,Bikini Top,"architectural swimsuit, high-end swimwear, luxury Olive Drab swimwear, minimalist luxury, Matte Ribbed Knit bikini",TRUE,Color,Olive Drab,Size,M,TWESSIE_AU_BT_0507-Olive Drab-M,168.0,,10
twessie-au-bt-0507,Matte Ribbed Knit High-Waist Bikini Top in Olive Drab,<p>A statement piece in Matte Ribbed Knit. This bikini top combines anti-fashion statement design with impeccable craftsmanship. Available in Olive Drab with Burnt Terracotta detailing. Not loud. Not obvious. Unmistakably Twessie.</p>,Twessie,Bikini Top,"architectural swimsuit, high-end swimwear, luxury Olive Drab swimwear, minimalist luxury, Matte Ribbed Knit bikini",TRUE,Color,Olive Drab,Size,L,TWESSIE_AU_BT_0507-Olive Drab-L,168.0,,10
twessie-au-bt-0507,Matte Ribbed Knit High-Waist Bikini Top in Olive Drab,<p>A statement piece in Matte Ribbed Knit. This bikini top combines anti-fashion statement design with impeccable craftsmanship. Available in Olive Drab with Burnt Terracotta detailing. Not loud. Not obvious. Unmistakably Twessie.</p>,Twessie,Bikini Top,"architectural swimsuit, high-end swimwear, luxury Olive Drab swimwear, minimalist luxury, Matte Ribbed Knit bikini",TRUE,Color,Olive Drab,Size,XL,TWESSIE_AU_BT_0507-Olive Drab-XL,168.0,,10
twessie-au-bt-0507,Matte Ribbed Knit High-Waist Bikini Top in Olive Drab,<p>A statement piece in Matte Ribbed Knit. This bikini top combines anti-fashion statement design with impeccable craftsmanship. Available in Olive Drab with Burnt Terracotta detailing. Not loud. Not obvious. Unmistakably Twessie.</p>,Twessie,Bikini Top,"architectural swimsuit, high-end swimwear, luxury Olive Drab swimwear, minimalist luxury, Matte Ribbed Knit bikini",TRUE,Color,Olive Drab,Size,XXL,TWESSIE_AU_BT_0507-Olive Drab-XXL,168.0,,10
twessie-au-bt-0507,Matte Ribbed Knit High-Waist Bikini Top in Olive Drab,<p>A statement piece in Matte Ribbed Knit. This bikini top combines anti-fashion statement design with impeccable craftsmanship. Available in Olive Drab with Burnt Terracotta detailing. Not loud. Not obvious. Unmistakably Twessie.</p>,Twessie,Bikini Top,"architectural swimsuit, high-end swimwear, luxury Olive Drab swimwear, minimalist luxury, Matte Ribbed Knit bikini",TRUE,Color,Burnt Terracotta,Size,XS,TWESSIE_AU_BT_0507-Burnt Terracotta-XS,168.0,,10
twessie-au-bt-0507,Matte Ribbed Knit High-Waist Bikini Top in Olive Drab,<p>A statement piece in Matte Ribbed Knit. This bikini top combines anti-fashion statement design with impeccable craftsmanship. Available in Olive Drab with Burnt Terracotta detailing. Not loud. Not obvious. Unmistakably Twessie.</p>,Twessie,Bikini Top,"architectural swimsuit, high-end swimwear, luxury Olive Drab swimwear, minimalist luxury, Matte Ribbed Knit bikini",TRUE,Color,Burnt Terracotta,Size,S,TWESSIE_AU_BT_0507-Burnt Terracotta-S,168.0,,10
twessie-au-bt-0507,Matte Ribbed Knit High-Waist Bikini Top in Olive Drab,<p>A statement piece in Matte Ribbed Knit. This bikini top combines anti-fashion statement design with impeccable craftsmanship. Available in Olive Drab with Burnt Terracotta detailing. Not loud. Not obvious. Unmistakably Twessie.</p>,Twessie,Bikini Top,"architectural swimsuit, high-end swimwear, luxury Olive Drab swimwear, minimalist luxury, Matte Ribbed Knit bikini",TRUE,Color,Burnt Terracotta,Size,M,TWESSIE_AU_BT_0507-Burnt Terracotta-M,168.0,,10
twessie-au-bt-0507,Matte Ribbed Knit High-Waist Bikini Top in Olive Drab,<p>A statement piece in Matte Ribbed Knit. This bikini top combines anti-fashion statement design with impeccable craftsmanship. Available in Olive Drab with Burnt Terracotta detailing. Not loud. Not obvious. Unmistakably Twessie.</p>,Twessie,Bikini Top,"architectural swimsuit, high-end swimwear, luxury Olive Drab swimwear, minimalist luxury, Matte Ribbed Knit bikini",TRUE,Color,Burnt Terracotta,Size,L,TWESSIE_AU_BT_0507-Burnt Terracotta-L,168.0,,10
twessie-au-bt-0507,Matte Ribbed Knit High-Waist Bikini Top in Olive Drab,<p>A statement piece in Matte Ribbed Knit. This bikini top combines anti-fashion statement design with impeccable craftsmanship. Available in Olive Drab with Burnt Terracotta detailing. Not loud. Not obvious. Unmistakably Twessie.</p>,Twessie,Bikini Top,"architectural swimsuit, high-end swimwear, luxury Olive Drab swimwear, minimalist luxury, Matte Ribbed Knit bikini",TRUE,Color,Burnt Terracotta,Size,XL,TWESSIE_AU_BT_0507-Burnt Terracotta-XL,168.0,,10
twessie-au-bt-0507,Matte Ribbed Knit High-Waist Bikini Top in Olive Drab,<p>A statement piece in Matte Ribbed Knit. This bikini top combines anti-fashion statement design with impeccable craftsmanship. Available in Olive Drab with Burnt Terracotta detailing. Not loud. Not obvious. Unmistakably Twessie.</p>,Twessie,Bikini Top,"architectural swimsuit, high-end swimwear, luxury Olive Drab swimwear, minimalist luxury, Matte Ribbed Knit bikini",TRUE,Color,Burnt Terracotta,Size,XXL,TWESSIE_AU_BT_0507-Burnt Terracotta-XXL,168.0,,10
twessie-au-op-0508,Sculptural Obsidian Black Monokini,<p>Crafted in premium Econyl Sleek Satin with Crinkled Seersucker accents. This one-piece epitomizes rebellious yet refined luxury. Featuring color-blocking in Obsidian Black and Stone Gray. Perfect for the discerning swimmer who refuses the obvious.</p>,Twessie,One-Piece,"minimalist one-piece, architectural swimsuit, independent fashion, minimalist luxury, Econyl Sleek Satin bikini",TRUE,Color,Obsidian Black,Size,XS,TWESSIE_AU_OP_0508-Obsidian Black-XS,168.0,,10
twessie-au-op-0508,Sculptural Obsidian Black Monokini,<p>Crafted in premium Econyl Sleek Satin with Crinkled Seersucker accents. This one-piece epitomizes rebellious yet refined luxury. Featuring color-blocking in Obsidian Black and Stone Gray. Perfect for the discerning swimmer who refuses the obvious.</p>,Twessie,One-Piece,"minimalist one-piece, architectural swimsuit, independent fashion, minimalist luxury, Econyl Sleek Satin bikini",TRUE,Color,Obsidian Black,Size,S,TWESSIE_AU_OP_0508-Obsidian Black-S,168.0,,10
twessie-au-op-0508,Sculptural Obsidian Black Monokini,<p>Crafted in premium Econyl Sleek Satin with Crinkled Seersucker accents. This one-piece epitomizes rebellious yet refined luxury. Featuring color-blocking in Obsidian Black and Stone Gray. Perfect for the discerning swimmer who refuses the obvious.</p>,Twessie,One-Piece,"minimalist one-piece, architectural swimsuit, independent fashion, minimalist luxury, Econyl Sleek Satin bikini",TRUE,Color,Obsidian Black,Size,M,TWESSIE_AU_OP_0508-Obsidian Black-M,168.0,,10
twessie-au-op-0508,Sculptural Obsidian Black Monokini,<p>Crafted in premium Econyl Sleek Satin with Crinkled Seersucker accents. This one-piece epitomizes rebellious yet refined luxury. Featuring color-blocking in Obsidian Black and Stone Gray. Perfect for the discerning swimmer who refuses the obvious.</p>,Twessie,One-Piece,"minimalist one-piece, architectural swimsuit, independent fashion, minimalist luxury, Econyl Sleek Satin bikini",TRUE,Color,Obsidian Black,Size,L,TWESSIE_AU_OP_0508-Obsidian Black-L,168.0,,10
twessie-au-op-0508,Sculptural Obsidian Black Monokini,<p>Crafted in premium Econyl Sleek Satin with Crinkled Seersucker accents. This one-piece epitomizes rebellious yet refined luxury. Featuring color-blocking in Obsidian Black and Stone Gray. Perfect for the discerning swimmer who refuses the obvious.</p>,Twessie,One-Piece,"minimalist one-piece, architectural swimsuit, independent fashion, minimalist luxury, Econyl Sleek Satin bikini",TRUE,Color,Obsidian Black,Size,XL,TWESSIE_AU_OP_0508-Obsidian Black-XL,168.0,,10
twessie-au-op-0508,Sculptural Obsidian Black Monokini,<p>Crafted in premium Econyl Sleek Satin with Crinkled Seersucker accents. This one-piece epitomizes rebellious yet refined luxury. Featuring color-blocking in Obsidian Black and Stone Gray. Perfect for the discerning swimmer who refuses the obvious.</p>,Twessie,One-Piece,"minimalist one-piece, architectural swimsuit, independent fashion, minimalist luxury, Econyl Sleek Satin bikini",TRUE,Color,Obsidian Black,Size,XXL,TWESSIE_AU_OP_0508-Obsidian Black-XXL,168.0,,10
twessie-au-op-0508,Sculptural Obsidian Black Monokini,<p>Crafted in premium Econyl Sleek Satin with Crinkled Seersucker accents. This one-piece epitomizes rebellious yet refined luxury. Featuring color-blocking in Obsidian Black and Stone Gray. Perfect for the discerning swimmer who refuses the obvious.</p>,Twessie,One-Piece,"minimalist one-piece, architectural swimsuit, independent fashion, minimalist luxury, Econyl Sleek Satin bikini",TRUE,Color,Stone Gray,Size,XS,TWESSIE_AU_OP_0508-Stone Gray-XS,168.0,,10
twessie-au-op-0508,Sculptural Obsidian Black Monokini,<p>Crafted in premium Econyl Sleek Satin with Crinkled Seersucker accents. This one-piece epitomizes rebellious yet refined luxury. Featuring color-blocking in Obsidian Black and Stone Gray. Perfect for the discerning swimmer who refuses the obvious.</p>,Twessie,One-Piece,"minimalist one-piece, architectural swimsuit, independent fashion, minimalist luxury, Econyl Sleek Satin bikini",TRUE,Color,Stone Gray,Size,S,TWESSIE_AU_OP_0508-Stone Gray-S,168.0,,10
twessie-au-op-0508,Sculptural Obsidian Black Monokini,<p>Crafted in premium Econyl Sleek Satin with Crinkled Seersucker accents. This one-piece epitomizes rebellious yet refined luxury. Featuring color-blocking in Obsidian Black and Stone Gray. Perfect for the discerning swimmer who refuses the obvious.</p>,Twessie,One-Piece,"minimalist one-piece, architectural swimsuit, independent fashion, minimalist luxury, Econyl Sleek Satin bikini",TRUE,Color,Stone Gray,Size,M,TWESSIE_AU_OP_0508-Stone Gray-M,168.0,,10
twessie-au-op-0508,Sculptural Obsidian Black Monokini,<p>Crafted in premium Econyl Sleek Satin with Crinkled Seersucker accents. This one-piece epitomizes rebellious yet refined luxury. Featuring color-blocking in Obsidian Black and Stone Gray. Perfect for the discerning swimmer who refuses the obvious.</p>,Twessie,One-Piece,"minimalist one-piece, architectural swimsuit, independent fashion, minimalist luxury, Econyl Sleek Satin bikini",TRUE,Color,Stone Gray,Size,L,TWESSIE_AU_OP_0508-Stone Gray-L,168.0,,10
twessie-au-op-0508,Sculptural Obsidian Black Monokini,<p>Crafted in premium Econyl Sleek Satin with Crinkled Seersucker accents. This one-piece epitomizes rebellious yet refined luxury. Featuring color-blocking in Obsidian Black and Stone Gray. Perfect for the discerning swimmer who refuses the obvious.</p>,Twessie,One-Piece,"minimalist one-piece, architectural swimsuit, independent fashion, minimalist luxury, Econyl Sleek Satin bikini",TRUE,Color,Stone Gray,Size,XL,TWESSIE_AU_OP_0508-Stone Gray-XL,168.0,,10
twessie-au-op-0508,Sculptural Obsidian Black Monokini,<p>Crafted in premium Econyl Sleek Satin with Crinkled Seersucker accents. This one-piece epitomizes rebellious yet refined luxury. Featuring color-blocking in Obsidian Black and Stone Gray. Perfect for the discerning swimmer who refuses the obvious.</p>,Twessie,One-Piece,"minimalist one-piece, architectural swimsuit, independent fashion, minimalist luxury, Econyl Sleek Satin bikini",TRUE,Color,Stone Gray,Size,XXL,TWESSIE_AU_OP_0508-Stone Gray-XXL,168.0,,10
twessie-jp-bb-0509,Structural Crinkled Seersucker Bikini Bottom,<p>A statement piece in Crinkled Seersucker. This bikini bottom combines minimalist luxury design with impeccable craftsmanship. Available in Chalk White with Stone Gray detailing. Not loud. Not obvious. Unmistakably Twessie.</p>,Twessie,Bikini Bottom,"minimalist bikini bottom, high-end swimwear, independent fashion, luxury Chalk White swimwear, minimalist luxury",TRUE,Color,Chalk White,Size,XS,TWESSIE_JP_BB_0509-Chalk White-XS,168.0,,10
twessie-jp-bb-0509,Structural Crinkled Seersucker Bikini Bottom,<p>A statement piece in Crinkled Seersucker. This bikini bottom combines minimalist luxury design with impeccable craftsmanship. Available in Chalk White with Stone Gray detailing. Not loud. Not obvious. Unmistakably Twessie.</p>,Twessie,Bikini Bottom,"minimalist bikini bottom, high-end swimwear, independent fashion, luxury Chalk White swimwear, minimalist luxury",TRUE,Color,Chalk White,Size,S,TWESSIE_JP_BB_0509-Chalk White-S,168.0,,10
twessie-jp-bb-0509,Structural Crinkled Seersucker Bikini Bottom,<p>A statement piece in Crinkled Seersucker. This bikini bottom combines minimalist luxury design with impeccable craftsmanship. Available in Chalk White with Stone Gray detailing. Not loud. Not obvious. Unmistakably Twessie.</p>,Twessie,Bikini Bottom,"minimalist bikini bottom, high-end swimwear, independent fashion, luxury Chalk White swimwear, minimalist luxury",TRUE,Color,Chalk White,Size,M,TWESSIE_JP_BB_0509-Chalk White-M,168.0,,10
twessie-jp-bb-0509,Structural Crinkled Seersucker Bikini Bottom,<p>A statement piece in Crinkled Seersucker. This bikini bottom combines minimalist luxury design with impeccable craftsmanship. Available in Chalk White with Stone Gray detailing. Not loud. Not obvious. Unmistakably Twessie.</p>,Twessie,Bikini Bottom,"minimalist bikini bottom, high-end swimwear, independent fashion, luxury Chalk White swimwear, minimalist luxury",TRUE,Color,Chalk White,Size,L,TWESSIE_JP_BB_0509-Chalk White-L,168.0,,10
twessie-jp-bb-0509,Structural Crinkled Seersucker Bikini Bottom,<p>A statement piece in Crinkled Seersucker. This bikini bottom combines minimalist luxury design with impeccable craftsmanship. Available in Chalk White with Stone Gray detailing. Not loud. Not obvious. Unmistakably Twessie.</p>,Twessie,Bikini Bottom,"minimalist bikini bottom, high-end swimwear, independent fashion, luxury Chalk White swimwear, minimalist luxury",TRUE,Color,Chalk White,Size,XL,TWESSIE_JP_BB_0509-Chalk White-XL,168.0,,10
twessie-jp-bb-0509,Structural Crinkled Seersucker Bikini Bottom,<p>A statement piece in Crinkled Seersucker. This bikini bottom combines minimalist luxury design with impeccable craftsmanship. Available in Chalk White with Stone Gray detailing. Not loud. Not obvious. Unmistakably Twessie.</p>,Twessie,Bikini Bottom,"minimalist bikini bottom, high-end swimwear, independent fashion, luxury Chalk White swimwear, minimalist luxury",TRUE,Color,Chalk White,Size,XXL,TWESSIE_JP_BB_0509-Chalk White-XXL,168.0,,10
twessie-jp-bb-0509,Structural Crinkled Seersucker Bikini Bottom,<p>A statement piece in Crinkled Seersucker. This bikini bottom combines minimalist luxury design with impeccable craftsmanship. Available in Chalk White with Stone Gray detailing. Not loud. Not obvious. Unmistakably Twessie.</p>,Twessie,Bikini Bottom,"minimalist bikini bottom, high-end swimwear, independent fashion, luxury Chalk White swimwear, minimalist luxury",TRUE,Color,Stone Gray,Size,XS,TWESSIE_JP_BB_0509-Stone Gray-XS,168.0,,10
twessie-jp-bb-0509,Structural Crinkled Seersucker Bikini Bottom,<p>A statement piece in Crinkled Seersucker. This bikini bottom combines minimalist luxury design with impeccable craftsmanship. Available in Chalk White with Stone Gray detailing. Not loud. Not obvious. Unmistakably Twessie.</p>,Twessie,Bikini Bottom,"minimalist bikini bottom, high-end swimwear, independent fashion, luxury Chalk White swimwear, minimalist luxury",TRUE,Color,Stone Gray,Size,S,TWESSIE_JP_BB_0509-Stone Gray-S,168.0,,10
twessie-jp-bb-0509,Structural Crinkled Seersucker Bikini Bottom,<p>A statement piece in Crinkled Seersucker. This bikini bottom combines minimalist luxury design with impeccable craftsmanship. Available in Chalk White with Stone Gray detailing. Not loud. Not obvious. Unmistakably Twessie.</p>,Twessie,Bikini Bottom,"minimalist bikini bottom, high-end swimwear, independent fashion, luxury Chalk White swimwear, minimalist luxury",TRUE,Color,Stone Gray,Size,M,TWESSIE_JP_BB_0509-Stone Gray-M,168.0,,10
twessie-jp-bb-0509,Structural Crinkled Seersucker Bikini Bottom,<p>A statement piece in Crinkled Seersucker. This bikini bottom combines minimalist luxury design with impeccable craftsmanship. Available in Chalk White with Stone Gray detailing. Not loud. Not obvious. Unmistakably Twessie.</p>,Twessie,Bikini Bottom,"minimalist bikini bottom, high-end swimwear, independent fashion, luxury Chalk White swimwear, minimalist luxury",TRUE,Color,Stone Gray,Size,L,TWESSIE_JP_BB_0509-Stone Gray-L,168.0,,10
twessie-jp-bb-0509,Structural Crinkled Seersucker Bikini Bottom,<p>A statement piece in Crinkled Seersucker. This bikini bottom combines minimalist luxury design with impeccable craftsmanship. Available in Chalk White with Stone Gray detailing. Not loud. Not obvious. Unmistakably Twessie.</p>,Twessie,Bikini Bottom,"minimalist bikini bottom, high-end swimwear, independent fashion, luxury Chalk White swimwear, minimalist luxury",TRUE,Color,Stone Gray,Size,XL,TWESSIE_JP_BB_0509-Stone Gray-XL,168.0,,10
twessie-jp-bb-0509,Structural Crinkled Seersucker Bikini Bottom,<p>A statement piece in Crinkled Seersucker. This bikini bottom combines minimalist luxury design with impeccable craftsmanship. Available in Chalk White with Stone Gray detailing. Not loud. Not obvious. Unmistakably Twessie.</p>,Twessie,Bikini Bottom,"minimalist bikini bottom, high-end swimwear, independent fashion, luxury Chalk White swimwear, minimalist luxury",TRUE,Color,Stone Gray,Size,XXL,TWESSIE_JP_BB_0509-Stone Gray-XXL,168.0,,10
twessie-eu-bt-0510,Architecture-Cut Olive Drab Bikini Top,<p>A statement piece in Matte Ribbed Knit. This bikini top combines anti-fashion statement design with impeccable craftsmanship. Available in Olive Drab with Burnt Terracotta detailing. Not loud. Not obvious. Unmistakably Twessie.</p>,Twessie,Bikini Top,"luxury Olive Drab swimwear, Matte Ribbed Knit bikini, high-end swimwear, independent fashion, minimalist bikini top",TRUE,Color,Olive Drab,Size,XS,TWESSIE_EU_BT_0510-Olive Drab-XS,168.0,,10
twessie-eu-bt-0510,Architecture-Cut Olive Drab Bikini Top,<p>A statement piece in Matte Ribbed Knit. This bikini top combines anti-fashion statement design with impeccable craftsmanship. Available in Olive Drab with Burnt Terracotta detailing. Not loud. Not obvious. Unmistakably Twessie.</p>,Twessie,Bikini Top,"luxury Olive Drab swimwear, Matte Ribbed Knit bikini, high-end swimwear, independent fashion, minimalist bikini top",TRUE,Color,Olive Drab,Size,S,TWESSIE_EU_BT_0510-Olive Drab-S,168.0,,10
twessie-eu-bt-0510,Architecture-Cut Olive Drab Bikini Top,<p>A statement piece in Matte Ribbed Knit. This bikini top combines anti-fashion statement design with impeccable craftsmanship. Available in Olive Drab with Burnt Terracotta detailing. Not loud. Not obvious. Unmistakably Twessie.</p>,Twessie,Bikini Top,"luxury Olive Drab swimwear, Matte Ribbed Knit bikini, high-end swimwear, independent fashion, minimalist bikini top",TRUE,Color,Olive Drab,Size,M,TWESSIE_EU_BT_0510-Olive Drab-M,168.0,,10
twessie-eu-bt-0510,Architecture-Cut Olive Drab Bikini Top,<p>A statement piece in Matte Ribbed Knit. This bikini top combines anti-fashion statement design with impeccable craftsmanship. Available in Olive Drab with Burnt Terracotta detailing. Not loud. Not obvious. Unmistakably Twessie.</p>,Twessie,Bikini Top,"luxury Olive Drab swimwear, Matte Ribbed Knit bikini, high-end swimwear, independent fashion, minimalist bikini top",TRUE,Color,Olive Drab,Size,L,TWESSIE_EU_BT_0510-Olive Drab-L,168.0,,10
twessie-eu-bt-0510,Architecture-Cut Olive Drab Bikini Top,<p>A statement piece in Matte Ribbed Knit. This bikini top combines anti-fashion statement design with impeccable craftsmanship. Available in Olive Drab with Burnt Terracotta detailing. Not loud. Not obvious. Unmistakably Twessie.</p>,Twessie,Bikini Top,"luxury Olive Drab swimwear, Matte Ribbed Knit bikini, high-end swimwear, independent fashion, minimalist bikini top",TRUE,Color,Olive Drab,Size,XL,TWESSIE_EU_BT_0510-Olive Drab-XL,168.0,,10
twessie-eu-bt-0510,Architecture-Cut Olive Drab Bikini Top,<p>A statement piece in Matte Ribbed Knit. This bikini top combines anti-fashion statement design with impeccable craftsmanship. Available in Olive Drab with Burnt Terracotta detailing. Not loud. Not obvious. Unmistakably Twessie.</p>,Twessie,Bikini Top,"luxury Olive Drab swimwear, Matte Ribbed Knit bikini, high-end swimwear, independent fashion, minimalist bikini top",TRUE,Color,Olive Drab,Size,XXL,TWESSIE_EU_BT_0510-Olive Drab-XXL,168.0,,10
twessie-eu-bt-0510,Architecture-Cut Olive Drab Bikini Top,<p>A statement piece in Matte Ribbed Knit. This bikini top combines anti-fashion statement design with impeccable craftsmanship. Available in Olive Drab with Burnt Terracotta detailing. Not loud. Not obvious. Unmistakably Twessie.</p>,Twessie,Bikini Top,"luxury Olive Drab swimwear, Matte Ribbed Knit bikini, high-end swimwear, independent fashion, minimalist bikini top",TRUE,Color,Burnt Terracotta,Size,XS,TWESSIE_EU_BT_0510-Burnt Terracotta-XS,168.0,,10
twessie-eu-bt-0510,Architecture-Cut Olive Drab Bikini Top,<p>A statement piece in Matte Ribbed Knit. This bikini top combines anti-fashion statement design with impeccable craftsmanship. Available in Olive Drab with Burnt Terracotta detailing. Not loud. Not obvious. Unmistakably Twessie.</p>,Twessie,Bikini Top,"luxury Olive Drab swimwear, Matte Ribbed Knit bikini, high-end swimwear, independent fashion, minimalist bikini top",TRUE,Color,Burnt Terracotta,Size,S,TWESSIE_EU_BT_0510-Burnt Terracotta-S,168.0,,10
twessie-eu-bt-0510,Architecture-Cut Olive Drab Bikini Top,<p>A statement piece in Matte Ribbed Knit. This bikini top combines anti-fashion statement design with impeccable craftsmanship. Available in Olive Drab with Burnt Terracotta detailing. Not loud. Not obvious. Unmistakably Twessie.</p>,Twessie,Bikini Top,"luxury Olive Drab swimwear, Matte Ribbed Knit bikini, high-end swimwear, independent fashion, minimalist bikini top",TRUE,Color,Burnt Terracotta,Size,M,TWESSIE_EU_BT_0510-Burnt Terracotta-M,168.0,,10
twessie-eu-bt-0510,Architecture-Cut Olive Drab Bikini Top,<p>A statement piece in Matte Ribbed Knit. This bikini top combines anti-fashion statement design with impeccable craftsmanship. Available in Olive Drab with Burnt Terracotta detailing. Not loud. Not obvious. Unmistakably Twessie.</p>,Twessie,Bikini Top,"luxury Olive Drab swimwear, Matte Ribbed Knit bikini, high-end swimwear, independent fashion, minimalist bikini top",TRUE,Color,Burnt Terracotta,Size,L,TWESSIE_EU_BT_0510-Burnt Terracotta-L,168.0,,10
twessie-eu-bt-0510,Architecture-Cut Olive Drab Bikini Top,<p>A statement piece in Matte Ribbed Knit. This bikini top combines anti-fashion statement design with impeccable craftsmanship. Available in Olive Drab with Burnt Terracotta detailing. Not loud. Not obvious. Unmistakably Twessie.</p>,Twessie,Bikini Top,"luxury Olive Drab swimwear, Matte Ribbed Knit bikini, high-end swimwear, independent fashion, minimalist bikini top",TRUE,Color,Burnt Terracotta,Size,XL,TWESSIE_EU_BT_0510-Burnt Terracotta-XL,168.0,,10
twessie-eu-bt-0510,Architecture-Cut Olive Drab Bikini Top,<p>A statement piece in Matte Ribbed Knit. This bikini top combines anti-fashion statement design with impeccable craftsmanship. Available in Olive Drab with Burnt Terracotta detailing. Not loud. Not obvious. Unmistakably Twessie.</p>,Twessie,Bikini Top,"luxury Olive Drab swimwear, Matte Ribbed Knit bikini, high-end swimwear, independent fashion, minimalist bikini top",TRUE,Color,Burnt Terracotta,Size,XXL,TWESSIE_EU_BT_0510-Burnt Terracotta-XXL,168.0,,10
