Handle,Title,Body (HTML),Vendor,Product Type,Tags,Published,Option1 Name,Option1 Value,Option2 Name,Option2 Value,Variant SKU,Variant Price,Variant Compare At Price,Variant Inventory Qty
twessie-jp-bt-0101,Minimalist Obsidian Black Textured Bikini Top,"<p>Econyl Sleek Satin construction meets architectural precision in this bikini top. Designed for the intelligent, independent woman. The Obsidian Black colorway with Olive Drab accents creates a sophisticated palette. Pure rebellious yet refined elegance.</p>",Twessie,Bikini Top,"Econyl Sleek Satin bikini, high-end swimwear, minimalist bikini top, minimalist luxury, luxury Obsidian Black swimwear",TRUE,Color,Obsidian Black,Size,XS,TWESSIE_JP_BT_0101-Obsidian Black-XS,168.0,,10
twessie-jp-bt-0101,Minimalist Obsidian Black Textured Bikini Top,"<p>Econyl Sleek Satin construction meets architectural precision in this bikini top. Designed for the intelligent, independent woman. The Obsidian Black colorway with Olive Drab accents creates a sophisticated palette. Pure rebellious yet refined elegance.</p>",Twessie,Bikini Top,"Econyl Sleek Satin bikini, high-end swimwear, minimalist bikini top, minimalist luxury, luxury Obsidian Black swimwear",TRUE,Color,Obsidian Black,Size,S,TWESSIE_JP_BT_0101-Obsidian Black-S,168.0,,10
twessie-jp-bt-0101,Minimalist Obsidian Black Textured Bikini Top,"<p>Econyl Sleek Satin construction meets architectural precision in this bikini top. Designed for the intelligent, independent woman. The Obsidian Black colorway with Olive Drab accents creates a sophisticated palette. Pure rebellious yet refined elegance.</p>",Twessie,Bikini Top,"Econyl Sleek Satin bikini, high-end swimwear, minimalist bikini top, minimalist luxury, luxury Obsidian Black swimwear",TRUE,Color,Obsidian Black,Size,M,TWESSIE_JP_BT_0101-Obsidian Black-M,168.0,,10
twessie-jp-bt-0101,Minimalist Obsidian Black Textured Bikini Top,"<p>Econyl Sleek Satin construction meets architectural precision in this bikini top. Designed for the intelligent, independent woman. The Obsidian Black colorway with Olive Drab accents creates a sophisticated palette. Pure rebellious yet refined elegance.</p>",Twessie,Bikini Top,"Econyl Sleek Satin bikini, high-end swimwear, minimalist bikini top, minimalist luxury, luxury Obsidian Black swimwear",TRUE,Color,Obsidian Black,Size,L,TWESSIE_JP_BT_0101-Obsidian Black-L,168.0,,10
twessie-jp-bt-0101,Minimalist Obsidian Black Textured Bikini Top,"<p>Econyl Sleek Satin construction meets architectural precision in this bikini top. Designed for the intelligent, independent woman. The Obsidian Black colorway with Olive Drab accents creates a sophisticated palette. Pure rebellious yet refined elegance.</p>",Twessie,Bikini Top,"Econyl Sleek Satin bikini, high-end swimwear, minimalist bikini top, minimalist luxury, luxury Obsidian Black swimwear",TRUE,Color,Obsidian Black,Size,XL,TWESSIE_JP_BT_0101-Obsidian Black-XL,168.0,,10
twessie-jp-bt-0101,Minimalist Obsidian Black Textured Bikini Top,"<p>Econyl Sleek Satin construction meets architectural precision in this bikini top. Designed for the intelligent, independent woman. The Obsidian Black colorway with Olive Drab accents creates a sophisticated palette. Pure rebellious yet refined elegance.</p>",Twessie,Bikini Top,"Econyl Sleek Satin bikini, high-end swimwear, minimalist bikini top, minimalist luxury, luxury Obsidian Black swimwear",TRUE,Color,Obsidian Black,Size,XXL,TWESSIE_JP_BT_0101-Obsidian Black-XXL,168.0,,10
twessie-jp-bt-0101,Minimalist Obsidian Black Textured Bikini Top,"<p>Econyl Sleek Satin construction meets architectural precision in this bikini top. Designed for the intelligent, independent woman. The Obsidian Black colorway with Olive Drab accents creates a sophisticated palette. Pure rebellious yet refined elegance.</p>",Twessie,Bikini Top,"Econyl Sleek Satin bikini, high-end swimwear, minimalist bikini top, minimalist luxury, luxury Obsidian Black swimwear",TRUE,Color,Olive Drab,Size,XS,TWESSIE_JP_BT_0101-Olive Drab-XS,168.0,,10
twessie-jp-bt-0101,Minimalist Obsidian Black Textured Bikini Top,"<p>Econyl Sleek Satin construction meets architectural precision in this bikini top. Designed for the intelligent, independent woman. The Obsidian Black colorway with Olive Drab accents creates a sophisticated palette. Pure rebellious yet refined elegance.</p>",Twessie,Bikini Top,"Econyl Sleek Satin bikini, high-end swimwear, minimalist bikini top, minimalist luxury, luxury Obsidian Black swimwear",TRUE,Color,Olive Drab,Size,S,TWESSIE_JP_BT_0101-Olive Drab-S,168.0,,10
twessie-jp-bt-0101,Minimalist Obsidian Black Textured Bikini Top,"<p>Econyl Sleek Satin construction meets architectural precision in this bikini top. Designed for the intelligent, independent woman. The Obsidian Black colorway with Olive Drab accents creates a sophisticated palette. Pure rebellious yet refined elegance.</p>",Twessie,Bikini Top,"Econyl Sleek Satin bikini, high-end swimwear, minimalist bikini top, minimalist luxury, luxury Obsidian Black swimwear",TRUE,Color,Olive Drab,Size,M,TWESSIE_JP_BT_0101-Olive Drab-M,168.0,,10
twessie-jp-bt-0101,Minimalist Obsidian Black Textured Bikini Top,"<p>Econyl Sleek Satin construction meets architectural precision in this bikini top. Designed for the intelligent, independent woman. The Obsidian Black colorway with Olive Drab accents creates a sophisticated palette. Pure rebellious yet refined elegance.</p>",Twessie,Bikini Top,"Econyl Sleek Satin bikini, high-end swimwear, minimalist bikini top, minimalist luxury, luxury Obsidian Black swimwear",TRUE,Color,Olive Drab,Size,L,TWESSIE_JP_BT_0101-Olive Drab-L,168.0,,10
twessie-jp-bt-0101,Minimalist Obsidian Black Textured Bikini Top,"<p>Econyl Sleek Satin construction meets architectural precision in this bikini top. Designed for the intelligent, independent woman. The Obsidian Black colorway with Olive Drab accents creates a sophisticated palette. Pure rebellious yet refined elegance.</p>",Twessie,Bikini Top,"Econyl Sleek Satin bikini, high-end swimwear, minimalist bikini top, minimalist luxury, luxury Obsidian Black swimwear",TRUE,Color,Olive Drab,Size,XL,TWESSIE_JP_BT_0101-Olive Drab-XL,168.0,,10
twessie-jp-bt-0101,Minimalist Obsidian Black Textured Bikini Top,"<p>Econyl Sleek Satin construction meets architectural precision in this bikini top. Designed for the intelligent, independent woman. The Obsidian Black colorway with Olive Drab accents creates a sophisticated palette. Pure rebellious yet refined elegance.</p>",Twessie,Bikini Top,"Econyl Sleek Satin bikini, high-end swimwear, minimalist bikini top, minimalist luxury, luxury Obsidian Black swimwear",TRUE,Color,Olive Drab,Size,XXL,TWESSIE_JP_BT_0101-Olive Drab-XXL,168.0,,10
twessie-eu-bb-0102,Raw-Edge Obsidian Black Bikini Bottom,<p>Crafted in premium Econyl Sleek Satin with Crinkled Seersucker accents. This bikini bottom epitomizes rebellious yet refined luxury. Featuring color-blocking in Obsidian Black and Stone Gray. Perfect for the discerning swimmer who refuses the obvious.</p>,Twessie,Bikini Bottom,"minimalist luxury, independent fashion, luxury Obsidian Black swimwear, architectural swimsuit, Econyl Sleek Satin bikini",TRUE,Color,Obsidian Black,Size,XS,TWESSIE_EU_BB_0102-Obsidian Black-XS,168.0,,10
twessie-eu-bb-0102,Raw-Edge Obsidian Black Bikini Bottom,<p>Crafted in premium Econyl Sleek Satin with Crinkled Seersucker accents. This bikini bottom epitomizes rebellious yet refined luxury. Featuring color-blocking in Obsidian Black and Stone Gray. Perfect for the discerning swimmer who refuses the obvious.</p>,Twessie,Bikini Bottom,"minimalist luxury, independent fashion, luxury Obsidian Black swimwear, architectural swimsuit, Econyl Sleek Satin bikini",TRUE,Color,Obsidian Black,Size,S,TWESSIE_EU_BB_0102-Obsidian Black-S,168.0,,10
twessie-eu-bb-0102,Raw-Edge Obsidian Black Bikini Bottom,<p>Crafted in premium Econyl Sleek Satin with Crinkled Seersucker accents. This bikini bottom epitomizes rebellious yet refined luxury. Featuring color-blocking in Obsidian Black and Stone Gray. Perfect for the discerning swimmer who refuses the obvious.</p>,Twessie,Bikini Bottom,"minimalist luxury, independent fashion, luxury Obsidian Black swimwear, architectural swimsuit, Econyl Sleek Satin bikini",TRUE,Color,Obsidian Black,Size,M,TWESSIE_EU_BB_0102-Obsidian Black-M,168.0,,10
twessie-eu-bb-0102,Raw-Edge Obsidian Black Bikini Bottom,<p>Crafted in premium Econyl Sleek Satin with Crinkled Seersucker accents. This bikini bottom epitomizes rebellious yet refined luxury. Featuring color-blocking in Obsidian Black and Stone Gray. Perfect for the discerning swimmer who refuses the obvious.</p>,Twessie,Bikini Bottom,"minimalist luxury, independent fashion, luxury Obsidian Black swimwear, architectural swimsuit, Econyl Sleek Satin bikini",TRUE,Color,Obsidian Black,Size,L,TWESSIE_EU_BB_0102-Obsidian Black-L,168.0,,10
twessie-eu-bb-0102,Raw-Edge Obsidian Black Bikini Bottom,<p>Crafted in premium Econyl Sleek Satin with Crinkled Seersucker accents. This bikini bottom epitomizes rebellious yet refined luxury. Featuring color-blocking in Obsidian Black and Stone Gray. Perfect for the discerning swimmer who refuses the obvious.</p>,Twessie,Bikini Bottom,"minimalist luxury, independent fashion, luxury Obsidian Black swimwear, architectural swimsuit, Econyl Sleek Satin bikini",TRUE,Color,Obsidian Black,Size,XL,TWESSIE_EU_BB_0102-Obsidian Black-XL,168.0,,10
twessie-eu-bb-0102,Raw-Edge Obsidian Black Bikini Bottom,<p>Crafted in premium Econyl Sleek Satin with Crinkled Seersucker accents. This bikini bottom epitomizes rebellious yet refined luxury. Featuring color-blocking in Obsidian Black and Stone Gray. Perfect for the discerning swimmer who refuses the obvious.</p>,Twessie,Bikini Bottom,"minimalist luxury, independent fashion, luxury Obsidian Black swimwear, architectural swimsuit, Econyl Sleek Satin bikini",TRUE,Color,Obsidian Black,Size,XXL,TWESSIE_EU_BB_0102-Obsidian Black-XXL,168.0,,10
twessie-eu-bb-0102,Raw-Edge Obsidian Black Bikini Bottom,<p>Crafted in premium Econyl Sleek Satin with Crinkled Seersucker accents. This bikini bottom epitomizes rebellious yet refined luxury. Featuring color-blocking in Obsidian Black and Stone Gray. Perfect for the discerning swimmer who refuses the obvious.</p>,Twessie,Bikini Bottom,"minimalist luxury, independent fashion, luxury Obsidian Black swimwear, architectural swimsuit, Econyl Sleek Satin bikini",TRUE,Color,Stone Gray,Size,XS,TWESSIE_EU_BB_0102-Stone Gray-XS,168.0,,10
twessie-eu-bb-0102,Raw-Edge Obsidian Black Bikini Bottom,<p>Crafted in premium Econyl Sleek Satin with Crinkled Seersucker accents. This bikini bottom epitomizes rebellious yet refined luxury. Featuring color-blocking in Obsidian Black and Stone Gray. Perfect for the discerning swimmer who refuses the obvious.</p>,Twessie,Bikini Bottom,"minimalist luxury, independent fashion, luxury Obsidian Black swimwear, architectural swimsuit, Econyl Sleek Satin bikini",TRUE,Color,Stone Gray,Size,S,TWESSIE_EU_BB_0102-Stone Gray-S,168.0,,10
twessie-eu-bb-0102,Raw-Edge Obsidian Black Bikini Bottom,<p>Crafted in premium Econyl Sleek Satin with Crinkled Seersucker accents. This bikini bottom epitomizes rebellious yet refined luxury. Featuring color-blocking in Obsidian Black and Stone Gray. Perfect for the discerning swimmer who refuses the obvious.</p>,Twessie,Bikini Bottom,"minimalist luxury, independent fashion, luxury Obsidian Black swimwear, architectural swimsuit, Econyl Sleek Satin bikini",TRUE,Color,Stone Gray,Size,M,TWESSIE_EU_BB_0102-Stone Gray-M,168.0,,10
twessie-eu-bb-0102,Raw-Edge Obsidian Black Bikini Bottom,<p>Crafted in premium Econyl Sleek Satin with Crinkled Seersucker accents. This bikini bottom epitomizes rebellious yet refined luxury. Featuring color-blocking in Obsidian Black and Stone Gray. Perfect for the discerning swimmer who refuses the obvious.</p>,Twessie,Bikini Bottom,"minimalist luxury, independent fashion, luxury Obsidian Black swimwear, architectural swimsuit, Econyl Sleek Satin bikini",TRUE,Color,Stone Gray,Size,L,TWESSIE_EU_BB_0102-Stone Gray-L,168.0,,10
twessie-eu-bb-0102,Raw-Edge Obsidian Black Bikini Bottom,<p>Crafted in premium Econyl Sleek Satin with Crinkled Seersucker accents. This bikini bottom epitomizes rebellious yet refined luxury. Featuring color-blocking in Obsidian Black and Stone Gray. Perfect for the discerning swimmer who refuses the obvious.</p>,Twessie,Bikini Bottom,"minimalist luxury, independent fashion, luxury Obsidian Black swimwear, architectural swimsuit, Econyl Sleek Satin bikini",TRUE,Color,Stone Gray,Size,XL,TWESSIE_EU_BB_0102-Stone Gray-XL,168.0,,10
twessie-eu-bb-0102,Raw-Edge Obsidian Black Bikini Bottom,<p>Crafted in premium Econyl Sleek Satin with Crinkled Seersucker accents. This bikini bottom epitomizes rebellious yet refined luxury. Featuring color-blocking in Obsidian Black and Stone Gray. Perfect for the discerning swimmer who refuses the obvious.</p>,Twessie,Bikini Bottom,"minimalist luxury, independent fashion, luxury Obsidian Black swimwear, architectural swimsuit, Econyl Sleek Satin bikini",TRUE,Color,Stone Gray,Size,XXL,TWESSIE_EU_BB_0102-Stone Gray-XXL,168.0,,10
twessie-sg-bb-0103,High-Cut Obsidian Black Bikini Brief,"<p>Econyl Sleek Satin construction meets architectural precision in this bikini bottom. Designed for the intelligent, independent woman. The Obsidian Black colorway with Olive Drab accents creates a sophisticated palette. Pure anti-fashion statement elegance.</p>",Twessie,Bikini Bottom,"architectural swimsuit, luxury Obsidian Black swimwear, minimalist bikini bottom, Econyl Sleek Satin bikini, high-end swimwear",TRUE,Color,Obsidian Black,Size,XS,TWESSIE_SG_BB_0103-Obsidian Black-XS,168.0,,10
twessie-sg-bb-0103,High-Cut Obsidian Black Bikini Brief,"<p>Econyl Sleek Satin construction meets architectural precision in this bikini bottom. Designed for the intelligent, independent woman. The Obsidian Black colorway with Olive Drab accents creates a sophisticated palette. Pure anti-fashion statement elegance.</p>",Twessie,Bikini Bottom,"architectural swimsuit, luxury Obsidian Black swimwear, minimalist bikini bottom, Econyl Sleek Satin bikini, high-end swimwear",TRUE,Color,Obsidian Black,Size,S,TWESSIE_SG_BB_0103-Obsidian Black-S,168.0,,10
twessie-sg-bb-0103,High-Cut Obsidian Black Bikini Brief,"<p>Econyl Sleek Satin construction meets architectural precision in this bikini bottom. Designed for the intelligent, independent woman. The Obsidian Black colorway with Olive Drab accents creates a sophisticated palette. Pure anti-fashion statement elegance.</p>",Twessie,Bikini Bottom,"architectural swimsuit, luxury Obsidian Black swimwear, minimalist bikini bottom, Econyl Sleek Satin bikini, high-end swimwear",TRUE,Color,Obsidian Black,Size,M,TWESSIE_SG_BB_0103-Obsidian Black-M,168.0,,10
twessie-sg-bb-0103,High-Cut Obsidian Black Bikini Brief,"<p>Econyl Sleek Satin construction meets architectural precision in this bikini bottom. Designed for the intelligent, independent woman. The Obsidian Black colorway with Olive Drab accents creates a sophisticated palette. Pure anti-fashion statement elegance.</p>",Twessie,Bikini Bottom,"architectural swimsuit, luxury Obsidian Black swimwear, minimalist bikini bottom, Econyl Sleek Satin bikini, high-end swimwear",TRUE,Color,Obsidian Black,Size,L,TWESSIE_SG_BB_0103-Obsidian Black-L,168.0,,10
twessie-sg-bb-0103,High-Cut Obsidian Black Bikini Brief,"<p>Econyl Sleek Satin construction meets architectural precision in this bikini bottom. Designed for the intelligent, independent woman. The Obsidian Black colorway with Olive Drab accents creates a sophisticated palette. Pure anti-fashion statement elegance.</p>",Twessie,Bikini Bottom,"architectural swimsuit, luxury Obsidian Black swimwear, minimalist bikini bottom, Econyl Sleek Satin bikini, high-end swimwear",TRUE,Color,Obsidian Black,Size,XL,TWESSIE_SG_BB_0103-Obsidian Black-XL,168.0,,10
twessie-sg-bb-0103,High-Cut Obsidian Black Bikini Brief,"<p>Econyl Sleek Satin construction meets architectural precision in this bikini bottom. Designed for the intelligent, independent woman. The Obsidian Black colorway with Olive Drab accents creates a sophisticated palette. Pure anti-fashion statement elegance.</p>",Twessie,Bikini Bottom,"architectural swimsuit, luxury Obsidian Black swimwear, minimalist bikini bottom, Econyl Sleek Satin bikini, high-end swimwear",TRUE,Color,Obsidian Black,Size,XXL,TWESSIE_SG_BB_0103-Obsidian Black-XXL,168.0,,10
twessie-sg-bb-0103,High-Cut Obsidian Black Bikini Brief,"<p>Econyl Sleek Satin construction meets architectural precision in this bikini bottom. Designed for the intelligent, independent woman. The Obsidian Black colorway with Olive Drab accents creates a sophisticated palette. Pure anti-fashion statement elegance.</p>",Twessie,Bikini Bottom,"architectural swimsuit, luxury Obsidian Black swimwear, minimalist bikini bottom, Econyl Sleek Satin bikini, high-end swimwear",TRUE,Color,Olive Drab,Size,XS,TWESSIE_SG_BB_0103-Olive Drab-XS,168.0,,10
twessie-sg-bb-0103,High-Cut Obsidian Black Bikini Brief,"<p>Econyl Sleek Satin construction meets architectural precision in this bikini bottom. Designed for the intelligent, independent woman. The Obsidian Black colorway with Olive Drab accents creates a sophisticated palette. Pure anti-fashion statement elegance.</p>",Twessie,Bikini Bottom,"architectural swimsuit, luxury Obsidian Black swimwear, minimalist bikini bottom, Econyl Sleek Satin bikini, high-end swimwear",TRUE,Color,Olive Drab,Size,S,TWESSIE_SG_BB_0103-Olive Drab-S,168.0,,10
twessie-sg-bb-0103,High-Cut Obsidian Black Bikini Brief,"<p>Econyl Sleek Satin construction meets architectural precision in this bikini bottom. Designed for the intelligent, independent woman. The Obsidian Black colorway with Olive Drab accents creates a sophisticated palette. Pure anti-fashion statement elegance.</p>",Twessie,Bikini Bottom,"architectural swimsuit, luxury Obsidian Black swimwear, minimalist bikini bottom, Econyl Sleek Satin bikini, high-end swimwear",TRUE,Color,Olive Drab,Size,M,TWESSIE_SG_BB_0103-Olive Drab-M,168.0,,10
twessie-sg-bb-0103,High-Cut Obsidian Black Bikini Brief,"<p>Econyl Sleek Satin construction meets architectural precision in this bikini bottom. Designed for the intelligent, independent woman. The Obsidian Black colorway with Olive Drab accents creates a sophisticated palette. Pure anti-fashion statement elegance.</p>",Twessie,Bikini Bottom,"architectural swimsuit, luxury Obsidian Black swimwear, minimalist bikini bottom, Econyl Sleek Satin bikini, high-end swimwear",TRUE,Color,Olive Drab,Size,L,TWESSIE_SG_BB_0103-Olive Drab-L,168.0,,10
twessie-sg-bb-0103,High-Cut Obsidian Black Bikini Brief,"<p>Econyl Sleek Satin construction meets architectural precision in this bikini bottom. Designed for the intelligent, independent woman. The Obsidian Black colorway with Olive Drab accents creates a sophisticated palette. Pure anti-fashion statement elegance.</p>",Twessie,Bikini Bottom,"architectural swimsuit, luxury Obsidian Black swimwear, minimalist bikini bottom, Econyl Sleek Satin bikini, high-end swimwear",TRUE,Color,Olive Drab,Size,XL,TWESSIE_SG_BB_0103-Olive Drab-XL,168.0,,10
twessie-sg-bb-0103,High-Cut Obsidian Black Bikini Brief,"<p>Econyl Sleek Satin construction meets architectural precision in this bikini bottom. Designed for the intelligent, independent woman. The Obsidian Black colorway with Olive Drab accents creates a sophisticated palette. Pure anti-fashion statement elegance.</p>",Twessie,Bikini Bottom,"architectural swimsuit, luxury Obsidian Black swimwear, minimalist bikini bottom, Econyl Sleek Satin bikini, high-end swimwear",TRUE,Color,Olive Drab,Size,XXL,TWESSIE_SG_BB_0103-Olive Drab-XXL,168.0,,10
twessie-eu-op-0104,Minimalist Econyl Sleek Satin One-Piece,<p>A statement piece in Econyl Sleek Satin. This one-piece combines rebellious yet refined design with impeccable craftsmanship. Available in Obsidian Black with Chalk White detailing. Not loud. Not obvious. Unmistakably Twessie.</p>,Twessie,One-Piece,"independent fashion, luxury Obsidian Black swimwear, minimalist luxury, Econyl Sleek Satin bikini, minimalist one-piece",TRUE,Color,Obsidian Black,Size,XS,TWESSIE_EU_OP_0104-Obsidian Black-XS,168.0,,10
twessie-eu-op-0104,Minimalist Econyl Sleek Satin One-Piece,<p>A statement piece in Econyl Sleek Satin. This one-piece combines rebellious yet refined design with impeccable craftsmanship. Available in Obsidian Black with Chalk White detailing. Not loud. Not obvious. Unmistakably Twessie.</p>,Twessie,One-Piece,"independent fashion, luxury Obsidian Black swimwear, minimalist luxury, Econyl Sleek Satin bikini, minimalist one-piece",TRUE,Color,Obsidian Black,Size,S,TWESSIE_EU_OP_0104-Obsidian Black-S,168.0,,10
twessie-eu-op-0104,Minimalist Econyl Sleek Satin One-Piece,<p>A statement piece in Econyl Sleek Satin. This one-piece combines rebellious yet refined design with impeccable craftsmanship. Available in Obsidian Black with Chalk White detailing. Not loud. Not obvious. Unmistakably Twessie.</p>,Twessie,One-Piece,"independent fashion, luxury Obsidian Black swimwear, minimalist luxury, Econyl Sleek Satin bikini, minimalist one-piece",TRUE,Color,Obsidian Black,Size,M,TWESSIE_EU_OP_0104-Obsidian Black-M,168.0,,10
twessie-eu-op-0104,Minimalist Econyl Sleek Satin One-Piece,<p>A statement piece in Econyl Sleek Satin. This one-piece combines rebellious yet refined design with impeccable craftsmanship. Available in Obsidian Black with Chalk White detailing. Not loud. Not obvious. Unmistakably Twessie.</p>,Twessie,One-Piece,"independent fashion, luxury Obsidian Black swimwear, minimalist luxury, Econyl Sleek Satin bikini, minimalist one-piece",TRUE,Color,Obsidian Black,Size,L,TWESSIE_EU_OP_0104-Obsidian Black-L,168.0,,10
twessie-eu-op-0104,Minimalist Econyl Sleek Satin One-Piece,<p>A statement piece in Econyl Sleek Satin. This one-piece combines rebellious yet refined design with impeccable craftsmanship. Available in Obsidian Black with Chalk White detailing. Not loud. Not obvious. Unmistakably Twessie.</p>,Twessie,One-Piece,"independent fashion, luxury Obsidian Black swimwear, minimalist luxury, Econyl Sleek Satin bikini, minimalist one-piece",TRUE,Color,Obsidian Black,Size,XL,TWESSIE_EU_OP_0104-Obsidian Black-XL,168.0,,10
twessie-eu-op-0104,Minimalist Econyl Sleek Satin One-Piece,<p>A statement piece in Econyl Sleek Satin. This one-piece combines rebellious yet refined design with impeccable craftsmanship. Available in Obsidian Black with Chalk White detailing. Not loud. Not obvious. Unmistakably Twessie.</p>,Twessie,One-Piece,"independent fashion, luxury Obsidian Black swimwear, minimalist luxury, Econyl Sleek Satin bikini, minimalist one-piece",TRUE,Color,Obsidian Black,Size,XXL,TWESSIE_EU_OP_0104-Obsidian Black-XXL,168.0,,10
twessie-eu-op-0104,Minimalist Econyl Sleek Satin One-Piece,<p>A statement piece in Econyl Sleek Satin. This one-piece combines rebellious yet refined design with impeccable craftsmanship. Available in Obsidian Black with Chalk White detailing. Not loud. Not obvious. Unmistakably Twessie.</p>,Twessie,One-Piece,"independent fashion, luxury Obsidian Black swimwear, minimalist luxury, Econyl Sleek Satin bikini, minimalist one-piece",TRUE,Color,Chalk White,Size,XS,TWESSIE_EU_OP_0104-Chalk White-XS,168.0,,10
twessie-eu-op-0104,Minimalist Econyl Sleek Satin One-Piece,<p>A statement piece in Econyl Sleek Satin. This one-piece combines rebellious yet refined design with impeccable craftsmanship. Available in Obsidian Black with Chalk White detailing. Not loud. Not obvious. Unmistakably Twessie.</p>,Twessie,One-Piece,"independent fashion, luxury Obsidian Black swimwear, minimalist luxury, Econyl Sleek Satin bikini, minimalist one-piece",TRUE,Color,Chalk White,Size,S,TWESSIE_EU_OP_0104-Chalk White-S,168.0,,10
twessie-eu-op-0104,Minimalist Econyl Sleek Satin One-Piece,<p>A statement piece in Econyl Sleek Satin. This one-piece combines rebellious yet refined design with impeccable craftsmanship. Available in Obsidian Black with Chalk White detailing. Not loud. Not obvious. Unmistakably Twessie.</p>,Twessie,One-Piece,"independent fashion, luxury Obsidian Black swimwear, minimalist luxury, Econyl Sleek Satin bikini, minimalist one-piece",TRUE,Color,Chalk White,Size,M,TWESSIE_EU_OP_0104-Chalk White-M,168.0,,10
twessie-eu-op-0104,Minimalist Econyl Sleek Satin One-Piece,<p>A statement piece in Econyl Sleek Satin. This one-piece combines rebellious yet refined design with impeccable craftsmanship. Available in Obsidian Black with Chalk White detailing. Not loud. Not obvious. Unmistakably Twessie.</p>,Twessie,One-Piece,"independent fashion, luxury Obsidian Black swimwear, minimalist luxury, Econyl Sleek Satin bikini, minimalist one-piece",TRUE,Color,Chalk White,Size,L,TWESSIE_EU_OP_0104-Chalk White-L,168.0,,10
twessie-eu-op-0104,Minimalist Econyl Sleek Satin One-Piece,<p>A statement piece in Econyl Sleek Satin. This one-piece combines rebellious yet refined design with impeccable craftsmanship. Available in Obsidian Black with Chalk White detailing. Not loud. Not obvious. Unmistakably Twessie.</p>,Twessie,One-Piece,"independent fashion, luxury Obsidian Black swimwear, minimalist luxury, Econyl Sleek Satin bikini, minimalist one-piece",TRUE,Color,Chalk White,Size,XL,TWESSIE_EU_OP_0104-Chalk White-XL,168.0,,10
twessie-eu-op-0104,Minimalist Econyl Sleek Satin One-Piece,<p>A statement piece in Econyl Sleek Satin. This one-piece combines rebellious yet refined design with impeccable craftsmanship. Available in Obsidian Black with Chalk White detailing. Not loud. Not obvious. Unmistakably Twessie.</p>,Twessie,One-Piece,"independent fashion, luxury Obsidian Black swimwear, minimalist luxury, Econyl Sleek Satin bikini, minimalist one-piece",TRUE,Color,Chalk White,Size,XXL,TWESSIE_EU_OP_0104-Chalk White-XXL,168.0,,10
twessie-eu-bb-0105,Burnt Terracotta Minimalist Matte Ribbed Knit Bikini Bottom,<p>Crafted in premium Matte Ribbed Knit with Crinkled Seersucker accents. This bikini bottom epitomizes minimalist luxury luxury. Featuring color-blocking in Burnt Terracotta and Olive Drab. Perfect for the discerning swimmer who refuses the obvious.</p>,Twessie,Bikini Bottom,"Matte Ribbed Knit bikini, minimalist bikini bottom, independent fashion, architectural swimsuit, high-end swimwear",TRUE,Color,Burnt Terracotta,Size,XS,TWESSIE_EU_BB_0105-Burnt Terracotta-XS,168.0,,10
twessie-eu-bb-0105,Burnt Terracotta Minimalist Matte Ribbed Knit Bikini Bottom,<p>Crafted in premium Matte Ribbed Knit with Crinkled Seersucker accents. This bikini bottom epitomizes minimalist luxury luxury. Featuring color-blocking in Burnt Terracotta and Olive Drab. Perfect for the discerning swimmer who refuses the obvious.</p>,Twessie,Bikini Bottom,"Matte Ribbed Knit bikini, minimalist bikini bottom, independent fashion, architectural swimsuit, high-end swimwear",TRUE,Color,Burnt Terracotta,Size,S,TWESSIE_EU_BB_0105-Burnt Terracotta-S,168.0,,10
twessie-eu-bb-0105,Burnt Terracotta Minimalist Matte Ribbed Knit Bikini Bottom,<p>Crafted in premium Matte Ribbed Knit with Crinkled Seersucker accents. This bikini bottom epitomizes minimalist luxury luxury. Featuring color-blocking in Burnt Terracotta and Olive Drab. Perfect for the discerning swimmer who refuses the obvious.</p>,Twessie,Bikini Bottom,"Matte Ribbed Knit bikini, minimalist bikini bottom, independent fashion, architectural swimsuit, high-end swimwear",TRUE,Color,Burnt Terracotta,Size,M,TWESSIE_EU_BB_0105-Burnt Terracotta-M,168.0,,10
twessie-eu-bb-0105,Burnt Terracotta Minimalist Matte Ribbed Knit Bikini Bottom,<p>Crafted in premium Matte Ribbed Knit with Crinkled Seersucker accents. This bikini bottom epitomizes minimalist luxury luxury. Featuring color-blocking in Burnt Terracotta and Olive Drab. Perfect for the discerning swimmer who refuses the obvious.</p>,Twessie,Bikini Bottom,"Matte Ribbed Knit bikini, minimalist bikini bottom, independent fashion, architectural swimsuit, high-end swimwear",TRUE,Color,Burnt Terracotta,Size,L,TWESSIE_EU_BB_0105-Burnt Terracotta-L,168.0,,10
twessie-eu-bb-0105,Burnt Terracotta Minimalist Matte Ribbed Knit Bikini Bottom,<p>Crafted in premium Matte Ribbed Knit with Crinkled Seersucker accents. This bikini bottom epitomizes minimalist luxury luxury. Featuring color-blocking in Burnt Terracotta and Olive Drab. Perfect for the discerning swimmer who refuses the obvious.</p>,Twessie,Bikini Bottom,"Matte Ribbed Knit bikini, minimalist bikini bottom, independent fashion, architectural swimsuit, high-end swimwear",TRUE,Color,Burnt Terracotta,Size,XL,TWESSIE_EU_BB_0105-Burnt Terracotta-XL,168.0,,10
twessie-eu-bb-0105,Burnt Terracotta Minimalist Matte Ribbed Knit Bikini Bottom,<p>Crafted in premium Matte Ribbed Knit with Crinkled Seersucker accents. This bikini bottom epitomizes minimalist luxury luxury. Featuring color-blocking in Burnt Terracotta and Olive Drab. Perfect for the discerning swimmer who refuses the obvious.</p>,Twessie,Bikini Bottom,"Matte Ribbed Knit bikini, minimalist bikini bottom, independent fashion, architectural swimsuit, high-end swimwear",TRUE,Color,Burnt Terracotta,Size,XXL,TWESSIE_EU_BB_0105-Burnt Terracotta-XXL,168.0,,10
twessie-eu-bb-0105,Burnt Terracotta Minimalist Matte Ribbed Knit Bikini Bottom,<p>Crafted in premium Matte Ribbed Knit with Crinkled Seersucker accents. This bikini bottom epitomizes minimalist luxury luxury. Featuring color-blocking in Burnt Terracotta and Olive Drab. Perfect for the discerning swimmer who refuses the obvious.</p>,Twessie,Bikini Bottom,"Matte Ribbed Knit bikini, minimalist bikini bottom, independent fashion, architectural swimsuit, high-end swimwear",TRUE,Color,Olive Drab,Size,XS,TWESSIE_EU_BB_0105-Olive Drab-XS,168.0,,10
twessie-eu-bb-0105,Burnt Terracotta Minimalist Matte Ribbed Knit Bikini Bottom,<p>Crafted in premium Matte Ribbed Knit with Crinkled Seersucker accents. This bikini bottom epitomizes minimalist luxury luxury. Featuring color-blocking in Burnt Terracotta and Olive Drab. Perfect for the discerning swimmer who refuses the obvious.</p>,Twessie,Bikini Bottom,"Matte Ribbed Knit bikini, minimalist bikini bottom, independent fashion, architectural swimsuit, high-end swimwear",TRUE,Color,Olive Drab,Size,S,TWESSIE_EU_BB_0105-Olive Drab-S,168.0,,10
twessie-eu-bb-0105,Burnt Terracotta Minimalist Matte Ribbed Knit Bikini Bottom,<p>Crafted in premium Matte Ribbed Knit with Crinkled Seersucker accents. This bikini bottom epitomizes minimalist luxury luxury. Featuring color-blocking in Burnt Terracotta and Olive Drab. Perfect for the discerning swimmer who refuses the obvious.</p>,Twessie,Bikini Bottom,"Matte Ribbed Knit bikini, minimalist bikini bottom, independent fashion, architectural swimsuit, high-end swimwear",TRUE,Color,Olive Drab,Size,M,TWESSIE_EU_BB_0105-Olive Drab-M,168.0,,10
twessie-eu-bb-0105,Burnt Terracotta Minimalist Matte Ribbed Knit Bikini Bottom,<p>Crafted in premium Matte Ribbed Knit with Crinkled Seersucker accents. This bikini bottom epitomizes minimalist luxury luxury. Featuring color-blocking in Burnt Terracotta and Olive Drab. Perfect for the discerning swimmer who refuses the obvious.</p>,Twessie,Bikini Bottom,"Matte Ribbed Knit bikini, minimalist bikini bottom, independent fashion, architectural swimsuit, high-end swimwear",TRUE,Color,Olive Drab,Size,L,TWESSIE_EU_BB_0105-Olive Drab-L,168.0,,10
twessie-eu-bb-0105,Burnt Terracotta Minimalist Matte Ribbed Knit Bikini Bottom,<p>Crafted in premium Matte Ribbed Knit with Crinkled Seersucker accents. This bikini bottom epitomizes minimalist luxury luxury. Featuring color-blocking in Burnt Terracotta and Olive Drab. Perfect for the discerning swimmer who refuses the obvious.</p>,Twessie,Bikini Bottom,"Matte Ribbed Knit bikini, minimalist bikini bottom, independent fashion, architectural swimsuit, high-end swimwear",TRUE,Color,Olive Drab,Size,XL,TWESSIE_EU_BB_0105-Olive Drab-XL,168.0,,10
twessie-eu-bb-0105,Burnt Terracotta Minimalist Matte Ribbed Knit Bikini Bottom,<p>Crafted in premium Matte Ribbed Knit with Crinkled Seersucker accents. This bikini bottom epitomizes minimalist luxury luxury. Featuring color-blocking in Burnt Terracotta and Olive Drab. Perfect for the discerning swimmer who refuses the obvious.</p>,Twessie,Bikini Bottom,"Matte Ribbed Knit bikini, minimalist bikini bottom, independent fashion, architectural swimsuit, high-end swimwear",TRUE,Color,Olive Drab,Size,XXL,TWESSIE_EU_BB_0105-Olive Drab-XXL,168.0,,10
twessie-sg-bt-0106,Minimalist Stone Gray Textured Bikini Top,<p>Crafted in premium Crinkled Seersucker with Matte Ribbed Knit accents. This bikini top epitomizes rebellious yet refined luxury. Featuring color-blocking in Stone Gray and Chalk White. Perfect for the discerning swimmer who refuses the obvious.</p>,Twessie,Bikini Top,"luxury Stone Gray swimwear, minimalist luxury, minimalist bikini top, Crinkled Seersucker bikini, architectural swimsuit",TRUE,Color,Stone Gray,Size,XS,TWESSIE_SG_BT_0106-Stone Gray-XS,168.0,,10
twessie-sg-bt-0106,Minimalist Stone Gray Textured Bikini Top,<p>Crafted in premium Crinkled Seersucker with Matte Ribbed Knit accents. This bikini top epitomizes rebellious yet refined luxury. Featuring color-blocking in Stone Gray and Chalk White. Perfect for the discerning swimmer who refuses the obvious.</p>,Twessie,Bikini Top,"luxury Stone Gray swimwear, minimalist luxury, minimalist bikini top, Crinkled Seersucker bikini, architectural swimsuit",TRUE,Color,Stone Gray,Size,S,TWESSIE_SG_BT_0106-Stone Gray-S,168.0,,10
twessie-sg-bt-0106,Minimalist Stone Gray Textured Bikini Top,<p>Crafted in premium Crinkled Seersucker with Matte Ribbed Knit accents. This bikini top epitomizes rebellious yet refined luxury. Featuring color-blocking in Stone Gray and Chalk White. Perfect for the discerning swimmer who refuses the obvious.</p>,Twessie,Bikini Top,"luxury Stone Gray swimwear, minimalist luxury, minimalist bikini top, Crinkled Seersucker bikini, architectural swimsuit",TRUE,Color,Stone Gray,Size,M,TWESSIE_SG_BT_0106-Stone Gray-M,168.0,,10
twessie-sg-bt-0106,Minimalist Stone Gray Textured Bikini Top,<p>Crafted in premium Crinkled Seersucker with Matte Ribbed Knit accents. This bikini top epitomizes rebellious yet refined luxury. Featuring color-blocking in Stone Gray and Chalk White. Perfect for the discerning swimmer who refuses the obvious.</p>,Twessie,Bikini Top,"luxury Stone Gray swimwear, minimalist luxury, minimalist bikini top, Crinkled Seersucker bikini, architectural swimsuit",TRUE,Color,Stone Gray,Size,L,TWESSIE_SG_BT_0106-Stone Gray-L,168.0,,10
twessie-sg-bt-0106,Minimalist Stone Gray Textured Bikini Top,<p>Crafted in premium Crinkled Seersucker with Matte Ribbed Knit accents. This bikini top epitomizes rebellious yet refined luxury. Featuring color-blocking in Stone Gray and Chalk White. Perfect for the discerning swimmer who refuses the obvious.</p>,Twessie,Bikini Top,"luxury Stone Gray swimwear, minimalist luxury, minimalist bikini top, Crinkled Seersucker bikini, architectural swimsuit",TRUE,Color,Stone Gray,Size,XL,TWESSIE_SG_BT_0106-Stone Gray-XL,168.0,,10
twessie-sg-bt-0106,Minimalist Stone Gray Textured Bikini Top,<p>Crafted in premium Crinkled Seersucker with Matte Ribbed Knit accents. This bikini top epitomizes rebellious yet refined luxury. Featuring color-blocking in Stone Gray and Chalk White. Perfect for the discerning swimmer who refuses the obvious.</p>,Twessie,Bikini Top,"luxury Stone Gray swimwear, minimalist luxury, minimalist bikini top, Crinkled Seersucker bikini, architectural swimsuit",TRUE,Color,Stone Gray,Size,XXL,TWESSIE_SG_BT_0106-Stone Gray-XXL,168.0,,10
twessie-sg-bt-0106,Minimalist Stone Gray Textured Bikini Top,<p>Crafted in premium Crinkled Seersucker with Matte Ribbed Knit accents. This bikini top epitomizes rebellious yet refined luxury. Featuring color-blocking in Stone Gray and Chalk White. Perfect for the discerning swimmer who refuses the obvious.</p>,Twessie,Bikini Top,"luxury Stone Gray swimwear, minimalist luxury, minimalist bikini top, Crinkled Seersucker bikini, architectural swimsuit",TRUE,Color,Chalk White,Size,XS,TWESSIE_SG_BT_0106-Chalk White-XS,168.0,,10
twessie-sg-bt-0106,Minimalist Stone Gray Textured Bikini Top,<p>Crafted in premium Crinkled Seersucker with Matte Ribbed Knit accents. This bikini top epitomizes rebellious yet refined luxury. Featuring color-blocking in Stone Gray and Chalk White. Perfect for the discerning swimmer who refuses the obvious.</p>,Twessie,Bikini Top,"luxury Stone Gray swimwear, minimalist luxury, minimalist bikini top, Crinkled Seersucker bikini, architectural swimsuit",TRUE,Color,Chalk White,Size,S,TWESSIE_SG_BT_0106-Chalk White-S,168.0,,10
twessie-sg-bt-0106,Minimalist Stone Gray Textured Bikini Top,<p>Crafted in premium Crinkled Seersucker with Matte Ribbed Knit accents. This bikini top epitomizes rebellious yet refined luxury. Featuring color-blocking in Stone Gray and Chalk White. Perfect for the discerning swimmer who refuses the obvious.</p>,Twessie,Bikini Top,"luxury Stone Gray swimwear, minimalist luxury, minimalist bikini top, Crinkled Seersucker bikini, architectural swimsuit",TRUE,Color,Chalk White,Size,M,TWESSIE_SG_BT_0106-Chalk White-M,168.0,,10
twessie-sg-bt-0106,Minimalist Stone Gray Textured Bikini Top,<p>Crafted in premium Crinkled Seersucker with Matte Ribbed Knit accents. This bikini top epitomizes rebellious yet refined luxury. Featuring color-blocking in Stone Gray and Chalk White. Perfect for the discerning swimmer who refuses the obvious.</p>,Twessie,Bikini Top,"luxury Stone Gray swimwear, minimalist luxury, minimalist bikini top, Crinkled Seersucker bikini, architectural swimsuit",TRUE,Color,Chalk White,Size,L,TWESSIE_SG_BT_0106-Chalk White-L,168.0,,10
twessie-sg-bt-0106,Minimalist Stone Gray Textured Bikini Top,<p>Crafted in premium Crinkled Seersucker with Matte Ribbed Knit accents. This bikini top epitomizes rebellious yet refined luxury. Featuring color-blocking in Stone Gray and Chalk White. Perfect for the discerning swimmer who refuses the obvious.</p>,Twessie,Bikini Top,"luxury Stone Gray swimwear, minimalist luxury, minimalist bikini top, Crinkled Seersucker bikini, architectural swimsuit",TRUE,Color,Chalk White,Size,XL,TWESSIE_SG_BT_0106-Chalk White-XL,168.0,,10
twessie-sg-bt-0106,Minimalist Stone Gray Textured Bikini Top,<p>Crafted in premium Crinkled Seersucker with Matte Ribbed Knit accents. This bikini top epitomizes rebellious yet refined luxury. Featuring color-blocking in Stone Gray and Chalk White. Perfect for the discerning swimmer who refuses the obvious.</p>,Twessie,Bikini Top,"luxury Stone Gray swimwear, minimalist luxury, minimalist bikini top, Crinkled Seersucker bikini, architectural swimsuit",TRUE,Color,Chalk White,Size,XXL,TWESSIE_SG_BT_0106-Chalk White-XXL,168.0,,10
twessie-eu-bt-0107,Minimalist Obsidian Black Textured Bikini Top,<p>Crafted in premium Econyl Sleek Satin with Matte Ribbed Knit accents. This bikini top epitomizes anti-fashion statement luxury. Featuring color-blocking in Obsidian Black and Burnt Terracotta. Perfect for the discerning swimmer who refuses the obvious.</p>,Twessie,Bikini Top,"architectural swimsuit, independent fashion, Econyl Sleek Satin bikini, high-end swimwear, minimalist bikini top",TRUE,Color,Obsidian Black,Size,XS,TWESSIE_EU_BT_0107-Obsidian Black-XS,168.0,,10
twessie-eu-bt-0107,Minimalist Obsidian Black Textured Bikini Top,<p>Crafted in premium Econyl Sleek Satin with Matte Ribbed Knit accents. This bikini top epitomizes anti-fashion statement luxury. Featuring color-blocking in Obsidian Black and Burnt Terracotta. Perfect for the discerning swimmer who refuses the obvious.</p>,Twessie,Bikini Top,"architectural swimsuit, independent fashion, Econyl Sleek Satin bikini, high-end swimwear, minimalist bikini top",TRUE,Color,Obsidian Black,Size,S,TWESSIE_EU_BT_0107-Obsidian Black-S,168.0,,10
twessie-eu-bt-0107,Minimalist Obsidian Black Textured Bikini Top,<p>Crafted in premium Econyl Sleek Satin with Matte Ribbed Knit accents. This bikini top epitomizes anti-fashion statement luxury. Featuring color-blocking in Obsidian Black and Burnt Terracotta. Perfect for the discerning swimmer who refuses the obvious.</p>,Twessie,Bikini Top,"architectural swimsuit, independent fashion, Econyl Sleek Satin bikini, high-end swimwear, minimalist bikini top",TRUE,Color,Obsidian Black,Size,M,TWESSIE_EU_BT_0107-Obsidian Black-M,168.0,,10
twessie-eu-bt-0107,Minimalist Obsidian Black Textured Bikini Top,<p>Crafted in premium Econyl Sleek Satin with Matte Ribbed Knit accents. This bikini top epitomizes anti-fashion statement luxury. Featuring color-blocking in Obsidian Black and Burnt Terracotta. Perfect for the discerning swimmer who refuses the obvious.</p>,Twessie,Bikini Top,"architectural swimsuit, independent fashion, Econyl Sleek Satin bikini, high-end swimwear, minimalist bikini top",TRUE,Color,Obsidian Black,Size,L,TWESSIE_EU_BT_0107-Obsidian Black-L,168.0,,10
twessie-eu-bt-0107,Minimalist Obsidian Black Textured Bikini Top,<p>Crafted in premium Econyl Sleek Satin with Matte Ribbed Knit accents. This bikini top epitomizes anti-fashion statement luxury. Featuring color-blocking in Obsidian Black and Burnt Terracotta. Perfect for the discerning swimmer who refuses the obvious.</p>,Twessie,Bikini Top,"architectural swimsuit, independent fashion, Econyl Sleek Satin bikini, high-end swimwear, minimalist bikini top",TRUE,Color,Obsidian Black,Size,XL,TWESSIE_EU_BT_0107-Obsidian Black-XL,168.0,,10
twessie-eu-bt-0107,Minimalist Obsidian Black Textured Bikini Top,<p>Crafted in premium Econyl Sleek Satin with Matte Ribbed Knit accents. This bikini top epitomizes anti-fashion statement luxury. Featuring color-blocking in Obsidian Black and Burnt Terracotta. Perfect for the discerning swimmer who refuses the obvious.</p>,Twessie,Bikini Top,"architectural swimsuit, independent fashion, Econyl Sleek Satin bikini, high-end swimwear, minimalist bikini top",TRUE,Color,Obsidian Black,Size,XXL,TWESSIE_EU_BT_0107-Obsidian Black-XXL,168.0,,10
twessie-eu-bt-0107,Minimalist Obsidian Black Textured Bikini Top,<p>Crafted in premium Econyl Sleek Satin with Matte Ribbed Knit accents. This bikini top epitomizes anti-fashion statement luxury. Featuring color-blocking in Obsidian Black and Burnt Terracotta. Perfect for the discerning swimmer who refuses the obvious.</p>,Twessie,Bikini Top,"architectural swimsuit, independent fashion, Econyl Sleek Satin bikini, high-end swimwear, minimalist bikini top",TRUE,Color,Burnt Terracotta,Size,XS,TWESSIE_EU_BT_0107-Burnt Terracotta-XS,168.0,,10
twessie-eu-bt-0107,Minimalist Obsidian Black Textured Bikini Top,<p>Crafted in premium Econyl Sleek Satin with Matte Ribbed Knit accents. This bikini top epitomizes anti-fashion statement luxury. Featuring color-blocking in Obsidian Black and Burnt Terracotta. Perfect for the discerning swimmer who refuses the obvious.</p>,Twessie,Bikini Top,"architectural swimsuit, independent fashion, Econyl Sleek Satin bikini, high-end swimwear, minimalist bikini top",TRUE,Color,Burnt Terracotta,Size,S,TWESSIE_EU_BT_0107-Burnt Terracotta-S,168.0,,10
twessie-eu-bt-0107,Minimalist Obsidian Black Textured Bikini Top,<p>Crafted in premium Econyl Sleek Satin with Matte Ribbed Knit accents. This bikini top epitomizes anti-fashion statement luxury. Featuring color-blocking in Obsidian Black and Burnt Terracotta. Perfect for the discerning swimmer who refuses the obvious.</p>,Twessie,Bikini Top,"architectural swimsuit, independent fashion, Econyl Sleek Satin bikini, high-end swimwear, minimalist bikini top",TRUE,Color,Burnt Terracotta,Size,M,TWESSIE_EU_BT_0107-Burnt Terracotta-M,168.0,,10
twessie-eu-bt-0107,Minimalist Obsidian Black Textured Bikini Top,<p>Crafted in premium Econyl Sleek Satin with Matte Ribbed Knit accents. This bikini top epitomizes anti-fashion statement luxury. Featuring color-blocking in Obsidian Black and Burnt Terracotta. Perfect for the discerning swimmer who refuses the obvious.</p>,Twessie,Bikini Top,"architectural swimsuit, independent fashion, Econyl Sleek Satin bikini, high-end swimwear, minimalist bikini top",TRUE,Color,Burnt Terracotta,Size,L,TWESSIE_EU_BT_0107-Burnt Terracotta-L,168.0,,10
twessie-eu-bt-0107,Minimalist Obsidian Black Textured Bikini Top,<p>Crafted in premium Econyl Sleek Satin with Matte Ribbed Knit accents. This bikini top epitomizes anti-fashion statement luxury. Featuring color-blocking in Obsidian Black and Burnt Terracotta. Perfect for the discerning swimmer who refuses the obvious.</p>,Twessie,Bikini Top,"architectural swimsuit, independent fashion, Econyl Sleek Satin bikini, high-end swimwear, minimalist bikini top",TRUE,Color,Burnt Terracotta,Size,XL,TWESSIE_EU_BT_0107-Burnt Terracotta-XL,168.0,,10
twessie-eu-bt-0107,Minimalist Obsidian Black Textured Bikini Top,<p>Crafted in premium Econyl Sleek Satin with Matte Ribbed Knit accents. This bikini top epitomizes anti-fashion statement luxury. Featuring color-blocking in Obsidian Black and Burnt Terracotta. Perfect for the discerning swimmer who refuses the obvious.</p>,Twessie,Bikini Top,"architectural swimsuit, independent fashion, Econyl Sleek Satin bikini, high-end swimwear, minimalist bikini top",TRUE,Color,Burnt Terracotta,Size,XXL,TWESSIE_EU_BT_0107-Burnt Terracotta-XXL,168.0,,10
twessie-au-bb-0108,Raw-Edge Obsidian Black Bikini Bottom,<p>A statement piece in Econyl Sleek Satin. This bikini bottom combines anti-fashion statement design with impeccable craftsmanship. Available in Obsidian Black with Olive Drab detailing. Not loud. Not obvious. Unmistakably Twessie.</p>,Twessie,Bikini Bottom,"architectural swimsuit, minimalist bikini bottom, luxury Obsidian Black swimwear, independent fashion, Econyl Sleek Satin bikini",TRUE,Color,Obsidian Black,Size,XS,TWESSIE_AU_BB_0108-Obsidian Black-XS,168.0,,10
twessie-au-bb-0108,Raw-Edge Obsidian Black Bikini Bottom,<p>A statement piece in Econyl Sleek Satin. This bikini bottom combines anti-fashion statement design with impeccable craftsmanship. Available in Obsidian Black with Olive Drab detailing. Not loud. Not obvious. Unmistakably Twessie.</p>,Twessie,Bikini Bottom,"architectural swimsuit, minimalist bikini bottom, luxury Obsidian Black swimwear, independent fashion, Econyl Sleek Satin bikini",TRUE,Color,Obsidian Black,Size,S,TWESSIE_AU_BB_0108-Obsidian Black-S,168.0,,10
twessie-au-bb-0108,Raw-Edge Obsidian Black Bikini Bottom,<p>A statement piece in Econyl Sleek Satin. This bikini bottom combines anti-fashion statement design with impeccable craftsmanship. Available in Obsidian Black with Olive Drab detailing. Not loud. Not obvious. Unmistakably Twessie.</p>,Twessie,Bikini Bottom,"architectural swimsuit, minimalist bikini bottom, luxury Obsidian Black swimwear, independent fashion, Econyl Sleek Satin bikini",TRUE,Color,Obsidian Black,Size,M,TWESSIE_AU_BB_0108-Obsidian Black-M,168.0,,10
twessie-au-bb-0108,Raw-Edge Obsidian Black Bikini Bottom,<p>A statement piece in Econyl Sleek Satin. This bikini bottom combines anti-fashion statement design with impeccable craftsmanship. Available in Obsidian Black with Olive Drab detailing. Not loud. Not obvious. Unmistakably Twessie.</p>,Twessie,Bikini Bottom,"architectural swimsuit, minimalist bikini bottom, luxury Obsidian Black swimwear, independent fashion, Econyl Sleek Satin bikini",TRUE,Color,Obsidian Black,Size,L,TWESSIE_AU_BB_0108-Obsidian Black-L,168.0,,10
twessie-au-bb-0108,Raw-Edge Obsidian Black Bikini Bottom,<p>A statement piece in Econyl Sleek Satin. This bikini bottom combines anti-fashion statement design with impeccable craftsmanship. Available in Obsidian Black with Olive Drab detailing. Not loud. Not obvious. Unmistakably Twessie.</p>,Twessie,Bikini Bottom,"architectural swimsuit, minimalist bikini bottom, luxury Obsidian Black swimwear, independent fashion, Econyl Sleek Satin bikini",TRUE,Color,Obsidian Black,Size,XL,TWESSIE_AU_BB_0108-Obsidian Black-XL,168.0,,10
twessie-au-bb-0108,Raw-Edge Obsidian Black Bikini Bottom,<p>A statement piece in Econyl Sleek Satin. This bikini bottom combines anti-fashion statement design with impeccable craftsmanship. Available in Obsidian Black with Olive Drab detailing. Not loud. Not obvious. Unmistakably Twessie.</p>,Twessie,Bikini Bottom,"architectural swimsuit, minimalist bikini bottom, luxury Obsidian Black swimwear, independent fashion, Econyl Sleek Satin bikini",TRUE,Color,Obsidian Black,Size,XXL,TWESSIE_AU_BB_0108-Obsidian Black-XXL,168.0,,10
twessie-au-bb-0108,Raw-Edge Obsidian Black Bikini Bottom,<p>A statement piece in Econyl Sleek Satin. This bikini bottom combines anti-fashion statement design with impeccable craftsmanship. Available in Obsidian Black with Olive Drab detailing. Not loud. Not obvious. Unmistakably Twessie.</p>,Twessie,Bikini Bottom,"architectural swimsuit, minimalist bikini bottom, luxury Obsidian Black swimwear, independent fashion, Econyl Sleek Satin bikini",TRUE,Color,Olive Drab,Size,XS,TWESSIE_AU_BB_0108-Olive Drab-XS,168.0,,10
twessie-au-bb-0108,Raw-Edge Obsidian Black Bikini Bottom,<p>A statement piece in Econyl Sleek Satin. This bikini bottom combines anti-fashion statement design with impeccable craftsmanship. Available in Obsidian Black with Olive Drab detailing. Not loud. Not obvious. Unmistakably Twessie.</p>,Twessie,Bikini Bottom,"architectural swimsuit, minimalist bikini bottom, luxury Obsidian Black swimwear, independent fashion, Econyl Sleek Satin bikini",TRUE,Color,Olive Drab,Size,S,TWESSIE_AU_BB_0108-Olive Drab-S,168.0,,10
twessie-au-bb-0108,Raw-Edge Obsidian Black Bikini Bottom,<p>A statement piece in Econyl Sleek Satin. This bikini bottom combines anti-fashion statement design with impeccable craftsmanship. Available in Obsidian Black with Olive Drab detailing. Not loud. Not obvious. Unmistakably Twessie.</p>,Twessie,Bikini Bottom,"architectural swimsuit, minimalist bikini bottom, luxury Obsidian Black swimwear, independent fashion, Econyl Sleek Satin bikini",TRUE,Color,Olive Drab,Size,M,TWESSIE_AU_BB_0108-Olive Drab-M,168.0,,10
twessie-au-bb-0108,Raw-Edge Obsidian Black Bikini Bottom,<p>A statement piece in Econyl Sleek Satin. This bikini bottom combines anti-fashion statement design with impeccable craftsmanship. Available in Obsidian Black with Olive Drab detailing. Not loud. Not obvious. Unmistakably Twessie.</p>,Twessie,Bikini Bottom,"architectural swimsuit, minimalist bikini bottom, luxury Obsidian Black swimwear, independent fashion, Econyl Sleek Satin bikini",TRUE,Color,Olive Drab,Size,L,TWESSIE_AU_BB_0108-Olive Drab-L,168.0,,10
twessie-au-bb-0108,Raw-Edge Obsidian Black Bikini Bottom,<p>A statement piece in Econyl Sleek Satin. This bikini bottom combines anti-fashion statement design with impeccable craftsmanship. Available in Obsidian Black with Olive Drab detailing. Not loud. Not obvious. Unmistakably Twessie.</p>,Twessie,Bikini Bottom,"architectural swimsuit, minimalist bikini bottom, luxury Obsidian Black swimwear, independent fashion, Econyl Sleek Satin bikini",TRUE,Color,Olive Drab,Size,XL,TWESSIE_AU_BB_0108-Olive Drab-XL,168.0,,10
twessie-au-bb-0108,Raw-Edge Obsidian Black Bikini Bottom,<p>A statement piece in Econyl Sleek Satin. This bikini bottom combines anti-fashion statement design with impeccable craftsmanship. Available in Obsidian Black with Olive Drab detailing. Not loud. Not obvious. Unmistakably Twessie.</p>,Twessie,Bikini Bottom,"architectural swimsuit, minimalist bikini bottom, luxury Obsidian Black swimwear, independent fashion, Econyl Sleek Satin bikini",TRUE,Color,Olive Drab,Size,XXL,TWESSIE_AU_BB_0108-Olive Drab-XXL,168.0,,10
twessie-sg-bt-0109,Matte Ribbed Knit High-Waist Bikini Top in Burnt Terracotta,<p>A statement piece in Matte Ribbed Knit. This bikini top combines rebellious yet refined design with impeccable craftsmanship. Available in Burnt Terracotta with Olive Drab detailing. Not loud. Not obvious. Unmistakably Twessie.</p>,Twessie,Bikini Top,"architectural swimsuit, minimalist bikini top, Matte Ribbed Knit bikini, high-end swimwear, independent fashion",TRUE,Color,Burnt Terracotta,Size,XS,TWESSIE_SG_BT_0109-Burnt Terracotta-XS,168.0,,10
twessie-sg-bt-0109,Matte Ribbed Knit High-Waist Bikini Top in Burnt Terracotta,<p>A statement piece in Matte Ribbed Knit. This bikini top combines rebellious yet refined design with impeccable craftsmanship. Available in Burnt Terracotta with Olive Drab detailing. Not loud. Not obvious. Unmistakably Twessie.</p>,Twessie,Bikini Top,"architectural swimsuit, minimalist bikini top, Matte Ribbed Knit bikini, high-end swimwear, independent fashion",TRUE,Color,Burnt Terracotta,Size,S,TWESSIE_SG_BT_0109-Burnt Terracotta-S,168.0,,10
twessie-sg-bt-0109,Matte Ribbed Knit High-Waist Bikini Top in Burnt Terracotta,<p>A statement piece in Matte Ribbed Knit. This bikini top combines rebellious yet refined design with impeccable craftsmanship. Available in Burnt Terracotta with Olive Drab detailing. Not loud. Not obvious. Unmistakably Twessie.</p>,Twessie,Bikini Top,"architectural swimsuit, minimalist bikini top, Matte Ribbed Knit bikini, high-end swimwear, independent fashion",TRUE,Color,Burnt Terracotta,Size,M,TWESSIE_SG_BT_0109-Burnt Terracotta-M,168.0,,10
twessie-sg-bt-0109,Matte Ribbed Knit High-Waist Bikini Top in Burnt Terracotta,<p>A statement piece in Matte Ribbed Knit. This bikini top combines rebellious yet refined design with impeccable craftsmanship. Available in Burnt Terracotta with Olive Drab detailing. Not loud. Not obvious. Unmistakably Twessie.</p>,Twessie,Bikini Top,"architectural swimsuit, minimalist bikini top, Matte Ribbed Knit bikini, high-end swimwear, independent fashion",TRUE,Color,Burnt Terracotta,Size,L,TWESSIE_SG_BT_0109-Burnt Terracotta-L,168.0,,10
twessie-sg-bt-0109,Matte Ribbed Knit High-Waist Bikini Top in Burnt Terracotta,<p>A statement piece in Matte Ribbed Knit. This bikini top combines rebellious yet refined design with impeccable craftsmanship. Available in Burnt Terracotta with Olive Drab detailing. Not loud. Not obvious. Unmistakably Twessie.</p>,Twessie,Bikini Top,"architectural swimsuit, minimalist bikini top, Matte Ribbed Knit bikini, high-end swimwear, independent fashion",TRUE,Color,Burnt Terracotta,Size,XL,TWESSIE_SG_BT_0109-Burnt Terracotta-XL,168.0,,10
twessie-sg-bt-0109,Matte Ribbed Knit High-Waist Bikini Top in Burnt Terracotta,<p>A statement piece in Matte Ribbed Knit. This bikini top combines rebellious yet refined design with impeccable craftsmanship. Available in Burnt Terracotta with Olive Drab detailing. Not loud. Not obvious. Unmistakably Twessie.</p>,Twessie,Bikini Top,"architectural swimsuit, minimalist bikini top, Matte Ribbed Knit bikini, high-end swimwear, independent fashion",TRUE,Color,Burnt Terracotta,Size,XXL,TWESSIE_SG_BT_0109-Burnt Terracotta-XXL,168.0,,10
twessie-sg-bt-0109,Matte Ribbed Knit High-Waist Bikini Top in Burnt Terracotta,<p>A statement piece in Matte Ribbed Knit. This bikini top combines rebellious yet refined design with impeccable craftsmanship. Available in Burnt Terracotta with Olive Drab detailing. Not loud. Not obvious. Unmistakably Twessie.</p>,Twessie,Bikini Top,"architectural swimsuit, minimalist bikini top, Matte Ribbed Knit bikini, high-end swimwear, independent fashion",TRUE,Color,Olive Drab,Size,XS,TWESSIE_SG_BT_0109-Olive Drab-XS,168.0,,10
twessie-sg-bt-0109,Matte Ribbed Knit High-Waist Bikini Top in Burnt Terracotta,<p>A statement piece in Matte Ribbed Knit. This bikini top combines rebellious yet refined design with impeccable craftsmanship. Available in Burnt Terracotta with Olive Drab detailing. Not loud. Not obvious. Unmistakably Twessie.</p>,Twessie,Bikini Top,"architectural swimsuit, minimalist bikini top, Matte Ribbed Knit bikini, high-end swimwear, independent fashion",TRUE,Color,Olive Drab,Size,S,TWESSIE_SG_BT_0109-Olive Drab-S,168.0,,10
twessie-sg-bt-0109,Matte Ribbed Knit High-Waist Bikini Top in Burnt Terracotta,<p>A statement piece in Matte Ribbed Knit. This bikini top combines rebellious yet refined design with impeccable craftsmanship. Available in Burnt Terracotta with Olive Drab detailing. Not loud. Not obvious. Unmistakably Twessie.</p>,Twessie,Bikini Top,"architectural swimsuit, minimalist bikini top, Matte Ribbed Knit bikini, high-end swimwear, independent fashion",TRUE,Color,Olive Drab,Size,M,TWESSIE_SG_BT_0109-Olive Drab-M,168.0,,10
twessie-sg-bt-0109,Matte Ribbed Knit High-Waist Bikini Top in Burnt Terracotta,<p>A statement piece in Matte Ribbed Knit. This bikini top combines rebellious yet refined design with impeccable craftsmanship. Available in Burnt Terracotta with Olive Drab detailing. Not loud. Not obvious. Unmistakably Twessie.</p>,Twessie,Bikini Top,"architectural swimsuit, minimalist bikini top, Matte Ribbed Knit bikini, high-end swimwear, independent fashion",TRUE,Color,Olive Drab,Size,L,TWESSIE_SG_BT_0109-Olive Drab-L,168.0,,10
twessie-sg-bt-0109,Matte Ribbed Knit High-Waist Bikini Top in Burnt Terracotta,<p>A statement piece in Matte Ribbed Knit. This bikini top combines rebellious yet refined design with impeccable craftsmanship. Available in Burnt Terracotta with Olive Drab detailing. Not loud. Not obvious. Unmistakably Twessie.</p>,Twessie,Bikini Top,"architectural swimsuit, minimalist bikini top, Matte Ribbed Knit bikini, high-end swimwear, independent fashion",TRUE,Color,Olive Drab,Size,XL,TWESSIE_SG_BT_0109-Olive Drab-XL,168.0,,10
twessie-sg-bt-0109,Matte Ribbed Knit High-Waist Bikini Top in Burnt Terracotta,<p>A statement piece in Matte Ribbed Knit. This bikini top combines rebellious yet refined design with impeccable craftsmanship. Available in Burnt Terracotta with Olive Drab detailing. Not loud. Not obvious. Unmistakably Twessie.</p>,Twessie,Bikini Top,"architectural swimsuit, minimalist bikini top, Matte Ribbed Knit bikini, high-end swimwear, independent fashion",TRUE,Color,Olive Drab,Size,XXL,TWESSIE_SG_BT_0109-Olive Drab-XXL,168.0,,10
twessie-na-bb-0110,Raw-Edge Burnt Terracotta Bikini Bottom,"<p>Matte Ribbed Knit construction meets architectural precision in this bikini bottom. Designed for the intelligent, independent woman. The Burnt Terracotta colorway with Olive Drab accents creates a sophisticated palette. Pure rebellious yet refined elegance.</p>",Twessie,Bikini Bottom,"minimalist luxury, architectural swimsuit, luxury Burnt Terracotta swimwear, independent fashion, Matte Ribbed Knit bikini",TRUE,Color,Burnt Terracotta,Size,XS,TWESSIE_NA_BB_0110-Burnt Terracotta-XS,168.0,,10
twessie-na-bb-0110,Raw-Edge Burnt Terracotta Bikini Bottom,"<p>Matte Ribbed Knit construction meets architectural precision in this bikini bottom. Designed for the intelligent, independent woman. The Burnt Terracotta colorway with Olive Drab accents creates a sophisticated palette. Pure rebellious yet refined elegance.</p>",Twessie,Bikini Bottom,"minimalist luxury, architectural swimsuit, luxury Burnt Terracotta swimwear, independent fashion, Matte Ribbed Knit bikini",TRUE,Color,Burnt Terracotta,Size,S,TWESSIE_NA_BB_0110-Burnt Terracotta-S,168.0,,10
twessie-na-bb-0110,Raw-Edge Burnt Terracotta Bikini Bottom,"<p>Matte Ribbed Knit construction meets architectural precision in this bikini bottom. Designed for the intelligent, independent woman. The Burnt Terracotta colorway with Olive Drab accents creates a sophisticated palette. Pure rebellious yet refined elegance.</p>",Twessie,Bikini Bottom,"minimalist luxury, architectural swimsuit, luxury Burnt Terracotta swimwear, independent fashion, Matte Ribbed Knit bikini",TRUE,Color,Burnt Terracotta,Size,M,TWESSIE_NA_BB_0110-Burnt Terracotta-M,168.0,,10
twessie-na-bb-0110,Raw-Edge Burnt Terracotta Bikini Bottom,"<p>Matte Ribbed Knit construction meets architectural precision in this bikini bottom. Designed for the intelligent, independent woman. The Burnt Terracotta colorway with Olive Drab accents creates a sophisticated palette. Pure rebellious yet refined elegance.</p>",Twessie,Bikini Bottom,"minimalist luxury, architectural swimsuit, luxury Burnt Terracotta swimwear, independent fashion, Matte Ribbed Knit bikini",TRUE,Color,Burnt Terracotta,Size,L,TWESSIE_NA_BB_0110-Burnt Terracotta-L,168.0,,10
twessie-na-bb-0110,Raw-Edge Burnt Terracotta Bikini Bottom,"<p>Matte Ribbed Knit construction meets architectural precision in this bikini bottom. Designed for the intelligent, independent woman. The Burnt Terracotta colorway with Olive Drab accents creates a sophisticated palette. Pure rebellious yet refined elegance.</p>",Twessie,Bikini Bottom,"minimalist luxury, architectural swimsuit, luxury Burnt Terracotta swimwear, independent fashion, Matte Ribbed Knit bikini",TRUE,Color,Burnt Terracotta,Size,XL,TWESSIE_NA_BB_0110-Burnt Terracotta-XL,168.0,,10
twessie-na-bb-0110,Raw-Edge Burnt Terracotta Bikini Bottom,"<p>Matte Ribbed Knit construction meets architectural precision in this bikini bottom. Designed for the intelligent, independent woman. The Burnt Terracotta colorway with Olive Drab accents creates a sophisticated palette. Pure rebellious yet refined elegance.</p>",Twessie,Bikini Bottom,"minimalist luxury, architectural swimsuit, luxury Burnt Terracotta swimwear, independent fashion, Matte Ribbed Knit bikini",TRUE,Color,Burnt Terracotta,Size,XXL,TWESSIE_NA_BB_0110-Burnt Terracotta-XXL,168.0,,10
twessie-na-bb-0110,Raw-Edge Burnt Terracotta Bikini Bottom,"<p>Matte Ribbed Knit construction meets architectural precision in this bikini bottom. Designed for the intelligent, independent woman. The Burnt Terracotta colorway with Olive Drab accents creates a sophisticated palette. Pure rebellious yet refined elegance.</p>",Twessie,Bikini Bottom,"minimalist luxury, architectural swimsuit, luxury Burnt Terracotta swimwear, independent fashion, Matte Ribbed Knit bikini",TRUE,Color,Olive Drab,Size,XS,TWESSIE_NA_BB_0110-Olive Drab-XS,168.0,,10
twessie-na-bb-0110,Raw-Edge Burnt Terracotta Bikini Bottom,"<p>Matte Ribbed Knit construction meets architectural precision in this bikini bottom. Designed for the intelligent, independent woman. The Burnt Terracotta colorway with Olive Drab accents creates a sophisticated palette. Pure rebellious yet refined elegance.</p>",Twessie,Bikini Bottom,"minimalist luxury, architectural swimsuit, luxury Burnt Terracotta swimwear, independent fashion, Matte Ribbed Knit bikini",TRUE,Color,Olive Drab,Size,S,TWESSIE_NA_BB_0110-Olive Drab-S,168.0,,10
twessie-na-bb-0110,Raw-Edge Burnt Terracotta Bikini Bottom,"<p>Matte Ribbed Knit construction meets architectural precision in this bikini bottom. Designed for the intelligent, independent woman. The Burnt Terracotta colorway with Olive Drab accents creates a sophisticated palette. Pure rebellious yet refined elegance.</p>",Twessie,Bikini Bottom,"minimalist luxury, architectural swimsuit, luxury Burnt Terracotta swimwear, independent fashion, Matte Ribbed Knit bikini",TRUE,Color,Olive Drab,Size,M,TWESSIE_NA_BB_0110-Olive Drab-M,168.0,,10
twessie-na-bb-0110,Raw-Edge Burnt Terracotta Bikini Bottom,"<p>Matte Ribbed Knit construction meets architectural precision in this bikini bottom. Designed for the intelligent, independent woman. The Burnt Terracotta colorway with Olive Drab accents creates a sophisticated palette. Pure rebellious yet refined elegance.</p>",Twessie,Bikini Bottom,"minimalist luxury, architectural swimsuit, luxury Burnt Terracotta swimwear, independent fashion, Matte Ribbed Knit bikini",TRUE,Color,Olive Drab,Size,L,TWESSIE_NA_BB_0110-Olive Drab-L,168.0,,10
twessie-na-bb-0110,Raw-Edge Burnt Terracotta Bikini Bottom,"<p>Matte Ribbed Knit construction meets architectural precision in this bikini bottom. Designed for the intelligent, independent woman. The Burnt Terracotta colorway with Olive Drab accents creates a sophisticated palette. Pure rebellious yet refined elegance.</p>",Twessie,Bikini Bottom,"minimalist luxury, architectural swimsuit, luxury Burnt Terracotta swimwear, independent fashion, Matte Ribbed Knit bikini",TRUE,Color,Olive Drab,Size,XL,TWESSIE_NA_BB_0110-Olive Drab-XL,168.0,,10
twessie-na-bb-0110,Raw-Edge Burnt Terracotta Bikini Bottom,"<p>Matte Ribbed Knit construction meets architectural precision in this bikini bottom. Designed for the intelligent, independent woman. The Burnt Terracotta colorway with Olive Drab accents creates a sophisticated palette. Pure rebellious yet refined elegance.</p>",Twessie,Bikini Bottom,"minimalist luxury, architectural swimsuit, luxury Burnt Terracotta swimwear, independent fashion, Matte Ribbed Knit bikini",TRUE,Color,Olive Drab,Size,XXL,TWESSIE_NA_BB_0110-Olive Drab-XXL,168.0,,10
twessie-eu-bb-0201,Chalk White Minimalist Crinkled Seersucker Bikini Bottom,<p>Crafted in premium Crinkled Seersucker with Matte Ribbed Knit accents. This bikini bottom epitomizes anti-fashion statement luxury. Featuring color-blocking in Chalk White and Stone Gray. Perfect for the discerning swimmer who refuses the obvious.</p>,Twessie,Bikini Bottom,"independent fashion, high-end swimwear, luxury Chalk White swimwear, minimalist bikini bottom, Crinkled Seersucker bikini",TRUE,Color,Chalk White,Size,XS,TWESSIE_EU_BB_0201-Chalk White-XS,168.0,,10
twessie-eu-bb-0201,Chalk White Minimalist Crinkled Seersucker Bikini Bottom,<p>Crafted in premium Crinkled Seersucker with Matte Ribbed Knit accents. This bikini bottom epitomizes anti-fashion statement luxury. Featuring color-blocking in Chalk White and Stone Gray. Perfect for the discerning swimmer who refuses the obvious.</p>,Twessie,Bikini Bottom,"independent fashion, high-end swimwear, luxury Chalk White swimwear, minimalist bikini bottom, Crinkled Seersucker bikini",TRUE,Color,Chalk White,Size,S,TWESSIE_EU_BB_0201-Chalk White-S,168.0,,10
twessie-eu-bb-0201,Chalk White Minimalist Crinkled Seersucker Bikini Bottom,<p>Crafted in premium Crinkled Seersucker with Matte Ribbed Knit accents. This bikini bottom epitomizes anti-fashion statement luxury. Featuring color-blocking in Chalk White and Stone Gray. Perfect for the discerning swimmer who refuses the obvious.</p>,Twessie,Bikini Bottom,"independent fashion, high-end swimwear, luxury Chalk White swimwear, minimalist bikini bottom, Crinkled Seersucker bikini",TRUE,Color,Chalk White,Size,M,TWESSIE_EU_BB_0201-Chalk White-M,168.0,,10
twessie-eu-bb-0201,Chalk White Minimalist Crinkled Seersucker Bikini Bottom,<p>Crafted in premium Crinkled Seersucker with Matte Ribbed Knit accents. This bikini bottom epitomizes anti-fashion statement luxury. Featuring color-blocking in Chalk White and Stone Gray. Perfect for the discerning swimmer who refuses the obvious.</p>,Twessie,Bikini Bottom,"independent fashion, high-end swimwear, luxury Chalk White swimwear, minimalist bikini bottom, Crinkled Seersucker bikini",TRUE,Color,Chalk White,Size,L,TWESSIE_EU_BB_0201-Chalk White-L,168.0,,10
twessie-eu-bb-0201,Chalk White Minimalist Crinkled Seersucker Bikini Bottom,<p>Crafted in premium Crinkled Seersucker with Matte Ribbed Knit accents. This bikini bottom epitomizes anti-fashion statement luxury. Featuring color-blocking in Chalk White and Stone Gray. Perfect for the discerning swimmer who refuses the obvious.</p>,Twessie,Bikini Bottom,"independent fashion, high-end swimwear, luxury Chalk White swimwear, minimalist bikini bottom, Crinkled Seersucker bikini",TRUE,Color,Chalk White,Size,XL,TWESSIE_EU_BB_0201-Chalk White-XL,168.0,,10
twessie-eu-bb-0201,Chalk White Minimalist Crinkled Seersucker Bikini Bottom,<p>Crafted in premium Crinkled Seersucker with Matte Ribbed Knit accents. This bikini bottom epitomizes anti-fashion statement luxury. Featuring color-blocking in Chalk White and Stone Gray. Perfect for the discerning swimmer who refuses the obvious.</p>,Twessie,Bikini Bottom,"independent fashion, high-end swimwear, luxury Chalk White swimwear, minimalist bikini bottom, Crinkled Seersucker bikini",TRUE,Color,Chalk White,Size,XXL,TWESSIE_EU_BB_0201-Chalk White-XXL,168.0,,10
twessie-eu-bb-0201,Chalk White Minimalist Crinkled Seersucker Bikini Bottom,<p>Crafted in premium Crinkled Seersucker with Matte Ribbed Knit accents. This bikini bottom epitomizes anti-fashion statement luxury. Featuring color-blocking in Chalk White and Stone Gray. Perfect for the discerning swimmer who refuses the obvious.</p>,Twessie,Bikini Bottom,"independent fashion, high-end swimwear, luxury Chalk White swimwear, minimalist bikini bottom, Crinkled Seersucker bikini",TRUE,Color,Stone Gray,Size,XS,TWESSIE_EU_BB_0201-Stone Gray-XS,168.0,,10
twessie-eu-bb-0201,Chalk White Minimalist Crinkled Seersucker Bikini Bottom,<p>Crafted in premium Crinkled Seersucker with Matte Ribbed Knit accents. This bikini bottom epitomizes anti-fashion statement luxury. Featuring color-blocking in Chalk White and Stone Gray. Perfect for the discerning swimmer who refuses the obvious.</p>,Twessie,Bikini Bottom,"independent fashion, high-end swimwear, luxury Chalk White swimwear, minimalist bikini bottom, Crinkled Seersucker bikini",TRUE,Color,Stone Gray,Size,S,TWESSIE_EU_BB_0201-Stone Gray-S,168.0,,10
twessie-eu-bb-0201,Chalk White Minimalist Crinkled Seersucker Bikini Bottom,<p>Crafted in premium Crinkled Seersucker with Matte Ribbed Knit accents. This bikini bottom epitomizes anti-fashion statement luxury. Featuring color-blocking in Chalk White and Stone Gray. Perfect for the discerning swimmer who refuses the obvious.</p>,Twessie,Bikini Bottom,"independent fashion, high-end swimwear, luxury Chalk White swimwear, minimalist bikini bottom, Crinkled Seersucker bikini",TRUE,Color,Stone Gray,Size,M,TWESSIE_EU_BB_0201-Stone Gray-M,168.0,,10
twessie-eu-bb-0201,Chalk White Minimalist Crinkled Seersucker Bikini Bottom,<p>Crafted in premium Crinkled Seersucker with Matte Ribbed Knit accents. This bikini bottom epitomizes anti-fashion statement luxury. Featuring color-blocking in Chalk White and Stone Gray. Perfect for the discerning swimmer who refuses the obvious.</p>,Twessie,Bikini Bottom,"independent fashion, high-end swimwear, luxury Chalk White swimwear, minimalist bikini bottom, Crinkled Seersucker bikini",TRUE,Color,Stone Gray,Size,L,TWESSIE_EU_BB_0201-Stone Gray-L,168.0,,10
twessie-eu-bb-0201,Chalk White Minimalist Crinkled Seersucker Bikini Bottom,<p>Crafted in premium Crinkled Seersucker with Matte Ribbed Knit accents. This bikini bottom epitomizes anti-fashion statement luxury. Featuring color-blocking in Chalk White and Stone Gray. Perfect for the discerning swimmer who refuses the obvious.</p>,Twessie,Bikini Bottom,"independent fashion, high-end swimwear, luxury Chalk White swimwear, minimalist bikini bottom, Crinkled Seersucker bikini",TRUE,Color,Stone Gray,Size,XL,TWESSIE_EU_BB_0201-Stone Gray-XL,168.0,,10
twessie-eu-bb-0201,Chalk White Minimalist Crinkled Seersucker Bikini Bottom,<p>Crafted in premium Crinkled Seersucker with Matte Ribbed Knit accents. This bikini bottom epitomizes anti-fashion statement luxury. Featuring color-blocking in Chalk White and Stone Gray. Perfect for the discerning swimmer who refuses the obvious.</p>,Twessie,Bikini Bottom,"independent fashion, high-end swimwear, luxury Chalk White swimwear, minimalist bikini bottom, Crinkled Seersucker bikini",TRUE,Color,Stone Gray,Size,XXL,TWESSIE_EU_BB_0201-Stone Gray-XXL,168.0,,10
twessie-eu-op-0202,Minimalist Crinkled Seersucker One-Piece,<p>A statement piece in Crinkled Seersucker. This one-piece combines intelligent aesthetic design with impeccable craftsmanship. Available in Chalk White with Stone Gray detailing. Not loud. Not obvious. Unmistakably Twessie.</p>,Twessie,One-Piece,"high-end swimwear, minimalist one-piece, Crinkled Seersucker bikini, luxury Chalk White swimwear, independent fashion",TRUE,Color,Chalk White,Size,XS,TWESSIE_EU_OP_0202-Chalk White-XS,168.0,,10
twessie-eu-op-0202,Minimalist Crinkled Seersucker One-Piece,<p>A statement piece in Crinkled Seersucker. This one-piece combines intelligent aesthetic design with impeccable craftsmanship. Available in Chalk White with Stone Gray detailing. Not loud. Not obvious. Unmistakably Twessie.</p>,Twessie,One-Piece,"high-end swimwear, minimalist one-piece, Crinkled Seersucker bikini, luxury Chalk White swimwear, independent fashion",TRUE,Color,Chalk White,Size,S,TWESSIE_EU_OP_0202-Chalk White-S,168.0,,10
twessie-eu-op-0202,Minimalist Crinkled Seersucker One-Piece,<p>A statement piece in Crinkled Seersucker. This one-piece combines intelligent aesthetic design with impeccable craftsmanship. Available in Chalk White with Stone Gray detailing. Not loud. Not obvious. Unmistakably Twessie.</p>,Twessie,One-Piece,"high-end swimwear, minimalist one-piece, Crinkled Seersucker bikini, luxury Chalk White swimwear, independent fashion",TRUE,Color,Chalk White,Size,M,TWESSIE_EU_OP_0202-Chalk White-M,168.0,,10
twessie-eu-op-0202,Minimalist Crinkled Seersucker One-Piece,<p>A statement piece in Crinkled Seersucker. This one-piece combines intelligent aesthetic design with impeccable craftsmanship. Available in Chalk White with Stone Gray detailing. Not loud. Not obvious. Unmistakably Twessie.</p>,Twessie,One-Piece,"high-end swimwear, minimalist one-piece, Crinkled Seersucker bikini, luxury Chalk White swimwear, independent fashion",TRUE,Color,Chalk White,Size,L,TWESSIE_EU_OP_0202-Chalk White-L,168.0,,10
twessie-eu-op-0202,Minimalist Crinkled Seersucker One-Piece,<p>A statement piece in Crinkled Seersucker. This one-piece combines intelligent aesthetic design with impeccable craftsmanship. Available in Chalk White with Stone Gray detailing. Not loud. Not obvious. Unmistakably Twessie.</p>,Twessie,One-Piece,"high-end swimwear, minimalist one-piece, Crinkled Seersucker bikini, luxury Chalk White swimwear, independent fashion",TRUE,Color,Chalk White,Size,XL,TWESSIE_EU_OP_0202-Chalk White-XL,168.0,,10
twessie-eu-op-0202,Minimalist Crinkled Seersucker One-Piece,<p>A statement piece in Crinkled Seersucker. This one-piece combines intelligent aesthetic design with impeccable craftsmanship. Available in Chalk White with Stone Gray detailing. Not loud. Not obvious. Unmistakably Twessie.</p>,Twessie,One-Piece,"high-end swimwear, minimalist one-piece, Crinkled Seersucker bikini, luxury Chalk White swimwear, independent fashion",TRUE,Color,Chalk White,Size,XXL,TWESSIE_EU_OP_0202-Chalk White-XXL,168.0,,10
twessie-eu-op-0202,Minimalist Crinkled Seersucker One-Piece,<p>A statement piece in Crinkled Seersucker. This one-piece combines intelligent aesthetic design with impeccable craftsmanship. Available in Chalk White with Stone Gray detailing. Not loud. Not obvious. Unmistakably Twessie.</p>,Twessie,One-Piece,"high-end swimwear, minimalist one-piece, Crinkled Seersucker bikini, luxury Chalk White swimwear, independent fashion",TRUE,Color,Stone Gray,Size,XS,TWESSIE_EU_OP_0202-Stone Gray-XS,168.0,,10
twessie-eu-op-0202,Minimalist Crinkled Seersucker One-Piece,<p>A statement piece in Crinkled Seersucker. This one-piece combines intelligent aesthetic design with impeccable craftsmanship. Available in Chalk White with Stone Gray detailing. Not loud. Not obvious. Unmistakably Twessie.</p>,Twessie,One-Piece,"high-end swimwear, minimalist one-piece, Crinkled Seersucker bikini, luxury Chalk White swimwear, independent fashion",TRUE,Color,Stone Gray,Size,S,TWESSIE_EU_OP_0202-Stone Gray-S,168.0,,10
twessie-eu-op-0202,Minimalist Crinkled Seersucker One-Piece,<p>A statement piece in Crinkled Seersucker. This one-piece combines intelligent aesthetic design with impeccable craftsmanship. Available in Chalk White with Stone Gray detailing. Not loud. Not obvious. Unmistakably Twessie.</p>,Twessie,One-Piece,"high-end swimwear, minimalist one-piece, Crinkled Seersucker bikini, luxury Chalk White swimwear, independent fashion",TRUE,Color,Stone Gray,Size,M,TWESSIE_EU_OP_0202-Stone Gray-M,168.0,,10
twessie-eu-op-0202,Minimalist Crinkled Seersucker One-Piece,<p>A statement piece in Crinkled Seersucker. This one-piece combines intelligent aesthetic design with impeccable craftsmanship. Available in Chalk White with Stone Gray detailing. Not loud. Not obvious. Unmistakably Twessie.</p>,Twessie,One-Piece,"high-end swimwear, minimalist one-piece, Crinkled Seersucker bikini, luxury Chalk White swimwear, independent fashion",TRUE,Color,Stone Gray,Size,L,TWESSIE_EU_OP_0202-Stone Gray-L,168.0,,10
twessie-eu-op-0202,Minimalist Crinkled Seersucker One-Piece,<p>A statement piece in Crinkled Seersucker. This one-piece combines intelligent aesthetic design with impeccable craftsmanship. Available in Chalk White with Stone Gray detailing. Not loud. Not obvious. Unmistakably Twessie.</p>,Twessie,One-Piece,"high-end swimwear, minimalist one-piece, Crinkled Seersucker bikini, luxury Chalk White swimwear, independent fashion",TRUE,Color,Stone Gray,Size,XL,TWESSIE_EU_OP_0202-Stone Gray-XL,168.0,,10
twessie-eu-op-0202,Minimalist Crinkled Seersucker One-Piece,<p>A statement piece in Crinkled Seersucker. This one-piece combines intelligent aesthetic design with impeccable craftsmanship. Available in Chalk White with Stone Gray detailing. Not loud. Not obvious. Unmistakably Twessie.</p>,Twessie,One-Piece,"high-end swimwear, minimalist one-piece, Crinkled Seersucker bikini, luxury Chalk White swimwear, independent fashion",TRUE,Color,Stone Gray,Size,XXL,TWESSIE_EU_OP_0202-Stone Gray-XXL,168.0,,10
twessie-au-bt-0203,Minimalist Obsidian Black Textured Bikini Top,"<p>Econyl Sleek Satin construction meets architectural precision in this bikini top. Designed for the intelligent, independent woman. The Obsidian Black colorway with Stone Gray accents creates a sophisticated palette. Pure minimalist luxury elegance.</p>",Twessie,Bikini Top,"high-end swimwear, luxury Obsidian Black swimwear, minimalist luxury, architectural swimsuit, independent fashion",TRUE,Color,Obsidian Black,Size,XS,TWESSIE_AU_BT_0203-Obsidian Black-XS,168.0,,10
twessie-au-bt-0203,Minimalist Obsidian Black Textured Bikini Top,"<p>Econyl Sleek Satin construction meets architectural precision in this bikini top. Designed for the intelligent, independent woman. The Obsidian Black colorway with Stone Gray accents creates a sophisticated palette. Pure minimalist luxury elegance.</p>",Twessie,Bikini Top,"high-end swimwear, luxury Obsidian Black swimwear, minimalist luxury, architectural swimsuit, independent fashion",TRUE,Color,Obsidian Black,Size,S,TWESSIE_AU_BT_0203-Obsidian Black-S,168.0,,10
twessie-au-bt-0203,Minimalist Obsidian Black Textured Bikini Top,"<p>Econyl Sleek Satin construction meets architectural precision in this bikini top. Designed for the intelligent, independent woman. The Obsidian Black colorway with Stone Gray accents creates a sophisticated palette. Pure minimalist luxury elegance.</p>",Twessie,Bikini Top,"high-end swimwear, luxury Obsidian Black swimwear, minimalist luxury, architectural swimsuit, independent fashion",TRUE,Color,Obsidian Black,Size,M,TWESSIE_AU_BT_0203-Obsidian Black-M,168.0,,10
twessie-au-bt-0203,Minimalist Obsidian Black Textured Bikini Top,"<p>Econyl Sleek Satin construction meets architectural precision in this bikini top. Designed for the intelligent, independent woman. The Obsidian Black colorway with Stone Gray accents creates a sophisticated palette. Pure minimalist luxury elegance.</p>",Twessie,Bikini Top,"high-end swimwear, luxury Obsidian Black swimwear, minimalist luxury, architectural swimsuit, independent fashion",TRUE,Color,Obsidian Black,Size,L,TWESSIE_AU_BT_0203-Obsidian Black-L,168.0,,10
twessie-au-bt-0203,Minimalist Obsidian Black Textured Bikini Top,"<p>Econyl Sleek Satin construction meets architectural precision in this bikini top. Designed for the intelligent, independent woman. The Obsidian Black colorway with Stone Gray accents creates a sophisticated palette. Pure minimalist luxury elegance.</p>",Twessie,Bikini Top,"high-end swimwear, luxury Obsidian Black swimwear, minimalist luxury, architectural swimsuit, independent fashion",TRUE,Color,Obsidian Black,Size,XL,TWESSIE_AU_BT_0203-Obsidian Black-XL,168.0,,10
twessie-au-bt-0203,Minimalist Obsidian Black Textured Bikini Top,"<p>Econyl Sleek Satin construction meets architectural precision in this bikini top. Designed for the intelligent, independent woman. The Obsidian Black colorway with Stone Gray accents creates a sophisticated palette. Pure minimalist luxury elegance.</p>",Twessie,Bikini Top,"high-end swimwear, luxury Obsidian Black swimwear, minimalist luxury, architectural swimsuit, independent fashion",TRUE,Color,Obsidian Black,Size,XXL,TWESSIE_AU_BT_0203-Obsidian Black-XXL,168.0,,10
twessie-au-bt-0203,Minimalist Obsidian Black Textured Bikini Top,"<p>Econyl Sleek Satin construction meets architectural precision in this bikini top. Designed for the intelligent, independent woman. The Obsidian Black colorway with Stone Gray accents creates a sophisticated palette. Pure minimalist luxury elegance.</p>",Twessie,Bikini Top,"high-end swimwear, luxury Obsidian Black swimwear, minimalist luxury, architectural swimsuit, independent fashion",TRUE,Color,Stone Gray,Size,XS,TWESSIE_AU_BT_0203-Stone Gray-XS,168.0,,10
twessie-au-bt-0203,Minimalist Obsidian Black Textured Bikini Top,"<p>Econyl Sleek Satin construction meets architectural precision in this bikini top. Designed for the intelligent, independent woman. The Obsidian Black colorway with Stone Gray accents creates a sophisticated palette. Pure minimalist luxury elegance.</p>",Twessie,Bikini Top,"high-end swimwear, luxury Obsidian Black swimwear, minimalist luxury, architectural swimsuit, independent fashion",TRUE,Color,Stone Gray,Size,S,TWESSIE_AU_BT_0203-Stone Gray-S,168.0,,10
twessie-au-bt-0203,Minimalist Obsidian Black Textured Bikini Top,"<p>Econyl Sleek Satin construction meets architectural precision in this bikini top. Designed for the intelligent, independent woman. The Obsidian Black colorway with Stone Gray accents creates a sophisticated palette. Pure minimalist luxury elegance.</p>",Twessie,Bikini Top,"high-end swimwear, luxury Obsidian Black swimwear, minimalist luxury, architectural swimsuit, independent fashion",TRUE,Color,Stone Gray,Size,M,TWESSIE_AU_BT_0203-Stone Gray-M,168.0,,10
twessie-au-bt-0203,Minimalist Obsidian Black Textured Bikini Top,"<p>Econyl Sleek Satin construction meets architectural precision in this bikini top. Designed for the intelligent, independent woman. The Obsidian Black colorway with Stone Gray accents creates a sophisticated palette. Pure minimalist luxury elegance.</p>",Twessie,Bikini Top,"high-end swimwear, luxury Obsidian Black swimwear, minimalist luxury, architectural swimsuit, independent fashion",TRUE,Color,Stone Gray,Size,L,TWESSIE_AU_BT_0203-Stone Gray-L,168.0,,10
twessie-au-bt-0203,Minimalist Obsidian Black Textured Bikini Top,"<p>Econyl Sleek Satin construction meets architectural precision in this bikini top. Designed for the intelligent, independent woman. The Obsidian Black colorway with Stone Gray accents creates a sophisticated palette. Pure minimalist luxury elegance.</p>",Twessie,Bikini Top,"high-end swimwear, luxury Obsidian Black swimwear, minimalist luxury, architectural swimsuit, independent fashion",TRUE,Color,Stone Gray,Size,XL,TWESSIE_AU_BT_0203-Stone Gray-XL,168.0,,10
twessie-au-bt-0203,Minimalist Obsidian Black Textured Bikini Top,"<p>Econyl Sleek Satin construction meets architectural precision in this bikini top. Designed for the intelligent, independent woman. The Obsidian Black colorway with Stone Gray accents creates a sophisticated palette. Pure minimalist luxury elegance.</p>",Twessie,Bikini Top,"high-end swimwear, luxury Obsidian Black swimwear, minimalist luxury, architectural swimsuit, independent fashion",TRUE,Color,Stone Gray,Size,XXL,TWESSIE_AU_BT_0203-Stone Gray-XXL,168.0,,10
twessie-eu-bb-0204,Structural Matte Ribbed Knit Bikini Bottom,<p>A statement piece in Matte Ribbed Knit. This bikini bottom combines architectural elegance design with impeccable craftsmanship. Available in Burnt Terracotta with Olive Drab detailing. Not loud. Not obvious. Unmistakably Twessie.</p>,Twessie,Bikini Bottom,"Matte Ribbed Knit bikini, independent fashion, minimalist luxury, minimalist bikini bottom, luxury Burnt Terracotta swimwear",TRUE,Color,Burnt Terracotta,Size,XS,TWESSIE_EU_BB_0204-Burnt Terracotta-XS,168.0,,10
twessie-eu-bb-0204,Structural Matte Ribbed Knit Bikini Bottom,<p>A statement piece in Matte Ribbed Knit. This bikini bottom combines architectural elegance design with impeccable craftsmanship. Available in Burnt Terracotta with Olive Drab detailing. Not loud. Not obvious. Unmistakably Twessie.</p>,Twessie,Bikini Bottom,"Matte Ribbed Knit bikini, independent fashion, minimalist luxury, minimalist bikini bottom, luxury Burnt Terracotta swimwear",TRUE,Color,Burnt Terracotta,Size,S,TWESSIE_EU_BB_0204-Burnt Terracotta-S,168.0,,10
twessie-eu-bb-0204,Structural Matte Ribbed Knit Bikini Bottom,<p>A statement piece in Matte Ribbed Knit. This bikini bottom combines architectural elegance design with impeccable craftsmanship. Available in Burnt Terracotta with Olive Drab detailing. Not loud. Not obvious. Unmistakably Twessie.</p>,Twessie,Bikini Bottom,"Matte Ribbed Knit bikini, independent fashion, minimalist luxury, minimalist bikini bottom, luxury Burnt Terracotta swimwear",TRUE,Color,Burnt Terracotta,Size,M,TWESSIE_EU_BB_0204-Burnt Terracotta-M,168.0,,10
twessie-eu-bb-0204,Structural Matte Ribbed Knit Bikini Bottom,<p>A statement piece in Matte Ribbed Knit. This bikini bottom combines architectural elegance design with impeccable craftsmanship. Available in Burnt Terracotta with Olive Drab detailing. Not loud. Not obvious. Unmistakably Twessie.</p>,Twessie,Bikini Bottom,"Matte Ribbed Knit bikini, independent fashion, minimalist luxury, minimalist bikini bottom, luxury Burnt Terracotta swimwear",TRUE,Color,Burnt Terracotta,Size,L,TWESSIE_EU_BB_0204-Burnt Terracotta-L,168.0,,10
twessie-eu-bb-0204,Structural Matte Ribbed Knit Bikini Bottom,<p>A statement piece in Matte Ribbed Knit. This bikini bottom combines architectural elegance design with impeccable craftsmanship. Available in Burnt Terracotta with Olive Drab detailing. Not loud. Not obvious. Unmistakably Twessie.</p>,Twessie,Bikini Bottom,"Matte Ribbed Knit bikini, independent fashion, minimalist luxury, minimalist bikini bottom, luxury Burnt Terracotta swimwear",TRUE,Color,Burnt Terracotta,Size,XL,TWESSIE_EU_BB_0204-Burnt Terracotta-XL,168.0,,10
twessie-eu-bb-0204,Structural Matte Ribbed Knit Bikini Bottom,<p>A statement piece in Matte Ribbed Knit. This bikini bottom combines architectural elegance design with impeccable craftsmanship. Available in Burnt Terracotta with Olive Drab detailing. Not loud. Not obvious. Unmistakably Twessie.</p>,Twessie,Bikini Bottom,"Matte Ribbed Knit bikini, independent fashion, minimalist luxury, minimalist bikini bottom, luxury Burnt Terracotta swimwear",TRUE,Color,Burnt Terracotta,Size,XXL,TWESSIE_EU_BB_0204-Burnt Terracotta-XXL,168.0,,10
twessie-eu-bb-0204,Structural Matte Ribbed Knit Bikini Bottom,<p>A statement piece in Matte Ribbed Knit. This bikini bottom combines architectural elegance design with impeccable craftsmanship. Available in Burnt Terracotta with Olive Drab detailing. Not loud. Not obvious. Unmistakably Twessie.</p>,Twessie,Bikini Bottom,"Matte Ribbed Knit bikini, independent fashion, minimalist luxury, minimalist bikini bottom, luxury Burnt Terracotta swimwear",TRUE,Color,Olive Drab,Size,XS,TWESSIE_EU_BB_0204-Olive Drab-XS,168.0,,10
twessie-eu-bb-0204,Structural Matte Ribbed Knit Bikini Bottom,<p>A statement piece in Matte Ribbed Knit. This bikini bottom combines architectural elegance design with impeccable craftsmanship. Available in Burnt Terracotta with Olive Drab detailing. Not loud. Not obvious. Unmistakably Twessie.</p>,Twessie,Bikini Bottom,"Matte Ribbed Knit bikini, independent fashion, minimalist luxury, minimalist bikini bottom, luxury Burnt Terracotta swimwear",TRUE,Color,Olive Drab,Size,S,TWESSIE_EU_BB_0204-Olive Drab-S,168.0,,10
twessie-eu-bb-0204,Structural Matte Ribbed Knit Bikini Bottom,<p>A statement piece in Matte Ribbed Knit. This bikini bottom combines architectural elegance design with impeccable craftsmanship. Available in Burnt Terracotta with Olive Drab detailing. Not loud. Not obvious. Unmistakably Twessie.</p>,Twessie,Bikini Bottom,"Matte Ribbed Knit bikini, independent fashion, minimalist luxury, minimalist bikini bottom, luxury Burnt Terracotta swimwear",TRUE,Color,Olive Drab,Size,M,TWESSIE_EU_BB_0204-Olive Drab-M,168.0,,10
twessie-eu-bb-0204,Structural Matte Ribbed Knit Bikini Bottom,<p>A statement piece in Matte Ribbed Knit. This bikini bottom combines architectural elegance design with impeccable craftsmanship. Available in Burnt Terracotta with Olive Drab detailing. Not loud. Not obvious. Unmistakably Twessie.</p>,Twessie,Bikini Bottom,"Matte Ribbed Knit bikini, independent fashion, minimalist luxury, minimalist bikini bottom, luxury Burnt Terracotta swimwear",TRUE,Color,Olive Drab,Size,L,TWESSIE_EU_BB_0204-Olive Drab-L,168.0,,10
twessie-eu-bb-0204,Structural Matte Ribbed Knit Bikini Bottom,<p>A statement piece in Matte Ribbed Knit. This bikini bottom combines architectural elegance design with impeccable craftsmanship. Available in Burnt Terracotta with Olive Drab detailing. Not loud. Not obvious. Unmistakably Twessie.</p>,Twessie,Bikini Bottom,"Matte Ribbed Knit bikini, independent fashion, minimalist luxury, minimalist bikini bottom, luxury Burnt Terracotta swimwear",TRUE,Color,Olive Drab,Size,XL,TWESSIE_EU_BB_0204-Olive Drab-XL,168.0,,10
twessie-eu-bb-0204,Structural Matte Ribbed Knit Bikini Bottom,<p>A statement piece in Matte Ribbed Knit. This bikini bottom combines architectural elegance design with impeccable craftsmanship. Available in Burnt Terracotta with Olive Drab detailing. Not loud. Not obvious. Unmistakably Twessie.</p>,Twessie,Bikini Bottom,"Matte Ribbed Knit bikini, independent fashion, minimalist luxury, minimalist bikini bottom, luxury Burnt Terracotta swimwear",TRUE,Color,Olive Drab,Size,XXL,TWESSIE_EU_BB_0204-Olive Drab-XXL,168.0,,10
twessie-na-bb-0205,Structural Econyl Sleek Satin Bikini Bottom,"<p>Econyl Sleek Satin construction meets architectural precision in this bikini bottom. Designed for the intelligent, independent woman. The Obsidian Black colorway with Chalk White accents creates a sophisticated palette. Pure rebellious yet refined elegance.</p>",Twessie,Bikini Bottom,"minimalist bikini bottom, luxury Obsidian Black swimwear, architectural swimsuit, Econyl Sleek Satin bikini, independent fashion",TRUE,Color,Obsidian Black,Size,XS,TWESSIE_NA_BB_0205-Obsidian Black-XS,168.0,,10
twessie-na-bb-0205,Structural Econyl Sleek Satin Bikini Bottom,"<p>Econyl Sleek Satin construction meets architectural precision in this bikini bottom. Designed for the intelligent, independent woman. The Obsidian Black colorway with Chalk White accents creates a sophisticated palette. Pure rebellious yet refined elegance.</p>",Twessie,Bikini Bottom,"minimalist bikini bottom, luxury Obsidian Black swimwear, architectural swimsuit, Econyl Sleek Satin bikini, independent fashion",TRUE,Color,Obsidian Black,Size,S,TWESSIE_NA_BB_0205-Obsidian Black-S,168.0,,10
twessie-na-bb-0205,Structural Econyl Sleek Satin Bikini Bottom,"<p>Econyl Sleek Satin construction meets architectural precision in this bikini bottom. Designed for the intelligent, independent woman. The Obsidian Black colorway with Chalk White accents creates a sophisticated palette. Pure rebellious yet refined elegance.</p>",Twessie,Bikini Bottom,"minimalist bikini bottom, luxury Obsidian Black swimwear, architectural swimsuit, Econyl Sleek Satin bikini, independent fashion",TRUE,Color,Obsidian Black,Size,M,TWESSIE_NA_BB_0205-Obsidian Black-M,168.0,,10
twessie-na-bb-0205,Structural Econyl Sleek Satin Bikini Bottom,"<p>Econyl Sleek Satin construction meets architectural precision in this bikini bottom. Designed for the intelligent, independent woman. The Obsidian Black colorway with Chalk White accents creates a sophisticated palette. Pure rebellious yet refined elegance.</p>",Twessie,Bikini Bottom,"minimalist bikini bottom, luxury Obsidian Black swimwear, architectural swimsuit, Econyl Sleek Satin bikini, independent fashion",TRUE,Color,Obsidian Black,Size,L,TWESSIE_NA_BB_0205-Obsidian Black-L,168.0,,10
twessie-na-bb-0205,Structural Econyl Sleek Satin Bikini Bottom,"<p>Econyl Sleek Satin construction meets architectural precision in this bikini bottom. Designed for the intelligent, independent woman. The Obsidian Black colorway with Chalk White accents creates a sophisticated palette. Pure rebellious yet refined elegance.</p>",Twessie,Bikini Bottom,"minimalist bikini bottom, luxury Obsidian Black swimwear, architectural swimsuit, Econyl Sleek Satin bikini, independent fashion",TRUE,Color,Obsidian Black,Size,XL,TWESSIE_NA_BB_0205-Obsidian Black-XL,168.0,,10
twessie-na-bb-0205,Structural Econyl Sleek Satin Bikini Bottom,"<p>Econyl Sleek Satin construction meets architectural precision in this bikini bottom. Designed for the intelligent, independent woman. The Obsidian Black colorway with Chalk White accents creates a sophisticated palette. Pure rebellious yet refined elegance.</p>",Twessie,Bikini Bottom,"minimalist bikini bottom, luxury Obsidian Black swimwear, architectural swimsuit, Econyl Sleek Satin bikini, independent fashion",TRUE,Color,Obsidian Black,Size,XXL,TWESSIE_NA_BB_0205-Obsidian Black-XXL,168.0,,10
twessie-na-bb-0205,Structural Econyl Sleek Satin Bikini Bottom,"<p>Econyl Sleek Satin construction meets architectural precision in this bikini bottom. Designed for the intelligent, independent woman. The Obsidian Black colorway with Chalk White accents creates a sophisticated palette. Pure rebellious yet refined elegance.</p>",Twessie,Bikini Bottom,"minimalist bikini bottom, luxury Obsidian Black swimwear, architectural swimsuit, Econyl Sleek Satin bikini, independent fashion",TRUE,Color,Chalk White,Size,XS,TWESSIE_NA_BB_0205-Chalk White-XS,168.0,,10
twessie-na-bb-0205,Structural Econyl Sleek Satin Bikini Bottom,"<p>Econyl Sleek Satin construction meets architectural precision in this bikini bottom. Designed for the intelligent, independent woman. The Obsidian Black colorway with Chalk White accents creates a sophisticated palette. Pure rebellious yet refined elegance.</p>",Twessie,Bikini Bottom,"minimalist bikini bottom, luxury Obsidian Black swimwear, architectural swimsuit, Econyl Sleek Satin bikini, independent fashion",TRUE,Color,Chalk White,Size,S,TWESSIE_NA_BB_0205-Chalk White-S,168.0,,10
twessie-na-bb-0205,Structural Econyl Sleek Satin Bikini Bottom,"<p>Econyl Sleek Satin construction meets architectural precision in this bikini bottom. Designed for the intelligent, independent woman. The Obsidian Black colorway with Chalk White accents creates a sophisticated palette. Pure rebellious yet refined elegance.</p>",Twessie,Bikini Bottom,"minimalist bikini bottom, luxury Obsidian Black swimwear, architectural swimsuit, Econyl Sleek Satin bikini, independent fashion",TRUE,Color,Chalk White,Size,M,TWESSIE_NA_BB_0205-Chalk White-M,168.0,,10
twessie-na-bb-0205,Structural Econyl Sleek Satin Bikini Bottom,"<p>Econyl Sleek Satin construction meets architectural precision in this bikini bottom. Designed for the intelligent, independent woman. The Obsidian Black colorway with Chalk White accents creates a sophisticated palette. Pure rebellious yet refined elegance.</p>",Twessie,Bikini Bottom,"minimalist bikini bottom, luxury Obsidian Black swimwear, architectural swimsuit, Econyl Sleek Satin bikini, independent fashion",TRUE,Color,Chalk White,Size,L,TWESSIE_NA_BB_0205-Chalk White-L,168.0,,10
twessie-na-bb-0205,Structural Econyl Sleek Satin Bikini Bottom,"<p>Econyl Sleek Satin construction meets architectural precision in this bikini bottom. Designed for the intelligent, independent woman. The Obsidian Black colorway with Chalk White accents creates a sophisticated palette. Pure rebellious yet refined elegance.</p>",Twessie,Bikini Bottom,"minimalist bikini bottom, luxury Obsidian Black swimwear, architectural swimsuit, Econyl Sleek Satin bikini, independent fashion",TRUE,Color,Chalk White,Size,XL,TWESSIE_NA_BB_0205-Chalk White-XL,168.0,,10
twessie-na-bb-0205,Structural Econyl Sleek Satin Bikini Bottom,"<p>Econyl Sleek Satin construction meets architectural precision in this bikini bottom. Designed for the intelligent, independent woman. The Obsidian Black colorway with Chalk White accents creates a sophisticated palette. Pure rebellious yet refined elegance.</p>",Twessie,Bikini Bottom,"minimalist bikini bottom, luxury Obsidian Black swimwear, architectural swimsuit, Econyl Sleek Satin bikini, independent fashion",TRUE,Color,Chalk White,Size,XXL,TWESSIE_NA_BB_0205-Chalk White-XXL,168.0,,10
twessie-au-bb-0206,High-Cut Obsidian Black Bikini Brief,"<p>Econyl Sleek Satin construction meets architectural precision in this bikini bottom. Designed for the intelligent, independent woman. The Obsidian Black colorway with Burnt Terracotta accents creates a sophisticated palette. Pure intelligent aesthetic elegance.</p>",Twessie,Bikini Bottom,"independent fashion, minimalist luxury, Econyl Sleek Satin bikini, high-end swimwear, minimalist bikini bottom",TRUE,Color,Obsidian Black,Size,XS,TWESSIE_AU_BB_0206-Obsidian Black-XS,168.0,,10
twessie-au-bb-0206,High-Cut Obsidian Black Bikini Brief,"<p>Econyl Sleek Satin construction meets architectural precision in this bikini bottom. Designed for the intelligent, independent woman. The Obsidian Black colorway with Burnt Terracotta accents creates a sophisticated palette. Pure intelligent aesthetic elegance.</p>",Twessie,Bikini Bottom,"independent fashion, minimalist luxury, Econyl Sleek Satin bikini, high-end swimwear, minimalist bikini bottom",TRUE,Color,Obsidian Black,Size,S,TWESSIE_AU_BB_0206-Obsidian Black-S,168.0,,10
twessie-au-bb-0206,High-Cut Obsidian Black Bikini Brief,"<p>Econyl Sleek Satin construction meets architectural precision in this bikini bottom. Designed for the intelligent, independent woman. The Obsidian Black colorway with Burnt Terracotta accents creates a sophisticated palette. Pure intelligent aesthetic elegance.</p>",Twessie,Bikini Bottom,"independent fashion, minimalist luxury, Econyl Sleek Satin bikini, high-end swimwear, minimalist bikini bottom",TRUE,Color,Obsidian Black,Size,M,TWESSIE_AU_BB_0206-Obsidian Black-M,168.0,,10
twessie-au-bb-0206,High-Cut Obsidian Black Bikini Brief,"<p>Econyl Sleek Satin construction meets architectural precision in this bikini bottom. Designed for the intelligent, independent woman. The Obsidian Black colorway with Burnt Terracotta accents creates a sophisticated palette. Pure intelligent aesthetic elegance.</p>",Twessie,Bikini Bottom,"independent fashion, minimalist luxury, Econyl Sleek Satin bikini, high-end swimwear, minimalist bikini bottom",TRUE,Color,Obsidian Black,Size,L,TWESSIE_AU_BB_0206-Obsidian Black-L,168.0,,10
twessie-au-bb-0206,High-Cut Obsidian Black Bikini Brief,"<p>Econyl Sleek Satin construction meets architectural precision in this bikini bottom. Designed for the intelligent, independent woman. The Obsidian Black colorway with Burnt Terracotta accents creates a sophisticated palette. Pure intelligent aesthetic elegance.</p>",Twessie,Bikini Bottom,"independent fashion, minimalist luxury, Econyl Sleek Satin bikini, high-end swimwear, minimalist bikini bottom",TRUE,Color,Obsidian Black,Size,XL,TWESSIE_AU_BB_0206-Obsidian Black-XL,168.0,,10
twessie-au-bb-0206,High-Cut Obsidian Black Bikini Brief,"<p>Econyl Sleek Satin construction meets architectural precision in this bikini bottom. Designed for the intelligent, independent woman. The Obsidian Black colorway with Burnt Terracotta accents creates a sophisticated palette. Pure intelligent aesthetic elegance.</p>",Twessie,Bikini Bottom,"independent fashion, minimalist luxury, Econyl Sleek Satin bikini, high-end swimwear, minimalist bikini bottom",TRUE,Color,Obsidian Black,Size,XXL,TWESSIE_AU_BB_0206-Obsidian Black-XXL,168.0,,10
twessie-au-bb-0206,High-Cut Obsidian Black Bikini Brief,"<p>Econyl Sleek Satin construction meets architectural precision in this bikini bottom. Designed for the intelligent, independent woman. The Obsidian Black colorway with Burnt Terracotta accents creates a sophisticated palette. Pure intelligent aesthetic elegance.</p>",Twessie,Bikini Bottom,"independent fashion, minimalist luxury, Econyl Sleek Satin bikini, high-end swimwear, minimalist bikini bottom",TRUE,Color,Burnt Terracotta,Size,XS,TWESSIE_AU_BB_0206-Burnt Terracotta-XS,168.0,,10
twessie-au-bb-0206,High-Cut Obsidian Black Bikini Brief,"<p>Econyl Sleek Satin construction meets architectural precision in this bikini bottom. Designed for the intelligent, independent woman. The Obsidian Black colorway with Burnt Terracotta accents creates a sophisticated palette. Pure intelligent aesthetic elegance.</p>",Twessie,Bikini Bottom,"independent fashion, minimalist luxury, Econyl Sleek Satin bikini, high-end swimwear, minimalist bikini bottom",TRUE,Color,Burnt Terracotta,Size,S,TWESSIE_AU_BB_0206-Burnt Terracotta-S,168.0,,10
twessie-au-bb-0206,High-Cut Obsidian Black Bikini Brief,"<p>Econyl Sleek Satin construction meets architectural precision in this bikini bottom. Designed for the intelligent, independent woman. The Obsidian Black colorway with Burnt Terracotta accents creates a sophisticated palette. Pure intelligent aesthetic elegance.</p>",Twessie,Bikini Bottom,"independent fashion, minimalist luxury, Econyl Sleek Satin bikini, high-end swimwear, minimalist bikini bottom",TRUE,Color,Burnt Terracotta,Size,M,TWESSIE_AU_BB_0206-Burnt Terracotta-M,168.0,,10
twessie-au-bb-0206,High-Cut Obsidian Black Bikini Brief,"<p>Econyl Sleek Satin construction meets architectural precision in this bikini bottom. Designed for the intelligent, independent woman. The Obsidian Black colorway with Burnt Terracotta accents creates a sophisticated palette. Pure intelligent aesthetic elegance.</p>",Twessie,Bikini Bottom,"independent fashion, minimalist luxury, Econyl Sleek Satin bikini, high-end swimwear, minimalist bikini bottom",TRUE,Color,Burnt Terracotta,Size,L,TWESSIE_AU_BB_0206-Burnt Terracotta-L,168.0,,10
twessie-au-bb-0206,High-Cut Obsidian Black Bikini Brief,"<p>Econyl Sleek Satin construction meets architectural precision in this bikini bottom. Designed for the intelligent, independent woman. The Obsidian Black colorway with Burnt Terracotta accents creates a sophisticated palette. Pure intelligent aesthetic elegance.</p>",Twessie,Bikini Bottom,"independent fashion, minimalist luxury, Econyl Sleek Satin bikini, high-end swimwear, minimalist bikini bottom",TRUE,Color,Burnt Terracotta,Size,XL,TWESSIE_AU_BB_0206-Burnt Terracotta-XL,168.0,,10
twessie-au-bb-0206,High-Cut Obsidian Black Bikini Brief,"<p>Econyl Sleek Satin construction meets architectural precision in this bikini bottom. Designed for the intelligent, independent woman. The Obsidian Black colorway with Burnt Terracotta accents creates a sophisticated palette. Pure intelligent aesthetic elegance.</p>",Twessie,Bikini Bottom,"independent fashion, minimalist luxury, Econyl Sleek Satin bikini, high-end swimwear, minimalist bikini bottom",TRUE,Color,Burnt Terracotta,Size,XXL,TWESSIE_AU_BB_0206-Burnt Terracotta-XXL,168.0,,10
twessie-jp-bt-0207,Econyl Sleek Satin High-Waist Bikini Top in Obsidian Black,<p>A statement piece in Econyl Sleek Satin. This bikini top combines rebellious yet refined design with impeccable craftsmanship. Available in Obsidian Black with Stone Gray detailing. Not loud. Not obvious. Unmistakably Twessie.</p>,Twessie,Bikini Top,"independent fashion, minimalist luxury, luxury Obsidian Black swimwear, high-end swimwear, Econyl Sleek Satin bikini",TRUE,Color,Obsidian Black,Size,XS,TWESSIE_JP_BT_0207-Obsidian Black-XS,168.0,,10
twessie-jp-bt-0207,Econyl Sleek Satin High-Waist Bikini Top in Obsidian Black,<p>A statement piece in Econyl Sleek Satin. This bikini top combines rebellious yet refined design with impeccable craftsmanship. Available in Obsidian Black with Stone Gray detailing. Not loud. Not obvious. Unmistakably Twessie.</p>,Twessie,Bikini Top,"independent fashion, minimalist luxury, luxury Obsidian Black swimwear, high-end swimwear, Econyl Sleek Satin bikini",TRUE,Color,Obsidian Black,Size,S,TWESSIE_JP_BT_0207-Obsidian Black-S,168.0,,10
twessie-jp-bt-0207,Econyl Sleek Satin High-Waist Bikini Top in Obsidian Black,<p>A statement piece in Econyl Sleek Satin. This bikini top combines rebellious yet refined design with impeccable craftsmanship. Available in Obsidian Black with Stone Gray detailing. Not loud. Not obvious. Unmistakably Twessie.</p>,Twessie,Bikini Top,"independent fashion, minimalist luxury, luxury Obsidian Black swimwear, high-end swimwear, Econyl Sleek Satin bikini",TRUE,Color,Obsidian Black,Size,M,TWESSIE_JP_BT_0207-Obsidian Black-M,168.0,,10
twessie-jp-bt-0207,Econyl Sleek Satin High-Waist Bikini Top in Obsidian Black,<p>A statement piece in Econyl Sleek Satin. This bikini top combines rebellious yet refined design with impeccable craftsmanship. Available in Obsidian Black with Stone Gray detailing. Not loud. Not obvious. Unmistakably Twessie.</p>,Twessie,Bikini Top,"independent fashion, minimalist luxury, luxury Obsidian Black swimwear, high-end swimwear, Econyl Sleek Satin bikini",TRUE,Color,Obsidian Black,Size,L,TWESSIE_JP_BT_0207-Obsidian Black-L,168.0,,10
twessie-jp-bt-0207,Econyl Sleek Satin High-Waist Bikini Top in Obsidian Black,<p>A statement piece in Econyl Sleek Satin. This bikini top combines rebellious yet refined design with impeccable craftsmanship. Available in Obsidian Black with Stone Gray detailing. Not loud. Not obvious. Unmistakably Twessie.</p>,Twessie,Bikini Top,"independent fashion, minimalist luxury, luxury Obsidian Black swimwear, high-end swimwear, Econyl Sleek Satin bikini",TRUE,Color,Obsidian Black,Size,XL,TWESSIE_JP_BT_0207-Obsidian Black-XL,168.0,,10
twessie-jp-bt-0207,Econyl Sleek Satin High-Waist Bikini Top in Obsidian Black,<p>A statement piece in Econyl Sleek Satin. This bikini top combines rebellious yet refined design with impeccable craftsmanship. Available in Obsidian Black with Stone Gray detailing. Not loud. Not obvious. Unmistakably Twessie.</p>,Twessie,Bikini Top,"independent fashion, minimalist luxury, luxury Obsidian Black swimwear, high-end swimwear, Econyl Sleek Satin bikini",TRUE,Color,Obsidian Black,Size,XXL,TWESSIE_JP_BT_0207-Obsidian Black-XXL,168.0,,10
twessie-jp-bt-0207,Econyl Sleek Satin High-Waist Bikini Top in Obsidian Black,<p>A statement piece in Econyl Sleek Satin. This bikini top combines rebellious yet refined design with impeccable craftsmanship. Available in Obsidian Black with Stone Gray detailing. Not loud. Not obvious. Unmistakably Twessie.</p>,Twessie,Bikini Top,"independent fashion, minimalist luxury, luxury Obsidian Black swimwear, high-end swimwear, Econyl Sleek Satin bikini",TRUE,Color,Stone Gray,Size,XS,TWESSIE_JP_BT_0207-Stone Gray-XS,168.0,,10
twessie-jp-bt-0207,Econyl Sleek Satin High-Waist Bikini Top in Obsidian Black,<p>A statement piece in Econyl Sleek Satin. This bikini top combines rebellious yet refined design with impeccable craftsmanship. Available in Obsidian Black with Stone Gray detailing. Not loud. Not obvious. Unmistakably Twessie.</p>,Twessie,Bikini Top,"independent fashion, minimalist luxury, luxury Obsidian Black swimwear, high-end swimwear, Econyl Sleek Satin bikini",TRUE,Color,Stone Gray,Size,S,TWESSIE_JP_BT_0207-Stone Gray-S,168.0,,10
twessie-jp-bt-0207,Econyl Sleek Satin High-Waist Bikini Top in Obsidian Black,<p>A statement piece in Econyl Sleek Satin. This bikini top combines rebellious yet refined design with impeccable craftsmanship. Available in Obsidian Black with Stone Gray detailing. Not loud. Not obvious. Unmistakably Twessie.</p>,Twessie,Bikini Top,"independent fashion, minimalist luxury, luxury Obsidian Black swimwear, high-end swimwear, Econyl Sleek Satin bikini",TRUE,Color,Stone Gray,Size,M,TWESSIE_JP_BT_0207-Stone Gray-M,168.0,,10
twessie-jp-bt-0207,Econyl Sleek Satin High-Waist Bikini Top in Obsidian Black,<p>A statement piece in Econyl Sleek Satin. This bikini top combines rebellious yet refined design with impeccable craftsmanship. Available in Obsidian Black with Stone Gray detailing. Not loud. Not obvious. Unmistakably Twessie.</p>,Twessie,Bikini Top,"independent fashion, minimalist luxury, luxury Obsidian Black swimwear, high-end swimwear, Econyl Sleek Satin bikini",TRUE,Color,Stone Gray,Size,L,TWESSIE_JP_BT_0207-Stone Gray-L,168.0,,10
twessie-jp-bt-0207,Econyl Sleek Satin High-Waist Bikini Top in Obsidian Black,<p>A statement piece in Econyl Sleek Satin. This bikini top combines rebellious yet refined design with impeccable craftsmanship. Available in Obsidian Black with Stone Gray detailing. Not loud. Not obvious. Unmistakably Twessie.</p>,Twessie,Bikini Top,"independent fashion, minimalist luxury, luxury Obsidian Black swimwear, high-end swimwear, Econyl Sleek Satin bikini",TRUE,Color,Stone Gray,Size,XL,TWESSIE_JP_BT_0207-Stone Gray-XL,168.0,,10
twessie-jp-bt-0207,Econyl Sleek Satin High-Waist Bikini Top in Obsidian Black,<p>A statement piece in Econyl Sleek Satin. This bikini top combines rebellious yet refined design with impeccable craftsmanship. Available in Obsidian Black with Stone Gray detailing. Not loud. Not obvious. Unmistakably Twessie.</p>,Twessie,Bikini Top,"independent fashion, minimalist luxury, luxury Obsidian Black swimwear, high-end swimwear, Econyl Sleek Satin bikini",TRUE,Color,Stone Gray,Size,XXL,TWESSIE_JP_BT_0207-Stone Gray-XXL,168.0,,10
twessie-jp-bt-0208,Obsidian Black Sculptural Econyl Sleek Satin Bikini Top,<p>A statement piece in Econyl Sleek Satin. This bikini top combines architectural elegance design with impeccable craftsmanship. Available in Obsidian Black with Olive Drab detailing. Not loud. Not obvious. Unmistakably Twessie.</p>,Twessie,Bikini Top,"Econyl Sleek Satin bikini, architectural swimsuit, independent fashion, high-end swimwear, luxury Obsidian Black swimwear",TRUE,Color,Obsidian Black,Size,XS,TWESSIE_JP_BT_0208-Obsidian Black-XS,168.0,,10
twessie-jp-bt-0208,Obsidian Black Sculptural Econyl Sleek Satin Bikini Top,<p>A statement piece in Econyl Sleek Satin. This bikini top combines architectural elegance design with impeccable craftsmanship. Available in Obsidian Black with Olive Drab detailing. Not loud. Not obvious. Unmistakably Twessie.</p>,Twessie,Bikini Top,"Econyl Sleek Satin bikini, architectural swimsuit, independent fashion, high-end swimwear, luxury Obsidian Black swimwear",TRUE,Color,Obsidian Black,Size,S,TWESSIE_JP_BT_0208-Obsidian Black-S,168.0,,10
twessie-jp-bt-0208,Obsidian Black Sculptural Econyl Sleek Satin Bikini Top,<p>A statement piece in Econyl Sleek Satin. This bikini top combines architectural elegance design with impeccable craftsmanship. Available in Obsidian Black with Olive Drab detailing. Not loud. Not obvious. Unmistakably Twessie.</p>,Twessie,Bikini Top,"Econyl Sleek Satin bikini, architectural swimsuit, independent fashion, high-end swimwear, luxury Obsidian Black swimwear",TRUE,Color,Obsidian Black,Size,M,TWESSIE_JP_BT_0208-Obsidian Black-M,168.0,,10
twessie-jp-bt-0208,Obsidian Black Sculptural Econyl Sleek Satin Bikini Top,<p>A statement piece in Econyl Sleek Satin. This bikini top combines architectural elegance design with impeccable craftsmanship. Available in Obsidian Black with Olive Drab detailing. Not loud. Not obvious. Unmistakably Twessie.</p>,Twessie,Bikini Top,"Econyl Sleek Satin bikini, architectural swimsuit, independent fashion, high-end swimwear, luxury Obsidian Black swimwear",TRUE,Color,Obsidian Black,Size,L,TWESSIE_JP_BT_0208-Obsidian Black-L,168.0,,10
twessie-jp-bt-0208,Obsidian Black Sculptural Econyl Sleek Satin Bikini Top,<p>A statement piece in Econyl Sleek Satin. This bikini top combines architectural elegance design with impeccable craftsmanship. Available in Obsidian Black with Olive Drab detailing. Not loud. Not obvious. Unmistakably Twessie.</p>,Twessie,Bikini Top,"Econyl Sleek Satin bikini, architectural swimsuit, independent fashion, high-end swimwear, luxury Obsidian Black swimwear",TRUE,Color,Obsidian Black,Size,XL,TWESSIE_JP_BT_0208-Obsidian Black-XL,168.0,,10
twessie-jp-bt-0208,Obsidian Black Sculptural Econyl Sleek Satin Bikini Top,<p>A statement piece in Econyl Sleek Satin. This bikini top combines architectural elegance design with impeccable craftsmanship. Available in Obsidian Black with Olive Drab detailing. Not loud. Not obvious. Unmistakably Twessie.</p>,Twessie,Bikini Top,"Econyl Sleek Satin bikini, architectural swimsuit, independent fashion, high-end swimwear, luxury Obsidian Black swimwear",TRUE,Color,Obsidian Black,Size,XXL,TWESSIE_JP_BT_0208-Obsidian Black-XXL,168.0,,10
twessie-jp-bt-0208,Obsidian Black Sculptural Econyl Sleek Satin Bikini Top,<p>A statement piece in Econyl Sleek Satin. This bikini top combines architectural elegance design with impeccable craftsmanship. Available in Obsidian Black with Olive Drab detailing. Not loud. Not obvious. Unmistakably Twessie.</p>,Twessie,Bikini Top,"Econyl Sleek Satin bikini, architectural swimsuit, independent fashion, high-end swimwear, luxury Obsidian Black swimwear",TRUE,Color,Olive Drab,Size,XS,TWESSIE_JP_BT_0208-Olive Drab-XS,168.0,,10
twessie-jp-bt-0208,Obsidian Black Sculptural Econyl Sleek Satin Bikini Top,<p>A statement piece in Econyl Sleek Satin. This bikini top combines architectural elegance design with impeccable craftsmanship. Available in Obsidian Black with Olive Drab detailing. Not loud. Not obvious. Unmistakably Twessie.</p>,Twessie,Bikini Top,"Econyl Sleek Satin bikini, architectural swimsuit, independent fashion, high-end swimwear, luxury Obsidian Black swimwear",TRUE,Color,Olive Drab,Size,S,TWESSIE_JP_BT_0208-Olive Drab-S,168.0,,10
twessie-jp-bt-0208,Obsidian Black Sculptural Econyl Sleek Satin Bikini Top,<p>A statement piece in Econyl Sleek Satin. This bikini top combines architectural elegance design with impeccable craftsmanship. Available in Obsidian Black with Olive Drab detailing. Not loud. Not obvious. Unmistakably Twessie.</p>,Twessie,Bikini Top,"Econyl Sleek Satin bikini, architectural swimsuit, independent fashion, high-end swimwear, luxury Obsidian Black swimwear",TRUE,Color,Olive Drab,Size,M,TWESSIE_JP_BT_0208-Olive Drab-M,168.0,,10
twessie-jp-bt-0208,Obsidian Black Sculptural Econyl Sleek Satin Bikini Top,<p>A statement piece in Econyl Sleek Satin. This bikini top combines architectural elegance design with impeccable craftsmanship. Available in Obsidian Black with Olive Drab detailing. Not loud. Not obvious. Unmistakably Twessie.</p>,Twessie,Bikini Top,"Econyl Sleek Satin bikini, architectural swimsuit, independent fashion, high-end swimwear, luxury Obsidian Black swimwear",TRUE,Color,Olive Drab,Size,L,TWESSIE_JP_BT_0208-Olive Drab-L,168.0,,10
twessie-jp-bt-0208,Obsidian Black Sculptural Econyl Sleek Satin Bikini Top,<p>A statement piece in Econyl Sleek Satin. This bikini top combines architectural elegance design with impeccable craftsmanship. Available in Obsidian Black with Olive Drab detailing. Not loud. Not obvious. Unmistakably Twessie.</p>,Twessie,Bikini Top,"Econyl Sleek Satin bikini, architectural swimsuit, independent fashion, high-end swimwear, luxury Obsidian Black swimwear",TRUE,Color,Olive Drab,Size,XL,TWESSIE_JP_BT_0208-Olive Drab-XL,168.0,,10
twessie-jp-bt-0208,Obsidian Black Sculptural Econyl Sleek Satin Bikini Top,<p>A statement piece in Econyl Sleek Satin. This bikini top combines architectural elegance design with impeccable craftsmanship. Available in Obsidian Black with Olive Drab detailing. Not loud. Not obvious. Unmistakably Twessie.</p>,Twessie,Bikini Top,"Econyl Sleek Satin bikini, architectural swimsuit, independent fashion, high-end swimwear, luxury Obsidian Black swimwear",TRUE,Color,Olive Drab,Size,XXL,TWESSIE_JP_BT_0208-Olive Drab-XXL,168.0,,10
twessie-jp-op-0209,Sculptural Chalk White Monokini,<p>Crafted in premium Crinkled Seersucker with Econyl Sleek Satin accents. This one-piece epitomizes anti-fashion statement luxury. Featuring color-blocking in Chalk White and Stone Gray. Perfect for the discerning swimmer who refuses the obvious.</p>,Twessie,One-Piece,"minimalist one-piece, minimalist luxury, Crinkled Seersucker bikini, architectural swimsuit, luxury Chalk White swimwear",TRUE,Color,Chalk White,Size,XS,TWESSIE_JP_OP_0209-Chalk White-XS,168.0,,10
twessie-jp-op-0209,Sculptural Chalk White Monokini,<p>Crafted in premium Crinkled Seersucker with Econyl Sleek Satin accents. This one-piece epitomizes anti-fashion statement luxury. Featuring color-blocking in Chalk White and Stone Gray. Perfect for the discerning swimmer who refuses the obvious.</p>,Twessie,One-Piece,"minimalist one-piece, minimalist luxury, Crinkled Seersucker bikini, architectural swimsuit, luxury Chalk White swimwear",TRUE,Color,Chalk White,Size,S,TWESSIE_JP_OP_0209-Chalk White-S,168.0,,10
twessie-jp-op-0209,Sculptural Chalk White Monokini,<p>Crafted in premium Crinkled Seersucker with Econyl Sleek Satin accents. This one-piece epitomizes anti-fashion statement luxury. Featuring color-blocking in Chalk White and Stone Gray. Perfect for the discerning swimmer who refuses the obvious.</p>,Twessie,One-Piece,"minimalist one-piece, minimalist luxury, Crinkled Seersucker bikini, architectural swimsuit, luxury Chalk White swimwear",TRUE,Color,Chalk White,Size,M,TWESSIE_JP_OP_0209-Chalk White-M,168.0,,10
twessie-jp-op-0209,Sculptural Chalk White Monokini,<p>Crafted in premium Crinkled Seersucker with Econyl Sleek Satin accents. This one-piece epitomizes anti-fashion statement luxury. Featuring color-blocking in Chalk White and Stone Gray. Perfect for the discerning swimmer who refuses the obvious.</p>,Twessie,One-Piece,"minimalist one-piece, minimalist luxury, Crinkled Seersucker bikini, architectural swimsuit, luxury Chalk White swimwear",TRUE,Color,Chalk White,Size,L,TWESSIE_JP_OP_0209-Chalk White-L,168.0,,10
twessie-jp-op-0209,Sculptural Chalk White Monokini,<p>Crafted in premium Crinkled Seersucker with Econyl Sleek Satin accents. This one-piece epitomizes anti-fashion statement luxury. Featuring color-blocking in Chalk White and Stone Gray. Perfect for the discerning swimmer who refuses the obvious.</p>,Twessie,One-Piece,"minimalist one-piece, minimalist luxury, Crinkled Seersucker bikini, architectural swimsuit, luxury Chalk White swimwear",TRUE,Color,Chalk White,Size,XL,TWESSIE_JP_OP_0209-Chalk White-XL,168.0,,10
twessie-jp-op-0209,Sculptural Chalk White Monokini,<p>Crafted in premium Crinkled Seersucker with Econyl Sleek Satin accents. This one-piece epitomizes anti-fashion statement luxury. Featuring color-blocking in Chalk White and Stone Gray. Perfect for the discerning swimmer who refuses the obvious.</p>,Twessie,One-Piece,"minimalist one-piece, minimalist luxury, Crinkled Seersucker bikini, architectural swimsuit, luxury Chalk White swimwear",TRUE,Color,Chalk White,Size,XXL,TWESSIE_JP_OP_0209-Chalk White-XXL,168.0,,10
twessie-jp-op-0209,Sculptural Chalk White Monokini,<p>Crafted in premium Crinkled Seersucker with Econyl Sleek Satin accents. This one-piece epitomizes anti-fashion statement luxury. Featuring color-blocking in Chalk White and Stone Gray. Perfect for the discerning swimmer who refuses the obvious.</p>,Twessie,One-Piece,"minimalist one-piece, minimalist luxury, Crinkled Seersucker bikini, architectural swimsuit, luxury Chalk White swimwear",TRUE,Color,Stone Gray,Size,XS,TWESSIE_JP_OP_0209-Stone Gray-XS,168.0,,10
twessie-jp-op-0209,Sculptural Chalk White Monokini,<p>Crafted in premium Crinkled Seersucker with Econyl Sleek Satin accents. This one-piece epitomizes anti-fashion statement luxury. Featuring color-blocking in Chalk White and Stone Gray. Perfect for the discerning swimmer who refuses the obvious.</p>,Twessie,One-Piece,"minimalist one-piece, minimalist luxury, Crinkled Seersucker bikini, architectural swimsuit, luxury Chalk White swimwear",TRUE,Color,Stone Gray,Size,S,TWESSIE_JP_OP_0209-Stone Gray-S,168.0,,10
twessie-jp-op-0209,Sculptural Chalk White Monokini,<p>Crafted in premium Crinkled Seersucker with Econyl Sleek Satin accents. This one-piece epitomizes anti-fashion statement luxury. Featuring color-blocking in Chalk White and Stone Gray. Perfect for the discerning swimmer who refuses the obvious.</p>,Twessie,One-Piece,"minimalist one-piece, minimalist luxury, Crinkled Seersucker bikini, architectural swimsuit, luxury Chalk White swimwear",TRUE,Color,Stone Gray,Size,M,TWESSIE_JP_OP_0209-Stone Gray-M,168.0,,10
twessie-jp-op-0209,Sculptural Chalk White Monokini,<p>Crafted in premium Crinkled Seersucker with Econyl Sleek Satin accents. This one-piece epitomizes anti-fashion statement luxury. Featuring color-blocking in Chalk White and Stone Gray. Perfect for the discerning swimmer who refuses the obvious.</p>,Twessie,One-Piece,"minimalist one-piece, minimalist luxury, Crinkled Seersucker bikini, architectural swimsuit, luxury Chalk White swimwear",TRUE,Color,Stone Gray,Size,L,TWESSIE_JP_OP_0209-Stone Gray-L,168.0,,10
twessie-jp-op-0209,Sculptural Chalk White Monokini,<p>Crafted in premium Crinkled Seersucker with Econyl Sleek Satin accents. This one-piece epitomizes anti-fashion statement luxury. Featuring color-blocking in Chalk White and Stone Gray. Perfect for the discerning swimmer who refuses the obvious.</p>,Twessie,One-Piece,"minimalist one-piece, minimalist luxury, Crinkled Seersucker bikini, architectural swimsuit, luxury Chalk White swimwear",TRUE,Color,Stone Gray,Size,XL,TWESSIE_JP_OP_0209-Stone Gray-XL,168.0,,10
twessie-jp-op-0209,Sculptural Chalk White Monokini,<p>Crafted in premium Crinkled Seersucker with Econyl Sleek Satin accents. This one-piece epitomizes anti-fashion statement luxury. Featuring color-blocking in Chalk White and Stone Gray. Perfect for the discerning swimmer who refuses the obvious.</p>,Twessie,One-Piece,"minimalist one-piece, minimalist luxury, Crinkled Seersucker bikini, architectural swimsuit, luxury Chalk White swimwear",TRUE,Color,Stone Gray,Size,XXL,TWESSIE_JP_OP_0209-Stone Gray-XXL,168.0,,10
twessie-eu-bt-0210,Econyl Sleek Satin High-Waist Bikini Top in Obsidian Black,<p>Crafted in premium Econyl Sleek Satin with Crinkled Seersucker accents. This bikini top epitomizes intelligent aesthetic luxury. Featuring color-blocking in Obsidian Black and Chalk White. Perfect for the discerning swimmer who refuses the obvious.</p>,Twessie,Bikini Top,"minimalist bikini top, independent fashion, minimalist luxury, Econyl Sleek Satin bikini, high-end swimwear",TRUE,Color,Obsidian Black,Size,XS,TWESSIE_EU_BT_0210-Obsidian Black-XS,168.0,,10
twessie-eu-bt-0210,Econyl Sleek Satin High-Waist Bikini Top in Obsidian Black,<p>Crafted in premium Econyl Sleek Satin with Crinkled Seersucker accents. This bikini top epitomizes intelligent aesthetic luxury. Featuring color-blocking in Obsidian Black and Chalk White. Perfect for the discerning swimmer who refuses the obvious.</p>,Twessie,Bikini Top,"minimalist bikini top, independent fashion, minimalist luxury, Econyl Sleek Satin bikini, high-end swimwear",TRUE,Color,Obsidian Black,Size,S,TWESSIE_EU_BT_0210-Obsidian Black-S,168.0,,10
twessie-eu-bt-0210,Econyl Sleek Satin High-Waist Bikini Top in Obsidian Black,<p>Crafted in premium Econyl Sleek Satin with Crinkled Seersucker accents. This bikini top epitomizes intelligent aesthetic luxury. Featuring color-blocking in Obsidian Black and Chalk White. Perfect for the discerning swimmer who refuses the obvious.</p>,Twessie,Bikini Top,"minimalist bikini top, independent fashion, minimalist luxury, Econyl Sleek Satin bikini, high-end swimwear",TRUE,Color,Obsidian Black,Size,M,TWESSIE_EU_BT_0210-Obsidian Black-M,168.0,,10
twessie-eu-bt-0210,Econyl Sleek Satin High-Waist Bikini Top in Obsidian Black,<p>Crafted in premium Econyl Sleek Satin with Crinkled Seersucker accents. This bikini top epitomizes intelligent aesthetic luxury. Featuring color-blocking in Obsidian Black and Chalk White. Perfect for the discerning swimmer who refuses the obvious.</p>,Twessie,Bikini Top,"minimalist bikini top, independent fashion, minimalist luxury, Econyl Sleek Satin bikini, high-end swimwear",TRUE,Color,Obsidian Black,Size,L,TWESSIE_EU_BT_0210-Obsidian Black-L,168.0,,10
twessie-eu-bt-0210,Econyl Sleek Satin High-Waist Bikini Top in Obsidian Black,<p>Crafted in premium Econyl Sleek Satin with Crinkled Seersucker accents. This bikini top epitomizes intelligent aesthetic luxury. Featuring color-blocking in Obsidian Black and Chalk White. Perfect for the discerning swimmer who refuses the obvious.</p>,Twessie,Bikini Top,"minimalist bikini top, independent fashion, minimalist luxury, Econyl Sleek Satin bikini, high-end swimwear",TRUE,Color,Obsidian Black,Size,XL,TWESSIE_EU_BT_0210-Obsidian Black-XL,168.0,,10
twessie-eu-bt-0210,Econyl Sleek Satin High-Waist Bikini Top in Obsidian Black,<p>Crafted in premium Econyl Sleek Satin with Crinkled Seersucker accents. This bikini top epitomizes intelligent aesthetic luxury. Featuring color-blocking in Obsidian Black and Chalk White. Perfect for the discerning swimmer who refuses the obvious.</p>,Twessie,Bikini Top,"minimalist bikini top, independent fashion, minimalist luxury, Econyl Sleek Satin bikini, high-end swimwear",TRUE,Color,Obsidian Black,Size,XXL,TWESSIE_EU_BT_0210-Obsidian Black-XXL,168.0,,10
twessie-eu-bt-0210,Econyl Sleek Satin High-Waist Bikini Top in Obsidian Black,<p>Crafted in premium Econyl Sleek Satin with Crinkled Seersucker accents. This bikini top epitomizes intelligent aesthetic luxury. Featuring color-blocking in Obsidian Black and Chalk White. Perfect for the discerning swimmer who refuses the obvious.</p>,Twessie,Bikini Top,"minimalist bikini top, independent fashion, minimalist luxury, Econyl Sleek Satin bikini, high-end swimwear",TRUE,Color,Chalk White,Size,XS,TWESSIE_EU_BT_0210-Chalk White-XS,168.0,,10
twessie-eu-bt-0210,Econyl Sleek Satin High-Waist Bikini Top in Obsidian Black,<p>Crafted in premium Econyl Sleek Satin with Crinkled Seersucker accents. This bikini top epitomizes intelligent aesthetic luxury. Featuring color-blocking in Obsidian Black and Chalk White. Perfect for the discerning swimmer who refuses the obvious.</p>,Twessie,Bikini Top,"minimalist bikini top, independent fashion, minimalist luxury, Econyl Sleek Satin bikini, high-end swimwear",TRUE,Color,Chalk White,Size,S,TWESSIE_EU_BT_0210-Chalk White-S,168.0,,10
twessie-eu-bt-0210,Econyl Sleek Satin High-Waist Bikini Top in Obsidian Black,<p>Crafted in premium Econyl Sleek Satin with Crinkled Seersucker accents. This bikini top epitomizes intelligent aesthetic luxury. Featuring color-blocking in Obsidian Black and Chalk White. Perfect for the discerning swimmer who refuses the obvious.</p>,Twessie,Bikini Top,"minimalist bikini top, independent fashion, minimalist luxury, Econyl Sleek Satin bikini, high-end swimwear",TRUE,Color,Chalk White,Size,M,TWESSIE_EU_BT_0210-Chalk White-M,168.0,,10
twessie-eu-bt-0210,Econyl Sleek Satin High-Waist Bikini Top in Obsidian Black,<p>Crafted in premium Econyl Sleek Satin with Crinkled Seersucker accents. This bikini top epitomizes intelligent aesthetic luxury. Featuring color-blocking in Obsidian Black and Chalk White. Perfect for the discerning swimmer who refuses the obvious.</p>,Twessie,Bikini Top,"minimalist bikini top, independent fashion, minimalist luxury, Econyl Sleek Satin bikini, high-end swimwear",TRUE,Color,Chalk White,Size,L,TWESSIE_EU_BT_0210-Chalk White-L,168.0,,10
twessie-eu-bt-0210,Econyl Sleek Satin High-Waist Bikini Top in Obsidian Black,<p>Crafted in premium Econyl Sleek Satin with Crinkled Seersucker accents. This bikini top epitomizes intelligent aesthetic luxury. Featuring color-blocking in Obsidian Black and Chalk White. Perfect for the discerning swimmer who refuses the obvious.</p>,Twessie,Bikini Top,"minimalist bikini top, independent fashion, minimalist luxury, Econyl Sleek Satin bikini, high-end swimwear",TRUE,Color,Chalk White,Size,XL,TWESSIE_EU_BT_0210-Chalk White-XL,168.0,,10
twessie-eu-bt-0210,Econyl Sleek Satin High-Waist Bikini Top in Obsidian Black,<p>Crafted in premium Econyl Sleek Satin with Crinkled Seersucker accents. This bikini top epitomizes intelligent aesthetic luxury. Featuring color-blocking in Obsidian Black and Chalk White. Perfect for the discerning swimmer who refuses the obvious.</p>,Twessie,Bikini Top,"minimalist bikini top, independent fashion, minimalist luxury, Econyl Sleek Satin bikini, high-end swimwear",TRUE,Color,Chalk White,Size,XXL,TWESSIE_EU_BT_0210-Chalk White-XXL,168.0,,10
twessie-jp-bb-0301,Chalk White Minimalist Crinkled Seersucker Bikini Bottom,"<p>Crinkled Seersucker construction meets architectural precision in this bikini bottom. Designed for the intelligent, independent woman. The Chalk White colorway with Stone Gray accents creates a sophisticated palette. Pure architectural elegance elegance.</p>",Twessie,Bikini Bottom,"minimalist bikini bottom, minimalist luxury, architectural swimsuit, independent fashion, Crinkled Seersucker bikini",TRUE,Color,Chalk White,Size,XS,TWESSIE_JP_BB_0301-Chalk White-XS,168.0,,10
twessie-jp-bb-0301,Chalk White Minimalist Crinkled Seersucker Bikini Bottom,"<p>Crinkled Seersucker construction meets architectural precision in this bikini bottom. Designed for the intelligent, independent woman. The Chalk White colorway with Stone Gray accents creates a sophisticated palette. Pure architectural elegance elegance.</p>",Twessie,Bikini Bottom,"minimalist bikini bottom, minimalist luxury, architectural swimsuit, independent fashion, Crinkled Seersucker bikini",TRUE,Color,Chalk White,Size,S,TWESSIE_JP_BB_0301-Chalk White-S,168.0,,10
twessie-jp-bb-0301,Chalk White Minimalist Crinkled Seersucker Bikini Bottom,"<p>Crinkled Seersucker construction meets architectural precision in this bikini bottom. Designed for the intelligent, independent woman. The Chalk White colorway with Stone Gray accents creates a sophisticated palette. Pure architectural elegance elegance.</p>",Twessie,Bikini Bottom,"minimalist bikini bottom, minimalist luxury, architectural swimsuit, independent fashion, Crinkled Seersucker bikini",TRUE,Color,Chalk White,Size,M,TWESSIE_JP_BB_0301-Chalk White-M,168.0,,10
twessie-jp-bb-0301,Chalk White Minimalist Crinkled Seersucker Bikini Bottom,"<p>Crinkled Seersucker construction meets architectural precision in this bikini bottom. Designed for the intelligent, independent woman. The Chalk White colorway with Stone Gray accents creates a sophisticated palette. Pure architectural elegance elegance.</p>",Twessie,Bikini Bottom,"minimalist bikini bottom, minimalist luxury, architectural swimsuit, independent fashion, Crinkled Seersucker bikini",TRUE,Color,Chalk White,Size,L,TWESSIE_JP_BB_0301-Chalk White-L,168.0,,10
twessie-jp-bb-0301,Chalk White Minimalist Crinkled Seersucker Bikini Bottom,"<p>Crinkled Seersucker construction meets architectural precision in this bikini bottom. Designed for the intelligent, independent woman. The Chalk White colorway with Stone Gray accents creates a sophisticated palette. Pure architectural elegance elegance.</p>",Twessie,Bikini Bottom,"minimalist bikini bottom, minimalist luxury, architectural swimsuit, independent fashion, Crinkled Seersucker bikini",TRUE,Color,Chalk White,Size,XL,TWESSIE_JP_BB_0301-Chalk White-XL,168.0,,10
twessie-jp-bb-0301,Chalk White Minimalist Crinkled Seersucker Bikini Bottom,"<p>Crinkled Seersucker construction meets architectural precision in this bikini bottom. Designed for the intelligent, independent woman. The Chalk White colorway with Stone Gray accents creates a sophisticated palette. Pure architectural elegance elegance.</p>",Twessie,Bikini Bottom,"minimalist bikini bottom, minimalist luxury, architectural swimsuit, independent fashion, Crinkled Seersucker bikini",TRUE,Color,Chalk White,Size,XXL,TWESSIE_JP_BB_0301-Chalk White-XXL,168.0,,10
twessie-jp-bb-0301,Chalk White Minimalist Crinkled Seersucker Bikini Bottom,"<p>Crinkled Seersucker construction meets architectural precision in this bikini bottom. Designed for the intelligent, independent woman. The Chalk White colorway with Stone Gray accents creates a sophisticated palette. Pure architectural elegance elegance.</p>",Twessie,Bikini Bottom,"minimalist bikini bottom, minimalist luxury, architectural swimsuit, independent fashion, Crinkled Seersucker bikini",TRUE,Color,Stone Gray,Size,XS,TWESSIE_JP_BB_0301-Stone Gray-XS,168.0,,10
twessie-jp-bb-0301,Chalk White Minimalist Crinkled Seersucker Bikini Bottom,"<p>Crinkled Seersucker construction meets architectural precision in this bikini bottom. Designed for the intelligent, independent woman. The Chalk White colorway with Stone Gray accents creates a sophisticated palette. Pure architectural elegance elegance.</p>",Twessie,Bikini Bottom,"minimalist bikini bottom, minimalist luxury, architectural swimsuit, independent fashion, Crinkled Seersucker bikini",TRUE,Color,Stone Gray,Size,S,TWESSIE_JP_BB_0301-Stone Gray-S,168.0,,10
twessie-jp-bb-0301,Chalk White Minimalist Crinkled Seersucker Bikini Bottom,"<p>Crinkled Seersucker construction meets architectural precision in this bikini bottom. Designed for the intelligent, independent woman. The Chalk White colorway with Stone Gray accents creates a sophisticated palette. Pure architectural elegance elegance.</p>",Twessie,Bikini Bottom,"minimalist bikini bottom, minimalist luxury, architectural swimsuit, independent fashion, Crinkled Seersucker bikini",TRUE,Color,Stone Gray,Size,M,TWESSIE_JP_BB_0301-Stone Gray-M,168.0,,10
twessie-jp-bb-0301,Chalk White Minimalist Crinkled Seersucker Bikini Bottom,"<p>Crinkled Seersucker construction meets architectural precision in this bikini bottom. Designed for the intelligent, independent woman. The Chalk White colorway with Stone Gray accents creates a sophisticated palette. Pure architectural elegance elegance.</p>",Twessie,Bikini Bottom,"minimalist bikini bottom, minimalist luxury, architectural swimsuit, independent fashion, Crinkled Seersucker bikini",TRUE,Color,Stone Gray,Size,L,TWESSIE_JP_BB_0301-Stone Gray-L,168.0,,10
twessie-jp-bb-0301,Chalk White Minimalist Crinkled Seersucker Bikini Bottom,"<p>Crinkled Seersucker construction meets architectural precision in this bikini bottom. Designed for the intelligent, independent woman. The Chalk White colorway with Stone Gray accents creates a sophisticated palette. Pure architectural elegance elegance.</p>",Twessie,Bikini Bottom,"minimalist bikini bottom, minimalist luxury, architectural swimsuit, independent fashion, Crinkled Seersucker bikini",TRUE,Color,Stone Gray,Size,XL,TWESSIE_JP_BB_0301-Stone Gray-XL,168.0,,10
twessie-jp-bb-0301,Chalk White Minimalist Crinkled Seersucker Bikini Bottom,"<p>Crinkled Seersucker construction meets architectural precision in this bikini bottom. Designed for the intelligent, independent woman. The Chalk White colorway with Stone Gray accents creates a sophisticated palette. Pure architectural elegance elegance.</p>",Twessie,Bikini Bottom,"minimalist bikini bottom, minimalist luxury, architectural swimsuit, independent fashion, Crinkled Seersucker bikini",TRUE,Color,Stone Gray,Size,XXL,TWESSIE_JP_BB_0301-Stone Gray-XXL,168.0,,10
twessie-na-bb-0302,Raw-Edge Chalk White Bikini Bottom,<p>A statement piece in Crinkled Seersucker. This bikini bottom combines architectural elegance design with impeccable craftsmanship. Available in Chalk White with Stone Gray detailing. Not loud. Not obvious. Unmistakably Twessie.</p>,Twessie,Bikini Bottom,"minimalist bikini bottom, independent fashion, Crinkled Seersucker bikini, architectural swimsuit, high-end swimwear",TRUE,Color,Chalk White,Size,XS,TWESSIE_NA_BB_0302-Chalk White-XS,168.0,,10
twessie-na-bb-0302,Raw-Edge Chalk White Bikini Bottom,<p>A statement piece in Crinkled Seersucker. This bikini bottom combines architectural elegance design with impeccable craftsmanship. Available in Chalk White with Stone Gray detailing. Not loud. Not obvious. Unmistakably Twessie.</p>,Twessie,Bikini Bottom,"minimalist bikini bottom, independent fashion, Crinkled Seersucker bikini, architectural swimsuit, high-end swimwear",TRUE,Color,Chalk White,Size,S,TWESSIE_NA_BB_0302-Chalk White-S,168.0,,10
twessie-na-bb-0302,Raw-Edge Chalk White Bikini Bottom,<p>A statement piece in Crinkled Seersucker. This bikini bottom combines architectural elegance design with impeccable craftsmanship. Available in Chalk White with Stone Gray detailing. Not loud. Not obvious. Unmistakably Twessie.</p>,Twessie,Bikini Bottom,"minimalist bikini bottom, independent fashion, Crinkled Seersucker bikini, architectural swimsuit, high-end swimwear",TRUE,Color,Chalk White,Size,M,TWESSIE_NA_BB_0302-Chalk White-M,168.0,,10
twessie-na-bb-0302,Raw-Edge Chalk White Bikini Bottom,<p>A statement piece in Crinkled Seersucker. This bikini bottom combines architectural elegance design with impeccable craftsmanship. Available in Chalk White with Stone Gray detailing. Not loud. Not obvious. Unmistakably Twessie.</p>,Twessie,Bikini Bottom,"minimalist bikini bottom, independent fashion, Crinkled Seersucker bikini, architectural swimsuit, high-end swimwear",TRUE,Color,Chalk White,Size,L,TWESSIE_NA_BB_0302-Chalk White-L,168.0,,10
twessie-na-bb-0302,Raw-Edge Chalk White Bikini Bottom,<p>A statement piece in Crinkled Seersucker. This bikini bottom combines architectural elegance design with impeccable craftsmanship. Available in Chalk White with Stone Gray detailing. Not loud. Not obvious. Unmistakably Twessie.</p>,Twessie,Bikini Bottom,"minimalist bikini bottom, independent fashion, Crinkled Seersucker bikini, architectural swimsuit, high-end swimwear",TRUE,Color,Chalk White,Size,XL,TWESSIE_NA_BB_0302-Chalk White-XL,168.0,,10
twessie-na-bb-0302,Raw-Edge Chalk White Bikini Bottom,<p>A statement piece in Crinkled Seersucker. This bikini bottom combines architectural elegance design with impeccable craftsmanship. Available in Chalk White with Stone Gray detailing. Not loud. Not obvious. Unmistakably Twessie.</p>,Twessie,Bikini Bottom,"minimalist bikini bottom, independent fashion, Crinkled Seersucker bikini, architectural swimsuit, high-end swimwear",TRUE,Color,Chalk White,Size,XXL,TWESSIE_NA_BB_0302-Chalk White-XXL,168.0,,10
twessie-na-bb-0302,Raw-Edge Chalk White Bikini Bottom,<p>A statement piece in Crinkled Seersucker. This bikini bottom combines architectural elegance design with impeccable craftsmanship. Available in Chalk White with Stone Gray detailing. Not loud. Not obvious. Unmistakably Twessie.</p>,Twessie,Bikini Bottom,"minimalist bikini bottom, independent fashion, Crinkled Seersucker bikini, architectural swimsuit, high-end swimwear",TRUE,Color,Stone Gray,Size,XS,TWESSIE_NA_BB_0302-Stone Gray-XS,168.0,,10
twessie-na-bb-0302,Raw-Edge Chalk White Bikini Bottom,<p>A statement piece in Crinkled Seersucker. This bikini bottom combines architectural elegance design with impeccable craftsmanship. Available in Chalk White with Stone Gray detailing. Not loud. Not obvious. Unmistakably Twessie.</p>,Twessie,Bikini Bottom,"minimalist bikini bottom, independent fashion, Crinkled Seersucker bikini, architectural swimsuit, high-end swimwear",TRUE,Color,Stone Gray,Size,S,TWESSIE_NA_BB_0302-Stone Gray-S,168.0,,10
twessie-na-bb-0302,Raw-Edge Chalk White Bikini Bottom,<p>A statement piece in Crinkled Seersucker. This bikini bottom combines architectural elegance design with impeccable craftsmanship. Available in Chalk White with Stone Gray detailing. Not loud. Not obvious. Unmistakably Twessie.</p>,Twessie,Bikini Bottom,"minimalist bikini bottom, independent fashion, Crinkled Seersucker bikini, architectural swimsuit, high-end swimwear",TRUE,Color,Stone Gray,Size,M,TWESSIE_NA_BB_0302-Stone Gray-M,168.0,,10
twessie-na-bb-0302,Raw-Edge Chalk White Bikini Bottom,<p>A statement piece in Crinkled Seersucker. This bikini bottom combines architectural elegance design with impeccable craftsmanship. Available in Chalk White with Stone Gray detailing. Not loud. Not obvious. Unmistakably Twessie.</p>,Twessie,Bikini Bottom,"minimalist bikini bottom, independent fashion, Crinkled Seersucker bikini, architectural swimsuit, high-end swimwear",TRUE,Color,Stone Gray,Size,L,TWESSIE_NA_BB_0302-Stone Gray-L,168.0,,10
twessie-na-bb-0302,Raw-Edge Chalk White Bikini Bottom,<p>A statement piece in Crinkled Seersucker. This bikini bottom combines architectural elegance design with impeccable craftsmanship. Available in Chalk White with Stone Gray detailing. Not loud. Not obvious. Unmistakably Twessie.</p>,Twessie,Bikini Bottom,"minimalist bikini bottom, independent fashion, Crinkled Seersucker bikini, architectural swimsuit, high-end swimwear",TRUE,Color,Stone Gray,Size,XL,TWESSIE_NA_BB_0302-Stone Gray-XL,168.0,,10
twessie-na-bb-0302,Raw-Edge Chalk White Bikini Bottom,<p>A statement piece in Crinkled Seersucker. This bikini bottom combines architectural elegance design with impeccable craftsmanship. Available in Chalk White with Stone Gray detailing. Not loud. Not obvious. Unmistakably Twessie.</p>,Twessie,Bikini Bottom,"minimalist bikini bottom, independent fashion, Crinkled Seersucker bikini, architectural swimsuit, high-end swimwear",TRUE,Color,Stone Gray,Size,XXL,TWESSIE_NA_BB_0302-Stone Gray-XXL,168.0,,10
twessie-au-bt-0303,Olive Drab Sculptural Matte Ribbed Knit Bikini Top,<p>Crafted in premium Matte Ribbed Knit with Econyl Sleek Satin accents. This bikini top epitomizes intelligent aesthetic luxury. Featuring color-blocking in Olive Drab and Burnt Terracotta. Perfect for the discerning swimmer who refuses the obvious.</p>,Twessie,Bikini Top,"high-end swimwear, architectural swimsuit, independent fashion, luxury Olive Drab swimwear, Matte Ribbed Knit bikini",TRUE,Color,Olive Drab,Size,XS,TWESSIE_AU_BT_0303-Olive Drab-XS,168.0,,10
twessie-au-bt-0303,Olive Drab Sculptural Matte Ribbed Knit Bikini Top,<p>Crafted in premium Matte Ribbed Knit with Econyl Sleek Satin accents. This bikini top epitomizes intelligent aesthetic luxury. Featuring color-blocking in Olive Drab and Burnt Terracotta. Perfect for the discerning swimmer who refuses the obvious.</p>,Twessie,Bikini Top,"high-end swimwear, architectural swimsuit, independent fashion, luxury Olive Drab swimwear, Matte Ribbed Knit bikini",TRUE,Color,Olive Drab,Size,S,TWESSIE_AU_BT_0303-Olive Drab-S,168.0,,10
twessie-au-bt-0303,Olive Drab Sculptural Matte Ribbed Knit Bikini Top,<p>Crafted in premium Matte Ribbed Knit with Econyl Sleek Satin accents. This bikini top epitomizes intelligent aesthetic luxury. Featuring color-blocking in Olive Drab and Burnt Terracotta. Perfect for the discerning swimmer who refuses the obvious.</p>,Twessie,Bikini Top,"high-end swimwear, architectural swimsuit, independent fashion, luxury Olive Drab swimwear, Matte Ribbed Knit bikini",TRUE,Color,Olive Drab,Size,M,TWESSIE_AU_BT_0303-Olive Drab-M,168.0,,10
twessie-au-bt-0303,Olive Drab Sculptural Matte Ribbed Knit Bikini Top,<p>Crafted in premium Matte Ribbed Knit with Econyl Sleek Satin accents. This bikini top epitomizes intelligent aesthetic luxury. Featuring color-blocking in Olive Drab and Burnt Terracotta. Perfect for the discerning swimmer who refuses the obvious.</p>,Twessie,Bikini Top,"high-end swimwear, architectural swimsuit, independent fashion, luxury Olive Drab swimwear, Matte Ribbed Knit bikini",TRUE,Color,Olive Drab,Size,L,TWESSIE_AU_BT_0303-Olive Drab-L,168.0,,10
twessie-au-bt-0303,Olive Drab Sculptural Matte Ribbed Knit Bikini Top,<p>Crafted in premium Matte Ribbed Knit with Econyl Sleek Satin accents. This bikini top epitomizes intelligent aesthetic luxury. Featuring color-blocking in Olive Drab and Burnt Terracotta. Perfect for the discerning swimmer who refuses the obvious.</p>,Twessie,Bikini Top,"high-end swimwear, architectural swimsuit, independent fashion, luxury Olive Drab swimwear, Matte Ribbed Knit bikini",TRUE,Color,Olive Drab,Size,XL,TWESSIE_AU_BT_0303-Olive Drab-XL,168.0,,10
twessie-au-bt-0303,Olive Drab Sculptural Matte Ribbed Knit Bikini Top,<p>Crafted in premium Matte Ribbed Knit with Econyl Sleek Satin accents. This bikini top epitomizes intelligent aesthetic luxury. Featuring color-blocking in Olive Drab and Burnt Terracotta. Perfect for the discerning swimmer who refuses the obvious.</p>,Twessie,Bikini Top,"high-end swimwear, architectural swimsuit, independent fashion, luxury Olive Drab swimwear, Matte Ribbed Knit bikini",TRUE,Color,Olive Drab,Size,XXL,TWESSIE_AU_BT_0303-Olive Drab-XXL,168.0,,10
twessie-au-bt-0303,Olive Drab Sculptural Matte Ribbed Knit Bikini Top,<p>Crafted in premium Matte Ribbed Knit with Econyl Sleek Satin accents. This bikini top epitomizes intelligent aesthetic luxury. Featuring color-blocking in Olive Drab and Burnt Terracotta. Perfect for the discerning swimmer who refuses the obvious.</p>,Twessie,Bikini Top,"high-end swimwear, architectural swimsuit, independent fashion, luxury Olive Drab swimwear, Matte Ribbed Knit bikini",TRUE,Color,Burnt Terracotta,Size,XS,TWESSIE_AU_BT_0303-Burnt Terracotta-XS,168.0,,10
twessie-au-bt-0303,Olive Drab Sculptural Matte Ribbed Knit Bikini Top,<p>Crafted in premium Matte Ribbed Knit with Econyl Sleek Satin accents. This bikini top epitomizes intelligent aesthetic luxury. Featuring color-blocking in Olive Drab and Burnt Terracotta. Perfect for the discerning swimmer who refuses the obvious.</p>,Twessie,Bikini Top,"high-end swimwear, architectural swimsuit, independent fashion, luxury Olive Drab swimwear, Matte Ribbed Knit bikini",TRUE,Color,Burnt Terracotta,Size,S,TWESSIE_AU_BT_0303-Burnt Terracotta-S,168.0,,10
twessie-au-bt-0303,Olive Drab Sculptural Matte Ribbed Knit Bikini Top,<p>Crafted in premium Matte Ribbed Knit with Econyl Sleek Satin accents. This bikini top epitomizes intelligent aesthetic luxury. Featuring color-blocking in Olive Drab and Burnt Terracotta. Perfect for the discerning swimmer who refuses the obvious.</p>,Twessie,Bikini Top,"high-end swimwear, architectural swimsuit, independent fashion, luxury Olive Drab swimwear, Matte Ribbed Knit bikini",TRUE,Color,Burnt Terracotta,Size,M,TWESSIE_AU_BT_0303-Burnt Terracotta-M,168.0,,10
twessie-au-bt-0303,Olive Drab Sculptural Matte Ribbed Knit Bikini Top,<p>Crafted in premium Matte Ribbed Knit with Econyl Sleek Satin accents. This bikini top epitomizes intelligent aesthetic luxury. Featuring color-blocking in Olive Drab and Burnt Terracotta. Perfect for the discerning swimmer who refuses the obvious.</p>,Twessie,Bikini Top,"high-end swimwear, architectural swimsuit, independent fashion, luxury Olive Drab swimwear, Matte Ribbed Knit bikini",TRUE,Color,Burnt Terracotta,Size,L,TWESSIE_AU_BT_0303-Burnt Terracotta-L,168.0,,10
twessie-au-bt-0303,Olive Drab Sculptural Matte Ribbed Knit Bikini Top,<p>Crafted in premium Matte Ribbed Knit with Econyl Sleek Satin accents. This bikini top epitomizes intelligent aesthetic luxury. Featuring color-blocking in Olive Drab and Burnt Terracotta. Perfect for the discerning swimmer who refuses the obvious.</p>,Twessie,Bikini Top,"high-end swimwear, architectural swimsuit, independent fashion, luxury Olive Drab swimwear, Matte Ribbed Knit bikini",TRUE,Color,Burnt Terracotta,Size,XL,TWESSIE_AU_BT_0303-Burnt Terracotta-XL,168.0,,10
twessie-au-bt-0303,Olive Drab Sculptural Matte Ribbed Knit Bikini Top,<p>Crafted in premium Matte Ribbed Knit with Econyl Sleek Satin accents. This bikini top epitomizes intelligent aesthetic luxury. Featuring color-blocking in Olive Drab and Burnt Terracotta. Perfect for the discerning swimmer who refuses the obvious.</p>,Twessie,Bikini Top,"high-end swimwear, architectural swimsuit, independent fashion, luxury Olive Drab swimwear, Matte Ribbed Knit bikini",TRUE,Color,Burnt Terracotta,Size,XXL,TWESSIE_AU_BT_0303-Burnt Terracotta-XXL,168.0,,10
twessie-na-bb-0304,Raw-Edge Olive Drab Bikini Bottom,<p>A statement piece in Matte Ribbed Knit. This bikini bottom combines intelligent aesthetic design with impeccable craftsmanship. Available in Olive Drab with Burnt Terracotta detailing. Not loud. Not obvious. Unmistakably Twessie.</p>,Twessie,Bikini Bottom,"architectural swimsuit, Matte Ribbed Knit bikini, minimalist luxury, independent fashion, minimalist bikini bottom",TRUE,Color,Olive Drab,Size,XS,TWESSIE_NA_BB_0304-Olive Drab-XS,168.0,,10
twessie-na-bb-0304,Raw-Edge Olive Drab Bikini Bottom,<p>A statement piece in Matte Ribbed Knit. This bikini bottom combines intelligent aesthetic design with impeccable craftsmanship. Available in Olive Drab with Burnt Terracotta detailing. Not loud. Not obvious. Unmistakably Twessie.</p>,Twessie,Bikini Bottom,"architectural swimsuit, Matte Ribbed Knit bikini, minimalist luxury, independent fashion, minimalist bikini bottom",TRUE,Color,Olive Drab,Size,S,TWESSIE_NA_BB_0304-Olive Drab-S,168.0,,10
twessie-na-bb-0304,Raw-Edge Olive Drab Bikini Bottom,<p>A statement piece in Matte Ribbed Knit. This bikini bottom combines intelligent aesthetic design with impeccable craftsmanship. Available in Olive Drab with Burnt Terracotta detailing. Not loud. Not obvious. Unmistakably Twessie.</p>,Twessie,Bikini Bottom,"architectural swimsuit, Matte Ribbed Knit bikini, minimalist luxury, independent fashion, minimalist bikini bottom",TRUE,Color,Olive Drab,Size,M,TWESSIE_NA_BB_0304-Olive Drab-M,168.0,,10
twessie-na-bb-0304,Raw-Edge Olive Drab Bikini Bottom,<p>A statement piece in Matte Ribbed Knit. This bikini bottom combines intelligent aesthetic design with impeccable craftsmanship. Available in Olive Drab with Burnt Terracotta detailing. Not loud. Not obvious. Unmistakably Twessie.</p>,Twessie,Bikini Bottom,"architectural swimsuit, Matte Ribbed Knit bikini, minimalist luxury, independent fashion, minimalist bikini bottom",TRUE,Color,Olive Drab,Size,L,TWESSIE_NA_BB_0304-Olive Drab-L,168.0,,10
twessie-na-bb-0304,Raw-Edge Olive Drab Bikini Bottom,<p>A statement piece in Matte Ribbed Knit. This bikini bottom combines intelligent aesthetic design with impeccable craftsmanship. Available in Olive Drab with Burnt Terracotta detailing. Not loud. Not obvious. Unmistakably Twessie.</p>,Twessie,Bikini Bottom,"architectural swimsuit, Matte Ribbed Knit bikini, minimalist luxury, independent fashion, minimalist bikini bottom",TRUE,Color,Olive Drab,Size,XL,TWESSIE_NA_BB_0304-Olive Drab-XL,168.0,,10
twessie-na-bb-0304,Raw-Edge Olive Drab Bikini Bottom,<p>A statement piece in Matte Ribbed Knit. This bikini bottom combines intelligent aesthetic design with impeccable craftsmanship. Available in Olive Drab with Burnt Terracotta detailing. Not loud. Not obvious. Unmistakably Twessie.</p>,Twessie,Bikini Bottom,"architectural swimsuit, Matte Ribbed Knit bikini, minimalist luxury, independent fashion, minimalist bikini bottom",TRUE,Color,Olive Drab,Size,XXL,TWESSIE_NA_BB_0304-Olive Drab-XXL,168.0,,10
twessie-na-bb-0304,Raw-Edge Olive Drab Bikini Bottom,<p>A statement piece in Matte Ribbed Knit. This bikini bottom combines intelligent aesthetic design with impeccable craftsmanship. Available in Olive Drab with Burnt Terracotta detailing. Not loud. Not obvious. Unmistakably Twessie.</p>,Twessie,Bikini Bottom,"architectural swimsuit, Matte Ribbed Knit bikini, minimalist luxury, independent fashion, minimalist bikini bottom",TRUE,Color,Burnt Terracotta,Size,XS,TWESSIE_NA_BB_0304-Burnt Terracotta-XS,168.0,,10
twessie-na-bb-0304,Raw-Edge Olive Drab Bikini Bottom,<p>A statement piece in Matte Ribbed Knit. This bikini bottom combines intelligent aesthetic design with impeccable craftsmanship. Available in Olive Drab with Burnt Terracotta detailing. Not loud. Not obvious. Unmistakably Twessie.</p>,Twessie,Bikini Bottom,"architectural swimsuit, Matte Ribbed Knit bikini, minimalist luxury, independent fashion, minimalist bikini bottom",TRUE,Color,Burnt Terracotta,Size,S,TWESSIE_NA_BB_0304-Burnt Terracotta-S,168.0,,10
twessie-na-bb-0304,Raw-Edge Olive Drab Bikini Bottom,<p>A statement piece in Matte Ribbed Knit. This bikini bottom combines intelligent aesthetic design with impeccable craftsmanship. Available in Olive Drab with Burnt Terracotta detailing. Not loud. Not obvious. Unmistakably Twessie.</p>,Twessie,Bikini Bottom,"architectural swimsuit, Matte Ribbed Knit bikini, minimalist luxury, independent fashion, minimalist bikini bottom",TRUE,Color,Burnt Terracotta,Size,M,TWESSIE_NA_BB_0304-Burnt Terracotta-M,168.0,,10
twessie-na-bb-0304,Raw-Edge Olive Drab Bikini Bottom,<p>A statement piece in Matte Ribbed Knit. This bikini bottom combines intelligent aesthetic design with impeccable craftsmanship. Available in Olive Drab with Burnt Terracotta detailing. Not loud. Not obvious. Unmistakably Twessie.</p>,Twessie,Bikini Bottom,"architectural swimsuit, Matte Ribbed Knit bikini, minimalist luxury, independent fashion, minimalist bikini bottom",TRUE,Color,Burnt Terracotta,Size,L,TWESSIE_NA_BB_0304-Burnt Terracotta-L,168.0,,10
twessie-na-bb-0304,Raw-Edge Olive Drab Bikini Bottom,<p>A statement piece in Matte Ribbed Knit. This bikini bottom combines intelligent aesthetic design with impeccable craftsmanship. Available in Olive Drab with Burnt Terracotta detailing. Not loud. Not obvious. Unmistakably Twessie.</p>,Twessie,Bikini Bottom,"architectural swimsuit, Matte Ribbed Knit bikini, minimalist luxury, independent fashion, minimalist bikini bottom",TRUE,Color,Burnt Terracotta,Size,XL,TWESSIE_NA_BB_0304-Burnt Terracotta-XL,168.0,,10
twessie-na-bb-0304,Raw-Edge Olive Drab Bikini Bottom,<p>A statement piece in Matte Ribbed Knit. This bikini bottom combines intelligent aesthetic design with impeccable craftsmanship. Available in Olive Drab with Burnt Terracotta detailing. Not loud. Not obvious. Unmistakably Twessie.</p>,Twessie,Bikini Bottom,"architectural swimsuit, Matte Ribbed Knit bikini, minimalist luxury, independent fashion, minimalist bikini bottom",TRUE,Color,Burnt Terracotta,Size,XXL,TWESSIE_NA_BB_0304-Burnt Terracotta-XXL,168.0,,10
twessie-sg-bb-0305,Chalk White Minimalist Crinkled Seersucker Bikini Bottom,<p>Crafted in premium Crinkled Seersucker with Econyl Sleek Satin accents. This bikini bottom epitomizes anti-fashion statement luxury. Featuring color-blocking in Chalk White and Stone Gray. Perfect for the discerning swimmer who refuses the obvious.</p>,Twessie,Bikini Bottom,"Crinkled Seersucker bikini, architectural swimsuit, high-end swimwear, independent fashion, minimalist luxury",TRUE,Color,Chalk White,Size,XS,TWESSIE_SG_BB_0305-Chalk White-XS,168.0,,10
twessie-sg-bb-0305,Chalk White Minimalist Crinkled Seersucker Bikini Bottom,<p>Crafted in premium Crinkled Seersucker with Econyl Sleek Satin accents. This bikini bottom epitomizes anti-fashion statement luxury. Featuring color-blocking in Chalk White and Stone Gray. Perfect for the discerning swimmer who refuses the obvious.</p>,Twessie,Bikini Bottom,"Crinkled Seersucker bikini, architectural swimsuit, high-end swimwear, independent fashion, minimalist luxury",TRUE,Color,Chalk White,Size,S,TWESSIE_SG_BB_0305-Chalk White-S,168.0,,10
twessie-sg-bb-0305,Chalk White Minimalist Crinkled Seersucker Bikini Bottom,<p>Crafted in premium Crinkled Seersucker with Econyl Sleek Satin accents. This bikini bottom epitomizes anti-fashion statement luxury. Featuring color-blocking in Chalk White and Stone Gray. Perfect for the discerning swimmer who refuses the obvious.</p>,Twessie,Bikini Bottom,"Crinkled Seersucker bikini, architectural swimsuit, high-end swimwear, independent fashion, minimalist luxury",TRUE,Color,Chalk White,Size,M,TWESSIE_SG_BB_0305-Chalk White-M,168.0,,10
twessie-sg-bb-0305,Chalk White Minimalist Crinkled Seersucker Bikini Bottom,<p>Crafted in premium Crinkled Seersucker with Econyl Sleek Satin accents. This bikini bottom epitomizes anti-fashion statement luxury. Featuring color-blocking in Chalk White and Stone Gray. Perfect for the discerning swimmer who refuses the obvious.</p>,Twessie,Bikini Bottom,"Crinkled Seersucker bikini, architectural swimsuit, high-end swimwear, independent fashion, minimalist luxury",TRUE,Color,Chalk White,Size,L,TWESSIE_SG_BB_0305-Chalk White-L,168.0,,10
twessie-sg-bb-0305,Chalk White Minimalist Crinkled Seersucker Bikini Bottom,<p>Crafted in premium Crinkled Seersucker with Econyl Sleek Satin accents. This bikini bottom epitomizes anti-fashion statement luxury. Featuring color-blocking in Chalk White and Stone Gray. Perfect for the discerning swimmer who refuses the obvious.</p>,Twessie,Bikini Bottom,"Crinkled Seersucker bikini, architectural swimsuit, high-end swimwear, independent fashion, minimalist luxury",TRUE,Color,Chalk White,Size,XL,TWESSIE_SG_BB_0305-Chalk White-XL,168.0,,10
twessie-sg-bb-0305,Chalk White Minimalist Crinkled Seersucker Bikini Bottom,<p>Crafted in premium Crinkled Seersucker with Econyl Sleek Satin accents. This bikini bottom epitomizes anti-fashion statement luxury. Featuring color-blocking in Chalk White and Stone Gray. Perfect for the discerning swimmer who refuses the obvious.</p>,Twessie,Bikini Bottom,"Crinkled Seersucker bikini, architectural swimsuit, high-end swimwear, independent fashion, minimalist luxury",TRUE,Color,Chalk White,Size,XXL,TWESSIE_SG_BB_0305-Chalk White-XXL,168.0,,10
twessie-sg-bb-0305,Chalk White Minimalist Crinkled Seersucker Bikini Bottom,<p>Crafted in premium Crinkled Seersucker with Econyl Sleek Satin accents. This bikini bottom epitomizes anti-fashion statement luxury. Featuring color-blocking in Chalk White and Stone Gray. Perfect for the discerning swimmer who refuses the obvious.</p>,Twessie,Bikini Bottom,"Crinkled Seersucker bikini, architectural swimsuit, high-end swimwear, independent fashion, minimalist luxury",TRUE,Color,Stone Gray,Size,XS,TWESSIE_SG_BB_0305-Stone Gray-XS,168.0,,10
twessie-sg-bb-0305,Chalk White Minimalist Crinkled Seersucker Bikini Bottom,<p>Crafted in premium Crinkled Seersucker with Econyl Sleek Satin accents. This bikini bottom epitomizes anti-fashion statement luxury. Featuring color-blocking in Chalk White and Stone Gray. Perfect for the discerning swimmer who refuses the obvious.</p>,Twessie,Bikini Bottom,"Crinkled Seersucker bikini, architectural swimsuit, high-end swimwear, independent fashion, minimalist luxury",TRUE,Color,Stone Gray,Size,S,TWESSIE_SG_BB_0305-Stone Gray-S,168.0,,10
twessie-sg-bb-0305,Chalk White Minimalist Crinkled Seersucker Bikini Bottom,<p>Crafted in premium Crinkled Seersucker with Econyl Sleek Satin accents. This bikini bottom epitomizes anti-fashion statement luxury. Featuring color-blocking in Chalk White and Stone Gray. Perfect for the discerning swimmer who refuses the obvious.</p>,Twessie,Bikini Bottom,"Crinkled Seersucker bikini, architectural swimsuit, high-end swimwear, independent fashion, minimalist luxury",TRUE,Color,Stone Gray,Size,M,TWESSIE_SG_BB_0305-Stone Gray-M,168.0,,10
twessie-sg-bb-0305,Chalk White Minimalist Crinkled Seersucker Bikini Bottom,<p>Crafted in premium Crinkled Seersucker with Econyl Sleek Satin accents. This bikini bottom epitomizes anti-fashion statement luxury. Featuring color-blocking in Chalk White and Stone Gray. Perfect for the discerning swimmer who refuses the obvious.</p>,Twessie,Bikini Bottom,"Crinkled Seersucker bikini, architectural swimsuit, high-end swimwear, independent fashion, minimalist luxury",TRUE,Color,Stone Gray,Size,L,TWESSIE_SG_BB_0305-Stone Gray-L,168.0,,10
twessie-sg-bb-0305,Chalk White Minimalist Crinkled Seersucker Bikini Bottom,<p>Crafted in premium Crinkled Seersucker with Econyl Sleek Satin accents. This bikini bottom epitomizes anti-fashion statement luxury. Featuring color-blocking in Chalk White and Stone Gray. Perfect for the discerning swimmer who refuses the obvious.</p>,Twessie,Bikini Bottom,"Crinkled Seersucker bikini, architectural swimsuit, high-end swimwear, independent fashion, minimalist luxury",TRUE,Color,Stone Gray,Size,XL,TWESSIE_SG_BB_0305-Stone Gray-XL,168.0,,10
twessie-sg-bb-0305,Chalk White Minimalist Crinkled Seersucker Bikini Bottom,<p>Crafted in premium Crinkled Seersucker with Econyl Sleek Satin accents. This bikini bottom epitomizes anti-fashion statement luxury. Featuring color-blocking in Chalk White and Stone Gray. Perfect for the discerning swimmer who refuses the obvious.</p>,Twessie,Bikini Bottom,"Crinkled Seersucker bikini, architectural swimsuit, high-end swimwear, independent fashion, minimalist luxury",TRUE,Color,Stone Gray,Size,XXL,TWESSIE_SG_BB_0305-Stone Gray-XXL,168.0,,10
twessie-au-bt-0306,Burnt Terracotta Sculptural Matte Ribbed Knit Bikini Top,<p>Crafted in premium Matte Ribbed Knit with Crinkled Seersucker accents. This bikini top epitomizes architectural elegance luxury. Featuring color-blocking in Burnt Terracotta and Olive Drab. Perfect for the discerning swimmer who refuses the obvious.</p>,Twessie,Bikini Top,"high-end swimwear, Matte Ribbed Knit bikini, minimalist luxury, architectural swimsuit, independent fashion",TRUE,Color,Burnt Terracotta,Size,XS,TWESSIE_AU_BT_0306-Burnt Terracotta-XS,168.0,,10
twessie-au-bt-0306,Burnt Terracotta Sculptural Matte Ribbed Knit Bikini Top,<p>Crafted in premium Matte Ribbed Knit with Crinkled Seersucker accents. This bikini top epitomizes architectural elegance luxury. Featuring color-blocking in Burnt Terracotta and Olive Drab. Perfect for the discerning swimmer who refuses the obvious.</p>,Twessie,Bikini Top,"high-end swimwear, Matte Ribbed Knit bikini, minimalist luxury, architectural swimsuit, independent fashion",TRUE,Color,Burnt Terracotta,Size,S,TWESSIE_AU_BT_0306-Burnt Terracotta-S,168.0,,10
twessie-au-bt-0306,Burnt Terracotta Sculptural Matte Ribbed Knit Bikini Top,<p>Crafted in premium Matte Ribbed Knit with Crinkled Seersucker accents. This bikini top epitomizes architectural elegance luxury. Featuring color-blocking in Burnt Terracotta and Olive Drab. Perfect for the discerning swimmer who refuses the obvious.</p>,Twessie,Bikini Top,"high-end swimwear, Matte Ribbed Knit bikini, minimalist luxury, architectural swimsuit, independent fashion",TRUE,Color,Burnt Terracotta,Size,M,TWESSIE_AU_BT_0306-Burnt Terracotta-M,168.0,,10
twessie-au-bt-0306,Burnt Terracotta Sculptural Matte Ribbed Knit Bikini Top,<p>Crafted in premium Matte Ribbed Knit with Crinkled Seersucker accents. This bikini top epitomizes architectural elegance luxury. Featuring color-blocking in Burnt Terracotta and Olive Drab. Perfect for the discerning swimmer who refuses the obvious.</p>,Twessie,Bikini Top,"high-end swimwear, Matte Ribbed Knit bikini, minimalist luxury, architectural swimsuit, independent fashion",TRUE,Color,Burnt Terracotta,Size,L,TWESSIE_AU_BT_0306-Burnt Terracotta-L,168.0,,10
twessie-au-bt-0306,Burnt Terracotta Sculptural Matte Ribbed Knit Bikini Top,<p>Crafted in premium Matte Ribbed Knit with Crinkled Seersucker accents. This bikini top epitomizes architectural elegance luxury. Featuring color-blocking in Burnt Terracotta and Olive Drab. Perfect for the discerning swimmer who refuses the obvious.</p>,Twessie,Bikini Top,"high-end swimwear, Matte Ribbed Knit bikini, minimalist luxury, architectural swimsuit, independent fashion",TRUE,Color,Burnt Terracotta,Size,XL,TWESSIE_AU_BT_0306-Burnt Terracotta-XL,168.0,,10
twessie-au-bt-0306,Burnt Terracotta Sculptural Matte Ribbed Knit Bikini Top,<p>Crafted in premium Matte Ribbed Knit with Crinkled Seersucker accents. This bikini top epitomizes architectural elegance luxury. Featuring color-blocking in Burnt Terracotta and Olive Drab. Perfect for the discerning swimmer who refuses the obvious.</p>,Twessie,Bikini Top,"high-end swimwear, Matte Ribbed Knit bikini, minimalist luxury, architectural swimsuit, independent fashion",TRUE,Color,Burnt Terracotta,Size,XXL,TWESSIE_AU_BT_0306-Burnt Terracotta-XXL,168.0,,10
twessie-au-bt-0306,Burnt Terracotta Sculptural Matte Ribbed Knit Bikini Top,<p>Crafted in premium Matte Ribbed Knit with Crinkled Seersucker accents. This bikini top epitomizes architectural elegance luxury. Featuring color-blocking in Burnt Terracotta and Olive Drab. Perfect for the discerning swimmer who refuses the obvious.</p>,Twessie,Bikini Top,"high-end swimwear, Matte Ribbed Knit bikini, minimalist luxury, architectural swimsuit, independent fashion",TRUE,Color,Olive Drab,Size,XS,TWESSIE_AU_BT_0306-Olive Drab-XS,168.0,,10
twessie-au-bt-0306,Burnt Terracotta Sculptural Matte Ribbed Knit Bikini Top,<p>Crafted in premium Matte Ribbed Knit with Crinkled Seersucker accents. This bikini top epitomizes architectural elegance luxury. Featuring color-blocking in Burnt Terracotta and Olive Drab. Perfect for the discerning swimmer who refuses the obvious.</p>,Twessie,Bikini Top,"high-end swimwear, Matte Ribbed Knit bikini, minimalist luxury, architectural swimsuit, independent fashion",TRUE,Color,Olive Drab,Size,S,TWESSIE_AU_BT_0306-Olive Drab-S,168.0,,10
twessie-au-bt-0306,Burnt Terracotta Sculptural Matte Ribbed Knit Bikini Top,<p>Crafted in premium Matte Ribbed Knit with Crinkled Seersucker accents. This bikini top epitomizes architectural elegance luxury. Featuring color-blocking in Burnt Terracotta and Olive Drab. Perfect for the discerning swimmer who refuses the obvious.</p>,Twessie,Bikini Top,"high-end swimwear, Matte Ribbed Knit bikini, minimalist luxury, architectural swimsuit, independent fashion",TRUE,Color,Olive Drab,Size,M,TWESSIE_AU_BT_0306-Olive Drab-M,168.0,,10
twessie-au-bt-0306,Burnt Terracotta Sculptural Matte Ribbed Knit Bikini Top,<p>Crafted in premium Matte Ribbed Knit with Crinkled Seersucker accents. This bikini top epitomizes architectural elegance luxury. Featuring color-blocking in Burnt Terracotta and Olive Drab. Perfect for the discerning swimmer who refuses the obvious.</p>,Twessie,Bikini Top,"high-end swimwear, Matte Ribbed Knit bikini, minimalist luxury, architectural swimsuit, independent fashion",TRUE,Color,Olive Drab,Size,L,TWESSIE_AU_BT_0306-Olive Drab-L,168.0,,10
twessie-au-bt-0306,Burnt Terracotta Sculptural Matte Ribbed Knit Bikini Top,<p>Crafted in premium Matte Ribbed Knit with Crinkled Seersucker accents. This bikini top epitomizes architectural elegance luxury. Featuring color-blocking in Burnt Terracotta and Olive Drab. Perfect for the discerning swimmer who refuses the obvious.</p>,Twessie,Bikini Top,"high-end swimwear, Matte Ribbed Knit bikini, minimalist luxury, architectural swimsuit, independent fashion",TRUE,Color,Olive Drab,Size,XL,TWESSIE_AU_BT_0306-Olive Drab-XL,168.0,,10
twessie-au-bt-0306,Burnt Terracotta Sculptural Matte Ribbed Knit Bikini Top,<p>Crafted in premium Matte Ribbed Knit with Crinkled Seersucker accents. This bikini top epitomizes architectural elegance luxury. Featuring color-blocking in Burnt Terracotta and Olive Drab. Perfect for the discerning swimmer who refuses the obvious.</p>,Twessie,Bikini Top,"high-end swimwear, Matte Ribbed Knit bikini, minimalist luxury, architectural swimsuit, independent fashion",TRUE,Color,Olive Drab,Size,XXL,TWESSIE_AU_BT_0306-Olive Drab-XXL,168.0,,10
twessie-au-bb-0307,Burnt Terracotta Minimalist Matte Ribbed Knit Bikini Bottom,<p>Crafted in premium Matte Ribbed Knit with Econyl Sleek Satin accents. This bikini bottom epitomizes minimalist luxury luxury. Featuring color-blocking in Burnt Terracotta and Olive Drab. Perfect for the discerning swimmer who refuses the obvious.</p>,Twessie,Bikini Bottom,"minimalist bikini bottom, minimalist luxury, architectural swimsuit, Matte Ribbed Knit bikini, high-end swimwear",TRUE,Color,Burnt Terracotta,Size,XS,TWESSIE_AU_BB_0307-Burnt Terracotta-XS,168.0,,10
twessie-au-bb-0307,Burnt Terracotta Minimalist Matte Ribbed Knit Bikini Bottom,<p>Crafted in premium Matte Ribbed Knit with Econyl Sleek Satin accents. This bikini bottom epitomizes minimalist luxury luxury. Featuring color-blocking in Burnt Terracotta and Olive Drab. Perfect for the discerning swimmer who refuses the obvious.</p>,Twessie,Bikini Bottom,"minimalist bikini bottom, minimalist luxury, architectural swimsuit, Matte Ribbed Knit bikini, high-end swimwear",TRUE,Color,Burnt Terracotta,Size,S,TWESSIE_AU_BB_0307-Burnt Terracotta-S,168.0,,10
twessie-au-bb-0307,Burnt Terracotta Minimalist Matte Ribbed Knit Bikini Bottom,<p>Crafted in premium Matte Ribbed Knit with Econyl Sleek Satin accents. This bikini bottom epitomizes minimalist luxury luxury. Featuring color-blocking in Burnt Terracotta and Olive Drab. Perfect for the discerning swimmer who refuses the obvious.</p>,Twessie,Bikini Bottom,"minimalist bikini bottom, minimalist luxury, architectural swimsuit, Matte Ribbed Knit bikini, high-end swimwear",TRUE,Color,Burnt Terracotta,Size,M,TWESSIE_AU_BB_0307-Burnt Terracotta-M,168.0,,10
twessie-au-bb-0307,Burnt Terracotta Minimalist Matte Ribbed Knit Bikini Bottom,<p>Crafted in premium Matte Ribbed Knit with Econyl Sleek Satin accents. This bikini bottom epitomizes minimalist luxury luxury. Featuring color-blocking in Burnt Terracotta and Olive Drab. Perfect for the discerning swimmer who refuses the obvious.</p>,Twessie,Bikini Bottom,"minimalist bikini bottom, minimalist luxury, architectural swimsuit, Matte Ribbed Knit bikini, high-end swimwear",TRUE,Color,Burnt Terracotta,Size,L,TWESSIE_AU_BB_0307-Burnt Terracotta-L,168.0,,10
twessie-au-bb-0307,Burnt Terracotta Minimalist Matte Ribbed Knit Bikini Bottom,<p>Crafted in premium Matte Ribbed Knit with Econyl Sleek Satin accents. This bikini bottom epitomizes minimalist luxury luxury. Featuring color-blocking in Burnt Terracotta and Olive Drab. Perfect for the discerning swimmer who refuses the obvious.</p>,Twessie,Bikini Bottom,"minimalist bikini bottom, minimalist luxury, architectural swimsuit, Matte Ribbed Knit bikini, high-end swimwear",TRUE,Color,Burnt Terracotta,Size,XL,TWESSIE_AU_BB_0307-Burnt Terracotta-XL,168.0,,10
twessie-au-bb-0307,Burnt Terracotta Minimalist Matte Ribbed Knit Bikini Bottom,<p>Crafted in premium Matte Ribbed Knit with Econyl Sleek Satin accents. This bikini bottom epitomizes minimalist luxury luxury. Featuring color-blocking in Burnt Terracotta and Olive Drab. Perfect for the discerning swimmer who refuses the obvious.</p>,Twessie,Bikini Bottom,"minimalist bikini bottom, minimalist luxury, architectural swimsuit, Matte Ribbed Knit bikini, high-end swimwear",TRUE,Color,Burnt Terracotta,Size,XXL,TWESSIE_AU_BB_0307-Burnt Terracotta-XXL,168.0,,10
twessie-au-bb-0307,Burnt Terracotta Minimalist Matte Ribbed Knit Bikini Bottom,<p>Crafted in premium Matte Ribbed Knit with Econyl Sleek Satin accents. This bikini bottom epitomizes minimalist luxury luxury. Featuring color-blocking in Burnt Terracotta and Olive Drab. Perfect for the discerning swimmer who refuses the obvious.</p>,Twessie,Bikini Bottom,"minimalist bikini bottom, minimalist luxury, architectural swimsuit, Matte Ribbed Knit bikini, high-end swimwear",TRUE,Color,Olive Drab,Size,XS,TWESSIE_AU_BB_0307-Olive Drab-XS,168.0,,10
twessie-au-bb-0307,Burnt Terracotta Minimalist Matte Ribbed Knit Bikini Bottom,<p>Crafted in premium Matte Ribbed Knit with Econyl Sleek Satin accents. This bikini bottom epitomizes minimalist luxury luxury. Featuring color-blocking in Burnt Terracotta and Olive Drab. Perfect for the discerning swimmer who refuses the obvious.</p>,Twessie,Bikini Bottom,"minimalist bikini bottom, minimalist luxury, architectural swimsuit, Matte Ribbed Knit bikini, high-end swimwear",TRUE,Color,Olive Drab,Size,S,TWESSIE_AU_BB_0307-Olive Drab-S,168.0,,10
twessie-au-bb-0307,Burnt Terracotta Minimalist Matte Ribbed Knit Bikini Bottom,<p>Crafted in premium Matte Ribbed Knit with Econyl Sleek Satin accents. This bikini bottom epitomizes minimalist luxury luxury. Featuring color-blocking in Burnt Terracotta and Olive Drab. Perfect for the discerning swimmer who refuses the obvious.</p>,Twessie,Bikini Bottom,"minimalist bikini bottom, minimalist luxury, architectural swimsuit, Matte Ribbed Knit bikini, high-end swimwear",TRUE,Color,Olive Drab,Size,M,TWESSIE_AU_BB_0307-Olive Drab-M,168.0,,10
twessie-au-bb-0307,Burnt Terracotta Minimalist Matte Ribbed Knit Bikini Bottom,<p>Crafted in premium Matte Ribbed Knit with Econyl Sleek Satin accents. This bikini bottom epitomizes minimalist luxury luxury. Featuring color-blocking in Burnt Terracotta and Olive Drab. Perfect for the discerning swimmer who refuses the obvious.</p>,Twessie,Bikini Bottom,"minimalist bikini bottom, minimalist luxury, architectural swimsuit, Matte Ribbed Knit bikini, high-end swimwear",TRUE,Color,Olive Drab,Size,L,TWESSIE_AU_BB_0307-Olive Drab-L,168.0,,10
twessie-au-bb-0307,Burnt Terracotta Minimalist Matte Ribbed Knit Bikini Bottom,<p>Crafted in premium Matte Ribbed Knit with Econyl Sleek Satin accents. This bikini bottom epitomizes minimalist luxury luxury. Featuring color-blocking in Burnt Terracotta and Olive Drab. Perfect for the discerning swimmer who refuses the obvious.</p>,Twessie,Bikini Bottom,"minimalist bikini bottom, minimalist luxury, architectural swimsuit, Matte Ribbed Knit bikini, high-end swimwear",TRUE,Color,Olive Drab,Size,XL,TWESSIE_AU_BB_0307-Olive Drab-XL,168.0,,10
twessie-au-bb-0307,Burnt Terracotta Minimalist Matte Ribbed Knit Bikini Bottom,<p>Crafted in premium Matte Ribbed Knit with Econyl Sleek Satin accents. This bikini bottom epitomizes minimalist luxury luxury. Featuring color-blocking in Burnt Terracotta and Olive Drab. Perfect for the discerning swimmer who refuses the obvious.</p>,Twessie,Bikini Bottom,"minimalist bikini bottom, minimalist luxury, architectural swimsuit, Matte Ribbed Knit bikini, high-end swimwear",TRUE,Color,Olive Drab,Size,XXL,TWESSIE_AU_BB_0307-Olive Drab-XXL,168.0,,10
twessie-eu-op-0308,High-Fashion Stone Gray One-Piece Suit,"<p>Crinkled Seersucker construction meets architectural precision in this one-piece. Designed for the intelligent, independent woman. The Stone Gray colorway with Chalk White accents creates a sophisticated palette. Pure intelligent aesthetic elegance.</p>",Twessie,One-Piece,"Crinkled Seersucker bikini, architectural swimsuit, high-end swimwear, luxury Stone Gray swimwear, minimalist luxury",TRUE,Color,Stone Gray,Size,XS,TWESSIE_EU_OP_0308-Stone Gray-XS,168.0,,10
twessie-eu-op-0308,High-Fashion Stone Gray One-Piece Suit,"<p>Crinkled Seersucker construction meets architectural precision in this one-piece. Designed for the intelligent, independent woman. The Stone Gray colorway with Chalk White accents creates a sophisticated palette. Pure intelligent aesthetic elegance.</p>",Twessie,One-Piece,"Crinkled Seersucker bikini, architectural swimsuit, high-end swimwear, luxury Stone Gray swimwear, minimalist luxury",TRUE,Color,Stone Gray,Size,S,TWESSIE_EU_OP_0308-Stone Gray-S,168.0,,10
twessie-eu-op-0308,High-Fashion Stone Gray One-Piece Suit,"<p>Crinkled Seersucker construction meets architectural precision in this one-piece. Designed for the intelligent, independent woman. The Stone Gray colorway with Chalk White accents creates a sophisticated palette. Pure intelligent aesthetic elegance.</p>",Twessie,One-Piece,"Crinkled Seersucker bikini, architectural swimsuit, high-end swimwear, luxury Stone Gray swimwear, minimalist luxury",TRUE,Color,Stone Gray,Size,M,TWESSIE_EU_OP_0308-Stone Gray-M,168.0,,10
twessie-eu-op-0308,High-Fashion Stone Gray One-Piece Suit,"<p>Crinkled Seersucker construction meets architectural precision in this one-piece. Designed for the intelligent, independent woman. The Stone Gray colorway with Chalk White accents creates a sophisticated palette. Pure intelligent aesthetic elegance.</p>",Twessie,One-Piece,"Crinkled Seersucker bikini, architectural swimsuit, high-end swimwear, luxury Stone Gray swimwear, minimalist luxury",TRUE,Color,Stone Gray,Size,L,TWESSIE_EU_OP_0308-Stone Gray-L,168.0,,10
twessie-eu-op-0308,High-Fashion Stone Gray One-Piece Suit,"<p>Crinkled Seersucker construction meets architectural precision in this one-piece. Designed for the intelligent, independent woman. The Stone Gray colorway with Chalk White accents creates a sophisticated palette. Pure intelligent aesthetic elegance.</p>",Twessie,One-Piece,"Crinkled Seersucker bikini, architectural swimsuit, high-end swimwear, luxury Stone Gray swimwear, minimalist luxury",TRUE,Color,Stone Gray,Size,XL,TWESSIE_EU_OP_0308-Stone Gray-XL,168.0,,10
twessie-eu-op-0308,High-Fashion Stone Gray One-Piece Suit,"<p>Crinkled Seersucker construction meets architectural precision in this one-piece. Designed for the intelligent, independent woman. The Stone Gray colorway with Chalk White accents creates a sophisticated palette. Pure intelligent aesthetic elegance.</p>",Twessie,One-Piece,"Crinkled Seersucker bikini, architectural swimsuit, high-end swimwear, luxury Stone Gray swimwear, minimalist luxury",TRUE,Color,Stone Gray,Size,XXL,TWESSIE_EU_OP_0308-Stone Gray-XXL,168.0,,10
twessie-eu-op-0308,High-Fashion Stone Gray One-Piece Suit,"<p>Crinkled Seersucker construction meets architectural precision in this one-piece. Designed for the intelligent, independent woman. The Stone Gray colorway with Chalk White accents creates a sophisticated palette. Pure intelligent aesthetic elegance.</p>",Twessie,One-Piece,"Crinkled Seersucker bikini, architectural swimsuit, high-end swimwear, luxury Stone Gray swimwear, minimalist luxury",TRUE,Color,Chalk White,Size,XS,TWESSIE_EU_OP_0308-Chalk White-XS,168.0,,10
twessie-eu-op-0308,High-Fashion Stone Gray One-Piece Suit,"<p>Crinkled Seersucker construction meets architectural precision in this one-piece. Designed for the intelligent, independent woman. The Stone Gray colorway with Chalk White accents creates a sophisticated palette. Pure intelligent aesthetic elegance.</p>",Twessie,One-Piece,"Crinkled Seersucker bikini, architectural swimsuit, high-end swimwear, luxury Stone Gray swimwear, minimalist luxury",TRUE,Color,Chalk White,Size,S,TWESSIE_EU_OP_0308-Chalk White-S,168.0,,10
twessie-eu-op-0308,High-Fashion Stone Gray One-Piece Suit,"<p>Crinkled Seersucker construction meets architectural precision in this one-piece. Designed for the intelligent, independent woman. The Stone Gray colorway with Chalk White accents creates a sophisticated palette. Pure intelligent aesthetic elegance.</p>",Twessie,One-Piece,"Crinkled Seersucker bikini, architectural swimsuit, high-end swimwear, luxury Stone Gray swimwear, minimalist luxury",TRUE,Color,Chalk White,Size,M,TWESSIE_EU_OP_0308-Chalk White-M,168.0,,10
twessie-eu-op-0308,High-Fashion Stone Gray One-Piece Suit,"<p>Crinkled Seersucker construction meets architectural precision in this one-piece. Designed for the intelligent, independent woman. The Stone Gray colorway with Chalk White accents creates a sophisticated palette. Pure intelligent aesthetic elegance.</p>",Twessie,One-Piece,"Crinkled Seersucker bikini, architectural swimsuit, high-end swimwear, luxury Stone Gray swimwear, minimalist luxury",TRUE,Color,Chalk White,Size,L,TWESSIE_EU_OP_0308-Chalk White-L,168.0,,10
twessie-eu-op-0308,High-Fashion Stone Gray One-Piece Suit,"<p>Crinkled Seersucker construction meets architectural precision in this one-piece. Designed for the intelligent, independent woman. The Stone Gray colorway with Chalk White accents creates a sophisticated palette. Pure intelligent aesthetic elegance.</p>",Twessie,One-Piece,"Crinkled Seersucker bikini, architectural swimsuit, high-end swimwear, luxury Stone Gray swimwear, minimalist luxury",TRUE,Color,Chalk White,Size,XL,TWESSIE_EU_OP_0308-Chalk White-XL,168.0,,10
twessie-eu-op-0308,High-Fashion Stone Gray One-Piece Suit,"<p>Crinkled Seersucker construction meets architectural precision in this one-piece. Designed for the intelligent, independent woman. The Stone Gray colorway with Chalk White accents creates a sophisticated palette. Pure intelligent aesthetic elegance.</p>",Twessie,One-Piece,"Crinkled Seersucker bikini, architectural swimsuit, high-end swimwear, luxury Stone Gray swimwear, minimalist luxury",TRUE,Color,Chalk White,Size,XXL,TWESSIE_EU_OP_0308-Chalk White-XXL,168.0,,10
twessie-eu-bt-0309,Obsidian Black Sculptural Econyl Sleek Satin Bikini Top,<p>A statement piece in Econyl Sleek Satin. This bikini top combines minimalist luxury design with impeccable craftsmanship. Available in Obsidian Black with Chalk White detailing. Not loud. Not obvious. Unmistakably Twessie.</p>,Twessie,Bikini Top,"minimalist luxury, architectural swimsuit, Econyl Sleek Satin bikini, high-end swimwear, independent fashion",TRUE,Color,Obsidian Black,Size,XS,TWESSIE_EU_BT_0309-Obsidian Black-XS,168.0,,10
twessie-eu-bt-0309,Obsidian Black Sculptural Econyl Sleek Satin Bikini Top,<p>A statement piece in Econyl Sleek Satin. This bikini top combines minimalist luxury design with impeccable craftsmanship. Available in Obsidian Black with Chalk White detailing. Not loud. Not obvious. Unmistakably Twessie.</p>,Twessie,Bikini Top,"minimalist luxury, architectural swimsuit, Econyl Sleek Satin bikini, high-end swimwear, independent fashion",TRUE,Color,Obsidian Black,Size,S,TWESSIE_EU_BT_0309-Obsidian Black-S,168.0,,10
twessie-eu-bt-0309,Obsidian Black Sculptural Econyl Sleek Satin Bikini Top,<p>A statement piece in Econyl Sleek Satin. This bikini top combines minimalist luxury design with impeccable craftsmanship. Available in Obsidian Black with Chalk White detailing. Not loud. Not obvious. Unmistakably Twessie.</p>,Twessie,Bikini Top,"minimalist luxury, architectural swimsuit, Econyl Sleek Satin bikini, high-end swimwear, independent fashion",TRUE,Color,Obsidian Black,Size,M,TWESSIE_EU_BT_0309-Obsidian Black-M,168.0,,10
twessie-eu-bt-0309,Obsidian Black Sculptural Econyl Sleek Satin Bikini Top,<p>A statement piece in Econyl Sleek Satin. This bikini top combines minimalist luxury design with impeccable craftsmanship. Available in Obsidian Black with Chalk White detailing. Not loud. Not obvious. Unmistakably Twessie.</p>,Twessie,Bikini Top,"minimalist luxury, architectural swimsuit, Econyl Sleek Satin bikini, high-end swimwear, independent fashion",TRUE,Color,Obsidian Black,Size,L,TWESSIE_EU_BT_0309-Obsidian Black-L,168.0,,10
twessie-eu-bt-0309,Obsidian Black Sculptural Econyl Sleek Satin Bikini Top,<p>A statement piece in Econyl Sleek Satin. This bikini top combines minimalist luxury design with impeccable craftsmanship. Available in Obsidian Black with Chalk White detailing. Not loud. Not obvious. Unmistakably Twessie.</p>,Twessie,Bikini Top,"minimalist luxury, architectural swimsuit, Econyl Sleek Satin bikini, high-end swimwear, independent fashion",TRUE,Color,Obsidian Black,Size,XL,TWESSIE_EU_BT_0309-Obsidian Black-XL,168.0,,10
twessie-eu-bt-0309,Obsidian Black Sculptural Econyl Sleek Satin Bikini Top,<p>A statement piece in Econyl Sleek Satin. This bikini top combines minimalist luxury design with impeccable craftsmanship. Available in Obsidian Black with Chalk White detailing. Not loud. Not obvious. Unmistakably Twessie.</p>,Twessie,Bikini Top,"minimalist luxury, architectural swimsuit, Econyl Sleek Satin bikini, high-end swimwear, independent fashion",TRUE,Color,Obsidian Black,Size,XXL,TWESSIE_EU_BT_0309-Obsidian Black-XXL,168.0,,10
twessie-eu-bt-0309,Obsidian Black Sculptural Econyl Sleek Satin Bikini Top,<p>A statement piece in Econyl Sleek Satin. This bikini top combines minimalist luxury design with impeccable craftsmanship. Available in Obsidian Black with Chalk White detailing. Not loud. Not obvious. Unmistakably Twessie.</p>,Twessie,Bikini Top,"minimalist luxury, architectural swimsuit, Econyl Sleek Satin bikini, high-end swimwear, independent fashion",TRUE,Color,Chalk White,Size,XS,TWESSIE_EU_BT_0309-Chalk White-XS,168.0,,10
twessie-eu-bt-0309,Obsidian Black Sculptural Econyl Sleek Satin Bikini Top,<p>A statement piece in Econyl Sleek Satin. This bikini top combines minimalist luxury design with impeccable craftsmanship. Available in Obsidian Black with Chalk White detailing. Not loud. Not obvious. Unmistakably Twessie.</p>,Twessie,Bikini Top,"minimalist luxury, architectural swimsuit, Econyl Sleek Satin bikini, high-end swimwear, independent fashion",TRUE,Color,Chalk White,Size,S,TWESSIE_EU_BT_0309-Chalk White-S,168.0,,10
twessie-eu-bt-0309,Obsidian Black Sculptural Econyl Sleek Satin Bikini Top,<p>A statement piece in Econyl Sleek Satin. This bikini top combines minimalist luxury design with impeccable craftsmanship. Available in Obsidian Black with Chalk White detailing. Not loud. Not obvious. Unmistakably Twessie.</p>,Twessie,Bikini Top,"minimalist luxury, architectural swimsuit, Econyl Sleek Satin bikini, high-end swimwear, independent fashion",TRUE,Color,Chalk White,Size,M,TWESSIE_EU_BT_0309-Chalk White-M,168.0,,10
twessie-eu-bt-0309,Obsidian Black Sculptural Econyl Sleek Satin Bikini Top,<p>A statement piece in Econyl Sleek Satin. This bikini top combines minimalist luxury design with impeccable craftsmanship. Available in Obsidian Black with Chalk White detailing. Not loud. Not obvious. Unmistakably Twessie.</p>,Twessie,Bikini Top,"minimalist luxury, architectural swimsuit, Econyl Sleek Satin bikini, high-end swimwear, independent fashion",TRUE,Color,Chalk White,Size,L,TWESSIE_EU_BT_0309-Chalk White-L,168.0,,10
twessie-eu-bt-0309,Obsidian Black Sculptural Econyl Sleek Satin Bikini Top,<p>A statement piece in Econyl Sleek Satin. This bikini top combines minimalist luxury design with impeccable craftsmanship. Available in Obsidian Black with Chalk White detailing. Not loud. Not obvious. Unmistakably Twessie.</p>,Twessie,Bikini Top,"minimalist luxury, architectural swimsuit, Econyl Sleek Satin bikini, high-end swimwear, independent fashion",TRUE,Color,Chalk White,Size,XL,TWESSIE_EU_BT_0309-Chalk White-XL,168.0,,10
twessie-eu-bt-0309,Obsidian Black Sculptural Econyl Sleek Satin Bikini Top,<p>A statement piece in Econyl Sleek Satin. This bikini top combines minimalist luxury design with impeccable craftsmanship. Available in Obsidian Black with Chalk White detailing. Not loud. Not obvious. Unmistakably Twessie.</p>,Twessie,Bikini Top,"minimalist luxury, architectural swimsuit, Econyl Sleek Satin bikini, high-end swimwear, independent fashion",TRUE,Color,Chalk White,Size,XXL,TWESSIE_EU_BT_0309-Chalk White-XXL,168.0,,10
twessie-jp-bb-0310,Burnt Terracotta Minimalist Matte Ribbed Knit Bikini Bottom,<p>A statement piece in Matte Ribbed Knit. This bikini bottom combines minimalist luxury design with impeccable craftsmanship. Available in Burnt Terracotta with Olive Drab detailing. Not loud. Not obvious. Unmistakably Twessie.</p>,Twessie,Bikini Bottom,"minimalist luxury, architectural swimsuit, high-end swimwear, independent fashion, Matte Ribbed Knit bikini",TRUE,Color,Burnt Terracotta,Size,XS,TWESSIE_JP_BB_0310-Burnt Terracotta-XS,168.0,,10
twessie-jp-bb-0310,Burnt Terracotta Minimalist Matte Ribbed Knit Bikini Bottom,<p>A statement piece in Matte Ribbed Knit. This bikini bottom combines minimalist luxury design with impeccable craftsmanship. Available in Burnt Terracotta with Olive Drab detailing. Not loud. Not obvious. Unmistakably Twessie.</p>,Twessie,Bikini Bottom,"minimalist luxury, architectural swimsuit, high-end swimwear, independent fashion, Matte Ribbed Knit bikini",TRUE,Color,Burnt Terracotta,Size,S,TWESSIE_JP_BB_0310-Burnt Terracotta-S,168.0,,10
twessie-jp-bb-0310,Burnt Terracotta Minimalist Matte Ribbed Knit Bikini Bottom,<p>A statement piece in Matte Ribbed Knit. This bikini bottom combines minimalist luxury design with impeccable craftsmanship. Available in Burnt Terracotta with Olive Drab detailing. Not loud. Not obvious. Unmistakably Twessie.</p>,Twessie,Bikini Bottom,"minimalist luxury, architectural swimsuit, high-end swimwear, independent fashion, Matte Ribbed Knit bikini",TRUE,Color,Burnt Terracotta,Size,M,TWESSIE_JP_BB_0310-Burnt Terracotta-M,168.0,,10
twessie-jp-bb-0310,Burnt Terracotta Minimalist Matte Ribbed Knit Bikini Bottom,<p>A statement piece in Matte Ribbed Knit. This bikini bottom combines minimalist luxury design with impeccable craftsmanship. Available in Burnt Terracotta with Olive Drab detailing. Not loud. Not obvious. Unmistakably Twessie.</p>,Twessie,Bikini Bottom,"minimalist luxury, architectural swimsuit, high-end swimwear, independent fashion, Matte Ribbed Knit bikini",TRUE,Color,Burnt Terracotta,Size,L,TWESSIE_JP_BB_0310-Burnt Terracotta-L,168.0,,10
twessie-jp-bb-0310,Burnt Terracotta Minimalist Matte Ribbed Knit Bikini Bottom,<p>A statement piece in Matte Ribbed Knit. This bikini bottom combines minimalist luxury design with impeccable craftsmanship. Available in Burnt Terracotta with Olive Drab detailing. Not loud. Not obvious. Unmistakably Twessie.</p>,Twessie,Bikini Bottom,"minimalist luxury, architectural swimsuit, high-end swimwear, independent fashion, Matte Ribbed Knit bikini",TRUE,Color,Burnt Terracotta,Size,XL,TWESSIE_JP_BB_0310-Burnt Terracotta-XL,168.0,,10
twessie-jp-bb-0310,Burnt Terracotta Minimalist Matte Ribbed Knit Bikini Bottom,<p>A statement piece in Matte Ribbed Knit. This bikini bottom combines minimalist luxury design with impeccable craftsmanship. Available in Burnt Terracotta with Olive Drab detailing. Not loud. Not obvious. Unmistakably Twessie.</p>,Twessie,Bikini Bottom,"minimalist luxury, architectural swimsuit, high-end swimwear, independent fashion, Matte Ribbed Knit bikini",TRUE,Color,Burnt Terracotta,Size,XXL,TWESSIE_JP_BB_0310-Burnt Terracotta-XXL,168.0,,10
twessie-jp-bb-0310,Burnt Terracotta Minimalist Matte Ribbed Knit Bikini Bottom,<p>A statement piece in Matte Ribbed Knit. This bikini bottom combines minimalist luxury design with impeccable craftsmanship. Available in Burnt Terracotta with Olive Drab detailing. Not loud. Not obvious. Unmistakably Twessie.</p>,Twessie,Bikini Bottom,"minimalist luxury, architectural swimsuit, high-end swimwear, independent fashion, Matte Ribbed Knit bikini",TRUE,Color,Olive Drab,Size,XS,TWESSIE_JP_BB_0310-Olive Drab-XS,168.0,,10
twessie-jp-bb-0310,Burnt Terracotta Minimalist Matte Ribbed Knit Bikini Bottom,<p>A statement piece in Matte Ribbed Knit. This bikini bottom combines minimalist luxury design with impeccable craftsmanship. Available in Burnt Terracotta with Olive Drab detailing. Not loud. Not obvious. Unmistakably Twessie.</p>,Twessie,Bikini Bottom,"minimalist luxury, architectural swimsuit, high-end swimwear, independent fashion, Matte Ribbed Knit bikini",TRUE,Color,Olive Drab,Size,S,TWESSIE_JP_BB_0310-Olive Drab-S,168.0,,10
twessie-jp-bb-0310,Burnt Terracotta Minimalist Matte Ribbed Knit Bikini Bottom,<p>A statement piece in Matte Ribbed Knit. This bikini bottom combines minimalist luxury design with impeccable craftsmanship. Available in Burnt Terracotta with Olive Drab detailing. Not loud. Not obvious. Unmistakably Twessie.</p>,Twessie,Bikini Bottom,"minimalist luxury, architectural swimsuit, high-end swimwear, independent fashion, Matte Ribbed Knit bikini",TRUE,Color,Olive Drab,Size,M,TWESSIE_JP_BB_0310-Olive Drab-M,168.0,,10
twessie-jp-bb-0310,Burnt Terracotta Minimalist Matte Ribbed Knit Bikini Bottom,<p>A statement piece in Matte Ribbed Knit. This bikini bottom combines minimalist luxury design with impeccable craftsmanship. Available in Burnt Terracotta with Olive Drab detailing. Not loud. Not obvious. Unmistakably Twessie.</p>,Twessie,Bikini Bottom,"minimalist luxury, architectural swimsuit, high-end swimwear, independent fashion, Matte Ribbed Knit bikini",TRUE,Color,Olive Drab,Size,L,TWESSIE_JP_BB_0310-Olive Drab-L,168.0,,10
twessie-jp-bb-0310,Burnt Terracotta Minimalist Matte Ribbed Knit Bikini Bottom,<p>A statement piece in Matte Ribbed Knit. This bikini bottom combines minimalist luxury design with impeccable craftsmanship. Available in Burnt Terracotta with Olive Drab detailing. Not loud. Not obvious. Unmistakably Twessie.</p>,Twessie,Bikini Bottom,"minimalist luxury, architectural swimsuit, high-end swimwear, independent fashion, Matte Ribbed Knit bikini",TRUE,Color,Olive Drab,Size,XL,TWESSIE_JP_BB_0310-Olive Drab-XL,168.0,,10
twessie-jp-bb-0310,Burnt Terracotta Minimalist Matte Ribbed Knit Bikini Bottom,<p>A statement piece in Matte Ribbed Knit. This bikini bottom combines minimalist luxury design with impeccable craftsmanship. Available in Burnt Terracotta with Olive Drab detailing. Not loud. Not obvious. Unmistakably Twessie.</p>,Twessie,Bikini Bottom,"minimalist luxury, architectural swimsuit, high-end swimwear, independent fashion, Matte Ribbed Knit bikini",TRUE,Color,Olive Drab,Size,XXL,TWESSIE_JP_BB_0310-Olive Drab-XXL,168.0,,10
twessie-jp-bt-0401,Econyl Sleek Satin High-Waist Bikini Top in Obsidian Black,<p>A statement piece in Econyl Sleek Satin. This bikini top combines minimalist luxury design with impeccable craftsmanship. Available in Obsidian Black with Olive Drab detailing. Not loud. Not obvious. Unmistakably Twessie.</p>,Twessie,Bikini Top,"minimalist bikini top, Econyl Sleek Satin bikini, independent fashion, high-end swimwear, luxury Obsidian Black swimwear",TRUE,Color,Obsidian Black,Size,XS,TWESSIE_JP_BT_0401-Obsidian Black-XS,168.0,,10
twessie-jp-bt-0401,Econyl Sleek Satin High-Waist Bikini Top in Obsidian Black,<p>A statement piece in Econyl Sleek Satin. This bikini top combines minimalist luxury design with impeccable craftsmanship. Available in Obsidian Black with Olive Drab detailing. Not loud. Not obvious. Unmistakably Twessie.</p>,Twessie,Bikini Top,"minimalist bikini top, Econyl Sleek Satin bikini, independent fashion, high-end swimwear, luxury Obsidian Black swimwear",TRUE,Color,Obsidian Black,Size,S,TWESSIE_JP_BT_0401-Obsidian Black-S,168.0,,10
twessie-jp-bt-0401,Econyl Sleek Satin High-Waist Bikini Top in Obsidian Black,<p>A statement piece in Econyl Sleek Satin. This bikini top combines minimalist luxury design with impeccable craftsmanship. Available in Obsidian Black with Olive Drab detailing. Not loud. Not obvious. Unmistakably Twessie.</p>,Twessie,Bikini Top,"minimalist bikini top, Econyl Sleek Satin bikini, independent fashion, high-end swimwear, luxury Obsidian Black swimwear",TRUE,Color,Obsidian Black,Size,M,TWESSIE_JP_BT_0401-Obsidian Black-M,168.0,,10
twessie-jp-bt-0401,Econyl Sleek Satin High-Waist Bikini Top in Obsidian Black,<p>A statement piece in Econyl Sleek Satin. This bikini top combines minimalist luxury design with impeccable craftsmanship. Available in Obsidian Black with Olive Drab detailing. Not loud. Not obvious. Unmistakably Twessie.</p>,Twessie,Bikini Top,"minimalist bikini top, Econyl Sleek Satin bikini, independent fashion, high-end swimwear, luxury Obsidian Black swimwear",TRUE,Color,Obsidian Black,Size,L,TWESSIE_JP_BT_0401-Obsidian Black-L,168.0,,10
twessie-jp-bt-0401,Econyl Sleek Satin High-Waist Bikini Top in Obsidian Black,<p>A statement piece in Econyl Sleek Satin. This bikini top combines minimalist luxury design with impeccable craftsmanship. Available in Obsidian Black with Olive Drab detailing. Not loud. Not obvious. Unmistakably Twessie.</p>,Twessie,Bikini Top,"minimalist bikini top, Econyl Sleek Satin bikini, independent fashion, high-end swimwear, luxury Obsidian Black swimwear",TRUE,Color,Obsidian Black,Size,XL,TWESSIE_JP_BT_0401-Obsidian Black-XL,168.0,,10
twessie-jp-bt-0401,Econyl Sleek Satin High-Waist Bikini Top in Obsidian Black,<p>A statement piece in Econyl Sleek Satin. This bikini top combines minimalist luxury design with impeccable craftsmanship. Available in Obsidian Black with Olive Drab detailing. Not loud. Not obvious. Unmistakably Twessie.</p>,Twessie,Bikini Top,"minimalist bikini top, Econyl Sleek Satin bikini, independent fashion, high-end swimwear, luxury Obsidian Black swimwear",TRUE,Color,Obsidian Black,Size,XXL,TWESSIE_JP_BT_0401-Obsidian Black-XXL,168.0,,10
twessie-jp-bt-0401,Econyl Sleek Satin High-Waist Bikini Top in Obsidian Black,<p>A statement piece in Econyl Sleek Satin. This bikini top combines minimalist luxury design with impeccable craftsmanship. Available in Obsidian Black with Olive Drab detailing. Not loud. Not obvious. Unmistakably Twessie.</p>,Twessie,Bikini Top,"minimalist bikini top, Econyl Sleek Satin bikini, independent fashion, high-end swimwear, luxury Obsidian Black swimwear",TRUE,Color,Olive Drab,Size,XS,TWESSIE_JP_BT_0401-Olive Drab-XS,168.0,,10
twessie-jp-bt-0401,Econyl Sleek Satin High-Waist Bikini Top in Obsidian Black,<p>A statement piece in Econyl Sleek Satin. This bikini top combines minimalist luxury design with impeccable craftsmanship. Available in Obsidian Black with Olive Drab detailing. Not loud. Not obvious. Unmistakably Twessie.</p>,Twessie,Bikini Top,"minimalist bikini top, Econyl Sleek Satin bikini, independent fashion, high-end swimwear, luxury Obsidian Black swimwear",TRUE,Color,Olive Drab,Size,S,TWESSIE_JP_BT_0401-Olive Drab-S,168.0,,10
twessie-jp-bt-0401,Econyl Sleek Satin High-Waist Bikini Top in Obsidian Black,<p>A statement piece in Econyl Sleek Satin. This bikini top combines minimalist luxury design with impeccable craftsmanship. Available in Obsidian Black with Olive Drab detailing. Not loud. Not obvious. Unmistakably Twessie.</p>,Twessie,Bikini Top,"minimalist bikini top, Econyl Sleek Satin bikini, independent fashion, high-end swimwear, luxury Obsidian Black swimwear",TRUE,Color,Olive Drab,Size,M,TWESSIE_JP_BT_0401-Olive Drab-M,168.0,,10
twessie-jp-bt-0401,Econyl Sleek Satin High-Waist Bikini Top in Obsidian Black,<p>A statement piece in Econyl Sleek Satin. This bikini top combines minimalist luxury design with impeccable craftsmanship. Available in Obsidian Black with Olive Drab detailing. Not loud. Not obvious. Unmistakably Twessie.</p>,Twessie,Bikini Top,"minimalist bikini top, Econyl Sleek Satin bikini, independent fashion, high-end swimwear, luxury Obsidian Black swimwear",TRUE,Color,Olive Drab,Size,L,TWESSIE_JP_BT_0401-Olive Drab-L,168.0,,10
twessie-jp-bt-0401,Econyl Sleek Satin High-Waist Bikini Top in Obsidian Black,<p>A statement piece in Econyl Sleek Satin. This bikini top combines minimalist luxury design with impeccable craftsmanship. Available in Obsidian Black with Olive Drab detailing. Not loud. Not obvious. Unmistakably Twessie.</p>,Twessie,Bikini Top,"minimalist bikini top, Econyl Sleek Satin bikini, independent fashion, high-end swimwear, luxury Obsidian Black swimwear",TRUE,Color,Olive Drab,Size,XL,TWESSIE_JP_BT_0401-Olive Drab-XL,168.0,,10
twessie-jp-bt-0401,Econyl Sleek Satin High-Waist Bikini Top in Obsidian Black,<p>A statement piece in Econyl Sleek Satin. This bikini top combines minimalist luxury design with impeccable craftsmanship. Available in Obsidian Black with Olive Drab detailing. Not loud. Not obvious. Unmistakably Twessie.</p>,Twessie,Bikini Top,"minimalist bikini top, Econyl Sleek Satin bikini, independent fashion, high-end swimwear, luxury Obsidian Black swimwear",TRUE,Color,Olive Drab,Size,XXL,TWESSIE_JP_BT_0401-Olive Drab-XXL,168.0,,10
twessie-na-bt-0402,Chalk White Sculptural Crinkled Seersucker Bikini Top,<p>Crafted in premium Crinkled Seersucker with Econyl Sleek Satin accents. This bikini top epitomizes anti-fashion statement luxury. Featuring color-blocking in Chalk White and Stone Gray. Perfect for the discerning swimmer who refuses the obvious.</p>,Twessie,Bikini Top,"high-end swimwear, minimalist bikini top, independent fashion, minimalist luxury, architectural swimsuit",TRUE,Color,Chalk White,Size,XS,TWESSIE_NA_BT_0402-Chalk White-XS,168.0,,10
twessie-na-bt-0402,Chalk White Sculptural Crinkled Seersucker Bikini Top,<p>Crafted in premium Crinkled Seersucker with Econyl Sleek Satin accents. This bikini top epitomizes anti-fashion statement luxury. Featuring color-blocking in Chalk White and Stone Gray. Perfect for the discerning swimmer who refuses the obvious.</p>,Twessie,Bikini Top,"high-end swimwear, minimalist bikini top, independent fashion, minimalist luxury, architectural swimsuit",TRUE,Color,Chalk White,Size,S,TWESSIE_NA_BT_0402-Chalk White-S,168.0,,10
twessie-na-bt-0402,Chalk White Sculptural Crinkled Seersucker Bikini Top,<p>Crafted in premium Crinkled Seersucker with Econyl Sleek Satin accents. This bikini top epitomizes anti-fashion statement luxury. Featuring color-blocking in Chalk White and Stone Gray. Perfect for the discerning swimmer who refuses the obvious.</p>,Twessie,Bikini Top,"high-end swimwear, minimalist bikini top, independent fashion, minimalist luxury, architectural swimsuit",TRUE,Color,Chalk White,Size,M,TWESSIE_NA_BT_0402-Chalk White-M,168.0,,10
twessie-na-bt-0402,Chalk White Sculptural Crinkled Seersucker Bikini Top,<p>Crafted in premium Crinkled Seersucker with Econyl Sleek Satin accents. This bikini top epitomizes anti-fashion statement luxury. Featuring color-blocking in Chalk White and Stone Gray. Perfect for the discerning swimmer who refuses the obvious.</p>,Twessie,Bikini Top,"high-end swimwear, minimalist bikini top, independent fashion, minimalist luxury, architectural swimsuit",TRUE,Color,Chalk White,Size,L,TWESSIE_NA_BT_0402-Chalk White-L,168.0,,10
twessie-na-bt-0402,Chalk White Sculptural Crinkled Seersucker Bikini Top,<p>Crafted in premium Crinkled Seersucker with Econyl Sleek Satin accents. This bikini top epitomizes anti-fashion statement luxury. Featuring color-blocking in Chalk White and Stone Gray. Perfect for the discerning swimmer who refuses the obvious.</p>,Twessie,Bikini Top,"high-end swimwear, minimalist bikini top, independent fashion, minimalist luxury, architectural swimsuit",TRUE,Color,Chalk White,Size,XL,TWESSIE_NA_BT_0402-Chalk White-XL,168.0,,10
twessie-na-bt-0402,Chalk White Sculptural Crinkled Seersucker Bikini Top,<p>Crafted in premium Crinkled Seersucker with Econyl Sleek Satin accents. This bikini top epitomizes anti-fashion statement luxury. Featuring color-blocking in Chalk White and Stone Gray. Perfect for the discerning swimmer who refuses the obvious.</p>,Twessie,Bikini Top,"high-end swimwear, minimalist bikini top, independent fashion, minimalist luxury, architectural swimsuit",TRUE,Color,Chalk White,Size,XXL,TWESSIE_NA_BT_0402-Chalk White-XXL,168.0,,10
twessie-na-bt-0402,Chalk White Sculptural Crinkled Seersucker Bikini Top,<p>Crafted in premium Crinkled Seersucker with Econyl Sleek Satin accents. This bikini top epitomizes anti-fashion statement luxury. Featuring color-blocking in Chalk White and Stone Gray. Perfect for the discerning swimmer who refuses the obvious.</p>,Twessie,Bikini Top,"high-end swimwear, minimalist bikini top, independent fashion, minimalist luxury, architectural swimsuit",TRUE,Color,Stone Gray,Size,XS,TWESSIE_NA_BT_0402-Stone Gray-XS,168.0,,10
twessie-na-bt-0402,Chalk White Sculptural Crinkled Seersucker Bikini Top,<p>Crafted in premium Crinkled Seersucker with Econyl Sleek Satin accents. This bikini top epitomizes anti-fashion statement luxury. Featuring color-blocking in Chalk White and Stone Gray. Perfect for the discerning swimmer who refuses the obvious.</p>,Twessie,Bikini Top,"high-end swimwear, minimalist bikini top, independent fashion, minimalist luxury, architectural swimsuit",TRUE,Color,Stone Gray,Size,S,TWESSIE_NA_BT_0402-Stone Gray-S,168.0,,10
twessie-na-bt-0402,Chalk White Sculptural Crinkled Seersucker Bikini Top,<p>Crafted in premium Crinkled Seersucker with Econyl Sleek Satin accents. This bikini top epitomizes anti-fashion statement luxury. Featuring color-blocking in Chalk White and Stone Gray. Perfect for the discerning swimmer who refuses the obvious.</p>,Twessie,Bikini Top,"high-end swimwear, minimalist bikini top, independent fashion, minimalist luxury, architectural swimsuit",TRUE,Color,Stone Gray,Size,M,TWESSIE_NA_BT_0402-Stone Gray-M,168.0,,10
twessie-na-bt-0402,Chalk White Sculptural Crinkled Seersucker Bikini Top,<p>Crafted in premium Crinkled Seersucker with Econyl Sleek Satin accents. This bikini top epitomizes anti-fashion statement luxury. Featuring color-blocking in Chalk White and Stone Gray. Perfect for the discerning swimmer who refuses the obvious.</p>,Twessie,Bikini Top,"high-end swimwear, minimalist bikini top, independent fashion, minimalist luxury, architectural swimsuit",TRUE,Color,Stone Gray,Size,L,TWESSIE_NA_BT_0402-Stone Gray-L,168.0,,10
twessie-na-bt-0402,Chalk White Sculptural Crinkled Seersucker Bikini Top,<p>Crafted in premium Crinkled Seersucker with Econyl Sleek Satin accents. This bikini top epitomizes anti-fashion statement luxury. Featuring color-blocking in Chalk White and Stone Gray. Perfect for the discerning swimmer who refuses the obvious.</p>,Twessie,Bikini Top,"high-end swimwear, minimalist bikini top, independent fashion, minimalist luxury, architectural swimsuit",TRUE,Color,Stone Gray,Size,XL,TWESSIE_NA_BT_0402-Stone Gray-XL,168.0,,10
twessie-na-bt-0402,Chalk White Sculptural Crinkled Seersucker Bikini Top,<p>Crafted in premium Crinkled Seersucker with Econyl Sleek Satin accents. This bikini top epitomizes anti-fashion statement luxury. Featuring color-blocking in Chalk White and Stone Gray. Perfect for the discerning swimmer who refuses the obvious.</p>,Twessie,Bikini Top,"high-end swimwear, minimalist bikini top, independent fashion, minimalist luxury, architectural swimsuit",TRUE,Color,Stone Gray,Size,XXL,TWESSIE_NA_BT_0402-Stone Gray-XXL,168.0,,10
twessie-eu-op-0403,High-Fashion Obsidian Black One-Piece Suit,<p>A statement piece in Econyl Sleek Satin. This one-piece combines anti-fashion statement design with impeccable craftsmanship. Available in Obsidian Black with Stone Gray detailing. Not loud. Not obvious. Unmistakably Twessie.</p>,Twessie,One-Piece,"independent fashion, Econyl Sleek Satin bikini, architectural swimsuit, luxury Obsidian Black swimwear, high-end swimwear",TRUE,Color,Obsidian Black,Size,XS,TWESSIE_EU_OP_0403-Obsidian Black-XS,168.0,,10
twessie-eu-op-0403,High-Fashion Obsidian Black One-Piece Suit,<p>A statement piece in Econyl Sleek Satin. This one-piece combines anti-fashion statement design with impeccable craftsmanship. Available in Obsidian Black with Stone Gray detailing. Not loud. Not obvious. Unmistakably Twessie.</p>,Twessie,One-Piece,"independent fashion, Econyl Sleek Satin bikini, architectural swimsuit, luxury Obsidian Black swimwear, high-end swimwear",TRUE,Color,Obsidian Black,Size,S,TWESSIE_EU_OP_0403-Obsidian Black-S,168.0,,10
twessie-eu-op-0403,High-Fashion Obsidian Black One-Piece Suit,<p>A statement piece in Econyl Sleek Satin. This one-piece combines anti-fashion statement design with impeccable craftsmanship. Available in Obsidian Black with Stone Gray detailing. Not loud. Not obvious. Unmistakably Twessie.</p>,Twessie,One-Piece,"independent fashion, Econyl Sleek Satin bikini, architectural swimsuit, luxury Obsidian Black swimwear, high-end swimwear",TRUE,Color,Obsidian Black,Size,M,TWESSIE_EU_OP_0403-Obsidian Black-M,168.0,,10
twessie-eu-op-0403,High-Fashion Obsidian Black One-Piece Suit,<p>A statement piece in Econyl Sleek Satin. This one-piece combines anti-fashion statement design with impeccable craftsmanship. Available in Obsidian Black with Stone Gray detailing. Not loud. Not obvious. Unmistakably Twessie.</p>,Twessie,One-Piece,"independent fashion, Econyl Sleek Satin bikini, architectural swimsuit, luxury Obsidian Black swimwear, high-end swimwear",TRUE,Color,Obsidian Black,Size,L,TWESSIE_EU_OP_0403-Obsidian Black-L,168.0,,10
twessie-eu-op-0403,High-Fashion Obsidian Black One-Piece Suit,<p>A statement piece in Econyl Sleek Satin. This one-piece combines anti-fashion statement design with impeccable craftsmanship. Available in Obsidian Black with Stone Gray detailing. Not loud. Not obvious. Unmistakably Twessie.</p>,Twessie,One-Piece,"independent fashion, Econyl Sleek Satin bikini, architectural swimsuit, luxury Obsidian Black swimwear, high-end swimwear",TRUE,Color,Obsidian Black,Size,XL,TWESSIE_EU_OP_0403-Obsidian Black-XL,168.0,,10
twessie-eu-op-0403,High-Fashion Obsidian Black One-Piece Suit,<p>A statement piece in Econyl Sleek Satin. This one-piece combines anti-fashion statement design with impeccable craftsmanship. Available in Obsidian Black with Stone Gray detailing. Not loud. Not obvious. Unmistakably Twessie.</p>,Twessie,One-Piece,"independent fashion, Econyl Sleek Satin bikini, architectural swimsuit, luxury Obsidian Black swimwear, high-end swimwear",TRUE,Color,Obsidian Black,Size,XXL,TWESSIE_EU_OP_0403-Obsidian Black-XXL,168.0,,10
twessie-eu-op-0403,High-Fashion Obsidian Black One-Piece Suit,<p>A statement piece in Econyl Sleek Satin. This one-piece combines anti-fashion statement design with impeccable craftsmanship. Available in Obsidian Black with Stone Gray detailing. Not loud. Not obvious. Unmistakably Twessie.</p>,Twessie,One-Piece,"independent fashion, Econyl Sleek Satin bikini, architectural swimsuit, luxury Obsidian Black swimwear, high-end swimwear",TRUE,Color,Stone Gray,Size,XS,TWESSIE_EU_OP_0403-Stone Gray-XS,168.0,,10
twessie-eu-op-0403,High-Fashion Obsidian Black One-Piece Suit,<p>A statement piece in Econyl Sleek Satin. This one-piece combines anti-fashion statement design with impeccable craftsmanship. Available in Obsidian Black with Stone Gray detailing. Not loud. Not obvious. Unmistakably Twessie.</p>,Twessie,One-Piece,"independent fashion, Econyl Sleek Satin bikini, architectural swimsuit, luxury Obsidian Black swimwear, high-end swimwear",TRUE,Color,Stone Gray,Size,S,TWESSIE_EU_OP_0403-Stone Gray-S,168.0,,10
twessie-eu-op-0403,High-Fashion Obsidian Black One-Piece Suit,<p>A statement piece in Econyl Sleek Satin. This one-piece combines anti-fashion statement design with impeccable craftsmanship. Available in Obsidian Black with Stone Gray detailing. Not loud. Not obvious. Unmistakably Twessie.</p>,Twessie,One-Piece,"independent fashion, Econyl Sleek Satin bikini, architectural swimsuit, luxury Obsidian Black swimwear, high-end swimwear",TRUE,Color,Stone Gray,Size,M,TWESSIE_EU_OP_0403-Stone Gray-M,168.0,,10
twessie-eu-op-0403,High-Fashion Obsidian Black One-Piece Suit,<p>A statement piece in Econyl Sleek Satin. This one-piece combines anti-fashion statement design with impeccable craftsmanship. Available in Obsidian Black with Stone Gray detailing. Not loud. Not obvious. Unmistakably Twessie.</p>,Twessie,One-Piece,"independent fashion, Econyl Sleek Satin bikini, architectural swimsuit, luxury Obsidian Black swimwear, high-end swimwear",TRUE,Color,Stone Gray,Size,L,TWESSIE_EU_OP_0403-Stone Gray-L,168.0,,10
twessie-eu-op-0403,High-Fashion Obsidian Black One-Piece Suit,<p>A statement piece in Econyl Sleek Satin. This one-piece combines anti-fashion statement design with impeccable craftsmanship. Available in Obsidian Black with Stone Gray detailing. Not loud. Not obvious. Unmistakably Twessie.</p>,Twessie,One-Piece,"independent fashion, Econyl Sleek Satin bikini, architectural swimsuit, luxury Obsidian Black swimwear, high-end swimwear",TRUE,Color,Stone Gray,Size,XL,TWESSIE_EU_OP_0403-Stone Gray-XL,168.0,,10
twessie-eu-op-0403,High-Fashion Obsidian Black One-Piece Suit,<p>A statement piece in Econyl Sleek Satin. This one-piece combines anti-fashion statement design with impeccable craftsmanship. Available in Obsidian Black with Stone Gray detailing. Not loud. Not obvious. Unmistakably Twessie.</p>,Twessie,One-Piece,"independent fashion, Econyl Sleek Satin bikini, architectural swimsuit, luxury Obsidian Black swimwear, high-end swimwear",TRUE,Color,Stone Gray,Size,XXL,TWESSIE_EU_OP_0403-Stone Gray-XXL,168.0,,10
twessie-au-bb-0404,Burnt Terracotta Minimalist Matte Ribbed Knit Bikini Bottom,<p>Crafted in premium Matte Ribbed Knit with Crinkled Seersucker accents. This bikini bottom epitomizes architectural elegance luxury. Featuring color-blocking in Burnt Terracotta and Olive Drab. Perfect for the discerning swimmer who refuses the obvious.</p>,Twessie,Bikini Bottom,"Matte Ribbed Knit bikini, high-end swimwear, independent fashion, luxury Burnt Terracotta swimwear, architectural swimsuit",TRUE,Color,Burnt Terracotta,Size,XS,TWESSIE_AU_BB_0404-Burnt Terracotta-XS,168.0,,10
twessie-au-bb-0404,Burnt Terracotta Minimalist Matte Ribbed Knit Bikini Bottom,<p>Crafted in premium Matte Ribbed Knit with Crinkled Seersucker accents. This bikini bottom epitomizes architectural elegance luxury. Featuring color-blocking in Burnt Terracotta and Olive Drab. Perfect for the discerning swimmer who refuses the obvious.</p>,Twessie,Bikini Bottom,"Matte Ribbed Knit bikini, high-end swimwear, independent fashion, luxury Burnt Terracotta swimwear, architectural swimsuit",TRUE,Color,Burnt Terracotta,Size,S,TWESSIE_AU_BB_0404-Burnt Terracotta-S,168.0,,10
twessie-au-bb-0404,Burnt Terracotta Minimalist Matte Ribbed Knit Bikini Bottom,<p>Crafted in premium Matte Ribbed Knit with Crinkled Seersucker accents. This bikini bottom epitomizes architectural elegance luxury. Featuring color-blocking in Burnt Terracotta and Olive Drab. Perfect for the discerning swimmer who refuses the obvious.</p>,Twessie,Bikini Bottom,"Matte Ribbed Knit bikini, high-end swimwear, independent fashion, luxury Burnt Terracotta swimwear, architectural swimsuit",TRUE,Color,Burnt Terracotta,Size,M,TWESSIE_AU_BB_0404-Burnt Terracotta-M,168.0,,10
twessie-au-bb-0404,Burnt Terracotta Minimalist Matte Ribbed Knit Bikini Bottom,<p>Crafted in premium Matte Ribbed Knit with Crinkled Seersucker accents. This bikini bottom epitomizes architectural elegance luxury. Featuring color-blocking in Burnt Terracotta and Olive Drab. Perfect for the discerning swimmer who refuses the obvious.</p>,Twessie,Bikini Bottom,"Matte Ribbed Knit bikini, high-end swimwear, independent fashion, luxury Burnt Terracotta swimwear, architectural swimsuit",TRUE,Color,Burnt Terracotta,Size,L,TWESSIE_AU_BB_0404-Burnt Terracotta-L,168.0,,10
twessie-au-bb-0404,Burnt Terracotta Minimalist Matte Ribbed Knit Bikini Bottom,<p>Crafted in premium Matte Ribbed Knit with Crinkled Seersucker accents. This bikini bottom epitomizes architectural elegance luxury. Featuring color-blocking in Burnt Terracotta and Olive Drab. Perfect for the discerning swimmer who refuses the obvious.</p>,Twessie,Bikini Bottom,"Matte Ribbed Knit bikini, high-end swimwear, independent fashion, luxury Burnt Terracotta swimwear, architectural swimsuit",TRUE,Color,Burnt Terracotta,Size,XL,TWESSIE_AU_BB_0404-Burnt Terracotta-XL,168.0,,10
twessie-au-bb-0404,Burnt Terracotta Minimalist Matte Ribbed Knit Bikini Bottom,<p>Crafted in premium Matte Ribbed Knit with Crinkled Seersucker accents. This bikini bottom epitomizes architectural elegance luxury. Featuring color-blocking in Burnt Terracotta and Olive Drab. Perfect for the discerning swimmer who refuses the obvious.</p>,Twessie,Bikini Bottom,"Matte Ribbed Knit bikini, high-end swimwear, independent fashion, luxury Burnt Terracotta swimwear, architectural swimsuit",TRUE,Color,Burnt Terracotta,Size,XXL,TWESSIE_AU_BB_0404-Burnt Terracotta-XXL,168.0,,10
twessie-au-bb-0404,Burnt Terracotta Minimalist Matte Ribbed Knit Bikini Bottom,<p>Crafted in premium Matte Ribbed Knit with Crinkled Seersucker accents. This bikini bottom epitomizes architectural elegance luxury. Featuring color-blocking in Burnt Terracotta and Olive Drab. Perfect for the discerning swimmer who refuses the obvious.</p>,Twessie,Bikini Bottom,"Matte Ribbed Knit bikini, high-end swimwear, independent fashion, luxury Burnt Terracotta swimwear, architectural swimsuit",TRUE,Color,Olive Drab,Size,XS,TWESSIE_AU_BB_0404-Olive Drab-XS,168.0,,10
twessie-au-bb-0404,Burnt Terracotta Minimalist Matte Ribbed Knit Bikini Bottom,<p>Crafted in premium Matte Ribbed Knit with Crinkled Seersucker accents. This bikini bottom epitomizes architectural elegance luxury. Featuring color-blocking in Burnt Terracotta and Olive Drab. Perfect for the discerning swimmer who refuses the obvious.</p>,Twessie,Bikini Bottom,"Matte Ribbed Knit bikini, high-end swimwear, independent fashion, luxury Burnt Terracotta swimwear, architectural swimsuit",TRUE,Color,Olive Drab,Size,S,TWESSIE_AU_BB_0404-Olive Drab-S,168.0,,10
twessie-au-bb-0404,Burnt Terracotta Minimalist Matte Ribbed Knit Bikini Bottom,<p>Crafted in premium Matte Ribbed Knit with Crinkled Seersucker accents. This bikini bottom epitomizes architectural elegance luxury. Featuring color-blocking in Burnt Terracotta and Olive Drab. Perfect for the discerning swimmer who refuses the obvious.</p>,Twessie,Bikini Bottom,"Matte Ribbed Knit bikini, high-end swimwear, independent fashion, luxury Burnt Terracotta swimwear, architectural swimsuit",TRUE,Color,Olive Drab,Size,M,TWESSIE_AU_BB_0404-Olive Drab-M,168.0,,10
twessie-au-bb-0404,Burnt Terracotta Minimalist Matte Ribbed Knit Bikini Bottom,<p>Crafted in premium Matte Ribbed Knit with Crinkled Seersucker accents. This bikini bottom epitomizes architectural elegance luxury. Featuring color-blocking in Burnt Terracotta and Olive Drab. Perfect for the discerning swimmer who refuses the obvious.</p>,Twessie,Bikini Bottom,"Matte Ribbed Knit bikini, high-end swimwear, independent fashion, luxury Burnt Terracotta swimwear, architectural swimsuit",TRUE,Color,Olive Drab,Size,L,TWESSIE_AU_BB_0404-Olive Drab-L,168.0,,10
twessie-au-bb-0404,Burnt Terracotta Minimalist Matte Ribbed Knit Bikini Bottom,<p>Crafted in premium Matte Ribbed Knit with Crinkled Seersucker accents. This bikini bottom epitomizes architectural elegance luxury. Featuring color-blocking in Burnt Terracotta and Olive Drab. Perfect for the discerning swimmer who refuses the obvious.</p>,Twessie,Bikini Bottom,"Matte Ribbed Knit bikini, high-end swimwear, independent fashion, luxury Burnt Terracotta swimwear, architectural swimsuit",TRUE,Color,Olive Drab,Size,XL,TWESSIE_AU_BB_0404-Olive Drab-XL,168.0,,10
twessie-au-bb-0404,Burnt Terracotta Minimalist Matte Ribbed Knit Bikini Bottom,<p>Crafted in premium Matte Ribbed Knit with Crinkled Seersucker accents. This bikini bottom epitomizes architectural elegance luxury. Featuring color-blocking in Burnt Terracotta and Olive Drab. Perfect for the discerning swimmer who refuses the obvious.</p>,Twessie,Bikini Bottom,"Matte Ribbed Knit bikini, high-end swimwear, independent fashion, luxury Burnt Terracotta swimwear, architectural swimsuit",TRUE,Color,Olive Drab,Size,XXL,TWESSIE_AU_BB_0404-Olive Drab-XXL,168.0,,10
twessie-na-bt-0405,Architecture-Cut Obsidian Black Bikini Top,<p>Crafted in premium Econyl Sleek Satin with Matte Ribbed Knit accents. This bikini top epitomizes anti-fashion statement luxury. Featuring color-blocking in Obsidian Black and Burnt Terracotta. Perfect for the discerning swimmer who refuses the obvious.</p>,Twessie,Bikini Top,"high-end swimwear, minimalist luxury, architectural swimsuit, minimalist bikini top, independent fashion",TRUE,Color,Obsidian Black,Size,XS,TWESSIE_NA_BT_0405-Obsidian Black-XS,168.0,,10
twessie-na-bt-0405,Architecture-Cut Obsidian Black Bikini Top,<p>Crafted in premium Econyl Sleek Satin with Matte Ribbed Knit accents. This bikini top epitomizes anti-fashion statement luxury. Featuring color-blocking in Obsidian Black and Burnt Terracotta. Perfect for the discerning swimmer who refuses the obvious.</p>,Twessie,Bikini Top,"high-end swimwear, minimalist luxury, architectural swimsuit, minimalist bikini top, independent fashion",TRUE,Color,Obsidian Black,Size,S,TWESSIE_NA_BT_0405-Obsidian Black-S,168.0,,10
twessie-na-bt-0405,Architecture-Cut Obsidian Black Bikini Top,<p>Crafted in premium Econyl Sleek Satin with Matte Ribbed Knit accents. This bikini top epitomizes anti-fashion statement luxury. Featuring color-blocking in Obsidian Black and Burnt Terracotta. Perfect for the discerning swimmer who refuses the obvious.</p>,Twessie,Bikini Top,"high-end swimwear, minimalist luxury, architectural swimsuit, minimalist bikini top, independent fashion",TRUE,Color,Obsidian Black,Size,M,TWESSIE_NA_BT_0405-Obsidian Black-M,168.0,,10
twessie-na-bt-0405,Architecture-Cut Obsidian Black Bikini Top,<p>Crafted in premium Econyl Sleek Satin with Matte Ribbed Knit accents. This bikini top epitomizes anti-fashion statement luxury. Featuring color-blocking in Obsidian Black and Burnt Terracotta. Perfect for the discerning swimmer who refuses the obvious.</p>,Twessie,Bikini Top,"high-end swimwear, minimalist luxury, architectural swimsuit, minimalist bikini top, independent fashion",TRUE,Color,Obsidian Black,Size,L,TWESSIE_NA_BT_0405-Obsidian Black-L,168.0,,10
twessie-na-bt-0405,Architecture-Cut Obsidian Black Bikini Top,<p>Crafted in premium Econyl Sleek Satin with Matte Ribbed Knit accents. This bikini top epitomizes anti-fashion statement luxury. Featuring color-blocking in Obsidian Black and Burnt Terracotta. Perfect for the discerning swimmer who refuses the obvious.</p>,Twessie,Bikini Top,"high-end swimwear, minimalist luxury, architectural swimsuit, minimalist bikini top, independent fashion",TRUE,Color,Obsidian Black,Size,XL,TWESSIE_NA_BT_0405-Obsidian Black-XL,168.0,,10
twessie-na-bt-0405,Architecture-Cut Obsidian Black Bikini Top,<p>Crafted in premium Econyl Sleek Satin with Matte Ribbed Knit accents. This bikini top epitomizes anti-fashion statement luxury. Featuring color-blocking in Obsidian Black and Burnt Terracotta. Perfect for the discerning swimmer who refuses the obvious.</p>,Twessie,Bikini Top,"high-end swimwear, minimalist luxury, architectural swimsuit, minimalist bikini top, independent fashion",TRUE,Color,Obsidian Black,Size,XXL,TWESSIE_NA_BT_0405-Obsidian Black-XXL,168.0,,10
twessie-na-bt-0405,Architecture-Cut Obsidian Black Bikini Top,<p>Crafted in premium Econyl Sleek Satin with Matte Ribbed Knit accents. This bikini top epitomizes anti-fashion statement luxury. Featuring color-blocking in Obsidian Black and Burnt Terracotta. Perfect for the discerning swimmer who refuses the obvious.</p>,Twessie,Bikini Top,"high-end swimwear, minimalist luxury, architectural swimsuit, minimalist bikini top, independent fashion",TRUE,Color,Burnt Terracotta,Size,XS,TWESSIE_NA_BT_0405-Burnt Terracotta-XS,168.0,,10
twessie-na-bt-0405,Architecture-Cut Obsidian Black Bikini Top,<p>Crafted in premium Econyl Sleek Satin with Matte Ribbed Knit accents. This bikini top epitomizes anti-fashion statement luxury. Featuring color-blocking in Obsidian Black and Burnt Terracotta. Perfect for the discerning swimmer who refuses the obvious.</p>,Twessie,Bikini Top,"high-end swimwear, minimalist luxury, architectural swimsuit, minimalist bikini top, independent fashion",TRUE,Color,Burnt Terracotta,Size,S,TWESSIE_NA_BT_0405-Burnt Terracotta-S,168.0,,10
twessie-na-bt-0405,Architecture-Cut Obsidian Black Bikini Top,<p>Crafted in premium Econyl Sleek Satin with Matte Ribbed Knit accents. This bikini top epitomizes anti-fashion statement luxury. Featuring color-blocking in Obsidian Black and Burnt Terracotta. Perfect for the discerning swimmer who refuses the obvious.</p>,Twessie,Bikini Top,"high-end swimwear, minimalist luxury, architectural swimsuit, minimalist bikini top, independent fashion",TRUE,Color,Burnt Terracotta,Size,M,TWESSIE_NA_BT_0405-Burnt Terracotta-M,168.0,,10
twessie-na-bt-0405,Architecture-Cut Obsidian Black Bikini Top,<p>Crafted in premium Econyl Sleek Satin with Matte Ribbed Knit accents. This bikini top epitomizes anti-fashion statement luxury. Featuring color-blocking in Obsidian Black and Burnt Terracotta. Perfect for the discerning swimmer who refuses the obvious.</p>,Twessie,Bikini Top,"high-end swimwear, minimalist luxury, architectural swimsuit, minimalist bikini top, independent fashion",TRUE,Color,Burnt Terracotta,Size,L,TWESSIE_NA_BT_0405-Burnt Terracotta-L,168.0,,10
twessie-na-bt-0405,Architecture-Cut Obsidian Black Bikini Top,<p>Crafted in premium Econyl Sleek Satin with Matte Ribbed Knit accents. This bikini top epitomizes anti-fashion statement luxury. Featuring color-blocking in Obsidian Black and Burnt Terracotta. Perfect for the discerning swimmer who refuses the obvious.</p>,Twessie,Bikini Top,"high-end swimwear, minimalist luxury, architectural swimsuit, minimalist bikini top, independent fashion",TRUE,Color,Burnt Terracotta,Size,XL,TWESSIE_NA_BT_0405-Burnt Terracotta-XL,168.0,,10
twessie-na-bt-0405,Architecture-Cut Obsidian Black Bikini Top,<p>Crafted in premium Econyl Sleek Satin with Matte Ribbed Knit accents. This bikini top epitomizes anti-fashion statement luxury. Featuring color-blocking in Obsidian Black and Burnt Terracotta. Perfect for the discerning swimmer who refuses the obvious.</p>,Twessie,Bikini Top,"high-end swimwear, minimalist luxury, architectural swimsuit, minimalist bikini top, independent fashion",TRUE,Color,Burnt Terracotta,Size,XXL,TWESSIE_NA_BT_0405-Burnt Terracotta-XXL,168.0,,10
twessie-na-bt-0406,Architecture-Cut Burnt Terracotta Bikini Top,<p>A statement piece in Matte Ribbed Knit. This bikini top combines intelligent aesthetic design with impeccable craftsmanship. Available in Burnt Terracotta with Olive Drab detailing. Not loud. Not obvious. Unmistakably Twessie.</p>,Twessie,Bikini Top,"minimalist bikini top, minimalist luxury, Matte Ribbed Knit bikini, independent fashion, luxury Burnt Terracotta swimwear",TRUE,Color,Burnt Terracotta,Size,XS,TWESSIE_NA_BT_0406-Burnt Terracotta-XS,168.0,,10
twessie-na-bt-0406,Architecture-Cut Burnt Terracotta Bikini Top,<p>A statement piece in Matte Ribbed Knit. This bikini top combines intelligent aesthetic design with impeccable craftsmanship. Available in Burnt Terracotta with Olive Drab detailing. Not loud. Not obvious. Unmistakably Twessie.</p>,Twessie,Bikini Top,"minimalist bikini top, minimalist luxury, Matte Ribbed Knit bikini, independent fashion, luxury Burnt Terracotta swimwear",TRUE,Color,Burnt Terracotta,Size,S,TWESSIE_NA_BT_0406-Burnt Terracotta-S,168.0,,10
twessie-na-bt-0406,Architecture-Cut Burnt Terracotta Bikini Top,<p>A statement piece in Matte Ribbed Knit. This bikini top combines intelligent aesthetic design with impeccable craftsmanship. Available in Burnt Terracotta with Olive Drab detailing. Not loud. Not obvious. Unmistakably Twessie.</p>,Twessie,Bikini Top,"minimalist bikini top, minimalist luxury, Matte Ribbed Knit bikini, independent fashion, luxury Burnt Terracotta swimwear",TRUE,Color,Burnt Terracotta,Size,M,TWESSIE_NA_BT_0406-Burnt Terracotta-M,168.0,,10
twessie-na-bt-0406,Architecture-Cut Burnt Terracotta Bikini Top,<p>A statement piece in Matte Ribbed Knit. This bikini top combines intelligent aesthetic design with impeccable craftsmanship. Available in Burnt Terracotta with Olive Drab detailing. Not loud. Not obvious. Unmistakably Twessie.</p>,Twessie,Bikini Top,"minimalist bikini top, minimalist luxury, Matte Ribbed Knit bikini, independent fashion, luxury Burnt Terracotta swimwear",TRUE,Color,Burnt Terracotta,Size,L,TWESSIE_NA_BT_0406-Burnt Terracotta-L,168.0,,10
twessie-na-bt-0406,Architecture-Cut Burnt Terracotta Bikini Top,<p>A statement piece in Matte Ribbed Knit. This bikini top combines intelligent aesthetic design with impeccable craftsmanship. Available in Burnt Terracotta with Olive Drab detailing. Not loud. Not obvious. Unmistakably Twessie.</p>,Twessie,Bikini Top,"minimalist bikini top, minimalist luxury, Matte Ribbed Knit bikini, independent fashion, luxury Burnt Terracotta swimwear",TRUE,Color,Burnt Terracotta,Size,XL,TWESSIE_NA_BT_0406-Burnt Terracotta-XL,168.0,,10
twessie-na-bt-0406,Architecture-Cut Burnt Terracotta Bikini Top,<p>A statement piece in Matte Ribbed Knit. This bikini top combines intelligent aesthetic design with impeccable craftsmanship. Available in Burnt Terracotta with Olive Drab detailing. Not loud. Not obvious. Unmistakably Twessie.</p>,Twessie,Bikini Top,"minimalist bikini top, minimalist luxury, Matte Ribbed Knit bikini, independent fashion, luxury Burnt Terracotta swimwear",TRUE,Color,Burnt Terracotta,Size,XXL,TWESSIE_NA_BT_0406-Burnt Terracotta-XXL,168.0,,10
twessie-na-bt-0406,Architecture-Cut Burnt Terracotta Bikini Top,<p>A statement piece in Matte Ribbed Knit. This bikini top combines intelligent aesthetic design with impeccable craftsmanship. Available in Burnt Terracotta with Olive Drab detailing. Not loud. Not obvious. Unmistakably Twessie.</p>,Twessie,Bikini Top,"minimalist bikini top, minimalist luxury, Matte Ribbed Knit bikini, independent fashion, luxury Burnt Terracotta swimwear",TRUE,Color,Olive Drab,Size,XS,TWESSIE_NA_BT_0406-Olive Drab-XS,168.0,,10
twessie-na-bt-0406,Architecture-Cut Burnt Terracotta Bikini Top,<p>A statement piece in Matte Ribbed Knit. This bikini top combines intelligent aesthetic design with impeccable craftsmanship. Available in Burnt Terracotta with Olive Drab detailing. Not loud. Not obvious. Unmistakably Twessie.</p>,Twessie,Bikini Top,"minimalist bikini top, minimalist luxury, Matte Ribbed Knit bikini, independent fashion, luxury Burnt Terracotta swimwear",TRUE,Color,Olive Drab,Size,S,TWESSIE_NA_BT_0406-Olive Drab-S,168.0,,10
twessie-na-bt-0406,Architecture-Cut Burnt Terracotta Bikini Top,<p>A statement piece in Matte Ribbed Knit. This bikini top combines intelligent aesthetic design with impeccable craftsmanship. Available in Burnt Terracotta with Olive Drab detailing. Not loud. Not obvious. Unmistakably Twessie.</p>,Twessie,Bikini Top,"minimalist bikini top, minimalist luxury, Matte Ribbed Knit bikini, independent fashion, luxury Burnt Terracotta swimwear",TRUE,Color,Olive Drab,Size,M,TWESSIE_NA_BT_0406-Olive Drab-M,168.0,,10
twessie-na-bt-0406,Architecture-Cut Burnt Terracotta Bikini Top,<p>A statement piece in Matte Ribbed Knit. This bikini top combines intelligent aesthetic design with impeccable craftsmanship. Available in Burnt Terracotta with Olive Drab detailing. Not loud. Not obvious. Unmistakably Twessie.</p>,Twessie,Bikini Top,"minimalist bikini top, minimalist luxury, Matte Ribbed Knit bikini, independent fashion, luxury Burnt Terracotta swimwear",TRUE,Color,Olive Drab,Size,L,TWESSIE_NA_BT_0406-Olive Drab-L,168.0,,10
twessie-na-bt-0406,Architecture-Cut Burnt Terracotta Bikini Top,<p>A statement piece in Matte Ribbed Knit. This bikini top combines intelligent aesthetic design with impeccable craftsmanship. Available in Burnt Terracotta with Olive Drab detailing. Not loud. Not obvious. Unmistakably Twessie.</p>,Twessie,Bikini Top,"minimalist bikini top, minimalist luxury, Matte Ribbed Knit bikini, independent fashion, luxury Burnt Terracotta swimwear",TRUE,Color,Olive Drab,Size,XL,TWESSIE_NA_BT_0406-Olive Drab-XL,168.0,,10
twessie-na-bt-0406,Architecture-Cut Burnt Terracotta Bikini Top,<p>A statement piece in Matte Ribbed Knit. This bikini top combines intelligent aesthetic design with impeccable craftsmanship. Available in Burnt Terracotta with Olive Drab detailing. Not loud. Not obvious. Unmistakably Twessie.</p>,Twessie,Bikini Top,"minimalist bikini top, minimalist luxury, Matte Ribbed Knit bikini, independent fashion, luxury Burnt Terracotta swimwear",TRUE,Color,Olive Drab,Size,XXL,TWESSIE_NA_BT_0406-Olive Drab-XXL,168.0,,10
twessie-au-bb-0407,Structural Econyl Sleek Satin Bikini Bottom,"<p>Econyl Sleek Satin construction meets architectural precision in this bikini bottom. Designed for the intelligent, independent woman. The Obsidian Black colorway with Stone Gray accents creates a sophisticated palette. Pure architectural elegance elegance.</p>",Twessie,Bikini Bottom,"high-end swimwear, Econyl Sleek Satin bikini, minimalist bikini bottom, minimalist luxury, architectural swimsuit",TRUE,Color,Obsidian Black,Size,XS,TWESSIE_AU_BB_0407-Obsidian Black-XS,168.0,,10
twessie-au-bb-0407,Structural Econyl Sleek Satin Bikini Bottom,"<p>Econyl Sleek Satin construction meets architectural precision in this bikini bottom. Designed for the intelligent, independent woman. The Obsidian Black colorway with Stone Gray accents creates a sophisticated palette. Pure architectural elegance elegance.</p>",Twessie,Bikini Bottom,"high-end swimwear, Econyl Sleek Satin bikini, minimalist bikini bottom, minimalist luxury, architectural swimsuit",TRUE,Color,Obsidian Black,Size,S,TWESSIE_AU_BB_0407-Obsidian Black-S,168.0,,10
twessie-au-bb-0407,Structural Econyl Sleek Satin Bikini Bottom,"<p>Econyl Sleek Satin construction meets architectural precision in this bikini bottom. Designed for the intelligent, independent woman. The Obsidian Black colorway with Stone Gray accents creates a sophisticated palette. Pure architectural elegance elegance.</p>",Twessie,Bikini Bottom,"high-end swimwear, Econyl Sleek Satin bikini, minimalist bikini bottom, minimalist luxury, architectural swimsuit",TRUE,Color,Obsidian Black,Size,M,TWESSIE_AU_BB_0407-Obsidian Black-M,168.0,,10
twessie-au-bb-0407,Structural Econyl Sleek Satin Bikini Bottom,"<p>Econyl Sleek Satin construction meets architectural precision in this bikini bottom. Designed for the intelligent, independent woman. The Obsidian Black colorway with Stone Gray accents creates a sophisticated palette. Pure architectural elegance elegance.</p>",Twessie,Bikini Bottom,"high-end swimwear, Econyl Sleek Satin bikini, minimalist bikini bottom, minimalist luxury, architectural swimsuit",TRUE,Color,Obsidian Black,Size,L,TWESSIE_AU_BB_0407-Obsidian Black-L,168.0,,10
twessie-au-bb-0407,Structural Econyl Sleek Satin Bikini Bottom,"<p>Econyl Sleek Satin construction meets architectural precision in this bikini bottom. Designed for the intelligent, independent woman. The Obsidian Black colorway with Stone Gray accents creates a sophisticated palette. Pure architectural elegance elegance.</p>",Twessie,Bikini Bottom,"high-end swimwear, Econyl Sleek Satin bikini, minimalist bikini bottom, minimalist luxury, architectural swimsuit",TRUE,Color,Obsidian Black,Size,XL,TWESSIE_AU_BB_0407-Obsidian Black-XL,168.0,,10
twessie-au-bb-0407,Structural Econyl Sleek Satin Bikini Bottom,"<p>Econyl Sleek Satin construction meets architectural precision in this bikini bottom. Designed for the intelligent, independent woman. The Obsidian Black colorway with Stone Gray accents creates a sophisticated palette. Pure architectural elegance elegance.</p>",Twessie,Bikini Bottom,"high-end swimwear, Econyl Sleek Satin bikini, minimalist bikini bottom, minimalist luxury, architectural swimsuit",TRUE,Color,Obsidian Black,Size,XXL,TWESSIE_AU_BB_0407-Obsidian Black-XXL,168.0,,10
twessie-au-bb-0407,Structural Econyl Sleek Satin Bikini Bottom,"<p>Econyl Sleek Satin construction meets architectural precision in this bikini bottom. Designed for the intelligent, independent woman. The Obsidian Black colorway with Stone Gray accents creates a sophisticated palette. Pure architectural elegance elegance.</p>",Twessie,Bikini Bottom,"high-end swimwear, Econyl Sleek Satin bikini, minimalist bikini bottom, minimalist luxury, architectural swimsuit",TRUE,Color,Stone Gray,Size,XS,TWESSIE_AU_BB_0407-Stone Gray-XS,168.0,,10
twessie-au-bb-0407,Structural Econyl Sleek Satin Bikini Bottom,"<p>Econyl Sleek Satin construction meets architectural precision in this bikini bottom. Designed for the intelligent, independent woman. The Obsidian Black colorway with Stone Gray accents creates a sophisticated palette. Pure architectural elegance elegance.</p>",Twessie,Bikini Bottom,"high-end swimwear, Econyl Sleek Satin bikini, minimalist bikini bottom, minimalist luxury, architectural swimsuit",TRUE,Color,Stone Gray,Size,S,TWESSIE_AU_BB_0407-Stone Gray-S,168.0,,10
twessie-au-bb-0407,Structural Econyl Sleek Satin Bikini Bottom,"<p>Econyl Sleek Satin construction meets architectural precision in this bikini bottom. Designed for the intelligent, independent woman. The Obsidian Black colorway with Stone Gray accents creates a sophisticated palette. Pure architectural elegance elegance.</p>",Twessie,Bikini Bottom,"high-end swimwear, Econyl Sleek Satin bikini, minimalist bikini bottom, minimalist luxury, architectural swimsuit",TRUE,Color,Stone Gray,Size,M,TWESSIE_AU_BB_0407-Stone Gray-M,168.0,,10
twessie-au-bb-0407,Structural Econyl Sleek Satin Bikini Bottom,"<p>Econyl Sleek Satin construction meets architectural precision in this bikini bottom. Designed for the intelligent, independent woman. The Obsidian Black colorway with Stone Gray accents creates a sophisticated palette. Pure architectural elegance elegance.</p>",Twessie,Bikini Bottom,"high-end swimwear, Econyl Sleek Satin bikini, minimalist bikini bottom, minimalist luxury, architectural swimsuit",TRUE,Color,Stone Gray,Size,L,TWESSIE_AU_BB_0407-Stone Gray-L,168.0,,10
twessie-au-bb-0407,Structural Econyl Sleek Satin Bikini Bottom,"<p>Econyl Sleek Satin construction meets architectural precision in this bikini bottom. Designed for the intelligent, independent woman. The Obsidian Black colorway with Stone Gray accents creates a sophisticated palette. Pure architectural elegance elegance.</p>",Twessie,Bikini Bottom,"high-end swimwear, Econyl Sleek Satin bikini, minimalist bikini bottom, minimalist luxury, architectural swimsuit",TRUE,Color,Stone Gray,Size,XL,TWESSIE_AU_BB_0407-Stone Gray-XL,168.0,,10
twessie-au-bb-0407,Structural Econyl Sleek Satin Bikini Bottom,"<p>Econyl Sleek Satin construction meets architectural precision in this bikini bottom. Designed for the intelligent, independent woman. The Obsidian Black colorway with Stone Gray accents creates a sophisticated palette. Pure architectural elegance elegance.</p>",Twessie,Bikini Bottom,"high-end swimwear, Econyl Sleek Satin bikini, minimalist bikini bottom, minimalist luxury, architectural swimsuit",TRUE,Color,Stone Gray,Size,XXL,TWESSIE_AU_BB_0407-Stone Gray-XXL,168.0,,10
twessie-eu-bb-0408,Structural Matte Ribbed Knit Bikini Bottom,<p>A statement piece in Matte Ribbed Knit. This bikini bottom combines anti-fashion statement design with impeccable craftsmanship. Available in Olive Drab with Burnt Terracotta detailing. Not loud. Not obvious. Unmistakably Twessie.</p>,Twessie,Bikini Bottom,"architectural swimsuit, luxury Olive Drab swimwear, high-end swimwear, minimalist bikini bottom, minimalist luxury",TRUE,Color,Olive Drab,Size,XS,TWESSIE_EU_BB_0408-Olive Drab-XS,168.0,,10
twessie-eu-bb-0408,Structural Matte Ribbed Knit Bikini Bottom,<p>A statement piece in Matte Ribbed Knit. This bikini bottom combines anti-fashion statement design with impeccable craftsmanship. Available in Olive Drab with Burnt Terracotta detailing. Not loud. Not obvious. Unmistakably Twessie.</p>,Twessie,Bikini Bottom,"architectural swimsuit, luxury Olive Drab swimwear, high-end swimwear, minimalist bikini bottom, minimalist luxury",TRUE,Color,Olive Drab,Size,S,TWESSIE_EU_BB_0408-Olive Drab-S,168.0,,10
twessie-eu-bb-0408,Structural Matte Ribbed Knit Bikini Bottom,<p>A statement piece in Matte Ribbed Knit. This bikini bottom combines anti-fashion statement design with impeccable craftsmanship. Available in Olive Drab with Burnt Terracotta detailing. Not loud. Not obvious. Unmistakably Twessie.</p>,Twessie,Bikini Bottom,"architectural swimsuit, luxury Olive Drab swimwear, high-end swimwear, minimalist bikini bottom, minimalist luxury",TRUE,Color,Olive Drab,Size,M,TWESSIE_EU_BB_0408-Olive Drab-M,168.0,,10
twessie-eu-bb-0408,Structural Matte Ribbed Knit Bikini Bottom,<p>A statement piece in Matte Ribbed Knit. This bikini bottom combines anti-fashion statement design with impeccable craftsmanship. Available in Olive Drab with Burnt Terracotta detailing. Not loud. Not obvious. Unmistakably Twessie.</p>,Twessie,Bikini Bottom,"architectural swimsuit, luxury Olive Drab swimwear, high-end swimwear, minimalist bikini bottom, minimalist luxury",TRUE,Color,Olive Drab,Size,L,TWESSIE_EU_BB_0408-Olive Drab-L,168.0,,10
twessie-eu-bb-0408,Structural Matte Ribbed Knit Bikini Bottom,<p>A statement piece in Matte Ribbed Knit. This bikini bottom combines anti-fashion statement design with impeccable craftsmanship. Available in Olive Drab with Burnt Terracotta detailing. Not loud. Not obvious. Unmistakably Twessie.</p>,Twessie,Bikini Bottom,"architectural swimsuit, luxury Olive Drab swimwear, high-end swimwear, minimalist bikini bottom, minimalist luxury",TRUE,Color,Olive Drab,Size,XL,TWESSIE_EU_BB_0408-Olive Drab-XL,168.0,,10
twessie-eu-bb-0408,Structural Matte Ribbed Knit Bikini Bottom,<p>A statement piece in Matte Ribbed Knit. This bikini bottom combines anti-fashion statement design with impeccable craftsmanship. Available in Olive Drab with Burnt Terracotta detailing. Not loud. Not obvious. Unmistakably Twessie.</p>,Twessie,Bikini Bottom,"architectural swimsuit, luxury Olive Drab swimwear, high-end swimwear, minimalist bikini bottom, minimalist luxury",TRUE,Color,Olive Drab,Size,XXL,TWESSIE_EU_BB_0408-Olive Drab-XXL,168.0,,10
twessie-eu-bb-0408,Structural Matte Ribbed Knit Bikini Bottom,<p>A statement piece in Matte Ribbed Knit. This bikini bottom combines anti-fashion statement design with impeccable craftsmanship. Available in Olive Drab with Burnt Terracotta detailing. Not loud. Not obvious. Unmistakably Twessie.</p>,Twessie,Bikini Bottom,"architectural swimsuit, luxury Olive Drab swimwear, high-end swimwear, minimalist bikini bottom, minimalist luxury",TRUE,Color,Burnt Terracotta,Size,XS,TWESSIE_EU_BB_0408-Burnt Terracotta-XS,168.0,,10
twessie-eu-bb-0408,Structural Matte Ribbed Knit Bikini Bottom,<p>A statement piece in Matte Ribbed Knit. This bikini bottom combines anti-fashion statement design with impeccable craftsmanship. Available in Olive Drab with Burnt Terracotta detailing. Not loud. Not obvious. Unmistakably Twessie.</p>,Twessie,Bikini Bottom,"architectural swimsuit, luxury Olive Drab swimwear, high-end swimwear, minimalist bikini bottom, minimalist luxury",TRUE,Color,Burnt Terracotta,Size,S,TWESSIE_EU_BB_0408-Burnt Terracotta-S,168.0,,10
twessie-eu-bb-0408,Structural Matte Ribbed Knit Bikini Bottom,<p>A statement piece in Matte Ribbed Knit. This bikini bottom combines anti-fashion statement design with impeccable craftsmanship. Available in Olive Drab with Burnt Terracotta detailing. Not loud. Not obvious. Unmistakably Twessie.</p>,Twessie,Bikini Bottom,"architectural swimsuit, luxury Olive Drab swimwear, high-end swimwear, minimalist bikini bottom, minimalist luxury",TRUE,Color,Burnt Terracotta,Size,M,TWESSIE_EU_BB_0408-Burnt Terracotta-M,168.0,,10
twessie-eu-bb-0408,Structural Matte Ribbed Knit Bikini Bottom,<p>A statement piece in Matte Ribbed Knit. This bikini bottom combines anti-fashion statement design with impeccable craftsmanship. Available in Olive Drab with Burnt Terracotta detailing. Not loud. Not obvious. Unmistakably Twessie.</p>,Twessie,Bikini Bottom,"architectural swimsuit, luxury Olive Drab swimwear, high-end swimwear, minimalist bikini bottom, minimalist luxury",TRUE,Color,Burnt Terracotta,Size,L,TWESSIE_EU_BB_0408-Burnt Terracotta-L,168.0,,10
twessie-eu-bb-0408,Structural Matte Ribbed Knit Bikini Bottom,<p>A statement piece in Matte Ribbed Knit. This bikini bottom combines anti-fashion statement design with impeccable craftsmanship. Available in Olive Drab with Burnt Terracotta detailing. Not loud. Not obvious. Unmistakably Twessie.</p>,Twessie,Bikini Bottom,"architectural swimsuit, luxury Olive Drab swimwear, high-end swimwear, minimalist bikini bottom, minimalist luxury",TRUE,Color,Burnt Terracotta,Size,XL,TWESSIE_EU_BB_0408-Burnt Terracotta-XL,168.0,,10
twessie-eu-bb-0408,Structural Matte Ribbed Knit Bikini Bottom,<p>A statement piece in Matte Ribbed Knit. This bikini bottom combines anti-fashion statement design with impeccable craftsmanship. Available in Olive Drab with Burnt Terracotta detailing. Not loud. Not obvious. Unmistakably Twessie.</p>,Twessie,Bikini Bottom,"architectural swimsuit, luxury Olive Drab swimwear, high-end swimwear, minimalist bikini bottom, minimalist luxury",TRUE,Color,Burnt Terracotta,Size,XXL,TWESSIE_EU_BB_0408-Burnt Terracotta-XXL,168.0,,10
twessie-na-bb-0409,Structural Matte Ribbed Knit Bikini Bottom,"<p>Matte Ribbed Knit construction meets architectural precision in this bikini bottom. Designed for the intelligent, independent woman. The Burnt Terracotta colorway with Olive Drab accents creates a sophisticated palette. Pure anti-fashion statement elegance.</p>",Twessie,Bikini Bottom,"architectural swimsuit, independent fashion, high-end swimwear, luxury Burnt Terracotta swimwear, minimalist bikini bottom",TRUE,Color,Burnt Terracotta,Size,XS,TWESSIE_NA_BB_0409-Burnt Terracotta-XS,168.0,,10
twessie-na-bb-0409,Structural Matte Ribbed Knit Bikini Bottom,"<p>Matte Ribbed Knit construction meets architectural precision in this bikini bottom. Designed for the intelligent, independent woman. The Burnt Terracotta colorway with Olive Drab accents creates a sophisticated palette. Pure anti-fashion statement elegance.</p>",Twessie,Bikini Bottom,"architectural swimsuit, independent fashion, high-end swimwear, luxury Burnt Terracotta swimwear, minimalist bikini bottom",TRUE,Color,Burnt Terracotta,Size,S,TWESSIE_NA_BB_0409-Burnt Terracotta-S,168.0,,10
twessie-na-bb-0409,Structural Matte Ribbed Knit Bikini Bottom,"<p>Matte Ribbed Knit construction meets architectural precision in this bikini bottom. Designed for the intelligent, independent woman. The Burnt Terracotta colorway with Olive Drab accents creates a sophisticated palette. Pure anti-fashion statement elegance.</p>",Twessie,Bikini Bottom,"architectural swimsuit, independent fashion, high-end swimwear, luxury Burnt Terracotta swimwear, minimalist bikini bottom",TRUE,Color,Burnt Terracotta,Size,M,TWESSIE_NA_BB_0409-Burnt Terracotta-M,168.0,,10
twessie-na-bb-0409,Structural Matte Ribbed Knit Bikini Bottom,"<p>Matte Ribbed Knit construction meets architectural precision in this bikini bottom. Designed for the intelligent, independent woman. The Burnt Terracotta colorway with Olive Drab accents creates a sophisticated palette. Pure anti-fashion statement elegance.</p>",Twessie,Bikini Bottom,"architectural swimsuit, independent fashion, high-end swimwear, luxury Burnt Terracotta swimwear, minimalist bikini bottom",TRUE,Color,Burnt Terracotta,Size,L,TWESSIE_NA_BB_0409-Burnt Terracotta-L,168.0,,10
twessie-na-bb-0409,Structural Matte Ribbed Knit Bikini Bottom,"<p>Matte Ribbed Knit construction meets architectural precision in this bikini bottom. Designed for the intelligent, independent woman. The Burnt Terracotta colorway with Olive Drab accents creates a sophisticated palette. Pure anti-fashion statement elegance.</p>",Twessie,Bikini Bottom,"architectural swimsuit, independent fashion, high-end swimwear, luxury Burnt Terracotta swimwear, minimalist bikini bottom",TRUE,Color,Burnt Terracotta,Size,XL,TWESSIE_NA_BB_0409-Burnt Terracotta-XL,168.0,,10
twessie-na-bb-0409,Structural Matte Ribbed Knit Bikini Bottom,"<p>Matte Ribbed Knit construction meets architectural precision in this bikini bottom. Designed for the intelligent, independent woman. The Burnt Terracotta colorway with Olive Drab accents creates a sophisticated palette. Pure anti-fashion statement elegance.</p>",Twessie,Bikini Bottom,"architectural swimsuit, independent fashion, high-end swimwear, luxury Burnt Terracotta swimwear, minimalist bikini bottom",TRUE,Color,Burnt Terracotta,Size,XXL,TWESSIE_NA_BB_0409-Burnt Terracotta-XXL,168.0,,10
twessie-na-bb-0409,Structural Matte Ribbed Knit Bikini Bottom,"<p>Matte Ribbed Knit construction meets architectural precision in this bikini bottom. Designed for the intelligent, independent woman. The Burnt Terracotta colorway with Olive Drab accents creates a sophisticated palette. Pure anti-fashion statement elegance.</p>",Twessie,Bikini Bottom,"architectural swimsuit, independent fashion, high-end swimwear, luxury Burnt Terracotta swimwear, minimalist bikini bottom",TRUE,Color,Olive Drab,Size,XS,TWESSIE_NA_BB_0409-Olive Drab-XS,168.0,,10
twessie-na-bb-0409,Structural Matte Ribbed Knit Bikini Bottom,"<p>Matte Ribbed Knit construction meets architectural precision in this bikini bottom. Designed for the intelligent, independent woman. The Burnt Terracotta colorway with Olive Drab accents creates a sophisticated palette. Pure anti-fashion statement elegance.</p>",Twessie,Bikini Bottom,"architectural swimsuit, independent fashion, high-end swimwear, luxury Burnt Terracotta swimwear, minimalist bikini bottom",TRUE,Color,Olive Drab,Size,S,TWESSIE_NA_BB_0409-Olive Drab-S,168.0,,10
twessie-na-bb-0409,Structural Matte Ribbed Knit Bikini Bottom,"<p>Matte Ribbed Knit construction meets architectural precision in this bikini bottom. Designed for the intelligent, independent woman. The Burnt Terracotta colorway with Olive Drab accents creates a sophisticated palette. Pure anti-fashion statement elegance.</p>",Twessie,Bikini Bottom,"architectural swimsuit, independent fashion, high-end swimwear, luxury Burnt Terracotta swimwear, minimalist bikini bottom",TRUE,Color,Olive Drab,Size,M,TWESSIE_NA_BB_0409-Olive Drab-M,168.0,,10
twessie-na-bb-0409,Structural Matte Ribbed Knit Bikini Bottom,"<p>Matte Ribbed Knit construction meets architectural precision in this bikini bottom. Designed for the intelligent, independent woman. The Burnt Terracotta colorway with Olive Drab accents creates a sophisticated palette. Pure anti-fashion statement elegance.</p>",Twessie,Bikini Bottom,"architectural swimsuit, independent fashion, high-end swimwear, luxury Burnt Terracotta swimwear, minimalist bikini bottom",TRUE,Color,Olive Drab,Size,L,TWESSIE_NA_BB_0409-Olive Drab-L,168.0,,10
twessie-na-bb-0409,Structural Matte Ribbed Knit Bikini Bottom,"<p>Matte Ribbed Knit construction meets architectural precision in this bikini bottom. Designed for the intelligent, independent woman. The Burnt Terracotta colorway with Olive Drab accents creates a sophisticated palette. Pure anti-fashion statement elegance.</p>",Twessie,Bikini Bottom,"architectural swimsuit, independent fashion, high-end swimwear, luxury Burnt Terracotta swimwear, minimalist bikini bottom",TRUE,Color,Olive Drab,Size,XL,TWESSIE_NA_BB_0409-Olive Drab-XL,168.0,,10
twessie-na-bb-0409,Structural Matte Ribbed Knit Bikini Bottom,"<p>Matte Ribbed Knit construction meets architectural precision in this bikini bottom. Designed for the intelligent, independent woman. The Burnt Terracotta colorway with Olive Drab accents creates a sophisticated palette. Pure anti-fashion statement elegance.</p>",Twessie,Bikini Bottom,"architectural swimsuit, independent fashion, high-end swimwear, luxury Burnt Terracotta swimwear, minimalist bikini bottom",TRUE,Color,Olive Drab,Size,XXL,TWESSIE_NA_BB_0409-Olive Drab-XXL,168.0,,10
twessie-jp-ha-0410,Architectural Halter Strap System - Obsidian Black,<p>A statement piece in Econyl Sleek Satin. This halter strap accessory combines anti-fashion statement design with impeccable craftsmanship. Available in Obsidian Black with Olive Drab detailing. Not loud. Not obvious. Unmistakably Twessie.</p>,Twessie,Halter Strap Accessory,"architectural swimsuit, minimalist luxury, luxury Obsidian Black swimwear, minimalist halter strap accessory, Econyl Sleek Satin bikini",TRUE,Color,Obsidian Black,Size,XS,TWESSIE_JP_HA_0410-Obsidian Black-XS,168.0,,10
twessie-jp-ha-0410,Architectural Halter Strap System - Obsidian Black,<p>A statement piece in Econyl Sleek Satin. This halter strap accessory combines anti-fashion statement design with impeccable craftsmanship. Available in Obsidian Black with Olive Drab detailing. Not loud. Not obvious. Unmistakably Twessie.</p>,Twessie,Halter Strap Accessory,"architectural swimsuit, minimalist luxury, luxury Obsidian Black swimwear, minimalist halter strap accessory, Econyl Sleek Satin bikini",TRUE,Color,Obsidian Black,Size,S,TWESSIE_JP_HA_0410-Obsidian Black-S,168.0,,10
twessie-jp-ha-0410,Architectural Halter Strap System - Obsidian Black,<p>A statement piece in Econyl Sleek Satin. This halter strap accessory combines anti-fashion statement design with impeccable craftsmanship. Available in Obsidian Black with Olive Drab detailing. Not loud. Not obvious. Unmistakably Twessie.</p>,Twessie,Halter Strap Accessory,"architectural swimsuit, minimalist luxury, luxury Obsidian Black swimwear, minimalist halter strap accessory, Econyl Sleek Satin bikini",TRUE,Color,Obsidian Black,Size,M,TWESSIE_JP_HA_0410-Obsidian Black-M,168.0,,10
twessie-jp-ha-0410,Architectural Halter Strap System - Obsidian Black,<p>A statement piece in Econyl Sleek Satin. This halter strap accessory combines anti-fashion statement design with impeccable craftsmanship. Available in Obsidian Black with Olive Drab detailing. Not loud. Not obvious. Unmistakably Twessie.</p>,Twessie,Halter Strap Accessory,"architectural swimsuit, minimalist luxury, luxury Obsidian Black swimwear, minimalist halter strap accessory, Econyl Sleek Satin bikini",TRUE,Color,Obsidian Black,Size,L,TWESSIE_JP_HA_0410-Obsidian Black-L,168.0,,10
twessie-jp-ha-0410,Architectural Halter Strap System - Obsidian Black,<p>A statement piece in Econyl Sleek Satin. This halter strap accessory combines anti-fashion statement design with impeccable craftsmanship. Available in Obsidian Black with Olive Drab detailing. Not loud. Not obvious. Unmistakably Twessie.</p>,Twessie,Halter Strap Accessory,"architectural swimsuit, minimalist luxury, luxury Obsidian Black swimwear, minimalist halter strap accessory, Econyl Sleek Satin bikini",TRUE,Color,Obsidian Black,Size,XL,TWESSIE_JP_HA_0410-Obsidian Black-XL,168.0,,10
twessie-jp-ha-0410,Architectural Halter Strap System - Obsidian Black,<p>A statement piece in Econyl Sleek Satin. This halter strap accessory combines anti-fashion statement design with impeccable craftsmanship. Available in Obsidian Black with Olive Drab detailing. Not loud. Not obvious. Unmistakably Twessie.</p>,Twessie,Halter Strap Accessory,"architectural swimsuit, minimalist luxury, luxury Obsidian Black swimwear, minimalist halter strap accessory, Econyl Sleek Satin bikini",TRUE,Color,Obsidian Black,Size,XXL,TWESSIE_JP_HA_0410-Obsidian Black-XXL,168.0,,10
twessie-jp-ha-0410,Architectural Halter Strap System - Obsidian Black,<p>A statement piece in Econyl Sleek Satin. This halter strap accessory combines anti-fashion statement design with impeccable craftsmanship. Available in Obsidian Black with Olive Drab detailing. Not loud. Not obvious. Unmistakably Twessie.</p>,Twessie,Halter Strap Accessory,"architectural swimsuit, minimalist luxury, luxury Obsidian Black swimwear, minimalist halter strap accessory, Econyl Sleek Satin bikini",TRUE,Color,Olive Drab,Size,XS,TWESSIE_JP_HA_0410-Olive Drab-XS,168.0,,10
twessie-jp-ha-0410,Architectural Halter Strap System - Obsidian Black,<p>A statement piece in Econyl Sleek Satin. This halter strap accessory combines anti-fashion statement design with impeccable craftsmanship. Available in Obsidian Black with Olive Drab detailing. Not loud. Not obvious. Unmistakably Twessie.</p>,Twessie,Halter Strap Accessory,"architectural swimsuit, minimalist luxury, luxury Obsidian Black swimwear, minimalist halter strap accessory, Econyl Sleek Satin bikini",TRUE,Color,Olive Drab,Size,S,TWESSIE_JP_HA_0410-Olive Drab-S,168.0,,10
twessie-jp-ha-0410,Architectural Halter Strap System - Obsidian Black,<p>A statement piece in Econyl Sleek Satin. This halter strap accessory combines anti-fashion statement design with impeccable craftsmanship. Available in Obsidian Black with Olive Drab detailing. Not loud. Not obvious. Unmistakably Twessie.</p>,Twessie,Halter Strap Accessory,"architectural swimsuit, minimalist luxury, luxury Obsidian Black swimwear, minimalist halter strap accessory, Econyl Sleek Satin bikini",TRUE,Color,Olive Drab,Size,M,TWESSIE_JP_HA_0410-Olive Drab-M,168.0,,10
twessie-jp-ha-0410,Architectural Halter Strap System - Obsidian Black,<p>A statement piece in Econyl Sleek Satin. This halter strap accessory combines anti-fashion statement design with impeccable craftsmanship. Available in Obsidian Black with Olive Drab detailing. Not loud. Not obvious. Unmistakably Twessie.</p>,Twessie,Halter Strap Accessory,"architectural swimsuit, minimalist luxury, luxury Obsidian Black swimwear, minimalist halter strap accessory, Econyl Sleek Satin bikini",TRUE,Color,Olive Drab,Size,L,TWESSIE_JP_HA_0410-Olive Drab-L,168.0,,10
twessie-jp-ha-0410,Architectural Halter Strap System - Obsidian Black,<p>A statement piece in Econyl Sleek Satin. This halter strap accessory combines anti-fashion statement design with impeccable craftsmanship. Available in Obsidian Black with Olive Drab detailing. Not loud. Not obvious. Unmistakably Twessie.</p>,Twessie,Halter Strap Accessory,"architectural swimsuit, minimalist luxury, luxury Obsidian Black swimwear, minimalist halter strap accessory, Econyl Sleek Satin bikini",TRUE,Color,Olive Drab,Size,XL,TWESSIE_JP_HA_0410-Olive Drab-XL,168.0,,10
twessie-jp-ha-0410,Architectural Halter Strap System - Obsidian Black,<p>A statement piece in Econyl Sleek Satin. This halter strap accessory combines anti-fashion statement design with impeccable craftsmanship. Available in Obsidian Black with Olive Drab detailing. Not loud. Not obvious. Unmistakably Twessie.</p>,Twessie,Halter Strap Accessory,"architectural swimsuit, minimalist luxury, luxury Obsidian Black swimwear, minimalist halter strap accessory, Econyl Sleek Satin bikini",TRUE,Color,Olive Drab,Size,XXL,TWESSIE_JP_HA_0410-Olive Drab-XXL,168.0,,10
twessie-eu-bt-0501,Chalk White Sculptural Crinkled Seersucker Bikini Top,"<p>Crinkled Seersucker construction meets architectural precision in this bikini top. Designed for the intelligent, independent woman. The Chalk White colorway with Stone Gray accents creates a sophisticated palette. Pure architectural elegance elegance.</p>",Twessie,Bikini Top,"minimalist luxury, independent fashion, luxury Chalk White swimwear, minimalist bikini top, architectural swimsuit",TRUE,Color,Chalk White,Size,XS,TWESSIE_EU_BT_0501-Chalk White-XS,168.0,,10
twessie-eu-bt-0501,Chalk White Sculptural Crinkled Seersucker Bikini Top,"<p>Crinkled Seersucker construction meets architectural precision in this bikini top. Designed for the intelligent, independent woman. The Chalk White colorway with Stone Gray accents creates a sophisticated palette. Pure architectural elegance elegance.</p>",Twessie,Bikini Top,"minimalist luxury, independent fashion, luxury Chalk White swimwear, minimalist bikini top, architectural swimsuit",TRUE,Color,Chalk White,Size,S,TWESSIE_EU_BT_0501-Chalk White-S,168.0,,10
twessie-eu-bt-0501,Chalk White Sculptural Crinkled Seersucker Bikini Top,"<p>Crinkled Seersucker construction meets architectural precision in this bikini top. Designed for the intelligent, independent woman. The Chalk White colorway with Stone Gray accents creates a sophisticated palette. Pure architectural elegance elegance.</p>",Twessie,Bikini Top,"minimalist luxury, independent fashion, luxury Chalk White swimwear, minimalist bikini top, architectural swimsuit",TRUE,Color,Chalk White,Size,M,TWESSIE_EU_BT_0501-Chalk White-M,168.0,,10
twessie-eu-bt-0501,Chalk White Sculptural Crinkled Seersucker Bikini Top,"<p>Crinkled Seersucker construction meets architectural precision in this bikini top. Designed for the intelligent, independent woman. The Chalk White colorway with Stone Gray accents creates a sophisticated palette. Pure architectural elegance elegance.</p>",Twessie,Bikini Top,"minimalist luxury, independent fashion, luxury Chalk White swimwear, minimalist bikini top, architectural swimsuit",TRUE,Color,Chalk White,Size,L,TWESSIE_EU_BT_0501-Chalk White-L,168.0,,10
twessie-eu-bt-0501,Chalk White Sculptural Crinkled Seersucker Bikini Top,"<p>Crinkled Seersucker construction meets architectural precision in this bikini top. Designed for the intelligent, independent woman. The Chalk White colorway with Stone Gray accents creates a sophisticated palette. Pure architectural elegance elegance.</p>",Twessie,Bikini Top,"minimalist luxury, independent fashion, luxury Chalk White swimwear, minimalist bikini top, architectural swimsuit",TRUE,Color,Chalk White,Size,XL,TWESSIE_EU_BT_0501-Chalk White-XL,168.0,,10
twessie-eu-bt-0501,Chalk White Sculptural Crinkled Seersucker Bikini Top,"<p>Crinkled Seersucker construction meets architectural precision in this bikini top. Designed for the intelligent, independent woman. The Chalk White colorway with Stone Gray accents creates a sophisticated palette. Pure architectural elegance elegance.</p>",Twessie,Bikini Top,"minimalist luxury, independent fashion, luxury Chalk White swimwear, minimalist bikini top, architectural swimsuit",TRUE,Color,Chalk White,Size,XXL,TWESSIE_EU_BT_0501-Chalk White-XXL,168.0,,10
twessie-eu-bt-0501,Chalk White Sculptural Crinkled Seersucker Bikini Top,"<p>Crinkled Seersucker construction meets architectural precision in this bikini top. Designed for the intelligent, independent woman. The Chalk White colorway with Stone Gray accents creates a sophisticated palette. Pure architectural elegance elegance.</p>",Twessie,Bikini Top,"minimalist luxury, independent fashion, luxury Chalk White swimwear, minimalist bikini top, architectural swimsuit",TRUE,Color,Stone Gray,Size,XS,TWESSIE_EU_BT_0501-Stone Gray-XS,168.0,,10
twessie-eu-bt-0501,Chalk White Sculptural Crinkled Seersucker Bikini Top,"<p>Crinkled Seersucker construction meets architectural precision in this bikini top. Designed for the intelligent, independent woman. The Chalk White colorway with Stone Gray accents creates a sophisticated palette. Pure architectural elegance elegance.</p>",Twessie,Bikini Top,"minimalist luxury, independent fashion, luxury Chalk White swimwear, minimalist bikini top, architectural swimsuit",TRUE,Color,Stone Gray,Size,S,TWESSIE_EU_BT_0501-Stone Gray-S,168.0,,10
twessie-eu-bt-0501,Chalk White Sculptural Crinkled Seersucker Bikini Top,"<p>Crinkled Seersucker construction meets architectural precision in this bikini top. Designed for the intelligent, independent woman. The Chalk White colorway with Stone Gray accents creates a sophisticated palette. Pure architectural elegance elegance.</p>",Twessie,Bikini Top,"minimalist luxury, independent fashion, luxury Chalk White swimwear, minimalist bikini top, architectural swimsuit",TRUE,Color,Stone Gray,Size,M,TWESSIE_EU_BT_0501-Stone Gray-M,168.0,,10
twessie-eu-bt-0501,Chalk White Sculptural Crinkled Seersucker Bikini Top,"<p>Crinkled Seersucker construction meets architectural precision in this bikini top. Designed for the intelligent, independent woman. The Chalk White colorway with Stone Gray accents creates a sophisticated palette. Pure architectural elegance elegance.</p>",Twessie,Bikini Top,"minimalist luxury, independent fashion, luxury Chalk White swimwear, minimalist bikini top, architectural swimsuit",TRUE,Color,Stone Gray,Size,L,TWESSIE_EU_BT_0501-Stone Gray-L,168.0,,10
twessie-eu-bt-0501,Chalk White Sculptural Crinkled Seersucker Bikini Top,"<p>Crinkled Seersucker construction meets architectural precision in this bikini top. Designed for the intelligent, independent woman. The Chalk White colorway with Stone Gray accents creates a sophisticated palette. Pure architectural elegance elegance.</p>",Twessie,Bikini Top,"minimalist luxury, independent fashion, luxury Chalk White swimwear, minimalist bikini top, architectural swimsuit",TRUE,Color,Stone Gray,Size,XL,TWESSIE_EU_BT_0501-Stone Gray-XL,168.0,,10
twessie-eu-bt-0501,Chalk White Sculptural Crinkled Seersucker Bikini Top,"<p>Crinkled Seersucker construction meets architectural precision in this bikini top. Designed for the intelligent, independent woman. The Chalk White colorway with Stone Gray accents creates a sophisticated palette. Pure architectural elegance elegance.</p>",Twessie,Bikini Top,"minimalist luxury, independent fashion, luxury Chalk White swimwear, minimalist bikini top, architectural swimsuit",TRUE,Color,Stone Gray,Size,XXL,TWESSIE_EU_BT_0501-Stone Gray-XXL,168.0,,10
twessie-na-op-0502,Stone Gray Architectural One-Piece Swimsuit,<p>A statement piece in Crinkled Seersucker. This one-piece combines minimalist luxury design with impeccable craftsmanship. Available in Stone Gray with Chalk White detailing. Not loud. Not obvious. Unmistakably Twessie.</p>,Twessie,One-Piece,"minimalist one-piece, luxury Stone Gray swimwear, architectural swimsuit, high-end swimwear, Crinkled Seersucker bikini",TRUE,Color,Stone Gray,Size,XS,TWESSIE_NA_OP_0502-Stone Gray-XS,168.0,,10
twessie-na-op-0502,Stone Gray Architectural One-Piece Swimsuit,<p>A statement piece in Crinkled Seersucker. This one-piece combines minimalist luxury design with impeccable craftsmanship. Available in Stone Gray with Chalk White detailing. Not loud. Not obvious. Unmistakably Twessie.</p>,Twessie,One-Piece,"minimalist one-piece, luxury Stone Gray swimwear, architectural swimsuit, high-end swimwear, Crinkled Seersucker bikini",TRUE,Color,Stone Gray,Size,S,TWESSIE_NA_OP_0502-Stone Gray-S,168.0,,10
twessie-na-op-0502,Stone Gray Architectural One-Piece Swimsuit,<p>A statement piece in Crinkled Seersucker. This one-piece combines minimalist luxury design with impeccable craftsmanship. Available in Stone Gray with Chalk White detailing. Not loud. Not obvious. Unmistakably Twessie.</p>,Twessie,One-Piece,"minimalist one-piece, luxury Stone Gray swimwear, architectural swimsuit, high-end swimwear, Crinkled Seersucker bikini",TRUE,Color,Stone Gray,Size,M,TWESSIE_NA_OP_0502-Stone Gray-M,168.0,,10
twessie-na-op-0502,Stone Gray Architectural One-Piece Swimsuit,<p>A statement piece in Crinkled Seersucker. This one-piece combines minimalist luxury design with impeccable craftsmanship. Available in Stone Gray with Chalk White detailing. Not loud. Not obvious. Unmistakably Twessie.</p>,Twessie,One-Piece,"minimalist one-piece, luxury Stone Gray swimwear, architectural swimsuit, high-end swimwear, Crinkled Seersucker bikini",TRUE,Color,Stone Gray,Size,L,TWESSIE_NA_OP_0502-Stone Gray-L,168.0,,10
twessie-na-op-0502,Stone Gray Architectural One-Piece Swimsuit,<p>A statement piece in Crinkled Seersucker. This one-piece combines minimalist luxury design with impeccable craftsmanship. Available in Stone Gray with Chalk White detailing. Not loud. Not obvious. Unmistakably Twessie.</p>,Twessie,One-Piece,"minimalist one-piece, luxury Stone Gray swimwear, architectural swimsuit, high-end swimwear, Crinkled Seersucker bikini",TRUE,Color,Stone Gray,Size,XL,TWESSIE_NA_OP_0502-Stone Gray-XL,168.0,,10
twessie-na-op-0502,Stone Gray Architectural One-Piece Swimsuit,<p>A statement piece in Crinkled Seersucker. This one-piece combines minimalist luxury design with impeccable craftsmanship. Available in Stone Gray with Chalk White detailing. Not loud. Not obvious. Unmistakably Twessie.</p>,Twessie,One-Piece,"minimalist one-piece, luxury Stone Gray swimwear, architectural swimsuit, high-end swimwear, Crinkled Seersucker bikini",TRUE,Color,Stone Gray,Size,XXL,TWESSIE_NA_OP_0502-Stone Gray-XXL,168.0,,10
twessie-na-op-0502,Stone Gray Architectural One-Piece Swimsuit,<p>A statement piece in Crinkled Seersucker. This one-piece combines minimalist luxury design with impeccable craftsmanship. Available in Stone Gray with Chalk White detailing. Not loud. Not obvious. Unmistakably Twessie.</p>,Twessie,One-Piece,"minimalist one-piece, luxury Stone Gray swimwear, architectural swimsuit, high-end swimwear, Crinkled Seersucker bikini",TRUE,Color,Chalk White,Size,XS,TWESSIE_NA_OP_0502-Chalk White-XS,168.0,,10
twessie-na-op-0502,Stone Gray Architectural One-Piece Swimsuit,<p>A statement piece in Crinkled Seersucker. This one-piece combines minimalist luxury design with impeccable craftsmanship. Available in Stone Gray with Chalk White detailing. Not loud. Not obvious. Unmistakably Twessie.</p>,Twessie,One-Piece,"minimalist one-piece, luxury Stone Gray swimwear, architectural swimsuit, high-end swimwear, Crinkled Seersucker bikini",TRUE,Color,Chalk White,Size,S,TWESSIE_NA_OP_0502-Chalk White-S,168.0,,10
twessie-na-op-0502,Stone Gray Architectural One-Piece Swimsuit,<p>A statement piece in Crinkled Seersucker. This one-piece combines minimalist luxury design with impeccable craftsmanship. Available in Stone Gray with Chalk White detailing. Not loud. Not obvious. Unmistakably Twessie.</p>,Twessie,One-Piece,"minimalist one-piece, luxury Stone Gray swimwear, architectural swimsuit, high-end swimwear, Crinkled Seersucker bikini",TRUE,Color,Chalk White,Size,M,TWESSIE_NA_OP_0502-Chalk White-M,168.0,,10
twessie-na-op-0502,Stone Gray Architectural One-Piece Swimsuit,<p>A statement piece in Crinkled Seersucker. This one-piece combines minimalist luxury design with impeccable craftsmanship. Available in Stone Gray with Chalk White detailing. Not loud. Not obvious. Unmistakably Twessie.</p>,Twessie,One-Piece,"minimalist one-piece, luxury Stone Gray swimwear, architectural swimsuit, high-end swimwear, Crinkled Seersucker bikini",TRUE,Color,Chalk White,Size,L,TWESSIE_NA_OP_0502-Chalk White-L,168.0,,10
twessie-na-op-0502,Stone Gray Architectural One-Piece Swimsuit,<p>A statement piece in Crinkled Seersucker. This one-piece combines minimalist luxury design with impeccable craftsmanship. Available in Stone Gray with Chalk White detailing. Not loud. Not obvious. Unmistakably Twessie.</p>,Twessie,One-Piece,"minimalist one-piece, luxury Stone Gray swimwear, architectural swimsuit, high-end swimwear, Crinkled Seersucker bikini",TRUE,Color,Chalk White,Size,XL,TWESSIE_NA_OP_0502-Chalk White-XL,168.0,,10
twessie-na-op-0502,Stone Gray Architectural One-Piece Swimsuit,<p>A statement piece in Crinkled Seersucker. This one-piece combines minimalist luxury design with impeccable craftsmanship. Available in Stone Gray with Chalk White detailing. Not loud. Not obvious. Unmistakably Twessie.</p>,Twessie,One-Piece,"minimalist one-piece, luxury Stone Gray swimwear, architectural swimsuit, high-end swimwear, Crinkled Seersucker bikini",TRUE,Color,Chalk White,Size,XXL,TWESSIE_NA_OP_0502-Chalk White-XXL,168.0,,10
twessie-jp-bt-0503,Minimalist Olive Drab Textured Bikini Top,"<p>Matte Ribbed Knit construction meets architectural precision in this bikini top. Designed for the intelligent, independent woman. The Olive Drab colorway with Burnt Terracotta accents creates a sophisticated palette. Pure intelligent aesthetic elegance.</p>",Twessie,Bikini Top,"luxury Olive Drab swimwear, minimalist bikini top, high-end swimwear, Matte Ribbed Knit bikini, minimalist luxury",TRUE,Color,Olive Drab,Size,XS,TWESSIE_JP_BT_0503-Olive Drab-XS,168.0,,10
twessie-jp-bt-0503,Minimalist Olive Drab Textured Bikini Top,"<p>Matte Ribbed Knit construction meets architectural precision in this bikini top. Designed for the intelligent, independent woman. The Olive Drab colorway with Burnt Terracotta accents creates a sophisticated palette. Pure intelligent aesthetic elegance.</p>",Twessie,Bikini Top,"luxury Olive Drab swimwear, minimalist bikini top, high-end swimwear, Matte Ribbed Knit bikini, minimalist luxury",TRUE,Color,Olive Drab,Size,S,TWESSIE_JP_BT_0503-Olive Drab-S,168.0,,10
twessie-jp-bt-0503,Minimalist Olive Drab Textured Bikini Top,"<p>Matte Ribbed Knit construction meets architectural precision in this bikini top. Designed for the intelligent, independent woman. The Olive Drab colorway with Burnt Terracotta accents creates a sophisticated palette. Pure intelligent aesthetic elegance.</p>",Twessie,Bikini Top,"luxury Olive Drab swimwear, minimalist bikini top, high-end swimwear, Matte Ribbed Knit bikini, minimalist luxury",TRUE,Color,Olive Drab,Size,M,TWESSIE_JP_BT_0503-Olive Drab-M,168.0,,10
twessie-jp-bt-0503,Minimalist Olive Drab Textured Bikini Top,"<p>Matte Ribbed Knit construction meets architectural precision in this bikini top. Designed for the intelligent, independent woman. The Olive Drab colorway with Burnt Terracotta accents creates a sophisticated palette. Pure intelligent aesthetic elegance.</p>",Twessie,Bikini Top,"luxury Olive Drab swimwear, minimalist bikini top, high-end swimwear, Matte Ribbed Knit bikini, minimalist luxury",TRUE,Color,Olive Drab,Size,L,TWESSIE_JP_BT_0503-Olive Drab-L,168.0,,10
twessie-jp-bt-0503,Minimalist Olive Drab Textured Bikini Top,"<p>Matte Ribbed Knit construction meets architectural precision in this bikini top. Designed for the intelligent, independent woman. The Olive Drab colorway with Burnt Terracotta accents creates a sophisticated palette. Pure intelligent aesthetic elegance.</p>",Twessie,Bikini Top,"luxury Olive Drab swimwear, minimalist bikini top, high-end swimwear, Matte Ribbed Knit bikini, minimalist luxury",TRUE,Color,Olive Drab,Size,XL,TWESSIE_JP_BT_0503-Olive Drab-XL,168.0,,10
twessie-jp-bt-0503,Minimalist Olive Drab Textured Bikini Top,"<p>Matte Ribbed Knit construction meets architectural precision in this bikini top. Designed for the intelligent, independent woman. The Olive Drab colorway with Burnt Terracotta accents creates a sophisticated palette. Pure intelligent aesthetic elegance.</p>",Twessie,Bikini Top,"luxury Olive Drab swimwear, minimalist bikini top, high-end swimwear, Matte Ribbed Knit bikini, minimalist luxury",TRUE,Color,Olive Drab,Size,XXL,TWESSIE_JP_BT_0503-Olive Drab-XXL,168.0,,10
twessie-jp-bt-0503,Minimalist Olive Drab Textured Bikini Top,"<p>Matte Ribbed Knit construction meets architectural precision in this bikini top. Designed for the intelligent, independent woman. The Olive Drab colorway with Burnt Terracotta accents creates a sophisticated palette. Pure intelligent aesthetic elegance.</p>",Twessie,Bikini Top,"luxury Olive Drab swimwear, minimalist bikini top, high-end swimwear, Matte Ribbed Knit bikini, minimalist luxury",TRUE,Color,Burnt Terracotta,Size,XS,TWESSIE_JP_BT_0503-Burnt Terracotta-XS,168.0,,10
twessie-jp-bt-0503,Minimalist Olive Drab Textured Bikini Top,"<p>Matte Ribbed Knit construction meets architectural precision in this bikini top. Designed for the intelligent, independent woman. The Olive Drab colorway with Burnt Terracotta accents creates a sophisticated palette. Pure intelligent aesthetic elegance.</p>",Twessie,Bikini Top,"luxury Olive Drab swimwear, minimalist bikini top, high-end swimwear, Matte Ribbed Knit bikini, minimalist luxury",TRUE,Color,Burnt Terracotta,Size,S,TWESSIE_JP_BT_0503-Burnt Terracotta-S,168.0,,10
twessie-jp-bt-0503,Minimalist Olive Drab Textured Bikini Top,"<p>Matte Ribbed Knit construction meets architectural precision in this bikini top. Designed for the intelligent, independent woman. The Olive Drab colorway with Burnt Terracotta accents creates a sophisticated palette. Pure intelligent aesthetic elegance.</p>",Twessie,Bikini Top,"luxury Olive Drab swimwear, minimalist bikini top, high-end swimwear, Matte Ribbed Knit bikini, minimalist luxury",TRUE,Color,Burnt Terracotta,Size,M,TWESSIE_JP_BT_0503-Burnt Terracotta-M,168.0,,10
twessie-jp-bt-0503,Minimalist Olive Drab Textured Bikini Top,"<p>Matte Ribbed Knit construction meets architectural precision in this bikini top. Designed for the intelligent, independent woman. The Olive Drab colorway with Burnt Terracotta accents creates a sophisticated palette. Pure intelligent aesthetic elegance.</p>",Twessie,Bikini Top,"luxury Olive Drab swimwear, minimalist bikini top, high-end swimwear, Matte Ribbed Knit bikini, minimalist luxury",TRUE,Color,Burnt Terracotta,Size,L,TWESSIE_JP_BT_0503-Burnt Terracotta-L,168.0,,10
twessie-jp-bt-0503,Minimalist Olive Drab Textured Bikini Top,"<p>Matte Ribbed Knit construction meets architectural precision in this bikini top. Designed for the intelligent, independent woman. The Olive Drab colorway with Burnt Terracotta accents creates a sophisticated palette. Pure intelligent aesthetic elegance.</p>",Twessie,Bikini Top,"luxury Olive Drab swimwear, minimalist bikini top, high-end swimwear, Matte Ribbed Knit bikini, minimalist luxury",TRUE,Color,Burnt Terracotta,Size,XL,TWESSIE_JP_BT_0503-Burnt Terracotta-XL,168.0,,10
twessie-jp-bt-0503,Minimalist Olive Drab Textured Bikini Top,"<p>Matte Ribbed Knit construction meets architectural precision in this bikini top. Designed for the intelligent, independent woman. The Olive Drab colorway with Burnt Terracotta accents creates a sophisticated palette. Pure intelligent aesthetic elegance.</p>",Twessie,Bikini Top,"luxury Olive Drab swimwear, minimalist bikini top, high-end swimwear, Matte Ribbed Knit bikini, minimalist luxury",TRUE,Color,Burnt Terracotta,Size,XXL,TWESSIE_JP_BT_0503-Burnt Terracotta-XXL,168.0,,10
twessie-sg-op-0504,Minimalist Crinkled Seersucker One-Piece,<p>A statement piece in Crinkled Seersucker. This one-piece combines minimalist luxury design with impeccable craftsmanship. Available in Chalk White with Stone Gray detailing. Not loud. Not obvious. Unmistakably Twessie.</p>,Twessie,One-Piece,"minimalist one-piece, high-end swimwear, luxury Chalk White swimwear, independent fashion, Crinkled Seersucker bikini",TRUE,Color,Chalk White,Size,XS,TWESSIE_SG_OP_0504-Chalk White-XS,168.0,,10
twessie-sg-op-0504,Minimalist Crinkled Seersucker One-Piece,<p>A statement piece in Crinkled Seersucker. This one-piece combines minimalist luxury design with impeccable craftsmanship. Available in Chalk White with Stone Gray detailing. Not loud. Not obvious. Unmistakably Twessie.</p>,Twessie,One-Piece,"minimalist one-piece, high-end swimwear, luxury Chalk White swimwear, independent fashion, Crinkled Seersucker bikini",TRUE,Color,Chalk White,Size,S,TWESSIE_SG_OP_0504-Chalk White-S,168.0,,10
twessie-sg-op-0504,Minimalist Crinkled Seersucker One-Piece,<p>A statement piece in Crinkled Seersucker. This one-piece combines minimalist luxury design with impeccable craftsmanship. Available in Chalk White with Stone Gray detailing. Not loud. Not obvious. Unmistakably Twessie.</p>,Twessie,One-Piece,"minimalist one-piece, high-end swimwear, luxury Chalk White swimwear, independent fashion, Crinkled Seersucker bikini",TRUE,Color,Chalk White,Size,M,TWESSIE_SG_OP_0504-Chalk White-M,168.0,,10
twessie-sg-op-0504,Minimalist Crinkled Seersucker One-Piece,<p>A statement piece in Crinkled Seersucker. This one-piece combines minimalist luxury design with impeccable craftsmanship. Available in Chalk White with Stone Gray detailing. Not loud. Not obvious. Unmistakably Twessie.</p>,Twessie,One-Piece,"minimalist one-piece, high-end swimwear, luxury Chalk White swimwear, independent fashion, Crinkled Seersucker bikini",TRUE,Color,Chalk White,Size,L,TWESSIE_SG_OP_0504-Chalk White-L,168.0,,10
twessie-sg-op-0504,Minimalist Crinkled Seersucker One-Piece,<p>A statement piece in Crinkled Seersucker. This one-piece combines minimalist luxury design with impeccable craftsmanship. Available in Chalk White with Stone Gray detailing. Not loud. Not obvious. Unmistakably Twessie.</p>,Twessie,One-Piece,"minimalist one-piece, high-end swimwear, luxury Chalk White swimwear, independent fashion, Crinkled Seersucker bikini",TRUE,Color,Chalk White,Size,XL,TWESSIE_SG_OP_0504-Chalk White-XL,168.0,,10
twessie-sg-op-0504,Minimalist Crinkled Seersucker One-Piece,<p>A statement piece in Crinkled Seersucker. This one-piece combines minimalist luxury design with impeccable craftsmanship. Available in Chalk White with Stone Gray detailing. Not loud. Not obvious. Unmistakably Twessie.</p>,Twessie,One-Piece,"minimalist one-piece, high-end swimwear, luxury Chalk White swimwear, independent fashion, Crinkled Seersucker bikini",TRUE,Color,Chalk White,Size,XXL,TWESSIE_SG_OP_0504-Chalk White-XXL,168.0,,10
twessie-sg-op-0504,Minimalist Crinkled Seersucker One-Piece,<p>A statement piece in Crinkled Seersucker. This one-piece combines minimalist luxury design with impeccable craftsmanship. Available in Chalk White with Stone Gray detailing. Not loud. Not obvious. Unmistakably Twessie.</p>,Twessie,One-Piece,"minimalist one-piece, high-end swimwear, luxury Chalk White swimwear, independent fashion, Crinkled Seersucker bikini",TRUE,Color,Stone Gray,Size,XS,TWESSIE_SG_OP_0504-Stone Gray-XS,168.0,,10
twessie-sg-op-0504,Minimalist Crinkled Seersucker One-Piece,<p>A statement piece in Crinkled Seersucker. This one-piece combines minimalist luxury design with impeccable craftsmanship. Available in Chalk White with Stone Gray detailing. Not loud. Not obvious. Unmistakably Twessie.</p>,Twessie,One-Piece,"minimalist one-piece, high-end swimwear, luxury Chalk White swimwear, independent fashion, Crinkled Seersucker bikini",TRUE,Color,Stone Gray,Size,S,TWESSIE_SG_OP_0504-Stone Gray-S,168.0,,10
twessie-sg-op-0504,Minimalist Crinkled Seersucker One-Piece,<p>A statement piece in Crinkled Seersucker. This one-piece combines minimalist luxury design with impeccable craftsmanship. Available in Chalk White with Stone Gray detailing. Not loud. Not obvious. Unmistakably Twessie.</p>,Twessie,One-Piece,"minimalist one-piece, high-end swimwear, luxury Chalk White swimwear, independent fashion, Crinkled Seersucker bikini",TRUE,Color,Stone Gray,Size,M,TWESSIE_SG_OP_0504-Stone Gray-M,168.0,,10
twessie-sg-op-0504,Minimalist Crinkled Seersucker One-Piece,<p>A statement piece in Crinkled Seersucker. This one-piece combines minimalist luxury design with impeccable craftsmanship. Available in Chalk White with Stone Gray detailing. Not loud. Not obvious. Unmistakably Twessie.</p>,Twessie,One-Piece,"minimalist one-piece, high-end swimwear, luxury Chalk White swimwear, independent fashion, Crinkled Seersucker bikini",TRUE,Color,Stone Gray,Size,L,TWESSIE_SG_OP_0504-Stone Gray-L,168.0,,10
twessie-sg-op-0504,Minimalist Crinkled Seersucker One-Piece,<p>A statement piece in Crinkled Seersucker. This one-piece combines minimalist luxury design with impeccable craftsmanship. Available in Chalk White with Stone Gray detailing. Not loud. Not obvious. Unmistakably Twessie.</p>,Twessie,One-Piece,"minimalist one-piece, high-end swimwear, luxury Chalk White swimwear, independent fashion, Crinkled Seersucker bikini",TRUE,Color,Stone Gray,Size,XL,TWESSIE_SG_OP_0504-Stone Gray-XL,168.0,,10
twessie-sg-op-0504,Minimalist Crinkled Seersucker One-Piece,<p>A statement piece in Crinkled Seersucker. This one-piece combines minimalist luxury design with impeccable craftsmanship. Available in Chalk White with Stone Gray detailing. Not loud. Not obvious. Unmistakably Twessie.</p>,Twessie,One-Piece,"minimalist one-piece, high-end swimwear, luxury Chalk White swimwear, independent fashion, Crinkled Seersucker bikini",TRUE,Color,Stone Gray,Size,XXL,TWESSIE_SG_OP_0504-Stone Gray-XXL,168.0,,10
twessie-na-bt-0505,Stone Gray Sculptural Crinkled Seersucker Bikini Top,"<p>Crinkled Seersucker construction meets architectural precision in this bikini top. Designed for the intelligent, independent woman. The Stone Gray colorway with Chalk White accents creates a sophisticated palette. Pure anti-fashion statement elegance.</p>",Twessie,Bikini Top,"luxury Stone Gray swimwear, minimalist bikini top, architectural swimsuit, Crinkled Seersucker bikini, high-end swimwear",TRUE,Color,Stone Gray,Size,XS,TWESSIE_NA_BT_0505-Stone Gray-XS,168.0,,10
twessie-na-bt-0505,Stone Gray Sculptural Crinkled Seersucker Bikini Top,"<p>Crinkled Seersucker construction meets architectural precision in this bikini top. Designed for the intelligent, independent woman. The Stone Gray colorway with Chalk White accents creates a sophisticated palette. Pure anti-fashion statement elegance.</p>",Twessie,Bikini Top,"luxury Stone Gray swimwear, minimalist bikini top, architectural swimsuit, Crinkled Seersucker bikini, high-end swimwear",TRUE,Color,Stone Gray,Size,S,TWESSIE_NA_BT_0505-Stone Gray-S,168.0,,10
twessie-na-bt-0505,Stone Gray Sculptural Crinkled Seersucker Bikini Top,"<p>Crinkled Seersucker construction meets architectural precision in this bikini top. Designed for the intelligent, independent woman. The Stone Gray colorway with Chalk White accents creates a sophisticated palette. Pure anti-fashion statement elegance.</p>",Twessie,Bikini Top,"luxury Stone Gray swimwear, minimalist bikini top, architectural swimsuit, Crinkled Seersucker bikini, high-end swimwear",TRUE,Color,Stone Gray,Size,M,TWESSIE_NA_BT_0505-Stone Gray-M,168.0,,10
twessie-na-bt-0505,Stone Gray Sculptural Crinkled Seersucker Bikini Top,"<p>Crinkled Seersucker construction meets architectural precision in this bikini top. Designed for the intelligent, independent woman. The Stone Gray colorway with Chalk White accents creates a sophisticated palette. Pure anti-fashion statement elegance.</p>",Twessie,Bikini Top,"luxury Stone Gray swimwear, minimalist bikini top, architectural swimsuit, Crinkled Seersucker bikini, high-end swimwear",TRUE,Color,Stone Gray,Size,L,TWESSIE_NA_BT_0505-Stone Gray-L,168.0,,10
twessie-na-bt-0505,Stone Gray Sculptural Crinkled Seersucker Bikini Top,"<p>Crinkled Seersucker construction meets architectural precision in this bikini top. Designed for the intelligent, independent woman. The Stone Gray colorway with Chalk White accents creates a sophisticated palette. Pure anti-fashion statement elegance.</p>",Twessie,Bikini Top,"luxury Stone Gray swimwear, minimalist bikini top, architectural swimsuit, Crinkled Seersucker bikini, high-end swimwear",TRUE,Color,Stone Gray,Size,XL,TWESSIE_NA_BT_0505-Stone Gray-XL,168.0,,10
twessie-na-bt-0505,Stone Gray Sculptural Crinkled Seersucker Bikini Top,"<p>Crinkled Seersucker construction meets architectural precision in this bikini top. Designed for the intelligent, independent woman. The Stone Gray colorway with Chalk White accents creates a sophisticated palette. Pure anti-fashion statement elegance.</p>",Twessie,Bikini Top,"luxury Stone Gray swimwear, minimalist bikini top, architectural swimsuit, Crinkled Seersucker bikini, high-end swimwear",TRUE,Color,Stone Gray,Size,XXL,TWESSIE_NA_BT_0505-Stone Gray-XXL,168.0,,10
twessie-na-bt-0505,Stone Gray Sculptural Crinkled Seersucker Bikini Top,"<p>Crinkled Seersucker construction meets architectural precision in this bikini top. Designed for the intelligent, independent woman. The Stone Gray colorway with Chalk White accents creates a sophisticated palette. Pure anti-fashion statement elegance.</p>",Twessie,Bikini Top,"luxury Stone Gray swimwear, minimalist bikini top, architectural swimsuit, Crinkled Seersucker bikini, high-end swimwear",TRUE,Color,Chalk White,Size,XS,TWESSIE_NA_BT_0505-Chalk White-XS,168.0,,10
twessie-na-bt-0505,Stone Gray Sculptural Crinkled Seersucker Bikini Top,"<p>Crinkled Seersucker construction meets architectural precision in this bikini top. Designed for the intelligent, independent woman. The Stone Gray colorway with Chalk White accents creates a sophisticated palette. Pure anti-fashion statement elegance.</p>",Twessie,Bikini Top,"luxury Stone Gray swimwear, minimalist bikini top, architectural swimsuit, Crinkled Seersucker bikini, high-end swimwear",TRUE,Color,Chalk White,Size,S,TWESSIE_NA_BT_0505-Chalk White-S,168.0,,10
twessie-na-bt-0505,Stone Gray Sculptural Crinkled Seersucker Bikini Top,"<p>Crinkled Seersucker construction meets architectural precision in this bikini top. Designed for the intelligent, independent woman. The Stone Gray colorway with Chalk White accents creates a sophisticated palette. Pure anti-fashion statement elegance.</p>",Twessie,Bikini Top,"luxury Stone Gray swimwear, minimalist bikini top, architectural swimsuit, Crinkled Seersucker bikini, high-end swimwear",TRUE,Color,Chalk White,Size,M,TWESSIE_NA_BT_0505-Chalk White-M,168.0,,10
twessie-na-bt-0505,Stone Gray Sculptural Crinkled Seersucker Bikini Top,"<p>Crinkled Seersucker construction meets architectural precision in this bikini top. Designed for the intelligent, independent woman. The Stone Gray colorway with Chalk White accents creates a sophisticated palette. Pure anti-fashion statement elegance.</p>",Twessie,Bikini Top,"luxury Stone Gray swimwear, minimalist bikini top, architectural swimsuit, Crinkled Seersucker bikini, high-end swimwear",TRUE,Color,Chalk White,Size,L,TWESSIE_NA_BT_0505-Chalk White-L,168.0,,10
twessie-na-bt-0505,Stone Gray Sculptural Crinkled Seersucker Bikini Top,"<p>Crinkled Seersucker construction meets architectural precision in this bikini top. Designed for the intelligent, independent woman. The Stone Gray colorway with Chalk White accents creates a sophisticated palette. Pure anti-fashion statement elegance.</p>",Twessie,Bikini Top,"luxury Stone Gray swimwear, minimalist bikini top, architectural swimsuit, Crinkled Seersucker bikini, high-end swimwear",TRUE,Color,Chalk White,Size,XL,TWESSIE_NA_BT_0505-Chalk White-XL,168.0,,10
twessie-na-bt-0505,Stone Gray Sculptural Crinkled Seersucker Bikini Top,"<p>Crinkled Seersucker construction meets architectural precision in this bikini top. Designed for the intelligent, independent woman. The Stone Gray colorway with Chalk White accents creates a sophisticated palette. Pure anti-fashion statement elegance.</p>",Twessie,Bikini Top,"luxury Stone Gray swimwear, minimalist bikini top, architectural swimsuit, Crinkled Seersucker bikini, high-end swimwear",TRUE,Color,Chalk White,Size,XXL,TWESSIE_NA_BT_0505-Chalk White-XXL,168.0,,10
twessie-sg-bt-0506,Architecture-Cut Burnt Terracotta Bikini Top,<p>A statement piece in Matte Ribbed Knit. This bikini top combines rebellious yet refined design with impeccable craftsmanship. Available in Burnt Terracotta with Olive Drab detailing. Not loud. Not obvious. Unmistakably Twessie.</p>,Twessie,Bikini Top,"independent fashion, minimalist bikini top, architectural swimsuit, high-end swimwear, Matte Ribbed Knit bikini",TRUE,Color,Burnt Terracotta,Size,XS,TWESSIE_SG_BT_0506-Burnt Terracotta-XS,168.0,,10
twessie-sg-bt-0506,Architecture-Cut Burnt Terracotta Bikini Top,<p>A statement piece in Matte Ribbed Knit. This bikini top combines rebellious yet refined design with impeccable craftsmanship. Available in Burnt Terracotta with Olive Drab detailing. Not loud. Not obvious. Unmistakably Twessie.</p>,Twessie,Bikini Top,"independent fashion, minimalist bikini top, architectural swimsuit, high-end swimwear, Matte Ribbed Knit bikini",TRUE,Color,Burnt Terracotta,Size,S,TWESSIE_SG_BT_0506-Burnt Terracotta-S,168.0,,10
twessie-sg-bt-0506,Architecture-Cut Burnt Terracotta Bikini Top,<p>A statement piece in Matte Ribbed Knit. This bikini top combines rebellious yet refined design with impeccable craftsmanship. Available in Burnt Terracotta with Olive Drab detailing. Not loud. Not obvious. Unmistakably Twessie.</p>,Twessie,Bikini Top,"independent fashion, minimalist bikini top, architectural swimsuit, high-end swimwear, Matte Ribbed Knit bikini",TRUE,Color,Burnt Terracotta,Size,M,TWESSIE_SG_BT_0506-Burnt Terracotta-M,168.0,,10
twessie-sg-bt-0506,Architecture-Cut Burnt Terracotta Bikini Top,<p>A statement piece in Matte Ribbed Knit. This bikini top combines rebellious yet refined design with impeccable craftsmanship. Available in Burnt Terracotta with Olive Drab detailing. Not loud. Not obvious. Unmistakably Twessie.</p>,Twessie,Bikini Top,"independent fashion, minimalist bikini top, architectural swimsuit, high-end swimwear, Matte Ribbed Knit bikini",TRUE,Color,Burnt Terracotta,Size,L,TWESSIE_SG_BT_0506-Burnt Terracotta-L,168.0,,10
twessie-sg-bt-0506,Architecture-Cut Burnt Terracotta Bikini Top,<p>A statement piece in Matte Ribbed Knit. This bikini top combines rebellious yet refined design with impeccable craftsmanship. Available in Burnt Terracotta with Olive Drab detailing. Not loud. Not obvious. Unmistakably Twessie.</p>,Twessie,Bikini Top,"independent fashion, minimalist bikini top, architectural swimsuit, high-end swimwear, Matte Ribbed Knit bikini",TRUE,Color,Burnt Terracotta,Size,XL,TWESSIE_SG_BT_0506-Burnt Terracotta-XL,168.0,,10
twessie-sg-bt-0506,Architecture-Cut Burnt Terracotta Bikini Top,<p>A statement piece in Matte Ribbed Knit. This bikini top combines rebellious yet refined design with impeccable craftsmanship. Available in Burnt Terracotta with Olive Drab detailing. Not loud. Not obvious. Unmistakably Twessie.</p>,Twessie,Bikini Top,"independent fashion, minimalist bikini top, architectural swimsuit, high-end swimwear, Matte Ribbed Knit bikini",TRUE,Color,Burnt Terracotta,Size,XXL,TWESSIE_SG_BT_0506-Burnt Terracotta-XXL,168.0,,10
twessie-sg-bt-0506,Architecture-Cut Burnt Terracotta Bikini Top,<p>A statement piece in Matte Ribbed Knit. This bikini top combines rebellious yet refined design with impeccable craftsmanship. Available in Burnt Terracotta with Olive Drab detailing. Not loud. Not obvious. Unmistakably Twessie.</p>,Twessie,Bikini Top,"independent fashion, minimalist bikini top, architectural swimsuit, high-end swimwear, Matte Ribbed Knit bikini",TRUE,Color,Olive Drab,Size,XS,TWESSIE_SG_BT_0506-Olive Drab-XS,168.0,,10
twessie-sg-bt-0506,Architecture-Cut Burnt Terracotta Bikini Top,<p>A statement piece in Matte Ribbed Knit. This bikini top combines rebellious yet refined design with impeccable craftsmanship. Available in Burnt Terracotta with Olive Drab detailing. Not loud. Not obvious. Unmistakably Twessie.</p>,Twessie,Bikini Top,"independent fashion, minimalist bikini top, architectural swimsuit, high-end swimwear, Matte Ribbed Knit bikini",TRUE,Color,Olive Drab,Size,S,TWESSIE_SG_BT_0506-Olive Drab-S,168.0,,10
twessie-sg-bt-0506,Architecture-Cut Burnt Terracotta Bikini Top,<p>A statement piece in Matte Ribbed Knit. This bikini top combines rebellious yet refined design with impeccable craftsmanship. Available in Burnt Terracotta with Olive Drab detailing. Not loud. Not obvious. Unmistakably Twessie.</p>,Twessie,Bikini Top,"independent fashion, minimalist bikini top, architectural swimsuit, high-end swimwear, Matte Ribbed Knit bikini",TRUE,Color,Olive Drab,Size,M,TWESSIE_SG_BT_0506-Olive Drab-M,168.0,,10
twessie-sg-bt-0506,Architecture-Cut Burnt Terracotta Bikini Top,<p>A statement piece in Matte Ribbed Knit. This bikini top combines rebellious yet refined design with impeccable craftsmanship. Available in Burnt Terracotta with Olive Drab detailing. Not loud. Not obvious. Unmistakably Twessie.</p>,Twessie,Bikini Top,"independent fashion, minimalist bikini top, architectural swimsuit, high-end swimwear, Matte Ribbed Knit bikini",TRUE,Color,Olive Drab,Size,L,TWESSIE_SG_BT_0506-Olive Drab-L,168.0,,10
twessie-sg-bt-0506,Architecture-Cut Burnt Terracotta Bikini Top,<p>A statement piece in Matte Ribbed Knit. This bikini top combines rebellious yet refined design with impeccable craftsmanship. Available in Burnt Terracotta with Olive Drab detailing. Not loud. Not obvious. Unmistakably Twessie.</p>,Twessie,Bikini Top,"independent fashion, minimalist bikini top, architectural swimsuit, high-end swimwear, Matte Ribbed Knit bikini",TRUE,Color,Olive Drab,Size,XL,TWESSIE_SG_BT_0506-Olive Drab-XL,168.0,,10
twessie-sg-bt-0506,Architecture-Cut Burnt Terracotta Bikini Top,<p>A statement piece in Matte Ribbed Knit. This bikini top combines rebellious yet refined design with impeccable craftsmanship. Available in Burnt Terracotta with Olive Drab detailing. Not loud. Not obvious. Unmistakably Twessie.</p>,Twessie,Bikini Top,"independent fashion, minimalist bikini top, architectural swimsuit, high-end swimwear, Matte Ribbed Knit bikini",TRUE,Color,Olive Drab,Size,XXL,TWESSIE_SG_BT_0506-Olive Drab-XXL,168.0,,10
twessie-eu-bt-0507,Minimalist Stone Gray Textured Bikini Top,<p>A statement piece in Crinkled Seersucker. This bikini top combines rebellious yet refined design with impeccable craftsmanship. Available in Stone Gray with Chalk White detailing. Not loud. Not obvious. Unmistakably Twessie.</p>,Twessie,Bikini Top,"minimalist luxury, Crinkled Seersucker bikini, high-end swimwear, architectural swimsuit, independent fashion",TRUE,Color,Stone Gray,Size,XS,TWESSIE_EU_BT_0507-Stone Gray-XS,168.0,,10
twessie-eu-bt-0507,Minimalist Stone Gray Textured Bikini Top,<p>A statement piece in Crinkled Seersucker. This bikini top combines rebellious yet refined design with impeccable craftsmanship. Available in Stone Gray with Chalk White detailing. Not loud. Not obvious. Unmistakably Twessie.</p>,Twessie,Bikini Top,"minimalist luxury, Crinkled Seersucker bikini, high-end swimwear, architectural swimsuit, independent fashion",TRUE,Color,Stone Gray,Size,S,TWESSIE_EU_BT_0507-Stone Gray-S,168.0,,10
twessie-eu-bt-0507,Minimalist Stone Gray Textured Bikini Top,<p>A statement piece in Crinkled Seersucker. This bikini top combines rebellious yet refined design with impeccable craftsmanship. Available in Stone Gray with Chalk White detailing. Not loud. Not obvious. Unmistakably Twessie.</p>,Twessie,Bikini Top,"minimalist luxury, Crinkled Seersucker bikini, high-end swimwear, architectural swimsuit, independent fashion",TRUE,Color,Stone Gray,Size,M,TWESSIE_EU_BT_0507-Stone Gray-M,168.0,,10
twessie-eu-bt-0507,Minimalist Stone Gray Textured Bikini Top,<p>A statement piece in Crinkled Seersucker. This bikini top combines rebellious yet refined design with impeccable craftsmanship. Available in Stone Gray with Chalk White detailing. Not loud. Not obvious. Unmistakably Twessie.</p>,Twessie,Bikini Top,"minimalist luxury, Crinkled Seersucker bikini, high-end swimwear, architectural swimsuit, independent fashion",TRUE,Color,Stone Gray,Size,L,TWESSIE_EU_BT_0507-Stone Gray-L,168.0,,10
twessie-eu-bt-0507,Minimalist Stone Gray Textured Bikini Top,<p>A statement piece in Crinkled Seersucker. This bikini top combines rebellious yet refined design with impeccable craftsmanship. Available in Stone Gray with Chalk White detailing. Not loud. Not obvious. Unmistakably Twessie.</p>,Twessie,Bikini Top,"minimalist luxury, Crinkled Seersucker bikini, high-end swimwear, architectural swimsuit, independent fashion",TRUE,Color,Stone Gray,Size,XL,TWESSIE_EU_BT_0507-Stone Gray-XL,168.0,,10
twessie-eu-bt-0507,Minimalist Stone Gray Textured Bikini Top,<p>A statement piece in Crinkled Seersucker. This bikini top combines rebellious yet refined design with impeccable craftsmanship. Available in Stone Gray with Chalk White detailing. Not loud. Not obvious. Unmistakably Twessie.</p>,Twessie,Bikini Top,"minimalist luxury, Crinkled Seersucker bikini, high-end swimwear, architectural swimsuit, independent fashion",TRUE,Color,Stone Gray,Size,XXL,TWESSIE_EU_BT_0507-Stone Gray-XXL,168.0,,10
twessie-eu-bt-0507,Minimalist Stone Gray Textured Bikini Top,<p>A statement piece in Crinkled Seersucker. This bikini top combines rebellious yet refined design with impeccable craftsmanship. Available in Stone Gray with Chalk White detailing. Not loud. Not obvious. Unmistakably Twessie.</p>,Twessie,Bikini Top,"minimalist luxury, Crinkled Seersucker bikini, high-end swimwear, architectural swimsuit, independent fashion",TRUE,Color,Chalk White,Size,XS,TWESSIE_EU_BT_0507-Chalk White-XS,168.0,,10
twessie-eu-bt-0507,Minimalist Stone Gray Textured Bikini Top,<p>A statement piece in Crinkled Seersucker. This bikini top combines rebellious yet refined design with impeccable craftsmanship. Available in Stone Gray with Chalk White detailing. Not loud. Not obvious. Unmistakably Twessie.</p>,Twessie,Bikini Top,"minimalist luxury, Crinkled Seersucker bikini, high-end swimwear, architectural swimsuit, independent fashion",TRUE,Color,Chalk White,Size,S,TWESSIE_EU_BT_0507-Chalk White-S,168.0,,10
twessie-eu-bt-0507,Minimalist Stone Gray Textured Bikini Top,<p>A statement piece in Crinkled Seersucker. This bikini top combines rebellious yet refined design with impeccable craftsmanship. Available in Stone Gray with Chalk White detailing. Not loud. Not obvious. Unmistakably Twessie.</p>,Twessie,Bikini Top,"minimalist luxury, Crinkled Seersucker bikini, high-end swimwear, architectural swimsuit, independent fashion",TRUE,Color,Chalk White,Size,M,TWESSIE_EU_BT_0507-Chalk White-M,168.0,,10
twessie-eu-bt-0507,Minimalist Stone Gray Textured Bikini Top,<p>A statement piece in Crinkled Seersucker. This bikini top combines rebellious yet refined design with impeccable craftsmanship. Available in Stone Gray with Chalk White detailing. Not loud. Not obvious. Unmistakably Twessie.</p>,Twessie,Bikini Top,"minimalist luxury, Crinkled Seersucker bikini, high-end swimwear, architectural swimsuit, independent fashion",TRUE,Color,Chalk White,Size,L,TWESSIE_EU_BT_0507-Chalk White-L,168.0,,10
twessie-eu-bt-0507,Minimalist Stone Gray Textured Bikini Top,<p>A statement piece in Crinkled Seersucker. This bikini top combines rebellious yet refined design with impeccable craftsmanship. Available in Stone Gray with Chalk White detailing. Not loud. Not obvious. Unmistakably Twessie.</p>,Twessie,Bikini Top,"minimalist luxury, Crinkled Seersucker bikini, high-end swimwear, architectural swimsuit, independent fashion",TRUE,Color,Chalk White,Size,XL,TWESSIE_EU_BT_0507-Chalk White-XL,168.0,,10
twessie-eu-bt-0507,Minimalist Stone Gray Textured Bikini Top,<p>A statement piece in Crinkled Seersucker. This bikini top combines rebellious yet refined design with impeccable craftsmanship. Available in Stone Gray with Chalk White detailing. Not loud. Not obvious. Unmistakably Twessie.</p>,Twessie,Bikini Top,"minimalist luxury, Crinkled Seersucker bikini, high-end swimwear, architectural swimsuit, independent fashion",TRUE,Color,Chalk White,Size,XXL,TWESSIE_EU_BT_0507-Chalk White-XXL,168.0,,10
twessie-na-op-0508,Sculptural Obsidian Black Monokini,<p>Crafted in premium Econyl Sleek Satin with Crinkled Seersucker accents. This one-piece epitomizes rebellious yet refined luxury. Featuring color-blocking in Obsidian Black and Chalk White. Perfect for the discerning swimmer who refuses the obvious.</p>,Twessie,One-Piece,"minimalist one-piece, high-end swimwear, luxury Obsidian Black swimwear, architectural swimsuit, independent fashion",TRUE,Color,Obsidian Black,Size,XS,TWESSIE_NA_OP_0508-Obsidian Black-XS,168.0,,10
twessie-na-op-0508,Sculptural Obsidian Black Monokini,<p>Crafted in premium Econyl Sleek Satin with Crinkled Seersucker accents. This one-piece epitomizes rebellious yet refined luxury. Featuring color-blocking in Obsidian Black and Chalk White. Perfect for the discerning swimmer who refuses the obvious.</p>,Twessie,One-Piece,"minimalist one-piece, high-end swimwear, luxury Obsidian Black swimwear, architectural swimsuit, independent fashion",TRUE,Color,Obsidian Black,Size,S,TWESSIE_NA_OP_0508-Obsidian Black-S,168.0,,10
twessie-na-op-0508,Sculptural Obsidian Black Monokini,<p>Crafted in premium Econyl Sleek Satin with Crinkled Seersucker accents. This one-piece epitomizes rebellious yet refined luxury. Featuring color-blocking in Obsidian Black and Chalk White. Perfect for the discerning swimmer who refuses the obvious.</p>,Twessie,One-Piece,"minimalist one-piece, high-end swimwear, luxury Obsidian Black swimwear, architectural swimsuit, independent fashion",TRUE,Color,Obsidian Black,Size,M,TWESSIE_NA_OP_0508-Obsidian Black-M,168.0,,10
twessie-na-op-0508,Sculptural Obsidian Black Monokini,<p>Crafted in premium Econyl Sleek Satin with Crinkled Seersucker accents. This one-piece epitomizes rebellious yet refined luxury. Featuring color-blocking in Obsidian Black and Chalk White. Perfect for the discerning swimmer who refuses the obvious.</p>,Twessie,One-Piece,"minimalist one-piece, high-end swimwear, luxury Obsidian Black swimwear, architectural swimsuit, independent fashion",TRUE,Color,Obsidian Black,Size,L,TWESSIE_NA_OP_0508-Obsidian Black-L,168.0,,10
twessie-na-op-0508,Sculptural Obsidian Black Monokini,<p>Crafted in premium Econyl Sleek Satin with Crinkled Seersucker accents. This one-piece epitomizes rebellious yet refined luxury. Featuring color-blocking in Obsidian Black and Chalk White. Perfect for the discerning swimmer who refuses the obvious.</p>,Twessie,One-Piece,"minimalist one-piece, high-end swimwear, luxury Obsidian Black swimwear, architectural swimsuit, independent fashion",TRUE,Color,Obsidian Black,Size,XL,TWESSIE_NA_OP_0508-Obsidian Black-XL,168.0,,10
twessie-na-op-0508,Sculptural Obsidian Black Monokini,<p>Crafted in premium Econyl Sleek Satin with Crinkled Seersucker accents. This one-piece epitomizes rebellious yet refined luxury. Featuring color-blocking in Obsidian Black and Chalk White. Perfect for the discerning swimmer who refuses the obvious.</p>,Twessie,One-Piece,"minimalist one-piece, high-end swimwear, luxury Obsidian Black swimwear, architectural swimsuit, independent fashion",TRUE,Color,Obsidian Black,Size,XXL,TWESSIE_NA_OP_0508-Obsidian Black-XXL,168.0,,10
twessie-na-op-0508,Sculptural Obsidian Black Monokini,<p>Crafted in premium Econyl Sleek Satin with Crinkled Seersucker accents. This one-piece epitomizes rebellious yet refined luxury. Featuring color-blocking in Obsidian Black and Chalk White. Perfect for the discerning swimmer who refuses the obvious.</p>,Twessie,One-Piece,"minimalist one-piece, high-end swimwear, luxury Obsidian Black swimwear, architectural swimsuit, independent fashion",TRUE,Color,Chalk White,Size,XS,TWESSIE_NA_OP_0508-Chalk White-XS,168.0,,10
twessie-na-op-0508,Sculptural Obsidian Black Monokini,<p>Crafted in premium Econyl Sleek Satin with Crinkled Seersucker accents. This one-piece epitomizes rebellious yet refined luxury. Featuring color-blocking in Obsidian Black and Chalk White. Perfect for the discerning swimmer who refuses the obvious.</p>,Twessie,One-Piece,"minimalist one-piece, high-end swimwear, luxury Obsidian Black swimwear, architectural swimsuit, independent fashion",TRUE,Color,Chalk White,Size,S,TWESSIE_NA_OP_0508-Chalk White-S,168.0,,10
twessie-na-op-0508,Sculptural Obsidian Black Monokini,<p>Crafted in premium Econyl Sleek Satin with Crinkled Seersucker accents. This one-piece epitomizes rebellious yet refined luxury. Featuring color-blocking in Obsidian Black and Chalk White. Perfect for the discerning swimmer who refuses the obvious.</p>,Twessie,One-Piece,"minimalist one-piece, high-end swimwear, luxury Obsidian Black swimwear, architectural swimsuit, independent fashion",TRUE,Color,Chalk White,Size,M,TWESSIE_NA_OP_0508-Chalk White-M,168.0,,10
twessie-na-op-0508,Sculptural Obsidian Black Monokini,<p>Crafted in premium Econyl Sleek Satin with Crinkled Seersucker accents. This one-piece epitomizes rebellious yet refined luxury. Featuring color-blocking in Obsidian Black and Chalk White. Perfect for the discerning swimmer who refuses the obvious.</p>,Twessie,One-Piece,"minimalist one-piece, high-end swimwear, luxury Obsidian Black swimwear, architectural swimsuit, independent fashion",TRUE,Color,Chalk White,Size,L,TWESSIE_NA_OP_0508-Chalk White-L,168.0,,10
twessie-na-op-0508,Sculptural Obsidian Black Monokini,<p>Crafted in premium Econyl Sleek Satin with Crinkled Seersucker accents. This one-piece epitomizes rebellious yet refined luxury. Featuring color-blocking in Obsidian Black and Chalk White. Perfect for the discerning swimmer who refuses the obvious.</p>,Twessie,One-Piece,"minimalist one-piece, high-end swimwear, luxury Obsidian Black swimwear, architectural swimsuit, independent fashion",TRUE,Color,Chalk White,Size,XL,TWESSIE_NA_OP_0508-Chalk White-XL,168.0,,10
twessie-na-op-0508,Sculptural Obsidian Black Monokini,<p>Crafted in premium Econyl Sleek Satin with Crinkled Seersucker accents. This one-piece epitomizes rebellious yet refined luxury. Featuring color-blocking in Obsidian Black and Chalk White. Perfect for the discerning swimmer who refuses the obvious.</p>,Twessie,One-Piece,"minimalist one-piece, high-end swimwear, luxury Obsidian Black swimwear, architectural swimsuit, independent fashion",TRUE,Color,Chalk White,Size,XXL,TWESSIE_NA_OP_0508-Chalk White-XXL,168.0,,10
twessie-sg-bb-0509,Obsidian Black Minimalist Econyl Sleek Satin Bikini Bottom,<p>A statement piece in Econyl Sleek Satin. This bikini bottom combines rebellious yet refined design with impeccable craftsmanship. Available in Obsidian Black with Stone Gray detailing. Not loud. Not obvious. Unmistakably Twessie.</p>,Twessie,Bikini Bottom,"architectural swimsuit, high-end swimwear, Econyl Sleek Satin bikini, independent fashion, minimalist bikini bottom",TRUE,Color,Obsidian Black,Size,XS,TWESSIE_SG_BB_0509-Obsidian Black-XS,168.0,,10
twessie-sg-bb-0509,Obsidian Black Minimalist Econyl Sleek Satin Bikini Bottom,<p>A statement piece in Econyl Sleek Satin. This bikini bottom combines rebellious yet refined design with impeccable craftsmanship. Available in Obsidian Black with Stone Gray detailing. Not loud. Not obvious. Unmistakably Twessie.</p>,Twessie,Bikini Bottom,"architectural swimsuit, high-end swimwear, Econyl Sleek Satin bikini, independent fashion, minimalist bikini bottom",TRUE,Color,Obsidian Black,Size,S,TWESSIE_SG_BB_0509-Obsidian Black-S,168.0,,10
twessie-sg-bb-0509,Obsidian Black Minimalist Econyl Sleek Satin Bikini Bottom,<p>A statement piece in Econyl Sleek Satin. This bikini bottom combines rebellious yet refined design with impeccable craftsmanship. Available in Obsidian Black with Stone Gray detailing. Not loud. Not obvious. Unmistakably Twessie.</p>,Twessie,Bikini Bottom,"architectural swimsuit, high-end swimwear, Econyl Sleek Satin bikini, independent fashion, minimalist bikini bottom",TRUE,Color,Obsidian Black,Size,M,TWESSIE_SG_BB_0509-Obsidian Black-M,168.0,,10
twessie-sg-bb-0509,Obsidian Black Minimalist Econyl Sleek Satin Bikini Bottom,<p>A statement piece in Econyl Sleek Satin. This bikini bottom combines rebellious yet refined design with impeccable craftsmanship. Available in Obsidian Black with Stone Gray detailing. Not loud. Not obvious. Unmistakably Twessie.</p>,Twessie,Bikini Bottom,"architectural swimsuit, high-end swimwear, Econyl Sleek Satin bikini, independent fashion, minimalist bikini bottom",TRUE,Color,Obsidian Black,Size,L,TWESSIE_SG_BB_0509-Obsidian Black-L,168.0,,10
twessie-sg-bb-0509,Obsidian Black Minimalist Econyl Sleek Satin Bikini Bottom,<p>A statement piece in Econyl Sleek Satin. This bikini bottom combines rebellious yet refined design with impeccable craftsmanship. Available in Obsidian Black with Stone Gray detailing. Not loud. Not obvious. Unmistakably Twessie.</p>,Twessie,Bikini Bottom,"architectural swimsuit, high-end swimwear, Econyl Sleek Satin bikini, independent fashion, minimalist bikini bottom",TRUE,Color,Obsidian Black,Size,XL,TWESSIE_SG_BB_0509-Obsidian Black-XL,168.0,,10
twessie-sg-bb-0509,Obsidian Black Minimalist Econyl Sleek Satin Bikini Bottom,<p>A statement piece in Econyl Sleek Satin. This bikini bottom combines rebellious yet refined design with impeccable craftsmanship. Available in Obsidian Black with Stone Gray detailing. Not loud. Not obvious. Unmistakably Twessie.</p>,Twessie,Bikini Bottom,"architectural swimsuit, high-end swimwear, Econyl Sleek Satin bikini, independent fashion, minimalist bikini bottom",TRUE,Color,Obsidian Black,Size,XXL,TWESSIE_SG_BB_0509-Obsidian Black-XXL,168.0,,10
twessie-sg-bb-0509,Obsidian Black Minimalist Econyl Sleek Satin Bikini Bottom,<p>A statement piece in Econyl Sleek Satin. This bikini bottom combines rebellious yet refined design with impeccable craftsmanship. Available in Obsidian Black with Stone Gray detailing. Not loud. Not obvious. Unmistakably Twessie.</p>,Twessie,Bikini Bottom,"architectural swimsuit, high-end swimwear, Econyl Sleek Satin bikini, independent fashion, minimalist bikini bottom",TRUE,Color,Stone Gray,Size,XS,TWESSIE_SG_BB_0509-Stone Gray-XS,168.0,,10
twessie-sg-bb-0509,Obsidian Black Minimalist Econyl Sleek Satin Bikini Bottom,<p>A statement piece in Econyl Sleek Satin. This bikini bottom combines rebellious yet refined design with impeccable craftsmanship. Available in Obsidian Black with Stone Gray detailing. Not loud. Not obvious. Unmistakably Twessie.</p>,Twessie,Bikini Bottom,"architectural swimsuit, high-end swimwear, Econyl Sleek Satin bikini, independent fashion, minimalist bikini bottom",TRUE,Color,Stone Gray,Size,S,TWESSIE_SG_BB_0509-Stone Gray-S,168.0,,10
twessie-sg-bb-0509,Obsidian Black Minimalist Econyl Sleek Satin Bikini Bottom,<p>A statement piece in Econyl Sleek Satin. This bikini bottom combines rebellious yet refined design with impeccable craftsmanship. Available in Obsidian Black with Stone Gray detailing. Not loud. Not obvious. Unmistakably Twessie.</p>,Twessie,Bikini Bottom,"architectural swimsuit, high-end swimwear, Econyl Sleek Satin bikini, independent fashion, minimalist bikini bottom",TRUE,Color,Stone Gray,Size,M,TWESSIE_SG_BB_0509-Stone Gray-M,168.0,,10
twessie-sg-bb-0509,Obsidian Black Minimalist Econyl Sleek Satin Bikini Bottom,<p>A statement piece in Econyl Sleek Satin. This bikini bottom combines rebellious yet refined design with impeccable craftsmanship. Available in Obsidian Black with Stone Gray detailing. Not loud. Not obvious. Unmistakably Twessie.</p>,Twessie,Bikini Bottom,"architectural swimsuit, high-end swimwear, Econyl Sleek Satin bikini, independent fashion, minimalist bikini bottom",TRUE,Color,Stone Gray,Size,L,TWESSIE_SG_BB_0509-Stone Gray-L,168.0,,10
twessie-sg-bb-0509,Obsidian Black Minimalist Econyl Sleek Satin Bikini Bottom,<p>A statement piece in Econyl Sleek Satin. This bikini bottom combines rebellious yet refined design with impeccable craftsmanship. Available in Obsidian Black with Stone Gray detailing. Not loud. Not obvious. Unmistakably Twessie.</p>,Twessie,Bikini Bottom,"architectural swimsuit, high-end swimwear, Econyl Sleek Satin bikini, independent fashion, minimalist bikini bottom",TRUE,Color,Stone Gray,Size,XL,TWESSIE_SG_BB_0509-Stone Gray-XL,168.0,,10
twessie-sg-bb-0509,Obsidian Black Minimalist Econyl Sleek Satin Bikini Bottom,<p>A statement piece in Econyl Sleek Satin. This bikini bottom combines rebellious yet refined design with impeccable craftsmanship. Available in Obsidian Black with Stone Gray detailing. Not loud. Not obvious. Unmistakably Twessie.</p>,Twessie,Bikini Bottom,"architectural swimsuit, high-end swimwear, Econyl Sleek Satin bikini, independent fashion, minimalist bikini bottom",TRUE,Color,Stone Gray,Size,XXL,TWESSIE_SG_BB_0509-Stone Gray-XXL,168.0,,10
twessie-na-ha-0510,Minimalist Halter Extension - Chalk White,"<p>Crinkled Seersucker construction meets architectural precision in this halter strap accessory. Designed for the intelligent, independent woman. The Chalk White colorway with Stone Gray accents creates a sophisticated palette. Pure architectural elegance elegance.</p>",Twessie,Halter Strap Accessory,"Crinkled Seersucker bikini, luxury Chalk White swimwear, minimalist halter strap accessory, architectural swimsuit, minimalist luxury",TRUE,Color,Chalk White,Size,XS,TWESSIE_NA_HA_0510-Chalk White-XS,168.0,,10
twessie-na-ha-0510,Minimalist Halter Extension - Chalk White,"<p>Crinkled Seersucker construction meets architectural precision in this halter strap accessory. Designed for the intelligent, independent woman. The Chalk White colorway with Stone Gray accents creates a sophisticated palette. Pure architectural elegance elegance.</p>",Twessie,Halter Strap Accessory,"Crinkled Seersucker bikini, luxury Chalk White swimwear, minimalist halter strap accessory, architectural swimsuit, minimalist luxury",TRUE,Color,Chalk White,Size,S,TWESSIE_NA_HA_0510-Chalk White-S,168.0,,10
twessie-na-ha-0510,Minimalist Halter Extension - Chalk White,"<p>Crinkled Seersucker construction meets architectural precision in this halter strap accessory. Designed for the intelligent, independent woman. The Chalk White colorway with Stone Gray accents creates a sophisticated palette. Pure architectural elegance elegance.</p>",Twessie,Halter Strap Accessory,"Crinkled Seersucker bikini, luxury Chalk White swimwear, minimalist halter strap accessory, architectural swimsuit, minimalist luxury",TRUE,Color,Chalk White,Size,M,TWESSIE_NA_HA_0510-Chalk White-M,168.0,,10
twessie-na-ha-0510,Minimalist Halter Extension - Chalk White,"<p>Crinkled Seersucker construction meets architectural precision in this halter strap accessory. Designed for the intelligent, independent woman. The Chalk White colorway with Stone Gray accents creates a sophisticated palette. Pure architectural elegance elegance.</p>",Twessie,Halter Strap Accessory,"Crinkled Seersucker bikini, luxury Chalk White swimwear, minimalist halter strap accessory, architectural swimsuit, minimalist luxury",TRUE,Color,Chalk White,Size,L,TWESSIE_NA_HA_0510-Chalk White-L,168.0,,10
twessie-na-ha-0510,Minimalist Halter Extension - Chalk White,"<p>Crinkled Seersucker construction meets architectural precision in this halter strap accessory. Designed for the intelligent, independent woman. The Chalk White colorway with Stone Gray accents creates a sophisticated palette. Pure architectural elegance elegance.</p>",Twessie,Halter Strap Accessory,"Crinkled Seersucker bikini, luxury Chalk White swimwear, minimalist halter strap accessory, architectural swimsuit, minimalist luxury",TRUE,Color,Chalk White,Size,XL,TWESSIE_NA_HA_0510-Chalk White-XL,168.0,,10
twessie-na-ha-0510,Minimalist Halter Extension - Chalk White,"<p>Crinkled Seersucker construction meets architectural precision in this halter strap accessory. Designed for the intelligent, independent woman. The Chalk White colorway with Stone Gray accents creates a sophisticated palette. Pure architectural elegance elegance.</p>",Twessie,Halter Strap Accessory,"Crinkled Seersucker bikini, luxury Chalk White swimwear, minimalist halter strap accessory, architectural swimsuit, minimalist luxury",TRUE,Color,Chalk White,Size,XXL,TWESSIE_NA_HA_0510-Chalk White-XXL,168.0,,10
twessie-na-ha-0510,Minimalist Halter Extension - Chalk White,"<p>Crinkled Seersucker construction meets architectural precision in this halter strap accessory. Designed for the intelligent, independent woman. The Chalk White colorway with Stone Gray accents creates a sophisticated palette. Pure architectural elegance elegance.</p>",Twessie,Halter Strap Accessory,"Crinkled Seersucker bikini, luxury Chalk White swimwear, minimalist halter strap accessory, architectural swimsuit, minimalist luxury",TRUE,Color,Stone Gray,Size,XS,TWESSIE_NA_HA_0510-Stone Gray-XS,168.0,,10
twessie-na-ha-0510,Minimalist Halter Extension - Chalk White,"<p>Crinkled Seersucker construction meets architectural precision in this halter strap accessory. Designed for the intelligent, independent woman. The Chalk White colorway with Stone Gray accents creates a sophisticated palette. Pure architectural elegance elegance.</p>",Twessie,Halter Strap Accessory,"Crinkled Seersucker bikini, luxury Chalk White swimwear, minimalist halter strap accessory, architectural swimsuit, minimalist luxury",TRUE,Color,Stone Gray,Size,S,TWESSIE_NA_HA_0510-Stone Gray-S,168.0,,10
twessie-na-ha-0510,Minimalist Halter Extension - Chalk White,"<p>Crinkled Seersucker construction meets architectural precision in this halter strap accessory. Designed for the intelligent, independent woman. The Chalk White colorway with Stone Gray accents creates a sophisticated palette. Pure architectural elegance elegance.</p>",Twessie,Halter Strap Accessory,"Crinkled Seersucker bikini, luxury Chalk White swimwear, minimalist halter strap accessory, architectural swimsuit, minimalist luxury",TRUE,Color,Stone Gray,Size,M,TWESSIE_NA_HA_0510-Stone Gray-M,168.0,,10
twessie-na-ha-0510,Minimalist Halter Extension - Chalk White,"<p>Crinkled Seersucker construction meets architectural precision in this halter strap accessory. Designed for the intelligent, independent woman. The Chalk White colorway with Stone Gray accents creates a sophisticated palette. Pure architectural elegance elegance.</p>",Twessie,Halter Strap Accessory,"Crinkled Seersucker bikini, luxury Chalk White swimwear, minimalist halter strap accessory, architectural swimsuit, minimalist luxury",TRUE,Color,Stone Gray,Size,L,TWESSIE_NA_HA_0510-Stone Gray-L,168.0,,10
twessie-na-ha-0510,Minimalist Halter Extension - Chalk White,"<p>Crinkled Seersucker construction meets architectural precision in this halter strap accessory. Designed for the intelligent, independent woman. The Chalk White colorway with Stone Gray accents creates a sophisticated palette. Pure architectural elegance elegance.</p>",Twessie,Halter Strap Accessory,"Crinkled Seersucker bikini, luxury Chalk White swimwear, minimalist halter strap accessory, architectural swimsuit, minimalist luxury",TRUE,Color,Stone Gray,Size,XL,TWESSIE_NA_HA_0510-Stone Gray-XL,168.0,,10
twessie-na-ha-0510,Minimalist Halter Extension - Chalk White,"<p>Crinkled Seersucker construction meets architectural precision in this halter strap accessory. Designed for the intelligent, independent woman. The Chalk White colorway with Stone Gray accents creates a sophisticated palette. Pure architectural elegance elegance.</p>",Twessie,Halter Strap Accessory,"Crinkled Seersucker bikini, luxury Chalk White swimwear, minimalist halter strap accessory, architectural swimsuit, minimalist luxury",TRUE,Color,Stone Gray,Size,XXL,TWESSIE_NA_HA_0510-Stone Gray-XXL,168.0,,10
