Handle,Title,Body (HTML),Vendor,Product Type,Tags,Published,Option1 Name,Option1 Value,Option2 Name,Option2 Value,Variant SKU,Variant Price,Variant Compare At Price,Variant Inventory Qty
twessie-na-op-0101,Olive Drab Architectural One-Piece Swimsuit,<p>Crafted in premium Matte Ribbed Knit with Crinkled Seersucker accents. This one-piece epitomizes rebellious yet refined luxury. Featuring color-blocking in Olive Drab and Burnt Terracotta. Perfect for the discerning swimmer who refuses the obvious.</p>,Twessie,One-Piece,"luxury Olive Drab swimwear, minimalist one-piece, minimalist luxury, architectural swimsuit, Matte Ribbed Knit bikini",TRUE,Color,Olive Drab,Size,XS,TWESSIE_NA_OP_0101-Olive Drab-XS,168.0,,10
twessie-na-op-0101,Olive Drab Architectural One-Piece Swimsuit,<p>Crafted in premium Matte Ribbed Knit with Crinkled Seersucker accents. This one-piece epitomizes rebellious yet refined luxury. Featuring color-blocking in Olive Drab and Burnt Terracotta. Perfect for the discerning swimmer who refuses the obvious.</p>,Twessie,One-Piece,"luxury Olive Drab swimwear, minimalist one-piece, minimalist luxury, architectural swimsuit, Matte Ribbed Knit bikini",TRUE,Color,Olive Drab,Size,S,TWESSIE_NA_OP_0101-Olive Drab-S,168.0,,10
twessie-na-op-0101,Olive Drab Architectural One-Piece Swimsuit,<p>Crafted in premium Matte Ribbed Knit with Crinkled Seersucker accents. This one-piece epitomizes rebellious yet refined luxury. Featuring color-blocking in Olive Drab and Burnt Terracotta. Perfect for the discerning swimmer who refuses the obvious.</p>,Twessie,One-Piece,"luxury Olive Drab swimwear, minimalist one-piece, minimalist luxury, architectural swimsuit, Matte Ribbed Knit bikini",TRUE,Color,Olive Drab,Size,M,TWESSIE_NA_OP_0101-Olive Drab-M,168.0,,10
twessie-na-op-0101,Olive Drab Architectural One-Piece Swimsuit,<p>Crafted in premium Matte Ribbed Knit with Crinkled Seersucker accents. This one-piece epitomizes rebellious yet refined luxury. Featuring color-blocking in Olive Drab and Burnt Terracotta. Perfect for the discerning swimmer who refuses the obvious.</p>,Twessie,One-Piece,"luxury Olive Drab swimwear, minimalist one-piece, minimalist luxury, architectural swimsuit, Matte Ribbed Knit bikini",TRUE,Color,Olive Drab,Size,L,TWESSIE_NA_OP_0101-Olive Drab-L,168.0,,10
twessie-na-op-0101,Olive Drab Architectural One-Piece Swimsuit,<p>Crafted in premium Matte Ribbed Knit with Crinkled Seersucker accents. This one-piece epitomizes rebellious yet refined luxury. Featuring color-blocking in Olive Drab and Burnt Terracotta. Perfect for the discerning swimmer who refuses the obvious.</p>,Twessie,One-Piece,"luxury Olive Drab swimwear, minimalist one-piece, minimalist luxury, architectural swimsuit, Matte Ribbed Knit bikini",TRUE,Color,Olive Drab,Size,XL,TWESSIE_NA_OP_0101-Olive Drab-XL,168.0,,10
twessie-na-op-0101,Olive Drab Architectural One-Piece Swimsuit,<p>Crafted in premium Matte Ribbed Knit with Crinkled Seersucker accents. This one-piece epitomizes rebellious yet refined luxury. Featuring color-blocking in Olive Drab and Burnt Terracotta. Perfect for the discerning swimmer who refuses the obvious.</p>,Twessie,One-Piece,"luxury Olive Drab swimwear, minimalist one-piece, minimalist luxury, architectural swimsuit, Matte Ribbed Knit bikini",TRUE,Color,Olive Drab,Size,XXL,TWESSIE_NA_OP_0101-Olive Drab-XXL,168.0,,10
twessie-na-op-0101,Olive Drab Architectural One-Piece Swimsuit,<p>Crafted in premium Matte Ribbed Knit with Crinkled Seersucker accents. This one-piece epitomizes rebellious yet refined luxury. Featuring color-blocking in Olive Drab and Burnt Terracotta. Perfect for the discerning swimmer who refuses the obvious.</p>,Twessie,One-Piece,"luxury Olive Drab swimwear, minimalist one-piece, minimalist luxury, architectural swimsuit, Matte Ribbed Knit bikini",TRUE,Color,Burnt Terracotta,Size,XS,TWESSIE_NA_OP_0101-Burnt Terracotta-XS,168.0,,10
twessie-na-op-0101,Olive Drab Architectural One-Piece Swimsuit,<p>Crafted in premium Matte Ribbed Knit with Crinkled Seersucker accents. This one-piece epitomizes rebellious yet refined luxury. Featuring color-blocking in Olive Drab and Burnt Terracotta. Perfect for the discerning swimmer who refuses the obvious.</p>,Twessie,One-Piece,"luxury Olive Drab swimwear, minimalist one-piece, minimalist luxury, architectural swimsuit, Matte Ribbed Knit bikini",TRUE,Color,Burnt Terracotta,Size,S,TWESSIE_NA_OP_0101-Burnt Terracotta-S,168.0,,10
twessie-na-op-0101,Olive Drab Architectural One-Piece Swimsuit,<p>Crafted in premium Matte Ribbed Knit with Crinkled Seersucker accents. This one-piece epitomizes rebellious yet refined luxury. Featuring color-blocking in Olive Drab and Burnt Terracotta. Perfect for the discerning swimmer who refuses the obvious.</p>,Twessie,One-Piece,"luxury Olive Drab swimwear, minimalist one-piece, minimalist luxury, architectural swimsuit, Matte Ribbed Knit bikini",TRUE,Color,Burnt Terracotta,Size,M,TWESSIE_NA_OP_0101-Burnt Terracotta-M,168.0,,10
twessie-na-op-0101,Olive Drab Architectural One-Piece Swimsuit,<p>Crafted in premium Matte Ribbed Knit with Crinkled Seersucker accents. This one-piece epitomizes rebellious yet refined luxury. Featuring color-blocking in Olive Drab and Burnt Terracotta. Perfect for the discerning swimmer who refuses the obvious.</p>,Twessie,One-Piece,"luxury Olive Drab swimwear, minimalist one-piece, minimalist luxury, architectural swimsuit, Matte Ribbed Knit bikini",TRUE,Color,Burnt Terracotta,Size,L,TWESSIE_NA_OP_0101-Burnt Terracotta-L,168.0,,10
twessie-na-op-0101,Olive Drab Architectural One-Piece Swimsuit,<p>Crafted in premium Matte Ribbed Knit with Crinkled Seersucker accents. This one-piece epitomizes rebellious yet refined luxury. Featuring color-blocking in Olive Drab and Burnt Terracotta. Perfect for the discerning swimmer who refuses the obvious.</p>,Twessie,One-Piece,"luxury Olive Drab swimwear, minimalist one-piece, minimalist luxury, architectural swimsuit, Matte Ribbed Knit bikini",TRUE,Color,Burnt Terracotta,Size,XL,TWESSIE_NA_OP_0101-Burnt Terracotta-XL,168.0,,10
twessie-na-op-0101,Olive Drab Architectural One-Piece Swimsuit,<p>Crafted in premium Matte Ribbed Knit with Crinkled Seersucker accents. This one-piece epitomizes rebellious yet refined luxury. Featuring color-blocking in Olive Drab and Burnt Terracotta. Perfect for the discerning swimmer who refuses the obvious.</p>,Twessie,One-Piece,"luxury Olive Drab swimwear, minimalist one-piece, minimalist luxury, architectural swimsuit, Matte Ribbed Knit bikini",TRUE,Color,Burnt Terracotta,Size,XXL,TWESSIE_NA_OP_0101-Burnt Terracotta-XXL,168.0,,10
twessie-jp-bt-0102,Crinkled Seersucker High-Waist Bikini Top in Stone Gray,"<p>Crinkled Seersucker construction meets architectural precision in this bikini top. Designed for the intelligent, independent woman. The Stone Gray colorway with Chalk White accents creates a sophisticated palette. Pure rebellious yet refined elegance.</p>",Twessie,Bikini Top,"luxury Stone Gray swimwear, minimalist bikini top, minimalist luxury, architectural swimsuit, Crinkled Seersucker bikini",TRUE,Color,Stone Gray,Size,XS,TWESSIE_JP_BT_0102-Stone Gray-XS,168.0,,10
twessie-jp-bt-0102,Crinkled Seersucker High-Waist Bikini Top in Stone Gray,"<p>Crinkled Seersucker construction meets architectural precision in this bikini top. Designed for the intelligent, independent woman. The Stone Gray colorway with Chalk White accents creates a sophisticated palette. Pure rebellious yet refined elegance.</p>",Twessie,Bikini Top,"luxury Stone Gray swimwear, minimalist bikini top, minimalist luxury, architectural swimsuit, Crinkled Seersucker bikini",TRUE,Color,Stone Gray,Size,S,TWESSIE_JP_BT_0102-Stone Gray-S,168.0,,10
twessie-jp-bt-0102,Crinkled Seersucker High-Waist Bikini Top in Stone Gray,"<p>Crinkled Seersucker construction meets architectural precision in this bikini top. Designed for the intelligent, independent woman. The Stone Gray colorway with Chalk White accents creates a sophisticated palette. Pure rebellious yet refined elegance.</p>",Twessie,Bikini Top,"luxury Stone Gray swimwear, minimalist bikini top, minimalist luxury, architectural swimsuit, Crinkled Seersucker bikini",TRUE,Color,Stone Gray,Size,M,TWESSIE_JP_BT_0102-Stone Gray-M,168.0,,10
twessie-jp-bt-0102,Crinkled Seersucker High-Waist Bikini Top in Stone Gray,"<p>Crinkled Seersucker construction meets architectural precision in this bikini top. Designed for the intelligent, independent woman. The Stone Gray colorway with Chalk White accents creates a sophisticated palette. Pure rebellious yet refined elegance.</p>",Twessie,Bikini Top,"luxury Stone Gray swimwear, minimalist bikini top, minimalist luxury, architectural swimsuit, Crinkled Seersucker bikini",TRUE,Color,Stone Gray,Size,L,TWESSIE_JP_BT_0102-Stone Gray-L,168.0,,10
twessie-jp-bt-0102,Crinkled Seersucker High-Waist Bikini Top in Stone Gray,"<p>Crinkled Seersucker construction meets architectural precision in this bikini top. Designed for the intelligent, independent woman. The Stone Gray colorway with Chalk White accents creates a sophisticated palette. Pure rebellious yet refined elegance.</p>",Twessie,Bikini Top,"luxury Stone Gray swimwear, minimalist bikini top, minimalist luxury, architectural swimsuit, Crinkled Seersucker bikini",TRUE,Color,Stone Gray,Size,XL,TWESSIE_JP_BT_0102-Stone Gray-XL,168.0,,10
twessie-jp-bt-0102,Crinkled Seersucker High-Waist Bikini Top in Stone Gray,"<p>Crinkled Seersucker construction meets architectural precision in this bikini top. Designed for the intelligent, independent woman. The Stone Gray colorway with Chalk White accents creates a sophisticated palette. Pure rebellious yet refined elegance.</p>",Twessie,Bikini Top,"luxury Stone Gray swimwear, minimalist bikini top, minimalist luxury, architectural swimsuit, Crinkled Seersucker bikini",TRUE,Color,Stone Gray,Size,XXL,TWESSIE_JP_BT_0102-Stone Gray-XXL,168.0,,10
twessie-jp-bt-0102,Crinkled Seersucker High-Waist Bikini Top in Stone Gray,"<p>Crinkled Seersucker construction meets architectural precision in this bikini top. Designed for the intelligent, independent woman. The Stone Gray colorway with Chalk White accents creates a sophisticated palette. Pure rebellious yet refined elegance.</p>",Twessie,Bikini Top,"luxury Stone Gray swimwear, minimalist bikini top, minimalist luxury, architectural swimsuit, Crinkled Seersucker bikini",TRUE,Color,Chalk White,Size,XS,TWESSIE_JP_BT_0102-Chalk White-XS,168.0,,10
twessie-jp-bt-0102,Crinkled Seersucker High-Waist Bikini Top in Stone Gray,"<p>Crinkled Seersucker construction meets architectural precision in this bikini top. Designed for the intelligent, independent woman. The Stone Gray colorway with Chalk White accents creates a sophisticated palette. Pure rebellious yet refined elegance.</p>",Twessie,Bikini Top,"luxury Stone Gray swimwear, minimalist bikini top, minimalist luxury, architectural swimsuit, Crinkled Seersucker bikini",TRUE,Color,Chalk White,Size,S,TWESSIE_JP_BT_0102-Chalk White-S,168.0,,10
twessie-jp-bt-0102,Crinkled Seersucker High-Waist Bikini Top in Stone Gray,"<p>Crinkled Seersucker construction meets architectural precision in this bikini top. Designed for the intelligent, independent woman. The Stone Gray colorway with Chalk White accents creates a sophisticated palette. Pure rebellious yet refined elegance.</p>",Twessie,Bikini Top,"luxury Stone Gray swimwear, minimalist bikini top, minimalist luxury, architectural swimsuit, Crinkled Seersucker bikini",TRUE,Color,Chalk White,Size,M,TWESSIE_JP_BT_0102-Chalk White-M,168.0,,10
twessie-jp-bt-0102,Crinkled Seersucker High-Waist Bikini Top in Stone Gray,"<p>Crinkled Seersucker construction meets architectural precision in this bikini top. Designed for the intelligent, independent woman. The Stone Gray colorway with Chalk White accents creates a sophisticated palette. Pure rebellious yet refined elegance.</p>",Twessie,Bikini Top,"luxury Stone Gray swimwear, minimalist bikini top, minimalist luxury, architectural swimsuit, Crinkled Seersucker bikini",TRUE,Color,Chalk White,Size,L,TWESSIE_JP_BT_0102-Chalk White-L,168.0,,10
twessie-jp-bt-0102,Crinkled Seersucker High-Waist Bikini Top in Stone Gray,"<p>Crinkled Seersucker construction meets architectural precision in this bikini top. Designed for the intelligent, independent woman. The Stone Gray colorway with Chalk White accents creates a sophisticated palette. Pure rebellious yet refined elegance.</p>",Twessie,Bikini Top,"luxury Stone Gray swimwear, minimalist bikini top, minimalist luxury, architectural swimsuit, Crinkled Seersucker bikini",TRUE,Color,Chalk White,Size,XL,TWESSIE_JP_BT_0102-Chalk White-XL,168.0,,10
twessie-jp-bt-0102,Crinkled Seersucker High-Waist Bikini Top in Stone Gray,"<p>Crinkled Seersucker construction meets architectural precision in this bikini top. Designed for the intelligent, independent woman. The Stone Gray colorway with Chalk White accents creates a sophisticated palette. Pure rebellious yet refined elegance.</p>",Twessie,Bikini Top,"luxury Stone Gray swimwear, minimalist bikini top, minimalist luxury, architectural swimsuit, Crinkled Seersucker bikini",TRUE,Color,Chalk White,Size,XXL,TWESSIE_JP_BT_0102-Chalk White-XXL,168.0,,10
twessie-sg-bb-0103,Chalk White Minimalist Crinkled Seersucker Bikini Bottom,<p>A statement piece in Crinkled Seersucker. This bikini bottom combines architectural elegance design with impeccable craftsmanship. Available in Chalk White with Stone Gray detailing. Not loud. Not obvious. Unmistakably Twessie.</p>,Twessie,Bikini Bottom,"architectural swimsuit, minimalist luxury, Crinkled Seersucker bikini, minimalist bikini bottom, independent fashion",TRUE,Color,Chalk White,Size,XS,TWESSIE_SG_BB_0103-Chalk White-XS,168.0,,10
twessie-sg-bb-0103,Chalk White Minimalist Crinkled Seersucker Bikini Bottom,<p>A statement piece in Crinkled Seersucker. This bikini bottom combines architectural elegance design with impeccable craftsmanship. Available in Chalk White with Stone Gray detailing. Not loud. Not obvious. Unmistakably Twessie.</p>,Twessie,Bikini Bottom,"architectural swimsuit, minimalist luxury, Crinkled Seersucker bikini, minimalist bikini bottom, independent fashion",TRUE,Color,Chalk White,Size,S,TWESSIE_SG_BB_0103-Chalk White-S,168.0,,10
twessie-sg-bb-0103,Chalk White Minimalist Crinkled Seersucker Bikini Bottom,<p>A statement piece in Crinkled Seersucker. This bikini bottom combines architectural elegance design with impeccable craftsmanship. Available in Chalk White with Stone Gray detailing. Not loud. Not obvious. Unmistakably Twessie.</p>,Twessie,Bikini Bottom,"architectural swimsuit, minimalist luxury, Crinkled Seersucker bikini, minimalist bikini bottom, independent fashion",TRUE,Color,Chalk White,Size,M,TWESSIE_SG_BB_0103-Chalk White-M,168.0,,10
twessie-sg-bb-0103,Chalk White Minimalist Crinkled Seersucker Bikini Bottom,<p>A statement piece in Crinkled Seersucker. This bikini bottom combines architectural elegance design with impeccable craftsmanship. Available in Chalk White with Stone Gray detailing. Not loud. Not obvious. Unmistakably Twessie.</p>,Twessie,Bikini Bottom,"architectural swimsuit, minimalist luxury, Crinkled Seersucker bikini, minimalist bikini bottom, independent fashion",TRUE,Color,Chalk White,Size,L,TWESSIE_SG_BB_0103-Chalk White-L,168.0,,10
twessie-sg-bb-0103,Chalk White Minimalist Crinkled Seersucker Bikini Bottom,<p>A statement piece in Crinkled Seersucker. This bikini bottom combines architectural elegance design with impeccable craftsmanship. Available in Chalk White with Stone Gray detailing. Not loud. Not obvious. Unmistakably Twessie.</p>,Twessie,Bikini Bottom,"architectural swimsuit, minimalist luxury, Crinkled Seersucker bikini, minimalist bikini bottom, independent fashion",TRUE,Color,Chalk White,Size,XL,TWESSIE_SG_BB_0103-Chalk White-XL,168.0,,10
twessie-sg-bb-0103,Chalk White Minimalist Crinkled Seersucker Bikini Bottom,<p>A statement piece in Crinkled Seersucker. This bikini bottom combines architectural elegance design with impeccable craftsmanship. Available in Chalk White with Stone Gray detailing. Not loud. Not obvious. Unmistakably Twessie.</p>,Twessie,Bikini Bottom,"architectural swimsuit, minimalist luxury, Crinkled Seersucker bikini, minimalist bikini bottom, independent fashion",TRUE,Color,Chalk White,Size,XXL,TWESSIE_SG_BB_0103-Chalk White-XXL,168.0,,10
twessie-sg-bb-0103,Chalk White Minimalist Crinkled Seersucker Bikini Bottom,<p>A statement piece in Crinkled Seersucker. This bikini bottom combines architectural elegance design with impeccable craftsmanship. Available in Chalk White with Stone Gray detailing. Not loud. Not obvious. Unmistakably Twessie.</p>,Twessie,Bikini Bottom,"architectural swimsuit, minimalist luxury, Crinkled Seersucker bikini, minimalist bikini bottom, independent fashion",TRUE,Color,Stone Gray,Size,XS,TWESSIE_SG_BB_0103-Stone Gray-XS,168.0,,10
twessie-sg-bb-0103,Chalk White Minimalist Crinkled Seersucker Bikini Bottom,<p>A statement piece in Crinkled Seersucker. This bikini bottom combines architectural elegance design with impeccable craftsmanship. Available in Chalk White with Stone Gray detailing. Not loud. Not obvious. Unmistakably Twessie.</p>,Twessie,Bikini Bottom,"architectural swimsuit, minimalist luxury, Crinkled Seersucker bikini, minimalist bikini bottom, independent fashion",TRUE,Color,Stone Gray,Size,S,TWESSIE_SG_BB_0103-Stone Gray-S,168.0,,10
twessie-sg-bb-0103,Chalk White Minimalist Crinkled Seersucker Bikini Bottom,<p>A statement piece in Crinkled Seersucker. This bikini bottom combines architectural elegance design with impeccable craftsmanship. Available in Chalk White with Stone Gray detailing. Not loud. Not obvious. Unmistakably Twessie.</p>,Twessie,Bikini Bottom,"architectural swimsuit, minimalist luxury, Crinkled Seersucker bikini, minimalist bikini bottom, independent fashion",TRUE,Color,Stone Gray,Size,M,TWESSIE_SG_BB_0103-Stone Gray-M,168.0,,10
twessie-sg-bb-0103,Chalk White Minimalist Crinkled Seersucker Bikini Bottom,<p>A statement piece in Crinkled Seersucker. This bikini bottom combines architectural elegance design with impeccable craftsmanship. Available in Chalk White with Stone Gray detailing. Not loud. Not obvious. Unmistakably Twessie.</p>,Twessie,Bikini Bottom,"architectural swimsuit, minimalist luxury, Crinkled Seersucker bikini, minimalist bikini bottom, independent fashion",TRUE,Color,Stone Gray,Size,L,TWESSIE_SG_BB_0103-Stone Gray-L,168.0,,10
twessie-sg-bb-0103,Chalk White Minimalist Crinkled Seersucker Bikini Bottom,<p>A statement piece in Crinkled Seersucker. This bikini bottom combines architectural elegance design with impeccable craftsmanship. Available in Chalk White with Stone Gray detailing. Not loud. Not obvious. Unmistakably Twessie.</p>,Twessie,Bikini Bottom,"architectural swimsuit, minimalist luxury, Crinkled Seersucker bikini, minimalist bikini bottom, independent fashion",TRUE,Color,Stone Gray,Size,XL,TWESSIE_SG_BB_0103-Stone Gray-XL,168.0,,10
twessie-sg-bb-0103,Chalk White Minimalist Crinkled Seersucker Bikini Bottom,<p>A statement piece in Crinkled Seersucker. This bikini bottom combines architectural elegance design with impeccable craftsmanship. Available in Chalk White with Stone Gray detailing. Not loud. Not obvious. Unmistakably Twessie.</p>,Twessie,Bikini Bottom,"architectural swimsuit, minimalist luxury, Crinkled Seersucker bikini, minimalist bikini bottom, independent fashion",TRUE,Color,Stone Gray,Size,XXL,TWESSIE_SG_BB_0103-Stone Gray-XXL,168.0,,10
twessie-eu-bt-0104,Matte Ribbed Knit High-Waist Bikini Top in Burnt Terracotta,"<p>Matte Ribbed Knit construction meets architectural precision in this bikini top. Designed for the intelligent, independent woman. The Burnt Terracotta colorway with Olive Drab accents creates a sophisticated palette. Pure rebellious yet refined elegance.</p>",Twessie,Bikini Top,"independent fashion, minimalist luxury, luxury Burnt Terracotta swimwear, minimalist bikini top, high-end swimwear",TRUE,Color,Burnt Terracotta,Size,XS,TWESSIE_EU_BT_0104-Burnt Terracotta-XS,168.0,,10
twessie-eu-bt-0104,Matte Ribbed Knit High-Waist Bikini Top in Burnt Terracotta,"<p>Matte Ribbed Knit construction meets architectural precision in this bikini top. Designed for the intelligent, independent woman. The Burnt Terracotta colorway with Olive Drab accents creates a sophisticated palette. Pure rebellious yet refined elegance.</p>",Twessie,Bikini Top,"independent fashion, minimalist luxury, luxury Burnt Terracotta swimwear, minimalist bikini top, high-end swimwear",TRUE,Color,Burnt Terracotta,Size,S,TWESSIE_EU_BT_0104-Burnt Terracotta-S,168.0,,10
twessie-eu-bt-0104,Matte Ribbed Knit High-Waist Bikini Top in Burnt Terracotta,"<p>Matte Ribbed Knit construction meets architectural precision in this bikini top. Designed for the intelligent, independent woman. The Burnt Terracotta colorway with Olive Drab accents creates a sophisticated palette. Pure rebellious yet refined elegance.</p>",Twessie,Bikini Top,"independent fashion, minimalist luxury, luxury Burnt Terracotta swimwear, minimalist bikini top, high-end swimwear",TRUE,Color,Burnt Terracotta,Size,M,TWESSIE_EU_BT_0104-Burnt Terracotta-M,168.0,,10
twessie-eu-bt-0104,Matte Ribbed Knit High-Waist Bikini Top in Burnt Terracotta,"<p>Matte Ribbed Knit construction meets architectural precision in this bikini top. Designed for the intelligent, independent woman. The Burnt Terracotta colorway with Olive Drab accents creates a sophisticated palette. Pure rebellious yet refined elegance.</p>",Twessie,Bikini Top,"independent fashion, minimalist luxury, luxury Burnt Terracotta swimwear, minimalist bikini top, high-end swimwear",TRUE,Color,Burnt Terracotta,Size,L,TWESSIE_EU_BT_0104-Burnt Terracotta-L,168.0,,10
twessie-eu-bt-0104,Matte Ribbed Knit High-Waist Bikini Top in Burnt Terracotta,"<p>Matte Ribbed Knit construction meets architectural precision in this bikini top. Designed for the intelligent, independent woman. The Burnt Terracotta colorway with Olive Drab accents creates a sophisticated palette. Pure rebellious yet refined elegance.</p>",Twessie,Bikini Top,"independent fashion, minimalist luxury, luxury Burnt Terracotta swimwear, minimalist bikini top, high-end swimwear",TRUE,Color,Burnt Terracotta,Size,XL,TWESSIE_EU_BT_0104-Burnt Terracotta-XL,168.0,,10
twessie-eu-bt-0104,Matte Ribbed Knit High-Waist Bikini Top in Burnt Terracotta,"<p>Matte Ribbed Knit construction meets architectural precision in this bikini top. Designed for the intelligent, independent woman. The Burnt Terracotta colorway with Olive Drab accents creates a sophisticated palette. Pure rebellious yet refined elegance.</p>",Twessie,Bikini Top,"independent fashion, minimalist luxury, luxury Burnt Terracotta swimwear, minimalist bikini top, high-end swimwear",TRUE,Color,Burnt Terracotta,Size,XXL,TWESSIE_EU_BT_0104-Burnt Terracotta-XXL,168.0,,10
twessie-eu-bt-0104,Matte Ribbed Knit High-Waist Bikini Top in Burnt Terracotta,"<p>Matte Ribbed Knit construction meets architectural precision in this bikini top. Designed for the intelligent, independent woman. The Burnt Terracotta colorway with Olive Drab accents creates a sophisticated palette. Pure rebellious yet refined elegance.</p>",Twessie,Bikini Top,"independent fashion, minimalist luxury, luxury Burnt Terracotta swimwear, minimalist bikini top, high-end swimwear",TRUE,Color,Olive Drab,Size,XS,TWESSIE_EU_BT_0104-Olive Drab-XS,168.0,,10
twessie-eu-bt-0104,Matte Ribbed Knit High-Waist Bikini Top in Burnt Terracotta,"<p>Matte Ribbed Knit construction meets architectural precision in this bikini top. Designed for the intelligent, independent woman. The Burnt Terracotta colorway with Olive Drab accents creates a sophisticated palette. Pure rebellious yet refined elegance.</p>",Twessie,Bikini Top,"independent fashion, minimalist luxury, luxury Burnt Terracotta swimwear, minimalist bikini top, high-end swimwear",TRUE,Color,Olive Drab,Size,S,TWESSIE_EU_BT_0104-Olive Drab-S,168.0,,10
twessie-eu-bt-0104,Matte Ribbed Knit High-Waist Bikini Top in Burnt Terracotta,"<p>Matte Ribbed Knit construction meets architectural precision in this bikini top. Designed for the intelligent, independent woman. The Burnt Terracotta colorway with Olive Drab accents creates a sophisticated palette. Pure rebellious yet refined elegance.</p>",Twessie,Bikini Top,"independent fashion, minimalist luxury, luxury Burnt Terracotta swimwear, minimalist bikini top, high-end swimwear",TRUE,Color,Olive Drab,Size,M,TWESSIE_EU_BT_0104-Olive Drab-M,168.0,,10
twessie-eu-bt-0104,Matte Ribbed Knit High-Waist Bikini Top in Burnt Terracotta,"<p>Matte Ribbed Knit construction meets architectural precision in this bikini top. Designed for the intelligent, independent woman. The Burnt Terracotta colorway with Olive Drab accents creates a sophisticated palette. Pure rebellious yet refined elegance.</p>",Twessie,Bikini Top,"independent fashion, minimalist luxury, luxury Burnt Terracotta swimwear, minimalist bikini top, high-end swimwear",TRUE,Color,Olive Drab,Size,L,TWESSIE_EU_BT_0104-Olive Drab-L,168.0,,10
twessie-eu-bt-0104,Matte Ribbed Knit High-Waist Bikini Top in Burnt Terracotta,"<p>Matte Ribbed Knit construction meets architectural precision in this bikini top. Designed for the intelligent, independent woman. The Burnt Terracotta colorway with Olive Drab accents creates a sophisticated palette. Pure rebellious yet refined elegance.</p>",Twessie,Bikini Top,"independent fashion, minimalist luxury, luxury Burnt Terracotta swimwear, minimalist bikini top, high-end swimwear",TRUE,Color,Olive Drab,Size,XL,TWESSIE_EU_BT_0104-Olive Drab-XL,168.0,,10
twessie-eu-bt-0104,Matte Ribbed Knit High-Waist Bikini Top in Burnt Terracotta,"<p>Matte Ribbed Knit construction meets architectural precision in this bikini top. Designed for the intelligent, independent woman. The Burnt Terracotta colorway with Olive Drab accents creates a sophisticated palette. Pure rebellious yet refined elegance.</p>",Twessie,Bikini Top,"independent fashion, minimalist luxury, luxury Burnt Terracotta swimwear, minimalist bikini top, high-end swimwear",TRUE,Color,Olive Drab,Size,XXL,TWESSIE_EU_BT_0104-Olive Drab-XXL,168.0,,10
twessie-sg-bb-0105,Obsidian Black Minimalist Econyl Sleek Satin Bikini Bottom,"<p>Econyl Sleek Satin construction meets architectural precision in this bikini bottom. Designed for the intelligent, independent woman. The Obsidian Black colorway with Olive Drab accents creates a sophisticated palette. Pure anti-fashion statement elegance.</p>",Twessie,Bikini Bottom,"independent fashion, minimalist luxury, minimalist bikini bottom, high-end swimwear, architectural swimsuit",TRUE,Color,Obsidian Black,Size,XS,TWESSIE_SG_BB_0105-Obsidian Black-XS,168.0,,10
twessie-sg-bb-0105,Obsidian Black Minimalist Econyl Sleek Satin Bikini Bottom,"<p>Econyl Sleek Satin construction meets architectural precision in this bikini bottom. Designed for the intelligent, independent woman. The Obsidian Black colorway with Olive Drab accents creates a sophisticated palette. Pure anti-fashion statement elegance.</p>",Twessie,Bikini Bottom,"independent fashion, minimalist luxury, minimalist bikini bottom, high-end swimwear, architectural swimsuit",TRUE,Color,Obsidian Black,Size,S,TWESSIE_SG_BB_0105-Obsidian Black-S,168.0,,10
twessie-sg-bb-0105,Obsidian Black Minimalist Econyl Sleek Satin Bikini Bottom,"<p>Econyl Sleek Satin construction meets architectural precision in this bikini bottom. Designed for the intelligent, independent woman. The Obsidian Black colorway with Olive Drab accents creates a sophisticated palette. Pure anti-fashion statement elegance.</p>",Twessie,Bikini Bottom,"independent fashion, minimalist luxury, minimalist bikini bottom, high-end swimwear, architectural swimsuit",TRUE,Color,Obsidian Black,Size,M,TWESSIE_SG_BB_0105-Obsidian Black-M,168.0,,10
twessie-sg-bb-0105,Obsidian Black Minimalist Econyl Sleek Satin Bikini Bottom,"<p>Econyl Sleek Satin construction meets architectural precision in this bikini bottom. Designed for the intelligent, independent woman. The Obsidian Black colorway with Olive Drab accents creates a sophisticated palette. Pure anti-fashion statement elegance.</p>",Twessie,Bikini Bottom,"independent fashion, minimalist luxury, minimalist bikini bottom, high-end swimwear, architectural swimsuit",TRUE,Color,Obsidian Black,Size,L,TWESSIE_SG_BB_0105-Obsidian Black-L,168.0,,10
twessie-sg-bb-0105,Obsidian Black Minimalist Econyl Sleek Satin Bikini Bottom,"<p>Econyl Sleek Satin construction meets architectural precision in this bikini bottom. Designed for the intelligent, independent woman. The Obsidian Black colorway with Olive Drab accents creates a sophisticated palette. Pure anti-fashion statement elegance.</p>",Twessie,Bikini Bottom,"independent fashion, minimalist luxury, minimalist bikini bottom, high-end swimwear, architectural swimsuit",TRUE,Color,Obsidian Black,Size,XL,TWESSIE_SG_BB_0105-Obsidian Black-XL,168.0,,10
twessie-sg-bb-0105,Obsidian Black Minimalist Econyl Sleek Satin Bikini Bottom,"<p>Econyl Sleek Satin construction meets architectural precision in this bikini bottom. Designed for the intelligent, independent woman. The Obsidian Black colorway with Olive Drab accents creates a sophisticated palette. Pure anti-fashion statement elegance.</p>",Twessie,Bikini Bottom,"independent fashion, minimalist luxury, minimalist bikini bottom, high-end swimwear, architectural swimsuit",TRUE,Color,Obsidian Black,Size,XXL,TWESSIE_SG_BB_0105-Obsidian Black-XXL,168.0,,10
twessie-sg-bb-0105,Obsidian Black Minimalist Econyl Sleek Satin Bikini Bottom,"<p>Econyl Sleek Satin construction meets architectural precision in this bikini bottom. Designed for the intelligent, independent woman. The Obsidian Black colorway with Olive Drab accents creates a sophisticated palette. Pure anti-fashion statement elegance.</p>",Twessie,Bikini Bottom,"independent fashion, minimalist luxury, minimalist bikini bottom, high-end swimwear, architectural swimsuit",TRUE,Color,Olive Drab,Size,XS,TWESSIE_SG_BB_0105-Olive Drab-XS,168.0,,10
twessie-sg-bb-0105,Obsidian Black Minimalist Econyl Sleek Satin Bikini Bottom,"<p>Econyl Sleek Satin construction meets architectural precision in this bikini bottom. Designed for the intelligent, independent woman. The Obsidian Black colorway with Olive Drab accents creates a sophisticated palette. Pure anti-fashion statement elegance.</p>",Twessie,Bikini Bottom,"independent fashion, minimalist luxury, minimalist bikini bottom, high-end swimwear, architectural swimsuit",TRUE,Color,Olive Drab,Size,S,TWESSIE_SG_BB_0105-Olive Drab-S,168.0,,10
twessie-sg-bb-0105,Obsidian Black Minimalist Econyl Sleek Satin Bikini Bottom,"<p>Econyl Sleek Satin construction meets architectural precision in this bikini bottom. Designed for the intelligent, independent woman. The Obsidian Black colorway with Olive Drab accents creates a sophisticated palette. Pure anti-fashion statement elegance.</p>",Twessie,Bikini Bottom,"independent fashion, minimalist luxury, minimalist bikini bottom, high-end swimwear, architectural swimsuit",TRUE,Color,Olive Drab,Size,M,TWESSIE_SG_BB_0105-Olive Drab-M,168.0,,10
twessie-sg-bb-0105,Obsidian Black Minimalist Econyl Sleek Satin Bikini Bottom,"<p>Econyl Sleek Satin construction meets architectural precision in this bikini bottom. Designed for the intelligent, independent woman. The Obsidian Black colorway with Olive Drab accents creates a sophisticated palette. Pure anti-fashion statement elegance.</p>",Twessie,Bikini Bottom,"independent fashion, minimalist luxury, minimalist bikini bottom, high-end swimwear, architectural swimsuit",TRUE,Color,Olive Drab,Size,L,TWESSIE_SG_BB_0105-Olive Drab-L,168.0,,10
twessie-sg-bb-0105,Obsidian Black Minimalist Econyl Sleek Satin Bikini Bottom,"<p>Econyl Sleek Satin construction meets architectural precision in this bikini bottom. Designed for the intelligent, independent woman. The Obsidian Black colorway with Olive Drab accents creates a sophisticated palette. Pure anti-fashion statement elegance.</p>",Twessie,Bikini Bottom,"independent fashion, minimalist luxury, minimalist bikini bottom, high-end swimwear, architectural swimsuit",TRUE,Color,Olive Drab,Size,XL,TWESSIE_SG_BB_0105-Olive Drab-XL,168.0,,10
twessie-sg-bb-0105,Obsidian Black Minimalist Econyl Sleek Satin Bikini Bottom,"<p>Econyl Sleek Satin construction meets architectural precision in this bikini bottom. Designed for the intelligent, independent woman. The Obsidian Black colorway with Olive Drab accents creates a sophisticated palette. Pure anti-fashion statement elegance.</p>",Twessie,Bikini Bottom,"independent fashion, minimalist luxury, minimalist bikini bottom, high-end swimwear, architectural swimsuit",TRUE,Color,Olive Drab,Size,XXL,TWESSIE_SG_BB_0105-Olive Drab-XXL,168.0,,10
twessie-eu-bt-0106,Obsidian Black Sculptural Econyl Sleek Satin Bikini Top,"<p>Econyl Sleek Satin construction meets architectural precision in this bikini top. Designed for the intelligent, independent woman. The Obsidian Black colorway with Burnt Terracotta accents creates a sophisticated palette. Pure minimalist luxury elegance.</p>",Twessie,Bikini Top,"Econyl Sleek Satin bikini, minimalist luxury, independent fashion, minimalist bikini top, luxury Obsidian Black swimwear",TRUE,Color,Obsidian Black,Size,XS,TWESSIE_EU_BT_0106-Obsidian Black-XS,168.0,,10
twessie-eu-bt-0106,Obsidian Black Sculptural Econyl Sleek Satin Bikini Top,"<p>Econyl Sleek Satin construction meets architectural precision in this bikini top. Designed for the intelligent, independent woman. The Obsidian Black colorway with Burnt Terracotta accents creates a sophisticated palette. Pure minimalist luxury elegance.</p>",Twessie,Bikini Top,"Econyl Sleek Satin bikini, minimalist luxury, independent fashion, minimalist bikini top, luxury Obsidian Black swimwear",TRUE,Color,Obsidian Black,Size,S,TWESSIE_EU_BT_0106-Obsidian Black-S,168.0,,10
twessie-eu-bt-0106,Obsidian Black Sculptural Econyl Sleek Satin Bikini Top,"<p>Econyl Sleek Satin construction meets architectural precision in this bikini top. Designed for the intelligent, independent woman. The Obsidian Black colorway with Burnt Terracotta accents creates a sophisticated palette. Pure minimalist luxury elegance.</p>",Twessie,Bikini Top,"Econyl Sleek Satin bikini, minimalist luxury, independent fashion, minimalist bikini top, luxury Obsidian Black swimwear",TRUE,Color,Obsidian Black,Size,M,TWESSIE_EU_BT_0106-Obsidian Black-M,168.0,,10
twessie-eu-bt-0106,Obsidian Black Sculptural Econyl Sleek Satin Bikini Top,"<p>Econyl Sleek Satin construction meets architectural precision in this bikini top. Designed for the intelligent, independent woman. The Obsidian Black colorway with Burnt Terracotta accents creates a sophisticated palette. Pure minimalist luxury elegance.</p>",Twessie,Bikini Top,"Econyl Sleek Satin bikini, minimalist luxury, independent fashion, minimalist bikini top, luxury Obsidian Black swimwear",TRUE,Color,Obsidian Black,Size,L,TWESSIE_EU_BT_0106-Obsidian Black-L,168.0,,10
twessie-eu-bt-0106,Obsidian Black Sculptural Econyl Sleek Satin Bikini Top,"<p>Econyl Sleek Satin construction meets architectural precision in this bikini top. Designed for the intelligent, independent woman. The Obsidian Black colorway with Burnt Terracotta accents creates a sophisticated palette. Pure minimalist luxury elegance.</p>",Twessie,Bikini Top,"Econyl Sleek Satin bikini, minimalist luxury, independent fashion, minimalist bikini top, luxury Obsidian Black swimwear",TRUE,Color,Obsidian Black,Size,XL,TWESSIE_EU_BT_0106-Obsidian Black-XL,168.0,,10
twessie-eu-bt-0106,Obsidian Black Sculptural Econyl Sleek Satin Bikini Top,"<p>Econyl Sleek Satin construction meets architectural precision in this bikini top. Designed for the intelligent, independent woman. The Obsidian Black colorway with Burnt Terracotta accents creates a sophisticated palette. Pure minimalist luxury elegance.</p>",Twessie,Bikini Top,"Econyl Sleek Satin bikini, minimalist luxury, independent fashion, minimalist bikini top, luxury Obsidian Black swimwear",TRUE,Color,Obsidian Black,Size,XXL,TWESSIE_EU_BT_0106-Obsidian Black-XXL,168.0,,10
twessie-eu-bt-0106,Obsidian Black Sculptural Econyl Sleek Satin Bikini Top,"<p>Econyl Sleek Satin construction meets architectural precision in this bikini top. Designed for the intelligent, independent woman. The Obsidian Black colorway with Burnt Terracotta accents creates a sophisticated palette. Pure minimalist luxury elegance.</p>",Twessie,Bikini Top,"Econyl Sleek Satin bikini, minimalist luxury, independent fashion, minimalist bikini top, luxury Obsidian Black swimwear",TRUE,Color,Burnt Terracotta,Size,XS,TWESSIE_EU_BT_0106-Burnt Terracotta-XS,168.0,,10
twessie-eu-bt-0106,Obsidian Black Sculptural Econyl Sleek Satin Bikini Top,"<p>Econyl Sleek Satin construction meets architectural precision in this bikini top. Designed for the intelligent, independent woman. The Obsidian Black colorway with Burnt Terracotta accents creates a sophisticated palette. Pure minimalist luxury elegance.</p>",Twessie,Bikini Top,"Econyl Sleek Satin bikini, minimalist luxury, independent fashion, minimalist bikini top, luxury Obsidian Black swimwear",TRUE,Color,Burnt Terracotta,Size,S,TWESSIE_EU_BT_0106-Burnt Terracotta-S,168.0,,10
twessie-eu-bt-0106,Obsidian Black Sculptural Econyl Sleek Satin Bikini Top,"<p>Econyl Sleek Satin construction meets architectural precision in this bikini top. Designed for the intelligent, independent woman. The Obsidian Black colorway with Burnt Terracotta accents creates a sophisticated palette. Pure minimalist luxury elegance.</p>",Twessie,Bikini Top,"Econyl Sleek Satin bikini, minimalist luxury, independent fashion, minimalist bikini top, luxury Obsidian Black swimwear",TRUE,Color,Burnt Terracotta,Size,M,TWESSIE_EU_BT_0106-Burnt Terracotta-M,168.0,,10
twessie-eu-bt-0106,Obsidian Black Sculptural Econyl Sleek Satin Bikini Top,"<p>Econyl Sleek Satin construction meets architectural precision in this bikini top. Designed for the intelligent, independent woman. The Obsidian Black colorway with Burnt Terracotta accents creates a sophisticated palette. Pure minimalist luxury elegance.</p>",Twessie,Bikini Top,"Econyl Sleek Satin bikini, minimalist luxury, independent fashion, minimalist bikini top, luxury Obsidian Black swimwear",TRUE,Color,Burnt Terracotta,Size,L,TWESSIE_EU_BT_0106-Burnt Terracotta-L,168.0,,10
twessie-eu-bt-0106,Obsidian Black Sculptural Econyl Sleek Satin Bikini Top,"<p>Econyl Sleek Satin construction meets architectural precision in this bikini top. Designed for the intelligent, independent woman. The Obsidian Black colorway with Burnt Terracotta accents creates a sophisticated palette. Pure minimalist luxury elegance.</p>",Twessie,Bikini Top,"Econyl Sleek Satin bikini, minimalist luxury, independent fashion, minimalist bikini top, luxury Obsidian Black swimwear",TRUE,Color,Burnt Terracotta,Size,XL,TWESSIE_EU_BT_0106-Burnt Terracotta-XL,168.0,,10
twessie-eu-bt-0106,Obsidian Black Sculptural Econyl Sleek Satin Bikini Top,"<p>Econyl Sleek Satin construction meets architectural precision in this bikini top. Designed for the intelligent, independent woman. The Obsidian Black colorway with Burnt Terracotta accents creates a sophisticated palette. Pure minimalist luxury elegance.</p>",Twessie,Bikini Top,"Econyl Sleek Satin bikini, minimalist luxury, independent fashion, minimalist bikini top, luxury Obsidian Black swimwear",TRUE,Color,Burnt Terracotta,Size,XXL,TWESSIE_EU_BT_0106-Burnt Terracotta-XXL,168.0,,10
twessie-au-bb-0107,High-Cut Obsidian Black Bikini Brief,<p>A statement piece in Econyl Sleek Satin. This bikini bottom combines intelligent aesthetic design with impeccable craftsmanship. Available in Obsidian Black with Chalk White detailing. Not loud. Not obvious. Unmistakably Twessie.</p>,Twessie,Bikini Bottom,"minimalist luxury, minimalist bikini bottom, luxury Obsidian Black swimwear, high-end swimwear, architectural swimsuit",TRUE,Color,Obsidian Black,Size,XS,TWESSIE_AU_BB_0107-Obsidian Black-XS,168.0,,10
twessie-au-bb-0107,High-Cut Obsidian Black Bikini Brief,<p>A statement piece in Econyl Sleek Satin. This bikini bottom combines intelligent aesthetic design with impeccable craftsmanship. Available in Obsidian Black with Chalk White detailing. Not loud. Not obvious. Unmistakably Twessie.</p>,Twessie,Bikini Bottom,"minimalist luxury, minimalist bikini bottom, luxury Obsidian Black swimwear, high-end swimwear, architectural swimsuit",TRUE,Color,Obsidian Black,Size,S,TWESSIE_AU_BB_0107-Obsidian Black-S,168.0,,10
twessie-au-bb-0107,High-Cut Obsidian Black Bikini Brief,<p>A statement piece in Econyl Sleek Satin. This bikini bottom combines intelligent aesthetic design with impeccable craftsmanship. Available in Obsidian Black with Chalk White detailing. Not loud. Not obvious. Unmistakably Twessie.</p>,Twessie,Bikini Bottom,"minimalist luxury, minimalist bikini bottom, luxury Obsidian Black swimwear, high-end swimwear, architectural swimsuit",TRUE,Color,Obsidian Black,Size,M,TWESSIE_AU_BB_0107-Obsidian Black-M,168.0,,10
twessie-au-bb-0107,High-Cut Obsidian Black Bikini Brief,<p>A statement piece in Econyl Sleek Satin. This bikini bottom combines intelligent aesthetic design with impeccable craftsmanship. Available in Obsidian Black with Chalk White detailing. Not loud. Not obvious. Unmistakably Twessie.</p>,Twessie,Bikini Bottom,"minimalist luxury, minimalist bikini bottom, luxury Obsidian Black swimwear, high-end swimwear, architectural swimsuit",TRUE,Color,Obsidian Black,Size,L,TWESSIE_AU_BB_0107-Obsidian Black-L,168.0,,10
twessie-au-bb-0107,High-Cut Obsidian Black Bikini Brief,<p>A statement piece in Econyl Sleek Satin. This bikini bottom combines intelligent aesthetic design with impeccable craftsmanship. Available in Obsidian Black with Chalk White detailing. Not loud. Not obvious. Unmistakably Twessie.</p>,Twessie,Bikini Bottom,"minimalist luxury, minimalist bikini bottom, luxury Obsidian Black swimwear, high-end swimwear, architectural swimsuit",TRUE,Color,Obsidian Black,Size,XL,TWESSIE_AU_BB_0107-Obsidian Black-XL,168.0,,10
twessie-au-bb-0107,High-Cut Obsidian Black Bikini Brief,<p>A statement piece in Econyl Sleek Satin. This bikini bottom combines intelligent aesthetic design with impeccable craftsmanship. Available in Obsidian Black with Chalk White detailing. Not loud. Not obvious. Unmistakably Twessie.</p>,Twessie,Bikini Bottom,"minimalist luxury, minimalist bikini bottom, luxury Obsidian Black swimwear, high-end swimwear, architectural swimsuit",TRUE,Color,Obsidian Black,Size,XXL,TWESSIE_AU_BB_0107-Obsidian Black-XXL,168.0,,10
twessie-au-bb-0107,High-Cut Obsidian Black Bikini Brief,<p>A statement piece in Econyl Sleek Satin. This bikini bottom combines intelligent aesthetic design with impeccable craftsmanship. Available in Obsidian Black with Chalk White detailing. Not loud. Not obvious. Unmistakably Twessie.</p>,Twessie,Bikini Bottom,"minimalist luxury, minimalist bikini bottom, luxury Obsidian Black swimwear, high-end swimwear, architectural swimsuit",TRUE,Color,Chalk White,Size,XS,TWESSIE_AU_BB_0107-Chalk White-XS,168.0,,10
twessie-au-bb-0107,High-Cut Obsidian Black Bikini Brief,<p>A statement piece in Econyl Sleek Satin. This bikini bottom combines intelligent aesthetic design with impeccable craftsmanship. Available in Obsidian Black with Chalk White detailing. Not loud. Not obvious. Unmistakably Twessie.</p>,Twessie,Bikini Bottom,"minimalist luxury, minimalist bikini bottom, luxury Obsidian Black swimwear, high-end swimwear, architectural swimsuit",TRUE,Color,Chalk White,Size,S,TWESSIE_AU_BB_0107-Chalk White-S,168.0,,10
twessie-au-bb-0107,High-Cut Obsidian Black Bikini Brief,<p>A statement piece in Econyl Sleek Satin. This bikini bottom combines intelligent aesthetic design with impeccable craftsmanship. Available in Obsidian Black with Chalk White detailing. Not loud. Not obvious. Unmistakably Twessie.</p>,Twessie,Bikini Bottom,"minimalist luxury, minimalist bikini bottom, luxury Obsidian Black swimwear, high-end swimwear, architectural swimsuit",TRUE,Color,Chalk White,Size,M,TWESSIE_AU_BB_0107-Chalk White-M,168.0,,10
twessie-au-bb-0107,High-Cut Obsidian Black Bikini Brief,<p>A statement piece in Econyl Sleek Satin. This bikini bottom combines intelligent aesthetic design with impeccable craftsmanship. Available in Obsidian Black with Chalk White detailing. Not loud. Not obvious. Unmistakably Twessie.</p>,Twessie,Bikini Bottom,"minimalist luxury, minimalist bikini bottom, luxury Obsidian Black swimwear, high-end swimwear, architectural swimsuit",TRUE,Color,Chalk White,Size,L,TWESSIE_AU_BB_0107-Chalk White-L,168.0,,10
twessie-au-bb-0107,High-Cut Obsidian Black Bikini Brief,<p>A statement piece in Econyl Sleek Satin. This bikini bottom combines intelligent aesthetic design with impeccable craftsmanship. Available in Obsidian Black with Chalk White detailing. Not loud. Not obvious. Unmistakably Twessie.</p>,Twessie,Bikini Bottom,"minimalist luxury, minimalist bikini bottom, luxury Obsidian Black swimwear, high-end swimwear, architectural swimsuit",TRUE,Color,Chalk White,Size,XL,TWESSIE_AU_BB_0107-Chalk White-XL,168.0,,10
twessie-au-bb-0107,High-Cut Obsidian Black Bikini Brief,<p>A statement piece in Econyl Sleek Satin. This bikini bottom combines intelligent aesthetic design with impeccable craftsmanship. Available in Obsidian Black with Chalk White detailing. Not loud. Not obvious. Unmistakably Twessie.</p>,Twessie,Bikini Bottom,"minimalist luxury, minimalist bikini bottom, luxury Obsidian Black swimwear, high-end swimwear, architectural swimsuit",TRUE,Color,Chalk White,Size,XXL,TWESSIE_AU_BB_0107-Chalk White-XXL,168.0,,10
twessie-jp-bb-0108,Chalk White Minimalist Crinkled Seersucker Bikini Bottom,<p>Crafted in premium Crinkled Seersucker with Matte Ribbed Knit accents. This bikini bottom epitomizes minimalist luxury luxury. Featuring color-blocking in Chalk White and Stone Gray. Perfect for the discerning swimmer who refuses the obvious.</p>,Twessie,Bikini Bottom,"independent fashion, high-end swimwear, luxury Chalk White swimwear, minimalist luxury, architectural swimsuit",TRUE,Color,Chalk White,Size,XS,TWESSIE_JP_BB_0108-Chalk White-XS,168.0,,10
twessie-jp-bb-0108,Chalk White Minimalist Crinkled Seersucker Bikini Bottom,<p>Crafted in premium Crinkled Seersucker with Matte Ribbed Knit accents. This bikini bottom epitomizes minimalist luxury luxury. Featuring color-blocking in Chalk White and Stone Gray. Perfect for the discerning swimmer who refuses the obvious.</p>,Twessie,Bikini Bottom,"independent fashion, high-end swimwear, luxury Chalk White swimwear, minimalist luxury, architectural swimsuit",TRUE,Color,Chalk White,Size,S,TWESSIE_JP_BB_0108-Chalk White-S,168.0,,10
twessie-jp-bb-0108,Chalk White Minimalist Crinkled Seersucker Bikini Bottom,<p>Crafted in premium Crinkled Seersucker with Matte Ribbed Knit accents. This bikini bottom epitomizes minimalist luxury luxury. Featuring color-blocking in Chalk White and Stone Gray. Perfect for the discerning swimmer who refuses the obvious.</p>,Twessie,Bikini Bottom,"independent fashion, high-end swimwear, luxury Chalk White swimwear, minimalist luxury, architectural swimsuit",TRUE,Color,Chalk White,Size,M,TWESSIE_JP_BB_0108-Chalk White-M,168.0,,10
twessie-jp-bb-0108,Chalk White Minimalist Crinkled Seersucker Bikini Bottom,<p>Crafted in premium Crinkled Seersucker with Matte Ribbed Knit accents. This bikini bottom epitomizes minimalist luxury luxury. Featuring color-blocking in Chalk White and Stone Gray. Perfect for the discerning swimmer who refuses the obvious.</p>,Twessie,Bikini Bottom,"independent fashion, high-end swimwear, luxury Chalk White swimwear, minimalist luxury, architectural swimsuit",TRUE,Color,Chalk White,Size,L,TWESSIE_JP_BB_0108-Chalk White-L,168.0,,10
twessie-jp-bb-0108,Chalk White Minimalist Crinkled Seersucker Bikini Bottom,<p>Crafted in premium Crinkled Seersucker with Matte Ribbed Knit accents. This bikini bottom epitomizes minimalist luxury luxury. Featuring color-blocking in Chalk White and Stone Gray. Perfect for the discerning swimmer who refuses the obvious.</p>,Twessie,Bikini Bottom,"independent fashion, high-end swimwear, luxury Chalk White swimwear, minimalist luxury, architectural swimsuit",TRUE,Color,Chalk White,Size,XL,TWESSIE_JP_BB_0108-Chalk White-XL,168.0,,10
twessie-jp-bb-0108,Chalk White Minimalist Crinkled Seersucker Bikini Bottom,<p>Crafted in premium Crinkled Seersucker with Matte Ribbed Knit accents. This bikini bottom epitomizes minimalist luxury luxury. Featuring color-blocking in Chalk White and Stone Gray. Perfect for the discerning swimmer who refuses the obvious.</p>,Twessie,Bikini Bottom,"independent fashion, high-end swimwear, luxury Chalk White swimwear, minimalist luxury, architectural swimsuit",TRUE,Color,Chalk White,Size,XXL,TWESSIE_JP_BB_0108-Chalk White-XXL,168.0,,10
twessie-jp-bb-0108,Chalk White Minimalist Crinkled Seersucker Bikini Bottom,<p>Crafted in premium Crinkled Seersucker with Matte Ribbed Knit accents. This bikini bottom epitomizes minimalist luxury luxury. Featuring color-blocking in Chalk White and Stone Gray. Perfect for the discerning swimmer who refuses the obvious.</p>,Twessie,Bikini Bottom,"independent fashion, high-end swimwear, luxury Chalk White swimwear, minimalist luxury, architectural swimsuit",TRUE,Color,Stone Gray,Size,XS,TWESSIE_JP_BB_0108-Stone Gray-XS,168.0,,10
twessie-jp-bb-0108,Chalk White Minimalist Crinkled Seersucker Bikini Bottom,<p>Crafted in premium Crinkled Seersucker with Matte Ribbed Knit accents. This bikini bottom epitomizes minimalist luxury luxury. Featuring color-blocking in Chalk White and Stone Gray. Perfect for the discerning swimmer who refuses the obvious.</p>,Twessie,Bikini Bottom,"independent fashion, high-end swimwear, luxury Chalk White swimwear, minimalist luxury, architectural swimsuit",TRUE,Color,Stone Gray,Size,S,TWESSIE_JP_BB_0108-Stone Gray-S,168.0,,10
twessie-jp-bb-0108,Chalk White Minimalist Crinkled Seersucker Bikini Bottom,<p>Crafted in premium Crinkled Seersucker with Matte Ribbed Knit accents. This bikini bottom epitomizes minimalist luxury luxury. Featuring color-blocking in Chalk White and Stone Gray. Perfect for the discerning swimmer who refuses the obvious.</p>,Twessie,Bikini Bottom,"independent fashion, high-end swimwear, luxury Chalk White swimwear, minimalist luxury, architectural swimsuit",TRUE,Color,Stone Gray,Size,M,TWESSIE_JP_BB_0108-Stone Gray-M,168.0,,10
twessie-jp-bb-0108,Chalk White Minimalist Crinkled Seersucker Bikini Bottom,<p>Crafted in premium Crinkled Seersucker with Matte Ribbed Knit accents. This bikini bottom epitomizes minimalist luxury luxury. Featuring color-blocking in Chalk White and Stone Gray. Perfect for the discerning swimmer who refuses the obvious.</p>,Twessie,Bikini Bottom,"independent fashion, high-end swimwear, luxury Chalk White swimwear, minimalist luxury, architectural swimsuit",TRUE,Color,Stone Gray,Size,L,TWESSIE_JP_BB_0108-Stone Gray-L,168.0,,10
twessie-jp-bb-0108,Chalk White Minimalist Crinkled Seersucker Bikini Bottom,<p>Crafted in premium Crinkled Seersucker with Matte Ribbed Knit accents. This bikini bottom epitomizes minimalist luxury luxury. Featuring color-blocking in Chalk White and Stone Gray. Perfect for the discerning swimmer who refuses the obvious.</p>,Twessie,Bikini Bottom,"independent fashion, high-end swimwear, luxury Chalk White swimwear, minimalist luxury, architectural swimsuit",TRUE,Color,Stone Gray,Size,XL,TWESSIE_JP_BB_0108-Stone Gray-XL,168.0,,10
twessie-jp-bb-0108,Chalk White Minimalist Crinkled Seersucker Bikini Bottom,<p>Crafted in premium Crinkled Seersucker with Matte Ribbed Knit accents. This bikini bottom epitomizes minimalist luxury luxury. Featuring color-blocking in Chalk White and Stone Gray. Perfect for the discerning swimmer who refuses the obvious.</p>,Twessie,Bikini Bottom,"independent fashion, high-end swimwear, luxury Chalk White swimwear, minimalist luxury, architectural swimsuit",TRUE,Color,Stone Gray,Size,XXL,TWESSIE_JP_BB_0108-Stone Gray-XXL,168.0,,10
twessie-jp-bb-0109,Raw-Edge Obsidian Black Bikini Bottom,<p>A statement piece in Econyl Sleek Satin. This bikini bottom combines intelligent aesthetic design with impeccable craftsmanship. Available in Obsidian Black with Olive Drab detailing. Not loud. Not obvious. Unmistakably Twessie.</p>,Twessie,Bikini Bottom,"luxury Obsidian Black swimwear, independent fashion, Econyl Sleek Satin bikini, minimalist bikini bottom, minimalist luxury",TRUE,Color,Obsidian Black,Size,XS,TWESSIE_JP_BB_0109-Obsidian Black-XS,168.0,,10
twessie-jp-bb-0109,Raw-Edge Obsidian Black Bikini Bottom,<p>A statement piece in Econyl Sleek Satin. This bikini bottom combines intelligent aesthetic design with impeccable craftsmanship. Available in Obsidian Black with Olive Drab detailing. Not loud. Not obvious. Unmistakably Twessie.</p>,Twessie,Bikini Bottom,"luxury Obsidian Black swimwear, independent fashion, Econyl Sleek Satin bikini, minimalist bikini bottom, minimalist luxury",TRUE,Color,Obsidian Black,Size,S,TWESSIE_JP_BB_0109-Obsidian Black-S,168.0,,10
twessie-jp-bb-0109,Raw-Edge Obsidian Black Bikini Bottom,<p>A statement piece in Econyl Sleek Satin. This bikini bottom combines intelligent aesthetic design with impeccable craftsmanship. Available in Obsidian Black with Olive Drab detailing. Not loud. Not obvious. Unmistakably Twessie.</p>,Twessie,Bikini Bottom,"luxury Obsidian Black swimwear, independent fashion, Econyl Sleek Satin bikini, minimalist bikini bottom, minimalist luxury",TRUE,Color,Obsidian Black,Size,M,TWESSIE_JP_BB_0109-Obsidian Black-M,168.0,,10
twessie-jp-bb-0109,Raw-Edge Obsidian Black Bikini Bottom,<p>A statement piece in Econyl Sleek Satin. This bikini bottom combines intelligent aesthetic design with impeccable craftsmanship. Available in Obsidian Black with Olive Drab detailing. Not loud. Not obvious. Unmistakably Twessie.</p>,Twessie,Bikini Bottom,"luxury Obsidian Black swimwear, independent fashion, Econyl Sleek Satin bikini, minimalist bikini bottom, minimalist luxury",TRUE,Color,Obsidian Black,Size,L,TWESSIE_JP_BB_0109-Obsidian Black-L,168.0,,10
twessie-jp-bb-0109,Raw-Edge Obsidian Black Bikini Bottom,<p>A statement piece in Econyl Sleek Satin. This bikini bottom combines intelligent aesthetic design with impeccable craftsmanship. Available in Obsidian Black with Olive Drab detailing. Not loud. Not obvious. Unmistakably Twessie.</p>,Twessie,Bikini Bottom,"luxury Obsidian Black swimwear, independent fashion, Econyl Sleek Satin bikini, minimalist bikini bottom, minimalist luxury",TRUE,Color,Obsidian Black,Size,XL,TWESSIE_JP_BB_0109-Obsidian Black-XL,168.0,,10
twessie-jp-bb-0109,Raw-Edge Obsidian Black Bikini Bottom,<p>A statement piece in Econyl Sleek Satin. This bikini bottom combines intelligent aesthetic design with impeccable craftsmanship. Available in Obsidian Black with Olive Drab detailing. Not loud. Not obvious. Unmistakably Twessie.</p>,Twessie,Bikini Bottom,"luxury Obsidian Black swimwear, independent fashion, Econyl Sleek Satin bikini, minimalist bikini bottom, minimalist luxury",TRUE,Color,Obsidian Black,Size,XXL,TWESSIE_JP_BB_0109-Obsidian Black-XXL,168.0,,10
twessie-jp-bb-0109,Raw-Edge Obsidian Black Bikini Bottom,<p>A statement piece in Econyl Sleek Satin. This bikini bottom combines intelligent aesthetic design with impeccable craftsmanship. Available in Obsidian Black with Olive Drab detailing. Not loud. Not obvious. Unmistakably Twessie.</p>,Twessie,Bikini Bottom,"luxury Obsidian Black swimwear, independent fashion, Econyl Sleek Satin bikini, minimalist bikini bottom, minimalist luxury",TRUE,Color,Olive Drab,Size,XS,TWESSIE_JP_BB_0109-Olive Drab-XS,168.0,,10
twessie-jp-bb-0109,Raw-Edge Obsidian Black Bikini Bottom,<p>A statement piece in Econyl Sleek Satin. This bikini bottom combines intelligent aesthetic design with impeccable craftsmanship. Available in Obsidian Black with Olive Drab detailing. Not loud. Not obvious. Unmistakably Twessie.</p>,Twessie,Bikini Bottom,"luxury Obsidian Black swimwear, independent fashion, Econyl Sleek Satin bikini, minimalist bikini bottom, minimalist luxury",TRUE,Color,Olive Drab,Size,S,TWESSIE_JP_BB_0109-Olive Drab-S,168.0,,10
twessie-jp-bb-0109,Raw-Edge Obsidian Black Bikini Bottom,<p>A statement piece in Econyl Sleek Satin. This bikini bottom combines intelligent aesthetic design with impeccable craftsmanship. Available in Obsidian Black with Olive Drab detailing. Not loud. Not obvious. Unmistakably Twessie.</p>,Twessie,Bikini Bottom,"luxury Obsidian Black swimwear, independent fashion, Econyl Sleek Satin bikini, minimalist bikini bottom, minimalist luxury",TRUE,Color,Olive Drab,Size,M,TWESSIE_JP_BB_0109-Olive Drab-M,168.0,,10
twessie-jp-bb-0109,Raw-Edge Obsidian Black Bikini Bottom,<p>A statement piece in Econyl Sleek Satin. This bikini bottom combines intelligent aesthetic design with impeccable craftsmanship. Available in Obsidian Black with Olive Drab detailing. Not loud. Not obvious. Unmistakably Twessie.</p>,Twessie,Bikini Bottom,"luxury Obsidian Black swimwear, independent fashion, Econyl Sleek Satin bikini, minimalist bikini bottom, minimalist luxury",TRUE,Color,Olive Drab,Size,L,TWESSIE_JP_BB_0109-Olive Drab-L,168.0,,10
twessie-jp-bb-0109,Raw-Edge Obsidian Black Bikini Bottom,<p>A statement piece in Econyl Sleek Satin. This bikini bottom combines intelligent aesthetic design with impeccable craftsmanship. Available in Obsidian Black with Olive Drab detailing. Not loud. Not obvious. Unmistakably Twessie.</p>,Twessie,Bikini Bottom,"luxury Obsidian Black swimwear, independent fashion, Econyl Sleek Satin bikini, minimalist bikini bottom, minimalist luxury",TRUE,Color,Olive Drab,Size,XL,TWESSIE_JP_BB_0109-Olive Drab-XL,168.0,,10
twessie-jp-bb-0109,Raw-Edge Obsidian Black Bikini Bottom,<p>A statement piece in Econyl Sleek Satin. This bikini bottom combines intelligent aesthetic design with impeccable craftsmanship. Available in Obsidian Black with Olive Drab detailing. Not loud. Not obvious. Unmistakably Twessie.</p>,Twessie,Bikini Bottom,"luxury Obsidian Black swimwear, independent fashion, Econyl Sleek Satin bikini, minimalist bikini bottom, minimalist luxury",TRUE,Color,Olive Drab,Size,XXL,TWESSIE_JP_BB_0109-Olive Drab-XXL,168.0,,10
twessie-au-op-0110,Sculptural Olive Drab Monokini,<p>Crafted in premium Matte Ribbed Knit with Crinkled Seersucker accents. This one-piece epitomizes intelligent aesthetic luxury. Featuring color-blocking in Olive Drab and Burnt Terracotta. Perfect for the discerning swimmer who refuses the obvious.</p>,Twessie,One-Piece,"minimalist luxury, architectural swimsuit, luxury Olive Drab swimwear, independent fashion, Matte Ribbed Knit bikini",TRUE,Color,Olive Drab,Size,XS,TWESSIE_AU_OP_0110-Olive Drab-XS,168.0,,10
twessie-au-op-0110,Sculptural Olive Drab Monokini,<p>Crafted in premium Matte Ribbed Knit with Crinkled Seersucker accents. This one-piece epitomizes intelligent aesthetic luxury. Featuring color-blocking in Olive Drab and Burnt Terracotta. Perfect for the discerning swimmer who refuses the obvious.</p>,Twessie,One-Piece,"minimalist luxury, architectural swimsuit, luxury Olive Drab swimwear, independent fashion, Matte Ribbed Knit bikini",TRUE,Color,Olive Drab,Size,S,TWESSIE_AU_OP_0110-Olive Drab-S,168.0,,10
twessie-au-op-0110,Sculptural Olive Drab Monokini,<p>Crafted in premium Matte Ribbed Knit with Crinkled Seersucker accents. This one-piece epitomizes intelligent aesthetic luxury. Featuring color-blocking in Olive Drab and Burnt Terracotta. Perfect for the discerning swimmer who refuses the obvious.</p>,Twessie,One-Piece,"minimalist luxury, architectural swimsuit, luxury Olive Drab swimwear, independent fashion, Matte Ribbed Knit bikini",TRUE,Color,Olive Drab,Size,M,TWESSIE_AU_OP_0110-Olive Drab-M,168.0,,10
twessie-au-op-0110,Sculptural Olive Drab Monokini,<p>Crafted in premium Matte Ribbed Knit with Crinkled Seersucker accents. This one-piece epitomizes intelligent aesthetic luxury. Featuring color-blocking in Olive Drab and Burnt Terracotta. Perfect for the discerning swimmer who refuses the obvious.</p>,Twessie,One-Piece,"minimalist luxury, architectural swimsuit, luxury Olive Drab swimwear, independent fashion, Matte Ribbed Knit bikini",TRUE,Color,Olive Drab,Size,L,TWESSIE_AU_OP_0110-Olive Drab-L,168.0,,10
twessie-au-op-0110,Sculptural Olive Drab Monokini,<p>Crafted in premium Matte Ribbed Knit with Crinkled Seersucker accents. This one-piece epitomizes intelligent aesthetic luxury. Featuring color-blocking in Olive Drab and Burnt Terracotta. Perfect for the discerning swimmer who refuses the obvious.</p>,Twessie,One-Piece,"minimalist luxury, architectural swimsuit, luxury Olive Drab swimwear, independent fashion, Matte Ribbed Knit bikini",TRUE,Color,Olive Drab,Size,XL,TWESSIE_AU_OP_0110-Olive Drab-XL,168.0,,10
twessie-au-op-0110,Sculptural Olive Drab Monokini,<p>Crafted in premium Matte Ribbed Knit with Crinkled Seersucker accents. This one-piece epitomizes intelligent aesthetic luxury. Featuring color-blocking in Olive Drab and Burnt Terracotta. Perfect for the discerning swimmer who refuses the obvious.</p>,Twessie,One-Piece,"minimalist luxury, architectural swimsuit, luxury Olive Drab swimwear, independent fashion, Matte Ribbed Knit bikini",TRUE,Color,Olive Drab,Size,XXL,TWESSIE_AU_OP_0110-Olive Drab-XXL,168.0,,10
twessie-au-op-0110,Sculptural Olive Drab Monokini,<p>Crafted in premium Matte Ribbed Knit with Crinkled Seersucker accents. This one-piece epitomizes intelligent aesthetic luxury. Featuring color-blocking in Olive Drab and Burnt Terracotta. Perfect for the discerning swimmer who refuses the obvious.</p>,Twessie,One-Piece,"minimalist luxury, architectural swimsuit, luxury Olive Drab swimwear, independent fashion, Matte Ribbed Knit bikini",TRUE,Color,Burnt Terracotta,Size,XS,TWESSIE_AU_OP_0110-Burnt Terracotta-XS,168.0,,10
twessie-au-op-0110,Sculptural Olive Drab Monokini,<p>Crafted in premium Matte Ribbed Knit with Crinkled Seersucker accents. This one-piece epitomizes intelligent aesthetic luxury. Featuring color-blocking in Olive Drab and Burnt Terracotta. Perfect for the discerning swimmer who refuses the obvious.</p>,Twessie,One-Piece,"minimalist luxury, architectural swimsuit, luxury Olive Drab swimwear, independent fashion, Matte Ribbed Knit bikini",TRUE,Color,Burnt Terracotta,Size,S,TWESSIE_AU_OP_0110-Burnt Terracotta-S,168.0,,10
twessie-au-op-0110,Sculptural Olive Drab Monokini,<p>Crafted in premium Matte Ribbed Knit with Crinkled Seersucker accents. This one-piece epitomizes intelligent aesthetic luxury. Featuring color-blocking in Olive Drab and Burnt Terracotta. Perfect for the discerning swimmer who refuses the obvious.</p>,Twessie,One-Piece,"minimalist luxury, architectural swimsuit, luxury Olive Drab swimwear, independent fashion, Matte Ribbed Knit bikini",TRUE,Color,Burnt Terracotta,Size,M,TWESSIE_AU_OP_0110-Burnt Terracotta-M,168.0,,10
twessie-au-op-0110,Sculptural Olive Drab Monokini,<p>Crafted in premium Matte Ribbed Knit with Crinkled Seersucker accents. This one-piece epitomizes intelligent aesthetic luxury. Featuring color-blocking in Olive Drab and Burnt Terracotta. Perfect for the discerning swimmer who refuses the obvious.</p>,Twessie,One-Piece,"minimalist luxury, architectural swimsuit, luxury Olive Drab swimwear, independent fashion, Matte Ribbed Knit bikini",TRUE,Color,Burnt Terracotta,Size,L,TWESSIE_AU_OP_0110-Burnt Terracotta-L,168.0,,10
twessie-au-op-0110,Sculptural Olive Drab Monokini,<p>Crafted in premium Matte Ribbed Knit with Crinkled Seersucker accents. This one-piece epitomizes intelligent aesthetic luxury. Featuring color-blocking in Olive Drab and Burnt Terracotta. Perfect for the discerning swimmer who refuses the obvious.</p>,Twessie,One-Piece,"minimalist luxury, architectural swimsuit, luxury Olive Drab swimwear, independent fashion, Matte Ribbed Knit bikini",TRUE,Color,Burnt Terracotta,Size,XL,TWESSIE_AU_OP_0110-Burnt Terracotta-XL,168.0,,10
twessie-au-op-0110,Sculptural Olive Drab Monokini,<p>Crafted in premium Matte Ribbed Knit with Crinkled Seersucker accents. This one-piece epitomizes intelligent aesthetic luxury. Featuring color-blocking in Olive Drab and Burnt Terracotta. Perfect for the discerning swimmer who refuses the obvious.</p>,Twessie,One-Piece,"minimalist luxury, architectural swimsuit, luxury Olive Drab swimwear, independent fashion, Matte Ribbed Knit bikini",TRUE,Color,Burnt Terracotta,Size,XXL,TWESSIE_AU_OP_0110-Burnt Terracotta-XXL,168.0,,10
twessie-au-bb-0201,Structural Econyl Sleek Satin Bikini Bottom,"<p>Econyl Sleek Satin construction meets architectural precision in this bikini bottom. Designed for the intelligent, independent woman. The Obsidian Black colorway with Olive Drab accents creates a sophisticated palette. Pure anti-fashion statement elegance.</p>",Twessie,Bikini Bottom,"luxury Obsidian Black swimwear, high-end swimwear, minimalist luxury, architectural swimsuit, minimalist bikini bottom",TRUE,Color,Obsidian Black,Size,XS,TWESSIE_AU_BB_0201-Obsidian Black-XS,168.0,,10
twessie-au-bb-0201,Structural Econyl Sleek Satin Bikini Bottom,"<p>Econyl Sleek Satin construction meets architectural precision in this bikini bottom. Designed for the intelligent, independent woman. The Obsidian Black colorway with Olive Drab accents creates a sophisticated palette. Pure anti-fashion statement elegance.</p>",Twessie,Bikini Bottom,"luxury Obsidian Black swimwear, high-end swimwear, minimalist luxury, architectural swimsuit, minimalist bikini bottom",TRUE,Color,Obsidian Black,Size,S,TWESSIE_AU_BB_0201-Obsidian Black-S,168.0,,10
twessie-au-bb-0201,Structural Econyl Sleek Satin Bikini Bottom,"<p>Econyl Sleek Satin construction meets architectural precision in this bikini bottom. Designed for the intelligent, independent woman. The Obsidian Black colorway with Olive Drab accents creates a sophisticated palette. Pure anti-fashion statement elegance.</p>",Twessie,Bikini Bottom,"luxury Obsidian Black swimwear, high-end swimwear, minimalist luxury, architectural swimsuit, minimalist bikini bottom",TRUE,Color,Obsidian Black,Size,M,TWESSIE_AU_BB_0201-Obsidian Black-M,168.0,,10
twessie-au-bb-0201,Structural Econyl Sleek Satin Bikini Bottom,"<p>Econyl Sleek Satin construction meets architectural precision in this bikini bottom. Designed for the intelligent, independent woman. The Obsidian Black colorway with Olive Drab accents creates a sophisticated palette. Pure anti-fashion statement elegance.</p>",Twessie,Bikini Bottom,"luxury Obsidian Black swimwear, high-end swimwear, minimalist luxury, architectural swimsuit, minimalist bikini bottom",TRUE,Color,Obsidian Black,Size,L,TWESSIE_AU_BB_0201-Obsidian Black-L,168.0,,10
twessie-au-bb-0201,Structural Econyl Sleek Satin Bikini Bottom,"<p>Econyl Sleek Satin construction meets architectural precision in this bikini bottom. Designed for the intelligent, independent woman. The Obsidian Black colorway with Olive Drab accents creates a sophisticated palette. Pure anti-fashion statement elegance.</p>",Twessie,Bikini Bottom,"luxury Obsidian Black swimwear, high-end swimwear, minimalist luxury, architectural swimsuit, minimalist bikini bottom",TRUE,Color,Obsidian Black,Size,XL,TWESSIE_AU_BB_0201-Obsidian Black-XL,168.0,,10
twessie-au-bb-0201,Structural Econyl Sleek Satin Bikini Bottom,"<p>Econyl Sleek Satin construction meets architectural precision in this bikini bottom. Designed for the intelligent, independent woman. The Obsidian Black colorway with Olive Drab accents creates a sophisticated palette. Pure anti-fashion statement elegance.</p>",Twessie,Bikini Bottom,"luxury Obsidian Black swimwear, high-end swimwear, minimalist luxury, architectural swimsuit, minimalist bikini bottom",TRUE,Color,Obsidian Black,Size,XXL,TWESSIE_AU_BB_0201-Obsidian Black-XXL,168.0,,10
twessie-au-bb-0201,Structural Econyl Sleek Satin Bikini Bottom,"<p>Econyl Sleek Satin construction meets architectural precision in this bikini bottom. Designed for the intelligent, independent woman. The Obsidian Black colorway with Olive Drab accents creates a sophisticated palette. Pure anti-fashion statement elegance.</p>",Twessie,Bikini Bottom,"luxury Obsidian Black swimwear, high-end swimwear, minimalist luxury, architectural swimsuit, minimalist bikini bottom",TRUE,Color,Olive Drab,Size,XS,TWESSIE_AU_BB_0201-Olive Drab-XS,168.0,,10
twessie-au-bb-0201,Structural Econyl Sleek Satin Bikini Bottom,"<p>Econyl Sleek Satin construction meets architectural precision in this bikini bottom. Designed for the intelligent, independent woman. The Obsidian Black colorway with Olive Drab accents creates a sophisticated palette. Pure anti-fashion statement elegance.</p>",Twessie,Bikini Bottom,"luxury Obsidian Black swimwear, high-end swimwear, minimalist luxury, architectural swimsuit, minimalist bikini bottom",TRUE,Color,Olive Drab,Size,S,TWESSIE_AU_BB_0201-Olive Drab-S,168.0,,10
twessie-au-bb-0201,Structural Econyl Sleek Satin Bikini Bottom,"<p>Econyl Sleek Satin construction meets architectural precision in this bikini bottom. Designed for the intelligent, independent woman. The Obsidian Black colorway with Olive Drab accents creates a sophisticated palette. Pure anti-fashion statement elegance.</p>",Twessie,Bikini Bottom,"luxury Obsidian Black swimwear, high-end swimwear, minimalist luxury, architectural swimsuit, minimalist bikini bottom",TRUE,Color,Olive Drab,Size,M,TWESSIE_AU_BB_0201-Olive Drab-M,168.0,,10
twessie-au-bb-0201,Structural Econyl Sleek Satin Bikini Bottom,"<p>Econyl Sleek Satin construction meets architectural precision in this bikini bottom. Designed for the intelligent, independent woman. The Obsidian Black colorway with Olive Drab accents creates a sophisticated palette. Pure anti-fashion statement elegance.</p>",Twessie,Bikini Bottom,"luxury Obsidian Black swimwear, high-end swimwear, minimalist luxury, architectural swimsuit, minimalist bikini bottom",TRUE,Color,Olive Drab,Size,L,TWESSIE_AU_BB_0201-Olive Drab-L,168.0,,10
twessie-au-bb-0201,Structural Econyl Sleek Satin Bikini Bottom,"<p>Econyl Sleek Satin construction meets architectural precision in this bikini bottom. Designed for the intelligent, independent woman. The Obsidian Black colorway with Olive Drab accents creates a sophisticated palette. Pure anti-fashion statement elegance.</p>",Twessie,Bikini Bottom,"luxury Obsidian Black swimwear, high-end swimwear, minimalist luxury, architectural swimsuit, minimalist bikini bottom",TRUE,Color,Olive Drab,Size,XL,TWESSIE_AU_BB_0201-Olive Drab-XL,168.0,,10
twessie-au-bb-0201,Structural Econyl Sleek Satin Bikini Bottom,"<p>Econyl Sleek Satin construction meets architectural precision in this bikini bottom. Designed for the intelligent, independent woman. The Obsidian Black colorway with Olive Drab accents creates a sophisticated palette. Pure anti-fashion statement elegance.</p>",Twessie,Bikini Bottom,"luxury Obsidian Black swimwear, high-end swimwear, minimalist luxury, architectural swimsuit, minimalist bikini bottom",TRUE,Color,Olive Drab,Size,XXL,TWESSIE_AU_BB_0201-Olive Drab-XXL,168.0,,10
twessie-jp-bb-0202,Structural Econyl Sleek Satin Bikini Bottom,<p>A statement piece in Econyl Sleek Satin. This bikini bottom combines rebellious yet refined design with impeccable craftsmanship. Available in Obsidian Black with Burnt Terracotta detailing. Not loud. Not obvious. Unmistakably Twessie.</p>,Twessie,Bikini Bottom,"architectural swimsuit, Econyl Sleek Satin bikini, independent fashion, minimalist bikini bottom, luxury Obsidian Black swimwear",TRUE,Color,Obsidian Black,Size,XS,TWESSIE_JP_BB_0202-Obsidian Black-XS,168.0,,10
twessie-jp-bb-0202,Structural Econyl Sleek Satin Bikini Bottom,<p>A statement piece in Econyl Sleek Satin. This bikini bottom combines rebellious yet refined design with impeccable craftsmanship. Available in Obsidian Black with Burnt Terracotta detailing. Not loud. Not obvious. Unmistakably Twessie.</p>,Twessie,Bikini Bottom,"architectural swimsuit, Econyl Sleek Satin bikini, independent fashion, minimalist bikini bottom, luxury Obsidian Black swimwear",TRUE,Color,Obsidian Black,Size,S,TWESSIE_JP_BB_0202-Obsidian Black-S,168.0,,10
twessie-jp-bb-0202,Structural Econyl Sleek Satin Bikini Bottom,<p>A statement piece in Econyl Sleek Satin. This bikini bottom combines rebellious yet refined design with impeccable craftsmanship. Available in Obsidian Black with Burnt Terracotta detailing. Not loud. Not obvious. Unmistakably Twessie.</p>,Twessie,Bikini Bottom,"architectural swimsuit, Econyl Sleek Satin bikini, independent fashion, minimalist bikini bottom, luxury Obsidian Black swimwear",TRUE,Color,Obsidian Black,Size,M,TWESSIE_JP_BB_0202-Obsidian Black-M,168.0,,10
twessie-jp-bb-0202,Structural Econyl Sleek Satin Bikini Bottom,<p>A statement piece in Econyl Sleek Satin. This bikini bottom combines rebellious yet refined design with impeccable craftsmanship. Available in Obsidian Black with Burnt Terracotta detailing. Not loud. Not obvious. Unmistakably Twessie.</p>,Twessie,Bikini Bottom,"architectural swimsuit, Econyl Sleek Satin bikini, independent fashion, minimalist bikini bottom, luxury Obsidian Black swimwear",TRUE,Color,Obsidian Black,Size,L,TWESSIE_JP_BB_0202-Obsidian Black-L,168.0,,10
twessie-jp-bb-0202,Structural Econyl Sleek Satin Bikini Bottom,<p>A statement piece in Econyl Sleek Satin. This bikini bottom combines rebellious yet refined design with impeccable craftsmanship. Available in Obsidian Black with Burnt Terracotta detailing. Not loud. Not obvious. Unmistakably Twessie.</p>,Twessie,Bikini Bottom,"architectural swimsuit, Econyl Sleek Satin bikini, independent fashion, minimalist bikini bottom, luxury Obsidian Black swimwear",TRUE,Color,Obsidian Black,Size,XL,TWESSIE_JP_BB_0202-Obsidian Black-XL,168.0,,10
twessie-jp-bb-0202,Structural Econyl Sleek Satin Bikini Bottom,<p>A statement piece in Econyl Sleek Satin. This bikini bottom combines rebellious yet refined design with impeccable craftsmanship. Available in Obsidian Black with Burnt Terracotta detailing. Not loud. Not obvious. Unmistakably Twessie.</p>,Twessie,Bikini Bottom,"architectural swimsuit, Econyl Sleek Satin bikini, independent fashion, minimalist bikini bottom, luxury Obsidian Black swimwear",TRUE,Color,Obsidian Black,Size,XXL,TWESSIE_JP_BB_0202-Obsidian Black-XXL,168.0,,10
twessie-jp-bb-0202,Structural Econyl Sleek Satin Bikini Bottom,<p>A statement piece in Econyl Sleek Satin. This bikini bottom combines rebellious yet refined design with impeccable craftsmanship. Available in Obsidian Black with Burnt Terracotta detailing. Not loud. Not obvious. Unmistakably Twessie.</p>,Twessie,Bikini Bottom,"architectural swimsuit, Econyl Sleek Satin bikini, independent fashion, minimalist bikini bottom, luxury Obsidian Black swimwear",TRUE,Color,Burnt Terracotta,Size,XS,TWESSIE_JP_BB_0202-Burnt Terracotta-XS,168.0,,10
twessie-jp-bb-0202,Structural Econyl Sleek Satin Bikini Bottom,<p>A statement piece in Econyl Sleek Satin. This bikini bottom combines rebellious yet refined design with impeccable craftsmanship. Available in Obsidian Black with Burnt Terracotta detailing. Not loud. Not obvious. Unmistakably Twessie.</p>,Twessie,Bikini Bottom,"architectural swimsuit, Econyl Sleek Satin bikini, independent fashion, minimalist bikini bottom, luxury Obsidian Black swimwear",TRUE,Color,Burnt Terracotta,Size,S,TWESSIE_JP_BB_0202-Burnt Terracotta-S,168.0,,10
twessie-jp-bb-0202,Structural Econyl Sleek Satin Bikini Bottom,<p>A statement piece in Econyl Sleek Satin. This bikini bottom combines rebellious yet refined design with impeccable craftsmanship. Available in Obsidian Black with Burnt Terracotta detailing. Not loud. Not obvious. Unmistakably Twessie.</p>,Twessie,Bikini Bottom,"architectural swimsuit, Econyl Sleek Satin bikini, independent fashion, minimalist bikini bottom, luxury Obsidian Black swimwear",TRUE,Color,Burnt Terracotta,Size,M,TWESSIE_JP_BB_0202-Burnt Terracotta-M,168.0,,10
twessie-jp-bb-0202,Structural Econyl Sleek Satin Bikini Bottom,<p>A statement piece in Econyl Sleek Satin. This bikini bottom combines rebellious yet refined design with impeccable craftsmanship. Available in Obsidian Black with Burnt Terracotta detailing. Not loud. Not obvious. Unmistakably Twessie.</p>,Twessie,Bikini Bottom,"architectural swimsuit, Econyl Sleek Satin bikini, independent fashion, minimalist bikini bottom, luxury Obsidian Black swimwear",TRUE,Color,Burnt Terracotta,Size,L,TWESSIE_JP_BB_0202-Burnt Terracotta-L,168.0,,10
twessie-jp-bb-0202,Structural Econyl Sleek Satin Bikini Bottom,<p>A statement piece in Econyl Sleek Satin. This bikini bottom combines rebellious yet refined design with impeccable craftsmanship. Available in Obsidian Black with Burnt Terracotta detailing. Not loud. Not obvious. Unmistakably Twessie.</p>,Twessie,Bikini Bottom,"architectural swimsuit, Econyl Sleek Satin bikini, independent fashion, minimalist bikini bottom, luxury Obsidian Black swimwear",TRUE,Color,Burnt Terracotta,Size,XL,TWESSIE_JP_BB_0202-Burnt Terracotta-XL,168.0,,10
twessie-jp-bb-0202,Structural Econyl Sleek Satin Bikini Bottom,<p>A statement piece in Econyl Sleek Satin. This bikini bottom combines rebellious yet refined design with impeccable craftsmanship. Available in Obsidian Black with Burnt Terracotta detailing. Not loud. Not obvious. Unmistakably Twessie.</p>,Twessie,Bikini Bottom,"architectural swimsuit, Econyl Sleek Satin bikini, independent fashion, minimalist bikini bottom, luxury Obsidian Black swimwear",TRUE,Color,Burnt Terracotta,Size,XXL,TWESSIE_JP_BB_0202-Burnt Terracotta-XXL,168.0,,10
twessie-sg-ha-0203,Minimalist Halter Extension - Obsidian Black,<p>Crafted in premium Econyl Sleek Satin with Crinkled Seersucker accents. This halter strap accessory epitomizes rebellious yet refined luxury. Featuring color-blocking in Obsidian Black and Chalk White. Perfect for the discerning swimmer who refuses the obvious.</p>,Twessie,Halter Strap Accessory,"architectural swimsuit, minimalist luxury, independent fashion, luxury Obsidian Black swimwear, minimalist halter strap accessory",TRUE,Color,Obsidian Black,Size,XS,TWESSIE_SG_HA_0203-Obsidian Black-XS,168.0,,10
twessie-sg-ha-0203,Minimalist Halter Extension - Obsidian Black,<p>Crafted in premium Econyl Sleek Satin with Crinkled Seersucker accents. This halter strap accessory epitomizes rebellious yet refined luxury. Featuring color-blocking in Obsidian Black and Chalk White. Perfect for the discerning swimmer who refuses the obvious.</p>,Twessie,Halter Strap Accessory,"architectural swimsuit, minimalist luxury, independent fashion, luxury Obsidian Black swimwear, minimalist halter strap accessory",TRUE,Color,Obsidian Black,Size,S,TWESSIE_SG_HA_0203-Obsidian Black-S,168.0,,10
twessie-sg-ha-0203,Minimalist Halter Extension - Obsidian Black,<p>Crafted in premium Econyl Sleek Satin with Crinkled Seersucker accents. This halter strap accessory epitomizes rebellious yet refined luxury. Featuring color-blocking in Obsidian Black and Chalk White. Perfect for the discerning swimmer who refuses the obvious.</p>,Twessie,Halter Strap Accessory,"architectural swimsuit, minimalist luxury, independent fashion, luxury Obsidian Black swimwear, minimalist halter strap accessory",TRUE,Color,Obsidian Black,Size,M,TWESSIE_SG_HA_0203-Obsidian Black-M,168.0,,10
twessie-sg-ha-0203,Minimalist Halter Extension - Obsidian Black,<p>Crafted in premium Econyl Sleek Satin with Crinkled Seersucker accents. This halter strap accessory epitomizes rebellious yet refined luxury. Featuring color-blocking in Obsidian Black and Chalk White. Perfect for the discerning swimmer who refuses the obvious.</p>,Twessie,Halter Strap Accessory,"architectural swimsuit, minimalist luxury, independent fashion, luxury Obsidian Black swimwear, minimalist halter strap accessory",TRUE,Color,Obsidian Black,Size,L,TWESSIE_SG_HA_0203-Obsidian Black-L,168.0,,10
twessie-sg-ha-0203,Minimalist Halter Extension - Obsidian Black,<p>Crafted in premium Econyl Sleek Satin with Crinkled Seersucker accents. This halter strap accessory epitomizes rebellious yet refined luxury. Featuring color-blocking in Obsidian Black and Chalk White. Perfect for the discerning swimmer who refuses the obvious.</p>,Twessie,Halter Strap Accessory,"architectural swimsuit, minimalist luxury, independent fashion, luxury Obsidian Black swimwear, minimalist halter strap accessory",TRUE,Color,Obsidian Black,Size,XL,TWESSIE_SG_HA_0203-Obsidian Black-XL,168.0,,10
twessie-sg-ha-0203,Minimalist Halter Extension - Obsidian Black,<p>Crafted in premium Econyl Sleek Satin with Crinkled Seersucker accents. This halter strap accessory epitomizes rebellious yet refined luxury. Featuring color-blocking in Obsidian Black and Chalk White. Perfect for the discerning swimmer who refuses the obvious.</p>,Twessie,Halter Strap Accessory,"architectural swimsuit, minimalist luxury, independent fashion, luxury Obsidian Black swimwear, minimalist halter strap accessory",TRUE,Color,Obsidian Black,Size,XXL,TWESSIE_SG_HA_0203-Obsidian Black-XXL,168.0,,10
twessie-sg-ha-0203,Minimalist Halter Extension - Obsidian Black,<p>Crafted in premium Econyl Sleek Satin with Crinkled Seersucker accents. This halter strap accessory epitomizes rebellious yet refined luxury. Featuring color-blocking in Obsidian Black and Chalk White. Perfect for the discerning swimmer who refuses the obvious.</p>,Twessie,Halter Strap Accessory,"architectural swimsuit, minimalist luxury, independent fashion, luxury Obsidian Black swimwear, minimalist halter strap accessory",TRUE,Color,Chalk White,Size,XS,TWESSIE_SG_HA_0203-Chalk White-XS,168.0,,10
twessie-sg-ha-0203,Minimalist Halter Extension - Obsidian Black,<p>Crafted in premium Econyl Sleek Satin with Crinkled Seersucker accents. This halter strap accessory epitomizes rebellious yet refined luxury. Featuring color-blocking in Obsidian Black and Chalk White. Perfect for the discerning swimmer who refuses the obvious.</p>,Twessie,Halter Strap Accessory,"architectural swimsuit, minimalist luxury, independent fashion, luxury Obsidian Black swimwear, minimalist halter strap accessory",TRUE,Color,Chalk White,Size,S,TWESSIE_SG_HA_0203-Chalk White-S,168.0,,10
twessie-sg-ha-0203,Minimalist Halter Extension - Obsidian Black,<p>Crafted in premium Econyl Sleek Satin with Crinkled Seersucker accents. This halter strap accessory epitomizes rebellious yet refined luxury. Featuring color-blocking in Obsidian Black and Chalk White. Perfect for the discerning swimmer who refuses the obvious.</p>,Twessie,Halter Strap Accessory,"architectural swimsuit, minimalist luxury, independent fashion, luxury Obsidian Black swimwear, minimalist halter strap accessory",TRUE,Color,Chalk White,Size,M,TWESSIE_SG_HA_0203-Chalk White-M,168.0,,10
twessie-sg-ha-0203,Minimalist Halter Extension - Obsidian Black,<p>Crafted in premium Econyl Sleek Satin with Crinkled Seersucker accents. This halter strap accessory epitomizes rebellious yet refined luxury. Featuring color-blocking in Obsidian Black and Chalk White. Perfect for the discerning swimmer who refuses the obvious.</p>,Twessie,Halter Strap Accessory,"architectural swimsuit, minimalist luxury, independent fashion, luxury Obsidian Black swimwear, minimalist halter strap accessory",TRUE,Color,Chalk White,Size,L,TWESSIE_SG_HA_0203-Chalk White-L,168.0,,10
twessie-sg-ha-0203,Minimalist Halter Extension - Obsidian Black,<p>Crafted in premium Econyl Sleek Satin with Crinkled Seersucker accents. This halter strap accessory epitomizes rebellious yet refined luxury. Featuring color-blocking in Obsidian Black and Chalk White. Perfect for the discerning swimmer who refuses the obvious.</p>,Twessie,Halter Strap Accessory,"architectural swimsuit, minimalist luxury, independent fashion, luxury Obsidian Black swimwear, minimalist halter strap accessory",TRUE,Color,Chalk White,Size,XL,TWESSIE_SG_HA_0203-Chalk White-XL,168.0,,10
twessie-sg-ha-0203,Minimalist Halter Extension - Obsidian Black,<p>Crafted in premium Econyl Sleek Satin with Crinkled Seersucker accents. This halter strap accessory epitomizes rebellious yet refined luxury. Featuring color-blocking in Obsidian Black and Chalk White. Perfect for the discerning swimmer who refuses the obvious.</p>,Twessie,Halter Strap Accessory,"architectural swimsuit, minimalist luxury, independent fashion, luxury Obsidian Black swimwear, minimalist halter strap accessory",TRUE,Color,Chalk White,Size,XXL,TWESSIE_SG_HA_0203-Chalk White-XXL,168.0,,10
twessie-na-bb-0204,Raw-Edge Chalk White Bikini Bottom,"<p>Crinkled Seersucker construction meets architectural precision in this bikini bottom. Designed for the intelligent, independent woman. The Chalk White colorway with Stone Gray accents creates a sophisticated palette. Pure rebellious yet refined elegance.</p>",Twessie,Bikini Bottom,"independent fashion, luxury Chalk White swimwear, minimalist luxury, Crinkled Seersucker bikini, minimalist bikini bottom",TRUE,Color,Chalk White,Size,XS,TWESSIE_NA_BB_0204-Chalk White-XS,168.0,,10
twessie-na-bb-0204,Raw-Edge Chalk White Bikini Bottom,"<p>Crinkled Seersucker construction meets architectural precision in this bikini bottom. Designed for the intelligent, independent woman. The Chalk White colorway with Stone Gray accents creates a sophisticated palette. Pure rebellious yet refined elegance.</p>",Twessie,Bikini Bottom,"independent fashion, luxury Chalk White swimwear, minimalist luxury, Crinkled Seersucker bikini, minimalist bikini bottom",TRUE,Color,Chalk White,Size,S,TWESSIE_NA_BB_0204-Chalk White-S,168.0,,10
twessie-na-bb-0204,Raw-Edge Chalk White Bikini Bottom,"<p>Crinkled Seersucker construction meets architectural precision in this bikini bottom. Designed for the intelligent, independent woman. The Chalk White colorway with Stone Gray accents creates a sophisticated palette. Pure rebellious yet refined elegance.</p>",Twessie,Bikini Bottom,"independent fashion, luxury Chalk White swimwear, minimalist luxury, Crinkled Seersucker bikini, minimalist bikini bottom",TRUE,Color,Chalk White,Size,M,TWESSIE_NA_BB_0204-Chalk White-M,168.0,,10
twessie-na-bb-0204,Raw-Edge Chalk White Bikini Bottom,"<p>Crinkled Seersucker construction meets architectural precision in this bikini bottom. Designed for the intelligent, independent woman. The Chalk White colorway with Stone Gray accents creates a sophisticated palette. Pure rebellious yet refined elegance.</p>",Twessie,Bikini Bottom,"independent fashion, luxury Chalk White swimwear, minimalist luxury, Crinkled Seersucker bikini, minimalist bikini bottom",TRUE,Color,Chalk White,Size,L,TWESSIE_NA_BB_0204-Chalk White-L,168.0,,10
twessie-na-bb-0204,Raw-Edge Chalk White Bikini Bottom,"<p>Crinkled Seersucker construction meets architectural precision in this bikini bottom. Designed for the intelligent, independent woman. The Chalk White colorway with Stone Gray accents creates a sophisticated palette. Pure rebellious yet refined elegance.</p>",Twessie,Bikini Bottom,"independent fashion, luxury Chalk White swimwear, minimalist luxury, Crinkled Seersucker bikini, minimalist bikini bottom",TRUE,Color,Chalk White,Size,XL,TWESSIE_NA_BB_0204-Chalk White-XL,168.0,,10
twessie-na-bb-0204,Raw-Edge Chalk White Bikini Bottom,"<p>Crinkled Seersucker construction meets architectural precision in this bikini bottom. Designed for the intelligent, independent woman. The Chalk White colorway with Stone Gray accents creates a sophisticated palette. Pure rebellious yet refined elegance.</p>",Twessie,Bikini Bottom,"independent fashion, luxury Chalk White swimwear, minimalist luxury, Crinkled Seersucker bikini, minimalist bikini bottom",TRUE,Color,Chalk White,Size,XXL,TWESSIE_NA_BB_0204-Chalk White-XXL,168.0,,10
twessie-na-bb-0204,Raw-Edge Chalk White Bikini Bottom,"<p>Crinkled Seersucker construction meets architectural precision in this bikini bottom. Designed for the intelligent, independent woman. The Chalk White colorway with Stone Gray accents creates a sophisticated palette. Pure rebellious yet refined elegance.</p>",Twessie,Bikini Bottom,"independent fashion, luxury Chalk White swimwear, minimalist luxury, Crinkled Seersucker bikini, minimalist bikini bottom",TRUE,Color,Stone Gray,Size,XS,TWESSIE_NA_BB_0204-Stone Gray-XS,168.0,,10
twessie-na-bb-0204,Raw-Edge Chalk White Bikini Bottom,"<p>Crinkled Seersucker construction meets architectural precision in this bikini bottom. Designed for the intelligent, independent woman. The Chalk White colorway with Stone Gray accents creates a sophisticated palette. Pure rebellious yet refined elegance.</p>",Twessie,Bikini Bottom,"independent fashion, luxury Chalk White swimwear, minimalist luxury, Crinkled Seersucker bikini, minimalist bikini bottom",TRUE,Color,Stone Gray,Size,S,TWESSIE_NA_BB_0204-Stone Gray-S,168.0,,10
twessie-na-bb-0204,Raw-Edge Chalk White Bikini Bottom,"<p>Crinkled Seersucker construction meets architectural precision in this bikini bottom. Designed for the intelligent, independent woman. The Chalk White colorway with Stone Gray accents creates a sophisticated palette. Pure rebellious yet refined elegance.</p>",Twessie,Bikini Bottom,"independent fashion, luxury Chalk White swimwear, minimalist luxury, Crinkled Seersucker bikini, minimalist bikini bottom",TRUE,Color,Stone Gray,Size,M,TWESSIE_NA_BB_0204-Stone Gray-M,168.0,,10
twessie-na-bb-0204,Raw-Edge Chalk White Bikini Bottom,"<p>Crinkled Seersucker construction meets architectural precision in this bikini bottom. Designed for the intelligent, independent woman. The Chalk White colorway with Stone Gray accents creates a sophisticated palette. Pure rebellious yet refined elegance.</p>",Twessie,Bikini Bottom,"independent fashion, luxury Chalk White swimwear, minimalist luxury, Crinkled Seersucker bikini, minimalist bikini bottom",TRUE,Color,Stone Gray,Size,L,TWESSIE_NA_BB_0204-Stone Gray-L,168.0,,10
twessie-na-bb-0204,Raw-Edge Chalk White Bikini Bottom,"<p>Crinkled Seersucker construction meets architectural precision in this bikini bottom. Designed for the intelligent, independent woman. The Chalk White colorway with Stone Gray accents creates a sophisticated palette. Pure rebellious yet refined elegance.</p>",Twessie,Bikini Bottom,"independent fashion, luxury Chalk White swimwear, minimalist luxury, Crinkled Seersucker bikini, minimalist bikini bottom",TRUE,Color,Stone Gray,Size,XL,TWESSIE_NA_BB_0204-Stone Gray-XL,168.0,,10
twessie-na-bb-0204,Raw-Edge Chalk White Bikini Bottom,"<p>Crinkled Seersucker construction meets architectural precision in this bikini bottom. Designed for the intelligent, independent woman. The Chalk White colorway with Stone Gray accents creates a sophisticated palette. Pure rebellious yet refined elegance.</p>",Twessie,Bikini Bottom,"independent fashion, luxury Chalk White swimwear, minimalist luxury, Crinkled Seersucker bikini, minimalist bikini bottom",TRUE,Color,Stone Gray,Size,XXL,TWESSIE_NA_BB_0204-Stone Gray-XXL,168.0,,10
twessie-jp-bb-0205,High-Cut Burnt Terracotta Bikini Brief,<p>Crafted in premium Matte Ribbed Knit with Crinkled Seersucker accents. This bikini bottom epitomizes architectural elegance luxury. Featuring color-blocking in Burnt Terracotta and Olive Drab. Perfect for the discerning swimmer who refuses the obvious.</p>,Twessie,Bikini Bottom,"high-end swimwear, minimalist bikini bottom, independent fashion, luxury Burnt Terracotta swimwear, architectural swimsuit",TRUE,Color,Burnt Terracotta,Size,XS,TWESSIE_JP_BB_0205-Burnt Terracotta-XS,168.0,,10
twessie-jp-bb-0205,High-Cut Burnt Terracotta Bikini Brief,<p>Crafted in premium Matte Ribbed Knit with Crinkled Seersucker accents. This bikini bottom epitomizes architectural elegance luxury. Featuring color-blocking in Burnt Terracotta and Olive Drab. Perfect for the discerning swimmer who refuses the obvious.</p>,Twessie,Bikini Bottom,"high-end swimwear, minimalist bikini bottom, independent fashion, luxury Burnt Terracotta swimwear, architectural swimsuit",TRUE,Color,Burnt Terracotta,Size,S,TWESSIE_JP_BB_0205-Burnt Terracotta-S,168.0,,10
twessie-jp-bb-0205,High-Cut Burnt Terracotta Bikini Brief,<p>Crafted in premium Matte Ribbed Knit with Crinkled Seersucker accents. This bikini bottom epitomizes architectural elegance luxury. Featuring color-blocking in Burnt Terracotta and Olive Drab. Perfect for the discerning swimmer who refuses the obvious.</p>,Twessie,Bikini Bottom,"high-end swimwear, minimalist bikini bottom, independent fashion, luxury Burnt Terracotta swimwear, architectural swimsuit",TRUE,Color,Burnt Terracotta,Size,M,TWESSIE_JP_BB_0205-Burnt Terracotta-M,168.0,,10
twessie-jp-bb-0205,High-Cut Burnt Terracotta Bikini Brief,<p>Crafted in premium Matte Ribbed Knit with Crinkled Seersucker accents. This bikini bottom epitomizes architectural elegance luxury. Featuring color-blocking in Burnt Terracotta and Olive Drab. Perfect for the discerning swimmer who refuses the obvious.</p>,Twessie,Bikini Bottom,"high-end swimwear, minimalist bikini bottom, independent fashion, luxury Burnt Terracotta swimwear, architectural swimsuit",TRUE,Color,Burnt Terracotta,Size,L,TWESSIE_JP_BB_0205-Burnt Terracotta-L,168.0,,10
twessie-jp-bb-0205,High-Cut Burnt Terracotta Bikini Brief,<p>Crafted in premium Matte Ribbed Knit with Crinkled Seersucker accents. This bikini bottom epitomizes architectural elegance luxury. Featuring color-blocking in Burnt Terracotta and Olive Drab. Perfect for the discerning swimmer who refuses the obvious.</p>,Twessie,Bikini Bottom,"high-end swimwear, minimalist bikini bottom, independent fashion, luxury Burnt Terracotta swimwear, architectural swimsuit",TRUE,Color,Burnt Terracotta,Size,XL,TWESSIE_JP_BB_0205-Burnt Terracotta-XL,168.0,,10
twessie-jp-bb-0205,High-Cut Burnt Terracotta Bikini Brief,<p>Crafted in premium Matte Ribbed Knit with Crinkled Seersucker accents. This bikini bottom epitomizes architectural elegance luxury. Featuring color-blocking in Burnt Terracotta and Olive Drab. Perfect for the discerning swimmer who refuses the obvious.</p>,Twessie,Bikini Bottom,"high-end swimwear, minimalist bikini bottom, independent fashion, luxury Burnt Terracotta swimwear, architectural swimsuit",TRUE,Color,Burnt Terracotta,Size,XXL,TWESSIE_JP_BB_0205-Burnt Terracotta-XXL,168.0,,10
twessie-jp-bb-0205,High-Cut Burnt Terracotta Bikini Brief,<p>Crafted in premium Matte Ribbed Knit with Crinkled Seersucker accents. This bikini bottom epitomizes architectural elegance luxury. Featuring color-blocking in Burnt Terracotta and Olive Drab. Perfect for the discerning swimmer who refuses the obvious.</p>,Twessie,Bikini Bottom,"high-end swimwear, minimalist bikini bottom, independent fashion, luxury Burnt Terracotta swimwear, architectural swimsuit",TRUE,Color,Olive Drab,Size,XS,TWESSIE_JP_BB_0205-Olive Drab-XS,168.0,,10
twessie-jp-bb-0205,High-Cut Burnt Terracotta Bikini Brief,<p>Crafted in premium Matte Ribbed Knit with Crinkled Seersucker accents. This bikini bottom epitomizes architectural elegance luxury. Featuring color-blocking in Burnt Terracotta and Olive Drab. Perfect for the discerning swimmer who refuses the obvious.</p>,Twessie,Bikini Bottom,"high-end swimwear, minimalist bikini bottom, independent fashion, luxury Burnt Terracotta swimwear, architectural swimsuit",TRUE,Color,Olive Drab,Size,S,TWESSIE_JP_BB_0205-Olive Drab-S,168.0,,10
twessie-jp-bb-0205,High-Cut Burnt Terracotta Bikini Brief,<p>Crafted in premium Matte Ribbed Knit with Crinkled Seersucker accents. This bikini bottom epitomizes architectural elegance luxury. Featuring color-blocking in Burnt Terracotta and Olive Drab. Perfect for the discerning swimmer who refuses the obvious.</p>,Twessie,Bikini Bottom,"high-end swimwear, minimalist bikini bottom, independent fashion, luxury Burnt Terracotta swimwear, architectural swimsuit",TRUE,Color,Olive Drab,Size,M,TWESSIE_JP_BB_0205-Olive Drab-M,168.0,,10
twessie-jp-bb-0205,High-Cut Burnt Terracotta Bikini Brief,<p>Crafted in premium Matte Ribbed Knit with Crinkled Seersucker accents. This bikini bottom epitomizes architectural elegance luxury. Featuring color-blocking in Burnt Terracotta and Olive Drab. Perfect for the discerning swimmer who refuses the obvious.</p>,Twessie,Bikini Bottom,"high-end swimwear, minimalist bikini bottom, independent fashion, luxury Burnt Terracotta swimwear, architectural swimsuit",TRUE,Color,Olive Drab,Size,L,TWESSIE_JP_BB_0205-Olive Drab-L,168.0,,10
twessie-jp-bb-0205,High-Cut Burnt Terracotta Bikini Brief,<p>Crafted in premium Matte Ribbed Knit with Crinkled Seersucker accents. This bikini bottom epitomizes architectural elegance luxury. Featuring color-blocking in Burnt Terracotta and Olive Drab. Perfect for the discerning swimmer who refuses the obvious.</p>,Twessie,Bikini Bottom,"high-end swimwear, minimalist bikini bottom, independent fashion, luxury Burnt Terracotta swimwear, architectural swimsuit",TRUE,Color,Olive Drab,Size,XL,TWESSIE_JP_BB_0205-Olive Drab-XL,168.0,,10
twessie-jp-bb-0205,High-Cut Burnt Terracotta Bikini Brief,<p>Crafted in premium Matte Ribbed Knit with Crinkled Seersucker accents. This bikini bottom epitomizes architectural elegance luxury. Featuring color-blocking in Burnt Terracotta and Olive Drab. Perfect for the discerning swimmer who refuses the obvious.</p>,Twessie,Bikini Bottom,"high-end swimwear, minimalist bikini bottom, independent fashion, luxury Burnt Terracotta swimwear, architectural swimsuit",TRUE,Color,Olive Drab,Size,XXL,TWESSIE_JP_BB_0205-Olive Drab-XXL,168.0,,10
twessie-sg-bb-0206,Structural Econyl Sleek Satin Bikini Bottom,<p>A statement piece in Econyl Sleek Satin. This bikini bottom combines architectural elegance design with impeccable craftsmanship. Available in Obsidian Black with Chalk White detailing. Not loud. Not obvious. Unmistakably Twessie.</p>,Twessie,Bikini Bottom,"minimalist luxury, high-end swimwear, luxury Obsidian Black swimwear, minimalist bikini bottom, architectural swimsuit",TRUE,Color,Obsidian Black,Size,XS,TWESSIE_SG_BB_0206-Obsidian Black-XS,168.0,,10
twessie-sg-bb-0206,Structural Econyl Sleek Satin Bikini Bottom,<p>A statement piece in Econyl Sleek Satin. This bikini bottom combines architectural elegance design with impeccable craftsmanship. Available in Obsidian Black with Chalk White detailing. Not loud. Not obvious. Unmistakably Twessie.</p>,Twessie,Bikini Bottom,"minimalist luxury, high-end swimwear, luxury Obsidian Black swimwear, minimalist bikini bottom, architectural swimsuit",TRUE,Color,Obsidian Black,Size,S,TWESSIE_SG_BB_0206-Obsidian Black-S,168.0,,10
twessie-sg-bb-0206,Structural Econyl Sleek Satin Bikini Bottom,<p>A statement piece in Econyl Sleek Satin. This bikini bottom combines architectural elegance design with impeccable craftsmanship. Available in Obsidian Black with Chalk White detailing. Not loud. Not obvious. Unmistakably Twessie.</p>,Twessie,Bikini Bottom,"minimalist luxury, high-end swimwear, luxury Obsidian Black swimwear, minimalist bikini bottom, architectural swimsuit",TRUE,Color,Obsidian Black,Size,M,TWESSIE_SG_BB_0206-Obsidian Black-M,168.0,,10
twessie-sg-bb-0206,Structural Econyl Sleek Satin Bikini Bottom,<p>A statement piece in Econyl Sleek Satin. This bikini bottom combines architectural elegance design with impeccable craftsmanship. Available in Obsidian Black with Chalk White detailing. Not loud. Not obvious. Unmistakably Twessie.</p>,Twessie,Bikini Bottom,"minimalist luxury, high-end swimwear, luxury Obsidian Black swimwear, minimalist bikini bottom, architectural swimsuit",TRUE,Color,Obsidian Black,Size,L,TWESSIE_SG_BB_0206-Obsidian Black-L,168.0,,10
twessie-sg-bb-0206,Structural Econyl Sleek Satin Bikini Bottom,<p>A statement piece in Econyl Sleek Satin. This bikini bottom combines architectural elegance design with impeccable craftsmanship. Available in Obsidian Black with Chalk White detailing. Not loud. Not obvious. Unmistakably Twessie.</p>,Twessie,Bikini Bottom,"minimalist luxury, high-end swimwear, luxury Obsidian Black swimwear, minimalist bikini bottom, architectural swimsuit",TRUE,Color,Obsidian Black,Size,XL,TWESSIE_SG_BB_0206-Obsidian Black-XL,168.0,,10
twessie-sg-bb-0206,Structural Econyl Sleek Satin Bikini Bottom,<p>A statement piece in Econyl Sleek Satin. This bikini bottom combines architectural elegance design with impeccable craftsmanship. Available in Obsidian Black with Chalk White detailing. Not loud. Not obvious. Unmistakably Twessie.</p>,Twessie,Bikini Bottom,"minimalist luxury, high-end swimwear, luxury Obsidian Black swimwear, minimalist bikini bottom, architectural swimsuit",TRUE,Color,Obsidian Black,Size,XXL,TWESSIE_SG_BB_0206-Obsidian Black-XXL,168.0,,10
twessie-sg-bb-0206,Structural Econyl Sleek Satin Bikini Bottom,<p>A statement piece in Econyl Sleek Satin. This bikini bottom combines architectural elegance design with impeccable craftsmanship. Available in Obsidian Black with Chalk White detailing. Not loud. Not obvious. Unmistakably Twessie.</p>,Twessie,Bikini Bottom,"minimalist luxury, high-end swimwear, luxury Obsidian Black swimwear, minimalist bikini bottom, architectural swimsuit",TRUE,Color,Chalk White,Size,XS,TWESSIE_SG_BB_0206-Chalk White-XS,168.0,,10
twessie-sg-bb-0206,Structural Econyl Sleek Satin Bikini Bottom,<p>A statement piece in Econyl Sleek Satin. This bikini bottom combines architectural elegance design with impeccable craftsmanship. Available in Obsidian Black with Chalk White detailing. Not loud. Not obvious. Unmistakably Twessie.</p>,Twessie,Bikini Bottom,"minimalist luxury, high-end swimwear, luxury Obsidian Black swimwear, minimalist bikini bottom, architectural swimsuit",TRUE,Color,Chalk White,Size,S,TWESSIE_SG_BB_0206-Chalk White-S,168.0,,10
twessie-sg-bb-0206,Structural Econyl Sleek Satin Bikini Bottom,<p>A statement piece in Econyl Sleek Satin. This bikini bottom combines architectural elegance design with impeccable craftsmanship. Available in Obsidian Black with Chalk White detailing. Not loud. Not obvious. Unmistakably Twessie.</p>,Twessie,Bikini Bottom,"minimalist luxury, high-end swimwear, luxury Obsidian Black swimwear, minimalist bikini bottom, architectural swimsuit",TRUE,Color,Chalk White,Size,M,TWESSIE_SG_BB_0206-Chalk White-M,168.0,,10
twessie-sg-bb-0206,Structural Econyl Sleek Satin Bikini Bottom,<p>A statement piece in Econyl Sleek Satin. This bikini bottom combines architectural elegance design with impeccable craftsmanship. Available in Obsidian Black with Chalk White detailing. Not loud. Not obvious. Unmistakably Twessie.</p>,Twessie,Bikini Bottom,"minimalist luxury, high-end swimwear, luxury Obsidian Black swimwear, minimalist bikini bottom, architectural swimsuit",TRUE,Color,Chalk White,Size,L,TWESSIE_SG_BB_0206-Chalk White-L,168.0,,10
twessie-sg-bb-0206,Structural Econyl Sleek Satin Bikini Bottom,<p>A statement piece in Econyl Sleek Satin. This bikini bottom combines architectural elegance design with impeccable craftsmanship. Available in Obsidian Black with Chalk White detailing. Not loud. Not obvious. Unmistakably Twessie.</p>,Twessie,Bikini Bottom,"minimalist luxury, high-end swimwear, luxury Obsidian Black swimwear, minimalist bikini bottom, architectural swimsuit",TRUE,Color,Chalk White,Size,XL,TWESSIE_SG_BB_0206-Chalk White-XL,168.0,,10
twessie-sg-bb-0206,Structural Econyl Sleek Satin Bikini Bottom,<p>A statement piece in Econyl Sleek Satin. This bikini bottom combines architectural elegance design with impeccable craftsmanship. Available in Obsidian Black with Chalk White detailing. Not loud. Not obvious. Unmistakably Twessie.</p>,Twessie,Bikini Bottom,"minimalist luxury, high-end swimwear, luxury Obsidian Black swimwear, minimalist bikini bottom, architectural swimsuit",TRUE,Color,Chalk White,Size,XXL,TWESSIE_SG_BB_0206-Chalk White-XXL,168.0,,10
twessie-jp-bt-0207,Minimalist Olive Drab Textured Bikini Top,<p>A statement piece in Matte Ribbed Knit. This bikini top combines intelligent aesthetic design with impeccable craftsmanship. Available in Olive Drab with Burnt Terracotta detailing. Not loud. Not obvious. Unmistakably Twessie.</p>,Twessie,Bikini Top,"Matte Ribbed Knit bikini, high-end swimwear, independent fashion, architectural swimsuit, minimalist luxury",TRUE,Color,Olive Drab,Size,XS,TWESSIE_JP_BT_0207-Olive Drab-XS,168.0,,10
twessie-jp-bt-0207,Minimalist Olive Drab Textured Bikini Top,<p>A statement piece in Matte Ribbed Knit. This bikini top combines intelligent aesthetic design with impeccable craftsmanship. Available in Olive Drab with Burnt Terracotta detailing. Not loud. Not obvious. Unmistakably Twessie.</p>,Twessie,Bikini Top,"Matte Ribbed Knit bikini, high-end swimwear, independent fashion, architectural swimsuit, minimalist luxury",TRUE,Color,Olive Drab,Size,S,TWESSIE_JP_BT_0207-Olive Drab-S,168.0,,10
twessie-jp-bt-0207,Minimalist Olive Drab Textured Bikini Top,<p>A statement piece in Matte Ribbed Knit. This bikini top combines intelligent aesthetic design with impeccable craftsmanship. Available in Olive Drab with Burnt Terracotta detailing. Not loud. Not obvious. Unmistakably Twessie.</p>,Twessie,Bikini Top,"Matte Ribbed Knit bikini, high-end swimwear, independent fashion, architectural swimsuit, minimalist luxury",TRUE,Color,Olive Drab,Size,M,TWESSIE_JP_BT_0207-Olive Drab-M,168.0,,10
twessie-jp-bt-0207,Minimalist Olive Drab Textured Bikini Top,<p>A statement piece in Matte Ribbed Knit. This bikini top combines intelligent aesthetic design with impeccable craftsmanship. Available in Olive Drab with Burnt Terracotta detailing. Not loud. Not obvious. Unmistakably Twessie.</p>,Twessie,Bikini Top,"Matte Ribbed Knit bikini, high-end swimwear, independent fashion, architectural swimsuit, minimalist luxury",TRUE,Color,Olive Drab,Size,L,TWESSIE_JP_BT_0207-Olive Drab-L,168.0,,10
twessie-jp-bt-0207,Minimalist Olive Drab Textured Bikini Top,<p>A statement piece in Matte Ribbed Knit. This bikini top combines intelligent aesthetic design with impeccable craftsmanship. Available in Olive Drab with Burnt Terracotta detailing. Not loud. Not obvious. Unmistakably Twessie.</p>,Twessie,Bikini Top,"Matte Ribbed Knit bikini, high-end swimwear, independent fashion, architectural swimsuit, minimalist luxury",TRUE,Color,Olive Drab,Size,XL,TWESSIE_JP_BT_0207-Olive Drab-XL,168.0,,10
twessie-jp-bt-0207,Minimalist Olive Drab Textured Bikini Top,<p>A statement piece in Matte Ribbed Knit. This bikini top combines intelligent aesthetic design with impeccable craftsmanship. Available in Olive Drab with Burnt Terracotta detailing. Not loud. Not obvious. Unmistakably Twessie.</p>,Twessie,Bikini Top,"Matte Ribbed Knit bikini, high-end swimwear, independent fashion, architectural swimsuit, minimalist luxury",TRUE,Color,Olive Drab,Size,XXL,TWESSIE_JP_BT_0207-Olive Drab-XXL,168.0,,10
twessie-jp-bt-0207,Minimalist Olive Drab Textured Bikini Top,<p>A statement piece in Matte Ribbed Knit. This bikini top combines intelligent aesthetic design with impeccable craftsmanship. Available in Olive Drab with Burnt Terracotta detailing. Not loud. Not obvious. Unmistakably Twessie.</p>,Twessie,Bikini Top,"Matte Ribbed Knit bikini, high-end swimwear, independent fashion, architectural swimsuit, minimalist luxury",TRUE,Color,Burnt Terracotta,Size,XS,TWESSIE_JP_BT_0207-Burnt Terracotta-XS,168.0,,10
twessie-jp-bt-0207,Minimalist Olive Drab Textured Bikini Top,<p>A statement piece in Matte Ribbed Knit. This bikini top combines intelligent aesthetic design with impeccable craftsmanship. Available in Olive Drab with Burnt Terracotta detailing. Not loud. Not obvious. Unmistakably Twessie.</p>,Twessie,Bikini Top,"Matte Ribbed Knit bikini, high-end swimwear, independent fashion, architectural swimsuit, minimalist luxury",TRUE,Color,Burnt Terracotta,Size,S,TWESSIE_JP_BT_0207-Burnt Terracotta-S,168.0,,10
twessie-jp-bt-0207,Minimalist Olive Drab Textured Bikini Top,<p>A statement piece in Matte Ribbed Knit. This bikini top combines intelligent aesthetic design with impeccable craftsmanship. Available in Olive Drab with Burnt Terracotta detailing. Not loud. Not obvious. Unmistakably Twessie.</p>,Twessie,Bikini Top,"Matte Ribbed Knit bikini, high-end swimwear, independent fashion, architectural swimsuit, minimalist luxury",TRUE,Color,Burnt Terracotta,Size,M,TWESSIE_JP_BT_0207-Burnt Terracotta-M,168.0,,10
twessie-jp-bt-0207,Minimalist Olive Drab Textured Bikini Top,<p>A statement piece in Matte Ribbed Knit. This bikini top combines intelligent aesthetic design with impeccable craftsmanship. Available in Olive Drab with Burnt Terracotta detailing. Not loud. Not obvious. Unmistakably Twessie.</p>,Twessie,Bikini Top,"Matte Ribbed Knit bikini, high-end swimwear, independent fashion, architectural swimsuit, minimalist luxury",TRUE,Color,Burnt Terracotta,Size,L,TWESSIE_JP_BT_0207-Burnt Terracotta-L,168.0,,10
twessie-jp-bt-0207,Minimalist Olive Drab Textured Bikini Top,<p>A statement piece in Matte Ribbed Knit. This bikini top combines intelligent aesthetic design with impeccable craftsmanship. Available in Olive Drab with Burnt Terracotta detailing. Not loud. Not obvious. Unmistakably Twessie.</p>,Twessie,Bikini Top,"Matte Ribbed Knit bikini, high-end swimwear, independent fashion, architectural swimsuit, minimalist luxury",TRUE,Color,Burnt Terracotta,Size,XL,TWESSIE_JP_BT_0207-Burnt Terracotta-XL,168.0,,10
twessie-jp-bt-0207,Minimalist Olive Drab Textured Bikini Top,<p>A statement piece in Matte Ribbed Knit. This bikini top combines intelligent aesthetic design with impeccable craftsmanship. Available in Olive Drab with Burnt Terracotta detailing. Not loud. Not obvious. Unmistakably Twessie.</p>,Twessie,Bikini Top,"Matte Ribbed Knit bikini, high-end swimwear, independent fashion, architectural swimsuit, minimalist luxury",TRUE,Color,Burnt Terracotta,Size,XXL,TWESSIE_JP_BT_0207-Burnt Terracotta-XXL,168.0,,10
twessie-eu-bb-0208,Raw-Edge Obsidian Black Bikini Bottom,<p>Crafted in premium Econyl Sleek Satin with Matte Ribbed Knit accents. This bikini bottom epitomizes architectural elegance luxury. Featuring color-blocking in Obsidian Black and Olive Drab. Perfect for the discerning swimmer who refuses the obvious.</p>,Twessie,Bikini Bottom,"minimalist bikini bottom, independent fashion, high-end swimwear, Econyl Sleek Satin bikini, luxury Obsidian Black swimwear",TRUE,Color,Obsidian Black,Size,XS,TWESSIE_EU_BB_0208-Obsidian Black-XS,168.0,,10
twessie-eu-bb-0208,Raw-Edge Obsidian Black Bikini Bottom,<p>Crafted in premium Econyl Sleek Satin with Matte Ribbed Knit accents. This bikini bottom epitomizes architectural elegance luxury. Featuring color-blocking in Obsidian Black and Olive Drab. Perfect for the discerning swimmer who refuses the obvious.</p>,Twessie,Bikini Bottom,"minimalist bikini bottom, independent fashion, high-end swimwear, Econyl Sleek Satin bikini, luxury Obsidian Black swimwear",TRUE,Color,Obsidian Black,Size,S,TWESSIE_EU_BB_0208-Obsidian Black-S,168.0,,10
twessie-eu-bb-0208,Raw-Edge Obsidian Black Bikini Bottom,<p>Crafted in premium Econyl Sleek Satin with Matte Ribbed Knit accents. This bikini bottom epitomizes architectural elegance luxury. Featuring color-blocking in Obsidian Black and Olive Drab. Perfect for the discerning swimmer who refuses the obvious.</p>,Twessie,Bikini Bottom,"minimalist bikini bottom, independent fashion, high-end swimwear, Econyl Sleek Satin bikini, luxury Obsidian Black swimwear",TRUE,Color,Obsidian Black,Size,M,TWESSIE_EU_BB_0208-Obsidian Black-M,168.0,,10
twessie-eu-bb-0208,Raw-Edge Obsidian Black Bikini Bottom,<p>Crafted in premium Econyl Sleek Satin with Matte Ribbed Knit accents. This bikini bottom epitomizes architectural elegance luxury. Featuring color-blocking in Obsidian Black and Olive Drab. Perfect for the discerning swimmer who refuses the obvious.</p>,Twessie,Bikini Bottom,"minimalist bikini bottom, independent fashion, high-end swimwear, Econyl Sleek Satin bikini, luxury Obsidian Black swimwear",TRUE,Color,Obsidian Black,Size,L,TWESSIE_EU_BB_0208-Obsidian Black-L,168.0,,10
twessie-eu-bb-0208,Raw-Edge Obsidian Black Bikini Bottom,<p>Crafted in premium Econyl Sleek Satin with Matte Ribbed Knit accents. This bikini bottom epitomizes architectural elegance luxury. Featuring color-blocking in Obsidian Black and Olive Drab. Perfect for the discerning swimmer who refuses the obvious.</p>,Twessie,Bikini Bottom,"minimalist bikini bottom, independent fashion, high-end swimwear, Econyl Sleek Satin bikini, luxury Obsidian Black swimwear",TRUE,Color,Obsidian Black,Size,XL,TWESSIE_EU_BB_0208-Obsidian Black-XL,168.0,,10
twessie-eu-bb-0208,Raw-Edge Obsidian Black Bikini Bottom,<p>Crafted in premium Econyl Sleek Satin with Matte Ribbed Knit accents. This bikini bottom epitomizes architectural elegance luxury. Featuring color-blocking in Obsidian Black and Olive Drab. Perfect for the discerning swimmer who refuses the obvious.</p>,Twessie,Bikini Bottom,"minimalist bikini bottom, independent fashion, high-end swimwear, Econyl Sleek Satin bikini, luxury Obsidian Black swimwear",TRUE,Color,Obsidian Black,Size,XXL,TWESSIE_EU_BB_0208-Obsidian Black-XXL,168.0,,10
twessie-eu-bb-0208,Raw-Edge Obsidian Black Bikini Bottom,<p>Crafted in premium Econyl Sleek Satin with Matte Ribbed Knit accents. This bikini bottom epitomizes architectural elegance luxury. Featuring color-blocking in Obsidian Black and Olive Drab. Perfect for the discerning swimmer who refuses the obvious.</p>,Twessie,Bikini Bottom,"minimalist bikini bottom, independent fashion, high-end swimwear, Econyl Sleek Satin bikini, luxury Obsidian Black swimwear",TRUE,Color,Olive Drab,Size,XS,TWESSIE_EU_BB_0208-Olive Drab-XS,168.0,,10
twessie-eu-bb-0208,Raw-Edge Obsidian Black Bikini Bottom,<p>Crafted in premium Econyl Sleek Satin with Matte Ribbed Knit accents. This bikini bottom epitomizes architectural elegance luxury. Featuring color-blocking in Obsidian Black and Olive Drab. Perfect for the discerning swimmer who refuses the obvious.</p>,Twessie,Bikini Bottom,"minimalist bikini bottom, independent fashion, high-end swimwear, Econyl Sleek Satin bikini, luxury Obsidian Black swimwear",TRUE,Color,Olive Drab,Size,S,TWESSIE_EU_BB_0208-Olive Drab-S,168.0,,10
twessie-eu-bb-0208,Raw-Edge Obsidian Black Bikini Bottom,<p>Crafted in premium Econyl Sleek Satin with Matte Ribbed Knit accents. This bikini bottom epitomizes architectural elegance luxury. Featuring color-blocking in Obsidian Black and Olive Drab. Perfect for the discerning swimmer who refuses the obvious.</p>,Twessie,Bikini Bottom,"minimalist bikini bottom, independent fashion, high-end swimwear, Econyl Sleek Satin bikini, luxury Obsidian Black swimwear",TRUE,Color,Olive Drab,Size,M,TWESSIE_EU_BB_0208-Olive Drab-M,168.0,,10
twessie-eu-bb-0208,Raw-Edge Obsidian Black Bikini Bottom,<p>Crafted in premium Econyl Sleek Satin with Matte Ribbed Knit accents. This bikini bottom epitomizes architectural elegance luxury. Featuring color-blocking in Obsidian Black and Olive Drab. Perfect for the discerning swimmer who refuses the obvious.</p>,Twessie,Bikini Bottom,"minimalist bikini bottom, independent fashion, high-end swimwear, Econyl Sleek Satin bikini, luxury Obsidian Black swimwear",TRUE,Color,Olive Drab,Size,L,TWESSIE_EU_BB_0208-Olive Drab-L,168.0,,10
twessie-eu-bb-0208,Raw-Edge Obsidian Black Bikini Bottom,<p>Crafted in premium Econyl Sleek Satin with Matte Ribbed Knit accents. This bikini bottom epitomizes architectural elegance luxury. Featuring color-blocking in Obsidian Black and Olive Drab. Perfect for the discerning swimmer who refuses the obvious.</p>,Twessie,Bikini Bottom,"minimalist bikini bottom, independent fashion, high-end swimwear, Econyl Sleek Satin bikini, luxury Obsidian Black swimwear",TRUE,Color,Olive Drab,Size,XL,TWESSIE_EU_BB_0208-Olive Drab-XL,168.0,,10
twessie-eu-bb-0208,Raw-Edge Obsidian Black Bikini Bottom,<p>Crafted in premium Econyl Sleek Satin with Matte Ribbed Knit accents. This bikini bottom epitomizes architectural elegance luxury. Featuring color-blocking in Obsidian Black and Olive Drab. Perfect for the discerning swimmer who refuses the obvious.</p>,Twessie,Bikini Bottom,"minimalist bikini bottom, independent fashion, high-end swimwear, Econyl Sleek Satin bikini, luxury Obsidian Black swimwear",TRUE,Color,Olive Drab,Size,XXL,TWESSIE_EU_BB_0208-Olive Drab-XXL,168.0,,10
twessie-jp-bt-0209,Matte Ribbed Knit High-Waist Bikini Top in Burnt Terracotta,"<p>Matte Ribbed Knit construction meets architectural precision in this bikini top. Designed for the intelligent, independent woman. The Burnt Terracotta colorway with Olive Drab accents creates a sophisticated palette. Pure architectural elegance elegance.</p>",Twessie,Bikini Top,"Matte Ribbed Knit bikini, luxury Burnt Terracotta swimwear, minimalist luxury, minimalist bikini top, high-end swimwear",TRUE,Color,Burnt Terracotta,Size,XS,TWESSIE_JP_BT_0209-Burnt Terracotta-XS,168.0,,10
twessie-jp-bt-0209,Matte Ribbed Knit High-Waist Bikini Top in Burnt Terracotta,"<p>Matte Ribbed Knit construction meets architectural precision in this bikini top. Designed for the intelligent, independent woman. The Burnt Terracotta colorway with Olive Drab accents creates a sophisticated palette. Pure architectural elegance elegance.</p>",Twessie,Bikini Top,"Matte Ribbed Knit bikini, luxury Burnt Terracotta swimwear, minimalist luxury, minimalist bikini top, high-end swimwear",TRUE,Color,Burnt Terracotta,Size,S,TWESSIE_JP_BT_0209-Burnt Terracotta-S,168.0,,10
twessie-jp-bt-0209,Matte Ribbed Knit High-Waist Bikini Top in Burnt Terracotta,"<p>Matte Ribbed Knit construction meets architectural precision in this bikini top. Designed for the intelligent, independent woman. The Burnt Terracotta colorway with Olive Drab accents creates a sophisticated palette. Pure architectural elegance elegance.</p>",Twessie,Bikini Top,"Matte Ribbed Knit bikini, luxury Burnt Terracotta swimwear, minimalist luxury, minimalist bikini top, high-end swimwear",TRUE,Color,Burnt Terracotta,Size,M,TWESSIE_JP_BT_0209-Burnt Terracotta-M,168.0,,10
twessie-jp-bt-0209,Matte Ribbed Knit High-Waist Bikini Top in Burnt Terracotta,"<p>Matte Ribbed Knit construction meets architectural precision in this bikini top. Designed for the intelligent, independent woman. The Burnt Terracotta colorway with Olive Drab accents creates a sophisticated palette. Pure architectural elegance elegance.</p>",Twessie,Bikini Top,"Matte Ribbed Knit bikini, luxury Burnt Terracotta swimwear, minimalist luxury, minimalist bikini top, high-end swimwear",TRUE,Color,Burnt Terracotta,Size,L,TWESSIE_JP_BT_0209-Burnt Terracotta-L,168.0,,10
twessie-jp-bt-0209,Matte Ribbed Knit High-Waist Bikini Top in Burnt Terracotta,"<p>Matte Ribbed Knit construction meets architectural precision in this bikini top. Designed for the intelligent, independent woman. The Burnt Terracotta colorway with Olive Drab accents creates a sophisticated palette. Pure architectural elegance elegance.</p>",Twessie,Bikini Top,"Matte Ribbed Knit bikini, luxury Burnt Terracotta swimwear, minimalist luxury, minimalist bikini top, high-end swimwear",TRUE,Color,Burnt Terracotta,Size,XL,TWESSIE_JP_BT_0209-Burnt Terracotta-XL,168.0,,10
twessie-jp-bt-0209,Matte Ribbed Knit High-Waist Bikini Top in Burnt Terracotta,"<p>Matte Ribbed Knit construction meets architectural precision in this bikini top. Designed for the intelligent, independent woman. The Burnt Terracotta colorway with Olive Drab accents creates a sophisticated palette. Pure architectural elegance elegance.</p>",Twessie,Bikini Top,"Matte Ribbed Knit bikini, luxury Burnt Terracotta swimwear, minimalist luxury, minimalist bikini top, high-end swimwear",TRUE,Color,Burnt Terracotta,Size,XXL,TWESSIE_JP_BT_0209-Burnt Terracotta-XXL,168.0,,10
twessie-jp-bt-0209,Matte Ribbed Knit High-Waist Bikini Top in Burnt Terracotta,"<p>Matte Ribbed Knit construction meets architectural precision in this bikini top. Designed for the intelligent, independent woman. The Burnt Terracotta colorway with Olive Drab accents creates a sophisticated palette. Pure architectural elegance elegance.</p>",Twessie,Bikini Top,"Matte Ribbed Knit bikini, luxury Burnt Terracotta swimwear, minimalist luxury, minimalist bikini top, high-end swimwear",TRUE,Color,Olive Drab,Size,XS,TWESSIE_JP_BT_0209-Olive Drab-XS,168.0,,10
twessie-jp-bt-0209,Matte Ribbed Knit High-Waist Bikini Top in Burnt Terracotta,"<p>Matte Ribbed Knit construction meets architectural precision in this bikini top. Designed for the intelligent, independent woman. The Burnt Terracotta colorway with Olive Drab accents creates a sophisticated palette. Pure architectural elegance elegance.</p>",Twessie,Bikini Top,"Matte Ribbed Knit bikini, luxury Burnt Terracotta swimwear, minimalist luxury, minimalist bikini top, high-end swimwear",TRUE,Color,Olive Drab,Size,S,TWESSIE_JP_BT_0209-Olive Drab-S,168.0,,10
twessie-jp-bt-0209,Matte Ribbed Knit High-Waist Bikini Top in Burnt Terracotta,"<p>Matte Ribbed Knit construction meets architectural precision in this bikini top. Designed for the intelligent, independent woman. The Burnt Terracotta colorway with Olive Drab accents creates a sophisticated palette. Pure architectural elegance elegance.</p>",Twessie,Bikini Top,"Matte Ribbed Knit bikini, luxury Burnt Terracotta swimwear, minimalist luxury, minimalist bikini top, high-end swimwear",TRUE,Color,Olive Drab,Size,M,TWESSIE_JP_BT_0209-Olive Drab-M,168.0,,10
twessie-jp-bt-0209,Matte Ribbed Knit High-Waist Bikini Top in Burnt Terracotta,"<p>Matte Ribbed Knit construction meets architectural precision in this bikini top. Designed for the intelligent, independent woman. The Burnt Terracotta colorway with Olive Drab accents creates a sophisticated palette. Pure architectural elegance elegance.</p>",Twessie,Bikini Top,"Matte Ribbed Knit bikini, luxury Burnt Terracotta swimwear, minimalist luxury, minimalist bikini top, high-end swimwear",TRUE,Color,Olive Drab,Size,L,TWESSIE_JP_BT_0209-Olive Drab-L,168.0,,10
twessie-jp-bt-0209,Matte Ribbed Knit High-Waist Bikini Top in Burnt Terracotta,"<p>Matte Ribbed Knit construction meets architectural precision in this bikini top. Designed for the intelligent, independent woman. The Burnt Terracotta colorway with Olive Drab accents creates a sophisticated palette. Pure architectural elegance elegance.</p>",Twessie,Bikini Top,"Matte Ribbed Knit bikini, luxury Burnt Terracotta swimwear, minimalist luxury, minimalist bikini top, high-end swimwear",TRUE,Color,Olive Drab,Size,XL,TWESSIE_JP_BT_0209-Olive Drab-XL,168.0,,10
twessie-jp-bt-0209,Matte Ribbed Knit High-Waist Bikini Top in Burnt Terracotta,"<p>Matte Ribbed Knit construction meets architectural precision in this bikini top. Designed for the intelligent, independent woman. The Burnt Terracotta colorway with Olive Drab accents creates a sophisticated palette. Pure architectural elegance elegance.</p>",Twessie,Bikini Top,"Matte Ribbed Knit bikini, luxury Burnt Terracotta swimwear, minimalist luxury, minimalist bikini top, high-end swimwear",TRUE,Color,Olive Drab,Size,XXL,TWESSIE_JP_BT_0209-Olive Drab-XXL,168.0,,10
twessie-sg-bb-0210,High-Cut Obsidian Black Bikini Brief,"<p>Econyl Sleek Satin construction meets architectural precision in this bikini bottom. Designed for the intelligent, independent woman. The Obsidian Black colorway with Olive Drab accents creates a sophisticated palette. Pure minimalist luxury elegance.</p>",Twessie,Bikini Bottom,"minimalist bikini bottom, independent fashion, Econyl Sleek Satin bikini, high-end swimwear, luxury Obsidian Black swimwear",TRUE,Color,Obsidian Black,Size,XS,TWESSIE_SG_BB_0210-Obsidian Black-XS,168.0,,10
twessie-sg-bb-0210,High-Cut Obsidian Black Bikini Brief,"<p>Econyl Sleek Satin construction meets architectural precision in this bikini bottom. Designed for the intelligent, independent woman. The Obsidian Black colorway with Olive Drab accents creates a sophisticated palette. Pure minimalist luxury elegance.</p>",Twessie,Bikini Bottom,"minimalist bikini bottom, independent fashion, Econyl Sleek Satin bikini, high-end swimwear, luxury Obsidian Black swimwear",TRUE,Color,Obsidian Black,Size,S,TWESSIE_SG_BB_0210-Obsidian Black-S,168.0,,10
twessie-sg-bb-0210,High-Cut Obsidian Black Bikini Brief,"<p>Econyl Sleek Satin construction meets architectural precision in this bikini bottom. Designed for the intelligent, independent woman. The Obsidian Black colorway with Olive Drab accents creates a sophisticated palette. Pure minimalist luxury elegance.</p>",Twessie,Bikini Bottom,"minimalist bikini bottom, independent fashion, Econyl Sleek Satin bikini, high-end swimwear, luxury Obsidian Black swimwear",TRUE,Color,Obsidian Black,Size,M,TWESSIE_SG_BB_0210-Obsidian Black-M,168.0,,10
twessie-sg-bb-0210,High-Cut Obsidian Black Bikini Brief,"<p>Econyl Sleek Satin construction meets architectural precision in this bikini bottom. Designed for the intelligent, independent woman. The Obsidian Black colorway with Olive Drab accents creates a sophisticated palette. Pure minimalist luxury elegance.</p>",Twessie,Bikini Bottom,"minimalist bikini bottom, independent fashion, Econyl Sleek Satin bikini, high-end swimwear, luxury Obsidian Black swimwear",TRUE,Color,Obsidian Black,Size,L,TWESSIE_SG_BB_0210-Obsidian Black-L,168.0,,10
twessie-sg-bb-0210,High-Cut Obsidian Black Bikini Brief,"<p>Econyl Sleek Satin construction meets architectural precision in this bikini bottom. Designed for the intelligent, independent woman. The Obsidian Black colorway with Olive Drab accents creates a sophisticated palette. Pure minimalist luxury elegance.</p>",Twessie,Bikini Bottom,"minimalist bikini bottom, independent fashion, Econyl Sleek Satin bikini, high-end swimwear, luxury Obsidian Black swimwear",TRUE,Color,Obsidian Black,Size,XL,TWESSIE_SG_BB_0210-Obsidian Black-XL,168.0,,10
twessie-sg-bb-0210,High-Cut Obsidian Black Bikini Brief,"<p>Econyl Sleek Satin construction meets architectural precision in this bikini bottom. Designed for the intelligent, independent woman. The Obsidian Black colorway with Olive Drab accents creates a sophisticated palette. Pure minimalist luxury elegance.</p>",Twessie,Bikini Bottom,"minimalist bikini bottom, independent fashion, Econyl Sleek Satin bikini, high-end swimwear, luxury Obsidian Black swimwear",TRUE,Color,Obsidian Black,Size,XXL,TWESSIE_SG_BB_0210-Obsidian Black-XXL,168.0,,10
twessie-sg-bb-0210,High-Cut Obsidian Black Bikini Brief,"<p>Econyl Sleek Satin construction meets architectural precision in this bikini bottom. Designed for the intelligent, independent woman. The Obsidian Black colorway with Olive Drab accents creates a sophisticated palette. Pure minimalist luxury elegance.</p>",Twessie,Bikini Bottom,"minimalist bikini bottom, independent fashion, Econyl Sleek Satin bikini, high-end swimwear, luxury Obsidian Black swimwear",TRUE,Color,Olive Drab,Size,XS,TWESSIE_SG_BB_0210-Olive Drab-XS,168.0,,10
twessie-sg-bb-0210,High-Cut Obsidian Black Bikini Brief,"<p>Econyl Sleek Satin construction meets architectural precision in this bikini bottom. Designed for the intelligent, independent woman. The Obsidian Black colorway with Olive Drab accents creates a sophisticated palette. Pure minimalist luxury elegance.</p>",Twessie,Bikini Bottom,"minimalist bikini bottom, independent fashion, Econyl Sleek Satin bikini, high-end swimwear, luxury Obsidian Black swimwear",TRUE,Color,Olive Drab,Size,S,TWESSIE_SG_BB_0210-Olive Drab-S,168.0,,10
twessie-sg-bb-0210,High-Cut Obsidian Black Bikini Brief,"<p>Econyl Sleek Satin construction meets architectural precision in this bikini bottom. Designed for the intelligent, independent woman. The Obsidian Black colorway with Olive Drab accents creates a sophisticated palette. Pure minimalist luxury elegance.</p>",Twessie,Bikini Bottom,"minimalist bikini bottom, independent fashion, Econyl Sleek Satin bikini, high-end swimwear, luxury Obsidian Black swimwear",TRUE,Color,Olive Drab,Size,M,TWESSIE_SG_BB_0210-Olive Drab-M,168.0,,10
twessie-sg-bb-0210,High-Cut Obsidian Black Bikini Brief,"<p>Econyl Sleek Satin construction meets architectural precision in this bikini bottom. Designed for the intelligent, independent woman. The Obsidian Black colorway with Olive Drab accents creates a sophisticated palette. Pure minimalist luxury elegance.</p>",Twessie,Bikini Bottom,"minimalist bikini bottom, independent fashion, Econyl Sleek Satin bikini, high-end swimwear, luxury Obsidian Black swimwear",TRUE,Color,Olive Drab,Size,L,TWESSIE_SG_BB_0210-Olive Drab-L,168.0,,10
twessie-sg-bb-0210,High-Cut Obsidian Black Bikini Brief,"<p>Econyl Sleek Satin construction meets architectural precision in this bikini bottom. Designed for the intelligent, independent woman. The Obsidian Black colorway with Olive Drab accents creates a sophisticated palette. Pure minimalist luxury elegance.</p>",Twessie,Bikini Bottom,"minimalist bikini bottom, independent fashion, Econyl Sleek Satin bikini, high-end swimwear, luxury Obsidian Black swimwear",TRUE,Color,Olive Drab,Size,XL,TWESSIE_SG_BB_0210-Olive Drab-XL,168.0,,10
twessie-sg-bb-0210,High-Cut Obsidian Black Bikini Brief,"<p>Econyl Sleek Satin construction meets architectural precision in this bikini bottom. Designed for the intelligent, independent woman. The Obsidian Black colorway with Olive Drab accents creates a sophisticated palette. Pure minimalist luxury elegance.</p>",Twessie,Bikini Bottom,"minimalist bikini bottom, independent fashion, Econyl Sleek Satin bikini, high-end swimwear, luxury Obsidian Black swimwear",TRUE,Color,Olive Drab,Size,XXL,TWESSIE_SG_BB_0210-Olive Drab-XXL,168.0,,10
twessie-jp-bb-0301,Raw-Edge Obsidian Black Bikini Bottom,"<p>Econyl Sleek Satin construction meets architectural precision in this bikini bottom. Designed for the intelligent, independent woman. The Obsidian Black colorway with Burnt Terracotta accents creates a sophisticated palette. Pure architectural elegance elegance.</p>",Twessie,Bikini Bottom,"architectural swimsuit, independent fashion, high-end swimwear, luxury Obsidian Black swimwear, minimalist luxury",TRUE,Color,Obsidian Black,Size,XS,TWESSIE_JP_BB_0301-Obsidian Black-XS,168.0,,10
twessie-jp-bb-0301,Raw-Edge Obsidian Black Bikini Bottom,"<p>Econyl Sleek Satin construction meets architectural precision in this bikini bottom. Designed for the intelligent, independent woman. The Obsidian Black colorway with Burnt Terracotta accents creates a sophisticated palette. Pure architectural elegance elegance.</p>",Twessie,Bikini Bottom,"architectural swimsuit, independent fashion, high-end swimwear, luxury Obsidian Black swimwear, minimalist luxury",TRUE,Color,Obsidian Black,Size,S,TWESSIE_JP_BB_0301-Obsidian Black-S,168.0,,10
twessie-jp-bb-0301,Raw-Edge Obsidian Black Bikini Bottom,"<p>Econyl Sleek Satin construction meets architectural precision in this bikini bottom. Designed for the intelligent, independent woman. The Obsidian Black colorway with Burnt Terracotta accents creates a sophisticated palette. Pure architectural elegance elegance.</p>",Twessie,Bikini Bottom,"architectural swimsuit, independent fashion, high-end swimwear, luxury Obsidian Black swimwear, minimalist luxury",TRUE,Color,Obsidian Black,Size,M,TWESSIE_JP_BB_0301-Obsidian Black-M,168.0,,10
twessie-jp-bb-0301,Raw-Edge Obsidian Black Bikini Bottom,"<p>Econyl Sleek Satin construction meets architectural precision in this bikini bottom. Designed for the intelligent, independent woman. The Obsidian Black colorway with Burnt Terracotta accents creates a sophisticated palette. Pure architectural elegance elegance.</p>",Twessie,Bikini Bottom,"architectural swimsuit, independent fashion, high-end swimwear, luxury Obsidian Black swimwear, minimalist luxury",TRUE,Color,Obsidian Black,Size,L,TWESSIE_JP_BB_0301-Obsidian Black-L,168.0,,10
twessie-jp-bb-0301,Raw-Edge Obsidian Black Bikini Bottom,"<p>Econyl Sleek Satin construction meets architectural precision in this bikini bottom. Designed for the intelligent, independent woman. The Obsidian Black colorway with Burnt Terracotta accents creates a sophisticated palette. Pure architectural elegance elegance.</p>",Twessie,Bikini Bottom,"architectural swimsuit, independent fashion, high-end swimwear, luxury Obsidian Black swimwear, minimalist luxury",TRUE,Color,Obsidian Black,Size,XL,TWESSIE_JP_BB_0301-Obsidian Black-XL,168.0,,10
twessie-jp-bb-0301,Raw-Edge Obsidian Black Bikini Bottom,"<p>Econyl Sleek Satin construction meets architectural precision in this bikini bottom. Designed for the intelligent, independent woman. The Obsidian Black colorway with Burnt Terracotta accents creates a sophisticated palette. Pure architectural elegance elegance.</p>",Twessie,Bikini Bottom,"architectural swimsuit, independent fashion, high-end swimwear, luxury Obsidian Black swimwear, minimalist luxury",TRUE,Color,Obsidian Black,Size,XXL,TWESSIE_JP_BB_0301-Obsidian Black-XXL,168.0,,10
twessie-jp-bb-0301,Raw-Edge Obsidian Black Bikini Bottom,"<p>Econyl Sleek Satin construction meets architectural precision in this bikini bottom. Designed for the intelligent, independent woman. The Obsidian Black colorway with Burnt Terracotta accents creates a sophisticated palette. Pure architectural elegance elegance.</p>",Twessie,Bikini Bottom,"architectural swimsuit, independent fashion, high-end swimwear, luxury Obsidian Black swimwear, minimalist luxury",TRUE,Color,Burnt Terracotta,Size,XS,TWESSIE_JP_BB_0301-Burnt Terracotta-XS,168.0,,10
twessie-jp-bb-0301,Raw-Edge Obsidian Black Bikini Bottom,"<p>Econyl Sleek Satin construction meets architectural precision in this bikini bottom. Designed for the intelligent, independent woman. The Obsidian Black colorway with Burnt Terracotta accents creates a sophisticated palette. Pure architectural elegance elegance.</p>",Twessie,Bikini Bottom,"architectural swimsuit, independent fashion, high-end swimwear, luxury Obsidian Black swimwear, minimalist luxury",TRUE,Color,Burnt Terracotta,Size,S,TWESSIE_JP_BB_0301-Burnt Terracotta-S,168.0,,10
twessie-jp-bb-0301,Raw-Edge Obsidian Black Bikini Bottom,"<p>Econyl Sleek Satin construction meets architectural precision in this bikini bottom. Designed for the intelligent, independent woman. The Obsidian Black colorway with Burnt Terracotta accents creates a sophisticated palette. Pure architectural elegance elegance.</p>",Twessie,Bikini Bottom,"architectural swimsuit, independent fashion, high-end swimwear, luxury Obsidian Black swimwear, minimalist luxury",TRUE,Color,Burnt Terracotta,Size,M,TWESSIE_JP_BB_0301-Burnt Terracotta-M,168.0,,10
twessie-jp-bb-0301,Raw-Edge Obsidian Black Bikini Bottom,"<p>Econyl Sleek Satin construction meets architectural precision in this bikini bottom. Designed for the intelligent, independent woman. The Obsidian Black colorway with Burnt Terracotta accents creates a sophisticated palette. Pure architectural elegance elegance.</p>",Twessie,Bikini Bottom,"architectural swimsuit, independent fashion, high-end swimwear, luxury Obsidian Black swimwear, minimalist luxury",TRUE,Color,Burnt Terracotta,Size,L,TWESSIE_JP_BB_0301-Burnt Terracotta-L,168.0,,10
twessie-jp-bb-0301,Raw-Edge Obsidian Black Bikini Bottom,"<p>Econyl Sleek Satin construction meets architectural precision in this bikini bottom. Designed for the intelligent, independent woman. The Obsidian Black colorway with Burnt Terracotta accents creates a sophisticated palette. Pure architectural elegance elegance.</p>",Twessie,Bikini Bottom,"architectural swimsuit, independent fashion, high-end swimwear, luxury Obsidian Black swimwear, minimalist luxury",TRUE,Color,Burnt Terracotta,Size,XL,TWESSIE_JP_BB_0301-Burnt Terracotta-XL,168.0,,10
twessie-jp-bb-0301,Raw-Edge Obsidian Black Bikini Bottom,"<p>Econyl Sleek Satin construction meets architectural precision in this bikini bottom. Designed for the intelligent, independent woman. The Obsidian Black colorway with Burnt Terracotta accents creates a sophisticated palette. Pure architectural elegance elegance.</p>",Twessie,Bikini Bottom,"architectural swimsuit, independent fashion, high-end swimwear, luxury Obsidian Black swimwear, minimalist luxury",TRUE,Color,Burnt Terracotta,Size,XXL,TWESSIE_JP_BB_0301-Burnt Terracotta-XXL,168.0,,10
twessie-eu-bt-0302,Minimalist Obsidian Black Textured Bikini Top,<p>Crafted in premium Econyl Sleek Satin with Crinkled Seersucker accents. This bikini top epitomizes minimalist luxury luxury. Featuring color-blocking in Obsidian Black and Stone Gray. Perfect for the discerning swimmer who refuses the obvious.</p>,Twessie,Bikini Top,"high-end swimwear, minimalist bikini top, Econyl Sleek Satin bikini, minimalist luxury, luxury Obsidian Black swimwear",TRUE,Color,Obsidian Black,Size,XS,TWESSIE_EU_BT_0302-Obsidian Black-XS,168.0,,10
twessie-eu-bt-0302,Minimalist Obsidian Black Textured Bikini Top,<p>Crafted in premium Econyl Sleek Satin with Crinkled Seersucker accents. This bikini top epitomizes minimalist luxury luxury. Featuring color-blocking in Obsidian Black and Stone Gray. Perfect for the discerning swimmer who refuses the obvious.</p>,Twessie,Bikini Top,"high-end swimwear, minimalist bikini top, Econyl Sleek Satin bikini, minimalist luxury, luxury Obsidian Black swimwear",TRUE,Color,Obsidian Black,Size,S,TWESSIE_EU_BT_0302-Obsidian Black-S,168.0,,10
twessie-eu-bt-0302,Minimalist Obsidian Black Textured Bikini Top,<p>Crafted in premium Econyl Sleek Satin with Crinkled Seersucker accents. This bikini top epitomizes minimalist luxury luxury. Featuring color-blocking in Obsidian Black and Stone Gray. Perfect for the discerning swimmer who refuses the obvious.</p>,Twessie,Bikini Top,"high-end swimwear, minimalist bikini top, Econyl Sleek Satin bikini, minimalist luxury, luxury Obsidian Black swimwear",TRUE,Color,Obsidian Black,Size,M,TWESSIE_EU_BT_0302-Obsidian Black-M,168.0,,10
twessie-eu-bt-0302,Minimalist Obsidian Black Textured Bikini Top,<p>Crafted in premium Econyl Sleek Satin with Crinkled Seersucker accents. This bikini top epitomizes minimalist luxury luxury. Featuring color-blocking in Obsidian Black and Stone Gray. Perfect for the discerning swimmer who refuses the obvious.</p>,Twessie,Bikini Top,"high-end swimwear, minimalist bikini top, Econyl Sleek Satin bikini, minimalist luxury, luxury Obsidian Black swimwear",TRUE,Color,Obsidian Black,Size,L,TWESSIE_EU_BT_0302-Obsidian Black-L,168.0,,10
twessie-eu-bt-0302,Minimalist Obsidian Black Textured Bikini Top,<p>Crafted in premium Econyl Sleek Satin with Crinkled Seersucker accents. This bikini top epitomizes minimalist luxury luxury. Featuring color-blocking in Obsidian Black and Stone Gray. Perfect for the discerning swimmer who refuses the obvious.</p>,Twessie,Bikini Top,"high-end swimwear, minimalist bikini top, Econyl Sleek Satin bikini, minimalist luxury, luxury Obsidian Black swimwear",TRUE,Color,Obsidian Black,Size,XL,TWESSIE_EU_BT_0302-Obsidian Black-XL,168.0,,10
twessie-eu-bt-0302,Minimalist Obsidian Black Textured Bikini Top,<p>Crafted in premium Econyl Sleek Satin with Crinkled Seersucker accents. This bikini top epitomizes minimalist luxury luxury. Featuring color-blocking in Obsidian Black and Stone Gray. Perfect for the discerning swimmer who refuses the obvious.</p>,Twessie,Bikini Top,"high-end swimwear, minimalist bikini top, Econyl Sleek Satin bikini, minimalist luxury, luxury Obsidian Black swimwear",TRUE,Color,Obsidian Black,Size,XXL,TWESSIE_EU_BT_0302-Obsidian Black-XXL,168.0,,10
twessie-eu-bt-0302,Minimalist Obsidian Black Textured Bikini Top,<p>Crafted in premium Econyl Sleek Satin with Crinkled Seersucker accents. This bikini top epitomizes minimalist luxury luxury. Featuring color-blocking in Obsidian Black and Stone Gray. Perfect for the discerning swimmer who refuses the obvious.</p>,Twessie,Bikini Top,"high-end swimwear, minimalist bikini top, Econyl Sleek Satin bikini, minimalist luxury, luxury Obsidian Black swimwear",TRUE,Color,Stone Gray,Size,XS,TWESSIE_EU_BT_0302-Stone Gray-XS,168.0,,10
twessie-eu-bt-0302,Minimalist Obsidian Black Textured Bikini Top,<p>Crafted in premium Econyl Sleek Satin with Crinkled Seersucker accents. This bikini top epitomizes minimalist luxury luxury. Featuring color-blocking in Obsidian Black and Stone Gray. Perfect for the discerning swimmer who refuses the obvious.</p>,Twessie,Bikini Top,"high-end swimwear, minimalist bikini top, Econyl Sleek Satin bikini, minimalist luxury, luxury Obsidian Black swimwear",TRUE,Color,Stone Gray,Size,S,TWESSIE_EU_BT_0302-Stone Gray-S,168.0,,10
twessie-eu-bt-0302,Minimalist Obsidian Black Textured Bikini Top,<p>Crafted in premium Econyl Sleek Satin with Crinkled Seersucker accents. This bikini top epitomizes minimalist luxury luxury. Featuring color-blocking in Obsidian Black and Stone Gray. Perfect for the discerning swimmer who refuses the obvious.</p>,Twessie,Bikini Top,"high-end swimwear, minimalist bikini top, Econyl Sleek Satin bikini, minimalist luxury, luxury Obsidian Black swimwear",TRUE,Color,Stone Gray,Size,M,TWESSIE_EU_BT_0302-Stone Gray-M,168.0,,10
twessie-eu-bt-0302,Minimalist Obsidian Black Textured Bikini Top,<p>Crafted in premium Econyl Sleek Satin with Crinkled Seersucker accents. This bikini top epitomizes minimalist luxury luxury. Featuring color-blocking in Obsidian Black and Stone Gray. Perfect for the discerning swimmer who refuses the obvious.</p>,Twessie,Bikini Top,"high-end swimwear, minimalist bikini top, Econyl Sleek Satin bikini, minimalist luxury, luxury Obsidian Black swimwear",TRUE,Color,Stone Gray,Size,L,TWESSIE_EU_BT_0302-Stone Gray-L,168.0,,10
twessie-eu-bt-0302,Minimalist Obsidian Black Textured Bikini Top,<p>Crafted in premium Econyl Sleek Satin with Crinkled Seersucker accents. This bikini top epitomizes minimalist luxury luxury. Featuring color-blocking in Obsidian Black and Stone Gray. Perfect for the discerning swimmer who refuses the obvious.</p>,Twessie,Bikini Top,"high-end swimwear, minimalist bikini top, Econyl Sleek Satin bikini, minimalist luxury, luxury Obsidian Black swimwear",TRUE,Color,Stone Gray,Size,XL,TWESSIE_EU_BT_0302-Stone Gray-XL,168.0,,10
twessie-eu-bt-0302,Minimalist Obsidian Black Textured Bikini Top,<p>Crafted in premium Econyl Sleek Satin with Crinkled Seersucker accents. This bikini top epitomizes minimalist luxury luxury. Featuring color-blocking in Obsidian Black and Stone Gray. Perfect for the discerning swimmer who refuses the obvious.</p>,Twessie,Bikini Top,"high-end swimwear, minimalist bikini top, Econyl Sleek Satin bikini, minimalist luxury, luxury Obsidian Black swimwear",TRUE,Color,Stone Gray,Size,XXL,TWESSIE_EU_BT_0302-Stone Gray-XXL,168.0,,10
twessie-sg-bt-0303,Minimalist Burnt Terracotta Textured Bikini Top,<p>A statement piece in Matte Ribbed Knit. This bikini top combines architectural elegance design with impeccable craftsmanship. Available in Burnt Terracotta with Olive Drab detailing. Not loud. Not obvious. Unmistakably Twessie.</p>,Twessie,Bikini Top,"high-end swimwear, luxury Burnt Terracotta swimwear, independent fashion, Matte Ribbed Knit bikini, architectural swimsuit",TRUE,Color,Burnt Terracotta,Size,XS,TWESSIE_SG_BT_0303-Burnt Terracotta-XS,168.0,,10
twessie-sg-bt-0303,Minimalist Burnt Terracotta Textured Bikini Top,<p>A statement piece in Matte Ribbed Knit. This bikini top combines architectural elegance design with impeccable craftsmanship. Available in Burnt Terracotta with Olive Drab detailing. Not loud. Not obvious. Unmistakably Twessie.</p>,Twessie,Bikini Top,"high-end swimwear, luxury Burnt Terracotta swimwear, independent fashion, Matte Ribbed Knit bikini, architectural swimsuit",TRUE,Color,Burnt Terracotta,Size,S,TWESSIE_SG_BT_0303-Burnt Terracotta-S,168.0,,10
twessie-sg-bt-0303,Minimalist Burnt Terracotta Textured Bikini Top,<p>A statement piece in Matte Ribbed Knit. This bikini top combines architectural elegance design with impeccable craftsmanship. Available in Burnt Terracotta with Olive Drab detailing. Not loud. Not obvious. Unmistakably Twessie.</p>,Twessie,Bikini Top,"high-end swimwear, luxury Burnt Terracotta swimwear, independent fashion, Matte Ribbed Knit bikini, architectural swimsuit",TRUE,Color,Burnt Terracotta,Size,M,TWESSIE_SG_BT_0303-Burnt Terracotta-M,168.0,,10
twessie-sg-bt-0303,Minimalist Burnt Terracotta Textured Bikini Top,<p>A statement piece in Matte Ribbed Knit. This bikini top combines architectural elegance design with impeccable craftsmanship. Available in Burnt Terracotta with Olive Drab detailing. Not loud. Not obvious. Unmistakably Twessie.</p>,Twessie,Bikini Top,"high-end swimwear, luxury Burnt Terracotta swimwear, independent fashion, Matte Ribbed Knit bikini, architectural swimsuit",TRUE,Color,Burnt Terracotta,Size,L,TWESSIE_SG_BT_0303-Burnt Terracotta-L,168.0,,10
twessie-sg-bt-0303,Minimalist Burnt Terracotta Textured Bikini Top,<p>A statement piece in Matte Ribbed Knit. This bikini top combines architectural elegance design with impeccable craftsmanship. Available in Burnt Terracotta with Olive Drab detailing. Not loud. Not obvious. Unmistakably Twessie.</p>,Twessie,Bikini Top,"high-end swimwear, luxury Burnt Terracotta swimwear, independent fashion, Matte Ribbed Knit bikini, architectural swimsuit",TRUE,Color,Burnt Terracotta,Size,XL,TWESSIE_SG_BT_0303-Burnt Terracotta-XL,168.0,,10
twessie-sg-bt-0303,Minimalist Burnt Terracotta Textured Bikini Top,<p>A statement piece in Matte Ribbed Knit. This bikini top combines architectural elegance design with impeccable craftsmanship. Available in Burnt Terracotta with Olive Drab detailing. Not loud. Not obvious. Unmistakably Twessie.</p>,Twessie,Bikini Top,"high-end swimwear, luxury Burnt Terracotta swimwear, independent fashion, Matte Ribbed Knit bikini, architectural swimsuit",TRUE,Color,Burnt Terracotta,Size,XXL,TWESSIE_SG_BT_0303-Burnt Terracotta-XXL,168.0,,10
twessie-sg-bt-0303,Minimalist Burnt Terracotta Textured Bikini Top,<p>A statement piece in Matte Ribbed Knit. This bikini top combines architectural elegance design with impeccable craftsmanship. Available in Burnt Terracotta with Olive Drab detailing. Not loud. Not obvious. Unmistakably Twessie.</p>,Twessie,Bikini Top,"high-end swimwear, luxury Burnt Terracotta swimwear, independent fashion, Matte Ribbed Knit bikini, architectural swimsuit",TRUE,Color,Olive Drab,Size,XS,TWESSIE_SG_BT_0303-Olive Drab-XS,168.0,,10
twessie-sg-bt-0303,Minimalist Burnt Terracotta Textured Bikini Top,<p>A statement piece in Matte Ribbed Knit. This bikini top combines architectural elegance design with impeccable craftsmanship. Available in Burnt Terracotta with Olive Drab detailing. Not loud. Not obvious. Unmistakably Twessie.</p>,Twessie,Bikini Top,"high-end swimwear, luxury Burnt Terracotta swimwear, independent fashion, Matte Ribbed Knit bikini, architectural swimsuit",TRUE,Color,Olive Drab,Size,S,TWESSIE_SG_BT_0303-Olive Drab-S,168.0,,10
twessie-sg-bt-0303,Minimalist Burnt Terracotta Textured Bikini Top,<p>A statement piece in Matte Ribbed Knit. This bikini top combines architectural elegance design with impeccable craftsmanship. Available in Burnt Terracotta with Olive Drab detailing. Not loud. Not obvious. Unmistakably Twessie.</p>,Twessie,Bikini Top,"high-end swimwear, luxury Burnt Terracotta swimwear, independent fashion, Matte Ribbed Knit bikini, architectural swimsuit",TRUE,Color,Olive Drab,Size,M,TWESSIE_SG_BT_0303-Olive Drab-M,168.0,,10
twessie-sg-bt-0303,Minimalist Burnt Terracotta Textured Bikini Top,<p>A statement piece in Matte Ribbed Knit. This bikini top combines architectural elegance design with impeccable craftsmanship. Available in Burnt Terracotta with Olive Drab detailing. Not loud. Not obvious. Unmistakably Twessie.</p>,Twessie,Bikini Top,"high-end swimwear, luxury Burnt Terracotta swimwear, independent fashion, Matte Ribbed Knit bikini, architectural swimsuit",TRUE,Color,Olive Drab,Size,L,TWESSIE_SG_BT_0303-Olive Drab-L,168.0,,10
twessie-sg-bt-0303,Minimalist Burnt Terracotta Textured Bikini Top,<p>A statement piece in Matte Ribbed Knit. This bikini top combines architectural elegance design with impeccable craftsmanship. Available in Burnt Terracotta with Olive Drab detailing. Not loud. Not obvious. Unmistakably Twessie.</p>,Twessie,Bikini Top,"high-end swimwear, luxury Burnt Terracotta swimwear, independent fashion, Matte Ribbed Knit bikini, architectural swimsuit",TRUE,Color,Olive Drab,Size,XL,TWESSIE_SG_BT_0303-Olive Drab-XL,168.0,,10
twessie-sg-bt-0303,Minimalist Burnt Terracotta Textured Bikini Top,<p>A statement piece in Matte Ribbed Knit. This bikini top combines architectural elegance design with impeccable craftsmanship. Available in Burnt Terracotta with Olive Drab detailing. Not loud. Not obvious. Unmistakably Twessie.</p>,Twessie,Bikini Top,"high-end swimwear, luxury Burnt Terracotta swimwear, independent fashion, Matte Ribbed Knit bikini, architectural swimsuit",TRUE,Color,Olive Drab,Size,XXL,TWESSIE_SG_BT_0303-Olive Drab-XXL,168.0,,10
twessie-na-bt-0304,Minimalist Stone Gray Textured Bikini Top,"<p>Crinkled Seersucker construction meets architectural precision in this bikini top. Designed for the intelligent, independent woman. The Stone Gray colorway with Chalk White accents creates a sophisticated palette. Pure minimalist luxury elegance.</p>",Twessie,Bikini Top,"minimalist bikini top, high-end swimwear, independent fashion, minimalist luxury, Crinkled Seersucker bikini",TRUE,Color,Stone Gray,Size,XS,TWESSIE_NA_BT_0304-Stone Gray-XS,168.0,,10
twessie-na-bt-0304,Minimalist Stone Gray Textured Bikini Top,"<p>Crinkled Seersucker construction meets architectural precision in this bikini top. Designed for the intelligent, independent woman. The Stone Gray colorway with Chalk White accents creates a sophisticated palette. Pure minimalist luxury elegance.</p>",Twessie,Bikini Top,"minimalist bikini top, high-end swimwear, independent fashion, minimalist luxury, Crinkled Seersucker bikini",TRUE,Color,Stone Gray,Size,S,TWESSIE_NA_BT_0304-Stone Gray-S,168.0,,10
twessie-na-bt-0304,Minimalist Stone Gray Textured Bikini Top,"<p>Crinkled Seersucker construction meets architectural precision in this bikini top. Designed for the intelligent, independent woman. The Stone Gray colorway with Chalk White accents creates a sophisticated palette. Pure minimalist luxury elegance.</p>",Twessie,Bikini Top,"minimalist bikini top, high-end swimwear, independent fashion, minimalist luxury, Crinkled Seersucker bikini",TRUE,Color,Stone Gray,Size,M,TWESSIE_NA_BT_0304-Stone Gray-M,168.0,,10
twessie-na-bt-0304,Minimalist Stone Gray Textured Bikini Top,"<p>Crinkled Seersucker construction meets architectural precision in this bikini top. Designed for the intelligent, independent woman. The Stone Gray colorway with Chalk White accents creates a sophisticated palette. Pure minimalist luxury elegance.</p>",Twessie,Bikini Top,"minimalist bikini top, high-end swimwear, independent fashion, minimalist luxury, Crinkled Seersucker bikini",TRUE,Color,Stone Gray,Size,L,TWESSIE_NA_BT_0304-Stone Gray-L,168.0,,10
twessie-na-bt-0304,Minimalist Stone Gray Textured Bikini Top,"<p>Crinkled Seersucker construction meets architectural precision in this bikini top. Designed for the intelligent, independent woman. The Stone Gray colorway with Chalk White accents creates a sophisticated palette. Pure minimalist luxury elegance.</p>",Twessie,Bikini Top,"minimalist bikini top, high-end swimwear, independent fashion, minimalist luxury, Crinkled Seersucker bikini",TRUE,Color,Stone Gray,Size,XL,TWESSIE_NA_BT_0304-Stone Gray-XL,168.0,,10
twessie-na-bt-0304,Minimalist Stone Gray Textured Bikini Top,"<p>Crinkled Seersucker construction meets architectural precision in this bikini top. Designed for the intelligent, independent woman. The Stone Gray colorway with Chalk White accents creates a sophisticated palette. Pure minimalist luxury elegance.</p>",Twessie,Bikini Top,"minimalist bikini top, high-end swimwear, independent fashion, minimalist luxury, Crinkled Seersucker bikini",TRUE,Color,Stone Gray,Size,XXL,TWESSIE_NA_BT_0304-Stone Gray-XXL,168.0,,10
twessie-na-bt-0304,Minimalist Stone Gray Textured Bikini Top,"<p>Crinkled Seersucker construction meets architectural precision in this bikini top. Designed for the intelligent, independent woman. The Stone Gray colorway with Chalk White accents creates a sophisticated palette. Pure minimalist luxury elegance.</p>",Twessie,Bikini Top,"minimalist bikini top, high-end swimwear, independent fashion, minimalist luxury, Crinkled Seersucker bikini",TRUE,Color,Chalk White,Size,XS,TWESSIE_NA_BT_0304-Chalk White-XS,168.0,,10
twessie-na-bt-0304,Minimalist Stone Gray Textured Bikini Top,"<p>Crinkled Seersucker construction meets architectural precision in this bikini top. Designed for the intelligent, independent woman. The Stone Gray colorway with Chalk White accents creates a sophisticated palette. Pure minimalist luxury elegance.</p>",Twessie,Bikini Top,"minimalist bikini top, high-end swimwear, independent fashion, minimalist luxury, Crinkled Seersucker bikini",TRUE,Color,Chalk White,Size,S,TWESSIE_NA_BT_0304-Chalk White-S,168.0,,10
twessie-na-bt-0304,Minimalist Stone Gray Textured Bikini Top,"<p>Crinkled Seersucker construction meets architectural precision in this bikini top. Designed for the intelligent, independent woman. The Stone Gray colorway with Chalk White accents creates a sophisticated palette. Pure minimalist luxury elegance.</p>",Twessie,Bikini Top,"minimalist bikini top, high-end swimwear, independent fashion, minimalist luxury, Crinkled Seersucker bikini",TRUE,Color,Chalk White,Size,M,TWESSIE_NA_BT_0304-Chalk White-M,168.0,,10
twessie-na-bt-0304,Minimalist Stone Gray Textured Bikini Top,"<p>Crinkled Seersucker construction meets architectural precision in this bikini top. Designed for the intelligent, independent woman. The Stone Gray colorway with Chalk White accents creates a sophisticated palette. Pure minimalist luxury elegance.</p>",Twessie,Bikini Top,"minimalist bikini top, high-end swimwear, independent fashion, minimalist luxury, Crinkled Seersucker bikini",TRUE,Color,Chalk White,Size,L,TWESSIE_NA_BT_0304-Chalk White-L,168.0,,10
twessie-na-bt-0304,Minimalist Stone Gray Textured Bikini Top,"<p>Crinkled Seersucker construction meets architectural precision in this bikini top. Designed for the intelligent, independent woman. The Stone Gray colorway with Chalk White accents creates a sophisticated palette. Pure minimalist luxury elegance.</p>",Twessie,Bikini Top,"minimalist bikini top, high-end swimwear, independent fashion, minimalist luxury, Crinkled Seersucker bikini",TRUE,Color,Chalk White,Size,XL,TWESSIE_NA_BT_0304-Chalk White-XL,168.0,,10
twessie-na-bt-0304,Minimalist Stone Gray Textured Bikini Top,"<p>Crinkled Seersucker construction meets architectural precision in this bikini top. Designed for the intelligent, independent woman. The Stone Gray colorway with Chalk White accents creates a sophisticated palette. Pure minimalist luxury elegance.</p>",Twessie,Bikini Top,"minimalist bikini top, high-end swimwear, independent fashion, minimalist luxury, Crinkled Seersucker bikini",TRUE,Color,Chalk White,Size,XXL,TWESSIE_NA_BT_0304-Chalk White-XXL,168.0,,10
twessie-au-op-0305,Minimalist Matte Ribbed Knit One-Piece,<p>A statement piece in Matte Ribbed Knit. This one-piece combines architectural elegance design with impeccable craftsmanship. Available in Burnt Terracotta with Olive Drab detailing. Not loud. Not obvious. Unmistakably Twessie.</p>,Twessie,One-Piece,"independent fashion, minimalist luxury, minimalist one-piece, high-end swimwear, Matte Ribbed Knit bikini",TRUE,Color,Burnt Terracotta,Size,XS,TWESSIE_AU_OP_0305-Burnt Terracotta-XS,168.0,,10
twessie-au-op-0305,Minimalist Matte Ribbed Knit One-Piece,<p>A statement piece in Matte Ribbed Knit. This one-piece combines architectural elegance design with impeccable craftsmanship. Available in Burnt Terracotta with Olive Drab detailing. Not loud. Not obvious. Unmistakably Twessie.</p>,Twessie,One-Piece,"independent fashion, minimalist luxury, minimalist one-piece, high-end swimwear, Matte Ribbed Knit bikini",TRUE,Color,Burnt Terracotta,Size,S,TWESSIE_AU_OP_0305-Burnt Terracotta-S,168.0,,10
twessie-au-op-0305,Minimalist Matte Ribbed Knit One-Piece,<p>A statement piece in Matte Ribbed Knit. This one-piece combines architectural elegance design with impeccable craftsmanship. Available in Burnt Terracotta with Olive Drab detailing. Not loud. Not obvious. Unmistakably Twessie.</p>,Twessie,One-Piece,"independent fashion, minimalist luxury, minimalist one-piece, high-end swimwear, Matte Ribbed Knit bikini",TRUE,Color,Burnt Terracotta,Size,M,TWESSIE_AU_OP_0305-Burnt Terracotta-M,168.0,,10
twessie-au-op-0305,Minimalist Matte Ribbed Knit One-Piece,<p>A statement piece in Matte Ribbed Knit. This one-piece combines architectural elegance design with impeccable craftsmanship. Available in Burnt Terracotta with Olive Drab detailing. Not loud. Not obvious. Unmistakably Twessie.</p>,Twessie,One-Piece,"independent fashion, minimalist luxury, minimalist one-piece, high-end swimwear, Matte Ribbed Knit bikini",TRUE,Color,Burnt Terracotta,Size,L,TWESSIE_AU_OP_0305-Burnt Terracotta-L,168.0,,10
twessie-au-op-0305,Minimalist Matte Ribbed Knit One-Piece,<p>A statement piece in Matte Ribbed Knit. This one-piece combines architectural elegance design with impeccable craftsmanship. Available in Burnt Terracotta with Olive Drab detailing. Not loud. Not obvious. Unmistakably Twessie.</p>,Twessie,One-Piece,"independent fashion, minimalist luxury, minimalist one-piece, high-end swimwear, Matte Ribbed Knit bikini",TRUE,Color,Burnt Terracotta,Size,XL,TWESSIE_AU_OP_0305-Burnt Terracotta-XL,168.0,,10
twessie-au-op-0305,Minimalist Matte Ribbed Knit One-Piece,<p>A statement piece in Matte Ribbed Knit. This one-piece combines architectural elegance design with impeccable craftsmanship. Available in Burnt Terracotta with Olive Drab detailing. Not loud. Not obvious. Unmistakably Twessie.</p>,Twessie,One-Piece,"independent fashion, minimalist luxury, minimalist one-piece, high-end swimwear, Matte Ribbed Knit bikini",TRUE,Color,Burnt Terracotta,Size,XXL,TWESSIE_AU_OP_0305-Burnt Terracotta-XXL,168.0,,10
twessie-au-op-0305,Minimalist Matte Ribbed Knit One-Piece,<p>A statement piece in Matte Ribbed Knit. This one-piece combines architectural elegance design with impeccable craftsmanship. Available in Burnt Terracotta with Olive Drab detailing. Not loud. Not obvious. Unmistakably Twessie.</p>,Twessie,One-Piece,"independent fashion, minimalist luxury, minimalist one-piece, high-end swimwear, Matte Ribbed Knit bikini",TRUE,Color,Olive Drab,Size,XS,TWESSIE_AU_OP_0305-Olive Drab-XS,168.0,,10
twessie-au-op-0305,Minimalist Matte Ribbed Knit One-Piece,<p>A statement piece in Matte Ribbed Knit. This one-piece combines architectural elegance design with impeccable craftsmanship. Available in Burnt Terracotta with Olive Drab detailing. Not loud. Not obvious. Unmistakably Twessie.</p>,Twessie,One-Piece,"independent fashion, minimalist luxury, minimalist one-piece, high-end swimwear, Matte Ribbed Knit bikini",TRUE,Color,Olive Drab,Size,S,TWESSIE_AU_OP_0305-Olive Drab-S,168.0,,10
twessie-au-op-0305,Minimalist Matte Ribbed Knit One-Piece,<p>A statement piece in Matte Ribbed Knit. This one-piece combines architectural elegance design with impeccable craftsmanship. Available in Burnt Terracotta with Olive Drab detailing. Not loud. Not obvious. Unmistakably Twessie.</p>,Twessie,One-Piece,"independent fashion, minimalist luxury, minimalist one-piece, high-end swimwear, Matte Ribbed Knit bikini",TRUE,Color,Olive Drab,Size,M,TWESSIE_AU_OP_0305-Olive Drab-M,168.0,,10
twessie-au-op-0305,Minimalist Matte Ribbed Knit One-Piece,<p>A statement piece in Matte Ribbed Knit. This one-piece combines architectural elegance design with impeccable craftsmanship. Available in Burnt Terracotta with Olive Drab detailing. Not loud. Not obvious. Unmistakably Twessie.</p>,Twessie,One-Piece,"independent fashion, minimalist luxury, minimalist one-piece, high-end swimwear, Matte Ribbed Knit bikini",TRUE,Color,Olive Drab,Size,L,TWESSIE_AU_OP_0305-Olive Drab-L,168.0,,10
twessie-au-op-0305,Minimalist Matte Ribbed Knit One-Piece,<p>A statement piece in Matte Ribbed Knit. This one-piece combines architectural elegance design with impeccable craftsmanship. Available in Burnt Terracotta with Olive Drab detailing. Not loud. Not obvious. Unmistakably Twessie.</p>,Twessie,One-Piece,"independent fashion, minimalist luxury, minimalist one-piece, high-end swimwear, Matte Ribbed Knit bikini",TRUE,Color,Olive Drab,Size,XL,TWESSIE_AU_OP_0305-Olive Drab-XL,168.0,,10
twessie-au-op-0305,Minimalist Matte Ribbed Knit One-Piece,<p>A statement piece in Matte Ribbed Knit. This one-piece combines architectural elegance design with impeccable craftsmanship. Available in Burnt Terracotta with Olive Drab detailing. Not loud. Not obvious. Unmistakably Twessie.</p>,Twessie,One-Piece,"independent fashion, minimalist luxury, minimalist one-piece, high-end swimwear, Matte Ribbed Knit bikini",TRUE,Color,Olive Drab,Size,XXL,TWESSIE_AU_OP_0305-Olive Drab-XXL,168.0,,10
twessie-sg-bt-0306,Minimalist Olive Drab Textured Bikini Top,<p>A statement piece in Matte Ribbed Knit. This bikini top combines minimalist luxury design with impeccable craftsmanship. Available in Olive Drab with Burnt Terracotta detailing. Not loud. Not obvious. Unmistakably Twessie.</p>,Twessie,Bikini Top,"minimalist bikini top, minimalist luxury, Matte Ribbed Knit bikini, architectural swimsuit, high-end swimwear",TRUE,Color,Olive Drab,Size,XS,TWESSIE_SG_BT_0306-Olive Drab-XS,168.0,,10
twessie-sg-bt-0306,Minimalist Olive Drab Textured Bikini Top,<p>A statement piece in Matte Ribbed Knit. This bikini top combines minimalist luxury design with impeccable craftsmanship. Available in Olive Drab with Burnt Terracotta detailing. Not loud. Not obvious. Unmistakably Twessie.</p>,Twessie,Bikini Top,"minimalist bikini top, minimalist luxury, Matte Ribbed Knit bikini, architectural swimsuit, high-end swimwear",TRUE,Color,Olive Drab,Size,S,TWESSIE_SG_BT_0306-Olive Drab-S,168.0,,10
twessie-sg-bt-0306,Minimalist Olive Drab Textured Bikini Top,<p>A statement piece in Matte Ribbed Knit. This bikini top combines minimalist luxury design with impeccable craftsmanship. Available in Olive Drab with Burnt Terracotta detailing. Not loud. Not obvious. Unmistakably Twessie.</p>,Twessie,Bikini Top,"minimalist bikini top, minimalist luxury, Matte Ribbed Knit bikini, architectural swimsuit, high-end swimwear",TRUE,Color,Olive Drab,Size,M,TWESSIE_SG_BT_0306-Olive Drab-M,168.0,,10
twessie-sg-bt-0306,Minimalist Olive Drab Textured Bikini Top,<p>A statement piece in Matte Ribbed Knit. This bikini top combines minimalist luxury design with impeccable craftsmanship. Available in Olive Drab with Burnt Terracotta detailing. Not loud. Not obvious. Unmistakably Twessie.</p>,Twessie,Bikini Top,"minimalist bikini top, minimalist luxury, Matte Ribbed Knit bikini, architectural swimsuit, high-end swimwear",TRUE,Color,Olive Drab,Size,L,TWESSIE_SG_BT_0306-Olive Drab-L,168.0,,10
twessie-sg-bt-0306,Minimalist Olive Drab Textured Bikini Top,<p>A statement piece in Matte Ribbed Knit. This bikini top combines minimalist luxury design with impeccable craftsmanship. Available in Olive Drab with Burnt Terracotta detailing. Not loud. Not obvious. Unmistakably Twessie.</p>,Twessie,Bikini Top,"minimalist bikini top, minimalist luxury, Matte Ribbed Knit bikini, architectural swimsuit, high-end swimwear",TRUE,Color,Olive Drab,Size,XL,TWESSIE_SG_BT_0306-Olive Drab-XL,168.0,,10
twessie-sg-bt-0306,Minimalist Olive Drab Textured Bikini Top,<p>A statement piece in Matte Ribbed Knit. This bikini top combines minimalist luxury design with impeccable craftsmanship. Available in Olive Drab with Burnt Terracotta detailing. Not loud. Not obvious. Unmistakably Twessie.</p>,Twessie,Bikini Top,"minimalist bikini top, minimalist luxury, Matte Ribbed Knit bikini, architectural swimsuit, high-end swimwear",TRUE,Color,Olive Drab,Size,XXL,TWESSIE_SG_BT_0306-Olive Drab-XXL,168.0,,10
twessie-sg-bt-0306,Minimalist Olive Drab Textured Bikini Top,<p>A statement piece in Matte Ribbed Knit. This bikini top combines minimalist luxury design with impeccable craftsmanship. Available in Olive Drab with Burnt Terracotta detailing. Not loud. Not obvious. Unmistakably Twessie.</p>,Twessie,Bikini Top,"minimalist bikini top, minimalist luxury, Matte Ribbed Knit bikini, architectural swimsuit, high-end swimwear",TRUE,Color,Burnt Terracotta,Size,XS,TWESSIE_SG_BT_0306-Burnt Terracotta-XS,168.0,,10
twessie-sg-bt-0306,Minimalist Olive Drab Textured Bikini Top,<p>A statement piece in Matte Ribbed Knit. This bikini top combines minimalist luxury design with impeccable craftsmanship. Available in Olive Drab with Burnt Terracotta detailing. Not loud. Not obvious. Unmistakably Twessie.</p>,Twessie,Bikini Top,"minimalist bikini top, minimalist luxury, Matte Ribbed Knit bikini, architectural swimsuit, high-end swimwear",TRUE,Color,Burnt Terracotta,Size,S,TWESSIE_SG_BT_0306-Burnt Terracotta-S,168.0,,10
twessie-sg-bt-0306,Minimalist Olive Drab Textured Bikini Top,<p>A statement piece in Matte Ribbed Knit. This bikini top combines minimalist luxury design with impeccable craftsmanship. Available in Olive Drab with Burnt Terracotta detailing. Not loud. Not obvious. Unmistakably Twessie.</p>,Twessie,Bikini Top,"minimalist bikini top, minimalist luxury, Matte Ribbed Knit bikini, architectural swimsuit, high-end swimwear",TRUE,Color,Burnt Terracotta,Size,M,TWESSIE_SG_BT_0306-Burnt Terracotta-M,168.0,,10
twessie-sg-bt-0306,Minimalist Olive Drab Textured Bikini Top,<p>A statement piece in Matte Ribbed Knit. This bikini top combines minimalist luxury design with impeccable craftsmanship. Available in Olive Drab with Burnt Terracotta detailing. Not loud. Not obvious. Unmistakably Twessie.</p>,Twessie,Bikini Top,"minimalist bikini top, minimalist luxury, Matte Ribbed Knit bikini, architectural swimsuit, high-end swimwear",TRUE,Color,Burnt Terracotta,Size,L,TWESSIE_SG_BT_0306-Burnt Terracotta-L,168.0,,10
twessie-sg-bt-0306,Minimalist Olive Drab Textured Bikini Top,<p>A statement piece in Matte Ribbed Knit. This bikini top combines minimalist luxury design with impeccable craftsmanship. Available in Olive Drab with Burnt Terracotta detailing. Not loud. Not obvious. Unmistakably Twessie.</p>,Twessie,Bikini Top,"minimalist bikini top, minimalist luxury, Matte Ribbed Knit bikini, architectural swimsuit, high-end swimwear",TRUE,Color,Burnt Terracotta,Size,XL,TWESSIE_SG_BT_0306-Burnt Terracotta-XL,168.0,,10
twessie-sg-bt-0306,Minimalist Olive Drab Textured Bikini Top,<p>A statement piece in Matte Ribbed Knit. This bikini top combines minimalist luxury design with impeccable craftsmanship. Available in Olive Drab with Burnt Terracotta detailing. Not loud. Not obvious. Unmistakably Twessie.</p>,Twessie,Bikini Top,"minimalist bikini top, minimalist luxury, Matte Ribbed Knit bikini, architectural swimsuit, high-end swimwear",TRUE,Color,Burnt Terracotta,Size,XXL,TWESSIE_SG_BT_0306-Burnt Terracotta-XXL,168.0,,10
twessie-na-ha-0307,Architectural Halter Strap System - Chalk White,<p>A statement piece in Crinkled Seersucker. This halter strap accessory combines minimalist luxury design with impeccable craftsmanship. Available in Chalk White with Stone Gray detailing. Not loud. Not obvious. Unmistakably Twessie.</p>,Twessie,Halter Strap Accessory,"architectural swimsuit, luxury Chalk White swimwear, minimalist luxury, high-end swimwear, independent fashion",TRUE,Color,Chalk White,Size,XS,TWESSIE_NA_HA_0307-Chalk White-XS,168.0,,10
twessie-na-ha-0307,Architectural Halter Strap System - Chalk White,<p>A statement piece in Crinkled Seersucker. This halter strap accessory combines minimalist luxury design with impeccable craftsmanship. Available in Chalk White with Stone Gray detailing. Not loud. Not obvious. Unmistakably Twessie.</p>,Twessie,Halter Strap Accessory,"architectural swimsuit, luxury Chalk White swimwear, minimalist luxury, high-end swimwear, independent fashion",TRUE,Color,Chalk White,Size,S,TWESSIE_NA_HA_0307-Chalk White-S,168.0,,10
twessie-na-ha-0307,Architectural Halter Strap System - Chalk White,<p>A statement piece in Crinkled Seersucker. This halter strap accessory combines minimalist luxury design with impeccable craftsmanship. Available in Chalk White with Stone Gray detailing. Not loud. Not obvious. Unmistakably Twessie.</p>,Twessie,Halter Strap Accessory,"architectural swimsuit, luxury Chalk White swimwear, minimalist luxury, high-end swimwear, independent fashion",TRUE,Color,Chalk White,Size,M,TWESSIE_NA_HA_0307-Chalk White-M,168.0,,10
twessie-na-ha-0307,Architectural Halter Strap System - Chalk White,<p>A statement piece in Crinkled Seersucker. This halter strap accessory combines minimalist luxury design with impeccable craftsmanship. Available in Chalk White with Stone Gray detailing. Not loud. Not obvious. Unmistakably Twessie.</p>,Twessie,Halter Strap Accessory,"architectural swimsuit, luxury Chalk White swimwear, minimalist luxury, high-end swimwear, independent fashion",TRUE,Color,Chalk White,Size,L,TWESSIE_NA_HA_0307-Chalk White-L,168.0,,10
twessie-na-ha-0307,Architectural Halter Strap System - Chalk White,<p>A statement piece in Crinkled Seersucker. This halter strap accessory combines minimalist luxury design with impeccable craftsmanship. Available in Chalk White with Stone Gray detailing. Not loud. Not obvious. Unmistakably Twessie.</p>,Twessie,Halter Strap Accessory,"architectural swimsuit, luxury Chalk White swimwear, minimalist luxury, high-end swimwear, independent fashion",TRUE,Color,Chalk White,Size,XL,TWESSIE_NA_HA_0307-Chalk White-XL,168.0,,10
twessie-na-ha-0307,Architectural Halter Strap System - Chalk White,<p>A statement piece in Crinkled Seersucker. This halter strap accessory combines minimalist luxury design with impeccable craftsmanship. Available in Chalk White with Stone Gray detailing. Not loud. Not obvious. Unmistakably Twessie.</p>,Twessie,Halter Strap Accessory,"architectural swimsuit, luxury Chalk White swimwear, minimalist luxury, high-end swimwear, independent fashion",TRUE,Color,Chalk White,Size,XXL,TWESSIE_NA_HA_0307-Chalk White-XXL,168.0,,10
twessie-na-ha-0307,Architectural Halter Strap System - Chalk White,<p>A statement piece in Crinkled Seersucker. This halter strap accessory combines minimalist luxury design with impeccable craftsmanship. Available in Chalk White with Stone Gray detailing. Not loud. Not obvious. Unmistakably Twessie.</p>,Twessie,Halter Strap Accessory,"architectural swimsuit, luxury Chalk White swimwear, minimalist luxury, high-end swimwear, independent fashion",TRUE,Color,Stone Gray,Size,XS,TWESSIE_NA_HA_0307-Stone Gray-XS,168.0,,10
twessie-na-ha-0307,Architectural Halter Strap System - Chalk White,<p>A statement piece in Crinkled Seersucker. This halter strap accessory combines minimalist luxury design with impeccable craftsmanship. Available in Chalk White with Stone Gray detailing. Not loud. Not obvious. Unmistakably Twessie.</p>,Twessie,Halter Strap Accessory,"architectural swimsuit, luxury Chalk White swimwear, minimalist luxury, high-end swimwear, independent fashion",TRUE,Color,Stone Gray,Size,S,TWESSIE_NA_HA_0307-Stone Gray-S,168.0,,10
twessie-na-ha-0307,Architectural Halter Strap System - Chalk White,<p>A statement piece in Crinkled Seersucker. This halter strap accessory combines minimalist luxury design with impeccable craftsmanship. Available in Chalk White with Stone Gray detailing. Not loud. Not obvious. Unmistakably Twessie.</p>,Twessie,Halter Strap Accessory,"architectural swimsuit, luxury Chalk White swimwear, minimalist luxury, high-end swimwear, independent fashion",TRUE,Color,Stone Gray,Size,M,TWESSIE_NA_HA_0307-Stone Gray-M,168.0,,10
twessie-na-ha-0307,Architectural Halter Strap System - Chalk White,<p>A statement piece in Crinkled Seersucker. This halter strap accessory combines minimalist luxury design with impeccable craftsmanship. Available in Chalk White with Stone Gray detailing. Not loud. Not obvious. Unmistakably Twessie.</p>,Twessie,Halter Strap Accessory,"architectural swimsuit, luxury Chalk White swimwear, minimalist luxury, high-end swimwear, independent fashion",TRUE,Color,Stone Gray,Size,L,TWESSIE_NA_HA_0307-Stone Gray-L,168.0,,10
twessie-na-ha-0307,Architectural Halter Strap System - Chalk White,<p>A statement piece in Crinkled Seersucker. This halter strap accessory combines minimalist luxury design with impeccable craftsmanship. Available in Chalk White with Stone Gray detailing. Not loud. Not obvious. Unmistakably Twessie.</p>,Twessie,Halter Strap Accessory,"architectural swimsuit, luxury Chalk White swimwear, minimalist luxury, high-end swimwear, independent fashion",TRUE,Color,Stone Gray,Size,XL,TWESSIE_NA_HA_0307-Stone Gray-XL,168.0,,10
twessie-na-ha-0307,Architectural Halter Strap System - Chalk White,<p>A statement piece in Crinkled Seersucker. This halter strap accessory combines minimalist luxury design with impeccable craftsmanship. Available in Chalk White with Stone Gray detailing. Not loud. Not obvious. Unmistakably Twessie.</p>,Twessie,Halter Strap Accessory,"architectural swimsuit, luxury Chalk White swimwear, minimalist luxury, high-end swimwear, independent fashion",TRUE,Color,Stone Gray,Size,XXL,TWESSIE_NA_HA_0307-Stone Gray-XXL,168.0,,10
twessie-jp-bb-0308,High-Cut Olive Drab Bikini Brief,<p>A statement piece in Matte Ribbed Knit. This bikini bottom combines anti-fashion statement design with impeccable craftsmanship. Available in Olive Drab with Burnt Terracotta detailing. Not loud. Not obvious. Unmistakably Twessie.</p>,Twessie,Bikini Bottom,"architectural swimsuit, luxury Olive Drab swimwear, independent fashion, high-end swimwear, minimalist luxury",TRUE,Color,Olive Drab,Size,XS,TWESSIE_JP_BB_0308-Olive Drab-XS,168.0,,10
twessie-jp-bb-0308,High-Cut Olive Drab Bikini Brief,<p>A statement piece in Matte Ribbed Knit. This bikini bottom combines anti-fashion statement design with impeccable craftsmanship. Available in Olive Drab with Burnt Terracotta detailing. Not loud. Not obvious. Unmistakably Twessie.</p>,Twessie,Bikini Bottom,"architectural swimsuit, luxury Olive Drab swimwear, independent fashion, high-end swimwear, minimalist luxury",TRUE,Color,Olive Drab,Size,S,TWESSIE_JP_BB_0308-Olive Drab-S,168.0,,10
twessie-jp-bb-0308,High-Cut Olive Drab Bikini Brief,<p>A statement piece in Matte Ribbed Knit. This bikini bottom combines anti-fashion statement design with impeccable craftsmanship. Available in Olive Drab with Burnt Terracotta detailing. Not loud. Not obvious. Unmistakably Twessie.</p>,Twessie,Bikini Bottom,"architectural swimsuit, luxury Olive Drab swimwear, independent fashion, high-end swimwear, minimalist luxury",TRUE,Color,Olive Drab,Size,M,TWESSIE_JP_BB_0308-Olive Drab-M,168.0,,10
twessie-jp-bb-0308,High-Cut Olive Drab Bikini Brief,<p>A statement piece in Matte Ribbed Knit. This bikini bottom combines anti-fashion statement design with impeccable craftsmanship. Available in Olive Drab with Burnt Terracotta detailing. Not loud. Not obvious. Unmistakably Twessie.</p>,Twessie,Bikini Bottom,"architectural swimsuit, luxury Olive Drab swimwear, independent fashion, high-end swimwear, minimalist luxury",TRUE,Color,Olive Drab,Size,L,TWESSIE_JP_BB_0308-Olive Drab-L,168.0,,10
twessie-jp-bb-0308,High-Cut Olive Drab Bikini Brief,<p>A statement piece in Matte Ribbed Knit. This bikini bottom combines anti-fashion statement design with impeccable craftsmanship. Available in Olive Drab with Burnt Terracotta detailing. Not loud. Not obvious. Unmistakably Twessie.</p>,Twessie,Bikini Bottom,"architectural swimsuit, luxury Olive Drab swimwear, independent fashion, high-end swimwear, minimalist luxury",TRUE,Color,Olive Drab,Size,XL,TWESSIE_JP_BB_0308-Olive Drab-XL,168.0,,10
twessie-jp-bb-0308,High-Cut Olive Drab Bikini Brief,<p>A statement piece in Matte Ribbed Knit. This bikini bottom combines anti-fashion statement design with impeccable craftsmanship. Available in Olive Drab with Burnt Terracotta detailing. Not loud. Not obvious. Unmistakably Twessie.</p>,Twessie,Bikini Bottom,"architectural swimsuit, luxury Olive Drab swimwear, independent fashion, high-end swimwear, minimalist luxury",TRUE,Color,Olive Drab,Size,XXL,TWESSIE_JP_BB_0308-Olive Drab-XXL,168.0,,10
twessie-jp-bb-0308,High-Cut Olive Drab Bikini Brief,<p>A statement piece in Matte Ribbed Knit. This bikini bottom combines anti-fashion statement design with impeccable craftsmanship. Available in Olive Drab with Burnt Terracotta detailing. Not loud. Not obvious. Unmistakably Twessie.</p>,Twessie,Bikini Bottom,"architectural swimsuit, luxury Olive Drab swimwear, independent fashion, high-end swimwear, minimalist luxury",TRUE,Color,Burnt Terracotta,Size,XS,TWESSIE_JP_BB_0308-Burnt Terracotta-XS,168.0,,10
twessie-jp-bb-0308,High-Cut Olive Drab Bikini Brief,<p>A statement piece in Matte Ribbed Knit. This bikini bottom combines anti-fashion statement design with impeccable craftsmanship. Available in Olive Drab with Burnt Terracotta detailing. Not loud. Not obvious. Unmistakably Twessie.</p>,Twessie,Bikini Bottom,"architectural swimsuit, luxury Olive Drab swimwear, independent fashion, high-end swimwear, minimalist luxury",TRUE,Color,Burnt Terracotta,Size,S,TWESSIE_JP_BB_0308-Burnt Terracotta-S,168.0,,10
twessie-jp-bb-0308,High-Cut Olive Drab Bikini Brief,<p>A statement piece in Matte Ribbed Knit. This bikini bottom combines anti-fashion statement design with impeccable craftsmanship. Available in Olive Drab with Burnt Terracotta detailing. Not loud. Not obvious. Unmistakably Twessie.</p>,Twessie,Bikini Bottom,"architectural swimsuit, luxury Olive Drab swimwear, independent fashion, high-end swimwear, minimalist luxury",TRUE,Color,Burnt Terracotta,Size,M,TWESSIE_JP_BB_0308-Burnt Terracotta-M,168.0,,10
twessie-jp-bb-0308,High-Cut Olive Drab Bikini Brief,<p>A statement piece in Matte Ribbed Knit. This bikini bottom combines anti-fashion statement design with impeccable craftsmanship. Available in Olive Drab with Burnt Terracotta detailing. Not loud. Not obvious. Unmistakably Twessie.</p>,Twessie,Bikini Bottom,"architectural swimsuit, luxury Olive Drab swimwear, independent fashion, high-end swimwear, minimalist luxury",TRUE,Color,Burnt Terracotta,Size,L,TWESSIE_JP_BB_0308-Burnt Terracotta-L,168.0,,10
twessie-jp-bb-0308,High-Cut Olive Drab Bikini Brief,<p>A statement piece in Matte Ribbed Knit. This bikini bottom combines anti-fashion statement design with impeccable craftsmanship. Available in Olive Drab with Burnt Terracotta detailing. Not loud. Not obvious. Unmistakably Twessie.</p>,Twessie,Bikini Bottom,"architectural swimsuit, luxury Olive Drab swimwear, independent fashion, high-end swimwear, minimalist luxury",TRUE,Color,Burnt Terracotta,Size,XL,TWESSIE_JP_BB_0308-Burnt Terracotta-XL,168.0,,10
twessie-jp-bb-0308,High-Cut Olive Drab Bikini Brief,<p>A statement piece in Matte Ribbed Knit. This bikini bottom combines anti-fashion statement design with impeccable craftsmanship. Available in Olive Drab with Burnt Terracotta detailing. Not loud. Not obvious. Unmistakably Twessie.</p>,Twessie,Bikini Bottom,"architectural swimsuit, luxury Olive Drab swimwear, independent fashion, high-end swimwear, minimalist luxury",TRUE,Color,Burnt Terracotta,Size,XXL,TWESSIE_JP_BB_0308-Burnt Terracotta-XXL,168.0,,10
twessie-na-op-0309,Chalk White Architectural One-Piece Swimsuit,<p>A statement piece in Crinkled Seersucker. This one-piece combines minimalist luxury design with impeccable craftsmanship. Available in Chalk White with Stone Gray detailing. Not loud. Not obvious. Unmistakably Twessie.</p>,Twessie,One-Piece,"minimalist luxury, minimalist one-piece, high-end swimwear, Crinkled Seersucker bikini, architectural swimsuit",TRUE,Color,Chalk White,Size,XS,TWESSIE_NA_OP_0309-Chalk White-XS,168.0,,10
twessie-na-op-0309,Chalk White Architectural One-Piece Swimsuit,<p>A statement piece in Crinkled Seersucker. This one-piece combines minimalist luxury design with impeccable craftsmanship. Available in Chalk White with Stone Gray detailing. Not loud. Not obvious. Unmistakably Twessie.</p>,Twessie,One-Piece,"minimalist luxury, minimalist one-piece, high-end swimwear, Crinkled Seersucker bikini, architectural swimsuit",TRUE,Color,Chalk White,Size,S,TWESSIE_NA_OP_0309-Chalk White-S,168.0,,10
twessie-na-op-0309,Chalk White Architectural One-Piece Swimsuit,<p>A statement piece in Crinkled Seersucker. This one-piece combines minimalist luxury design with impeccable craftsmanship. Available in Chalk White with Stone Gray detailing. Not loud. Not obvious. Unmistakably Twessie.</p>,Twessie,One-Piece,"minimalist luxury, minimalist one-piece, high-end swimwear, Crinkled Seersucker bikini, architectural swimsuit",TRUE,Color,Chalk White,Size,M,TWESSIE_NA_OP_0309-Chalk White-M,168.0,,10
twessie-na-op-0309,Chalk White Architectural One-Piece Swimsuit,<p>A statement piece in Crinkled Seersucker. This one-piece combines minimalist luxury design with impeccable craftsmanship. Available in Chalk White with Stone Gray detailing. Not loud. Not obvious. Unmistakably Twessie.</p>,Twessie,One-Piece,"minimalist luxury, minimalist one-piece, high-end swimwear, Crinkled Seersucker bikini, architectural swimsuit",TRUE,Color,Chalk White,Size,L,TWESSIE_NA_OP_0309-Chalk White-L,168.0,,10
twessie-na-op-0309,Chalk White Architectural One-Piece Swimsuit,<p>A statement piece in Crinkled Seersucker. This one-piece combines minimalist luxury design with impeccable craftsmanship. Available in Chalk White with Stone Gray detailing. Not loud. Not obvious. Unmistakably Twessie.</p>,Twessie,One-Piece,"minimalist luxury, minimalist one-piece, high-end swimwear, Crinkled Seersucker bikini, architectural swimsuit",TRUE,Color,Chalk White,Size,XL,TWESSIE_NA_OP_0309-Chalk White-XL,168.0,,10
twessie-na-op-0309,Chalk White Architectural One-Piece Swimsuit,<p>A statement piece in Crinkled Seersucker. This one-piece combines minimalist luxury design with impeccable craftsmanship. Available in Chalk White with Stone Gray detailing. Not loud. Not obvious. Unmistakably Twessie.</p>,Twessie,One-Piece,"minimalist luxury, minimalist one-piece, high-end swimwear, Crinkled Seersucker bikini, architectural swimsuit",TRUE,Color,Chalk White,Size,XXL,TWESSIE_NA_OP_0309-Chalk White-XXL,168.0,,10
twessie-na-op-0309,Chalk White Architectural One-Piece Swimsuit,<p>A statement piece in Crinkled Seersucker. This one-piece combines minimalist luxury design with impeccable craftsmanship. Available in Chalk White with Stone Gray detailing. Not loud. Not obvious. Unmistakably Twessie.</p>,Twessie,One-Piece,"minimalist luxury, minimalist one-piece, high-end swimwear, Crinkled Seersucker bikini, architectural swimsuit",TRUE,Color,Stone Gray,Size,XS,TWESSIE_NA_OP_0309-Stone Gray-XS,168.0,,10
twessie-na-op-0309,Chalk White Architectural One-Piece Swimsuit,<p>A statement piece in Crinkled Seersucker. This one-piece combines minimalist luxury design with impeccable craftsmanship. Available in Chalk White with Stone Gray detailing. Not loud. Not obvious. Unmistakably Twessie.</p>,Twessie,One-Piece,"minimalist luxury, minimalist one-piece, high-end swimwear, Crinkled Seersucker bikini, architectural swimsuit",TRUE,Color,Stone Gray,Size,S,TWESSIE_NA_OP_0309-Stone Gray-S,168.0,,10
twessie-na-op-0309,Chalk White Architectural One-Piece Swimsuit,<p>A statement piece in Crinkled Seersucker. This one-piece combines minimalist luxury design with impeccable craftsmanship. Available in Chalk White with Stone Gray detailing. Not loud. Not obvious. Unmistakably Twessie.</p>,Twessie,One-Piece,"minimalist luxury, minimalist one-piece, high-end swimwear, Crinkled Seersucker bikini, architectural swimsuit",TRUE,Color,Stone Gray,Size,M,TWESSIE_NA_OP_0309-Stone Gray-M,168.0,,10
twessie-na-op-0309,Chalk White Architectural One-Piece Swimsuit,<p>A statement piece in Crinkled Seersucker. This one-piece combines minimalist luxury design with impeccable craftsmanship. Available in Chalk White with Stone Gray detailing. Not loud. Not obvious. Unmistakably Twessie.</p>,Twessie,One-Piece,"minimalist luxury, minimalist one-piece, high-end swimwear, Crinkled Seersucker bikini, architectural swimsuit",TRUE,Color,Stone Gray,Size,L,TWESSIE_NA_OP_0309-Stone Gray-L,168.0,,10
twessie-na-op-0309,Chalk White Architectural One-Piece Swimsuit,<p>A statement piece in Crinkled Seersucker. This one-piece combines minimalist luxury design with impeccable craftsmanship. Available in Chalk White with Stone Gray detailing. Not loud. Not obvious. Unmistakably Twessie.</p>,Twessie,One-Piece,"minimalist luxury, minimalist one-piece, high-end swimwear, Crinkled Seersucker bikini, architectural swimsuit",TRUE,Color,Stone Gray,Size,XL,TWESSIE_NA_OP_0309-Stone Gray-XL,168.0,,10
twessie-na-op-0309,Chalk White Architectural One-Piece Swimsuit,<p>A statement piece in Crinkled Seersucker. This one-piece combines minimalist luxury design with impeccable craftsmanship. Available in Chalk White with Stone Gray detailing. Not loud. Not obvious. Unmistakably Twessie.</p>,Twessie,One-Piece,"minimalist luxury, minimalist one-piece, high-end swimwear, Crinkled Seersucker bikini, architectural swimsuit",TRUE,Color,Stone Gray,Size,XXL,TWESSIE_NA_OP_0309-Stone Gray-XXL,168.0,,10
twessie-jp-bt-0310,Architecture-Cut Burnt Terracotta Bikini Top,<p>Crafted in premium Matte Ribbed Knit with Econyl Sleek Satin accents. This bikini top epitomizes anti-fashion statement luxury. Featuring color-blocking in Burnt Terracotta and Olive Drab. Perfect for the discerning swimmer who refuses the obvious.</p>,Twessie,Bikini Top,"high-end swimwear, architectural swimsuit, independent fashion, minimalist luxury, Matte Ribbed Knit bikini",TRUE,Color,Burnt Terracotta,Size,XS,TWESSIE_JP_BT_0310-Burnt Terracotta-XS,168.0,,10
twessie-jp-bt-0310,Architecture-Cut Burnt Terracotta Bikini Top,<p>Crafted in premium Matte Ribbed Knit with Econyl Sleek Satin accents. This bikini top epitomizes anti-fashion statement luxury. Featuring color-blocking in Burnt Terracotta and Olive Drab. Perfect for the discerning swimmer who refuses the obvious.</p>,Twessie,Bikini Top,"high-end swimwear, architectural swimsuit, independent fashion, minimalist luxury, Matte Ribbed Knit bikini",TRUE,Color,Burnt Terracotta,Size,S,TWESSIE_JP_BT_0310-Burnt Terracotta-S,168.0,,10
twessie-jp-bt-0310,Architecture-Cut Burnt Terracotta Bikini Top,<p>Crafted in premium Matte Ribbed Knit with Econyl Sleek Satin accents. This bikini top epitomizes anti-fashion statement luxury. Featuring color-blocking in Burnt Terracotta and Olive Drab. Perfect for the discerning swimmer who refuses the obvious.</p>,Twessie,Bikini Top,"high-end swimwear, architectural swimsuit, independent fashion, minimalist luxury, Matte Ribbed Knit bikini",TRUE,Color,Burnt Terracotta,Size,M,TWESSIE_JP_BT_0310-Burnt Terracotta-M,168.0,,10
twessie-jp-bt-0310,Architecture-Cut Burnt Terracotta Bikini Top,<p>Crafted in premium Matte Ribbed Knit with Econyl Sleek Satin accents. This bikini top epitomizes anti-fashion statement luxury. Featuring color-blocking in Burnt Terracotta and Olive Drab. Perfect for the discerning swimmer who refuses the obvious.</p>,Twessie,Bikini Top,"high-end swimwear, architectural swimsuit, independent fashion, minimalist luxury, Matte Ribbed Knit bikini",TRUE,Color,Burnt Terracotta,Size,L,TWESSIE_JP_BT_0310-Burnt Terracotta-L,168.0,,10
twessie-jp-bt-0310,Architecture-Cut Burnt Terracotta Bikini Top,<p>Crafted in premium Matte Ribbed Knit with Econyl Sleek Satin accents. This bikini top epitomizes anti-fashion statement luxury. Featuring color-blocking in Burnt Terracotta and Olive Drab. Perfect for the discerning swimmer who refuses the obvious.</p>,Twessie,Bikini Top,"high-end swimwear, architectural swimsuit, independent fashion, minimalist luxury, Matte Ribbed Knit bikini",TRUE,Color,Burnt Terracotta,Size,XL,TWESSIE_JP_BT_0310-Burnt Terracotta-XL,168.0,,10
twessie-jp-bt-0310,Architecture-Cut Burnt Terracotta Bikini Top,<p>Crafted in premium Matte Ribbed Knit with Econyl Sleek Satin accents. This bikini top epitomizes anti-fashion statement luxury. Featuring color-blocking in Burnt Terracotta and Olive Drab. Perfect for the discerning swimmer who refuses the obvious.</p>,Twessie,Bikini Top,"high-end swimwear, architectural swimsuit, independent fashion, minimalist luxury, Matte Ribbed Knit bikini",TRUE,Color,Burnt Terracotta,Size,XXL,TWESSIE_JP_BT_0310-Burnt Terracotta-XXL,168.0,,10
twessie-jp-bt-0310,Architecture-Cut Burnt Terracotta Bikini Top,<p>Crafted in premium Matte Ribbed Knit with Econyl Sleek Satin accents. This bikini top epitomizes anti-fashion statement luxury. Featuring color-blocking in Burnt Terracotta and Olive Drab. Perfect for the discerning swimmer who refuses the obvious.</p>,Twessie,Bikini Top,"high-end swimwear, architectural swimsuit, independent fashion, minimalist luxury, Matte Ribbed Knit bikini",TRUE,Color,Olive Drab,Size,XS,TWESSIE_JP_BT_0310-Olive Drab-XS,168.0,,10
twessie-jp-bt-0310,Architecture-Cut Burnt Terracotta Bikini Top,<p>Crafted in premium Matte Ribbed Knit with Econyl Sleek Satin accents. This bikini top epitomizes anti-fashion statement luxury. Featuring color-blocking in Burnt Terracotta and Olive Drab. Perfect for the discerning swimmer who refuses the obvious.</p>,Twessie,Bikini Top,"high-end swimwear, architectural swimsuit, independent fashion, minimalist luxury, Matte Ribbed Knit bikini",TRUE,Color,Olive Drab,Size,S,TWESSIE_JP_BT_0310-Olive Drab-S,168.0,,10
twessie-jp-bt-0310,Architecture-Cut Burnt Terracotta Bikini Top,<p>Crafted in premium Matte Ribbed Knit with Econyl Sleek Satin accents. This bikini top epitomizes anti-fashion statement luxury. Featuring color-blocking in Burnt Terracotta and Olive Drab. Perfect for the discerning swimmer who refuses the obvious.</p>,Twessie,Bikini Top,"high-end swimwear, architectural swimsuit, independent fashion, minimalist luxury, Matte Ribbed Knit bikini",TRUE,Color,Olive Drab,Size,M,TWESSIE_JP_BT_0310-Olive Drab-M,168.0,,10
twessie-jp-bt-0310,Architecture-Cut Burnt Terracotta Bikini Top,<p>Crafted in premium Matte Ribbed Knit with Econyl Sleek Satin accents. This bikini top epitomizes anti-fashion statement luxury. Featuring color-blocking in Burnt Terracotta and Olive Drab. Perfect for the discerning swimmer who refuses the obvious.</p>,Twessie,Bikini Top,"high-end swimwear, architectural swimsuit, independent fashion, minimalist luxury, Matte Ribbed Knit bikini",TRUE,Color,Olive Drab,Size,L,TWESSIE_JP_BT_0310-Olive Drab-L,168.0,,10
twessie-jp-bt-0310,Architecture-Cut Burnt Terracotta Bikini Top,<p>Crafted in premium Matte Ribbed Knit with Econyl Sleek Satin accents. This bikini top epitomizes anti-fashion statement luxury. Featuring color-blocking in Burnt Terracotta and Olive Drab. Perfect for the discerning swimmer who refuses the obvious.</p>,Twessie,Bikini Top,"high-end swimwear, architectural swimsuit, independent fashion, minimalist luxury, Matte Ribbed Knit bikini",TRUE,Color,Olive Drab,Size,XL,TWESSIE_JP_BT_0310-Olive Drab-XL,168.0,,10
twessie-jp-bt-0310,Architecture-Cut Burnt Terracotta Bikini Top,<p>Crafted in premium Matte Ribbed Knit with Econyl Sleek Satin accents. This bikini top epitomizes anti-fashion statement luxury. Featuring color-blocking in Burnt Terracotta and Olive Drab. Perfect for the discerning swimmer who refuses the obvious.</p>,Twessie,Bikini Top,"high-end swimwear, architectural swimsuit, independent fashion, minimalist luxury, Matte Ribbed Knit bikini",TRUE,Color,Olive Drab,Size,XXL,TWESSIE_JP_BT_0310-Olive Drab-XXL,168.0,,10
twessie-jp-op-0401,Sculptural Stone Gray Monokini,<p>A statement piece in Crinkled Seersucker. This one-piece combines minimalist luxury design with impeccable craftsmanship. Available in Stone Gray with Chalk White detailing. Not loud. Not obvious. Unmistakably Twessie.</p>,Twessie,One-Piece,"minimalist luxury, high-end swimwear, Crinkled Seersucker bikini, luxury Stone Gray swimwear, independent fashion",TRUE,Color,Stone Gray,Size,XS,TWESSIE_JP_OP_0401-Stone Gray-XS,168.0,,10
twessie-jp-op-0401,Sculptural Stone Gray Monokini,<p>A statement piece in Crinkled Seersucker. This one-piece combines minimalist luxury design with impeccable craftsmanship. Available in Stone Gray with Chalk White detailing. Not loud. Not obvious. Unmistakably Twessie.</p>,Twessie,One-Piece,"minimalist luxury, high-end swimwear, Crinkled Seersucker bikini, luxury Stone Gray swimwear, independent fashion",TRUE,Color,Stone Gray,Size,S,TWESSIE_JP_OP_0401-Stone Gray-S,168.0,,10
twessie-jp-op-0401,Sculptural Stone Gray Monokini,<p>A statement piece in Crinkled Seersucker. This one-piece combines minimalist luxury design with impeccable craftsmanship. Available in Stone Gray with Chalk White detailing. Not loud. Not obvious. Unmistakably Twessie.</p>,Twessie,One-Piece,"minimalist luxury, high-end swimwear, Crinkled Seersucker bikini, luxury Stone Gray swimwear, independent fashion",TRUE,Color,Stone Gray,Size,M,TWESSIE_JP_OP_0401-Stone Gray-M,168.0,,10
twessie-jp-op-0401,Sculptural Stone Gray Monokini,<p>A statement piece in Crinkled Seersucker. This one-piece combines minimalist luxury design with impeccable craftsmanship. Available in Stone Gray with Chalk White detailing. Not loud. Not obvious. Unmistakably Twessie.</p>,Twessie,One-Piece,"minimalist luxury, high-end swimwear, Crinkled Seersucker bikini, luxury Stone Gray swimwear, independent fashion",TRUE,Color,Stone Gray,Size,L,TWESSIE_JP_OP_0401-Stone Gray-L,168.0,,10
twessie-jp-op-0401,Sculptural Stone Gray Monokini,<p>A statement piece in Crinkled Seersucker. This one-piece combines minimalist luxury design with impeccable craftsmanship. Available in Stone Gray with Chalk White detailing. Not loud. Not obvious. Unmistakably Twessie.</p>,Twessie,One-Piece,"minimalist luxury, high-end swimwear, Crinkled Seersucker bikini, luxury Stone Gray swimwear, independent fashion",TRUE,Color,Stone Gray,Size,XL,TWESSIE_JP_OP_0401-Stone Gray-XL,168.0,,10
twessie-jp-op-0401,Sculptural Stone Gray Monokini,<p>A statement piece in Crinkled Seersucker. This one-piece combines minimalist luxury design with impeccable craftsmanship. Available in Stone Gray with Chalk White detailing. Not loud. Not obvious. Unmistakably Twessie.</p>,Twessie,One-Piece,"minimalist luxury, high-end swimwear, Crinkled Seersucker bikini, luxury Stone Gray swimwear, independent fashion",TRUE,Color,Stone Gray,Size,XXL,TWESSIE_JP_OP_0401-Stone Gray-XXL,168.0,,10
twessie-jp-op-0401,Sculptural Stone Gray Monokini,<p>A statement piece in Crinkled Seersucker. This one-piece combines minimalist luxury design with impeccable craftsmanship. Available in Stone Gray with Chalk White detailing. Not loud. Not obvious. Unmistakably Twessie.</p>,Twessie,One-Piece,"minimalist luxury, high-end swimwear, Crinkled Seersucker bikini, luxury Stone Gray swimwear, independent fashion",TRUE,Color,Chalk White,Size,XS,TWESSIE_JP_OP_0401-Chalk White-XS,168.0,,10
twessie-jp-op-0401,Sculptural Stone Gray Monokini,<p>A statement piece in Crinkled Seersucker. This one-piece combines minimalist luxury design with impeccable craftsmanship. Available in Stone Gray with Chalk White detailing. Not loud. Not obvious. Unmistakably Twessie.</p>,Twessie,One-Piece,"minimalist luxury, high-end swimwear, Crinkled Seersucker bikini, luxury Stone Gray swimwear, independent fashion",TRUE,Color,Chalk White,Size,S,TWESSIE_JP_OP_0401-Chalk White-S,168.0,,10
twessie-jp-op-0401,Sculptural Stone Gray Monokini,<p>A statement piece in Crinkled Seersucker. This one-piece combines minimalist luxury design with impeccable craftsmanship. Available in Stone Gray with Chalk White detailing. Not loud. Not obvious. Unmistakably Twessie.</p>,Twessie,One-Piece,"minimalist luxury, high-end swimwear, Crinkled Seersucker bikini, luxury Stone Gray swimwear, independent fashion",TRUE,Color,Chalk White,Size,M,TWESSIE_JP_OP_0401-Chalk White-M,168.0,,10
twessie-jp-op-0401,Sculptural Stone Gray Monokini,<p>A statement piece in Crinkled Seersucker. This one-piece combines minimalist luxury design with impeccable craftsmanship. Available in Stone Gray with Chalk White detailing. Not loud. Not obvious. Unmistakably Twessie.</p>,Twessie,One-Piece,"minimalist luxury, high-end swimwear, Crinkled Seersucker bikini, luxury Stone Gray swimwear, independent fashion",TRUE,Color,Chalk White,Size,L,TWESSIE_JP_OP_0401-Chalk White-L,168.0,,10
twessie-jp-op-0401,Sculptural Stone Gray Monokini,<p>A statement piece in Crinkled Seersucker. This one-piece combines minimalist luxury design with impeccable craftsmanship. Available in Stone Gray with Chalk White detailing. Not loud. Not obvious. Unmistakably Twessie.</p>,Twessie,One-Piece,"minimalist luxury, high-end swimwear, Crinkled Seersucker bikini, luxury Stone Gray swimwear, independent fashion",TRUE,Color,Chalk White,Size,XL,TWESSIE_JP_OP_0401-Chalk White-XL,168.0,,10
twessie-jp-op-0401,Sculptural Stone Gray Monokini,<p>A statement piece in Crinkled Seersucker. This one-piece combines minimalist luxury design with impeccable craftsmanship. Available in Stone Gray with Chalk White detailing. Not loud. Not obvious. Unmistakably Twessie.</p>,Twessie,One-Piece,"minimalist luxury, high-end swimwear, Crinkled Seersucker bikini, luxury Stone Gray swimwear, independent fashion",TRUE,Color,Chalk White,Size,XXL,TWESSIE_JP_OP_0401-Chalk White-XXL,168.0,,10
twessie-sg-op-0402,Minimalist Econyl Sleek Satin One-Piece,<p>Crafted in premium Econyl Sleek Satin with Matte Ribbed Knit accents. This one-piece epitomizes architectural elegance luxury. Featuring color-blocking in Obsidian Black and Olive Drab. Perfect for the discerning swimmer who refuses the obvious.</p>,Twessie,One-Piece,"architectural swimsuit, high-end swimwear, Econyl Sleek Satin bikini, minimalist luxury, minimalist one-piece",TRUE,Color,Obsidian Black,Size,XS,TWESSIE_SG_OP_0402-Obsidian Black-XS,168.0,,10
twessie-sg-op-0402,Minimalist Econyl Sleek Satin One-Piece,<p>Crafted in premium Econyl Sleek Satin with Matte Ribbed Knit accents. This one-piece epitomizes architectural elegance luxury. Featuring color-blocking in Obsidian Black and Olive Drab. Perfect for the discerning swimmer who refuses the obvious.</p>,Twessie,One-Piece,"architectural swimsuit, high-end swimwear, Econyl Sleek Satin bikini, minimalist luxury, minimalist one-piece",TRUE,Color,Obsidian Black,Size,S,TWESSIE_SG_OP_0402-Obsidian Black-S,168.0,,10
twessie-sg-op-0402,Minimalist Econyl Sleek Satin One-Piece,<p>Crafted in premium Econyl Sleek Satin with Matte Ribbed Knit accents. This one-piece epitomizes architectural elegance luxury. Featuring color-blocking in Obsidian Black and Olive Drab. Perfect for the discerning swimmer who refuses the obvious.</p>,Twessie,One-Piece,"architectural swimsuit, high-end swimwear, Econyl Sleek Satin bikini, minimalist luxury, minimalist one-piece",TRUE,Color,Obsidian Black,Size,M,TWESSIE_SG_OP_0402-Obsidian Black-M,168.0,,10
twessie-sg-op-0402,Minimalist Econyl Sleek Satin One-Piece,<p>Crafted in premium Econyl Sleek Satin with Matte Ribbed Knit accents. This one-piece epitomizes architectural elegance luxury. Featuring color-blocking in Obsidian Black and Olive Drab. Perfect for the discerning swimmer who refuses the obvious.</p>,Twessie,One-Piece,"architectural swimsuit, high-end swimwear, Econyl Sleek Satin bikini, minimalist luxury, minimalist one-piece",TRUE,Color,Obsidian Black,Size,L,TWESSIE_SG_OP_0402-Obsidian Black-L,168.0,,10
twessie-sg-op-0402,Minimalist Econyl Sleek Satin One-Piece,<p>Crafted in premium Econyl Sleek Satin with Matte Ribbed Knit accents. This one-piece epitomizes architectural elegance luxury. Featuring color-blocking in Obsidian Black and Olive Drab. Perfect for the discerning swimmer who refuses the obvious.</p>,Twessie,One-Piece,"architectural swimsuit, high-end swimwear, Econyl Sleek Satin bikini, minimalist luxury, minimalist one-piece",TRUE,Color,Obsidian Black,Size,XL,TWESSIE_SG_OP_0402-Obsidian Black-XL,168.0,,10
twessie-sg-op-0402,Minimalist Econyl Sleek Satin One-Piece,<p>Crafted in premium Econyl Sleek Satin with Matte Ribbed Knit accents. This one-piece epitomizes architectural elegance luxury. Featuring color-blocking in Obsidian Black and Olive Drab. Perfect for the discerning swimmer who refuses the obvious.</p>,Twessie,One-Piece,"architectural swimsuit, high-end swimwear, Econyl Sleek Satin bikini, minimalist luxury, minimalist one-piece",TRUE,Color,Obsidian Black,Size,XXL,TWESSIE_SG_OP_0402-Obsidian Black-XXL,168.0,,10
twessie-sg-op-0402,Minimalist Econyl Sleek Satin One-Piece,<p>Crafted in premium Econyl Sleek Satin with Matte Ribbed Knit accents. This one-piece epitomizes architectural elegance luxury. Featuring color-blocking in Obsidian Black and Olive Drab. Perfect for the discerning swimmer who refuses the obvious.</p>,Twessie,One-Piece,"architectural swimsuit, high-end swimwear, Econyl Sleek Satin bikini, minimalist luxury, minimalist one-piece",TRUE,Color,Olive Drab,Size,XS,TWESSIE_SG_OP_0402-Olive Drab-XS,168.0,,10
twessie-sg-op-0402,Minimalist Econyl Sleek Satin One-Piece,<p>Crafted in premium Econyl Sleek Satin with Matte Ribbed Knit accents. This one-piece epitomizes architectural elegance luxury. Featuring color-blocking in Obsidian Black and Olive Drab. Perfect for the discerning swimmer who refuses the obvious.</p>,Twessie,One-Piece,"architectural swimsuit, high-end swimwear, Econyl Sleek Satin bikini, minimalist luxury, minimalist one-piece",TRUE,Color,Olive Drab,Size,S,TWESSIE_SG_OP_0402-Olive Drab-S,168.0,,10
twessie-sg-op-0402,Minimalist Econyl Sleek Satin One-Piece,<p>Crafted in premium Econyl Sleek Satin with Matte Ribbed Knit accents. This one-piece epitomizes architectural elegance luxury. Featuring color-blocking in Obsidian Black and Olive Drab. Perfect for the discerning swimmer who refuses the obvious.</p>,Twessie,One-Piece,"architectural swimsuit, high-end swimwear, Econyl Sleek Satin bikini, minimalist luxury, minimalist one-piece",TRUE,Color,Olive Drab,Size,M,TWESSIE_SG_OP_0402-Olive Drab-M,168.0,,10
twessie-sg-op-0402,Minimalist Econyl Sleek Satin One-Piece,<p>Crafted in premium Econyl Sleek Satin with Matte Ribbed Knit accents. This one-piece epitomizes architectural elegance luxury. Featuring color-blocking in Obsidian Black and Olive Drab. Perfect for the discerning swimmer who refuses the obvious.</p>,Twessie,One-Piece,"architectural swimsuit, high-end swimwear, Econyl Sleek Satin bikini, minimalist luxury, minimalist one-piece",TRUE,Color,Olive Drab,Size,L,TWESSIE_SG_OP_0402-Olive Drab-L,168.0,,10
twessie-sg-op-0402,Minimalist Econyl Sleek Satin One-Piece,<p>Crafted in premium Econyl Sleek Satin with Matte Ribbed Knit accents. This one-piece epitomizes architectural elegance luxury. Featuring color-blocking in Obsidian Black and Olive Drab. Perfect for the discerning swimmer who refuses the obvious.</p>,Twessie,One-Piece,"architectural swimsuit, high-end swimwear, Econyl Sleek Satin bikini, minimalist luxury, minimalist one-piece",TRUE,Color,Olive Drab,Size,XL,TWESSIE_SG_OP_0402-Olive Drab-XL,168.0,,10
twessie-sg-op-0402,Minimalist Econyl Sleek Satin One-Piece,<p>Crafted in premium Econyl Sleek Satin with Matte Ribbed Knit accents. This one-piece epitomizes architectural elegance luxury. Featuring color-blocking in Obsidian Black and Olive Drab. Perfect for the discerning swimmer who refuses the obvious.</p>,Twessie,One-Piece,"architectural swimsuit, high-end swimwear, Econyl Sleek Satin bikini, minimalist luxury, minimalist one-piece",TRUE,Color,Olive Drab,Size,XXL,TWESSIE_SG_OP_0402-Olive Drab-XXL,168.0,,10
twessie-eu-bb-0403,Raw-Edge Obsidian Black Bikini Bottom,"<p>Econyl Sleek Satin construction meets architectural precision in this bikini bottom. Designed for the intelligent, independent woman. The Obsidian Black colorway with Chalk White accents creates a sophisticated palette. Pure rebellious yet refined elegance.</p>",Twessie,Bikini Bottom,"architectural swimsuit, high-end swimwear, minimalist bikini bottom, independent fashion, luxury Obsidian Black swimwear",TRUE,Color,Obsidian Black,Size,XS,TWESSIE_EU_BB_0403-Obsidian Black-XS,168.0,,10
twessie-eu-bb-0403,Raw-Edge Obsidian Black Bikini Bottom,"<p>Econyl Sleek Satin construction meets architectural precision in this bikini bottom. Designed for the intelligent, independent woman. The Obsidian Black colorway with Chalk White accents creates a sophisticated palette. Pure rebellious yet refined elegance.</p>",Twessie,Bikini Bottom,"architectural swimsuit, high-end swimwear, minimalist bikini bottom, independent fashion, luxury Obsidian Black swimwear",TRUE,Color,Obsidian Black,Size,S,TWESSIE_EU_BB_0403-Obsidian Black-S,168.0,,10
twessie-eu-bb-0403,Raw-Edge Obsidian Black Bikini Bottom,"<p>Econyl Sleek Satin construction meets architectural precision in this bikini bottom. Designed for the intelligent, independent woman. The Obsidian Black colorway with Chalk White accents creates a sophisticated palette. Pure rebellious yet refined elegance.</p>",Twessie,Bikini Bottom,"architectural swimsuit, high-end swimwear, minimalist bikini bottom, independent fashion, luxury Obsidian Black swimwear",TRUE,Color,Obsidian Black,Size,M,TWESSIE_EU_BB_0403-Obsidian Black-M,168.0,,10
twessie-eu-bb-0403,Raw-Edge Obsidian Black Bikini Bottom,"<p>Econyl Sleek Satin construction meets architectural precision in this bikini bottom. Designed for the intelligent, independent woman. The Obsidian Black colorway with Chalk White accents creates a sophisticated palette. Pure rebellious yet refined elegance.</p>",Twessie,Bikini Bottom,"architectural swimsuit, high-end swimwear, minimalist bikini bottom, independent fashion, luxury Obsidian Black swimwear",TRUE,Color,Obsidian Black,Size,L,TWESSIE_EU_BB_0403-Obsidian Black-L,168.0,,10
twessie-eu-bb-0403,Raw-Edge Obsidian Black Bikini Bottom,"<p>Econyl Sleek Satin construction meets architectural precision in this bikini bottom. Designed for the intelligent, independent woman. The Obsidian Black colorway with Chalk White accents creates a sophisticated palette. Pure rebellious yet refined elegance.</p>",Twessie,Bikini Bottom,"architectural swimsuit, high-end swimwear, minimalist bikini bottom, independent fashion, luxury Obsidian Black swimwear",TRUE,Color,Obsidian Black,Size,XL,TWESSIE_EU_BB_0403-Obsidian Black-XL,168.0,,10
twessie-eu-bb-0403,Raw-Edge Obsidian Black Bikini Bottom,"<p>Econyl Sleek Satin construction meets architectural precision in this bikini bottom. Designed for the intelligent, independent woman. The Obsidian Black colorway with Chalk White accents creates a sophisticated palette. Pure rebellious yet refined elegance.</p>",Twessie,Bikini Bottom,"architectural swimsuit, high-end swimwear, minimalist bikini bottom, independent fashion, luxury Obsidian Black swimwear",TRUE,Color,Obsidian Black,Size,XXL,TWESSIE_EU_BB_0403-Obsidian Black-XXL,168.0,,10
twessie-eu-bb-0403,Raw-Edge Obsidian Black Bikini Bottom,"<p>Econyl Sleek Satin construction meets architectural precision in this bikini bottom. Designed for the intelligent, independent woman. The Obsidian Black colorway with Chalk White accents creates a sophisticated palette. Pure rebellious yet refined elegance.</p>",Twessie,Bikini Bottom,"architectural swimsuit, high-end swimwear, minimalist bikini bottom, independent fashion, luxury Obsidian Black swimwear",TRUE,Color,Chalk White,Size,XS,TWESSIE_EU_BB_0403-Chalk White-XS,168.0,,10
twessie-eu-bb-0403,Raw-Edge Obsidian Black Bikini Bottom,"<p>Econyl Sleek Satin construction meets architectural precision in this bikini bottom. Designed for the intelligent, independent woman. The Obsidian Black colorway with Chalk White accents creates a sophisticated palette. Pure rebellious yet refined elegance.</p>",Twessie,Bikini Bottom,"architectural swimsuit, high-end swimwear, minimalist bikini bottom, independent fashion, luxury Obsidian Black swimwear",TRUE,Color,Chalk White,Size,S,TWESSIE_EU_BB_0403-Chalk White-S,168.0,,10
twessie-eu-bb-0403,Raw-Edge Obsidian Black Bikini Bottom,"<p>Econyl Sleek Satin construction meets architectural precision in this bikini bottom. Designed for the intelligent, independent woman. The Obsidian Black colorway with Chalk White accents creates a sophisticated palette. Pure rebellious yet refined elegance.</p>",Twessie,Bikini Bottom,"architectural swimsuit, high-end swimwear, minimalist bikini bottom, independent fashion, luxury Obsidian Black swimwear",TRUE,Color,Chalk White,Size,M,TWESSIE_EU_BB_0403-Chalk White-M,168.0,,10
twessie-eu-bb-0403,Raw-Edge Obsidian Black Bikini Bottom,"<p>Econyl Sleek Satin construction meets architectural precision in this bikini bottom. Designed for the intelligent, independent woman. The Obsidian Black colorway with Chalk White accents creates a sophisticated palette. Pure rebellious yet refined elegance.</p>",Twessie,Bikini Bottom,"architectural swimsuit, high-end swimwear, minimalist bikini bottom, independent fashion, luxury Obsidian Black swimwear",TRUE,Color,Chalk White,Size,L,TWESSIE_EU_BB_0403-Chalk White-L,168.0,,10
twessie-eu-bb-0403,Raw-Edge Obsidian Black Bikini Bottom,"<p>Econyl Sleek Satin construction meets architectural precision in this bikini bottom. Designed for the intelligent, independent woman. The Obsidian Black colorway with Chalk White accents creates a sophisticated palette. Pure rebellious yet refined elegance.</p>",Twessie,Bikini Bottom,"architectural swimsuit, high-end swimwear, minimalist bikini bottom, independent fashion, luxury Obsidian Black swimwear",TRUE,Color,Chalk White,Size,XL,TWESSIE_EU_BB_0403-Chalk White-XL,168.0,,10
twessie-eu-bb-0403,Raw-Edge Obsidian Black Bikini Bottom,"<p>Econyl Sleek Satin construction meets architectural precision in this bikini bottom. Designed for the intelligent, independent woman. The Obsidian Black colorway with Chalk White accents creates a sophisticated palette. Pure rebellious yet refined elegance.</p>",Twessie,Bikini Bottom,"architectural swimsuit, high-end swimwear, minimalist bikini bottom, independent fashion, luxury Obsidian Black swimwear",TRUE,Color,Chalk White,Size,XXL,TWESSIE_EU_BB_0403-Chalk White-XXL,168.0,,10
twessie-au-op-0404,Olive Drab Architectural One-Piece Swimsuit,<p>Crafted in premium Matte Ribbed Knit with Econyl Sleek Satin accents. This one-piece epitomizes minimalist luxury luxury. Featuring color-blocking in Olive Drab and Burnt Terracotta. Perfect for the discerning swimmer who refuses the obvious.</p>,Twessie,One-Piece,"independent fashion, architectural swimsuit, Matte Ribbed Knit bikini, high-end swimwear, minimalist one-piece",TRUE,Color,Olive Drab,Size,XS,TWESSIE_AU_OP_0404-Olive Drab-XS,168.0,,10
twessie-au-op-0404,Olive Drab Architectural One-Piece Swimsuit,<p>Crafted in premium Matte Ribbed Knit with Econyl Sleek Satin accents. This one-piece epitomizes minimalist luxury luxury. Featuring color-blocking in Olive Drab and Burnt Terracotta. Perfect for the discerning swimmer who refuses the obvious.</p>,Twessie,One-Piece,"independent fashion, architectural swimsuit, Matte Ribbed Knit bikini, high-end swimwear, minimalist one-piece",TRUE,Color,Olive Drab,Size,S,TWESSIE_AU_OP_0404-Olive Drab-S,168.0,,10
twessie-au-op-0404,Olive Drab Architectural One-Piece Swimsuit,<p>Crafted in premium Matte Ribbed Knit with Econyl Sleek Satin accents. This one-piece epitomizes minimalist luxury luxury. Featuring color-blocking in Olive Drab and Burnt Terracotta. Perfect for the discerning swimmer who refuses the obvious.</p>,Twessie,One-Piece,"independent fashion, architectural swimsuit, Matte Ribbed Knit bikini, high-end swimwear, minimalist one-piece",TRUE,Color,Olive Drab,Size,M,TWESSIE_AU_OP_0404-Olive Drab-M,168.0,,10
twessie-au-op-0404,Olive Drab Architectural One-Piece Swimsuit,<p>Crafted in premium Matte Ribbed Knit with Econyl Sleek Satin accents. This one-piece epitomizes minimalist luxury luxury. Featuring color-blocking in Olive Drab and Burnt Terracotta. Perfect for the discerning swimmer who refuses the obvious.</p>,Twessie,One-Piece,"independent fashion, architectural swimsuit, Matte Ribbed Knit bikini, high-end swimwear, minimalist one-piece",TRUE,Color,Olive Drab,Size,L,TWESSIE_AU_OP_0404-Olive Drab-L,168.0,,10
twessie-au-op-0404,Olive Drab Architectural One-Piece Swimsuit,<p>Crafted in premium Matte Ribbed Knit with Econyl Sleek Satin accents. This one-piece epitomizes minimalist luxury luxury. Featuring color-blocking in Olive Drab and Burnt Terracotta. Perfect for the discerning swimmer who refuses the obvious.</p>,Twessie,One-Piece,"independent fashion, architectural swimsuit, Matte Ribbed Knit bikini, high-end swimwear, minimalist one-piece",TRUE,Color,Olive Drab,Size,XL,TWESSIE_AU_OP_0404-Olive Drab-XL,168.0,,10
twessie-au-op-0404,Olive Drab Architectural One-Piece Swimsuit,<p>Crafted in premium Matte Ribbed Knit with Econyl Sleek Satin accents. This one-piece epitomizes minimalist luxury luxury. Featuring color-blocking in Olive Drab and Burnt Terracotta. Perfect for the discerning swimmer who refuses the obvious.</p>,Twessie,One-Piece,"independent fashion, architectural swimsuit, Matte Ribbed Knit bikini, high-end swimwear, minimalist one-piece",TRUE,Color,Olive Drab,Size,XXL,TWESSIE_AU_OP_0404-Olive Drab-XXL,168.0,,10
twessie-au-op-0404,Olive Drab Architectural One-Piece Swimsuit,<p>Crafted in premium Matte Ribbed Knit with Econyl Sleek Satin accents. This one-piece epitomizes minimalist luxury luxury. Featuring color-blocking in Olive Drab and Burnt Terracotta. Perfect for the discerning swimmer who refuses the obvious.</p>,Twessie,One-Piece,"independent fashion, architectural swimsuit, Matte Ribbed Knit bikini, high-end swimwear, minimalist one-piece",TRUE,Color,Burnt Terracotta,Size,XS,TWESSIE_AU_OP_0404-Burnt Terracotta-XS,168.0,,10
twessie-au-op-0404,Olive Drab Architectural One-Piece Swimsuit,<p>Crafted in premium Matte Ribbed Knit with Econyl Sleek Satin accents. This one-piece epitomizes minimalist luxury luxury. Featuring color-blocking in Olive Drab and Burnt Terracotta. Perfect for the discerning swimmer who refuses the obvious.</p>,Twessie,One-Piece,"independent fashion, architectural swimsuit, Matte Ribbed Knit bikini, high-end swimwear, minimalist one-piece",TRUE,Color,Burnt Terracotta,Size,S,TWESSIE_AU_OP_0404-Burnt Terracotta-S,168.0,,10
twessie-au-op-0404,Olive Drab Architectural One-Piece Swimsuit,<p>Crafted in premium Matte Ribbed Knit with Econyl Sleek Satin accents. This one-piece epitomizes minimalist luxury luxury. Featuring color-blocking in Olive Drab and Burnt Terracotta. Perfect for the discerning swimmer who refuses the obvious.</p>,Twessie,One-Piece,"independent fashion, architectural swimsuit, Matte Ribbed Knit bikini, high-end swimwear, minimalist one-piece",TRUE,Color,Burnt Terracotta,Size,M,TWESSIE_AU_OP_0404-Burnt Terracotta-M,168.0,,10
twessie-au-op-0404,Olive Drab Architectural One-Piece Swimsuit,<p>Crafted in premium Matte Ribbed Knit with Econyl Sleek Satin accents. This one-piece epitomizes minimalist luxury luxury. Featuring color-blocking in Olive Drab and Burnt Terracotta. Perfect for the discerning swimmer who refuses the obvious.</p>,Twessie,One-Piece,"independent fashion, architectural swimsuit, Matte Ribbed Knit bikini, high-end swimwear, minimalist one-piece",TRUE,Color,Burnt Terracotta,Size,L,TWESSIE_AU_OP_0404-Burnt Terracotta-L,168.0,,10
twessie-au-op-0404,Olive Drab Architectural One-Piece Swimsuit,<p>Crafted in premium Matte Ribbed Knit with Econyl Sleek Satin accents. This one-piece epitomizes minimalist luxury luxury. Featuring color-blocking in Olive Drab and Burnt Terracotta. Perfect for the discerning swimmer who refuses the obvious.</p>,Twessie,One-Piece,"independent fashion, architectural swimsuit, Matte Ribbed Knit bikini, high-end swimwear, minimalist one-piece",TRUE,Color,Burnt Terracotta,Size,XL,TWESSIE_AU_OP_0404-Burnt Terracotta-XL,168.0,,10
twessie-au-op-0404,Olive Drab Architectural One-Piece Swimsuit,<p>Crafted in premium Matte Ribbed Knit with Econyl Sleek Satin accents. This one-piece epitomizes minimalist luxury luxury. Featuring color-blocking in Olive Drab and Burnt Terracotta. Perfect for the discerning swimmer who refuses the obvious.</p>,Twessie,One-Piece,"independent fashion, architectural swimsuit, Matte Ribbed Knit bikini, high-end swimwear, minimalist one-piece",TRUE,Color,Burnt Terracotta,Size,XXL,TWESSIE_AU_OP_0404-Burnt Terracotta-XXL,168.0,,10
twessie-sg-bt-0405,Econyl Sleek Satin High-Waist Bikini Top in Obsidian Black,<p>A statement piece in Econyl Sleek Satin. This bikini top combines intelligent aesthetic design with impeccable craftsmanship. Available in Obsidian Black with Burnt Terracotta detailing. Not loud. Not obvious. Unmistakably Twessie.</p>,Twessie,Bikini Top,"minimalist bikini top, luxury Obsidian Black swimwear, independent fashion, Econyl Sleek Satin bikini, architectural swimsuit",TRUE,Color,Obsidian Black,Size,XS,TWESSIE_SG_BT_0405-Obsidian Black-XS,168.0,,10
twessie-sg-bt-0405,Econyl Sleek Satin High-Waist Bikini Top in Obsidian Black,<p>A statement piece in Econyl Sleek Satin. This bikini top combines intelligent aesthetic design with impeccable craftsmanship. Available in Obsidian Black with Burnt Terracotta detailing. Not loud. Not obvious. Unmistakably Twessie.</p>,Twessie,Bikini Top,"minimalist bikini top, luxury Obsidian Black swimwear, independent fashion, Econyl Sleek Satin bikini, architectural swimsuit",TRUE,Color,Obsidian Black,Size,S,TWESSIE_SG_BT_0405-Obsidian Black-S,168.0,,10
twessie-sg-bt-0405,Econyl Sleek Satin High-Waist Bikini Top in Obsidian Black,<p>A statement piece in Econyl Sleek Satin. This bikini top combines intelligent aesthetic design with impeccable craftsmanship. Available in Obsidian Black with Burnt Terracotta detailing. Not loud. Not obvious. Unmistakably Twessie.</p>,Twessie,Bikini Top,"minimalist bikini top, luxury Obsidian Black swimwear, independent fashion, Econyl Sleek Satin bikini, architectural swimsuit",TRUE,Color,Obsidian Black,Size,M,TWESSIE_SG_BT_0405-Obsidian Black-M,168.0,,10
twessie-sg-bt-0405,Econyl Sleek Satin High-Waist Bikini Top in Obsidian Black,<p>A statement piece in Econyl Sleek Satin. This bikini top combines intelligent aesthetic design with impeccable craftsmanship. Available in Obsidian Black with Burnt Terracotta detailing. Not loud. Not obvious. Unmistakably Twessie.</p>,Twessie,Bikini Top,"minimalist bikini top, luxury Obsidian Black swimwear, independent fashion, Econyl Sleek Satin bikini, architectural swimsuit",TRUE,Color,Obsidian Black,Size,L,TWESSIE_SG_BT_0405-Obsidian Black-L,168.0,,10
twessie-sg-bt-0405,Econyl Sleek Satin High-Waist Bikini Top in Obsidian Black,<p>A statement piece in Econyl Sleek Satin. This bikini top combines intelligent aesthetic design with impeccable craftsmanship. Available in Obsidian Black with Burnt Terracotta detailing. Not loud. Not obvious. Unmistakably Twessie.</p>,Twessie,Bikini Top,"minimalist bikini top, luxury Obsidian Black swimwear, independent fashion, Econyl Sleek Satin bikini, architectural swimsuit",TRUE,Color,Obsidian Black,Size,XL,TWESSIE_SG_BT_0405-Obsidian Black-XL,168.0,,10
twessie-sg-bt-0405,Econyl Sleek Satin High-Waist Bikini Top in Obsidian Black,<p>A statement piece in Econyl Sleek Satin. This bikini top combines intelligent aesthetic design with impeccable craftsmanship. Available in Obsidian Black with Burnt Terracotta detailing. Not loud. Not obvious. Unmistakably Twessie.</p>,Twessie,Bikini Top,"minimalist bikini top, luxury Obsidian Black swimwear, independent fashion, Econyl Sleek Satin bikini, architectural swimsuit",TRUE,Color,Obsidian Black,Size,XXL,TWESSIE_SG_BT_0405-Obsidian Black-XXL,168.0,,10
twessie-sg-bt-0405,Econyl Sleek Satin High-Waist Bikini Top in Obsidian Black,<p>A statement piece in Econyl Sleek Satin. This bikini top combines intelligent aesthetic design with impeccable craftsmanship. Available in Obsidian Black with Burnt Terracotta detailing. Not loud. Not obvious. Unmistakably Twessie.</p>,Twessie,Bikini Top,"minimalist bikini top, luxury Obsidian Black swimwear, independent fashion, Econyl Sleek Satin bikini, architectural swimsuit",TRUE,Color,Burnt Terracotta,Size,XS,TWESSIE_SG_BT_0405-Burnt Terracotta-XS,168.0,,10
twessie-sg-bt-0405,Econyl Sleek Satin High-Waist Bikini Top in Obsidian Black,<p>A statement piece in Econyl Sleek Satin. This bikini top combines intelligent aesthetic design with impeccable craftsmanship. Available in Obsidian Black with Burnt Terracotta detailing. Not loud. Not obvious. Unmistakably Twessie.</p>,Twessie,Bikini Top,"minimalist bikini top, luxury Obsidian Black swimwear, independent fashion, Econyl Sleek Satin bikini, architectural swimsuit",TRUE,Color,Burnt Terracotta,Size,S,TWESSIE_SG_BT_0405-Burnt Terracotta-S,168.0,,10
twessie-sg-bt-0405,Econyl Sleek Satin High-Waist Bikini Top in Obsidian Black,<p>A statement piece in Econyl Sleek Satin. This bikini top combines intelligent aesthetic design with impeccable craftsmanship. Available in Obsidian Black with Burnt Terracotta detailing. Not loud. Not obvious. Unmistakably Twessie.</p>,Twessie,Bikini Top,"minimalist bikini top, luxury Obsidian Black swimwear, independent fashion, Econyl Sleek Satin bikini, architectural swimsuit",TRUE,Color,Burnt Terracotta,Size,M,TWESSIE_SG_BT_0405-Burnt Terracotta-M,168.0,,10
twessie-sg-bt-0405,Econyl Sleek Satin High-Waist Bikini Top in Obsidian Black,<p>A statement piece in Econyl Sleek Satin. This bikini top combines intelligent aesthetic design with impeccable craftsmanship. Available in Obsidian Black with Burnt Terracotta detailing. Not loud. Not obvious. Unmistakably Twessie.</p>,Twessie,Bikini Top,"minimalist bikini top, luxury Obsidian Black swimwear, independent fashion, Econyl Sleek Satin bikini, architectural swimsuit",TRUE,Color,Burnt Terracotta,Size,L,TWESSIE_SG_BT_0405-Burnt Terracotta-L,168.0,,10
twessie-sg-bt-0405,Econyl Sleek Satin High-Waist Bikini Top in Obsidian Black,<p>A statement piece in Econyl Sleek Satin. This bikini top combines intelligent aesthetic design with impeccable craftsmanship. Available in Obsidian Black with Burnt Terracotta detailing. Not loud. Not obvious. Unmistakably Twessie.</p>,Twessie,Bikini Top,"minimalist bikini top, luxury Obsidian Black swimwear, independent fashion, Econyl Sleek Satin bikini, architectural swimsuit",TRUE,Color,Burnt Terracotta,Size,XL,TWESSIE_SG_BT_0405-Burnt Terracotta-XL,168.0,,10
twessie-sg-bt-0405,Econyl Sleek Satin High-Waist Bikini Top in Obsidian Black,<p>A statement piece in Econyl Sleek Satin. This bikini top combines intelligent aesthetic design with impeccable craftsmanship. Available in Obsidian Black with Burnt Terracotta detailing. Not loud. Not obvious. Unmistakably Twessie.</p>,Twessie,Bikini Top,"minimalist bikini top, luxury Obsidian Black swimwear, independent fashion, Econyl Sleek Satin bikini, architectural swimsuit",TRUE,Color,Burnt Terracotta,Size,XXL,TWESSIE_SG_BT_0405-Burnt Terracotta-XXL,168.0,,10
twessie-na-bt-0406,Matte Ribbed Knit High-Waist Bikini Top in Burnt Terracotta,"<p>Matte Ribbed Knit construction meets architectural precision in this bikini top. Designed for the intelligent, independent woman. The Burnt Terracotta colorway with Olive Drab accents creates a sophisticated palette. Pure architectural elegance elegance.</p>",Twessie,Bikini Top,"Matte Ribbed Knit bikini, independent fashion, minimalist bikini top, high-end swimwear, luxury Burnt Terracotta swimwear",TRUE,Color,Burnt Terracotta,Size,XS,TWESSIE_NA_BT_0406-Burnt Terracotta-XS,168.0,,10
twessie-na-bt-0406,Matte Ribbed Knit High-Waist Bikini Top in Burnt Terracotta,"<p>Matte Ribbed Knit construction meets architectural precision in this bikini top. Designed for the intelligent, independent woman. The Burnt Terracotta colorway with Olive Drab accents creates a sophisticated palette. Pure architectural elegance elegance.</p>",Twessie,Bikini Top,"Matte Ribbed Knit bikini, independent fashion, minimalist bikini top, high-end swimwear, luxury Burnt Terracotta swimwear",TRUE,Color,Burnt Terracotta,Size,S,TWESSIE_NA_BT_0406-Burnt Terracotta-S,168.0,,10
twessie-na-bt-0406,Matte Ribbed Knit High-Waist Bikini Top in Burnt Terracotta,"<p>Matte Ribbed Knit construction meets architectural precision in this bikini top. Designed for the intelligent, independent woman. The Burnt Terracotta colorway with Olive Drab accents creates a sophisticated palette. Pure architectural elegance elegance.</p>",Twessie,Bikini Top,"Matte Ribbed Knit bikini, independent fashion, minimalist bikini top, high-end swimwear, luxury Burnt Terracotta swimwear",TRUE,Color,Burnt Terracotta,Size,M,TWESSIE_NA_BT_0406-Burnt Terracotta-M,168.0,,10
twessie-na-bt-0406,Matte Ribbed Knit High-Waist Bikini Top in Burnt Terracotta,"<p>Matte Ribbed Knit construction meets architectural precision in this bikini top. Designed for the intelligent, independent woman. The Burnt Terracotta colorway with Olive Drab accents creates a sophisticated palette. Pure architectural elegance elegance.</p>",Twessie,Bikini Top,"Matte Ribbed Knit bikini, independent fashion, minimalist bikini top, high-end swimwear, luxury Burnt Terracotta swimwear",TRUE,Color,Burnt Terracotta,Size,L,TWESSIE_NA_BT_0406-Burnt Terracotta-L,168.0,,10
twessie-na-bt-0406,Matte Ribbed Knit High-Waist Bikini Top in Burnt Terracotta,"<p>Matte Ribbed Knit construction meets architectural precision in this bikini top. Designed for the intelligent, independent woman. The Burnt Terracotta colorway with Olive Drab accents creates a sophisticated palette. Pure architectural elegance elegance.</p>",Twessie,Bikini Top,"Matte Ribbed Knit bikini, independent fashion, minimalist bikini top, high-end swimwear, luxury Burnt Terracotta swimwear",TRUE,Color,Burnt Terracotta,Size,XL,TWESSIE_NA_BT_0406-Burnt Terracotta-XL,168.0,,10
twessie-na-bt-0406,Matte Ribbed Knit High-Waist Bikini Top in Burnt Terracotta,"<p>Matte Ribbed Knit construction meets architectural precision in this bikini top. Designed for the intelligent, independent woman. The Burnt Terracotta colorway with Olive Drab accents creates a sophisticated palette. Pure architectural elegance elegance.</p>",Twessie,Bikini Top,"Matte Ribbed Knit bikini, independent fashion, minimalist bikini top, high-end swimwear, luxury Burnt Terracotta swimwear",TRUE,Color,Burnt Terracotta,Size,XXL,TWESSIE_NA_BT_0406-Burnt Terracotta-XXL,168.0,,10
twessie-na-bt-0406,Matte Ribbed Knit High-Waist Bikini Top in Burnt Terracotta,"<p>Matte Ribbed Knit construction meets architectural precision in this bikini top. Designed for the intelligent, independent woman. The Burnt Terracotta colorway with Olive Drab accents creates a sophisticated palette. Pure architectural elegance elegance.</p>",Twessie,Bikini Top,"Matte Ribbed Knit bikini, independent fashion, minimalist bikini top, high-end swimwear, luxury Burnt Terracotta swimwear",TRUE,Color,Olive Drab,Size,XS,TWESSIE_NA_BT_0406-Olive Drab-XS,168.0,,10
twessie-na-bt-0406,Matte Ribbed Knit High-Waist Bikini Top in Burnt Terracotta,"<p>Matte Ribbed Knit construction meets architectural precision in this bikini top. Designed for the intelligent, independent woman. The Burnt Terracotta colorway with Olive Drab accents creates a sophisticated palette. Pure architectural elegance elegance.</p>",Twessie,Bikini Top,"Matte Ribbed Knit bikini, independent fashion, minimalist bikini top, high-end swimwear, luxury Burnt Terracotta swimwear",TRUE,Color,Olive Drab,Size,S,TWESSIE_NA_BT_0406-Olive Drab-S,168.0,,10
twessie-na-bt-0406,Matte Ribbed Knit High-Waist Bikini Top in Burnt Terracotta,"<p>Matte Ribbed Knit construction meets architectural precision in this bikini top. Designed for the intelligent, independent woman. The Burnt Terracotta colorway with Olive Drab accents creates a sophisticated palette. Pure architectural elegance elegance.</p>",Twessie,Bikini Top,"Matte Ribbed Knit bikini, independent fashion, minimalist bikini top, high-end swimwear, luxury Burnt Terracotta swimwear",TRUE,Color,Olive Drab,Size,M,TWESSIE_NA_BT_0406-Olive Drab-M,168.0,,10
twessie-na-bt-0406,Matte Ribbed Knit High-Waist Bikini Top in Burnt Terracotta,"<p>Matte Ribbed Knit construction meets architectural precision in this bikini top. Designed for the intelligent, independent woman. The Burnt Terracotta colorway with Olive Drab accents creates a sophisticated palette. Pure architectural elegance elegance.</p>",Twessie,Bikini Top,"Matte Ribbed Knit bikini, independent fashion, minimalist bikini top, high-end swimwear, luxury Burnt Terracotta swimwear",TRUE,Color,Olive Drab,Size,L,TWESSIE_NA_BT_0406-Olive Drab-L,168.0,,10
twessie-na-bt-0406,Matte Ribbed Knit High-Waist Bikini Top in Burnt Terracotta,"<p>Matte Ribbed Knit construction meets architectural precision in this bikini top. Designed for the intelligent, independent woman. The Burnt Terracotta colorway with Olive Drab accents creates a sophisticated palette. Pure architectural elegance elegance.</p>",Twessie,Bikini Top,"Matte Ribbed Knit bikini, independent fashion, minimalist bikini top, high-end swimwear, luxury Burnt Terracotta swimwear",TRUE,Color,Olive Drab,Size,XL,TWESSIE_NA_BT_0406-Olive Drab-XL,168.0,,10
twessie-na-bt-0406,Matte Ribbed Knit High-Waist Bikini Top in Burnt Terracotta,"<p>Matte Ribbed Knit construction meets architectural precision in this bikini top. Designed for the intelligent, independent woman. The Burnt Terracotta colorway with Olive Drab accents creates a sophisticated palette. Pure architectural elegance elegance.</p>",Twessie,Bikini Top,"Matte Ribbed Knit bikini, independent fashion, minimalist bikini top, high-end swimwear, luxury Burnt Terracotta swimwear",TRUE,Color,Olive Drab,Size,XXL,TWESSIE_NA_BT_0406-Olive Drab-XXL,168.0,,10
twessie-sg-bt-0407,Architecture-Cut Stone Gray Bikini Top,<p>Crafted in premium Crinkled Seersucker with Matte Ribbed Knit accents. This bikini top epitomizes intelligent aesthetic luxury. Featuring color-blocking in Stone Gray and Chalk White. Perfect for the discerning swimmer who refuses the obvious.</p>,Twessie,Bikini Top,"Crinkled Seersucker bikini, luxury Stone Gray swimwear, minimalist bikini top, high-end swimwear, independent fashion",TRUE,Color,Stone Gray,Size,XS,TWESSIE_SG_BT_0407-Stone Gray-XS,168.0,,10
twessie-sg-bt-0407,Architecture-Cut Stone Gray Bikini Top,<p>Crafted in premium Crinkled Seersucker with Matte Ribbed Knit accents. This bikini top epitomizes intelligent aesthetic luxury. Featuring color-blocking in Stone Gray and Chalk White. Perfect for the discerning swimmer who refuses the obvious.</p>,Twessie,Bikini Top,"Crinkled Seersucker bikini, luxury Stone Gray swimwear, minimalist bikini top, high-end swimwear, independent fashion",TRUE,Color,Stone Gray,Size,S,TWESSIE_SG_BT_0407-Stone Gray-S,168.0,,10
twessie-sg-bt-0407,Architecture-Cut Stone Gray Bikini Top,<p>Crafted in premium Crinkled Seersucker with Matte Ribbed Knit accents. This bikini top epitomizes intelligent aesthetic luxury. Featuring color-blocking in Stone Gray and Chalk White. Perfect for the discerning swimmer who refuses the obvious.</p>,Twessie,Bikini Top,"Crinkled Seersucker bikini, luxury Stone Gray swimwear, minimalist bikini top, high-end swimwear, independent fashion",TRUE,Color,Stone Gray,Size,M,TWESSIE_SG_BT_0407-Stone Gray-M,168.0,,10
twessie-sg-bt-0407,Architecture-Cut Stone Gray Bikini Top,<p>Crafted in premium Crinkled Seersucker with Matte Ribbed Knit accents. This bikini top epitomizes intelligent aesthetic luxury. Featuring color-blocking in Stone Gray and Chalk White. Perfect for the discerning swimmer who refuses the obvious.</p>,Twessie,Bikini Top,"Crinkled Seersucker bikini, luxury Stone Gray swimwear, minimalist bikini top, high-end swimwear, independent fashion",TRUE,Color,Stone Gray,Size,L,TWESSIE_SG_BT_0407-Stone Gray-L,168.0,,10
twessie-sg-bt-0407,Architecture-Cut Stone Gray Bikini Top,<p>Crafted in premium Crinkled Seersucker with Matte Ribbed Knit accents. This bikini top epitomizes intelligent aesthetic luxury. Featuring color-blocking in Stone Gray and Chalk White. Perfect for the discerning swimmer who refuses the obvious.</p>,Twessie,Bikini Top,"Crinkled Seersucker bikini, luxury Stone Gray swimwear, minimalist bikini top, high-end swimwear, independent fashion",TRUE,Color,Stone Gray,Size,XL,TWESSIE_SG_BT_0407-Stone Gray-XL,168.0,,10
twessie-sg-bt-0407,Architecture-Cut Stone Gray Bikini Top,<p>Crafted in premium Crinkled Seersucker with Matte Ribbed Knit accents. This bikini top epitomizes intelligent aesthetic luxury. Featuring color-blocking in Stone Gray and Chalk White. Perfect for the discerning swimmer who refuses the obvious.</p>,Twessie,Bikini Top,"Crinkled Seersucker bikini, luxury Stone Gray swimwear, minimalist bikini top, high-end swimwear, independent fashion",TRUE,Color,Stone Gray,Size,XXL,TWESSIE_SG_BT_0407-Stone Gray-XXL,168.0,,10
twessie-sg-bt-0407,Architecture-Cut Stone Gray Bikini Top,<p>Crafted in premium Crinkled Seersucker with Matte Ribbed Knit accents. This bikini top epitomizes intelligent aesthetic luxury. Featuring color-blocking in Stone Gray and Chalk White. Perfect for the discerning swimmer who refuses the obvious.</p>,Twessie,Bikini Top,"Crinkled Seersucker bikini, luxury Stone Gray swimwear, minimalist bikini top, high-end swimwear, independent fashion",TRUE,Color,Chalk White,Size,XS,TWESSIE_SG_BT_0407-Chalk White-XS,168.0,,10
twessie-sg-bt-0407,Architecture-Cut Stone Gray Bikini Top,<p>Crafted in premium Crinkled Seersucker with Matte Ribbed Knit accents. This bikini top epitomizes intelligent aesthetic luxury. Featuring color-blocking in Stone Gray and Chalk White. Perfect for the discerning swimmer who refuses the obvious.</p>,Twessie,Bikini Top,"Crinkled Seersucker bikini, luxury Stone Gray swimwear, minimalist bikini top, high-end swimwear, independent fashion",TRUE,Color,Chalk White,Size,S,TWESSIE_SG_BT_0407-Chalk White-S,168.0,,10
twessie-sg-bt-0407,Architecture-Cut Stone Gray Bikini Top,<p>Crafted in premium Crinkled Seersucker with Matte Ribbed Knit accents. This bikini top epitomizes intelligent aesthetic luxury. Featuring color-blocking in Stone Gray and Chalk White. Perfect for the discerning swimmer who refuses the obvious.</p>,Twessie,Bikini Top,"Crinkled Seersucker bikini, luxury Stone Gray swimwear, minimalist bikini top, high-end swimwear, independent fashion",TRUE,Color,Chalk White,Size,M,TWESSIE_SG_BT_0407-Chalk White-M,168.0,,10
twessie-sg-bt-0407,Architecture-Cut Stone Gray Bikini Top,<p>Crafted in premium Crinkled Seersucker with Matte Ribbed Knit accents. This bikini top epitomizes intelligent aesthetic luxury. Featuring color-blocking in Stone Gray and Chalk White. Perfect for the discerning swimmer who refuses the obvious.</p>,Twessie,Bikini Top,"Crinkled Seersucker bikini, luxury Stone Gray swimwear, minimalist bikini top, high-end swimwear, independent fashion",TRUE,Color,Chalk White,Size,L,TWESSIE_SG_BT_0407-Chalk White-L,168.0,,10
twessie-sg-bt-0407,Architecture-Cut Stone Gray Bikini Top,<p>Crafted in premium Crinkled Seersucker with Matte Ribbed Knit accents. This bikini top epitomizes intelligent aesthetic luxury. Featuring color-blocking in Stone Gray and Chalk White. Perfect for the discerning swimmer who refuses the obvious.</p>,Twessie,Bikini Top,"Crinkled Seersucker bikini, luxury Stone Gray swimwear, minimalist bikini top, high-end swimwear, independent fashion",TRUE,Color,Chalk White,Size,XL,TWESSIE_SG_BT_0407-Chalk White-XL,168.0,,10
twessie-sg-bt-0407,Architecture-Cut Stone Gray Bikini Top,<p>Crafted in premium Crinkled Seersucker with Matte Ribbed Knit accents. This bikini top epitomizes intelligent aesthetic luxury. Featuring color-blocking in Stone Gray and Chalk White. Perfect for the discerning swimmer who refuses the obvious.</p>,Twessie,Bikini Top,"Crinkled Seersucker bikini, luxury Stone Gray swimwear, minimalist bikini top, high-end swimwear, independent fashion",TRUE,Color,Chalk White,Size,XXL,TWESSIE_SG_BT_0407-Chalk White-XXL,168.0,,10
twessie-au-bt-0408,Architecture-Cut Chalk White Bikini Top,"<p>Crinkled Seersucker construction meets architectural precision in this bikini top. Designed for the intelligent, independent woman. The Chalk White colorway with Stone Gray accents creates a sophisticated palette. Pure anti-fashion statement elegance.</p>",Twessie,Bikini Top,"minimalist bikini top, luxury Chalk White swimwear, architectural swimsuit, Crinkled Seersucker bikini, independent fashion",TRUE,Color,Chalk White,Size,XS,TWESSIE_AU_BT_0408-Chalk White-XS,168.0,,10
twessie-au-bt-0408,Architecture-Cut Chalk White Bikini Top,"<p>Crinkled Seersucker construction meets architectural precision in this bikini top. Designed for the intelligent, independent woman. The Chalk White colorway with Stone Gray accents creates a sophisticated palette. Pure anti-fashion statement elegance.</p>",Twessie,Bikini Top,"minimalist bikini top, luxury Chalk White swimwear, architectural swimsuit, Crinkled Seersucker bikini, independent fashion",TRUE,Color,Chalk White,Size,S,TWESSIE_AU_BT_0408-Chalk White-S,168.0,,10
twessie-au-bt-0408,Architecture-Cut Chalk White Bikini Top,"<p>Crinkled Seersucker construction meets architectural precision in this bikini top. Designed for the intelligent, independent woman. The Chalk White colorway with Stone Gray accents creates a sophisticated palette. Pure anti-fashion statement elegance.</p>",Twessie,Bikini Top,"minimalist bikini top, luxury Chalk White swimwear, architectural swimsuit, Crinkled Seersucker bikini, independent fashion",TRUE,Color,Chalk White,Size,M,TWESSIE_AU_BT_0408-Chalk White-M,168.0,,10
twessie-au-bt-0408,Architecture-Cut Chalk White Bikini Top,"<p>Crinkled Seersucker construction meets architectural precision in this bikini top. Designed for the intelligent, independent woman. The Chalk White colorway with Stone Gray accents creates a sophisticated palette. Pure anti-fashion statement elegance.</p>",Twessie,Bikini Top,"minimalist bikini top, luxury Chalk White swimwear, architectural swimsuit, Crinkled Seersucker bikini, independent fashion",TRUE,Color,Chalk White,Size,L,TWESSIE_AU_BT_0408-Chalk White-L,168.0,,10
twessie-au-bt-0408,Architecture-Cut Chalk White Bikini Top,"<p>Crinkled Seersucker construction meets architectural precision in this bikini top. Designed for the intelligent, independent woman. The Chalk White colorway with Stone Gray accents creates a sophisticated palette. Pure anti-fashion statement elegance.</p>",Twessie,Bikini Top,"minimalist bikini top, luxury Chalk White swimwear, architectural swimsuit, Crinkled Seersucker bikini, independent fashion",TRUE,Color,Chalk White,Size,XL,TWESSIE_AU_BT_0408-Chalk White-XL,168.0,,10
twessie-au-bt-0408,Architecture-Cut Chalk White Bikini Top,"<p>Crinkled Seersucker construction meets architectural precision in this bikini top. Designed for the intelligent, independent woman. The Chalk White colorway with Stone Gray accents creates a sophisticated palette. Pure anti-fashion statement elegance.</p>",Twessie,Bikini Top,"minimalist bikini top, luxury Chalk White swimwear, architectural swimsuit, Crinkled Seersucker bikini, independent fashion",TRUE,Color,Chalk White,Size,XXL,TWESSIE_AU_BT_0408-Chalk White-XXL,168.0,,10
twessie-au-bt-0408,Architecture-Cut Chalk White Bikini Top,"<p>Crinkled Seersucker construction meets architectural precision in this bikini top. Designed for the intelligent, independent woman. The Chalk White colorway with Stone Gray accents creates a sophisticated palette. Pure anti-fashion statement elegance.</p>",Twessie,Bikini Top,"minimalist bikini top, luxury Chalk White swimwear, architectural swimsuit, Crinkled Seersucker bikini, independent fashion",TRUE,Color,Stone Gray,Size,XS,TWESSIE_AU_BT_0408-Stone Gray-XS,168.0,,10
twessie-au-bt-0408,Architecture-Cut Chalk White Bikini Top,"<p>Crinkled Seersucker construction meets architectural precision in this bikini top. Designed for the intelligent, independent woman. The Chalk White colorway with Stone Gray accents creates a sophisticated palette. Pure anti-fashion statement elegance.</p>",Twessie,Bikini Top,"minimalist bikini top, luxury Chalk White swimwear, architectural swimsuit, Crinkled Seersucker bikini, independent fashion",TRUE,Color,Stone Gray,Size,S,TWESSIE_AU_BT_0408-Stone Gray-S,168.0,,10
twessie-au-bt-0408,Architecture-Cut Chalk White Bikini Top,"<p>Crinkled Seersucker construction meets architectural precision in this bikini top. Designed for the intelligent, independent woman. The Chalk White colorway with Stone Gray accents creates a sophisticated palette. Pure anti-fashion statement elegance.</p>",Twessie,Bikini Top,"minimalist bikini top, luxury Chalk White swimwear, architectural swimsuit, Crinkled Seersucker bikini, independent fashion",TRUE,Color,Stone Gray,Size,M,TWESSIE_AU_BT_0408-Stone Gray-M,168.0,,10
twessie-au-bt-0408,Architecture-Cut Chalk White Bikini Top,"<p>Crinkled Seersucker construction meets architectural precision in this bikini top. Designed for the intelligent, independent woman. The Chalk White colorway with Stone Gray accents creates a sophisticated palette. Pure anti-fashion statement elegance.</p>",Twessie,Bikini Top,"minimalist bikini top, luxury Chalk White swimwear, architectural swimsuit, Crinkled Seersucker bikini, independent fashion",TRUE,Color,Stone Gray,Size,L,TWESSIE_AU_BT_0408-Stone Gray-L,168.0,,10
twessie-au-bt-0408,Architecture-Cut Chalk White Bikini Top,"<p>Crinkled Seersucker construction meets architectural precision in this bikini top. Designed for the intelligent, independent woman. The Chalk White colorway with Stone Gray accents creates a sophisticated palette. Pure anti-fashion statement elegance.</p>",Twessie,Bikini Top,"minimalist bikini top, luxury Chalk White swimwear, architectural swimsuit, Crinkled Seersucker bikini, independent fashion",TRUE,Color,Stone Gray,Size,XL,TWESSIE_AU_BT_0408-Stone Gray-XL,168.0,,10
twessie-au-bt-0408,Architecture-Cut Chalk White Bikini Top,"<p>Crinkled Seersucker construction meets architectural precision in this bikini top. Designed for the intelligent, independent woman. The Chalk White colorway with Stone Gray accents creates a sophisticated palette. Pure anti-fashion statement elegance.</p>",Twessie,Bikini Top,"minimalist bikini top, luxury Chalk White swimwear, architectural swimsuit, Crinkled Seersucker bikini, independent fashion",TRUE,Color,Stone Gray,Size,XXL,TWESSIE_AU_BT_0408-Stone Gray-XXL,168.0,,10
twessie-na-bt-0409,Matte Ribbed Knit High-Waist Bikini Top in Olive Drab,"<p>Matte Ribbed Knit construction meets architectural precision in this bikini top. Designed for the intelligent, independent woman. The Olive Drab colorway with Burnt Terracotta accents creates a sophisticated palette. Pure intelligent aesthetic elegance.</p>",Twessie,Bikini Top,"luxury Olive Drab swimwear, Matte Ribbed Knit bikini, minimalist luxury, high-end swimwear, minimalist bikini top",TRUE,Color,Olive Drab,Size,XS,TWESSIE_NA_BT_0409-Olive Drab-XS,168.0,,10
twessie-na-bt-0409,Matte Ribbed Knit High-Waist Bikini Top in Olive Drab,"<p>Matte Ribbed Knit construction meets architectural precision in this bikini top. Designed for the intelligent, independent woman. The Olive Drab colorway with Burnt Terracotta accents creates a sophisticated palette. Pure intelligent aesthetic elegance.</p>",Twessie,Bikini Top,"luxury Olive Drab swimwear, Matte Ribbed Knit bikini, minimalist luxury, high-end swimwear, minimalist bikini top",TRUE,Color,Olive Drab,Size,S,TWESSIE_NA_BT_0409-Olive Drab-S,168.0,,10
twessie-na-bt-0409,Matte Ribbed Knit High-Waist Bikini Top in Olive Drab,"<p>Matte Ribbed Knit construction meets architectural precision in this bikini top. Designed for the intelligent, independent woman. The Olive Drab colorway with Burnt Terracotta accents creates a sophisticated palette. Pure intelligent aesthetic elegance.</p>",Twessie,Bikini Top,"luxury Olive Drab swimwear, Matte Ribbed Knit bikini, minimalist luxury, high-end swimwear, minimalist bikini top",TRUE,Color,Olive Drab,Size,M,TWESSIE_NA_BT_0409-Olive Drab-M,168.0,,10
twessie-na-bt-0409,Matte Ribbed Knit High-Waist Bikini Top in Olive Drab,"<p>Matte Ribbed Knit construction meets architectural precision in this bikini top. Designed for the intelligent, independent woman. The Olive Drab colorway with Burnt Terracotta accents creates a sophisticated palette. Pure intelligent aesthetic elegance.</p>",Twessie,Bikini Top,"luxury Olive Drab swimwear, Matte Ribbed Knit bikini, minimalist luxury, high-end swimwear, minimalist bikini top",TRUE,Color,Olive Drab,Size,L,TWESSIE_NA_BT_0409-Olive Drab-L,168.0,,10
twessie-na-bt-0409,Matte Ribbed Knit High-Waist Bikini Top in Olive Drab,"<p>Matte Ribbed Knit construction meets architectural precision in this bikini top. Designed for the intelligent, independent woman. The Olive Drab colorway with Burnt Terracotta accents creates a sophisticated palette. Pure intelligent aesthetic elegance.</p>",Twessie,Bikini Top,"luxury Olive Drab swimwear, Matte Ribbed Knit bikini, minimalist luxury, high-end swimwear, minimalist bikini top",TRUE,Color,Olive Drab,Size,XL,TWESSIE_NA_BT_0409-Olive Drab-XL,168.0,,10
twessie-na-bt-0409,Matte Ribbed Knit High-Waist Bikini Top in Olive Drab,"<p>Matte Ribbed Knit construction meets architectural precision in this bikini top. Designed for the intelligent, independent woman. The Olive Drab colorway with Burnt Terracotta accents creates a sophisticated palette. Pure intelligent aesthetic elegance.</p>",Twessie,Bikini Top,"luxury Olive Drab swimwear, Matte Ribbed Knit bikini, minimalist luxury, high-end swimwear, minimalist bikini top",TRUE,Color,Olive Drab,Size,XXL,TWESSIE_NA_BT_0409-Olive Drab-XXL,168.0,,10
twessie-na-bt-0409,Matte Ribbed Knit High-Waist Bikini Top in Olive Drab,"<p>Matte Ribbed Knit construction meets architectural precision in this bikini top. Designed for the intelligent, independent woman. The Olive Drab colorway with Burnt Terracotta accents creates a sophisticated palette. Pure intelligent aesthetic elegance.</p>",Twessie,Bikini Top,"luxury Olive Drab swimwear, Matte Ribbed Knit bikini, minimalist luxury, high-end swimwear, minimalist bikini top",TRUE,Color,Burnt Terracotta,Size,XS,TWESSIE_NA_BT_0409-Burnt Terracotta-XS,168.0,,10
twessie-na-bt-0409,Matte Ribbed Knit High-Waist Bikini Top in Olive Drab,"<p>Matte Ribbed Knit construction meets architectural precision in this bikini top. Designed for the intelligent, independent woman. The Olive Drab colorway with Burnt Terracotta accents creates a sophisticated palette. Pure intelligent aesthetic elegance.</p>",Twessie,Bikini Top,"luxury Olive Drab swimwear, Matte Ribbed Knit bikini, minimalist luxury, high-end swimwear, minimalist bikini top",TRUE,Color,Burnt Terracotta,Size,S,TWESSIE_NA_BT_0409-Burnt Terracotta-S,168.0,,10
twessie-na-bt-0409,Matte Ribbed Knit High-Waist Bikini Top in Olive Drab,"<p>Matte Ribbed Knit construction meets architectural precision in this bikini top. Designed for the intelligent, independent woman. The Olive Drab colorway with Burnt Terracotta accents creates a sophisticated palette. Pure intelligent aesthetic elegance.</p>",Twessie,Bikini Top,"luxury Olive Drab swimwear, Matte Ribbed Knit bikini, minimalist luxury, high-end swimwear, minimalist bikini top",TRUE,Color,Burnt Terracotta,Size,M,TWESSIE_NA_BT_0409-Burnt Terracotta-M,168.0,,10
twessie-na-bt-0409,Matte Ribbed Knit High-Waist Bikini Top in Olive Drab,"<p>Matte Ribbed Knit construction meets architectural precision in this bikini top. Designed for the intelligent, independent woman. The Olive Drab colorway with Burnt Terracotta accents creates a sophisticated palette. Pure intelligent aesthetic elegance.</p>",Twessie,Bikini Top,"luxury Olive Drab swimwear, Matte Ribbed Knit bikini, minimalist luxury, high-end swimwear, minimalist bikini top",TRUE,Color,Burnt Terracotta,Size,L,TWESSIE_NA_BT_0409-Burnt Terracotta-L,168.0,,10
twessie-na-bt-0409,Matte Ribbed Knit High-Waist Bikini Top in Olive Drab,"<p>Matte Ribbed Knit construction meets architectural precision in this bikini top. Designed for the intelligent, independent woman. The Olive Drab colorway with Burnt Terracotta accents creates a sophisticated palette. Pure intelligent aesthetic elegance.</p>",Twessie,Bikini Top,"luxury Olive Drab swimwear, Matte Ribbed Knit bikini, minimalist luxury, high-end swimwear, minimalist bikini top",TRUE,Color,Burnt Terracotta,Size,XL,TWESSIE_NA_BT_0409-Burnt Terracotta-XL,168.0,,10
twessie-na-bt-0409,Matte Ribbed Knit High-Waist Bikini Top in Olive Drab,"<p>Matte Ribbed Knit construction meets architectural precision in this bikini top. Designed for the intelligent, independent woman. The Olive Drab colorway with Burnt Terracotta accents creates a sophisticated palette. Pure intelligent aesthetic elegance.</p>",Twessie,Bikini Top,"luxury Olive Drab swimwear, Matte Ribbed Knit bikini, minimalist luxury, high-end swimwear, minimalist bikini top",TRUE,Color,Burnt Terracotta,Size,XXL,TWESSIE_NA_BT_0409-Burnt Terracotta-XXL,168.0,,10
twessie-sg-bb-0410,Structural Econyl Sleek Satin Bikini Bottom,<p>A statement piece in Econyl Sleek Satin. This bikini bottom combines intelligent aesthetic design with impeccable craftsmanship. Available in Obsidian Black with Burnt Terracotta detailing. Not loud. Not obvious. Unmistakably Twessie.</p>,Twessie,Bikini Bottom,"independent fashion, architectural swimsuit, minimalist bikini bottom, minimalist luxury, high-end swimwear",TRUE,Color,Obsidian Black,Size,XS,TWESSIE_SG_BB_0410-Obsidian Black-XS,168.0,,10
twessie-sg-bb-0410,Structural Econyl Sleek Satin Bikini Bottom,<p>A statement piece in Econyl Sleek Satin. This bikini bottom combines intelligent aesthetic design with impeccable craftsmanship. Available in Obsidian Black with Burnt Terracotta detailing. Not loud. Not obvious. Unmistakably Twessie.</p>,Twessie,Bikini Bottom,"independent fashion, architectural swimsuit, minimalist bikini bottom, minimalist luxury, high-end swimwear",TRUE,Color,Obsidian Black,Size,S,TWESSIE_SG_BB_0410-Obsidian Black-S,168.0,,10
twessie-sg-bb-0410,Structural Econyl Sleek Satin Bikini Bottom,<p>A statement piece in Econyl Sleek Satin. This bikini bottom combines intelligent aesthetic design with impeccable craftsmanship. Available in Obsidian Black with Burnt Terracotta detailing. Not loud. Not obvious. Unmistakably Twessie.</p>,Twessie,Bikini Bottom,"independent fashion, architectural swimsuit, minimalist bikini bottom, minimalist luxury, high-end swimwear",TRUE,Color,Obsidian Black,Size,M,TWESSIE_SG_BB_0410-Obsidian Black-M,168.0,,10
twessie-sg-bb-0410,Structural Econyl Sleek Satin Bikini Bottom,<p>A statement piece in Econyl Sleek Satin. This bikini bottom combines intelligent aesthetic design with impeccable craftsmanship. Available in Obsidian Black with Burnt Terracotta detailing. Not loud. Not obvious. Unmistakably Twessie.</p>,Twessie,Bikini Bottom,"independent fashion, architectural swimsuit, minimalist bikini bottom, minimalist luxury, high-end swimwear",TRUE,Color,Obsidian Black,Size,L,TWESSIE_SG_BB_0410-Obsidian Black-L,168.0,,10
twessie-sg-bb-0410,Structural Econyl Sleek Satin Bikini Bottom,<p>A statement piece in Econyl Sleek Satin. This bikini bottom combines intelligent aesthetic design with impeccable craftsmanship. Available in Obsidian Black with Burnt Terracotta detailing. Not loud. Not obvious. Unmistakably Twessie.</p>,Twessie,Bikini Bottom,"independent fashion, architectural swimsuit, minimalist bikini bottom, minimalist luxury, high-end swimwear",TRUE,Color,Obsidian Black,Size,XL,TWESSIE_SG_BB_0410-Obsidian Black-XL,168.0,,10
twessie-sg-bb-0410,Structural Econyl Sleek Satin Bikini Bottom,<p>A statement piece in Econyl Sleek Satin. This bikini bottom combines intelligent aesthetic design with impeccable craftsmanship. Available in Obsidian Black with Burnt Terracotta detailing. Not loud. Not obvious. Unmistakably Twessie.</p>,Twessie,Bikini Bottom,"independent fashion, architectural swimsuit, minimalist bikini bottom, minimalist luxury, high-end swimwear",TRUE,Color,Obsidian Black,Size,XXL,TWESSIE_SG_BB_0410-Obsidian Black-XXL,168.0,,10
twessie-sg-bb-0410,Structural Econyl Sleek Satin Bikini Bottom,<p>A statement piece in Econyl Sleek Satin. This bikini bottom combines intelligent aesthetic design with impeccable craftsmanship. Available in Obsidian Black with Burnt Terracotta detailing. Not loud. Not obvious. Unmistakably Twessie.</p>,Twessie,Bikini Bottom,"independent fashion, architectural swimsuit, minimalist bikini bottom, minimalist luxury, high-end swimwear",TRUE,Color,Burnt Terracotta,Size,XS,TWESSIE_SG_BB_0410-Burnt Terracotta-XS,168.0,,10
twessie-sg-bb-0410,Structural Econyl Sleek Satin Bikini Bottom,<p>A statement piece in Econyl Sleek Satin. This bikini bottom combines intelligent aesthetic design with impeccable craftsmanship. Available in Obsidian Black with Burnt Terracotta detailing. Not loud. Not obvious. Unmistakably Twessie.</p>,Twessie,Bikini Bottom,"independent fashion, architectural swimsuit, minimalist bikini bottom, minimalist luxury, high-end swimwear",TRUE,Color,Burnt Terracotta,Size,S,TWESSIE_SG_BB_0410-Burnt Terracotta-S,168.0,,10
twessie-sg-bb-0410,Structural Econyl Sleek Satin Bikini Bottom,<p>A statement piece in Econyl Sleek Satin. This bikini bottom combines intelligent aesthetic design with impeccable craftsmanship. Available in Obsidian Black with Burnt Terracotta detailing. Not loud. Not obvious. Unmistakably Twessie.</p>,Twessie,Bikini Bottom,"independent fashion, architectural swimsuit, minimalist bikini bottom, minimalist luxury, high-end swimwear",TRUE,Color,Burnt Terracotta,Size,M,TWESSIE_SG_BB_0410-Burnt Terracotta-M,168.0,,10
twessie-sg-bb-0410,Structural Econyl Sleek Satin Bikini Bottom,<p>A statement piece in Econyl Sleek Satin. This bikini bottom combines intelligent aesthetic design with impeccable craftsmanship. Available in Obsidian Black with Burnt Terracotta detailing. Not loud. Not obvious. Unmistakably Twessie.</p>,Twessie,Bikini Bottom,"independent fashion, architectural swimsuit, minimalist bikini bottom, minimalist luxury, high-end swimwear",TRUE,Color,Burnt Terracotta,Size,L,TWESSIE_SG_BB_0410-Burnt Terracotta-L,168.0,,10
twessie-sg-bb-0410,Structural Econyl Sleek Satin Bikini Bottom,<p>A statement piece in Econyl Sleek Satin. This bikini bottom combines intelligent aesthetic design with impeccable craftsmanship. Available in Obsidian Black with Burnt Terracotta detailing. Not loud. Not obvious. Unmistakably Twessie.</p>,Twessie,Bikini Bottom,"independent fashion, architectural swimsuit, minimalist bikini bottom, minimalist luxury, high-end swimwear",TRUE,Color,Burnt Terracotta,Size,XL,TWESSIE_SG_BB_0410-Burnt Terracotta-XL,168.0,,10
twessie-sg-bb-0410,Structural Econyl Sleek Satin Bikini Bottom,<p>A statement piece in Econyl Sleek Satin. This bikini bottom combines intelligent aesthetic design with impeccable craftsmanship. Available in Obsidian Black with Burnt Terracotta detailing. Not loud. Not obvious. Unmistakably Twessie.</p>,Twessie,Bikini Bottom,"independent fashion, architectural swimsuit, minimalist bikini bottom, minimalist luxury, high-end swimwear",TRUE,Color,Burnt Terracotta,Size,XXL,TWESSIE_SG_BB_0410-Burnt Terracotta-XXL,168.0,,10
twessie-na-bb-0501,Raw-Edge Obsidian Black Bikini Bottom,<p>Crafted in premium Econyl Sleek Satin with Crinkled Seersucker accents. This bikini bottom epitomizes architectural elegance luxury. Featuring color-blocking in Obsidian Black and Chalk White. Perfect for the discerning swimmer who refuses the obvious.</p>,Twessie,Bikini Bottom,"minimalist luxury, luxury Obsidian Black swimwear, minimalist bikini bottom, architectural swimsuit, Econyl Sleek Satin bikini",TRUE,Color,Obsidian Black,Size,XS,TWESSIE_NA_BB_0501-Obsidian Black-XS,168.0,,10
twessie-na-bb-0501,Raw-Edge Obsidian Black Bikini Bottom,<p>Crafted in premium Econyl Sleek Satin with Crinkled Seersucker accents. This bikini bottom epitomizes architectural elegance luxury. Featuring color-blocking in Obsidian Black and Chalk White. Perfect for the discerning swimmer who refuses the obvious.</p>,Twessie,Bikini Bottom,"minimalist luxury, luxury Obsidian Black swimwear, minimalist bikini bottom, architectural swimsuit, Econyl Sleek Satin bikini",TRUE,Color,Obsidian Black,Size,S,TWESSIE_NA_BB_0501-Obsidian Black-S,168.0,,10
twessie-na-bb-0501,Raw-Edge Obsidian Black Bikini Bottom,<p>Crafted in premium Econyl Sleek Satin with Crinkled Seersucker accents. This bikini bottom epitomizes architectural elegance luxury. Featuring color-blocking in Obsidian Black and Chalk White. Perfect for the discerning swimmer who refuses the obvious.</p>,Twessie,Bikini Bottom,"minimalist luxury, luxury Obsidian Black swimwear, minimalist bikini bottom, architectural swimsuit, Econyl Sleek Satin bikini",TRUE,Color,Obsidian Black,Size,M,TWESSIE_NA_BB_0501-Obsidian Black-M,168.0,,10
twessie-na-bb-0501,Raw-Edge Obsidian Black Bikini Bottom,<p>Crafted in premium Econyl Sleek Satin with Crinkled Seersucker accents. This bikini bottom epitomizes architectural elegance luxury. Featuring color-blocking in Obsidian Black and Chalk White. Perfect for the discerning swimmer who refuses the obvious.</p>,Twessie,Bikini Bottom,"minimalist luxury, luxury Obsidian Black swimwear, minimalist bikini bottom, architectural swimsuit, Econyl Sleek Satin bikini",TRUE,Color,Obsidian Black,Size,L,TWESSIE_NA_BB_0501-Obsidian Black-L,168.0,,10
twessie-na-bb-0501,Raw-Edge Obsidian Black Bikini Bottom,<p>Crafted in premium Econyl Sleek Satin with Crinkled Seersucker accents. This bikini bottom epitomizes architectural elegance luxury. Featuring color-blocking in Obsidian Black and Chalk White. Perfect for the discerning swimmer who refuses the obvious.</p>,Twessie,Bikini Bottom,"minimalist luxury, luxury Obsidian Black swimwear, minimalist bikini bottom, architectural swimsuit, Econyl Sleek Satin bikini",TRUE,Color,Obsidian Black,Size,XL,TWESSIE_NA_BB_0501-Obsidian Black-XL,168.0,,10
twessie-na-bb-0501,Raw-Edge Obsidian Black Bikini Bottom,<p>Crafted in premium Econyl Sleek Satin with Crinkled Seersucker accents. This bikini bottom epitomizes architectural elegance luxury. Featuring color-blocking in Obsidian Black and Chalk White. Perfect for the discerning swimmer who refuses the obvious.</p>,Twessie,Bikini Bottom,"minimalist luxury, luxury Obsidian Black swimwear, minimalist bikini bottom, architectural swimsuit, Econyl Sleek Satin bikini",TRUE,Color,Obsidian Black,Size,XXL,TWESSIE_NA_BB_0501-Obsidian Black-XXL,168.0,,10
twessie-na-bb-0501,Raw-Edge Obsidian Black Bikini Bottom,<p>Crafted in premium Econyl Sleek Satin with Crinkled Seersucker accents. This bikini bottom epitomizes architectural elegance luxury. Featuring color-blocking in Obsidian Black and Chalk White. Perfect for the discerning swimmer who refuses the obvious.</p>,Twessie,Bikini Bottom,"minimalist luxury, luxury Obsidian Black swimwear, minimalist bikini bottom, architectural swimsuit, Econyl Sleek Satin bikini",TRUE,Color,Chalk White,Size,XS,TWESSIE_NA_BB_0501-Chalk White-XS,168.0,,10
twessie-na-bb-0501,Raw-Edge Obsidian Black Bikini Bottom,<p>Crafted in premium Econyl Sleek Satin with Crinkled Seersucker accents. This bikini bottom epitomizes architectural elegance luxury. Featuring color-blocking in Obsidian Black and Chalk White. Perfect for the discerning swimmer who refuses the obvious.</p>,Twessie,Bikini Bottom,"minimalist luxury, luxury Obsidian Black swimwear, minimalist bikini bottom, architectural swimsuit, Econyl Sleek Satin bikini",TRUE,Color,Chalk White,Size,S,TWESSIE_NA_BB_0501-Chalk White-S,168.0,,10
twessie-na-bb-0501,Raw-Edge Obsidian Black Bikini Bottom,<p>Crafted in premium Econyl Sleek Satin with Crinkled Seersucker accents. This bikini bottom epitomizes architectural elegance luxury. Featuring color-blocking in Obsidian Black and Chalk White. Perfect for the discerning swimmer who refuses the obvious.</p>,Twessie,Bikini Bottom,"minimalist luxury, luxury Obsidian Black swimwear, minimalist bikini bottom, architectural swimsuit, Econyl Sleek Satin bikini",TRUE,Color,Chalk White,Size,M,TWESSIE_NA_BB_0501-Chalk White-M,168.0,,10
twessie-na-bb-0501,Raw-Edge Obsidian Black Bikini Bottom,<p>Crafted in premium Econyl Sleek Satin with Crinkled Seersucker accents. This bikini bottom epitomizes architectural elegance luxury. Featuring color-blocking in Obsidian Black and Chalk White. Perfect for the discerning swimmer who refuses the obvious.</p>,Twessie,Bikini Bottom,"minimalist luxury, luxury Obsidian Black swimwear, minimalist bikini bottom, architectural swimsuit, Econyl Sleek Satin bikini",TRUE,Color,Chalk White,Size,L,TWESSIE_NA_BB_0501-Chalk White-L,168.0,,10
twessie-na-bb-0501,Raw-Edge Obsidian Black Bikini Bottom,<p>Crafted in premium Econyl Sleek Satin with Crinkled Seersucker accents. This bikini bottom epitomizes architectural elegance luxury. Featuring color-blocking in Obsidian Black and Chalk White. Perfect for the discerning swimmer who refuses the obvious.</p>,Twessie,Bikini Bottom,"minimalist luxury, luxury Obsidian Black swimwear, minimalist bikini bottom, architectural swimsuit, Econyl Sleek Satin bikini",TRUE,Color,Chalk White,Size,XL,TWESSIE_NA_BB_0501-Chalk White-XL,168.0,,10
twessie-na-bb-0501,Raw-Edge Obsidian Black Bikini Bottom,<p>Crafted in premium Econyl Sleek Satin with Crinkled Seersucker accents. This bikini bottom epitomizes architectural elegance luxury. Featuring color-blocking in Obsidian Black and Chalk White. Perfect for the discerning swimmer who refuses the obvious.</p>,Twessie,Bikini Bottom,"minimalist luxury, luxury Obsidian Black swimwear, minimalist bikini bottom, architectural swimsuit, Econyl Sleek Satin bikini",TRUE,Color,Chalk White,Size,XXL,TWESSIE_NA_BB_0501-Chalk White-XXL,168.0,,10
twessie-sg-bt-0502,Minimalist Olive Drab Textured Bikini Top,<p>A statement piece in Matte Ribbed Knit. This bikini top combines minimalist luxury design with impeccable craftsmanship. Available in Olive Drab with Burnt Terracotta detailing. Not loud. Not obvious. Unmistakably Twessie.</p>,Twessie,Bikini Top,"independent fashion, minimalist bikini top, Matte Ribbed Knit bikini, architectural swimsuit, luxury Olive Drab swimwear",TRUE,Color,Olive Drab,Size,XS,TWESSIE_SG_BT_0502-Olive Drab-XS,168.0,,10
twessie-sg-bt-0502,Minimalist Olive Drab Textured Bikini Top,<p>A statement piece in Matte Ribbed Knit. This bikini top combines minimalist luxury design with impeccable craftsmanship. Available in Olive Drab with Burnt Terracotta detailing. Not loud. Not obvious. Unmistakably Twessie.</p>,Twessie,Bikini Top,"independent fashion, minimalist bikini top, Matte Ribbed Knit bikini, architectural swimsuit, luxury Olive Drab swimwear",TRUE,Color,Olive Drab,Size,S,TWESSIE_SG_BT_0502-Olive Drab-S,168.0,,10
twessie-sg-bt-0502,Minimalist Olive Drab Textured Bikini Top,<p>A statement piece in Matte Ribbed Knit. This bikini top combines minimalist luxury design with impeccable craftsmanship. Available in Olive Drab with Burnt Terracotta detailing. Not loud. Not obvious. Unmistakably Twessie.</p>,Twessie,Bikini Top,"independent fashion, minimalist bikini top, Matte Ribbed Knit bikini, architectural swimsuit, luxury Olive Drab swimwear",TRUE,Color,Olive Drab,Size,M,TWESSIE_SG_BT_0502-Olive Drab-M,168.0,,10
twessie-sg-bt-0502,Minimalist Olive Drab Textured Bikini Top,<p>A statement piece in Matte Ribbed Knit. This bikini top combines minimalist luxury design with impeccable craftsmanship. Available in Olive Drab with Burnt Terracotta detailing. Not loud. Not obvious. Unmistakably Twessie.</p>,Twessie,Bikini Top,"independent fashion, minimalist bikini top, Matte Ribbed Knit bikini, architectural swimsuit, luxury Olive Drab swimwear",TRUE,Color,Olive Drab,Size,L,TWESSIE_SG_BT_0502-Olive Drab-L,168.0,,10
twessie-sg-bt-0502,Minimalist Olive Drab Textured Bikini Top,<p>A statement piece in Matte Ribbed Knit. This bikini top combines minimalist luxury design with impeccable craftsmanship. Available in Olive Drab with Burnt Terracotta detailing. Not loud. Not obvious. Unmistakably Twessie.</p>,Twessie,Bikini Top,"independent fashion, minimalist bikini top, Matte Ribbed Knit bikini, architectural swimsuit, luxury Olive Drab swimwear",TRUE,Color,Olive Drab,Size,XL,TWESSIE_SG_BT_0502-Olive Drab-XL,168.0,,10
twessie-sg-bt-0502,Minimalist Olive Drab Textured Bikini Top,<p>A statement piece in Matte Ribbed Knit. This bikini top combines minimalist luxury design with impeccable craftsmanship. Available in Olive Drab with Burnt Terracotta detailing. Not loud. Not obvious. Unmistakably Twessie.</p>,Twessie,Bikini Top,"independent fashion, minimalist bikini top, Matte Ribbed Knit bikini, architectural swimsuit, luxury Olive Drab swimwear",TRUE,Color,Olive Drab,Size,XXL,TWESSIE_SG_BT_0502-Olive Drab-XXL,168.0,,10
twessie-sg-bt-0502,Minimalist Olive Drab Textured Bikini Top,<p>A statement piece in Matte Ribbed Knit. This bikini top combines minimalist luxury design with impeccable craftsmanship. Available in Olive Drab with Burnt Terracotta detailing. Not loud. Not obvious. Unmistakably Twessie.</p>,Twessie,Bikini Top,"independent fashion, minimalist bikini top, Matte Ribbed Knit bikini, architectural swimsuit, luxury Olive Drab swimwear",TRUE,Color,Burnt Terracotta,Size,XS,TWESSIE_SG_BT_0502-Burnt Terracotta-XS,168.0,,10
twessie-sg-bt-0502,Minimalist Olive Drab Textured Bikini Top,<p>A statement piece in Matte Ribbed Knit. This bikini top combines minimalist luxury design with impeccable craftsmanship. Available in Olive Drab with Burnt Terracotta detailing. Not loud. Not obvious. Unmistakably Twessie.</p>,Twessie,Bikini Top,"independent fashion, minimalist bikini top, Matte Ribbed Knit bikini, architectural swimsuit, luxury Olive Drab swimwear",TRUE,Color,Burnt Terracotta,Size,S,TWESSIE_SG_BT_0502-Burnt Terracotta-S,168.0,,10
twessie-sg-bt-0502,Minimalist Olive Drab Textured Bikini Top,<p>A statement piece in Matte Ribbed Knit. This bikini top combines minimalist luxury design with impeccable craftsmanship. Available in Olive Drab with Burnt Terracotta detailing. Not loud. Not obvious. Unmistakably Twessie.</p>,Twessie,Bikini Top,"independent fashion, minimalist bikini top, Matte Ribbed Knit bikini, architectural swimsuit, luxury Olive Drab swimwear",TRUE,Color,Burnt Terracotta,Size,M,TWESSIE_SG_BT_0502-Burnt Terracotta-M,168.0,,10
twessie-sg-bt-0502,Minimalist Olive Drab Textured Bikini Top,<p>A statement piece in Matte Ribbed Knit. This bikini top combines minimalist luxury design with impeccable craftsmanship. Available in Olive Drab with Burnt Terracotta detailing. Not loud. Not obvious. Unmistakably Twessie.</p>,Twessie,Bikini Top,"independent fashion, minimalist bikini top, Matte Ribbed Knit bikini, architectural swimsuit, luxury Olive Drab swimwear",TRUE,Color,Burnt Terracotta,Size,L,TWESSIE_SG_BT_0502-Burnt Terracotta-L,168.0,,10
twessie-sg-bt-0502,Minimalist Olive Drab Textured Bikini Top,<p>A statement piece in Matte Ribbed Knit. This bikini top combines minimalist luxury design with impeccable craftsmanship. Available in Olive Drab with Burnt Terracotta detailing. Not loud. Not obvious. Unmistakably Twessie.</p>,Twessie,Bikini Top,"independent fashion, minimalist bikini top, Matte Ribbed Knit bikini, architectural swimsuit, luxury Olive Drab swimwear",TRUE,Color,Burnt Terracotta,Size,XL,TWESSIE_SG_BT_0502-Burnt Terracotta-XL,168.0,,10
twessie-sg-bt-0502,Minimalist Olive Drab Textured Bikini Top,<p>A statement piece in Matte Ribbed Knit. This bikini top combines minimalist luxury design with impeccable craftsmanship. Available in Olive Drab with Burnt Terracotta detailing. Not loud. Not obvious. Unmistakably Twessie.</p>,Twessie,Bikini Top,"independent fashion, minimalist bikini top, Matte Ribbed Knit bikini, architectural swimsuit, luxury Olive Drab swimwear",TRUE,Color,Burnt Terracotta,Size,XXL,TWESSIE_SG_BT_0502-Burnt Terracotta-XXL,168.0,,10
twessie-eu-bt-0503,Architecture-Cut Chalk White Bikini Top,"<p>Crinkled Seersucker construction meets architectural precision in this bikini top. Designed for the intelligent, independent woman. The Chalk White colorway with Stone Gray accents creates a sophisticated palette. Pure architectural elegance elegance.</p>",Twessie,Bikini Top,"luxury Chalk White swimwear, minimalist bikini top, minimalist luxury, high-end swimwear, Crinkled Seersucker bikini",TRUE,Color,Chalk White,Size,XS,TWESSIE_EU_BT_0503-Chalk White-XS,168.0,,10
twessie-eu-bt-0503,Architecture-Cut Chalk White Bikini Top,"<p>Crinkled Seersucker construction meets architectural precision in this bikini top. Designed for the intelligent, independent woman. The Chalk White colorway with Stone Gray accents creates a sophisticated palette. Pure architectural elegance elegance.</p>",Twessie,Bikini Top,"luxury Chalk White swimwear, minimalist bikini top, minimalist luxury, high-end swimwear, Crinkled Seersucker bikini",TRUE,Color,Chalk White,Size,S,TWESSIE_EU_BT_0503-Chalk White-S,168.0,,10
twessie-eu-bt-0503,Architecture-Cut Chalk White Bikini Top,"<p>Crinkled Seersucker construction meets architectural precision in this bikini top. Designed for the intelligent, independent woman. The Chalk White colorway with Stone Gray accents creates a sophisticated palette. Pure architectural elegance elegance.</p>",Twessie,Bikini Top,"luxury Chalk White swimwear, minimalist bikini top, minimalist luxury, high-end swimwear, Crinkled Seersucker bikini",TRUE,Color,Chalk White,Size,M,TWESSIE_EU_BT_0503-Chalk White-M,168.0,,10
twessie-eu-bt-0503,Architecture-Cut Chalk White Bikini Top,"<p>Crinkled Seersucker construction meets architectural precision in this bikini top. Designed for the intelligent, independent woman. The Chalk White colorway with Stone Gray accents creates a sophisticated palette. Pure architectural elegance elegance.</p>",Twessie,Bikini Top,"luxury Chalk White swimwear, minimalist bikini top, minimalist luxury, high-end swimwear, Crinkled Seersucker bikini",TRUE,Color,Chalk White,Size,L,TWESSIE_EU_BT_0503-Chalk White-L,168.0,,10
twessie-eu-bt-0503,Architecture-Cut Chalk White Bikini Top,"<p>Crinkled Seersucker construction meets architectural precision in this bikini top. Designed for the intelligent, independent woman. The Chalk White colorway with Stone Gray accents creates a sophisticated palette. Pure architectural elegance elegance.</p>",Twessie,Bikini Top,"luxury Chalk White swimwear, minimalist bikini top, minimalist luxury, high-end swimwear, Crinkled Seersucker bikini",TRUE,Color,Chalk White,Size,XL,TWESSIE_EU_BT_0503-Chalk White-XL,168.0,,10
twessie-eu-bt-0503,Architecture-Cut Chalk White Bikini Top,"<p>Crinkled Seersucker construction meets architectural precision in this bikini top. Designed for the intelligent, independent woman. The Chalk White colorway with Stone Gray accents creates a sophisticated palette. Pure architectural elegance elegance.</p>",Twessie,Bikini Top,"luxury Chalk White swimwear, minimalist bikini top, minimalist luxury, high-end swimwear, Crinkled Seersucker bikini",TRUE,Color,Chalk White,Size,XXL,TWESSIE_EU_BT_0503-Chalk White-XXL,168.0,,10
twessie-eu-bt-0503,Architecture-Cut Chalk White Bikini Top,"<p>Crinkled Seersucker construction meets architectural precision in this bikini top. Designed for the intelligent, independent woman. The Chalk White colorway with Stone Gray accents creates a sophisticated palette. Pure architectural elegance elegance.</p>",Twessie,Bikini Top,"luxury Chalk White swimwear, minimalist bikini top, minimalist luxury, high-end swimwear, Crinkled Seersucker bikini",TRUE,Color,Stone Gray,Size,XS,TWESSIE_EU_BT_0503-Stone Gray-XS,168.0,,10
twessie-eu-bt-0503,Architecture-Cut Chalk White Bikini Top,"<p>Crinkled Seersucker construction meets architectural precision in this bikini top. Designed for the intelligent, independent woman. The Chalk White colorway with Stone Gray accents creates a sophisticated palette. Pure architectural elegance elegance.</p>",Twessie,Bikini Top,"luxury Chalk White swimwear, minimalist bikini top, minimalist luxury, high-end swimwear, Crinkled Seersucker bikini",TRUE,Color,Stone Gray,Size,S,TWESSIE_EU_BT_0503-Stone Gray-S,168.0,,10
twessie-eu-bt-0503,Architecture-Cut Chalk White Bikini Top,"<p>Crinkled Seersucker construction meets architectural precision in this bikini top. Designed for the intelligent, independent woman. The Chalk White colorway with Stone Gray accents creates a sophisticated palette. Pure architectural elegance elegance.</p>",Twessie,Bikini Top,"luxury Chalk White swimwear, minimalist bikini top, minimalist luxury, high-end swimwear, Crinkled Seersucker bikini",TRUE,Color,Stone Gray,Size,M,TWESSIE_EU_BT_0503-Stone Gray-M,168.0,,10
twessie-eu-bt-0503,Architecture-Cut Chalk White Bikini Top,"<p>Crinkled Seersucker construction meets architectural precision in this bikini top. Designed for the intelligent, independent woman. The Chalk White colorway with Stone Gray accents creates a sophisticated palette. Pure architectural elegance elegance.</p>",Twessie,Bikini Top,"luxury Chalk White swimwear, minimalist bikini top, minimalist luxury, high-end swimwear, Crinkled Seersucker bikini",TRUE,Color,Stone Gray,Size,L,TWESSIE_EU_BT_0503-Stone Gray-L,168.0,,10
twessie-eu-bt-0503,Architecture-Cut Chalk White Bikini Top,"<p>Crinkled Seersucker construction meets architectural precision in this bikini top. Designed for the intelligent, independent woman. The Chalk White colorway with Stone Gray accents creates a sophisticated palette. Pure architectural elegance elegance.</p>",Twessie,Bikini Top,"luxury Chalk White swimwear, minimalist bikini top, minimalist luxury, high-end swimwear, Crinkled Seersucker bikini",TRUE,Color,Stone Gray,Size,XL,TWESSIE_EU_BT_0503-Stone Gray-XL,168.0,,10
twessie-eu-bt-0503,Architecture-Cut Chalk White Bikini Top,"<p>Crinkled Seersucker construction meets architectural precision in this bikini top. Designed for the intelligent, independent woman. The Chalk White colorway with Stone Gray accents creates a sophisticated palette. Pure architectural elegance elegance.</p>",Twessie,Bikini Top,"luxury Chalk White swimwear, minimalist bikini top, minimalist luxury, high-end swimwear, Crinkled Seersucker bikini",TRUE,Color,Stone Gray,Size,XXL,TWESSIE_EU_BT_0503-Stone Gray-XXL,168.0,,10
twessie-au-bb-0504,Raw-Edge Olive Drab Bikini Bottom,<p>A statement piece in Matte Ribbed Knit. This bikini bottom combines intelligent aesthetic design with impeccable craftsmanship. Available in Olive Drab with Burnt Terracotta detailing. Not loud. Not obvious. Unmistakably Twessie.</p>,Twessie,Bikini Bottom,"minimalist bikini bottom, luxury Olive Drab swimwear, high-end swimwear, architectural swimsuit, minimalist luxury",TRUE,Color,Olive Drab,Size,XS,TWESSIE_AU_BB_0504-Olive Drab-XS,168.0,,10
twessie-au-bb-0504,Raw-Edge Olive Drab Bikini Bottom,<p>A statement piece in Matte Ribbed Knit. This bikini bottom combines intelligent aesthetic design with impeccable craftsmanship. Available in Olive Drab with Burnt Terracotta detailing. Not loud. Not obvious. Unmistakably Twessie.</p>,Twessie,Bikini Bottom,"minimalist bikini bottom, luxury Olive Drab swimwear, high-end swimwear, architectural swimsuit, minimalist luxury",TRUE,Color,Olive Drab,Size,S,TWESSIE_AU_BB_0504-Olive Drab-S,168.0,,10
twessie-au-bb-0504,Raw-Edge Olive Drab Bikini Bottom,<p>A statement piece in Matte Ribbed Knit. This bikini bottom combines intelligent aesthetic design with impeccable craftsmanship. Available in Olive Drab with Burnt Terracotta detailing. Not loud. Not obvious. Unmistakably Twessie.</p>,Twessie,Bikini Bottom,"minimalist bikini bottom, luxury Olive Drab swimwear, high-end swimwear, architectural swimsuit, minimalist luxury",TRUE,Color,Olive Drab,Size,M,TWESSIE_AU_BB_0504-Olive Drab-M,168.0,,10
twessie-au-bb-0504,Raw-Edge Olive Drab Bikini Bottom,<p>A statement piece in Matte Ribbed Knit. This bikini bottom combines intelligent aesthetic design with impeccable craftsmanship. Available in Olive Drab with Burnt Terracotta detailing. Not loud. Not obvious. Unmistakably Twessie.</p>,Twessie,Bikini Bottom,"minimalist bikini bottom, luxury Olive Drab swimwear, high-end swimwear, architectural swimsuit, minimalist luxury",TRUE,Color,Olive Drab,Size,L,TWESSIE_AU_BB_0504-Olive Drab-L,168.0,,10
twessie-au-bb-0504,Raw-Edge Olive Drab Bikini Bottom,<p>A statement piece in Matte Ribbed Knit. This bikini bottom combines intelligent aesthetic design with impeccable craftsmanship. Available in Olive Drab with Burnt Terracotta detailing. Not loud. Not obvious. Unmistakably Twessie.</p>,Twessie,Bikini Bottom,"minimalist bikini bottom, luxury Olive Drab swimwear, high-end swimwear, architectural swimsuit, minimalist luxury",TRUE,Color,Olive Drab,Size,XL,TWESSIE_AU_BB_0504-Olive Drab-XL,168.0,,10
twessie-au-bb-0504,Raw-Edge Olive Drab Bikini Bottom,<p>A statement piece in Matte Ribbed Knit. This bikini bottom combines intelligent aesthetic design with impeccable craftsmanship. Available in Olive Drab with Burnt Terracotta detailing. Not loud. Not obvious. Unmistakably Twessie.</p>,Twessie,Bikini Bottom,"minimalist bikini bottom, luxury Olive Drab swimwear, high-end swimwear, architectural swimsuit, minimalist luxury",TRUE,Color,Olive Drab,Size,XXL,TWESSIE_AU_BB_0504-Olive Drab-XXL,168.0,,10
twessie-au-bb-0504,Raw-Edge Olive Drab Bikini Bottom,<p>A statement piece in Matte Ribbed Knit. This bikini bottom combines intelligent aesthetic design with impeccable craftsmanship. Available in Olive Drab with Burnt Terracotta detailing. Not loud. Not obvious. Unmistakably Twessie.</p>,Twessie,Bikini Bottom,"minimalist bikini bottom, luxury Olive Drab swimwear, high-end swimwear, architectural swimsuit, minimalist luxury",TRUE,Color,Burnt Terracotta,Size,XS,TWESSIE_AU_BB_0504-Burnt Terracotta-XS,168.0,,10
twessie-au-bb-0504,Raw-Edge Olive Drab Bikini Bottom,<p>A statement piece in Matte Ribbed Knit. This bikini bottom combines intelligent aesthetic design with impeccable craftsmanship. Available in Olive Drab with Burnt Terracotta detailing. Not loud. Not obvious. Unmistakably Twessie.</p>,Twessie,Bikini Bottom,"minimalist bikini bottom, luxury Olive Drab swimwear, high-end swimwear, architectural swimsuit, minimalist luxury",TRUE,Color,Burnt Terracotta,Size,S,TWESSIE_AU_BB_0504-Burnt Terracotta-S,168.0,,10
twessie-au-bb-0504,Raw-Edge Olive Drab Bikini Bottom,<p>A statement piece in Matte Ribbed Knit. This bikini bottom combines intelligent aesthetic design with impeccable craftsmanship. Available in Olive Drab with Burnt Terracotta detailing. Not loud. Not obvious. Unmistakably Twessie.</p>,Twessie,Bikini Bottom,"minimalist bikini bottom, luxury Olive Drab swimwear, high-end swimwear, architectural swimsuit, minimalist luxury",TRUE,Color,Burnt Terracotta,Size,M,TWESSIE_AU_BB_0504-Burnt Terracotta-M,168.0,,10
twessie-au-bb-0504,Raw-Edge Olive Drab Bikini Bottom,<p>A statement piece in Matte Ribbed Knit. This bikini bottom combines intelligent aesthetic design with impeccable craftsmanship. Available in Olive Drab with Burnt Terracotta detailing. Not loud. Not obvious. Unmistakably Twessie.</p>,Twessie,Bikini Bottom,"minimalist bikini bottom, luxury Olive Drab swimwear, high-end swimwear, architectural swimsuit, minimalist luxury",TRUE,Color,Burnt Terracotta,Size,L,TWESSIE_AU_BB_0504-Burnt Terracotta-L,168.0,,10
twessie-au-bb-0504,Raw-Edge Olive Drab Bikini Bottom,<p>A statement piece in Matte Ribbed Knit. This bikini bottom combines intelligent aesthetic design with impeccable craftsmanship. Available in Olive Drab with Burnt Terracotta detailing. Not loud. Not obvious. Unmistakably Twessie.</p>,Twessie,Bikini Bottom,"minimalist bikini bottom, luxury Olive Drab swimwear, high-end swimwear, architectural swimsuit, minimalist luxury",TRUE,Color,Burnt Terracotta,Size,XL,TWESSIE_AU_BB_0504-Burnt Terracotta-XL,168.0,,10
twessie-au-bb-0504,Raw-Edge Olive Drab Bikini Bottom,<p>A statement piece in Matte Ribbed Knit. This bikini bottom combines intelligent aesthetic design with impeccable craftsmanship. Available in Olive Drab with Burnt Terracotta detailing. Not loud. Not obvious. Unmistakably Twessie.</p>,Twessie,Bikini Bottom,"minimalist bikini bottom, luxury Olive Drab swimwear, high-end swimwear, architectural swimsuit, minimalist luxury",TRUE,Color,Burnt Terracotta,Size,XXL,TWESSIE_AU_BB_0504-Burnt Terracotta-XXL,168.0,,10
twessie-au-op-0505,Olive Drab Architectural One-Piece Swimsuit,<p>A statement piece in Matte Ribbed Knit. This one-piece combines rebellious yet refined design with impeccable craftsmanship. Available in Olive Drab with Burnt Terracotta detailing. Not loud. Not obvious. Unmistakably Twessie.</p>,Twessie,One-Piece,"minimalist one-piece, Matte Ribbed Knit bikini, independent fashion, minimalist luxury, architectural swimsuit",TRUE,Color,Olive Drab,Size,XS,TWESSIE_AU_OP_0505-Olive Drab-XS,168.0,,10
twessie-au-op-0505,Olive Drab Architectural One-Piece Swimsuit,<p>A statement piece in Matte Ribbed Knit. This one-piece combines rebellious yet refined design with impeccable craftsmanship. Available in Olive Drab with Burnt Terracotta detailing. Not loud. Not obvious. Unmistakably Twessie.</p>,Twessie,One-Piece,"minimalist one-piece, Matte Ribbed Knit bikini, independent fashion, minimalist luxury, architectural swimsuit",TRUE,Color,Olive Drab,Size,S,TWESSIE_AU_OP_0505-Olive Drab-S,168.0,,10
twessie-au-op-0505,Olive Drab Architectural One-Piece Swimsuit,<p>A statement piece in Matte Ribbed Knit. This one-piece combines rebellious yet refined design with impeccable craftsmanship. Available in Olive Drab with Burnt Terracotta detailing. Not loud. Not obvious. Unmistakably Twessie.</p>,Twessie,One-Piece,"minimalist one-piece, Matte Ribbed Knit bikini, independent fashion, minimalist luxury, architectural swimsuit",TRUE,Color,Olive Drab,Size,M,TWESSIE_AU_OP_0505-Olive Drab-M,168.0,,10
twessie-au-op-0505,Olive Drab Architectural One-Piece Swimsuit,<p>A statement piece in Matte Ribbed Knit. This one-piece combines rebellious yet refined design with impeccable craftsmanship. Available in Olive Drab with Burnt Terracotta detailing. Not loud. Not obvious. Unmistakably Twessie.</p>,Twessie,One-Piece,"minimalist one-piece, Matte Ribbed Knit bikini, independent fashion, minimalist luxury, architectural swimsuit",TRUE,Color,Olive Drab,Size,L,TWESSIE_AU_OP_0505-Olive Drab-L,168.0,,10
twessie-au-op-0505,Olive Drab Architectural One-Piece Swimsuit,<p>A statement piece in Matte Ribbed Knit. This one-piece combines rebellious yet refined design with impeccable craftsmanship. Available in Olive Drab with Burnt Terracotta detailing. Not loud. Not obvious. Unmistakably Twessie.</p>,Twessie,One-Piece,"minimalist one-piece, Matte Ribbed Knit bikini, independent fashion, minimalist luxury, architectural swimsuit",TRUE,Color,Olive Drab,Size,XL,TWESSIE_AU_OP_0505-Olive Drab-XL,168.0,,10
twessie-au-op-0505,Olive Drab Architectural One-Piece Swimsuit,<p>A statement piece in Matte Ribbed Knit. This one-piece combines rebellious yet refined design with impeccable craftsmanship. Available in Olive Drab with Burnt Terracotta detailing. Not loud. Not obvious. Unmistakably Twessie.</p>,Twessie,One-Piece,"minimalist one-piece, Matte Ribbed Knit bikini, independent fashion, minimalist luxury, architectural swimsuit",TRUE,Color,Olive Drab,Size,XXL,TWESSIE_AU_OP_0505-Olive Drab-XXL,168.0,,10
twessie-au-op-0505,Olive Drab Architectural One-Piece Swimsuit,<p>A statement piece in Matte Ribbed Knit. This one-piece combines rebellious yet refined design with impeccable craftsmanship. Available in Olive Drab with Burnt Terracotta detailing. Not loud. Not obvious. Unmistakably Twessie.</p>,Twessie,One-Piece,"minimalist one-piece, Matte Ribbed Knit bikini, independent fashion, minimalist luxury, architectural swimsuit",TRUE,Color,Burnt Terracotta,Size,XS,TWESSIE_AU_OP_0505-Burnt Terracotta-XS,168.0,,10
twessie-au-op-0505,Olive Drab Architectural One-Piece Swimsuit,<p>A statement piece in Matte Ribbed Knit. This one-piece combines rebellious yet refined design with impeccable craftsmanship. Available in Olive Drab with Burnt Terracotta detailing. Not loud. Not obvious. Unmistakably Twessie.</p>,Twessie,One-Piece,"minimalist one-piece, Matte Ribbed Knit bikini, independent fashion, minimalist luxury, architectural swimsuit",TRUE,Color,Burnt Terracotta,Size,S,TWESSIE_AU_OP_0505-Burnt Terracotta-S,168.0,,10
twessie-au-op-0505,Olive Drab Architectural One-Piece Swimsuit,<p>A statement piece in Matte Ribbed Knit. This one-piece combines rebellious yet refined design with impeccable craftsmanship. Available in Olive Drab with Burnt Terracotta detailing. Not loud. Not obvious. Unmistakably Twessie.</p>,Twessie,One-Piece,"minimalist one-piece, Matte Ribbed Knit bikini, independent fashion, minimalist luxury, architectural swimsuit",TRUE,Color,Burnt Terracotta,Size,M,TWESSIE_AU_OP_0505-Burnt Terracotta-M,168.0,,10
twessie-au-op-0505,Olive Drab Architectural One-Piece Swimsuit,<p>A statement piece in Matte Ribbed Knit. This one-piece combines rebellious yet refined design with impeccable craftsmanship. Available in Olive Drab with Burnt Terracotta detailing. Not loud. Not obvious. Unmistakably Twessie.</p>,Twessie,One-Piece,"minimalist one-piece, Matte Ribbed Knit bikini, independent fashion, minimalist luxury, architectural swimsuit",TRUE,Color,Burnt Terracotta,Size,L,TWESSIE_AU_OP_0505-Burnt Terracotta-L,168.0,,10
twessie-au-op-0505,Olive Drab Architectural One-Piece Swimsuit,<p>A statement piece in Matte Ribbed Knit. This one-piece combines rebellious yet refined design with impeccable craftsmanship. Available in Olive Drab with Burnt Terracotta detailing. Not loud. Not obvious. Unmistakably Twessie.</p>,Twessie,One-Piece,"minimalist one-piece, Matte Ribbed Knit bikini, independent fashion, minimalist luxury, architectural swimsuit",TRUE,Color,Burnt Terracotta,Size,XL,TWESSIE_AU_OP_0505-Burnt Terracotta-XL,168.0,,10
twessie-au-op-0505,Olive Drab Architectural One-Piece Swimsuit,<p>A statement piece in Matte Ribbed Knit. This one-piece combines rebellious yet refined design with impeccable craftsmanship. Available in Olive Drab with Burnt Terracotta detailing. Not loud. Not obvious. Unmistakably Twessie.</p>,Twessie,One-Piece,"minimalist one-piece, Matte Ribbed Knit bikini, independent fashion, minimalist luxury, architectural swimsuit",TRUE,Color,Burnt Terracotta,Size,XXL,TWESSIE_AU_OP_0505-Burnt Terracotta-XXL,168.0,,10
twessie-na-bt-0506,Minimalist Burnt Terracotta Textured Bikini Top,"<p>Matte Ribbed Knit construction meets architectural precision in this bikini top. Designed for the intelligent, independent woman. The Burnt Terracotta colorway with Olive Drab accents creates a sophisticated palette. Pure rebellious yet refined elegance.</p>",Twessie,Bikini Top,"independent fashion, architectural swimsuit, Matte Ribbed Knit bikini, luxury Burnt Terracotta swimwear, minimalist bikini top",TRUE,Color,Burnt Terracotta,Size,XS,TWESSIE_NA_BT_0506-Burnt Terracotta-XS,168.0,,10
twessie-na-bt-0506,Minimalist Burnt Terracotta Textured Bikini Top,"<p>Matte Ribbed Knit construction meets architectural precision in this bikini top. Designed for the intelligent, independent woman. The Burnt Terracotta colorway with Olive Drab accents creates a sophisticated palette. Pure rebellious yet refined elegance.</p>",Twessie,Bikini Top,"independent fashion, architectural swimsuit, Matte Ribbed Knit bikini, luxury Burnt Terracotta swimwear, minimalist bikini top",TRUE,Color,Burnt Terracotta,Size,S,TWESSIE_NA_BT_0506-Burnt Terracotta-S,168.0,,10
twessie-na-bt-0506,Minimalist Burnt Terracotta Textured Bikini Top,"<p>Matte Ribbed Knit construction meets architectural precision in this bikini top. Designed for the intelligent, independent woman. The Burnt Terracotta colorway with Olive Drab accents creates a sophisticated palette. Pure rebellious yet refined elegance.</p>",Twessie,Bikini Top,"independent fashion, architectural swimsuit, Matte Ribbed Knit bikini, luxury Burnt Terracotta swimwear, minimalist bikini top",TRUE,Color,Burnt Terracotta,Size,M,TWESSIE_NA_BT_0506-Burnt Terracotta-M,168.0,,10
twessie-na-bt-0506,Minimalist Burnt Terracotta Textured Bikini Top,"<p>Matte Ribbed Knit construction meets architectural precision in this bikini top. Designed for the intelligent, independent woman. The Burnt Terracotta colorway with Olive Drab accents creates a sophisticated palette. Pure rebellious yet refined elegance.</p>",Twessie,Bikini Top,"independent fashion, architectural swimsuit, Matte Ribbed Knit bikini, luxury Burnt Terracotta swimwear, minimalist bikini top",TRUE,Color,Burnt Terracotta,Size,L,TWESSIE_NA_BT_0506-Burnt Terracotta-L,168.0,,10
twessie-na-bt-0506,Minimalist Burnt Terracotta Textured Bikini Top,"<p>Matte Ribbed Knit construction meets architectural precision in this bikini top. Designed for the intelligent, independent woman. The Burnt Terracotta colorway with Olive Drab accents creates a sophisticated palette. Pure rebellious yet refined elegance.</p>",Twessie,Bikini Top,"independent fashion, architectural swimsuit, Matte Ribbed Knit bikini, luxury Burnt Terracotta swimwear, minimalist bikini top",TRUE,Color,Burnt Terracotta,Size,XL,TWESSIE_NA_BT_0506-Burnt Terracotta-XL,168.0,,10
twessie-na-bt-0506,Minimalist Burnt Terracotta Textured Bikini Top,"<p>Matte Ribbed Knit construction meets architectural precision in this bikini top. Designed for the intelligent, independent woman. The Burnt Terracotta colorway with Olive Drab accents creates a sophisticated palette. Pure rebellious yet refined elegance.</p>",Twessie,Bikini Top,"independent fashion, architectural swimsuit, Matte Ribbed Knit bikini, luxury Burnt Terracotta swimwear, minimalist bikini top",TRUE,Color,Burnt Terracotta,Size,XXL,TWESSIE_NA_BT_0506-Burnt Terracotta-XXL,168.0,,10
twessie-na-bt-0506,Minimalist Burnt Terracotta Textured Bikini Top,"<p>Matte Ribbed Knit construction meets architectural precision in this bikini top. Designed for the intelligent, independent woman. The Burnt Terracotta colorway with Olive Drab accents creates a sophisticated palette. Pure rebellious yet refined elegance.</p>",Twessie,Bikini Top,"independent fashion, architectural swimsuit, Matte Ribbed Knit bikini, luxury Burnt Terracotta swimwear, minimalist bikini top",TRUE,Color,Olive Drab,Size,XS,TWESSIE_NA_BT_0506-Olive Drab-XS,168.0,,10
twessie-na-bt-0506,Minimalist Burnt Terracotta Textured Bikini Top,"<p>Matte Ribbed Knit construction meets architectural precision in this bikini top. Designed for the intelligent, independent woman. The Burnt Terracotta colorway with Olive Drab accents creates a sophisticated palette. Pure rebellious yet refined elegance.</p>",Twessie,Bikini Top,"independent fashion, architectural swimsuit, Matte Ribbed Knit bikini, luxury Burnt Terracotta swimwear, minimalist bikini top",TRUE,Color,Olive Drab,Size,S,TWESSIE_NA_BT_0506-Olive Drab-S,168.0,,10
twessie-na-bt-0506,Minimalist Burnt Terracotta Textured Bikini Top,"<p>Matte Ribbed Knit construction meets architectural precision in this bikini top. Designed for the intelligent, independent woman. The Burnt Terracotta colorway with Olive Drab accents creates a sophisticated palette. Pure rebellious yet refined elegance.</p>",Twessie,Bikini Top,"independent fashion, architectural swimsuit, Matte Ribbed Knit bikini, luxury Burnt Terracotta swimwear, minimalist bikini top",TRUE,Color,Olive Drab,Size,M,TWESSIE_NA_BT_0506-Olive Drab-M,168.0,,10
twessie-na-bt-0506,Minimalist Burnt Terracotta Textured Bikini Top,"<p>Matte Ribbed Knit construction meets architectural precision in this bikini top. Designed for the intelligent, independent woman. The Burnt Terracotta colorway with Olive Drab accents creates a sophisticated palette. Pure rebellious yet refined elegance.</p>",Twessie,Bikini Top,"independent fashion, architectural swimsuit, Matte Ribbed Knit bikini, luxury Burnt Terracotta swimwear, minimalist bikini top",TRUE,Color,Olive Drab,Size,L,TWESSIE_NA_BT_0506-Olive Drab-L,168.0,,10
twessie-na-bt-0506,Minimalist Burnt Terracotta Textured Bikini Top,"<p>Matte Ribbed Knit construction meets architectural precision in this bikini top. Designed for the intelligent, independent woman. The Burnt Terracotta colorway with Olive Drab accents creates a sophisticated palette. Pure rebellious yet refined elegance.</p>",Twessie,Bikini Top,"independent fashion, architectural swimsuit, Matte Ribbed Knit bikini, luxury Burnt Terracotta swimwear, minimalist bikini top",TRUE,Color,Olive Drab,Size,XL,TWESSIE_NA_BT_0506-Olive Drab-XL,168.0,,10
twessie-na-bt-0506,Minimalist Burnt Terracotta Textured Bikini Top,"<p>Matte Ribbed Knit construction meets architectural precision in this bikini top. Designed for the intelligent, independent woman. The Burnt Terracotta colorway with Olive Drab accents creates a sophisticated palette. Pure rebellious yet refined elegance.</p>",Twessie,Bikini Top,"independent fashion, architectural swimsuit, Matte Ribbed Knit bikini, luxury Burnt Terracotta swimwear, minimalist bikini top",TRUE,Color,Olive Drab,Size,XXL,TWESSIE_NA_BT_0506-Olive Drab-XXL,168.0,,10
twessie-au-bb-0507,High-Cut Chalk White Bikini Brief,<p>Crafted in premium Crinkled Seersucker with Econyl Sleek Satin accents. This bikini bottom epitomizes architectural elegance luxury. Featuring color-blocking in Chalk White and Stone Gray. Perfect for the discerning swimmer who refuses the obvious.</p>,Twessie,Bikini Bottom,"high-end swimwear, minimalist luxury, luxury Chalk White swimwear, architectural swimsuit, minimalist bikini bottom",TRUE,Color,Chalk White,Size,XS,TWESSIE_AU_BB_0507-Chalk White-XS,168.0,,10
twessie-au-bb-0507,High-Cut Chalk White Bikini Brief,<p>Crafted in premium Crinkled Seersucker with Econyl Sleek Satin accents. This bikini bottom epitomizes architectural elegance luxury. Featuring color-blocking in Chalk White and Stone Gray. Perfect for the discerning swimmer who refuses the obvious.</p>,Twessie,Bikini Bottom,"high-end swimwear, minimalist luxury, luxury Chalk White swimwear, architectural swimsuit, minimalist bikini bottom",TRUE,Color,Chalk White,Size,S,TWESSIE_AU_BB_0507-Chalk White-S,168.0,,10
twessie-au-bb-0507,High-Cut Chalk White Bikini Brief,<p>Crafted in premium Crinkled Seersucker with Econyl Sleek Satin accents. This bikini bottom epitomizes architectural elegance luxury. Featuring color-blocking in Chalk White and Stone Gray. Perfect for the discerning swimmer who refuses the obvious.</p>,Twessie,Bikini Bottom,"high-end swimwear, minimalist luxury, luxury Chalk White swimwear, architectural swimsuit, minimalist bikini bottom",TRUE,Color,Chalk White,Size,M,TWESSIE_AU_BB_0507-Chalk White-M,168.0,,10
twessie-au-bb-0507,High-Cut Chalk White Bikini Brief,<p>Crafted in premium Crinkled Seersucker with Econyl Sleek Satin accents. This bikini bottom epitomizes architectural elegance luxury. Featuring color-blocking in Chalk White and Stone Gray. Perfect for the discerning swimmer who refuses the obvious.</p>,Twessie,Bikini Bottom,"high-end swimwear, minimalist luxury, luxury Chalk White swimwear, architectural swimsuit, minimalist bikini bottom",TRUE,Color,Chalk White,Size,L,TWESSIE_AU_BB_0507-Chalk White-L,168.0,,10
twessie-au-bb-0507,High-Cut Chalk White Bikini Brief,<p>Crafted in premium Crinkled Seersucker with Econyl Sleek Satin accents. This bikini bottom epitomizes architectural elegance luxury. Featuring color-blocking in Chalk White and Stone Gray. Perfect for the discerning swimmer who refuses the obvious.</p>,Twessie,Bikini Bottom,"high-end swimwear, minimalist luxury, luxury Chalk White swimwear, architectural swimsuit, minimalist bikini bottom",TRUE,Color,Chalk White,Size,XL,TWESSIE_AU_BB_0507-Chalk White-XL,168.0,,10
twessie-au-bb-0507,High-Cut Chalk White Bikini Brief,<p>Crafted in premium Crinkled Seersucker with Econyl Sleek Satin accents. This bikini bottom epitomizes architectural elegance luxury. Featuring color-blocking in Chalk White and Stone Gray. Perfect for the discerning swimmer who refuses the obvious.</p>,Twessie,Bikini Bottom,"high-end swimwear, minimalist luxury, luxury Chalk White swimwear, architectural swimsuit, minimalist bikini bottom",TRUE,Color,Chalk White,Size,XXL,TWESSIE_AU_BB_0507-Chalk White-XXL,168.0,,10
twessie-au-bb-0507,High-Cut Chalk White Bikini Brief,<p>Crafted in premium Crinkled Seersucker with Econyl Sleek Satin accents. This bikini bottom epitomizes architectural elegance luxury. Featuring color-blocking in Chalk White and Stone Gray. Perfect for the discerning swimmer who refuses the obvious.</p>,Twessie,Bikini Bottom,"high-end swimwear, minimalist luxury, luxury Chalk White swimwear, architectural swimsuit, minimalist bikini bottom",TRUE,Color,Stone Gray,Size,XS,TWESSIE_AU_BB_0507-Stone Gray-XS,168.0,,10
twessie-au-bb-0507,High-Cut Chalk White Bikini Brief,<p>Crafted in premium Crinkled Seersucker with Econyl Sleek Satin accents. This bikini bottom epitomizes architectural elegance luxury. Featuring color-blocking in Chalk White and Stone Gray. Perfect for the discerning swimmer who refuses the obvious.</p>,Twessie,Bikini Bottom,"high-end swimwear, minimalist luxury, luxury Chalk White swimwear, architectural swimsuit, minimalist bikini bottom",TRUE,Color,Stone Gray,Size,S,TWESSIE_AU_BB_0507-Stone Gray-S,168.0,,10
twessie-au-bb-0507,High-Cut Chalk White Bikini Brief,<p>Crafted in premium Crinkled Seersucker with Econyl Sleek Satin accents. This bikini bottom epitomizes architectural elegance luxury. Featuring color-blocking in Chalk White and Stone Gray. Perfect for the discerning swimmer who refuses the obvious.</p>,Twessie,Bikini Bottom,"high-end swimwear, minimalist luxury, luxury Chalk White swimwear, architectural swimsuit, minimalist bikini bottom",TRUE,Color,Stone Gray,Size,M,TWESSIE_AU_BB_0507-Stone Gray-M,168.0,,10
twessie-au-bb-0507,High-Cut Chalk White Bikini Brief,<p>Crafted in premium Crinkled Seersucker with Econyl Sleek Satin accents. This bikini bottom epitomizes architectural elegance luxury. Featuring color-blocking in Chalk White and Stone Gray. Perfect for the discerning swimmer who refuses the obvious.</p>,Twessie,Bikini Bottom,"high-end swimwear, minimalist luxury, luxury Chalk White swimwear, architectural swimsuit, minimalist bikini bottom",TRUE,Color,Stone Gray,Size,L,TWESSIE_AU_BB_0507-Stone Gray-L,168.0,,10
twessie-au-bb-0507,High-Cut Chalk White Bikini Brief,<p>Crafted in premium Crinkled Seersucker with Econyl Sleek Satin accents. This bikini bottom epitomizes architectural elegance luxury. Featuring color-blocking in Chalk White and Stone Gray. Perfect for the discerning swimmer who refuses the obvious.</p>,Twessie,Bikini Bottom,"high-end swimwear, minimalist luxury, luxury Chalk White swimwear, architectural swimsuit, minimalist bikini bottom",TRUE,Color,Stone Gray,Size,XL,TWESSIE_AU_BB_0507-Stone Gray-XL,168.0,,10
twessie-au-bb-0507,High-Cut Chalk White Bikini Brief,<p>Crafted in premium Crinkled Seersucker with Econyl Sleek Satin accents. This bikini bottom epitomizes architectural elegance luxury. Featuring color-blocking in Chalk White and Stone Gray. Perfect for the discerning swimmer who refuses the obvious.</p>,Twessie,Bikini Bottom,"high-end swimwear, minimalist luxury, luxury Chalk White swimwear, architectural swimsuit, minimalist bikini bottom",TRUE,Color,Stone Gray,Size,XXL,TWESSIE_AU_BB_0507-Stone Gray-XXL,168.0,,10
twessie-eu-bt-0508,Minimalist Olive Drab Textured Bikini Top,<p>Crafted in premium Matte Ribbed Knit with Crinkled Seersucker accents. This bikini top epitomizes minimalist luxury luxury. Featuring color-blocking in Olive Drab and Burnt Terracotta. Perfect for the discerning swimmer who refuses the obvious.</p>,Twessie,Bikini Top,"high-end swimwear, Matte Ribbed Knit bikini, luxury Olive Drab swimwear, independent fashion, minimalist luxury",TRUE,Color,Olive Drab,Size,XS,TWESSIE_EU_BT_0508-Olive Drab-XS,168.0,,10
twessie-eu-bt-0508,Minimalist Olive Drab Textured Bikini Top,<p>Crafted in premium Matte Ribbed Knit with Crinkled Seersucker accents. This bikini top epitomizes minimalist luxury luxury. Featuring color-blocking in Olive Drab and Burnt Terracotta. Perfect for the discerning swimmer who refuses the obvious.</p>,Twessie,Bikini Top,"high-end swimwear, Matte Ribbed Knit bikini, luxury Olive Drab swimwear, independent fashion, minimalist luxury",TRUE,Color,Olive Drab,Size,S,TWESSIE_EU_BT_0508-Olive Drab-S,168.0,,10
twessie-eu-bt-0508,Minimalist Olive Drab Textured Bikini Top,<p>Crafted in premium Matte Ribbed Knit with Crinkled Seersucker accents. This bikini top epitomizes minimalist luxury luxury. Featuring color-blocking in Olive Drab and Burnt Terracotta. Perfect for the discerning swimmer who refuses the obvious.</p>,Twessie,Bikini Top,"high-end swimwear, Matte Ribbed Knit bikini, luxury Olive Drab swimwear, independent fashion, minimalist luxury",TRUE,Color,Olive Drab,Size,M,TWESSIE_EU_BT_0508-Olive Drab-M,168.0,,10
twessie-eu-bt-0508,Minimalist Olive Drab Textured Bikini Top,<p>Crafted in premium Matte Ribbed Knit with Crinkled Seersucker accents. This bikini top epitomizes minimalist luxury luxury. Featuring color-blocking in Olive Drab and Burnt Terracotta. Perfect for the discerning swimmer who refuses the obvious.</p>,Twessie,Bikini Top,"high-end swimwear, Matte Ribbed Knit bikini, luxury Olive Drab swimwear, independent fashion, minimalist luxury",TRUE,Color,Olive Drab,Size,L,TWESSIE_EU_BT_0508-Olive Drab-L,168.0,,10
twessie-eu-bt-0508,Minimalist Olive Drab Textured Bikini Top,<p>Crafted in premium Matte Ribbed Knit with Crinkled Seersucker accents. This bikini top epitomizes minimalist luxury luxury. Featuring color-blocking in Olive Drab and Burnt Terracotta. Perfect for the discerning swimmer who refuses the obvious.</p>,Twessie,Bikini Top,"high-end swimwear, Matte Ribbed Knit bikini, luxury Olive Drab swimwear, independent fashion, minimalist luxury",TRUE,Color,Olive Drab,Size,XL,TWESSIE_EU_BT_0508-Olive Drab-XL,168.0,,10
twessie-eu-bt-0508,Minimalist Olive Drab Textured Bikini Top,<p>Crafted in premium Matte Ribbed Knit with Crinkled Seersucker accents. This bikini top epitomizes minimalist luxury luxury. Featuring color-blocking in Olive Drab and Burnt Terracotta. Perfect for the discerning swimmer who refuses the obvious.</p>,Twessie,Bikini Top,"high-end swimwear, Matte Ribbed Knit bikini, luxury Olive Drab swimwear, independent fashion, minimalist luxury",TRUE,Color,Olive Drab,Size,XXL,TWESSIE_EU_BT_0508-Olive Drab-XXL,168.0,,10
twessie-eu-bt-0508,Minimalist Olive Drab Textured Bikini Top,<p>Crafted in premium Matte Ribbed Knit with Crinkled Seersucker accents. This bikini top epitomizes minimalist luxury luxury. Featuring color-blocking in Olive Drab and Burnt Terracotta. Perfect for the discerning swimmer who refuses the obvious.</p>,Twessie,Bikini Top,"high-end swimwear, Matte Ribbed Knit bikini, luxury Olive Drab swimwear, independent fashion, minimalist luxury",TRUE,Color,Burnt Terracotta,Size,XS,TWESSIE_EU_BT_0508-Burnt Terracotta-XS,168.0,,10
twessie-eu-bt-0508,Minimalist Olive Drab Textured Bikini Top,<p>Crafted in premium Matte Ribbed Knit with Crinkled Seersucker accents. This bikini top epitomizes minimalist luxury luxury. Featuring color-blocking in Olive Drab and Burnt Terracotta. Perfect for the discerning swimmer who refuses the obvious.</p>,Twessie,Bikini Top,"high-end swimwear, Matte Ribbed Knit bikini, luxury Olive Drab swimwear, independent fashion, minimalist luxury",TRUE,Color,Burnt Terracotta,Size,S,TWESSIE_EU_BT_0508-Burnt Terracotta-S,168.0,,10
twessie-eu-bt-0508,Minimalist Olive Drab Textured Bikini Top,<p>Crafted in premium Matte Ribbed Knit with Crinkled Seersucker accents. This bikini top epitomizes minimalist luxury luxury. Featuring color-blocking in Olive Drab and Burnt Terracotta. Perfect for the discerning swimmer who refuses the obvious.</p>,Twessie,Bikini Top,"high-end swimwear, Matte Ribbed Knit bikini, luxury Olive Drab swimwear, independent fashion, minimalist luxury",TRUE,Color,Burnt Terracotta,Size,M,TWESSIE_EU_BT_0508-Burnt Terracotta-M,168.0,,10
twessie-eu-bt-0508,Minimalist Olive Drab Textured Bikini Top,<p>Crafted in premium Matte Ribbed Knit with Crinkled Seersucker accents. This bikini top epitomizes minimalist luxury luxury. Featuring color-blocking in Olive Drab and Burnt Terracotta. Perfect for the discerning swimmer who refuses the obvious.</p>,Twessie,Bikini Top,"high-end swimwear, Matte Ribbed Knit bikini, luxury Olive Drab swimwear, independent fashion, minimalist luxury",TRUE,Color,Burnt Terracotta,Size,L,TWESSIE_EU_BT_0508-Burnt Terracotta-L,168.0,,10
twessie-eu-bt-0508,Minimalist Olive Drab Textured Bikini Top,<p>Crafted in premium Matte Ribbed Knit with Crinkled Seersucker accents. This bikini top epitomizes minimalist luxury luxury. Featuring color-blocking in Olive Drab and Burnt Terracotta. Perfect for the discerning swimmer who refuses the obvious.</p>,Twessie,Bikini Top,"high-end swimwear, Matte Ribbed Knit bikini, luxury Olive Drab swimwear, independent fashion, minimalist luxury",TRUE,Color,Burnt Terracotta,Size,XL,TWESSIE_EU_BT_0508-Burnt Terracotta-XL,168.0,,10
twessie-eu-bt-0508,Minimalist Olive Drab Textured Bikini Top,<p>Crafted in premium Matte Ribbed Knit with Crinkled Seersucker accents. This bikini top epitomizes minimalist luxury luxury. Featuring color-blocking in Olive Drab and Burnt Terracotta. Perfect for the discerning swimmer who refuses the obvious.</p>,Twessie,Bikini Top,"high-end swimwear, Matte Ribbed Knit bikini, luxury Olive Drab swimwear, independent fashion, minimalist luxury",TRUE,Color,Burnt Terracotta,Size,XXL,TWESSIE_EU_BT_0508-Burnt Terracotta-XXL,168.0,,10
twessie-jp-bb-0509,High-Cut Stone Gray Bikini Brief,<p>Crafted in premium Crinkled Seersucker with Matte Ribbed Knit accents. This bikini bottom epitomizes intelligent aesthetic luxury. Featuring color-blocking in Stone Gray and Chalk White. Perfect for the discerning swimmer who refuses the obvious.</p>,Twessie,Bikini Bottom,"luxury Stone Gray swimwear, Crinkled Seersucker bikini, high-end swimwear, independent fashion, architectural swimsuit",TRUE,Color,Stone Gray,Size,XS,TWESSIE_JP_BB_0509-Stone Gray-XS,168.0,,10
twessie-jp-bb-0509,High-Cut Stone Gray Bikini Brief,<p>Crafted in premium Crinkled Seersucker with Matte Ribbed Knit accents. This bikini bottom epitomizes intelligent aesthetic luxury. Featuring color-blocking in Stone Gray and Chalk White. Perfect for the discerning swimmer who refuses the obvious.</p>,Twessie,Bikini Bottom,"luxury Stone Gray swimwear, Crinkled Seersucker bikini, high-end swimwear, independent fashion, architectural swimsuit",TRUE,Color,Stone Gray,Size,S,TWESSIE_JP_BB_0509-Stone Gray-S,168.0,,10
twessie-jp-bb-0509,High-Cut Stone Gray Bikini Brief,<p>Crafted in premium Crinkled Seersucker with Matte Ribbed Knit accents. This bikini bottom epitomizes intelligent aesthetic luxury. Featuring color-blocking in Stone Gray and Chalk White. Perfect for the discerning swimmer who refuses the obvious.</p>,Twessie,Bikini Bottom,"luxury Stone Gray swimwear, Crinkled Seersucker bikini, high-end swimwear, independent fashion, architectural swimsuit",TRUE,Color,Stone Gray,Size,M,TWESSIE_JP_BB_0509-Stone Gray-M,168.0,,10
twessie-jp-bb-0509,High-Cut Stone Gray Bikini Brief,<p>Crafted in premium Crinkled Seersucker with Matte Ribbed Knit accents. This bikini bottom epitomizes intelligent aesthetic luxury. Featuring color-blocking in Stone Gray and Chalk White. Perfect for the discerning swimmer who refuses the obvious.</p>,Twessie,Bikini Bottom,"luxury Stone Gray swimwear, Crinkled Seersucker bikini, high-end swimwear, independent fashion, architectural swimsuit",TRUE,Color,Stone Gray,Size,L,TWESSIE_JP_BB_0509-Stone Gray-L,168.0,,10
twessie-jp-bb-0509,High-Cut Stone Gray Bikini Brief,<p>Crafted in premium Crinkled Seersucker with Matte Ribbed Knit accents. This bikini bottom epitomizes intelligent aesthetic luxury. Featuring color-blocking in Stone Gray and Chalk White. Perfect for the discerning swimmer who refuses the obvious.</p>,Twessie,Bikini Bottom,"luxury Stone Gray swimwear, Crinkled Seersucker bikini, high-end swimwear, independent fashion, architectural swimsuit",TRUE,Color,Stone Gray,Size,XL,TWESSIE_JP_BB_0509-Stone Gray-XL,168.0,,10
twessie-jp-bb-0509,High-Cut Stone Gray Bikini Brief,<p>Crafted in premium Crinkled Seersucker with Matte Ribbed Knit accents. This bikini bottom epitomizes intelligent aesthetic luxury. Featuring color-blocking in Stone Gray and Chalk White. Perfect for the discerning swimmer who refuses the obvious.</p>,Twessie,Bikini Bottom,"luxury Stone Gray swimwear, Crinkled Seersucker bikini, high-end swimwear, independent fashion, architectural swimsuit",TRUE,Color,Stone Gray,Size,XXL,TWESSIE_JP_BB_0509-Stone Gray-XXL,168.0,,10
twessie-jp-bb-0509,High-Cut Stone Gray Bikini Brief,<p>Crafted in premium Crinkled Seersucker with Matte Ribbed Knit accents. This bikini bottom epitomizes intelligent aesthetic luxury. Featuring color-blocking in Stone Gray and Chalk White. Perfect for the discerning swimmer who refuses the obvious.</p>,Twessie,Bikini Bottom,"luxury Stone Gray swimwear, Crinkled Seersucker bikini, high-end swimwear, independent fashion, architectural swimsuit",TRUE,Color,Chalk White,Size,XS,TWESSIE_JP_BB_0509-Chalk White-XS,168.0,,10
twessie-jp-bb-0509,High-Cut Stone Gray Bikini Brief,<p>Crafted in premium Crinkled Seersucker with Matte Ribbed Knit accents. This bikini bottom epitomizes intelligent aesthetic luxury. Featuring color-blocking in Stone Gray and Chalk White. Perfect for the discerning swimmer who refuses the obvious.</p>,Twessie,Bikini Bottom,"luxury Stone Gray swimwear, Crinkled Seersucker bikini, high-end swimwear, independent fashion, architectural swimsuit",TRUE,Color,Chalk White,Size,S,TWESSIE_JP_BB_0509-Chalk White-S,168.0,,10
twessie-jp-bb-0509,High-Cut Stone Gray Bikini Brief,<p>Crafted in premium Crinkled Seersucker with Matte Ribbed Knit accents. This bikini bottom epitomizes intelligent aesthetic luxury. Featuring color-blocking in Stone Gray and Chalk White. Perfect for the discerning swimmer who refuses the obvious.</p>,Twessie,Bikini Bottom,"luxury Stone Gray swimwear, Crinkled Seersucker bikini, high-end swimwear, independent fashion, architectural swimsuit",TRUE,Color,Chalk White,Size,M,TWESSIE_JP_BB_0509-Chalk White-M,168.0,,10
twessie-jp-bb-0509,High-Cut Stone Gray Bikini Brief,<p>Crafted in premium Crinkled Seersucker with Matte Ribbed Knit accents. This bikini bottom epitomizes intelligent aesthetic luxury. Featuring color-blocking in Stone Gray and Chalk White. Perfect for the discerning swimmer who refuses the obvious.</p>,Twessie,Bikini Bottom,"luxury Stone Gray swimwear, Crinkled Seersucker bikini, high-end swimwear, independent fashion, architectural swimsuit",TRUE,Color,Chalk White,Size,L,TWESSIE_JP_BB_0509-Chalk White-L,168.0,,10
twessie-jp-bb-0509,High-Cut Stone Gray Bikini Brief,<p>Crafted in premium Crinkled Seersucker with Matte Ribbed Knit accents. This bikini bottom epitomizes intelligent aesthetic luxury. Featuring color-blocking in Stone Gray and Chalk White. Perfect for the discerning swimmer who refuses the obvious.</p>,Twessie,Bikini Bottom,"luxury Stone Gray swimwear, Crinkled Seersucker bikini, high-end swimwear, independent fashion, architectural swimsuit",TRUE,Color,Chalk White,Size,XL,TWESSIE_JP_BB_0509-Chalk White-XL,168.0,,10
twessie-jp-bb-0509,High-Cut Stone Gray Bikini Brief,<p>Crafted in premium Crinkled Seersucker with Matte Ribbed Knit accents. This bikini bottom epitomizes intelligent aesthetic luxury. Featuring color-blocking in Stone Gray and Chalk White. Perfect for the discerning swimmer who refuses the obvious.</p>,Twessie,Bikini Bottom,"luxury Stone Gray swimwear, Crinkled Seersucker bikini, high-end swimwear, independent fashion, architectural swimsuit",TRUE,Color,Chalk White,Size,XXL,TWESSIE_JP_BB_0509-Chalk White-XXL,168.0,,10
twessie-eu-bt-0510,Architecture-Cut Stone Gray Bikini Top,"<p>Crinkled Seersucker construction meets architectural precision in this bikini top. Designed for the intelligent, independent woman. The Stone Gray colorway with Chalk White accents creates a sophisticated palette. Pure rebellious yet refined elegance.</p>",Twessie,Bikini Top,"high-end swimwear, minimalist luxury, independent fashion, architectural swimsuit, luxury Stone Gray swimwear",TRUE,Color,Stone Gray,Size,XS,TWESSIE_EU_BT_0510-Stone Gray-XS,168.0,,10
twessie-eu-bt-0510,Architecture-Cut Stone Gray Bikini Top,"<p>Crinkled Seersucker construction meets architectural precision in this bikini top. Designed for the intelligent, independent woman. The Stone Gray colorway with Chalk White accents creates a sophisticated palette. Pure rebellious yet refined elegance.</p>",Twessie,Bikini Top,"high-end swimwear, minimalist luxury, independent fashion, architectural swimsuit, luxury Stone Gray swimwear",TRUE,Color,Stone Gray,Size,S,TWESSIE_EU_BT_0510-Stone Gray-S,168.0,,10
twessie-eu-bt-0510,Architecture-Cut Stone Gray Bikini Top,"<p>Crinkled Seersucker construction meets architectural precision in this bikini top. Designed for the intelligent, independent woman. The Stone Gray colorway with Chalk White accents creates a sophisticated palette. Pure rebellious yet refined elegance.</p>",Twessie,Bikini Top,"high-end swimwear, minimalist luxury, independent fashion, architectural swimsuit, luxury Stone Gray swimwear",TRUE,Color,Stone Gray,Size,M,TWESSIE_EU_BT_0510-Stone Gray-M,168.0,,10
twessie-eu-bt-0510,Architecture-Cut Stone Gray Bikini Top,"<p>Crinkled Seersucker construction meets architectural precision in this bikini top. Designed for the intelligent, independent woman. The Stone Gray colorway with Chalk White accents creates a sophisticated palette. Pure rebellious yet refined elegance.</p>",Twessie,Bikini Top,"high-end swimwear, minimalist luxury, independent fashion, architectural swimsuit, luxury Stone Gray swimwear",TRUE,Color,Stone Gray,Size,L,TWESSIE_EU_BT_0510-Stone Gray-L,168.0,,10
twessie-eu-bt-0510,Architecture-Cut Stone Gray Bikini Top,"<p>Crinkled Seersucker construction meets architectural precision in this bikini top. Designed for the intelligent, independent woman. The Stone Gray colorway with Chalk White accents creates a sophisticated palette. Pure rebellious yet refined elegance.</p>",Twessie,Bikini Top,"high-end swimwear, minimalist luxury, independent fashion, architectural swimsuit, luxury Stone Gray swimwear",TRUE,Color,Stone Gray,Size,XL,TWESSIE_EU_BT_0510-Stone Gray-XL,168.0,,10
twessie-eu-bt-0510,Architecture-Cut Stone Gray Bikini Top,"<p>Crinkled Seersucker construction meets architectural precision in this bikini top. Designed for the intelligent, independent woman. The Stone Gray colorway with Chalk White accents creates a sophisticated palette. Pure rebellious yet refined elegance.</p>",Twessie,Bikini Top,"high-end swimwear, minimalist luxury, independent fashion, architectural swimsuit, luxury Stone Gray swimwear",TRUE,Color,Stone Gray,Size,XXL,TWESSIE_EU_BT_0510-Stone Gray-XXL,168.0,,10
twessie-eu-bt-0510,Architecture-Cut Stone Gray Bikini Top,"<p>Crinkled Seersucker construction meets architectural precision in this bikini top. Designed for the intelligent, independent woman. The Stone Gray colorway with Chalk White accents creates a sophisticated palette. Pure rebellious yet refined elegance.</p>",Twessie,Bikini Top,"high-end swimwear, minimalist luxury, independent fashion, architectural swimsuit, luxury Stone Gray swimwear",TRUE,Color,Chalk White,Size,XS,TWESSIE_EU_BT_0510-Chalk White-XS,168.0,,10
twessie-eu-bt-0510,Architecture-Cut Stone Gray Bikini Top,"<p>Crinkled Seersucker construction meets architectural precision in this bikini top. Designed for the intelligent, independent woman. The Stone Gray colorway with Chalk White accents creates a sophisticated palette. Pure rebellious yet refined elegance.</p>",Twessie,Bikini Top,"high-end swimwear, minimalist luxury, independent fashion, architectural swimsuit, luxury Stone Gray swimwear",TRUE,Color,Chalk White,Size,S,TWESSIE_EU_BT_0510-Chalk White-S,168.0,,10
twessie-eu-bt-0510,Architecture-Cut Stone Gray Bikini Top,"<p>Crinkled Seersucker construction meets architectural precision in this bikini top. Designed for the intelligent, independent woman. The Stone Gray colorway with Chalk White accents creates a sophisticated palette. Pure rebellious yet refined elegance.</p>",Twessie,Bikini Top,"high-end swimwear, minimalist luxury, independent fashion, architectural swimsuit, luxury Stone Gray swimwear",TRUE,Color,Chalk White,Size,M,TWESSIE_EU_BT_0510-Chalk White-M,168.0,,10
twessie-eu-bt-0510,Architecture-Cut Stone Gray Bikini Top,"<p>Crinkled Seersucker construction meets architectural precision in this bikini top. Designed for the intelligent, independent woman. The Stone Gray colorway with Chalk White accents creates a sophisticated palette. Pure rebellious yet refined elegance.</p>",Twessie,Bikini Top,"high-end swimwear, minimalist luxury, independent fashion, architectural swimsuit, luxury Stone Gray swimwear",TRUE,Color,Chalk White,Size,L,TWESSIE_EU_BT_0510-Chalk White-L,168.0,,10
twessie-eu-bt-0510,Architecture-Cut Stone Gray Bikini Top,"<p>Crinkled Seersucker construction meets architectural precision in this bikini top. Designed for the intelligent, independent woman. The Stone Gray colorway with Chalk White accents creates a sophisticated palette. Pure rebellious yet refined elegance.</p>",Twessie,Bikini Top,"high-end swimwear, minimalist luxury, independent fashion, architectural swimsuit, luxury Stone Gray swimwear",TRUE,Color,Chalk White,Size,XL,TWESSIE_EU_BT_0510-Chalk White-XL,168.0,,10
twessie-eu-bt-0510,Architecture-Cut Stone Gray Bikini Top,"<p>Crinkled Seersucker construction meets architectural precision in this bikini top. Designed for the intelligent, independent woman. The Stone Gray colorway with Chalk White accents creates a sophisticated palette. Pure rebellious yet refined elegance.</p>",Twessie,Bikini Top,"high-end swimwear, minimalist luxury, independent fashion, architectural swimsuit, luxury Stone Gray swimwear",TRUE,Color,Chalk White,Size,XXL,TWESSIE_EU_BT_0510-Chalk White-XXL,168.0,,10
