Handle,Title,Body (HTML),Vendor,Product Type,Tags,Published,Option1 Name,Option1 Value,Option2 Name,Option2 Value,Variant SKU,Variant Price,Variant Compare At Price,Variant Inventory Qty
twessie-sg-bt-0101,Minimalist Obsidian Black Textured Bikini Top,"<p>Econyl Sleek Satin construction meets architectural precision in this bikini top. Designed for the intelligent, independent woman. The Obsidian Black colorway with Olive Drab accents creates a sophisticated palette. Pure rebellious yet refined elegance.</p>",Twessie,Bikini Top,"independent fashion, architectural swimsuit, minimalist bikini top, minimalist luxury, high-end swimwear",TRUE,Color,Obsidian Black,Size,XS,TWESSIE_SG_BT_0101-Obsidian Black-XS,168.0,,10
twessie-sg-bt-0101,Minimalist Obsidian Black Textured Bikini Top,"<p>Econyl Sleek Satin construction meets architectural precision in this bikini top. Designed for the intelligent, independent woman. The Obsidian Black colorway with Olive Drab accents creates a sophisticated palette. Pure rebellious yet refined elegance.</p>",Twessie,Bikini Top,"independent fashion, architectural swimsuit, minimalist bikini top, minimalist luxury, high-end swimwear",TRUE,Color,Obsidian Black,Size,S,TWESSIE_SG_BT_0101-Obsidian Black-S,168.0,,10
twessie-sg-bt-0101,Minimalist Obsidian Black Textured Bikini Top,"<p>Econyl Sleek Satin construction meets architectural precision in this bikini top. Designed for the intelligent, independent woman. The Obsidian Black colorway with Olive Drab accents creates a sophisticated palette. Pure rebellious yet refined elegance.</p>",Twessie,Bikini Top,"independent fashion, architectural swimsuit, minimalist bikini top, minimalist luxury, high-end swimwear",TRUE,Color,Obsidian Black,Size,M,TWESSIE_SG_BT_0101-Obsidian Black-M,168.0,,10
twessie-sg-bt-0101,Minimalist Obsidian Black Textured Bikini Top,"<p>Econyl Sleek Satin construction meets architectural precision in this bikini top. Designed for the intelligent, independent woman. The Obsidian Black colorway with Olive Drab accents creates a sophisticated palette. Pure rebellious yet refined elegance.</p>",Twessie,Bikini Top,"independent fashion, architectural swimsuit, minimalist bikini top, minimalist luxury, high-end swimwear",TRUE,Color,Obsidian Black,Size,L,TWESSIE_SG_BT_0101-Obsidian Black-L,168.0,,10
twessie-sg-bt-0101,Minimalist Obsidian Black Textured Bikini Top,"<p>Econyl Sleek Satin construction meets architectural precision in this bikini top. Designed for the intelligent, independent woman. The Obsidian Black colorway with Olive Drab accents creates a sophisticated palette. Pure rebellious yet refined elegance.</p>",Twessie,Bikini Top,"independent fashion, architectural swimsuit, minimalist bikini top, minimalist luxury, high-end swimwear",TRUE,Color,Obsidian Black,Size,XL,TWESSIE_SG_BT_0101-Obsidian Black-XL,168.0,,10
twessie-sg-bt-0101,Minimalist Obsidian Black Textured Bikini Top,"<p>Econyl Sleek Satin construction meets architectural precision in this bikini top. Designed for the intelligent, independent woman. The Obsidian Black colorway with Olive Drab accents creates a sophisticated palette. Pure rebellious yet refined elegance.</p>",Twessie,Bikini Top,"independent fashion, architectural swimsuit, minimalist bikini top, minimalist luxury, high-end swimwear",TRUE,Color,Obsidian Black,Size,XXL,TWESSIE_SG_BT_0101-Obsidian Black-XXL,168.0,,10
twessie-sg-bt-0101,Minimalist Obsidian Black Textured Bikini Top,"<p>Econyl Sleek Satin construction meets architectural precision in this bikini top. Designed for the intelligent, independent woman. The Obsidian Black colorway with Olive Drab accents creates a sophisticated palette. Pure rebellious yet refined elegance.</p>",Twessie,Bikini Top,"independent fashion, architectural swimsuit, minimalist bikini top, minimalist luxury, high-end swimwear",TRUE,Color,Olive Drab,Size,XS,TWESSIE_SG_BT_0101-Olive Drab-XS,168.0,,10
twessie-sg-bt-0101,Minimalist Obsidian Black Textured Bikini Top,"<p>Econyl Sleek Satin construction meets architectural precision in this bikini top. Designed for the intelligent, independent woman. The Obsidian Black colorway with Olive Drab accents creates a sophisticated palette. Pure rebellious yet refined elegance.</p>",Twessie,Bikini Top,"independent fashion, architectural swimsuit, minimalist bikini top, minimalist luxury, high-end swimwear",TRUE,Color,Olive Drab,Size,S,TWESSIE_SG_BT_0101-Olive Drab-S,168.0,,10
twessie-sg-bt-0101,Minimalist Obsidian Black Textured Bikini Top,"<p>Econyl Sleek Satin construction meets architectural precision in this bikini top. Designed for the intelligent, independent woman. The Obsidian Black colorway with Olive Drab accents creates a sophisticated palette. Pure rebellious yet refined elegance.</p>",Twessie,Bikini Top,"independent fashion, architectural swimsuit, minimalist bikini top, minimalist luxury, high-end swimwear",TRUE,Color,Olive Drab,Size,M,TWESSIE_SG_BT_0101-Olive Drab-M,168.0,,10
twessie-sg-bt-0101,Minimalist Obsidian Black Textured Bikini Top,"<p>Econyl Sleek Satin construction meets architectural precision in this bikini top. Designed for the intelligent, independent woman. The Obsidian Black colorway with Olive Drab accents creates a sophisticated palette. Pure rebellious yet refined elegance.</p>",Twessie,Bikini Top,"independent fashion, architectural swimsuit, minimalist bikini top, minimalist luxury, high-end swimwear",TRUE,Color,Olive Drab,Size,L,TWESSIE_SG_BT_0101-Olive Drab-L,168.0,,10
twessie-sg-bt-0101,Minimalist Obsidian Black Textured Bikini Top,"<p>Econyl Sleek Satin construction meets architectural precision in this bikini top. Designed for the intelligent, independent woman. The Obsidian Black colorway with Olive Drab accents creates a sophisticated palette. Pure rebellious yet refined elegance.</p>",Twessie,Bikini Top,"independent fashion, architectural swimsuit, minimalist bikini top, minimalist luxury, high-end swimwear",TRUE,Color,Olive Drab,Size,XL,TWESSIE_SG_BT_0101-Olive Drab-XL,168.0,,10
twessie-sg-bt-0101,Minimalist Obsidian Black Textured Bikini Top,"<p>Econyl Sleek Satin construction meets architectural precision in this bikini top. Designed for the intelligent, independent woman. The Obsidian Black colorway with Olive Drab accents creates a sophisticated palette. Pure rebellious yet refined elegance.</p>",Twessie,Bikini Top,"independent fashion, architectural swimsuit, minimalist bikini top, minimalist luxury, high-end swimwear",TRUE,Color,Olive Drab,Size,XXL,TWESSIE_SG_BT_0101-Olive Drab-XXL,168.0,,10
twessie-sg-bb-0102,Structural Crinkled Seersucker Bikini Bottom,<p>A statement piece in Crinkled Seersucker. This bikini bottom combines intelligent aesthetic design with impeccable craftsmanship. Available in Stone Gray with Chalk White detailing. Not loud. Not obvious. Unmistakably Twessie.</p>,Twessie,Bikini Bottom,"independent fashion, architectural swimsuit, high-end swimwear, Crinkled Seersucker bikini, minimalist luxury",TRUE,Color,Stone Gray,Size,XS,TWESSIE_SG_BB_0102-Stone Gray-XS,168.0,,10
twessie-sg-bb-0102,Structural Crinkled Seersucker Bikini Bottom,<p>A statement piece in Crinkled Seersucker. This bikini bottom combines intelligent aesthetic design with impeccable craftsmanship. Available in Stone Gray with Chalk White detailing. Not loud. Not obvious. Unmistakably Twessie.</p>,Twessie,Bikini Bottom,"independent fashion, architectural swimsuit, high-end swimwear, Crinkled Seersucker bikini, minimalist luxury",TRUE,Color,Stone Gray,Size,S,TWESSIE_SG_BB_0102-Stone Gray-S,168.0,,10
twessie-sg-bb-0102,Structural Crinkled Seersucker Bikini Bottom,<p>A statement piece in Crinkled Seersucker. This bikini bottom combines intelligent aesthetic design with impeccable craftsmanship. Available in Stone Gray with Chalk White detailing. Not loud. Not obvious. Unmistakably Twessie.</p>,Twessie,Bikini Bottom,"independent fashion, architectural swimsuit, high-end swimwear, Crinkled Seersucker bikini, minimalist luxury",TRUE,Color,Stone Gray,Size,M,TWESSIE_SG_BB_0102-Stone Gray-M,168.0,,10
twessie-sg-bb-0102,Structural Crinkled Seersucker Bikini Bottom,<p>A statement piece in Crinkled Seersucker. This bikini bottom combines intelligent aesthetic design with impeccable craftsmanship. Available in Stone Gray with Chalk White detailing. Not loud. Not obvious. Unmistakably Twessie.</p>,Twessie,Bikini Bottom,"independent fashion, architectural swimsuit, high-end swimwear, Crinkled Seersucker bikini, minimalist luxury",TRUE,Color,Stone Gray,Size,L,TWESSIE_SG_BB_0102-Stone Gray-L,168.0,,10
twessie-sg-bb-0102,Structural Crinkled Seersucker Bikini Bottom,<p>A statement piece in Crinkled Seersucker. This bikini bottom combines intelligent aesthetic design with impeccable craftsmanship. Available in Stone Gray with Chalk White detailing. Not loud. Not obvious. Unmistakably Twessie.</p>,Twessie,Bikini Bottom,"independent fashion, architectural swimsuit, high-end swimwear, Crinkled Seersucker bikini, minimalist luxury",TRUE,Color,Stone Gray,Size,XL,TWESSIE_SG_BB_0102-Stone Gray-XL,168.0,,10
twessie-sg-bb-0102,Structural Crinkled Seersucker Bikini Bottom,<p>A statement piece in Crinkled Seersucker. This bikini bottom combines intelligent aesthetic design with impeccable craftsmanship. Available in Stone Gray with Chalk White detailing. Not loud. Not obvious. Unmistakably Twessie.</p>,Twessie,Bikini Bottom,"independent fashion, architectural swimsuit, high-end swimwear, Crinkled Seersucker bikini, minimalist luxury",TRUE,Color,Stone Gray,Size,XXL,TWESSIE_SG_BB_0102-Stone Gray-XXL,168.0,,10
twessie-sg-bb-0102,Structural Crinkled Seersucker Bikini Bottom,<p>A statement piece in Crinkled Seersucker. This bikini bottom combines intelligent aesthetic design with impeccable craftsmanship. Available in Stone Gray with Chalk White detailing. Not loud. Not obvious. Unmistakably Twessie.</p>,Twessie,Bikini Bottom,"independent fashion, architectural swimsuit, high-end swimwear, Crinkled Seersucker bikini, minimalist luxury",TRUE,Color,Chalk White,Size,XS,TWESSIE_SG_BB_0102-Chalk White-XS,168.0,,10
twessie-sg-bb-0102,Structural Crinkled Seersucker Bikini Bottom,<p>A statement piece in Crinkled Seersucker. This bikini bottom combines intelligent aesthetic design with impeccable craftsmanship. Available in Stone Gray with Chalk White detailing. Not loud. Not obvious. Unmistakably Twessie.</p>,Twessie,Bikini Bottom,"independent fashion, architectural swimsuit, high-end swimwear, Crinkled Seersucker bikini, minimalist luxury",TRUE,Color,Chalk White,Size,S,TWESSIE_SG_BB_0102-Chalk White-S,168.0,,10
twessie-sg-bb-0102,Structural Crinkled Seersucker Bikini Bottom,<p>A statement piece in Crinkled Seersucker. This bikini bottom combines intelligent aesthetic design with impeccable craftsmanship. Available in Stone Gray with Chalk White detailing. Not loud. Not obvious. Unmistakably Twessie.</p>,Twessie,Bikini Bottom,"independent fashion, architectural swimsuit, high-end swimwear, Crinkled Seersucker bikini, minimalist luxury",TRUE,Color,Chalk White,Size,M,TWESSIE_SG_BB_0102-Chalk White-M,168.0,,10
twessie-sg-bb-0102,Structural Crinkled Seersucker Bikini Bottom,<p>A statement piece in Crinkled Seersucker. This bikini bottom combines intelligent aesthetic design with impeccable craftsmanship. Available in Stone Gray with Chalk White detailing. Not loud. Not obvious. Unmistakably Twessie.</p>,Twessie,Bikini Bottom,"independent fashion, architectural swimsuit, high-end swimwear, Crinkled Seersucker bikini, minimalist luxury",TRUE,Color,Chalk White,Size,L,TWESSIE_SG_BB_0102-Chalk White-L,168.0,,10
twessie-sg-bb-0102,Structural Crinkled Seersucker Bikini Bottom,<p>A statement piece in Crinkled Seersucker. This bikini bottom combines intelligent aesthetic design with impeccable craftsmanship. Available in Stone Gray with Chalk White detailing. Not loud. Not obvious. Unmistakably Twessie.</p>,Twessie,Bikini Bottom,"independent fashion, architectural swimsuit, high-end swimwear, Crinkled Seersucker bikini, minimalist luxury",TRUE,Color,Chalk White,Size,XL,TWESSIE_SG_BB_0102-Chalk White-XL,168.0,,10
twessie-sg-bb-0102,Structural Crinkled Seersucker Bikini Bottom,<p>A statement piece in Crinkled Seersucker. This bikini bottom combines intelligent aesthetic design with impeccable craftsmanship. Available in Stone Gray with Chalk White detailing. Not loud. Not obvious. Unmistakably Twessie.</p>,Twessie,Bikini Bottom,"independent fashion, architectural swimsuit, high-end swimwear, Crinkled Seersucker bikini, minimalist luxury",TRUE,Color,Chalk White,Size,XXL,TWESSIE_SG_BB_0102-Chalk White-XXL,168.0,,10
twessie-sg-bb-0103,Structural Crinkled Seersucker Bikini Bottom,<p>Crafted in premium Crinkled Seersucker with Econyl Sleek Satin accents. This bikini bottom epitomizes minimalist luxury luxury. Featuring color-blocking in Chalk White and Stone Gray. Perfect for the discerning swimmer who refuses the obvious.</p>,Twessie,Bikini Bottom,"architectural swimsuit, high-end swimwear, minimalist luxury, Crinkled Seersucker bikini, minimalist bikini bottom",TRUE,Color,Chalk White,Size,XS,TWESSIE_SG_BB_0103-Chalk White-XS,168.0,,10
twessie-sg-bb-0103,Structural Crinkled Seersucker Bikini Bottom,<p>Crafted in premium Crinkled Seersucker with Econyl Sleek Satin accents. This bikini bottom epitomizes minimalist luxury luxury. Featuring color-blocking in Chalk White and Stone Gray. Perfect for the discerning swimmer who refuses the obvious.</p>,Twessie,Bikini Bottom,"architectural swimsuit, high-end swimwear, minimalist luxury, Crinkled Seersucker bikini, minimalist bikini bottom",TRUE,Color,Chalk White,Size,S,TWESSIE_SG_BB_0103-Chalk White-S,168.0,,10
twessie-sg-bb-0103,Structural Crinkled Seersucker Bikini Bottom,<p>Crafted in premium Crinkled Seersucker with Econyl Sleek Satin accents. This bikini bottom epitomizes minimalist luxury luxury. Featuring color-blocking in Chalk White and Stone Gray. Perfect for the discerning swimmer who refuses the obvious.</p>,Twessie,Bikini Bottom,"architectural swimsuit, high-end swimwear, minimalist luxury, Crinkled Seersucker bikini, minimalist bikini bottom",TRUE,Color,Chalk White,Size,M,TWESSIE_SG_BB_0103-Chalk White-M,168.0,,10
twessie-sg-bb-0103,Structural Crinkled Seersucker Bikini Bottom,<p>Crafted in premium Crinkled Seersucker with Econyl Sleek Satin accents. This bikini bottom epitomizes minimalist luxury luxury. Featuring color-blocking in Chalk White and Stone Gray. Perfect for the discerning swimmer who refuses the obvious.</p>,Twessie,Bikini Bottom,"architectural swimsuit, high-end swimwear, minimalist luxury, Crinkled Seersucker bikini, minimalist bikini bottom",TRUE,Color,Chalk White,Size,L,TWESSIE_SG_BB_0103-Chalk White-L,168.0,,10
twessie-sg-bb-0103,Structural Crinkled Seersucker Bikini Bottom,<p>Crafted in premium Crinkled Seersucker with Econyl Sleek Satin accents. This bikini bottom epitomizes minimalist luxury luxury. Featuring color-blocking in Chalk White and Stone Gray. Perfect for the discerning swimmer who refuses the obvious.</p>,Twessie,Bikini Bottom,"architectural swimsuit, high-end swimwear, minimalist luxury, Crinkled Seersucker bikini, minimalist bikini bottom",TRUE,Color,Chalk White,Size,XL,TWESSIE_SG_BB_0103-Chalk White-XL,168.0,,10
twessie-sg-bb-0103,Structural Crinkled Seersucker Bikini Bottom,<p>Crafted in premium Crinkled Seersucker with Econyl Sleek Satin accents. This bikini bottom epitomizes minimalist luxury luxury. Featuring color-blocking in Chalk White and Stone Gray. Perfect for the discerning swimmer who refuses the obvious.</p>,Twessie,Bikini Bottom,"architectural swimsuit, high-end swimwear, minimalist luxury, Crinkled Seersucker bikini, minimalist bikini bottom",TRUE,Color,Chalk White,Size,XXL,TWESSIE_SG_BB_0103-Chalk White-XXL,168.0,,10
twessie-sg-bb-0103,Structural Crinkled Seersucker Bikini Bottom,<p>Crafted in premium Crinkled Seersucker with Econyl Sleek Satin accents. This bikini bottom epitomizes minimalist luxury luxury. Featuring color-blocking in Chalk White and Stone Gray. Perfect for the discerning swimmer who refuses the obvious.</p>,Twessie,Bikini Bottom,"architectural swimsuit, high-end swimwear, minimalist luxury, Crinkled Seersucker bikini, minimalist bikini bottom",TRUE,Color,Stone Gray,Size,XS,TWESSIE_SG_BB_0103-Stone Gray-XS,168.0,,10
twessie-sg-bb-0103,Structural Crinkled Seersucker Bikini Bottom,<p>Crafted in premium Crinkled Seersucker with Econyl Sleek Satin accents. This bikini bottom epitomizes minimalist luxury luxury. Featuring color-blocking in Chalk White and Stone Gray. Perfect for the discerning swimmer who refuses the obvious.</p>,Twessie,Bikini Bottom,"architectural swimsuit, high-end swimwear, minimalist luxury, Crinkled Seersucker bikini, minimalist bikini bottom",TRUE,Color,Stone Gray,Size,S,TWESSIE_SG_BB_0103-Stone Gray-S,168.0,,10
twessie-sg-bb-0103,Structural Crinkled Seersucker Bikini Bottom,<p>Crafted in premium Crinkled Seersucker with Econyl Sleek Satin accents. This bikini bottom epitomizes minimalist luxury luxury. Featuring color-blocking in Chalk White and Stone Gray. Perfect for the discerning swimmer who refuses the obvious.</p>,Twessie,Bikini Bottom,"architectural swimsuit, high-end swimwear, minimalist luxury, Crinkled Seersucker bikini, minimalist bikini bottom",TRUE,Color,Stone Gray,Size,M,TWESSIE_SG_BB_0103-Stone Gray-M,168.0,,10
twessie-sg-bb-0103,Structural Crinkled Seersucker Bikini Bottom,<p>Crafted in premium Crinkled Seersucker with Econyl Sleek Satin accents. This bikini bottom epitomizes minimalist luxury luxury. Featuring color-blocking in Chalk White and Stone Gray. Perfect for the discerning swimmer who refuses the obvious.</p>,Twessie,Bikini Bottom,"architectural swimsuit, high-end swimwear, minimalist luxury, Crinkled Seersucker bikini, minimalist bikini bottom",TRUE,Color,Stone Gray,Size,L,TWESSIE_SG_BB_0103-Stone Gray-L,168.0,,10
twessie-sg-bb-0103,Structural Crinkled Seersucker Bikini Bottom,<p>Crafted in premium Crinkled Seersucker with Econyl Sleek Satin accents. This bikini bottom epitomizes minimalist luxury luxury. Featuring color-blocking in Chalk White and Stone Gray. Perfect for the discerning swimmer who refuses the obvious.</p>,Twessie,Bikini Bottom,"architectural swimsuit, high-end swimwear, minimalist luxury, Crinkled Seersucker bikini, minimalist bikini bottom",TRUE,Color,Stone Gray,Size,XL,TWESSIE_SG_BB_0103-Stone Gray-XL,168.0,,10
twessie-sg-bb-0103,Structural Crinkled Seersucker Bikini Bottom,<p>Crafted in premium Crinkled Seersucker with Econyl Sleek Satin accents. This bikini bottom epitomizes minimalist luxury luxury. Featuring color-blocking in Chalk White and Stone Gray. Perfect for the discerning swimmer who refuses the obvious.</p>,Twessie,Bikini Bottom,"architectural swimsuit, high-end swimwear, minimalist luxury, Crinkled Seersucker bikini, minimalist bikini bottom",TRUE,Color,Stone Gray,Size,XXL,TWESSIE_SG_BB_0103-Stone Gray-XXL,168.0,,10
twessie-sg-bt-0104,Minimalist Chalk White Textured Bikini Top,<p>Crafted in premium Crinkled Seersucker with Matte Ribbed Knit accents. This bikini top epitomizes rebellious yet refined luxury. Featuring color-blocking in Chalk White and Stone Gray. Perfect for the discerning swimmer who refuses the obvious.</p>,Twessie,Bikini Top,"high-end swimwear, architectural swimsuit, independent fashion, minimalist bikini top, minimalist luxury",TRUE,Color,Chalk White,Size,XS,TWESSIE_SG_BT_0104-Chalk White-XS,168.0,,10
twessie-sg-bt-0104,Minimalist Chalk White Textured Bikini Top,<p>Crafted in premium Crinkled Seersucker with Matte Ribbed Knit accents. This bikini top epitomizes rebellious yet refined luxury. Featuring color-blocking in Chalk White and Stone Gray. Perfect for the discerning swimmer who refuses the obvious.</p>,Twessie,Bikini Top,"high-end swimwear, architectural swimsuit, independent fashion, minimalist bikini top, minimalist luxury",TRUE,Color,Chalk White,Size,S,TWESSIE_SG_BT_0104-Chalk White-S,168.0,,10
twessie-sg-bt-0104,Minimalist Chalk White Textured Bikini Top,<p>Crafted in premium Crinkled Seersucker with Matte Ribbed Knit accents. This bikini top epitomizes rebellious yet refined luxury. Featuring color-blocking in Chalk White and Stone Gray. Perfect for the discerning swimmer who refuses the obvious.</p>,Twessie,Bikini Top,"high-end swimwear, architectural swimsuit, independent fashion, minimalist bikini top, minimalist luxury",TRUE,Color,Chalk White,Size,M,TWESSIE_SG_BT_0104-Chalk White-M,168.0,,10
twessie-sg-bt-0104,Minimalist Chalk White Textured Bikini Top,<p>Crafted in premium Crinkled Seersucker with Matte Ribbed Knit accents. This bikini top epitomizes rebellious yet refined luxury. Featuring color-blocking in Chalk White and Stone Gray. Perfect for the discerning swimmer who refuses the obvious.</p>,Twessie,Bikini Top,"high-end swimwear, architectural swimsuit, independent fashion, minimalist bikini top, minimalist luxury",TRUE,Color,Chalk White,Size,L,TWESSIE_SG_BT_0104-Chalk White-L,168.0,,10
twessie-sg-bt-0104,Minimalist Chalk White Textured Bikini Top,<p>Crafted in premium Crinkled Seersucker with Matte Ribbed Knit accents. This bikini top epitomizes rebellious yet refined luxury. Featuring color-blocking in Chalk White and Stone Gray. Perfect for the discerning swimmer who refuses the obvious.</p>,Twessie,Bikini Top,"high-end swimwear, architectural swimsuit, independent fashion, minimalist bikini top, minimalist luxury",TRUE,Color,Chalk White,Size,XL,TWESSIE_SG_BT_0104-Chalk White-XL,168.0,,10
twessie-sg-bt-0104,Minimalist Chalk White Textured Bikini Top,<p>Crafted in premium Crinkled Seersucker with Matte Ribbed Knit accents. This bikini top epitomizes rebellious yet refined luxury. Featuring color-blocking in Chalk White and Stone Gray. Perfect for the discerning swimmer who refuses the obvious.</p>,Twessie,Bikini Top,"high-end swimwear, architectural swimsuit, independent fashion, minimalist bikini top, minimalist luxury",TRUE,Color,Chalk White,Size,XXL,TWESSIE_SG_BT_0104-Chalk White-XXL,168.0,,10
twessie-sg-bt-0104,Minimalist Chalk White Textured Bikini Top,<p>Crafted in premium Crinkled Seersucker with Matte Ribbed Knit accents. This bikini top epitomizes rebellious yet refined luxury. Featuring color-blocking in Chalk White and Stone Gray. Perfect for the discerning swimmer who refuses the obvious.</p>,Twessie,Bikini Top,"high-end swimwear, architectural swimsuit, independent fashion, minimalist bikini top, minimalist luxury",TRUE,Color,Stone Gray,Size,XS,TWESSIE_SG_BT_0104-Stone Gray-XS,168.0,,10
twessie-sg-bt-0104,Minimalist Chalk White Textured Bikini Top,<p>Crafted in premium Crinkled Seersucker with Matte Ribbed Knit accents. This bikini top epitomizes rebellious yet refined luxury. Featuring color-blocking in Chalk White and Stone Gray. Perfect for the discerning swimmer who refuses the obvious.</p>,Twessie,Bikini Top,"high-end swimwear, architectural swimsuit, independent fashion, minimalist bikini top, minimalist luxury",TRUE,Color,Stone Gray,Size,S,TWESSIE_SG_BT_0104-Stone Gray-S,168.0,,10
twessie-sg-bt-0104,Minimalist Chalk White Textured Bikini Top,<p>Crafted in premium Crinkled Seersucker with Matte Ribbed Knit accents. This bikini top epitomizes rebellious yet refined luxury. Featuring color-blocking in Chalk White and Stone Gray. Perfect for the discerning swimmer who refuses the obvious.</p>,Twessie,Bikini Top,"high-end swimwear, architectural swimsuit, independent fashion, minimalist bikini top, minimalist luxury",TRUE,Color,Stone Gray,Size,M,TWESSIE_SG_BT_0104-Stone Gray-M,168.0,,10
twessie-sg-bt-0104,Minimalist Chalk White Textured Bikini Top,<p>Crafted in premium Crinkled Seersucker with Matte Ribbed Knit accents. This bikini top epitomizes rebellious yet refined luxury. Featuring color-blocking in Chalk White and Stone Gray. Perfect for the discerning swimmer who refuses the obvious.</p>,Twessie,Bikini Top,"high-end swimwear, architectural swimsuit, independent fashion, minimalist bikini top, minimalist luxury",TRUE,Color,Stone Gray,Size,L,TWESSIE_SG_BT_0104-Stone Gray-L,168.0,,10
twessie-sg-bt-0104,Minimalist Chalk White Textured Bikini Top,<p>Crafted in premium Crinkled Seersucker with Matte Ribbed Knit accents. This bikini top epitomizes rebellious yet refined luxury. Featuring color-blocking in Chalk White and Stone Gray. Perfect for the discerning swimmer who refuses the obvious.</p>,Twessie,Bikini Top,"high-end swimwear, architectural swimsuit, independent fashion, minimalist bikini top, minimalist luxury",TRUE,Color,Stone Gray,Size,XL,TWESSIE_SG_BT_0104-Stone Gray-XL,168.0,,10
twessie-sg-bt-0104,Minimalist Chalk White Textured Bikini Top,<p>Crafted in premium Crinkled Seersucker with Matte Ribbed Knit accents. This bikini top epitomizes rebellious yet refined luxury. Featuring color-blocking in Chalk White and Stone Gray. Perfect for the discerning swimmer who refuses the obvious.</p>,Twessie,Bikini Top,"high-end swimwear, architectural swimsuit, independent fashion, minimalist bikini top, minimalist luxury",TRUE,Color,Stone Gray,Size,XXL,TWESSIE_SG_BT_0104-Stone Gray-XXL,168.0,,10
twessie-sg-bb-0105,Raw-Edge Chalk White Bikini Bottom,<p>A statement piece in Crinkled Seersucker. This bikini bottom combines architectural elegance design with impeccable craftsmanship. Available in Chalk White with Stone Gray detailing. Not loud. Not obvious. Unmistakably Twessie.</p>,Twessie,Bikini Bottom,"high-end swimwear, architectural swimsuit, minimalist bikini bottom, minimalist luxury, independent fashion",TRUE,Color,Chalk White,Size,XS,TWESSIE_SG_BB_0105-Chalk White-XS,168.0,,10
twessie-sg-bb-0105,Raw-Edge Chalk White Bikini Bottom,<p>A statement piece in Crinkled Seersucker. This bikini bottom combines architectural elegance design with impeccable craftsmanship. Available in Chalk White with Stone Gray detailing. Not loud. Not obvious. Unmistakably Twessie.</p>,Twessie,Bikini Bottom,"high-end swimwear, architectural swimsuit, minimalist bikini bottom, minimalist luxury, independent fashion",TRUE,Color,Chalk White,Size,S,TWESSIE_SG_BB_0105-Chalk White-S,168.0,,10
twessie-sg-bb-0105,Raw-Edge Chalk White Bikini Bottom,<p>A statement piece in Crinkled Seersucker. This bikini bottom combines architectural elegance design with impeccable craftsmanship. Available in Chalk White with Stone Gray detailing. Not loud. Not obvious. Unmistakably Twessie.</p>,Twessie,Bikini Bottom,"high-end swimwear, architectural swimsuit, minimalist bikini bottom, minimalist luxury, independent fashion",TRUE,Color,Chalk White,Size,M,TWESSIE_SG_BB_0105-Chalk White-M,168.0,,10
twessie-sg-bb-0105,Raw-Edge Chalk White Bikini Bottom,<p>A statement piece in Crinkled Seersucker. This bikini bottom combines architectural elegance design with impeccable craftsmanship. Available in Chalk White with Stone Gray detailing. Not loud. Not obvious. Unmistakably Twessie.</p>,Twessie,Bikini Bottom,"high-end swimwear, architectural swimsuit, minimalist bikini bottom, minimalist luxury, independent fashion",TRUE,Color,Chalk White,Size,L,TWESSIE_SG_BB_0105-Chalk White-L,168.0,,10
twessie-sg-bb-0105,Raw-Edge Chalk White Bikini Bottom,<p>A statement piece in Crinkled Seersucker. This bikini bottom combines architectural elegance design with impeccable craftsmanship. Available in Chalk White with Stone Gray detailing. Not loud. Not obvious. Unmistakably Twessie.</p>,Twessie,Bikini Bottom,"high-end swimwear, architectural swimsuit, minimalist bikini bottom, minimalist luxury, independent fashion",TRUE,Color,Chalk White,Size,XL,TWESSIE_SG_BB_0105-Chalk White-XL,168.0,,10
twessie-sg-bb-0105,Raw-Edge Chalk White Bikini Bottom,<p>A statement piece in Crinkled Seersucker. This bikini bottom combines architectural elegance design with impeccable craftsmanship. Available in Chalk White with Stone Gray detailing. Not loud. Not obvious. Unmistakably Twessie.</p>,Twessie,Bikini Bottom,"high-end swimwear, architectural swimsuit, minimalist bikini bottom, minimalist luxury, independent fashion",TRUE,Color,Chalk White,Size,XXL,TWESSIE_SG_BB_0105-Chalk White-XXL,168.0,,10
twessie-sg-bb-0105,Raw-Edge Chalk White Bikini Bottom,<p>A statement piece in Crinkled Seersucker. This bikini bottom combines architectural elegance design with impeccable craftsmanship. Available in Chalk White with Stone Gray detailing. Not loud. Not obvious. Unmistakably Twessie.</p>,Twessie,Bikini Bottom,"high-end swimwear, architectural swimsuit, minimalist bikini bottom, minimalist luxury, independent fashion",TRUE,Color,Stone Gray,Size,XS,TWESSIE_SG_BB_0105-Stone Gray-XS,168.0,,10
twessie-sg-bb-0105,Raw-Edge Chalk White Bikini Bottom,<p>A statement piece in Crinkled Seersucker. This bikini bottom combines architectural elegance design with impeccable craftsmanship. Available in Chalk White with Stone Gray detailing. Not loud. Not obvious. Unmistakably Twessie.</p>,Twessie,Bikini Bottom,"high-end swimwear, architectural swimsuit, minimalist bikini bottom, minimalist luxury, independent fashion",TRUE,Color,Stone Gray,Size,S,TWESSIE_SG_BB_0105-Stone Gray-S,168.0,,10
twessie-sg-bb-0105,Raw-Edge Chalk White Bikini Bottom,<p>A statement piece in Crinkled Seersucker. This bikini bottom combines architectural elegance design with impeccable craftsmanship. Available in Chalk White with Stone Gray detailing. Not loud. Not obvious. Unmistakably Twessie.</p>,Twessie,Bikini Bottom,"high-end swimwear, architectural swimsuit, minimalist bikini bottom, minimalist luxury, independent fashion",TRUE,Color,Stone Gray,Size,M,TWESSIE_SG_BB_0105-Stone Gray-M,168.0,,10
twessie-sg-bb-0105,Raw-Edge Chalk White Bikini Bottom,<p>A statement piece in Crinkled Seersucker. This bikini bottom combines architectural elegance design with impeccable craftsmanship. Available in Chalk White with Stone Gray detailing. Not loud. Not obvious. Unmistakably Twessie.</p>,Twessie,Bikini Bottom,"high-end swimwear, architectural swimsuit, minimalist bikini bottom, minimalist luxury, independent fashion",TRUE,Color,Stone Gray,Size,L,TWESSIE_SG_BB_0105-Stone Gray-L,168.0,,10
twessie-sg-bb-0105,Raw-Edge Chalk White Bikini Bottom,<p>A statement piece in Crinkled Seersucker. This bikini bottom combines architectural elegance design with impeccable craftsmanship. Available in Chalk White with Stone Gray detailing. Not loud. Not obvious. Unmistakably Twessie.</p>,Twessie,Bikini Bottom,"high-end swimwear, architectural swimsuit, minimalist bikini bottom, minimalist luxury, independent fashion",TRUE,Color,Stone Gray,Size,XL,TWESSIE_SG_BB_0105-Stone Gray-XL,168.0,,10
twessie-sg-bb-0105,Raw-Edge Chalk White Bikini Bottom,<p>A statement piece in Crinkled Seersucker. This bikini bottom combines architectural elegance design with impeccable craftsmanship. Available in Chalk White with Stone Gray detailing. Not loud. Not obvious. Unmistakably Twessie.</p>,Twessie,Bikini Bottom,"high-end swimwear, architectural swimsuit, minimalist bikini bottom, minimalist luxury, independent fashion",TRUE,Color,Stone Gray,Size,XXL,TWESSIE_SG_BB_0105-Stone Gray-XXL,168.0,,10
twessie-eu-bb-0106,Raw-Edge Chalk White Bikini Bottom,<p>Crafted in premium Crinkled Seersucker with Econyl Sleek Satin accents. This bikini bottom epitomizes rebellious yet refined luxury. Featuring color-blocking in Chalk White and Stone Gray. Perfect for the discerning swimmer who refuses the obvious.</p>,Twessie,Bikini Bottom,"high-end swimwear, minimalist bikini bottom, minimalist luxury, architectural swimsuit, luxury Chalk White swimwear",TRUE,Color,Chalk White,Size,XS,TWESSIE_EU_BB_0106-Chalk White-XS,168.0,,10
twessie-eu-bb-0106,Raw-Edge Chalk White Bikini Bottom,<p>Crafted in premium Crinkled Seersucker with Econyl Sleek Satin accents. This bikini bottom epitomizes rebellious yet refined luxury. Featuring color-blocking in Chalk White and Stone Gray. Perfect for the discerning swimmer who refuses the obvious.</p>,Twessie,Bikini Bottom,"high-end swimwear, minimalist bikini bottom, minimalist luxury, architectural swimsuit, luxury Chalk White swimwear",TRUE,Color,Chalk White,Size,S,TWESSIE_EU_BB_0106-Chalk White-S,168.0,,10
twessie-eu-bb-0106,Raw-Edge Chalk White Bikini Bottom,<p>Crafted in premium Crinkled Seersucker with Econyl Sleek Satin accents. This bikini bottom epitomizes rebellious yet refined luxury. Featuring color-blocking in Chalk White and Stone Gray. Perfect for the discerning swimmer who refuses the obvious.</p>,Twessie,Bikini Bottom,"high-end swimwear, minimalist bikini bottom, minimalist luxury, architectural swimsuit, luxury Chalk White swimwear",TRUE,Color,Chalk White,Size,M,TWESSIE_EU_BB_0106-Chalk White-M,168.0,,10
twessie-eu-bb-0106,Raw-Edge Chalk White Bikini Bottom,<p>Crafted in premium Crinkled Seersucker with Econyl Sleek Satin accents. This bikini bottom epitomizes rebellious yet refined luxury. Featuring color-blocking in Chalk White and Stone Gray. Perfect for the discerning swimmer who refuses the obvious.</p>,Twessie,Bikini Bottom,"high-end swimwear, minimalist bikini bottom, minimalist luxury, architectural swimsuit, luxury Chalk White swimwear",TRUE,Color,Chalk White,Size,L,TWESSIE_EU_BB_0106-Chalk White-L,168.0,,10
twessie-eu-bb-0106,Raw-Edge Chalk White Bikini Bottom,<p>Crafted in premium Crinkled Seersucker with Econyl Sleek Satin accents. This bikini bottom epitomizes rebellious yet refined luxury. Featuring color-blocking in Chalk White and Stone Gray. Perfect for the discerning swimmer who refuses the obvious.</p>,Twessie,Bikini Bottom,"high-end swimwear, minimalist bikini bottom, minimalist luxury, architectural swimsuit, luxury Chalk White swimwear",TRUE,Color,Chalk White,Size,XL,TWESSIE_EU_BB_0106-Chalk White-XL,168.0,,10
twessie-eu-bb-0106,Raw-Edge Chalk White Bikini Bottom,<p>Crafted in premium Crinkled Seersucker with Econyl Sleek Satin accents. This bikini bottom epitomizes rebellious yet refined luxury. Featuring color-blocking in Chalk White and Stone Gray. Perfect for the discerning swimmer who refuses the obvious.</p>,Twessie,Bikini Bottom,"high-end swimwear, minimalist bikini bottom, minimalist luxury, architectural swimsuit, luxury Chalk White swimwear",TRUE,Color,Chalk White,Size,XXL,TWESSIE_EU_BB_0106-Chalk White-XXL,168.0,,10
twessie-eu-bb-0106,Raw-Edge Chalk White Bikini Bottom,<p>Crafted in premium Crinkled Seersucker with Econyl Sleek Satin accents. This bikini bottom epitomizes rebellious yet refined luxury. Featuring color-blocking in Chalk White and Stone Gray. Perfect for the discerning swimmer who refuses the obvious.</p>,Twessie,Bikini Bottom,"high-end swimwear, minimalist bikini bottom, minimalist luxury, architectural swimsuit, luxury Chalk White swimwear",TRUE,Color,Stone Gray,Size,XS,TWESSIE_EU_BB_0106-Stone Gray-XS,168.0,,10
twessie-eu-bb-0106,Raw-Edge Chalk White Bikini Bottom,<p>Crafted in premium Crinkled Seersucker with Econyl Sleek Satin accents. This bikini bottom epitomizes rebellious yet refined luxury. Featuring color-blocking in Chalk White and Stone Gray. Perfect for the discerning swimmer who refuses the obvious.</p>,Twessie,Bikini Bottom,"high-end swimwear, minimalist bikini bottom, minimalist luxury, architectural swimsuit, luxury Chalk White swimwear",TRUE,Color,Stone Gray,Size,S,TWESSIE_EU_BB_0106-Stone Gray-S,168.0,,10
twessie-eu-bb-0106,Raw-Edge Chalk White Bikini Bottom,<p>Crafted in premium Crinkled Seersucker with Econyl Sleek Satin accents. This bikini bottom epitomizes rebellious yet refined luxury. Featuring color-blocking in Chalk White and Stone Gray. Perfect for the discerning swimmer who refuses the obvious.</p>,Twessie,Bikini Bottom,"high-end swimwear, minimalist bikini bottom, minimalist luxury, architectural swimsuit, luxury Chalk White swimwear",TRUE,Color,Stone Gray,Size,M,TWESSIE_EU_BB_0106-Stone Gray-M,168.0,,10
twessie-eu-bb-0106,Raw-Edge Chalk White Bikini Bottom,<p>Crafted in premium Crinkled Seersucker with Econyl Sleek Satin accents. This bikini bottom epitomizes rebellious yet refined luxury. Featuring color-blocking in Chalk White and Stone Gray. Perfect for the discerning swimmer who refuses the obvious.</p>,Twessie,Bikini Bottom,"high-end swimwear, minimalist bikini bottom, minimalist luxury, architectural swimsuit, luxury Chalk White swimwear",TRUE,Color,Stone Gray,Size,L,TWESSIE_EU_BB_0106-Stone Gray-L,168.0,,10
twessie-eu-bb-0106,Raw-Edge Chalk White Bikini Bottom,<p>Crafted in premium Crinkled Seersucker with Econyl Sleek Satin accents. This bikini bottom epitomizes rebellious yet refined luxury. Featuring color-blocking in Chalk White and Stone Gray. Perfect for the discerning swimmer who refuses the obvious.</p>,Twessie,Bikini Bottom,"high-end swimwear, minimalist bikini bottom, minimalist luxury, architectural swimsuit, luxury Chalk White swimwear",TRUE,Color,Stone Gray,Size,XL,TWESSIE_EU_BB_0106-Stone Gray-XL,168.0,,10
twessie-eu-bb-0106,Raw-Edge Chalk White Bikini Bottom,<p>Crafted in premium Crinkled Seersucker with Econyl Sleek Satin accents. This bikini bottom epitomizes rebellious yet refined luxury. Featuring color-blocking in Chalk White and Stone Gray. Perfect for the discerning swimmer who refuses the obvious.</p>,Twessie,Bikini Bottom,"high-end swimwear, minimalist bikini bottom, minimalist luxury, architectural swimsuit, luxury Chalk White swimwear",TRUE,Color,Stone Gray,Size,XXL,TWESSIE_EU_BB_0106-Stone Gray-XXL,168.0,,10
twessie-au-op-0107,Sculptural Olive Drab Monokini,<p>A statement piece in Matte Ribbed Knit. This one-piece combines architectural elegance design with impeccable craftsmanship. Available in Olive Drab with Burnt Terracotta detailing. Not loud. Not obvious. Unmistakably Twessie.</p>,Twessie,One-Piece,"independent fashion, minimalist luxury, architectural swimsuit, Matte Ribbed Knit bikini, high-end swimwear",TRUE,Color,Olive Drab,Size,XS,TWESSIE_AU_OP_0107-Olive Drab-XS,168.0,,10
twessie-au-op-0107,Sculptural Olive Drab Monokini,<p>A statement piece in Matte Ribbed Knit. This one-piece combines architectural elegance design with impeccable craftsmanship. Available in Olive Drab with Burnt Terracotta detailing. Not loud. Not obvious. Unmistakably Twessie.</p>,Twessie,One-Piece,"independent fashion, minimalist luxury, architectural swimsuit, Matte Ribbed Knit bikini, high-end swimwear",TRUE,Color,Olive Drab,Size,S,TWESSIE_AU_OP_0107-Olive Drab-S,168.0,,10
twessie-au-op-0107,Sculptural Olive Drab Monokini,<p>A statement piece in Matte Ribbed Knit. This one-piece combines architectural elegance design with impeccable craftsmanship. Available in Olive Drab with Burnt Terracotta detailing. Not loud. Not obvious. Unmistakably Twessie.</p>,Twessie,One-Piece,"independent fashion, minimalist luxury, architectural swimsuit, Matte Ribbed Knit bikini, high-end swimwear",TRUE,Color,Olive Drab,Size,M,TWESSIE_AU_OP_0107-Olive Drab-M,168.0,,10
twessie-au-op-0107,Sculptural Olive Drab Monokini,<p>A statement piece in Matte Ribbed Knit. This one-piece combines architectural elegance design with impeccable craftsmanship. Available in Olive Drab with Burnt Terracotta detailing. Not loud. Not obvious. Unmistakably Twessie.</p>,Twessie,One-Piece,"independent fashion, minimalist luxury, architectural swimsuit, Matte Ribbed Knit bikini, high-end swimwear",TRUE,Color,Olive Drab,Size,L,TWESSIE_AU_OP_0107-Olive Drab-L,168.0,,10
twessie-au-op-0107,Sculptural Olive Drab Monokini,<p>A statement piece in Matte Ribbed Knit. This one-piece combines architectural elegance design with impeccable craftsmanship. Available in Olive Drab with Burnt Terracotta detailing. Not loud. Not obvious. Unmistakably Twessie.</p>,Twessie,One-Piece,"independent fashion, minimalist luxury, architectural swimsuit, Matte Ribbed Knit bikini, high-end swimwear",TRUE,Color,Olive Drab,Size,XL,TWESSIE_AU_OP_0107-Olive Drab-XL,168.0,,10
twessie-au-op-0107,Sculptural Olive Drab Monokini,<p>A statement piece in Matte Ribbed Knit. This one-piece combines architectural elegance design with impeccable craftsmanship. Available in Olive Drab with Burnt Terracotta detailing. Not loud. Not obvious. Unmistakably Twessie.</p>,Twessie,One-Piece,"independent fashion, minimalist luxury, architectural swimsuit, Matte Ribbed Knit bikini, high-end swimwear",TRUE,Color,Olive Drab,Size,XXL,TWESSIE_AU_OP_0107-Olive Drab-XXL,168.0,,10
twessie-au-op-0107,Sculptural Olive Drab Monokini,<p>A statement piece in Matte Ribbed Knit. This one-piece combines architectural elegance design with impeccable craftsmanship. Available in Olive Drab with Burnt Terracotta detailing. Not loud. Not obvious. Unmistakably Twessie.</p>,Twessie,One-Piece,"independent fashion, minimalist luxury, architectural swimsuit, Matte Ribbed Knit bikini, high-end swimwear",TRUE,Color,Burnt Terracotta,Size,XS,TWESSIE_AU_OP_0107-Burnt Terracotta-XS,168.0,,10
twessie-au-op-0107,Sculptural Olive Drab Monokini,<p>A statement piece in Matte Ribbed Knit. This one-piece combines architectural elegance design with impeccable craftsmanship. Available in Olive Drab with Burnt Terracotta detailing. Not loud. Not obvious. Unmistakably Twessie.</p>,Twessie,One-Piece,"independent fashion, minimalist luxury, architectural swimsuit, Matte Ribbed Knit bikini, high-end swimwear",TRUE,Color,Burnt Terracotta,Size,S,TWESSIE_AU_OP_0107-Burnt Terracotta-S,168.0,,10
twessie-au-op-0107,Sculptural Olive Drab Monokini,<p>A statement piece in Matte Ribbed Knit. This one-piece combines architectural elegance design with impeccable craftsmanship. Available in Olive Drab with Burnt Terracotta detailing. Not loud. Not obvious. Unmistakably Twessie.</p>,Twessie,One-Piece,"independent fashion, minimalist luxury, architectural swimsuit, Matte Ribbed Knit bikini, high-end swimwear",TRUE,Color,Burnt Terracotta,Size,M,TWESSIE_AU_OP_0107-Burnt Terracotta-M,168.0,,10
twessie-au-op-0107,Sculptural Olive Drab Monokini,<p>A statement piece in Matte Ribbed Knit. This one-piece combines architectural elegance design with impeccable craftsmanship. Available in Olive Drab with Burnt Terracotta detailing. Not loud. Not obvious. Unmistakably Twessie.</p>,Twessie,One-Piece,"independent fashion, minimalist luxury, architectural swimsuit, Matte Ribbed Knit bikini, high-end swimwear",TRUE,Color,Burnt Terracotta,Size,L,TWESSIE_AU_OP_0107-Burnt Terracotta-L,168.0,,10
twessie-au-op-0107,Sculptural Olive Drab Monokini,<p>A statement piece in Matte Ribbed Knit. This one-piece combines architectural elegance design with impeccable craftsmanship. Available in Olive Drab with Burnt Terracotta detailing. Not loud. Not obvious. Unmistakably Twessie.</p>,Twessie,One-Piece,"independent fashion, minimalist luxury, architectural swimsuit, Matte Ribbed Knit bikini, high-end swimwear",TRUE,Color,Burnt Terracotta,Size,XL,TWESSIE_AU_OP_0107-Burnt Terracotta-XL,168.0,,10
twessie-au-op-0107,Sculptural Olive Drab Monokini,<p>A statement piece in Matte Ribbed Knit. This one-piece combines architectural elegance design with impeccable craftsmanship. Available in Olive Drab with Burnt Terracotta detailing. Not loud. Not obvious. Unmistakably Twessie.</p>,Twessie,One-Piece,"independent fashion, minimalist luxury, architectural swimsuit, Matte Ribbed Knit bikini, high-end swimwear",TRUE,Color,Burnt Terracotta,Size,XXL,TWESSIE_AU_OP_0107-Burnt Terracotta-XXL,168.0,,10
twessie-na-bt-0108,Matte Ribbed Knit High-Waist Bikini Top in Olive Drab,"<p>Matte Ribbed Knit construction meets architectural precision in this bikini top. Designed for the intelligent, independent woman. The Olive Drab colorway with Burnt Terracotta accents creates a sophisticated palette. Pure intelligent aesthetic elegance.</p>",Twessie,Bikini Top,"minimalist bikini top, luxury Olive Drab swimwear, high-end swimwear, minimalist luxury, independent fashion",TRUE,Color,Olive Drab,Size,XS,TWESSIE_NA_BT_0108-Olive Drab-XS,168.0,,10
twessie-na-bt-0108,Matte Ribbed Knit High-Waist Bikini Top in Olive Drab,"<p>Matte Ribbed Knit construction meets architectural precision in this bikini top. Designed for the intelligent, independent woman. The Olive Drab colorway with Burnt Terracotta accents creates a sophisticated palette. Pure intelligent aesthetic elegance.</p>",Twessie,Bikini Top,"minimalist bikini top, luxury Olive Drab swimwear, high-end swimwear, minimalist luxury, independent fashion",TRUE,Color,Olive Drab,Size,S,TWESSIE_NA_BT_0108-Olive Drab-S,168.0,,10
twessie-na-bt-0108,Matte Ribbed Knit High-Waist Bikini Top in Olive Drab,"<p>Matte Ribbed Knit construction meets architectural precision in this bikini top. Designed for the intelligent, independent woman. The Olive Drab colorway with Burnt Terracotta accents creates a sophisticated palette. Pure intelligent aesthetic elegance.</p>",Twessie,Bikini Top,"minimalist bikini top, luxury Olive Drab swimwear, high-end swimwear, minimalist luxury, independent fashion",TRUE,Color,Olive Drab,Size,M,TWESSIE_NA_BT_0108-Olive Drab-M,168.0,,10
twessie-na-bt-0108,Matte Ribbed Knit High-Waist Bikini Top in Olive Drab,"<p>Matte Ribbed Knit construction meets architectural precision in this bikini top. Designed for the intelligent, independent woman. The Olive Drab colorway with Burnt Terracotta accents creates a sophisticated palette. Pure intelligent aesthetic elegance.</p>",Twessie,Bikini Top,"minimalist bikini top, luxury Olive Drab swimwear, high-end swimwear, minimalist luxury, independent fashion",TRUE,Color,Olive Drab,Size,L,TWESSIE_NA_BT_0108-Olive Drab-L,168.0,,10
twessie-na-bt-0108,Matte Ribbed Knit High-Waist Bikini Top in Olive Drab,"<p>Matte Ribbed Knit construction meets architectural precision in this bikini top. Designed for the intelligent, independent woman. The Olive Drab colorway with Burnt Terracotta accents creates a sophisticated palette. Pure intelligent aesthetic elegance.</p>",Twessie,Bikini Top,"minimalist bikini top, luxury Olive Drab swimwear, high-end swimwear, minimalist luxury, independent fashion",TRUE,Color,Olive Drab,Size,XL,TWESSIE_NA_BT_0108-Olive Drab-XL,168.0,,10
twessie-na-bt-0108,Matte Ribbed Knit High-Waist Bikini Top in Olive Drab,"<p>Matte Ribbed Knit construction meets architectural precision in this bikini top. Designed for the intelligent, independent woman. The Olive Drab colorway with Burnt Terracotta accents creates a sophisticated palette. Pure intelligent aesthetic elegance.</p>",Twessie,Bikini Top,"minimalist bikini top, luxury Olive Drab swimwear, high-end swimwear, minimalist luxury, independent fashion",TRUE,Color,Olive Drab,Size,XXL,TWESSIE_NA_BT_0108-Olive Drab-XXL,168.0,,10
twessie-na-bt-0108,Matte Ribbed Knit High-Waist Bikini Top in Olive Drab,"<p>Matte Ribbed Knit construction meets architectural precision in this bikini top. Designed for the intelligent, independent woman. The Olive Drab colorway with Burnt Terracotta accents creates a sophisticated palette. Pure intelligent aesthetic elegance.</p>",Twessie,Bikini Top,"minimalist bikini top, luxury Olive Drab swimwear, high-end swimwear, minimalist luxury, independent fashion",TRUE,Color,Burnt Terracotta,Size,XS,TWESSIE_NA_BT_0108-Burnt Terracotta-XS,168.0,,10
twessie-na-bt-0108,Matte Ribbed Knit High-Waist Bikini Top in Olive Drab,"<p>Matte Ribbed Knit construction meets architectural precision in this bikini top. Designed for the intelligent, independent woman. The Olive Drab colorway with Burnt Terracotta accents creates a sophisticated palette. Pure intelligent aesthetic elegance.</p>",Twessie,Bikini Top,"minimalist bikini top, luxury Olive Drab swimwear, high-end swimwear, minimalist luxury, independent fashion",TRUE,Color,Burnt Terracotta,Size,S,TWESSIE_NA_BT_0108-Burnt Terracotta-S,168.0,,10
twessie-na-bt-0108,Matte Ribbed Knit High-Waist Bikini Top in Olive Drab,"<p>Matte Ribbed Knit construction meets architectural precision in this bikini top. Designed for the intelligent, independent woman. The Olive Drab colorway with Burnt Terracotta accents creates a sophisticated palette. Pure intelligent aesthetic elegance.</p>",Twessie,Bikini Top,"minimalist bikini top, luxury Olive Drab swimwear, high-end swimwear, minimalist luxury, independent fashion",TRUE,Color,Burnt Terracotta,Size,M,TWESSIE_NA_BT_0108-Burnt Terracotta-M,168.0,,10
twessie-na-bt-0108,Matte Ribbed Knit High-Waist Bikini Top in Olive Drab,"<p>Matte Ribbed Knit construction meets architectural precision in this bikini top. Designed for the intelligent, independent woman. The Olive Drab colorway with Burnt Terracotta accents creates a sophisticated palette. Pure intelligent aesthetic elegance.</p>",Twessie,Bikini Top,"minimalist bikini top, luxury Olive Drab swimwear, high-end swimwear, minimalist luxury, independent fashion",TRUE,Color,Burnt Terracotta,Size,L,TWESSIE_NA_BT_0108-Burnt Terracotta-L,168.0,,10
twessie-na-bt-0108,Matte Ribbed Knit High-Waist Bikini Top in Olive Drab,"<p>Matte Ribbed Knit construction meets architectural precision in this bikini top. Designed for the intelligent, independent woman. The Olive Drab colorway with Burnt Terracotta accents creates a sophisticated palette. Pure intelligent aesthetic elegance.</p>",Twessie,Bikini Top,"minimalist bikini top, luxury Olive Drab swimwear, high-end swimwear, minimalist luxury, independent fashion",TRUE,Color,Burnt Terracotta,Size,XL,TWESSIE_NA_BT_0108-Burnt Terracotta-XL,168.0,,10
twessie-na-bt-0108,Matte Ribbed Knit High-Waist Bikini Top in Olive Drab,"<p>Matte Ribbed Knit construction meets architectural precision in this bikini top. Designed for the intelligent, independent woman. The Olive Drab colorway with Burnt Terracotta accents creates a sophisticated palette. Pure intelligent aesthetic elegance.</p>",Twessie,Bikini Top,"minimalist bikini top, luxury Olive Drab swimwear, high-end swimwear, minimalist luxury, independent fashion",TRUE,Color,Burnt Terracotta,Size,XXL,TWESSIE_NA_BT_0108-Burnt Terracotta-XXL,168.0,,10
twessie-na-op-0109,Burnt Terracotta Architectural One-Piece Swimsuit,<p>A statement piece in Matte Ribbed Knit. This one-piece combines architectural elegance design with impeccable craftsmanship. Available in Burnt Terracotta with Olive Drab detailing. Not loud. Not obvious. Unmistakably Twessie.</p>,Twessie,One-Piece,"luxury Burnt Terracotta swimwear, high-end swimwear, minimalist luxury, architectural swimsuit, Matte Ribbed Knit bikini",TRUE,Color,Burnt Terracotta,Size,XS,TWESSIE_NA_OP_0109-Burnt Terracotta-XS,168.0,,10
twessie-na-op-0109,Burnt Terracotta Architectural One-Piece Swimsuit,<p>A statement piece in Matte Ribbed Knit. This one-piece combines architectural elegance design with impeccable craftsmanship. Available in Burnt Terracotta with Olive Drab detailing. Not loud. Not obvious. Unmistakably Twessie.</p>,Twessie,One-Piece,"luxury Burnt Terracotta swimwear, high-end swimwear, minimalist luxury, architectural swimsuit, Matte Ribbed Knit bikini",TRUE,Color,Burnt Terracotta,Size,S,TWESSIE_NA_OP_0109-Burnt Terracotta-S,168.0,,10
twessie-na-op-0109,Burnt Terracotta Architectural One-Piece Swimsuit,<p>A statement piece in Matte Ribbed Knit. This one-piece combines architectural elegance design with impeccable craftsmanship. Available in Burnt Terracotta with Olive Drab detailing. Not loud. Not obvious. Unmistakably Twessie.</p>,Twessie,One-Piece,"luxury Burnt Terracotta swimwear, high-end swimwear, minimalist luxury, architectural swimsuit, Matte Ribbed Knit bikini",TRUE,Color,Burnt Terracotta,Size,M,TWESSIE_NA_OP_0109-Burnt Terracotta-M,168.0,,10
twessie-na-op-0109,Burnt Terracotta Architectural One-Piece Swimsuit,<p>A statement piece in Matte Ribbed Knit. This one-piece combines architectural elegance design with impeccable craftsmanship. Available in Burnt Terracotta with Olive Drab detailing. Not loud. Not obvious. Unmistakably Twessie.</p>,Twessie,One-Piece,"luxury Burnt Terracotta swimwear, high-end swimwear, minimalist luxury, architectural swimsuit, Matte Ribbed Knit bikini",TRUE,Color,Burnt Terracotta,Size,L,TWESSIE_NA_OP_0109-Burnt Terracotta-L,168.0,,10
twessie-na-op-0109,Burnt Terracotta Architectural One-Piece Swimsuit,<p>A statement piece in Matte Ribbed Knit. This one-piece combines architectural elegance design with impeccable craftsmanship. Available in Burnt Terracotta with Olive Drab detailing. Not loud. Not obvious. Unmistakably Twessie.</p>,Twessie,One-Piece,"luxury Burnt Terracotta swimwear, high-end swimwear, minimalist luxury, architectural swimsuit, Matte Ribbed Knit bikini",TRUE,Color,Burnt Terracotta,Size,XL,TWESSIE_NA_OP_0109-Burnt Terracotta-XL,168.0,,10
twessie-na-op-0109,Burnt Terracotta Architectural One-Piece Swimsuit,<p>A statement piece in Matte Ribbed Knit. This one-piece combines architectural elegance design with impeccable craftsmanship. Available in Burnt Terracotta with Olive Drab detailing. Not loud. Not obvious. Unmistakably Twessie.</p>,Twessie,One-Piece,"luxury Burnt Terracotta swimwear, high-end swimwear, minimalist luxury, architectural swimsuit, Matte Ribbed Knit bikini",TRUE,Color,Burnt Terracotta,Size,XXL,TWESSIE_NA_OP_0109-Burnt Terracotta-XXL,168.0,,10
twessie-na-op-0109,Burnt Terracotta Architectural One-Piece Swimsuit,<p>A statement piece in Matte Ribbed Knit. This one-piece combines architectural elegance design with impeccable craftsmanship. Available in Burnt Terracotta with Olive Drab detailing. Not loud. Not obvious. Unmistakably Twessie.</p>,Twessie,One-Piece,"luxury Burnt Terracotta swimwear, high-end swimwear, minimalist luxury, architectural swimsuit, Matte Ribbed Knit bikini",TRUE,Color,Olive Drab,Size,XS,TWESSIE_NA_OP_0109-Olive Drab-XS,168.0,,10
twessie-na-op-0109,Burnt Terracotta Architectural One-Piece Swimsuit,<p>A statement piece in Matte Ribbed Knit. This one-piece combines architectural elegance design with impeccable craftsmanship. Available in Burnt Terracotta with Olive Drab detailing. Not loud. Not obvious. Unmistakably Twessie.</p>,Twessie,One-Piece,"luxury Burnt Terracotta swimwear, high-end swimwear, minimalist luxury, architectural swimsuit, Matte Ribbed Knit bikini",TRUE,Color,Olive Drab,Size,S,TWESSIE_NA_OP_0109-Olive Drab-S,168.0,,10
twessie-na-op-0109,Burnt Terracotta Architectural One-Piece Swimsuit,<p>A statement piece in Matte Ribbed Knit. This one-piece combines architectural elegance design with impeccable craftsmanship. Available in Burnt Terracotta with Olive Drab detailing. Not loud. Not obvious. Unmistakably Twessie.</p>,Twessie,One-Piece,"luxury Burnt Terracotta swimwear, high-end swimwear, minimalist luxury, architectural swimsuit, Matte Ribbed Knit bikini",TRUE,Color,Olive Drab,Size,M,TWESSIE_NA_OP_0109-Olive Drab-M,168.0,,10
twessie-na-op-0109,Burnt Terracotta Architectural One-Piece Swimsuit,<p>A statement piece in Matte Ribbed Knit. This one-piece combines architectural elegance design with impeccable craftsmanship. Available in Burnt Terracotta with Olive Drab detailing. Not loud. Not obvious. Unmistakably Twessie.</p>,Twessie,One-Piece,"luxury Burnt Terracotta swimwear, high-end swimwear, minimalist luxury, architectural swimsuit, Matte Ribbed Knit bikini",TRUE,Color,Olive Drab,Size,L,TWESSIE_NA_OP_0109-Olive Drab-L,168.0,,10
twessie-na-op-0109,Burnt Terracotta Architectural One-Piece Swimsuit,<p>A statement piece in Matte Ribbed Knit. This one-piece combines architectural elegance design with impeccable craftsmanship. Available in Burnt Terracotta with Olive Drab detailing. Not loud. Not obvious. Unmistakably Twessie.</p>,Twessie,One-Piece,"luxury Burnt Terracotta swimwear, high-end swimwear, minimalist luxury, architectural swimsuit, Matte Ribbed Knit bikini",TRUE,Color,Olive Drab,Size,XL,TWESSIE_NA_OP_0109-Olive Drab-XL,168.0,,10
twessie-na-op-0109,Burnt Terracotta Architectural One-Piece Swimsuit,<p>A statement piece in Matte Ribbed Knit. This one-piece combines architectural elegance design with impeccable craftsmanship. Available in Burnt Terracotta with Olive Drab detailing. Not loud. Not obvious. Unmistakably Twessie.</p>,Twessie,One-Piece,"luxury Burnt Terracotta swimwear, high-end swimwear, minimalist luxury, architectural swimsuit, Matte Ribbed Knit bikini",TRUE,Color,Olive Drab,Size,XXL,TWESSIE_NA_OP_0109-Olive Drab-XXL,168.0,,10
twessie-sg-bb-0110,High-Cut Burnt Terracotta Bikini Brief,<p>A statement piece in Matte Ribbed Knit. This bikini bottom combines intelligent aesthetic design with impeccable craftsmanship. Available in Burnt Terracotta with Olive Drab detailing. Not loud. Not obvious. Unmistakably Twessie.</p>,Twessie,Bikini Bottom,"Matte Ribbed Knit bikini, independent fashion, high-end swimwear, luxury Burnt Terracotta swimwear, minimalist bikini bottom",TRUE,Color,Burnt Terracotta,Size,XS,TWESSIE_SG_BB_0110-Burnt Terracotta-XS,168.0,,10
twessie-sg-bb-0110,High-Cut Burnt Terracotta Bikini Brief,<p>A statement piece in Matte Ribbed Knit. This bikini bottom combines intelligent aesthetic design with impeccable craftsmanship. Available in Burnt Terracotta with Olive Drab detailing. Not loud. Not obvious. Unmistakably Twessie.</p>,Twessie,Bikini Bottom,"Matte Ribbed Knit bikini, independent fashion, high-end swimwear, luxury Burnt Terracotta swimwear, minimalist bikini bottom",TRUE,Color,Burnt Terracotta,Size,S,TWESSIE_SG_BB_0110-Burnt Terracotta-S,168.0,,10
twessie-sg-bb-0110,High-Cut Burnt Terracotta Bikini Brief,<p>A statement piece in Matte Ribbed Knit. This bikini bottom combines intelligent aesthetic design with impeccable craftsmanship. Available in Burnt Terracotta with Olive Drab detailing. Not loud. Not obvious. Unmistakably Twessie.</p>,Twessie,Bikini Bottom,"Matte Ribbed Knit bikini, independent fashion, high-end swimwear, luxury Burnt Terracotta swimwear, minimalist bikini bottom",TRUE,Color,Burnt Terracotta,Size,M,TWESSIE_SG_BB_0110-Burnt Terracotta-M,168.0,,10
twessie-sg-bb-0110,High-Cut Burnt Terracotta Bikini Brief,<p>A statement piece in Matte Ribbed Knit. This bikini bottom combines intelligent aesthetic design with impeccable craftsmanship. Available in Burnt Terracotta with Olive Drab detailing. Not loud. Not obvious. Unmistakably Twessie.</p>,Twessie,Bikini Bottom,"Matte Ribbed Knit bikini, independent fashion, high-end swimwear, luxury Burnt Terracotta swimwear, minimalist bikini bottom",TRUE,Color,Burnt Terracotta,Size,L,TWESSIE_SG_BB_0110-Burnt Terracotta-L,168.0,,10
twessie-sg-bb-0110,High-Cut Burnt Terracotta Bikini Brief,<p>A statement piece in Matte Ribbed Knit. This bikini bottom combines intelligent aesthetic design with impeccable craftsmanship. Available in Burnt Terracotta with Olive Drab detailing. Not loud. Not obvious. Unmistakably Twessie.</p>,Twessie,Bikini Bottom,"Matte Ribbed Knit bikini, independent fashion, high-end swimwear, luxury Burnt Terracotta swimwear, minimalist bikini bottom",TRUE,Color,Burnt Terracotta,Size,XL,TWESSIE_SG_BB_0110-Burnt Terracotta-XL,168.0,,10
twessie-sg-bb-0110,High-Cut Burnt Terracotta Bikini Brief,<p>A statement piece in Matte Ribbed Knit. This bikini bottom combines intelligent aesthetic design with impeccable craftsmanship. Available in Burnt Terracotta with Olive Drab detailing. Not loud. Not obvious. Unmistakably Twessie.</p>,Twessie,Bikini Bottom,"Matte Ribbed Knit bikini, independent fashion, high-end swimwear, luxury Burnt Terracotta swimwear, minimalist bikini bottom",TRUE,Color,Burnt Terracotta,Size,XXL,TWESSIE_SG_BB_0110-Burnt Terracotta-XXL,168.0,,10
twessie-sg-bb-0110,High-Cut Burnt Terracotta Bikini Brief,<p>A statement piece in Matte Ribbed Knit. This bikini bottom combines intelligent aesthetic design with impeccable craftsmanship. Available in Burnt Terracotta with Olive Drab detailing. Not loud. Not obvious. Unmistakably Twessie.</p>,Twessie,Bikini Bottom,"Matte Ribbed Knit bikini, independent fashion, high-end swimwear, luxury Burnt Terracotta swimwear, minimalist bikini bottom",TRUE,Color,Olive Drab,Size,XS,TWESSIE_SG_BB_0110-Olive Drab-XS,168.0,,10
twessie-sg-bb-0110,High-Cut Burnt Terracotta Bikini Brief,<p>A statement piece in Matte Ribbed Knit. This bikini bottom combines intelligent aesthetic design with impeccable craftsmanship. Available in Burnt Terracotta with Olive Drab detailing. Not loud. Not obvious. Unmistakably Twessie.</p>,Twessie,Bikini Bottom,"Matte Ribbed Knit bikini, independent fashion, high-end swimwear, luxury Burnt Terracotta swimwear, minimalist bikini bottom",TRUE,Color,Olive Drab,Size,S,TWESSIE_SG_BB_0110-Olive Drab-S,168.0,,10
twessie-sg-bb-0110,High-Cut Burnt Terracotta Bikini Brief,<p>A statement piece in Matte Ribbed Knit. This bikini bottom combines intelligent aesthetic design with impeccable craftsmanship. Available in Burnt Terracotta with Olive Drab detailing. Not loud. Not obvious. Unmistakably Twessie.</p>,Twessie,Bikini Bottom,"Matte Ribbed Knit bikini, independent fashion, high-end swimwear, luxury Burnt Terracotta swimwear, minimalist bikini bottom",TRUE,Color,Olive Drab,Size,M,TWESSIE_SG_BB_0110-Olive Drab-M,168.0,,10
twessie-sg-bb-0110,High-Cut Burnt Terracotta Bikini Brief,<p>A statement piece in Matte Ribbed Knit. This bikini bottom combines intelligent aesthetic design with impeccable craftsmanship. Available in Burnt Terracotta with Olive Drab detailing. Not loud. Not obvious. Unmistakably Twessie.</p>,Twessie,Bikini Bottom,"Matte Ribbed Knit bikini, independent fashion, high-end swimwear, luxury Burnt Terracotta swimwear, minimalist bikini bottom",TRUE,Color,Olive Drab,Size,L,TWESSIE_SG_BB_0110-Olive Drab-L,168.0,,10
twessie-sg-bb-0110,High-Cut Burnt Terracotta Bikini Brief,<p>A statement piece in Matte Ribbed Knit. This bikini bottom combines intelligent aesthetic design with impeccable craftsmanship. Available in Burnt Terracotta with Olive Drab detailing. Not loud. Not obvious. Unmistakably Twessie.</p>,Twessie,Bikini Bottom,"Matte Ribbed Knit bikini, independent fashion, high-end swimwear, luxury Burnt Terracotta swimwear, minimalist bikini bottom",TRUE,Color,Olive Drab,Size,XL,TWESSIE_SG_BB_0110-Olive Drab-XL,168.0,,10
twessie-sg-bb-0110,High-Cut Burnt Terracotta Bikini Brief,<p>A statement piece in Matte Ribbed Knit. This bikini bottom combines intelligent aesthetic design with impeccable craftsmanship. Available in Burnt Terracotta with Olive Drab detailing. Not loud. Not obvious. Unmistakably Twessie.</p>,Twessie,Bikini Bottom,"Matte Ribbed Knit bikini, independent fashion, high-end swimwear, luxury Burnt Terracotta swimwear, minimalist bikini bottom",TRUE,Color,Olive Drab,Size,XXL,TWESSIE_SG_BB_0110-Olive Drab-XXL,168.0,,10
twessie-jp-bt-0201,Minimalist Chalk White Textured Bikini Top,<p>Crafted in premium Crinkled Seersucker with Matte Ribbed Knit accents. This bikini top epitomizes rebellious yet refined luxury. Featuring color-blocking in Chalk White and Stone Gray. Perfect for the discerning swimmer who refuses the obvious.</p>,Twessie,Bikini Top,"high-end swimwear, minimalist luxury, architectural swimsuit, Crinkled Seersucker bikini, minimalist bikini top",TRUE,Color,Chalk White,Size,XS,TWESSIE_JP_BT_0201-Chalk White-XS,168.0,,10
twessie-jp-bt-0201,Minimalist Chalk White Textured Bikini Top,<p>Crafted in premium Crinkled Seersucker with Matte Ribbed Knit accents. This bikini top epitomizes rebellious yet refined luxury. Featuring color-blocking in Chalk White and Stone Gray. Perfect for the discerning swimmer who refuses the obvious.</p>,Twessie,Bikini Top,"high-end swimwear, minimalist luxury, architectural swimsuit, Crinkled Seersucker bikini, minimalist bikini top",TRUE,Color,Chalk White,Size,S,TWESSIE_JP_BT_0201-Chalk White-S,168.0,,10
twessie-jp-bt-0201,Minimalist Chalk White Textured Bikini Top,<p>Crafted in premium Crinkled Seersucker with Matte Ribbed Knit accents. This bikini top epitomizes rebellious yet refined luxury. Featuring color-blocking in Chalk White and Stone Gray. Perfect for the discerning swimmer who refuses the obvious.</p>,Twessie,Bikini Top,"high-end swimwear, minimalist luxury, architectural swimsuit, Crinkled Seersucker bikini, minimalist bikini top",TRUE,Color,Chalk White,Size,M,TWESSIE_JP_BT_0201-Chalk White-M,168.0,,10
twessie-jp-bt-0201,Minimalist Chalk White Textured Bikini Top,<p>Crafted in premium Crinkled Seersucker with Matte Ribbed Knit accents. This bikini top epitomizes rebellious yet refined luxury. Featuring color-blocking in Chalk White and Stone Gray. Perfect for the discerning swimmer who refuses the obvious.</p>,Twessie,Bikini Top,"high-end swimwear, minimalist luxury, architectural swimsuit, Crinkled Seersucker bikini, minimalist bikini top",TRUE,Color,Chalk White,Size,L,TWESSIE_JP_BT_0201-Chalk White-L,168.0,,10
twessie-jp-bt-0201,Minimalist Chalk White Textured Bikini Top,<p>Crafted in premium Crinkled Seersucker with Matte Ribbed Knit accents. This bikini top epitomizes rebellious yet refined luxury. Featuring color-blocking in Chalk White and Stone Gray. Perfect for the discerning swimmer who refuses the obvious.</p>,Twessie,Bikini Top,"high-end swimwear, minimalist luxury, architectural swimsuit, Crinkled Seersucker bikini, minimalist bikini top",TRUE,Color,Chalk White,Size,XL,TWESSIE_JP_BT_0201-Chalk White-XL,168.0,,10
twessie-jp-bt-0201,Minimalist Chalk White Textured Bikini Top,<p>Crafted in premium Crinkled Seersucker with Matte Ribbed Knit accents. This bikini top epitomizes rebellious yet refined luxury. Featuring color-blocking in Chalk White and Stone Gray. Perfect for the discerning swimmer who refuses the obvious.</p>,Twessie,Bikini Top,"high-end swimwear, minimalist luxury, architectural swimsuit, Crinkled Seersucker bikini, minimalist bikini top",TRUE,Color,Chalk White,Size,XXL,TWESSIE_JP_BT_0201-Chalk White-XXL,168.0,,10
twessie-jp-bt-0201,Minimalist Chalk White Textured Bikini Top,<p>Crafted in premium Crinkled Seersucker with Matte Ribbed Knit accents. This bikini top epitomizes rebellious yet refined luxury. Featuring color-blocking in Chalk White and Stone Gray. Perfect for the discerning swimmer who refuses the obvious.</p>,Twessie,Bikini Top,"high-end swimwear, minimalist luxury, architectural swimsuit, Crinkled Seersucker bikini, minimalist bikini top",TRUE,Color,Stone Gray,Size,XS,TWESSIE_JP_BT_0201-Stone Gray-XS,168.0,,10
twessie-jp-bt-0201,Minimalist Chalk White Textured Bikini Top,<p>Crafted in premium Crinkled Seersucker with Matte Ribbed Knit accents. This bikini top epitomizes rebellious yet refined luxury. Featuring color-blocking in Chalk White and Stone Gray. Perfect for the discerning swimmer who refuses the obvious.</p>,Twessie,Bikini Top,"high-end swimwear, minimalist luxury, architectural swimsuit, Crinkled Seersucker bikini, minimalist bikini top",TRUE,Color,Stone Gray,Size,S,TWESSIE_JP_BT_0201-Stone Gray-S,168.0,,10
twessie-jp-bt-0201,Minimalist Chalk White Textured Bikini Top,<p>Crafted in premium Crinkled Seersucker with Matte Ribbed Knit accents. This bikini top epitomizes rebellious yet refined luxury. Featuring color-blocking in Chalk White and Stone Gray. Perfect for the discerning swimmer who refuses the obvious.</p>,Twessie,Bikini Top,"high-end swimwear, minimalist luxury, architectural swimsuit, Crinkled Seersucker bikini, minimalist bikini top",TRUE,Color,Stone Gray,Size,M,TWESSIE_JP_BT_0201-Stone Gray-M,168.0,,10
twessie-jp-bt-0201,Minimalist Chalk White Textured Bikini Top,<p>Crafted in premium Crinkled Seersucker with Matte Ribbed Knit accents. This bikini top epitomizes rebellious yet refined luxury. Featuring color-blocking in Chalk White and Stone Gray. Perfect for the discerning swimmer who refuses the obvious.</p>,Twessie,Bikini Top,"high-end swimwear, minimalist luxury, architectural swimsuit, Crinkled Seersucker bikini, minimalist bikini top",TRUE,Color,Stone Gray,Size,L,TWESSIE_JP_BT_0201-Stone Gray-L,168.0,,10
twessie-jp-bt-0201,Minimalist Chalk White Textured Bikini Top,<p>Crafted in premium Crinkled Seersucker with Matte Ribbed Knit accents. This bikini top epitomizes rebellious yet refined luxury. Featuring color-blocking in Chalk White and Stone Gray. Perfect for the discerning swimmer who refuses the obvious.</p>,Twessie,Bikini Top,"high-end swimwear, minimalist luxury, architectural swimsuit, Crinkled Seersucker bikini, minimalist bikini top",TRUE,Color,Stone Gray,Size,XL,TWESSIE_JP_BT_0201-Stone Gray-XL,168.0,,10
twessie-jp-bt-0201,Minimalist Chalk White Textured Bikini Top,<p>Crafted in premium Crinkled Seersucker with Matte Ribbed Knit accents. This bikini top epitomizes rebellious yet refined luxury. Featuring color-blocking in Chalk White and Stone Gray. Perfect for the discerning swimmer who refuses the obvious.</p>,Twessie,Bikini Top,"high-end swimwear, minimalist luxury, architectural swimsuit, Crinkled Seersucker bikini, minimalist bikini top",TRUE,Color,Stone Gray,Size,XXL,TWESSIE_JP_BT_0201-Stone Gray-XXL,168.0,,10
twessie-eu-bt-0202,Burnt Terracotta Sculptural Matte Ribbed Knit Bikini Top,<p>A statement piece in Matte Ribbed Knit. This bikini top combines architectural elegance design with impeccable craftsmanship. Available in Burnt Terracotta with Olive Drab detailing. Not loud. Not obvious. Unmistakably Twessie.</p>,Twessie,Bikini Top,"architectural swimsuit, independent fashion, minimalist bikini top, Matte Ribbed Knit bikini, high-end swimwear",TRUE,Color,Burnt Terracotta,Size,XS,TWESSIE_EU_BT_0202-Burnt Terracotta-XS,168.0,,10
twessie-eu-bt-0202,Burnt Terracotta Sculptural Matte Ribbed Knit Bikini Top,<p>A statement piece in Matte Ribbed Knit. This bikini top combines architectural elegance design with impeccable craftsmanship. Available in Burnt Terracotta with Olive Drab detailing. Not loud. Not obvious. Unmistakably Twessie.</p>,Twessie,Bikini Top,"architectural swimsuit, independent fashion, minimalist bikini top, Matte Ribbed Knit bikini, high-end swimwear",TRUE,Color,Burnt Terracotta,Size,S,TWESSIE_EU_BT_0202-Burnt Terracotta-S,168.0,,10
twessie-eu-bt-0202,Burnt Terracotta Sculptural Matte Ribbed Knit Bikini Top,<p>A statement piece in Matte Ribbed Knit. This bikini top combines architectural elegance design with impeccable craftsmanship. Available in Burnt Terracotta with Olive Drab detailing. Not loud. Not obvious. Unmistakably Twessie.</p>,Twessie,Bikini Top,"architectural swimsuit, independent fashion, minimalist bikini top, Matte Ribbed Knit bikini, high-end swimwear",TRUE,Color,Burnt Terracotta,Size,M,TWESSIE_EU_BT_0202-Burnt Terracotta-M,168.0,,10
twessie-eu-bt-0202,Burnt Terracotta Sculptural Matte Ribbed Knit Bikini Top,<p>A statement piece in Matte Ribbed Knit. This bikini top combines architectural elegance design with impeccable craftsmanship. Available in Burnt Terracotta with Olive Drab detailing. Not loud. Not obvious. Unmistakably Twessie.</p>,Twessie,Bikini Top,"architectural swimsuit, independent fashion, minimalist bikini top, Matte Ribbed Knit bikini, high-end swimwear",TRUE,Color,Burnt Terracotta,Size,L,TWESSIE_EU_BT_0202-Burnt Terracotta-L,168.0,,10
twessie-eu-bt-0202,Burnt Terracotta Sculptural Matte Ribbed Knit Bikini Top,<p>A statement piece in Matte Ribbed Knit. This bikini top combines architectural elegance design with impeccable craftsmanship. Available in Burnt Terracotta with Olive Drab detailing. Not loud. Not obvious. Unmistakably Twessie.</p>,Twessie,Bikini Top,"architectural swimsuit, independent fashion, minimalist bikini top, Matte Ribbed Knit bikini, high-end swimwear",TRUE,Color,Burnt Terracotta,Size,XL,TWESSIE_EU_BT_0202-Burnt Terracotta-XL,168.0,,10
twessie-eu-bt-0202,Burnt Terracotta Sculptural Matte Ribbed Knit Bikini Top,<p>A statement piece in Matte Ribbed Knit. This bikini top combines architectural elegance design with impeccable craftsmanship. Available in Burnt Terracotta with Olive Drab detailing. Not loud. Not obvious. Unmistakably Twessie.</p>,Twessie,Bikini Top,"architectural swimsuit, independent fashion, minimalist bikini top, Matte Ribbed Knit bikini, high-end swimwear",TRUE,Color,Burnt Terracotta,Size,XXL,TWESSIE_EU_BT_0202-Burnt Terracotta-XXL,168.0,,10
twessie-eu-bt-0202,Burnt Terracotta Sculptural Matte Ribbed Knit Bikini Top,<p>A statement piece in Matte Ribbed Knit. This bikini top combines architectural elegance design with impeccable craftsmanship. Available in Burnt Terracotta with Olive Drab detailing. Not loud. Not obvious. Unmistakably Twessie.</p>,Twessie,Bikini Top,"architectural swimsuit, independent fashion, minimalist bikini top, Matte Ribbed Knit bikini, high-end swimwear",TRUE,Color,Olive Drab,Size,XS,TWESSIE_EU_BT_0202-Olive Drab-XS,168.0,,10
twessie-eu-bt-0202,Burnt Terracotta Sculptural Matte Ribbed Knit Bikini Top,<p>A statement piece in Matte Ribbed Knit. This bikini top combines architectural elegance design with impeccable craftsmanship. Available in Burnt Terracotta with Olive Drab detailing. Not loud. Not obvious. Unmistakably Twessie.</p>,Twessie,Bikini Top,"architectural swimsuit, independent fashion, minimalist bikini top, Matte Ribbed Knit bikini, high-end swimwear",TRUE,Color,Olive Drab,Size,S,TWESSIE_EU_BT_0202-Olive Drab-S,168.0,,10
twessie-eu-bt-0202,Burnt Terracotta Sculptural Matte Ribbed Knit Bikini Top,<p>A statement piece in Matte Ribbed Knit. This bikini top combines architectural elegance design with impeccable craftsmanship. Available in Burnt Terracotta with Olive Drab detailing. Not loud. Not obvious. Unmistakably Twessie.</p>,Twessie,Bikini Top,"architectural swimsuit, independent fashion, minimalist bikini top, Matte Ribbed Knit bikini, high-end swimwear",TRUE,Color,Olive Drab,Size,M,TWESSIE_EU_BT_0202-Olive Drab-M,168.0,,10
twessie-eu-bt-0202,Burnt Terracotta Sculptural Matte Ribbed Knit Bikini Top,<p>A statement piece in Matte Ribbed Knit. This bikini top combines architectural elegance design with impeccable craftsmanship. Available in Burnt Terracotta with Olive Drab detailing. Not loud. Not obvious. Unmistakably Twessie.</p>,Twessie,Bikini Top,"architectural swimsuit, independent fashion, minimalist bikini top, Matte Ribbed Knit bikini, high-end swimwear",TRUE,Color,Olive Drab,Size,L,TWESSIE_EU_BT_0202-Olive Drab-L,168.0,,10
twessie-eu-bt-0202,Burnt Terracotta Sculptural Matte Ribbed Knit Bikini Top,<p>A statement piece in Matte Ribbed Knit. This bikini top combines architectural elegance design with impeccable craftsmanship. Available in Burnt Terracotta with Olive Drab detailing. Not loud. Not obvious. Unmistakably Twessie.</p>,Twessie,Bikini Top,"architectural swimsuit, independent fashion, minimalist bikini top, Matte Ribbed Knit bikini, high-end swimwear",TRUE,Color,Olive Drab,Size,XL,TWESSIE_EU_BT_0202-Olive Drab-XL,168.0,,10
twessie-eu-bt-0202,Burnt Terracotta Sculptural Matte Ribbed Knit Bikini Top,<p>A statement piece in Matte Ribbed Knit. This bikini top combines architectural elegance design with impeccable craftsmanship. Available in Burnt Terracotta with Olive Drab detailing. Not loud. Not obvious. Unmistakably Twessie.</p>,Twessie,Bikini Top,"architectural swimsuit, independent fashion, minimalist bikini top, Matte Ribbed Knit bikini, high-end swimwear",TRUE,Color,Olive Drab,Size,XXL,TWESSIE_EU_BT_0202-Olive Drab-XXL,168.0,,10
twessie-na-bt-0203,Architecture-Cut Stone Gray Bikini Top,<p>Crafted in premium Crinkled Seersucker with Matte Ribbed Knit accents. This bikini top epitomizes minimalist luxury luxury. Featuring color-blocking in Stone Gray and Chalk White. Perfect for the discerning swimmer who refuses the obvious.</p>,Twessie,Bikini Top,"high-end swimwear, luxury Stone Gray swimwear, minimalist luxury, architectural swimsuit, independent fashion",TRUE,Color,Stone Gray,Size,XS,TWESSIE_NA_BT_0203-Stone Gray-XS,168.0,,10
twessie-na-bt-0203,Architecture-Cut Stone Gray Bikini Top,<p>Crafted in premium Crinkled Seersucker with Matte Ribbed Knit accents. This bikini top epitomizes minimalist luxury luxury. Featuring color-blocking in Stone Gray and Chalk White. Perfect for the discerning swimmer who refuses the obvious.</p>,Twessie,Bikini Top,"high-end swimwear, luxury Stone Gray swimwear, minimalist luxury, architectural swimsuit, independent fashion",TRUE,Color,Stone Gray,Size,S,TWESSIE_NA_BT_0203-Stone Gray-S,168.0,,10
twessie-na-bt-0203,Architecture-Cut Stone Gray Bikini Top,<p>Crafted in premium Crinkled Seersucker with Matte Ribbed Knit accents. This bikini top epitomizes minimalist luxury luxury. Featuring color-blocking in Stone Gray and Chalk White. Perfect for the discerning swimmer who refuses the obvious.</p>,Twessie,Bikini Top,"high-end swimwear, luxury Stone Gray swimwear, minimalist luxury, architectural swimsuit, independent fashion",TRUE,Color,Stone Gray,Size,M,TWESSIE_NA_BT_0203-Stone Gray-M,168.0,,10
twessie-na-bt-0203,Architecture-Cut Stone Gray Bikini Top,<p>Crafted in premium Crinkled Seersucker with Matte Ribbed Knit accents. This bikini top epitomizes minimalist luxury luxury. Featuring color-blocking in Stone Gray and Chalk White. Perfect for the discerning swimmer who refuses the obvious.</p>,Twessie,Bikini Top,"high-end swimwear, luxury Stone Gray swimwear, minimalist luxury, architectural swimsuit, independent fashion",TRUE,Color,Stone Gray,Size,L,TWESSIE_NA_BT_0203-Stone Gray-L,168.0,,10
twessie-na-bt-0203,Architecture-Cut Stone Gray Bikini Top,<p>Crafted in premium Crinkled Seersucker with Matte Ribbed Knit accents. This bikini top epitomizes minimalist luxury luxury. Featuring color-blocking in Stone Gray and Chalk White. Perfect for the discerning swimmer who refuses the obvious.</p>,Twessie,Bikini Top,"high-end swimwear, luxury Stone Gray swimwear, minimalist luxury, architectural swimsuit, independent fashion",TRUE,Color,Stone Gray,Size,XL,TWESSIE_NA_BT_0203-Stone Gray-XL,168.0,,10
twessie-na-bt-0203,Architecture-Cut Stone Gray Bikini Top,<p>Crafted in premium Crinkled Seersucker with Matte Ribbed Knit accents. This bikini top epitomizes minimalist luxury luxury. Featuring color-blocking in Stone Gray and Chalk White. Perfect for the discerning swimmer who refuses the obvious.</p>,Twessie,Bikini Top,"high-end swimwear, luxury Stone Gray swimwear, minimalist luxury, architectural swimsuit, independent fashion",TRUE,Color,Stone Gray,Size,XXL,TWESSIE_NA_BT_0203-Stone Gray-XXL,168.0,,10
twessie-na-bt-0203,Architecture-Cut Stone Gray Bikini Top,<p>Crafted in premium Crinkled Seersucker with Matte Ribbed Knit accents. This bikini top epitomizes minimalist luxury luxury. Featuring color-blocking in Stone Gray and Chalk White. Perfect for the discerning swimmer who refuses the obvious.</p>,Twessie,Bikini Top,"high-end swimwear, luxury Stone Gray swimwear, minimalist luxury, architectural swimsuit, independent fashion",TRUE,Color,Chalk White,Size,XS,TWESSIE_NA_BT_0203-Chalk White-XS,168.0,,10
twessie-na-bt-0203,Architecture-Cut Stone Gray Bikini Top,<p>Crafted in premium Crinkled Seersucker with Matte Ribbed Knit accents. This bikini top epitomizes minimalist luxury luxury. Featuring color-blocking in Stone Gray and Chalk White. Perfect for the discerning swimmer who refuses the obvious.</p>,Twessie,Bikini Top,"high-end swimwear, luxury Stone Gray swimwear, minimalist luxury, architectural swimsuit, independent fashion",TRUE,Color,Chalk White,Size,S,TWESSIE_NA_BT_0203-Chalk White-S,168.0,,10
twessie-na-bt-0203,Architecture-Cut Stone Gray Bikini Top,<p>Crafted in premium Crinkled Seersucker with Matte Ribbed Knit accents. This bikini top epitomizes minimalist luxury luxury. Featuring color-blocking in Stone Gray and Chalk White. Perfect for the discerning swimmer who refuses the obvious.</p>,Twessie,Bikini Top,"high-end swimwear, luxury Stone Gray swimwear, minimalist luxury, architectural swimsuit, independent fashion",TRUE,Color,Chalk White,Size,M,TWESSIE_NA_BT_0203-Chalk White-M,168.0,,10
twessie-na-bt-0203,Architecture-Cut Stone Gray Bikini Top,<p>Crafted in premium Crinkled Seersucker with Matte Ribbed Knit accents. This bikini top epitomizes minimalist luxury luxury. Featuring color-blocking in Stone Gray and Chalk White. Perfect for the discerning swimmer who refuses the obvious.</p>,Twessie,Bikini Top,"high-end swimwear, luxury Stone Gray swimwear, minimalist luxury, architectural swimsuit, independent fashion",TRUE,Color,Chalk White,Size,L,TWESSIE_NA_BT_0203-Chalk White-L,168.0,,10
twessie-na-bt-0203,Architecture-Cut Stone Gray Bikini Top,<p>Crafted in premium Crinkled Seersucker with Matte Ribbed Knit accents. This bikini top epitomizes minimalist luxury luxury. Featuring color-blocking in Stone Gray and Chalk White. Perfect for the discerning swimmer who refuses the obvious.</p>,Twessie,Bikini Top,"high-end swimwear, luxury Stone Gray swimwear, minimalist luxury, architectural swimsuit, independent fashion",TRUE,Color,Chalk White,Size,XL,TWESSIE_NA_BT_0203-Chalk White-XL,168.0,,10
twessie-na-bt-0203,Architecture-Cut Stone Gray Bikini Top,<p>Crafted in premium Crinkled Seersucker with Matte Ribbed Knit accents. This bikini top epitomizes minimalist luxury luxury. Featuring color-blocking in Stone Gray and Chalk White. Perfect for the discerning swimmer who refuses the obvious.</p>,Twessie,Bikini Top,"high-end swimwear, luxury Stone Gray swimwear, minimalist luxury, architectural swimsuit, independent fashion",TRUE,Color,Chalk White,Size,XXL,TWESSIE_NA_BT_0203-Chalk White-XXL,168.0,,10
twessie-au-bt-0204,Architecture-Cut Obsidian Black Bikini Top,<p>Crafted in premium Econyl Sleek Satin with Matte Ribbed Knit accents. This bikini top epitomizes rebellious yet refined luxury. Featuring color-blocking in Obsidian Black and Burnt Terracotta. Perfect for the discerning swimmer who refuses the obvious.</p>,Twessie,Bikini Top,"minimalist luxury, luxury Obsidian Black swimwear, Econyl Sleek Satin bikini, independent fashion, high-end swimwear",TRUE,Color,Obsidian Black,Size,XS,TWESSIE_AU_BT_0204-Obsidian Black-XS,168.0,,10
twessie-au-bt-0204,Architecture-Cut Obsidian Black Bikini Top,<p>Crafted in premium Econyl Sleek Satin with Matte Ribbed Knit accents. This bikini top epitomizes rebellious yet refined luxury. Featuring color-blocking in Obsidian Black and Burnt Terracotta. Perfect for the discerning swimmer who refuses the obvious.</p>,Twessie,Bikini Top,"minimalist luxury, luxury Obsidian Black swimwear, Econyl Sleek Satin bikini, independent fashion, high-end swimwear",TRUE,Color,Obsidian Black,Size,S,TWESSIE_AU_BT_0204-Obsidian Black-S,168.0,,10
twessie-au-bt-0204,Architecture-Cut Obsidian Black Bikini Top,<p>Crafted in premium Econyl Sleek Satin with Matte Ribbed Knit accents. This bikini top epitomizes rebellious yet refined luxury. Featuring color-blocking in Obsidian Black and Burnt Terracotta. Perfect for the discerning swimmer who refuses the obvious.</p>,Twessie,Bikini Top,"minimalist luxury, luxury Obsidian Black swimwear, Econyl Sleek Satin bikini, independent fashion, high-end swimwear",TRUE,Color,Obsidian Black,Size,M,TWESSIE_AU_BT_0204-Obsidian Black-M,168.0,,10
twessie-au-bt-0204,Architecture-Cut Obsidian Black Bikini Top,<p>Crafted in premium Econyl Sleek Satin with Matte Ribbed Knit accents. This bikini top epitomizes rebellious yet refined luxury. Featuring color-blocking in Obsidian Black and Burnt Terracotta. Perfect for the discerning swimmer who refuses the obvious.</p>,Twessie,Bikini Top,"minimalist luxury, luxury Obsidian Black swimwear, Econyl Sleek Satin bikini, independent fashion, high-end swimwear",TRUE,Color,Obsidian Black,Size,L,TWESSIE_AU_BT_0204-Obsidian Black-L,168.0,,10
twessie-au-bt-0204,Architecture-Cut Obsidian Black Bikini Top,<p>Crafted in premium Econyl Sleek Satin with Matte Ribbed Knit accents. This bikini top epitomizes rebellious yet refined luxury. Featuring color-blocking in Obsidian Black and Burnt Terracotta. Perfect for the discerning swimmer who refuses the obvious.</p>,Twessie,Bikini Top,"minimalist luxury, luxury Obsidian Black swimwear, Econyl Sleek Satin bikini, independent fashion, high-end swimwear",TRUE,Color,Obsidian Black,Size,XL,TWESSIE_AU_BT_0204-Obsidian Black-XL,168.0,,10
twessie-au-bt-0204,Architecture-Cut Obsidian Black Bikini Top,<p>Crafted in premium Econyl Sleek Satin with Matte Ribbed Knit accents. This bikini top epitomizes rebellious yet refined luxury. Featuring color-blocking in Obsidian Black and Burnt Terracotta. Perfect for the discerning swimmer who refuses the obvious.</p>,Twessie,Bikini Top,"minimalist luxury, luxury Obsidian Black swimwear, Econyl Sleek Satin bikini, independent fashion, high-end swimwear",TRUE,Color,Obsidian Black,Size,XXL,TWESSIE_AU_BT_0204-Obsidian Black-XXL,168.0,,10
twessie-au-bt-0204,Architecture-Cut Obsidian Black Bikini Top,<p>Crafted in premium Econyl Sleek Satin with Matte Ribbed Knit accents. This bikini top epitomizes rebellious yet refined luxury. Featuring color-blocking in Obsidian Black and Burnt Terracotta. Perfect for the discerning swimmer who refuses the obvious.</p>,Twessie,Bikini Top,"minimalist luxury, luxury Obsidian Black swimwear, Econyl Sleek Satin bikini, independent fashion, high-end swimwear",TRUE,Color,Burnt Terracotta,Size,XS,TWESSIE_AU_BT_0204-Burnt Terracotta-XS,168.0,,10
twessie-au-bt-0204,Architecture-Cut Obsidian Black Bikini Top,<p>Crafted in premium Econyl Sleek Satin with Matte Ribbed Knit accents. This bikini top epitomizes rebellious yet refined luxury. Featuring color-blocking in Obsidian Black and Burnt Terracotta. Perfect for the discerning swimmer who refuses the obvious.</p>,Twessie,Bikini Top,"minimalist luxury, luxury Obsidian Black swimwear, Econyl Sleek Satin bikini, independent fashion, high-end swimwear",TRUE,Color,Burnt Terracotta,Size,S,TWESSIE_AU_BT_0204-Burnt Terracotta-S,168.0,,10
twessie-au-bt-0204,Architecture-Cut Obsidian Black Bikini Top,<p>Crafted in premium Econyl Sleek Satin with Matte Ribbed Knit accents. This bikini top epitomizes rebellious yet refined luxury. Featuring color-blocking in Obsidian Black and Burnt Terracotta. Perfect for the discerning swimmer who refuses the obvious.</p>,Twessie,Bikini Top,"minimalist luxury, luxury Obsidian Black swimwear, Econyl Sleek Satin bikini, independent fashion, high-end swimwear",TRUE,Color,Burnt Terracotta,Size,M,TWESSIE_AU_BT_0204-Burnt Terracotta-M,168.0,,10
twessie-au-bt-0204,Architecture-Cut Obsidian Black Bikini Top,<p>Crafted in premium Econyl Sleek Satin with Matte Ribbed Knit accents. This bikini top epitomizes rebellious yet refined luxury. Featuring color-blocking in Obsidian Black and Burnt Terracotta. Perfect for the discerning swimmer who refuses the obvious.</p>,Twessie,Bikini Top,"minimalist luxury, luxury Obsidian Black swimwear, Econyl Sleek Satin bikini, independent fashion, high-end swimwear",TRUE,Color,Burnt Terracotta,Size,L,TWESSIE_AU_BT_0204-Burnt Terracotta-L,168.0,,10
twessie-au-bt-0204,Architecture-Cut Obsidian Black Bikini Top,<p>Crafted in premium Econyl Sleek Satin with Matte Ribbed Knit accents. This bikini top epitomizes rebellious yet refined luxury. Featuring color-blocking in Obsidian Black and Burnt Terracotta. Perfect for the discerning swimmer who refuses the obvious.</p>,Twessie,Bikini Top,"minimalist luxury, luxury Obsidian Black swimwear, Econyl Sleek Satin bikini, independent fashion, high-end swimwear",TRUE,Color,Burnt Terracotta,Size,XL,TWESSIE_AU_BT_0204-Burnt Terracotta-XL,168.0,,10
twessie-au-bt-0204,Architecture-Cut Obsidian Black Bikini Top,<p>Crafted in premium Econyl Sleek Satin with Matte Ribbed Knit accents. This bikini top epitomizes rebellious yet refined luxury. Featuring color-blocking in Obsidian Black and Burnt Terracotta. Perfect for the discerning swimmer who refuses the obvious.</p>,Twessie,Bikini Top,"minimalist luxury, luxury Obsidian Black swimwear, Econyl Sleek Satin bikini, independent fashion, high-end swimwear",TRUE,Color,Burnt Terracotta,Size,XXL,TWESSIE_AU_BT_0204-Burnt Terracotta-XXL,168.0,,10
twessie-sg-bt-0205,Architecture-Cut Olive Drab Bikini Top,"<p>Matte Ribbed Knit construction meets architectural precision in this bikini top. Designed for the intelligent, independent woman. The Olive Drab colorway with Burnt Terracotta accents creates a sophisticated palette. Pure anti-fashion statement elegance.</p>",Twessie,Bikini Top,"luxury Olive Drab swimwear, independent fashion, high-end swimwear, Matte Ribbed Knit bikini, minimalist bikini top",TRUE,Color,Olive Drab,Size,XS,TWESSIE_SG_BT_0205-Olive Drab-XS,168.0,,10
twessie-sg-bt-0205,Architecture-Cut Olive Drab Bikini Top,"<p>Matte Ribbed Knit construction meets architectural precision in this bikini top. Designed for the intelligent, independent woman. The Olive Drab colorway with Burnt Terracotta accents creates a sophisticated palette. Pure anti-fashion statement elegance.</p>",Twessie,Bikini Top,"luxury Olive Drab swimwear, independent fashion, high-end swimwear, Matte Ribbed Knit bikini, minimalist bikini top",TRUE,Color,Olive Drab,Size,S,TWESSIE_SG_BT_0205-Olive Drab-S,168.0,,10
twessie-sg-bt-0205,Architecture-Cut Olive Drab Bikini Top,"<p>Matte Ribbed Knit construction meets architectural precision in this bikini top. Designed for the intelligent, independent woman. The Olive Drab colorway with Burnt Terracotta accents creates a sophisticated palette. Pure anti-fashion statement elegance.</p>",Twessie,Bikini Top,"luxury Olive Drab swimwear, independent fashion, high-end swimwear, Matte Ribbed Knit bikini, minimalist bikini top",TRUE,Color,Olive Drab,Size,M,TWESSIE_SG_BT_0205-Olive Drab-M,168.0,,10
twessie-sg-bt-0205,Architecture-Cut Olive Drab Bikini Top,"<p>Matte Ribbed Knit construction meets architectural precision in this bikini top. Designed for the intelligent, independent woman. The Olive Drab colorway with Burnt Terracotta accents creates a sophisticated palette. Pure anti-fashion statement elegance.</p>",Twessie,Bikini Top,"luxury Olive Drab swimwear, independent fashion, high-end swimwear, Matte Ribbed Knit bikini, minimalist bikini top",TRUE,Color,Olive Drab,Size,L,TWESSIE_SG_BT_0205-Olive Drab-L,168.0,,10
twessie-sg-bt-0205,Architecture-Cut Olive Drab Bikini Top,"<p>Matte Ribbed Knit construction meets architectural precision in this bikini top. Designed for the intelligent, independent woman. The Olive Drab colorway with Burnt Terracotta accents creates a sophisticated palette. Pure anti-fashion statement elegance.</p>",Twessie,Bikini Top,"luxury Olive Drab swimwear, independent fashion, high-end swimwear, Matte Ribbed Knit bikini, minimalist bikini top",TRUE,Color,Olive Drab,Size,XL,TWESSIE_SG_BT_0205-Olive Drab-XL,168.0,,10
twessie-sg-bt-0205,Architecture-Cut Olive Drab Bikini Top,"<p>Matte Ribbed Knit construction meets architectural precision in this bikini top. Designed for the intelligent, independent woman. The Olive Drab colorway with Burnt Terracotta accents creates a sophisticated palette. Pure anti-fashion statement elegance.</p>",Twessie,Bikini Top,"luxury Olive Drab swimwear, independent fashion, high-end swimwear, Matte Ribbed Knit bikini, minimalist bikini top",TRUE,Color,Olive Drab,Size,XXL,TWESSIE_SG_BT_0205-Olive Drab-XXL,168.0,,10
twessie-sg-bt-0205,Architecture-Cut Olive Drab Bikini Top,"<p>Matte Ribbed Knit construction meets architectural precision in this bikini top. Designed for the intelligent, independent woman. The Olive Drab colorway with Burnt Terracotta accents creates a sophisticated palette. Pure anti-fashion statement elegance.</p>",Twessie,Bikini Top,"luxury Olive Drab swimwear, independent fashion, high-end swimwear, Matte Ribbed Knit bikini, minimalist bikini top",TRUE,Color,Burnt Terracotta,Size,XS,TWESSIE_SG_BT_0205-Burnt Terracotta-XS,168.0,,10
twessie-sg-bt-0205,Architecture-Cut Olive Drab Bikini Top,"<p>Matte Ribbed Knit construction meets architectural precision in this bikini top. Designed for the intelligent, independent woman. The Olive Drab colorway with Burnt Terracotta accents creates a sophisticated palette. Pure anti-fashion statement elegance.</p>",Twessie,Bikini Top,"luxury Olive Drab swimwear, independent fashion, high-end swimwear, Matte Ribbed Knit bikini, minimalist bikini top",TRUE,Color,Burnt Terracotta,Size,S,TWESSIE_SG_BT_0205-Burnt Terracotta-S,168.0,,10
twessie-sg-bt-0205,Architecture-Cut Olive Drab Bikini Top,"<p>Matte Ribbed Knit construction meets architectural precision in this bikini top. Designed for the intelligent, independent woman. The Olive Drab colorway with Burnt Terracotta accents creates a sophisticated palette. Pure anti-fashion statement elegance.</p>",Twessie,Bikini Top,"luxury Olive Drab swimwear, independent fashion, high-end swimwear, Matte Ribbed Knit bikini, minimalist bikini top",TRUE,Color,Burnt Terracotta,Size,M,TWESSIE_SG_BT_0205-Burnt Terracotta-M,168.0,,10
twessie-sg-bt-0205,Architecture-Cut Olive Drab Bikini Top,"<p>Matte Ribbed Knit construction meets architectural precision in this bikini top. Designed for the intelligent, independent woman. The Olive Drab colorway with Burnt Terracotta accents creates a sophisticated palette. Pure anti-fashion statement elegance.</p>",Twessie,Bikini Top,"luxury Olive Drab swimwear, independent fashion, high-end swimwear, Matte Ribbed Knit bikini, minimalist bikini top",TRUE,Color,Burnt Terracotta,Size,L,TWESSIE_SG_BT_0205-Burnt Terracotta-L,168.0,,10
twessie-sg-bt-0205,Architecture-Cut Olive Drab Bikini Top,"<p>Matte Ribbed Knit construction meets architectural precision in this bikini top. Designed for the intelligent, independent woman. The Olive Drab colorway with Burnt Terracotta accents creates a sophisticated palette. Pure anti-fashion statement elegance.</p>",Twessie,Bikini Top,"luxury Olive Drab swimwear, independent fashion, high-end swimwear, Matte Ribbed Knit bikini, minimalist bikini top",TRUE,Color,Burnt Terracotta,Size,XL,TWESSIE_SG_BT_0205-Burnt Terracotta-XL,168.0,,10
twessie-sg-bt-0205,Architecture-Cut Olive Drab Bikini Top,"<p>Matte Ribbed Knit construction meets architectural precision in this bikini top. Designed for the intelligent, independent woman. The Olive Drab colorway with Burnt Terracotta accents creates a sophisticated palette. Pure anti-fashion statement elegance.</p>",Twessie,Bikini Top,"luxury Olive Drab swimwear, independent fashion, high-end swimwear, Matte Ribbed Knit bikini, minimalist bikini top",TRUE,Color,Burnt Terracotta,Size,XXL,TWESSIE_SG_BT_0205-Burnt Terracotta-XXL,168.0,,10
twessie-na-bb-0206,Obsidian Black Minimalist Econyl Sleek Satin Bikini Bottom,<p>Crafted in premium Econyl Sleek Satin with Matte Ribbed Knit accents. This bikini bottom epitomizes intelligent aesthetic luxury. Featuring color-blocking in Obsidian Black and Olive Drab. Perfect for the discerning swimmer who refuses the obvious.</p>,Twessie,Bikini Bottom,"luxury Obsidian Black swimwear, high-end swimwear, Econyl Sleek Satin bikini, architectural swimsuit, minimalist bikini bottom",TRUE,Color,Obsidian Black,Size,XS,TWESSIE_NA_BB_0206-Obsidian Black-XS,168.0,,10
twessie-na-bb-0206,Obsidian Black Minimalist Econyl Sleek Satin Bikini Bottom,<p>Crafted in premium Econyl Sleek Satin with Matte Ribbed Knit accents. This bikini bottom epitomizes intelligent aesthetic luxury. Featuring color-blocking in Obsidian Black and Olive Drab. Perfect for the discerning swimmer who refuses the obvious.</p>,Twessie,Bikini Bottom,"luxury Obsidian Black swimwear, high-end swimwear, Econyl Sleek Satin bikini, architectural swimsuit, minimalist bikini bottom",TRUE,Color,Obsidian Black,Size,S,TWESSIE_NA_BB_0206-Obsidian Black-S,168.0,,10
twessie-na-bb-0206,Obsidian Black Minimalist Econyl Sleek Satin Bikini Bottom,<p>Crafted in premium Econyl Sleek Satin with Matte Ribbed Knit accents. This bikini bottom epitomizes intelligent aesthetic luxury. Featuring color-blocking in Obsidian Black and Olive Drab. Perfect for the discerning swimmer who refuses the obvious.</p>,Twessie,Bikini Bottom,"luxury Obsidian Black swimwear, high-end swimwear, Econyl Sleek Satin bikini, architectural swimsuit, minimalist bikini bottom",TRUE,Color,Obsidian Black,Size,M,TWESSIE_NA_BB_0206-Obsidian Black-M,168.0,,10
twessie-na-bb-0206,Obsidian Black Minimalist Econyl Sleek Satin Bikini Bottom,<p>Crafted in premium Econyl Sleek Satin with Matte Ribbed Knit accents. This bikini bottom epitomizes intelligent aesthetic luxury. Featuring color-blocking in Obsidian Black and Olive Drab. Perfect for the discerning swimmer who refuses the obvious.</p>,Twessie,Bikini Bottom,"luxury Obsidian Black swimwear, high-end swimwear, Econyl Sleek Satin bikini, architectural swimsuit, minimalist bikini bottom",TRUE,Color,Obsidian Black,Size,L,TWESSIE_NA_BB_0206-Obsidian Black-L,168.0,,10
twessie-na-bb-0206,Obsidian Black Minimalist Econyl Sleek Satin Bikini Bottom,<p>Crafted in premium Econyl Sleek Satin with Matte Ribbed Knit accents. This bikini bottom epitomizes intelligent aesthetic luxury. Featuring color-blocking in Obsidian Black and Olive Drab. Perfect for the discerning swimmer who refuses the obvious.</p>,Twessie,Bikini Bottom,"luxury Obsidian Black swimwear, high-end swimwear, Econyl Sleek Satin bikini, architectural swimsuit, minimalist bikini bottom",TRUE,Color,Obsidian Black,Size,XL,TWESSIE_NA_BB_0206-Obsidian Black-XL,168.0,,10
twessie-na-bb-0206,Obsidian Black Minimalist Econyl Sleek Satin Bikini Bottom,<p>Crafted in premium Econyl Sleek Satin with Matte Ribbed Knit accents. This bikini bottom epitomizes intelligent aesthetic luxury. Featuring color-blocking in Obsidian Black and Olive Drab. Perfect for the discerning swimmer who refuses the obvious.</p>,Twessie,Bikini Bottom,"luxury Obsidian Black swimwear, high-end swimwear, Econyl Sleek Satin bikini, architectural swimsuit, minimalist bikini bottom",TRUE,Color,Obsidian Black,Size,XXL,TWESSIE_NA_BB_0206-Obsidian Black-XXL,168.0,,10
twessie-na-bb-0206,Obsidian Black Minimalist Econyl Sleek Satin Bikini Bottom,<p>Crafted in premium Econyl Sleek Satin with Matte Ribbed Knit accents. This bikini bottom epitomizes intelligent aesthetic luxury. Featuring color-blocking in Obsidian Black and Olive Drab. Perfect for the discerning swimmer who refuses the obvious.</p>,Twessie,Bikini Bottom,"luxury Obsidian Black swimwear, high-end swimwear, Econyl Sleek Satin bikini, architectural swimsuit, minimalist bikini bottom",TRUE,Color,Olive Drab,Size,XS,TWESSIE_NA_BB_0206-Olive Drab-XS,168.0,,10
twessie-na-bb-0206,Obsidian Black Minimalist Econyl Sleek Satin Bikini Bottom,<p>Crafted in premium Econyl Sleek Satin with Matte Ribbed Knit accents. This bikini bottom epitomizes intelligent aesthetic luxury. Featuring color-blocking in Obsidian Black and Olive Drab. Perfect for the discerning swimmer who refuses the obvious.</p>,Twessie,Bikini Bottom,"luxury Obsidian Black swimwear, high-end swimwear, Econyl Sleek Satin bikini, architectural swimsuit, minimalist bikini bottom",TRUE,Color,Olive Drab,Size,S,TWESSIE_NA_BB_0206-Olive Drab-S,168.0,,10
twessie-na-bb-0206,Obsidian Black Minimalist Econyl Sleek Satin Bikini Bottom,<p>Crafted in premium Econyl Sleek Satin with Matte Ribbed Knit accents. This bikini bottom epitomizes intelligent aesthetic luxury. Featuring color-blocking in Obsidian Black and Olive Drab. Perfect for the discerning swimmer who refuses the obvious.</p>,Twessie,Bikini Bottom,"luxury Obsidian Black swimwear, high-end swimwear, Econyl Sleek Satin bikini, architectural swimsuit, minimalist bikini bottom",TRUE,Color,Olive Drab,Size,M,TWESSIE_NA_BB_0206-Olive Drab-M,168.0,,10
twessie-na-bb-0206,Obsidian Black Minimalist Econyl Sleek Satin Bikini Bottom,<p>Crafted in premium Econyl Sleek Satin with Matte Ribbed Knit accents. This bikini bottom epitomizes intelligent aesthetic luxury. Featuring color-blocking in Obsidian Black and Olive Drab. Perfect for the discerning swimmer who refuses the obvious.</p>,Twessie,Bikini Bottom,"luxury Obsidian Black swimwear, high-end swimwear, Econyl Sleek Satin bikini, architectural swimsuit, minimalist bikini bottom",TRUE,Color,Olive Drab,Size,L,TWESSIE_NA_BB_0206-Olive Drab-L,168.0,,10
twessie-na-bb-0206,Obsidian Black Minimalist Econyl Sleek Satin Bikini Bottom,<p>Crafted in premium Econyl Sleek Satin with Matte Ribbed Knit accents. This bikini bottom epitomizes intelligent aesthetic luxury. Featuring color-blocking in Obsidian Black and Olive Drab. Perfect for the discerning swimmer who refuses the obvious.</p>,Twessie,Bikini Bottom,"luxury Obsidian Black swimwear, high-end swimwear, Econyl Sleek Satin bikini, architectural swimsuit, minimalist bikini bottom",TRUE,Color,Olive Drab,Size,XL,TWESSIE_NA_BB_0206-Olive Drab-XL,168.0,,10
twessie-na-bb-0206,Obsidian Black Minimalist Econyl Sleek Satin Bikini Bottom,<p>Crafted in premium Econyl Sleek Satin with Matte Ribbed Knit accents. This bikini bottom epitomizes intelligent aesthetic luxury. Featuring color-blocking in Obsidian Black and Olive Drab. Perfect for the discerning swimmer who refuses the obvious.</p>,Twessie,Bikini Bottom,"luxury Obsidian Black swimwear, high-end swimwear, Econyl Sleek Satin bikini, architectural swimsuit, minimalist bikini bottom",TRUE,Color,Olive Drab,Size,XXL,TWESSIE_NA_BB_0206-Olive Drab-XXL,168.0,,10
twessie-au-bb-0207,Raw-Edge Obsidian Black Bikini Bottom,"<p>Econyl Sleek Satin construction meets architectural precision in this bikini bottom. Designed for the intelligent, independent woman. The Obsidian Black colorway with Burnt Terracotta accents creates a sophisticated palette. Pure architectural elegance elegance.</p>",Twessie,Bikini Bottom,"independent fashion, architectural swimsuit, high-end swimwear, luxury Obsidian Black swimwear, minimalist luxury",TRUE,Color,Obsidian Black,Size,XS,TWESSIE_AU_BB_0207-Obsidian Black-XS,168.0,,10
twessie-au-bb-0207,Raw-Edge Obsidian Black Bikini Bottom,"<p>Econyl Sleek Satin construction meets architectural precision in this bikini bottom. Designed for the intelligent, independent woman. The Obsidian Black colorway with Burnt Terracotta accents creates a sophisticated palette. Pure architectural elegance elegance.</p>",Twessie,Bikini Bottom,"independent fashion, architectural swimsuit, high-end swimwear, luxury Obsidian Black swimwear, minimalist luxury",TRUE,Color,Obsidian Black,Size,S,TWESSIE_AU_BB_0207-Obsidian Black-S,168.0,,10
twessie-au-bb-0207,Raw-Edge Obsidian Black Bikini Bottom,"<p>Econyl Sleek Satin construction meets architectural precision in this bikini bottom. Designed for the intelligent, independent woman. The Obsidian Black colorway with Burnt Terracotta accents creates a sophisticated palette. Pure architectural elegance elegance.</p>",Twessie,Bikini Bottom,"independent fashion, architectural swimsuit, high-end swimwear, luxury Obsidian Black swimwear, minimalist luxury",TRUE,Color,Obsidian Black,Size,M,TWESSIE_AU_BB_0207-Obsidian Black-M,168.0,,10
twessie-au-bb-0207,Raw-Edge Obsidian Black Bikini Bottom,"<p>Econyl Sleek Satin construction meets architectural precision in this bikini bottom. Designed for the intelligent, independent woman. The Obsidian Black colorway with Burnt Terracotta accents creates a sophisticated palette. Pure architectural elegance elegance.</p>",Twessie,Bikini Bottom,"independent fashion, architectural swimsuit, high-end swimwear, luxury Obsidian Black swimwear, minimalist luxury",TRUE,Color,Obsidian Black,Size,L,TWESSIE_AU_BB_0207-Obsidian Black-L,168.0,,10
twessie-au-bb-0207,Raw-Edge Obsidian Black Bikini Bottom,"<p>Econyl Sleek Satin construction meets architectural precision in this bikini bottom. Designed for the intelligent, independent woman. The Obsidian Black colorway with Burnt Terracotta accents creates a sophisticated palette. Pure architectural elegance elegance.</p>",Twessie,Bikini Bottom,"independent fashion, architectural swimsuit, high-end swimwear, luxury Obsidian Black swimwear, minimalist luxury",TRUE,Color,Obsidian Black,Size,XL,TWESSIE_AU_BB_0207-Obsidian Black-XL,168.0,,10
twessie-au-bb-0207,Raw-Edge Obsidian Black Bikini Bottom,"<p>Econyl Sleek Satin construction meets architectural precision in this bikini bottom. Designed for the intelligent, independent woman. The Obsidian Black colorway with Burnt Terracotta accents creates a sophisticated palette. Pure architectural elegance elegance.</p>",Twessie,Bikini Bottom,"independent fashion, architectural swimsuit, high-end swimwear, luxury Obsidian Black swimwear, minimalist luxury",TRUE,Color,Obsidian Black,Size,XXL,TWESSIE_AU_BB_0207-Obsidian Black-XXL,168.0,,10
twessie-au-bb-0207,Raw-Edge Obsidian Black Bikini Bottom,"<p>Econyl Sleek Satin construction meets architectural precision in this bikini bottom. Designed for the intelligent, independent woman. The Obsidian Black colorway with Burnt Terracotta accents creates a sophisticated palette. Pure architectural elegance elegance.</p>",Twessie,Bikini Bottom,"independent fashion, architectural swimsuit, high-end swimwear, luxury Obsidian Black swimwear, minimalist luxury",TRUE,Color,Burnt Terracotta,Size,XS,TWESSIE_AU_BB_0207-Burnt Terracotta-XS,168.0,,10
twessie-au-bb-0207,Raw-Edge Obsidian Black Bikini Bottom,"<p>Econyl Sleek Satin construction meets architectural precision in this bikini bottom. Designed for the intelligent, independent woman. The Obsidian Black colorway with Burnt Terracotta accents creates a sophisticated palette. Pure architectural elegance elegance.</p>",Twessie,Bikini Bottom,"independent fashion, architectural swimsuit, high-end swimwear, luxury Obsidian Black swimwear, minimalist luxury",TRUE,Color,Burnt Terracotta,Size,S,TWESSIE_AU_BB_0207-Burnt Terracotta-S,168.0,,10
twessie-au-bb-0207,Raw-Edge Obsidian Black Bikini Bottom,"<p>Econyl Sleek Satin construction meets architectural precision in this bikini bottom. Designed for the intelligent, independent woman. The Obsidian Black colorway with Burnt Terracotta accents creates a sophisticated palette. Pure architectural elegance elegance.</p>",Twessie,Bikini Bottom,"independent fashion, architectural swimsuit, high-end swimwear, luxury Obsidian Black swimwear, minimalist luxury",TRUE,Color,Burnt Terracotta,Size,M,TWESSIE_AU_BB_0207-Burnt Terracotta-M,168.0,,10
twessie-au-bb-0207,Raw-Edge Obsidian Black Bikini Bottom,"<p>Econyl Sleek Satin construction meets architectural precision in this bikini bottom. Designed for the intelligent, independent woman. The Obsidian Black colorway with Burnt Terracotta accents creates a sophisticated palette. Pure architectural elegance elegance.</p>",Twessie,Bikini Bottom,"independent fashion, architectural swimsuit, high-end swimwear, luxury Obsidian Black swimwear, minimalist luxury",TRUE,Color,Burnt Terracotta,Size,L,TWESSIE_AU_BB_0207-Burnt Terracotta-L,168.0,,10
twessie-au-bb-0207,Raw-Edge Obsidian Black Bikini Bottom,"<p>Econyl Sleek Satin construction meets architectural precision in this bikini bottom. Designed for the intelligent, independent woman. The Obsidian Black colorway with Burnt Terracotta accents creates a sophisticated palette. Pure architectural elegance elegance.</p>",Twessie,Bikini Bottom,"independent fashion, architectural swimsuit, high-end swimwear, luxury Obsidian Black swimwear, minimalist luxury",TRUE,Color,Burnt Terracotta,Size,XL,TWESSIE_AU_BB_0207-Burnt Terracotta-XL,168.0,,10
twessie-au-bb-0207,Raw-Edge Obsidian Black Bikini Bottom,"<p>Econyl Sleek Satin construction meets architectural precision in this bikini bottom. Designed for the intelligent, independent woman. The Obsidian Black colorway with Burnt Terracotta accents creates a sophisticated palette. Pure architectural elegance elegance.</p>",Twessie,Bikini Bottom,"independent fashion, architectural swimsuit, high-end swimwear, luxury Obsidian Black swimwear, minimalist luxury",TRUE,Color,Burnt Terracotta,Size,XXL,TWESSIE_AU_BB_0207-Burnt Terracotta-XXL,168.0,,10
twessie-au-bb-0208,Raw-Edge Chalk White Bikini Bottom,"<p>Crinkled Seersucker construction meets architectural precision in this bikini bottom. Designed for the intelligent, independent woman. The Chalk White colorway with Stone Gray accents creates a sophisticated palette. Pure architectural elegance elegance.</p>",Twessie,Bikini Bottom,"independent fashion, minimalist luxury, high-end swimwear, luxury Chalk White swimwear, architectural swimsuit",TRUE,Color,Chalk White,Size,XS,TWESSIE_AU_BB_0208-Chalk White-XS,168.0,,10
twessie-au-bb-0208,Raw-Edge Chalk White Bikini Bottom,"<p>Crinkled Seersucker construction meets architectural precision in this bikini bottom. Designed for the intelligent, independent woman. The Chalk White colorway with Stone Gray accents creates a sophisticated palette. Pure architectural elegance elegance.</p>",Twessie,Bikini Bottom,"independent fashion, minimalist luxury, high-end swimwear, luxury Chalk White swimwear, architectural swimsuit",TRUE,Color,Chalk White,Size,S,TWESSIE_AU_BB_0208-Chalk White-S,168.0,,10
twessie-au-bb-0208,Raw-Edge Chalk White Bikini Bottom,"<p>Crinkled Seersucker construction meets architectural precision in this bikini bottom. Designed for the intelligent, independent woman. The Chalk White colorway with Stone Gray accents creates a sophisticated palette. Pure architectural elegance elegance.</p>",Twessie,Bikini Bottom,"independent fashion, minimalist luxury, high-end swimwear, luxury Chalk White swimwear, architectural swimsuit",TRUE,Color,Chalk White,Size,M,TWESSIE_AU_BB_0208-Chalk White-M,168.0,,10
twessie-au-bb-0208,Raw-Edge Chalk White Bikini Bottom,"<p>Crinkled Seersucker construction meets architectural precision in this bikini bottom. Designed for the intelligent, independent woman. The Chalk White colorway with Stone Gray accents creates a sophisticated palette. Pure architectural elegance elegance.</p>",Twessie,Bikini Bottom,"independent fashion, minimalist luxury, high-end swimwear, luxury Chalk White swimwear, architectural swimsuit",TRUE,Color,Chalk White,Size,L,TWESSIE_AU_BB_0208-Chalk White-L,168.0,,10
twessie-au-bb-0208,Raw-Edge Chalk White Bikini Bottom,"<p>Crinkled Seersucker construction meets architectural precision in this bikini bottom. Designed for the intelligent, independent woman. The Chalk White colorway with Stone Gray accents creates a sophisticated palette. Pure architectural elegance elegance.</p>",Twessie,Bikini Bottom,"independent fashion, minimalist luxury, high-end swimwear, luxury Chalk White swimwear, architectural swimsuit",TRUE,Color,Chalk White,Size,XL,TWESSIE_AU_BB_0208-Chalk White-XL,168.0,,10
twessie-au-bb-0208,Raw-Edge Chalk White Bikini Bottom,"<p>Crinkled Seersucker construction meets architectural precision in this bikini bottom. Designed for the intelligent, independent woman. The Chalk White colorway with Stone Gray accents creates a sophisticated palette. Pure architectural elegance elegance.</p>",Twessie,Bikini Bottom,"independent fashion, minimalist luxury, high-end swimwear, luxury Chalk White swimwear, architectural swimsuit",TRUE,Color,Chalk White,Size,XXL,TWESSIE_AU_BB_0208-Chalk White-XXL,168.0,,10
twessie-au-bb-0208,Raw-Edge Chalk White Bikini Bottom,"<p>Crinkled Seersucker construction meets architectural precision in this bikini bottom. Designed for the intelligent, independent woman. The Chalk White colorway with Stone Gray accents creates a sophisticated palette. Pure architectural elegance elegance.</p>",Twessie,Bikini Bottom,"independent fashion, minimalist luxury, high-end swimwear, luxury Chalk White swimwear, architectural swimsuit",TRUE,Color,Stone Gray,Size,XS,TWESSIE_AU_BB_0208-Stone Gray-XS,168.0,,10
twessie-au-bb-0208,Raw-Edge Chalk White Bikini Bottom,"<p>Crinkled Seersucker construction meets architectural precision in this bikini bottom. Designed for the intelligent, independent woman. The Chalk White colorway with Stone Gray accents creates a sophisticated palette. Pure architectural elegance elegance.</p>",Twessie,Bikini Bottom,"independent fashion, minimalist luxury, high-end swimwear, luxury Chalk White swimwear, architectural swimsuit",TRUE,Color,Stone Gray,Size,S,TWESSIE_AU_BB_0208-Stone Gray-S,168.0,,10
twessie-au-bb-0208,Raw-Edge Chalk White Bikini Bottom,"<p>Crinkled Seersucker construction meets architectural precision in this bikini bottom. Designed for the intelligent, independent woman. The Chalk White colorway with Stone Gray accents creates a sophisticated palette. Pure architectural elegance elegance.</p>",Twessie,Bikini Bottom,"independent fashion, minimalist luxury, high-end swimwear, luxury Chalk White swimwear, architectural swimsuit",TRUE,Color,Stone Gray,Size,M,TWESSIE_AU_BB_0208-Stone Gray-M,168.0,,10
twessie-au-bb-0208,Raw-Edge Chalk White Bikini Bottom,"<p>Crinkled Seersucker construction meets architectural precision in this bikini bottom. Designed for the intelligent, independent woman. The Chalk White colorway with Stone Gray accents creates a sophisticated palette. Pure architectural elegance elegance.</p>",Twessie,Bikini Bottom,"independent fashion, minimalist luxury, high-end swimwear, luxury Chalk White swimwear, architectural swimsuit",TRUE,Color,Stone Gray,Size,L,TWESSIE_AU_BB_0208-Stone Gray-L,168.0,,10
twessie-au-bb-0208,Raw-Edge Chalk White Bikini Bottom,"<p>Crinkled Seersucker construction meets architectural precision in this bikini bottom. Designed for the intelligent, independent woman. The Chalk White colorway with Stone Gray accents creates a sophisticated palette. Pure architectural elegance elegance.</p>",Twessie,Bikini Bottom,"independent fashion, minimalist luxury, high-end swimwear, luxury Chalk White swimwear, architectural swimsuit",TRUE,Color,Stone Gray,Size,XL,TWESSIE_AU_BB_0208-Stone Gray-XL,168.0,,10
twessie-au-bb-0208,Raw-Edge Chalk White Bikini Bottom,"<p>Crinkled Seersucker construction meets architectural precision in this bikini bottom. Designed for the intelligent, independent woman. The Chalk White colorway with Stone Gray accents creates a sophisticated palette. Pure architectural elegance elegance.</p>",Twessie,Bikini Bottom,"independent fashion, minimalist luxury, high-end swimwear, luxury Chalk White swimwear, architectural swimsuit",TRUE,Color,Stone Gray,Size,XXL,TWESSIE_AU_BB_0208-Stone Gray-XXL,168.0,,10
twessie-sg-bb-0209,Obsidian Black Minimalist Econyl Sleek Satin Bikini Bottom,<p>A statement piece in Econyl Sleek Satin. This bikini bottom combines rebellious yet refined design with impeccable craftsmanship. Available in Obsidian Black with Olive Drab detailing. Not loud. Not obvious. Unmistakably Twessie.</p>,Twessie,Bikini Bottom,"luxury Obsidian Black swimwear, Econyl Sleek Satin bikini, architectural swimsuit, minimalist bikini bottom, high-end swimwear",TRUE,Color,Obsidian Black,Size,XS,TWESSIE_SG_BB_0209-Obsidian Black-XS,168.0,,10
twessie-sg-bb-0209,Obsidian Black Minimalist Econyl Sleek Satin Bikini Bottom,<p>A statement piece in Econyl Sleek Satin. This bikini bottom combines rebellious yet refined design with impeccable craftsmanship. Available in Obsidian Black with Olive Drab detailing. Not loud. Not obvious. Unmistakably Twessie.</p>,Twessie,Bikini Bottom,"luxury Obsidian Black swimwear, Econyl Sleek Satin bikini, architectural swimsuit, minimalist bikini bottom, high-end swimwear",TRUE,Color,Obsidian Black,Size,S,TWESSIE_SG_BB_0209-Obsidian Black-S,168.0,,10
twessie-sg-bb-0209,Obsidian Black Minimalist Econyl Sleek Satin Bikini Bottom,<p>A statement piece in Econyl Sleek Satin. This bikini bottom combines rebellious yet refined design with impeccable craftsmanship. Available in Obsidian Black with Olive Drab detailing. Not loud. Not obvious. Unmistakably Twessie.</p>,Twessie,Bikini Bottom,"luxury Obsidian Black swimwear, Econyl Sleek Satin bikini, architectural swimsuit, minimalist bikini bottom, high-end swimwear",TRUE,Color,Obsidian Black,Size,M,TWESSIE_SG_BB_0209-Obsidian Black-M,168.0,,10
twessie-sg-bb-0209,Obsidian Black Minimalist Econyl Sleek Satin Bikini Bottom,<p>A statement piece in Econyl Sleek Satin. This bikini bottom combines rebellious yet refined design with impeccable craftsmanship. Available in Obsidian Black with Olive Drab detailing. Not loud. Not obvious. Unmistakably Twessie.</p>,Twessie,Bikini Bottom,"luxury Obsidian Black swimwear, Econyl Sleek Satin bikini, architectural swimsuit, minimalist bikini bottom, high-end swimwear",TRUE,Color,Obsidian Black,Size,L,TWESSIE_SG_BB_0209-Obsidian Black-L,168.0,,10
twessie-sg-bb-0209,Obsidian Black Minimalist Econyl Sleek Satin Bikini Bottom,<p>A statement piece in Econyl Sleek Satin. This bikini bottom combines rebellious yet refined design with impeccable craftsmanship. Available in Obsidian Black with Olive Drab detailing. Not loud. Not obvious. Unmistakably Twessie.</p>,Twessie,Bikini Bottom,"luxury Obsidian Black swimwear, Econyl Sleek Satin bikini, architectural swimsuit, minimalist bikini bottom, high-end swimwear",TRUE,Color,Obsidian Black,Size,XL,TWESSIE_SG_BB_0209-Obsidian Black-XL,168.0,,10
twessie-sg-bb-0209,Obsidian Black Minimalist Econyl Sleek Satin Bikini Bottom,<p>A statement piece in Econyl Sleek Satin. This bikini bottom combines rebellious yet refined design with impeccable craftsmanship. Available in Obsidian Black with Olive Drab detailing. Not loud. Not obvious. Unmistakably Twessie.</p>,Twessie,Bikini Bottom,"luxury Obsidian Black swimwear, Econyl Sleek Satin bikini, architectural swimsuit, minimalist bikini bottom, high-end swimwear",TRUE,Color,Obsidian Black,Size,XXL,TWESSIE_SG_BB_0209-Obsidian Black-XXL,168.0,,10
twessie-sg-bb-0209,Obsidian Black Minimalist Econyl Sleek Satin Bikini Bottom,<p>A statement piece in Econyl Sleek Satin. This bikini bottom combines rebellious yet refined design with impeccable craftsmanship. Available in Obsidian Black with Olive Drab detailing. Not loud. Not obvious. Unmistakably Twessie.</p>,Twessie,Bikini Bottom,"luxury Obsidian Black swimwear, Econyl Sleek Satin bikini, architectural swimsuit, minimalist bikini bottom, high-end swimwear",TRUE,Color,Olive Drab,Size,XS,TWESSIE_SG_BB_0209-Olive Drab-XS,168.0,,10
twessie-sg-bb-0209,Obsidian Black Minimalist Econyl Sleek Satin Bikini Bottom,<p>A statement piece in Econyl Sleek Satin. This bikini bottom combines rebellious yet refined design with impeccable craftsmanship. Available in Obsidian Black with Olive Drab detailing. Not loud. Not obvious. Unmistakably Twessie.</p>,Twessie,Bikini Bottom,"luxury Obsidian Black swimwear, Econyl Sleek Satin bikini, architectural swimsuit, minimalist bikini bottom, high-end swimwear",TRUE,Color,Olive Drab,Size,S,TWESSIE_SG_BB_0209-Olive Drab-S,168.0,,10
twessie-sg-bb-0209,Obsidian Black Minimalist Econyl Sleek Satin Bikini Bottom,<p>A statement piece in Econyl Sleek Satin. This bikini bottom combines rebellious yet refined design with impeccable craftsmanship. Available in Obsidian Black with Olive Drab detailing. Not loud. Not obvious. Unmistakably Twessie.</p>,Twessie,Bikini Bottom,"luxury Obsidian Black swimwear, Econyl Sleek Satin bikini, architectural swimsuit, minimalist bikini bottom, high-end swimwear",TRUE,Color,Olive Drab,Size,M,TWESSIE_SG_BB_0209-Olive Drab-M,168.0,,10
twessie-sg-bb-0209,Obsidian Black Minimalist Econyl Sleek Satin Bikini Bottom,<p>A statement piece in Econyl Sleek Satin. This bikini bottom combines rebellious yet refined design with impeccable craftsmanship. Available in Obsidian Black with Olive Drab detailing. Not loud. Not obvious. Unmistakably Twessie.</p>,Twessie,Bikini Bottom,"luxury Obsidian Black swimwear, Econyl Sleek Satin bikini, architectural swimsuit, minimalist bikini bottom, high-end swimwear",TRUE,Color,Olive Drab,Size,L,TWESSIE_SG_BB_0209-Olive Drab-L,168.0,,10
twessie-sg-bb-0209,Obsidian Black Minimalist Econyl Sleek Satin Bikini Bottom,<p>A statement piece in Econyl Sleek Satin. This bikini bottom combines rebellious yet refined design with impeccable craftsmanship. Available in Obsidian Black with Olive Drab detailing. Not loud. Not obvious. Unmistakably Twessie.</p>,Twessie,Bikini Bottom,"luxury Obsidian Black swimwear, Econyl Sleek Satin bikini, architectural swimsuit, minimalist bikini bottom, high-end swimwear",TRUE,Color,Olive Drab,Size,XL,TWESSIE_SG_BB_0209-Olive Drab-XL,168.0,,10
twessie-sg-bb-0209,Obsidian Black Minimalist Econyl Sleek Satin Bikini Bottom,<p>A statement piece in Econyl Sleek Satin. This bikini bottom combines rebellious yet refined design with impeccable craftsmanship. Available in Obsidian Black with Olive Drab detailing. Not loud. Not obvious. Unmistakably Twessie.</p>,Twessie,Bikini Bottom,"luxury Obsidian Black swimwear, Econyl Sleek Satin bikini, architectural swimsuit, minimalist bikini bottom, high-end swimwear",TRUE,Color,Olive Drab,Size,XXL,TWESSIE_SG_BB_0209-Olive Drab-XXL,168.0,,10
twessie-jp-bb-0210,Structural Crinkled Seersucker Bikini Bottom,<p>A statement piece in Crinkled Seersucker. This bikini bottom combines minimalist luxury design with impeccable craftsmanship. Available in Stone Gray with Chalk White detailing. Not loud. Not obvious. Unmistakably Twessie.</p>,Twessie,Bikini Bottom,"minimalist bikini bottom, luxury Stone Gray swimwear, independent fashion, architectural swimsuit, Crinkled Seersucker bikini",TRUE,Color,Stone Gray,Size,XS,TWESSIE_JP_BB_0210-Stone Gray-XS,168.0,,10
twessie-jp-bb-0210,Structural Crinkled Seersucker Bikini Bottom,<p>A statement piece in Crinkled Seersucker. This bikini bottom combines minimalist luxury design with impeccable craftsmanship. Available in Stone Gray with Chalk White detailing. Not loud. Not obvious. Unmistakably Twessie.</p>,Twessie,Bikini Bottom,"minimalist bikini bottom, luxury Stone Gray swimwear, independent fashion, architectural swimsuit, Crinkled Seersucker bikini",TRUE,Color,Stone Gray,Size,S,TWESSIE_JP_BB_0210-Stone Gray-S,168.0,,10
twessie-jp-bb-0210,Structural Crinkled Seersucker Bikini Bottom,<p>A statement piece in Crinkled Seersucker. This bikini bottom combines minimalist luxury design with impeccable craftsmanship. Available in Stone Gray with Chalk White detailing. Not loud. Not obvious. Unmistakably Twessie.</p>,Twessie,Bikini Bottom,"minimalist bikini bottom, luxury Stone Gray swimwear, independent fashion, architectural swimsuit, Crinkled Seersucker bikini",TRUE,Color,Stone Gray,Size,M,TWESSIE_JP_BB_0210-Stone Gray-M,168.0,,10
twessie-jp-bb-0210,Structural Crinkled Seersucker Bikini Bottom,<p>A statement piece in Crinkled Seersucker. This bikini bottom combines minimalist luxury design with impeccable craftsmanship. Available in Stone Gray with Chalk White detailing. Not loud. Not obvious. Unmistakably Twessie.</p>,Twessie,Bikini Bottom,"minimalist bikini bottom, luxury Stone Gray swimwear, independent fashion, architectural swimsuit, Crinkled Seersucker bikini",TRUE,Color,Stone Gray,Size,L,TWESSIE_JP_BB_0210-Stone Gray-L,168.0,,10
twessie-jp-bb-0210,Structural Crinkled Seersucker Bikini Bottom,<p>A statement piece in Crinkled Seersucker. This bikini bottom combines minimalist luxury design with impeccable craftsmanship. Available in Stone Gray with Chalk White detailing. Not loud. Not obvious. Unmistakably Twessie.</p>,Twessie,Bikini Bottom,"minimalist bikini bottom, luxury Stone Gray swimwear, independent fashion, architectural swimsuit, Crinkled Seersucker bikini",TRUE,Color,Stone Gray,Size,XL,TWESSIE_JP_BB_0210-Stone Gray-XL,168.0,,10
twessie-jp-bb-0210,Structural Crinkled Seersucker Bikini Bottom,<p>A statement piece in Crinkled Seersucker. This bikini bottom combines minimalist luxury design with impeccable craftsmanship. Available in Stone Gray with Chalk White detailing. Not loud. Not obvious. Unmistakably Twessie.</p>,Twessie,Bikini Bottom,"minimalist bikini bottom, luxury Stone Gray swimwear, independent fashion, architectural swimsuit, Crinkled Seersucker bikini",TRUE,Color,Stone Gray,Size,XXL,TWESSIE_JP_BB_0210-Stone Gray-XXL,168.0,,10
twessie-jp-bb-0210,Structural Crinkled Seersucker Bikini Bottom,<p>A statement piece in Crinkled Seersucker. This bikini bottom combines minimalist luxury design with impeccable craftsmanship. Available in Stone Gray with Chalk White detailing. Not loud. Not obvious. Unmistakably Twessie.</p>,Twessie,Bikini Bottom,"minimalist bikini bottom, luxury Stone Gray swimwear, independent fashion, architectural swimsuit, Crinkled Seersucker bikini",TRUE,Color,Chalk White,Size,XS,TWESSIE_JP_BB_0210-Chalk White-XS,168.0,,10
twessie-jp-bb-0210,Structural Crinkled Seersucker Bikini Bottom,<p>A statement piece in Crinkled Seersucker. This bikini bottom combines minimalist luxury design with impeccable craftsmanship. Available in Stone Gray with Chalk White detailing. Not loud. Not obvious. Unmistakably Twessie.</p>,Twessie,Bikini Bottom,"minimalist bikini bottom, luxury Stone Gray swimwear, independent fashion, architectural swimsuit, Crinkled Seersucker bikini",TRUE,Color,Chalk White,Size,S,TWESSIE_JP_BB_0210-Chalk White-S,168.0,,10
twessie-jp-bb-0210,Structural Crinkled Seersucker Bikini Bottom,<p>A statement piece in Crinkled Seersucker. This bikini bottom combines minimalist luxury design with impeccable craftsmanship. Available in Stone Gray with Chalk White detailing. Not loud. Not obvious. Unmistakably Twessie.</p>,Twessie,Bikini Bottom,"minimalist bikini bottom, luxury Stone Gray swimwear, independent fashion, architectural swimsuit, Crinkled Seersucker bikini",TRUE,Color,Chalk White,Size,M,TWESSIE_JP_BB_0210-Chalk White-M,168.0,,10
twessie-jp-bb-0210,Structural Crinkled Seersucker Bikini Bottom,<p>A statement piece in Crinkled Seersucker. This bikini bottom combines minimalist luxury design with impeccable craftsmanship. Available in Stone Gray with Chalk White detailing. Not loud. Not obvious. Unmistakably Twessie.</p>,Twessie,Bikini Bottom,"minimalist bikini bottom, luxury Stone Gray swimwear, independent fashion, architectural swimsuit, Crinkled Seersucker bikini",TRUE,Color,Chalk White,Size,L,TWESSIE_JP_BB_0210-Chalk White-L,168.0,,10
twessie-jp-bb-0210,Structural Crinkled Seersucker Bikini Bottom,<p>A statement piece in Crinkled Seersucker. This bikini bottom combines minimalist luxury design with impeccable craftsmanship. Available in Stone Gray with Chalk White detailing. Not loud. Not obvious. Unmistakably Twessie.</p>,Twessie,Bikini Bottom,"minimalist bikini bottom, luxury Stone Gray swimwear, independent fashion, architectural swimsuit, Crinkled Seersucker bikini",TRUE,Color,Chalk White,Size,XL,TWESSIE_JP_BB_0210-Chalk White-XL,168.0,,10
twessie-jp-bb-0210,Structural Crinkled Seersucker Bikini Bottom,<p>A statement piece in Crinkled Seersucker. This bikini bottom combines minimalist luxury design with impeccable craftsmanship. Available in Stone Gray with Chalk White detailing. Not loud. Not obvious. Unmistakably Twessie.</p>,Twessie,Bikini Bottom,"minimalist bikini bottom, luxury Stone Gray swimwear, independent fashion, architectural swimsuit, Crinkled Seersucker bikini",TRUE,Color,Chalk White,Size,XXL,TWESSIE_JP_BB_0210-Chalk White-XXL,168.0,,10
twessie-au-bt-0301,Olive Drab Sculptural Matte Ribbed Knit Bikini Top,"<p>Matte Ribbed Knit construction meets architectural precision in this bikini top. Designed for the intelligent, independent woman. The Olive Drab colorway with Burnt Terracotta accents creates a sophisticated palette. Pure minimalist luxury elegance.</p>",Twessie,Bikini Top,"architectural swimsuit, minimalist bikini top, high-end swimwear, Matte Ribbed Knit bikini, luxury Olive Drab swimwear",TRUE,Color,Olive Drab,Size,XS,TWESSIE_AU_BT_0301-Olive Drab-XS,168.0,,10
twessie-au-bt-0301,Olive Drab Sculptural Matte Ribbed Knit Bikini Top,"<p>Matte Ribbed Knit construction meets architectural precision in this bikini top. Designed for the intelligent, independent woman. The Olive Drab colorway with Burnt Terracotta accents creates a sophisticated palette. Pure minimalist luxury elegance.</p>",Twessie,Bikini Top,"architectural swimsuit, minimalist bikini top, high-end swimwear, Matte Ribbed Knit bikini, luxury Olive Drab swimwear",TRUE,Color,Olive Drab,Size,S,TWESSIE_AU_BT_0301-Olive Drab-S,168.0,,10
twessie-au-bt-0301,Olive Drab Sculptural Matte Ribbed Knit Bikini Top,"<p>Matte Ribbed Knit construction meets architectural precision in this bikini top. Designed for the intelligent, independent woman. The Olive Drab colorway with Burnt Terracotta accents creates a sophisticated palette. Pure minimalist luxury elegance.</p>",Twessie,Bikini Top,"architectural swimsuit, minimalist bikini top, high-end swimwear, Matte Ribbed Knit bikini, luxury Olive Drab swimwear",TRUE,Color,Olive Drab,Size,M,TWESSIE_AU_BT_0301-Olive Drab-M,168.0,,10
twessie-au-bt-0301,Olive Drab Sculptural Matte Ribbed Knit Bikini Top,"<p>Matte Ribbed Knit construction meets architectural precision in this bikini top. Designed for the intelligent, independent woman. The Olive Drab colorway with Burnt Terracotta accents creates a sophisticated palette. Pure minimalist luxury elegance.</p>",Twessie,Bikini Top,"architectural swimsuit, minimalist bikini top, high-end swimwear, Matte Ribbed Knit bikini, luxury Olive Drab swimwear",TRUE,Color,Olive Drab,Size,L,TWESSIE_AU_BT_0301-Olive Drab-L,168.0,,10
twessie-au-bt-0301,Olive Drab Sculptural Matte Ribbed Knit Bikini Top,"<p>Matte Ribbed Knit construction meets architectural precision in this bikini top. Designed for the intelligent, independent woman. The Olive Drab colorway with Burnt Terracotta accents creates a sophisticated palette. Pure minimalist luxury elegance.</p>",Twessie,Bikini Top,"architectural swimsuit, minimalist bikini top, high-end swimwear, Matte Ribbed Knit bikini, luxury Olive Drab swimwear",TRUE,Color,Olive Drab,Size,XL,TWESSIE_AU_BT_0301-Olive Drab-XL,168.0,,10
twessie-au-bt-0301,Olive Drab Sculptural Matte Ribbed Knit Bikini Top,"<p>Matte Ribbed Knit construction meets architectural precision in this bikini top. Designed for the intelligent, independent woman. The Olive Drab colorway with Burnt Terracotta accents creates a sophisticated palette. Pure minimalist luxury elegance.</p>",Twessie,Bikini Top,"architectural swimsuit, minimalist bikini top, high-end swimwear, Matte Ribbed Knit bikini, luxury Olive Drab swimwear",TRUE,Color,Olive Drab,Size,XXL,TWESSIE_AU_BT_0301-Olive Drab-XXL,168.0,,10
twessie-au-bt-0301,Olive Drab Sculptural Matte Ribbed Knit Bikini Top,"<p>Matte Ribbed Knit construction meets architectural precision in this bikini top. Designed for the intelligent, independent woman. The Olive Drab colorway with Burnt Terracotta accents creates a sophisticated palette. Pure minimalist luxury elegance.</p>",Twessie,Bikini Top,"architectural swimsuit, minimalist bikini top, high-end swimwear, Matte Ribbed Knit bikini, luxury Olive Drab swimwear",TRUE,Color,Burnt Terracotta,Size,XS,TWESSIE_AU_BT_0301-Burnt Terracotta-XS,168.0,,10
twessie-au-bt-0301,Olive Drab Sculptural Matte Ribbed Knit Bikini Top,"<p>Matte Ribbed Knit construction meets architectural precision in this bikini top. Designed for the intelligent, independent woman. The Olive Drab colorway with Burnt Terracotta accents creates a sophisticated palette. Pure minimalist luxury elegance.</p>",Twessie,Bikini Top,"architectural swimsuit, minimalist bikini top, high-end swimwear, Matte Ribbed Knit bikini, luxury Olive Drab swimwear",TRUE,Color,Burnt Terracotta,Size,S,TWESSIE_AU_BT_0301-Burnt Terracotta-S,168.0,,10
twessie-au-bt-0301,Olive Drab Sculptural Matte Ribbed Knit Bikini Top,"<p>Matte Ribbed Knit construction meets architectural precision in this bikini top. Designed for the intelligent, independent woman. The Olive Drab colorway with Burnt Terracotta accents creates a sophisticated palette. Pure minimalist luxury elegance.</p>",Twessie,Bikini Top,"architectural swimsuit, minimalist bikini top, high-end swimwear, Matte Ribbed Knit bikini, luxury Olive Drab swimwear",TRUE,Color,Burnt Terracotta,Size,M,TWESSIE_AU_BT_0301-Burnt Terracotta-M,168.0,,10
twessie-au-bt-0301,Olive Drab Sculptural Matte Ribbed Knit Bikini Top,"<p>Matte Ribbed Knit construction meets architectural precision in this bikini top. Designed for the intelligent, independent woman. The Olive Drab colorway with Burnt Terracotta accents creates a sophisticated palette. Pure minimalist luxury elegance.</p>",Twessie,Bikini Top,"architectural swimsuit, minimalist bikini top, high-end swimwear, Matte Ribbed Knit bikini, luxury Olive Drab swimwear",TRUE,Color,Burnt Terracotta,Size,L,TWESSIE_AU_BT_0301-Burnt Terracotta-L,168.0,,10
twessie-au-bt-0301,Olive Drab Sculptural Matte Ribbed Knit Bikini Top,"<p>Matte Ribbed Knit construction meets architectural precision in this bikini top. Designed for the intelligent, independent woman. The Olive Drab colorway with Burnt Terracotta accents creates a sophisticated palette. Pure minimalist luxury elegance.</p>",Twessie,Bikini Top,"architectural swimsuit, minimalist bikini top, high-end swimwear, Matte Ribbed Knit bikini, luxury Olive Drab swimwear",TRUE,Color,Burnt Terracotta,Size,XL,TWESSIE_AU_BT_0301-Burnt Terracotta-XL,168.0,,10
twessie-au-bt-0301,Olive Drab Sculptural Matte Ribbed Knit Bikini Top,"<p>Matte Ribbed Knit construction meets architectural precision in this bikini top. Designed for the intelligent, independent woman. The Olive Drab colorway with Burnt Terracotta accents creates a sophisticated palette. Pure minimalist luxury elegance.</p>",Twessie,Bikini Top,"architectural swimsuit, minimalist bikini top, high-end swimwear, Matte Ribbed Knit bikini, luxury Olive Drab swimwear",TRUE,Color,Burnt Terracotta,Size,XXL,TWESSIE_AU_BT_0301-Burnt Terracotta-XXL,168.0,,10
twessie-au-bt-0302,Minimalist Burnt Terracotta Textured Bikini Top,<p>Crafted in premium Matte Ribbed Knit with Crinkled Seersucker accents. This bikini top epitomizes rebellious yet refined luxury. Featuring color-blocking in Burnt Terracotta and Olive Drab. Perfect for the discerning swimmer who refuses the obvious.</p>,Twessie,Bikini Top,"high-end swimwear, minimalist bikini top, architectural swimsuit, minimalist luxury, luxury Burnt Terracotta swimwear",TRUE,Color,Burnt Terracotta,Size,XS,TWESSIE_AU_BT_0302-Burnt Terracotta-XS,168.0,,10
twessie-au-bt-0302,Minimalist Burnt Terracotta Textured Bikini Top,<p>Crafted in premium Matte Ribbed Knit with Crinkled Seersucker accents. This bikini top epitomizes rebellious yet refined luxury. Featuring color-blocking in Burnt Terracotta and Olive Drab. Perfect for the discerning swimmer who refuses the obvious.</p>,Twessie,Bikini Top,"high-end swimwear, minimalist bikini top, architectural swimsuit, minimalist luxury, luxury Burnt Terracotta swimwear",TRUE,Color,Burnt Terracotta,Size,S,TWESSIE_AU_BT_0302-Burnt Terracotta-S,168.0,,10
twessie-au-bt-0302,Minimalist Burnt Terracotta Textured Bikini Top,<p>Crafted in premium Matte Ribbed Knit with Crinkled Seersucker accents. This bikini top epitomizes rebellious yet refined luxury. Featuring color-blocking in Burnt Terracotta and Olive Drab. Perfect for the discerning swimmer who refuses the obvious.</p>,Twessie,Bikini Top,"high-end swimwear, minimalist bikini top, architectural swimsuit, minimalist luxury, luxury Burnt Terracotta swimwear",TRUE,Color,Burnt Terracotta,Size,M,TWESSIE_AU_BT_0302-Burnt Terracotta-M,168.0,,10
twessie-au-bt-0302,Minimalist Burnt Terracotta Textured Bikini Top,<p>Crafted in premium Matte Ribbed Knit with Crinkled Seersucker accents. This bikini top epitomizes rebellious yet refined luxury. Featuring color-blocking in Burnt Terracotta and Olive Drab. Perfect for the discerning swimmer who refuses the obvious.</p>,Twessie,Bikini Top,"high-end swimwear, minimalist bikini top, architectural swimsuit, minimalist luxury, luxury Burnt Terracotta swimwear",TRUE,Color,Burnt Terracotta,Size,L,TWESSIE_AU_BT_0302-Burnt Terracotta-L,168.0,,10
twessie-au-bt-0302,Minimalist Burnt Terracotta Textured Bikini Top,<p>Crafted in premium Matte Ribbed Knit with Crinkled Seersucker accents. This bikini top epitomizes rebellious yet refined luxury. Featuring color-blocking in Burnt Terracotta and Olive Drab. Perfect for the discerning swimmer who refuses the obvious.</p>,Twessie,Bikini Top,"high-end swimwear, minimalist bikini top, architectural swimsuit, minimalist luxury, luxury Burnt Terracotta swimwear",TRUE,Color,Burnt Terracotta,Size,XL,TWESSIE_AU_BT_0302-Burnt Terracotta-XL,168.0,,10
twessie-au-bt-0302,Minimalist Burnt Terracotta Textured Bikini Top,<p>Crafted in premium Matte Ribbed Knit with Crinkled Seersucker accents. This bikini top epitomizes rebellious yet refined luxury. Featuring color-blocking in Burnt Terracotta and Olive Drab. Perfect for the discerning swimmer who refuses the obvious.</p>,Twessie,Bikini Top,"high-end swimwear, minimalist bikini top, architectural swimsuit, minimalist luxury, luxury Burnt Terracotta swimwear",TRUE,Color,Burnt Terracotta,Size,XXL,TWESSIE_AU_BT_0302-Burnt Terracotta-XXL,168.0,,10
twessie-au-bt-0302,Minimalist Burnt Terracotta Textured Bikini Top,<p>Crafted in premium Matte Ribbed Knit with Crinkled Seersucker accents. This bikini top epitomizes rebellious yet refined luxury. Featuring color-blocking in Burnt Terracotta and Olive Drab. Perfect for the discerning swimmer who refuses the obvious.</p>,Twessie,Bikini Top,"high-end swimwear, minimalist bikini top, architectural swimsuit, minimalist luxury, luxury Burnt Terracotta swimwear",TRUE,Color,Olive Drab,Size,XS,TWESSIE_AU_BT_0302-Olive Drab-XS,168.0,,10
twessie-au-bt-0302,Minimalist Burnt Terracotta Textured Bikini Top,<p>Crafted in premium Matte Ribbed Knit with Crinkled Seersucker accents. This bikini top epitomizes rebellious yet refined luxury. Featuring color-blocking in Burnt Terracotta and Olive Drab. Perfect for the discerning swimmer who refuses the obvious.</p>,Twessie,Bikini Top,"high-end swimwear, minimalist bikini top, architectural swimsuit, minimalist luxury, luxury Burnt Terracotta swimwear",TRUE,Color,Olive Drab,Size,S,TWESSIE_AU_BT_0302-Olive Drab-S,168.0,,10
twessie-au-bt-0302,Minimalist Burnt Terracotta Textured Bikini Top,<p>Crafted in premium Matte Ribbed Knit with Crinkled Seersucker accents. This bikini top epitomizes rebellious yet refined luxury. Featuring color-blocking in Burnt Terracotta and Olive Drab. Perfect for the discerning swimmer who refuses the obvious.</p>,Twessie,Bikini Top,"high-end swimwear, minimalist bikini top, architectural swimsuit, minimalist luxury, luxury Burnt Terracotta swimwear",TRUE,Color,Olive Drab,Size,M,TWESSIE_AU_BT_0302-Olive Drab-M,168.0,,10
twessie-au-bt-0302,Minimalist Burnt Terracotta Textured Bikini Top,<p>Crafted in premium Matte Ribbed Knit with Crinkled Seersucker accents. This bikini top epitomizes rebellious yet refined luxury. Featuring color-blocking in Burnt Terracotta and Olive Drab. Perfect for the discerning swimmer who refuses the obvious.</p>,Twessie,Bikini Top,"high-end swimwear, minimalist bikini top, architectural swimsuit, minimalist luxury, luxury Burnt Terracotta swimwear",TRUE,Color,Olive Drab,Size,L,TWESSIE_AU_BT_0302-Olive Drab-L,168.0,,10
twessie-au-bt-0302,Minimalist Burnt Terracotta Textured Bikini Top,<p>Crafted in premium Matte Ribbed Knit with Crinkled Seersucker accents. This bikini top epitomizes rebellious yet refined luxury. Featuring color-blocking in Burnt Terracotta and Olive Drab. Perfect for the discerning swimmer who refuses the obvious.</p>,Twessie,Bikini Top,"high-end swimwear, minimalist bikini top, architectural swimsuit, minimalist luxury, luxury Burnt Terracotta swimwear",TRUE,Color,Olive Drab,Size,XL,TWESSIE_AU_BT_0302-Olive Drab-XL,168.0,,10
twessie-au-bt-0302,Minimalist Burnt Terracotta Textured Bikini Top,<p>Crafted in premium Matte Ribbed Knit with Crinkled Seersucker accents. This bikini top epitomizes rebellious yet refined luxury. Featuring color-blocking in Burnt Terracotta and Olive Drab. Perfect for the discerning swimmer who refuses the obvious.</p>,Twessie,Bikini Top,"high-end swimwear, minimalist bikini top, architectural swimsuit, minimalist luxury, luxury Burnt Terracotta swimwear",TRUE,Color,Olive Drab,Size,XXL,TWESSIE_AU_BT_0302-Olive Drab-XXL,168.0,,10
twessie-na-op-0303,Stone Gray Architectural One-Piece Swimsuit,<p>Crafted in premium Crinkled Seersucker with Matte Ribbed Knit accents. This one-piece epitomizes intelligent aesthetic luxury. Featuring color-blocking in Stone Gray and Chalk White. Perfect for the discerning swimmer who refuses the obvious.</p>,Twessie,One-Piece,"architectural swimsuit, minimalist one-piece, minimalist luxury, luxury Stone Gray swimwear, Crinkled Seersucker bikini",TRUE,Color,Stone Gray,Size,XS,TWESSIE_NA_OP_0303-Stone Gray-XS,168.0,,10
twessie-na-op-0303,Stone Gray Architectural One-Piece Swimsuit,<p>Crafted in premium Crinkled Seersucker with Matte Ribbed Knit accents. This one-piece epitomizes intelligent aesthetic luxury. Featuring color-blocking in Stone Gray and Chalk White. Perfect for the discerning swimmer who refuses the obvious.</p>,Twessie,One-Piece,"architectural swimsuit, minimalist one-piece, minimalist luxury, luxury Stone Gray swimwear, Crinkled Seersucker bikini",TRUE,Color,Stone Gray,Size,S,TWESSIE_NA_OP_0303-Stone Gray-S,168.0,,10
twessie-na-op-0303,Stone Gray Architectural One-Piece Swimsuit,<p>Crafted in premium Crinkled Seersucker with Matte Ribbed Knit accents. This one-piece epitomizes intelligent aesthetic luxury. Featuring color-blocking in Stone Gray and Chalk White. Perfect for the discerning swimmer who refuses the obvious.</p>,Twessie,One-Piece,"architectural swimsuit, minimalist one-piece, minimalist luxury, luxury Stone Gray swimwear, Crinkled Seersucker bikini",TRUE,Color,Stone Gray,Size,M,TWESSIE_NA_OP_0303-Stone Gray-M,168.0,,10
twessie-na-op-0303,Stone Gray Architectural One-Piece Swimsuit,<p>Crafted in premium Crinkled Seersucker with Matte Ribbed Knit accents. This one-piece epitomizes intelligent aesthetic luxury. Featuring color-blocking in Stone Gray and Chalk White. Perfect for the discerning swimmer who refuses the obvious.</p>,Twessie,One-Piece,"architectural swimsuit, minimalist one-piece, minimalist luxury, luxury Stone Gray swimwear, Crinkled Seersucker bikini",TRUE,Color,Stone Gray,Size,L,TWESSIE_NA_OP_0303-Stone Gray-L,168.0,,10
twessie-na-op-0303,Stone Gray Architectural One-Piece Swimsuit,<p>Crafted in premium Crinkled Seersucker with Matte Ribbed Knit accents. This one-piece epitomizes intelligent aesthetic luxury. Featuring color-blocking in Stone Gray and Chalk White. Perfect for the discerning swimmer who refuses the obvious.</p>,Twessie,One-Piece,"architectural swimsuit, minimalist one-piece, minimalist luxury, luxury Stone Gray swimwear, Crinkled Seersucker bikini",TRUE,Color,Stone Gray,Size,XL,TWESSIE_NA_OP_0303-Stone Gray-XL,168.0,,10
twessie-na-op-0303,Stone Gray Architectural One-Piece Swimsuit,<p>Crafted in premium Crinkled Seersucker with Matte Ribbed Knit accents. This one-piece epitomizes intelligent aesthetic luxury. Featuring color-blocking in Stone Gray and Chalk White. Perfect for the discerning swimmer who refuses the obvious.</p>,Twessie,One-Piece,"architectural swimsuit, minimalist one-piece, minimalist luxury, luxury Stone Gray swimwear, Crinkled Seersucker bikini",TRUE,Color,Stone Gray,Size,XXL,TWESSIE_NA_OP_0303-Stone Gray-XXL,168.0,,10
twessie-na-op-0303,Stone Gray Architectural One-Piece Swimsuit,<p>Crafted in premium Crinkled Seersucker with Matte Ribbed Knit accents. This one-piece epitomizes intelligent aesthetic luxury. Featuring color-blocking in Stone Gray and Chalk White. Perfect for the discerning swimmer who refuses the obvious.</p>,Twessie,One-Piece,"architectural swimsuit, minimalist one-piece, minimalist luxury, luxury Stone Gray swimwear, Crinkled Seersucker bikini",TRUE,Color,Chalk White,Size,XS,TWESSIE_NA_OP_0303-Chalk White-XS,168.0,,10
twessie-na-op-0303,Stone Gray Architectural One-Piece Swimsuit,<p>Crafted in premium Crinkled Seersucker with Matte Ribbed Knit accents. This one-piece epitomizes intelligent aesthetic luxury. Featuring color-blocking in Stone Gray and Chalk White. Perfect for the discerning swimmer who refuses the obvious.</p>,Twessie,One-Piece,"architectural swimsuit, minimalist one-piece, minimalist luxury, luxury Stone Gray swimwear, Crinkled Seersucker bikini",TRUE,Color,Chalk White,Size,S,TWESSIE_NA_OP_0303-Chalk White-S,168.0,,10
twessie-na-op-0303,Stone Gray Architectural One-Piece Swimsuit,<p>Crafted in premium Crinkled Seersucker with Matte Ribbed Knit accents. This one-piece epitomizes intelligent aesthetic luxury. Featuring color-blocking in Stone Gray and Chalk White. Perfect for the discerning swimmer who refuses the obvious.</p>,Twessie,One-Piece,"architectural swimsuit, minimalist one-piece, minimalist luxury, luxury Stone Gray swimwear, Crinkled Seersucker bikini",TRUE,Color,Chalk White,Size,M,TWESSIE_NA_OP_0303-Chalk White-M,168.0,,10
twessie-na-op-0303,Stone Gray Architectural One-Piece Swimsuit,<p>Crafted in premium Crinkled Seersucker with Matte Ribbed Knit accents. This one-piece epitomizes intelligent aesthetic luxury. Featuring color-blocking in Stone Gray and Chalk White. Perfect for the discerning swimmer who refuses the obvious.</p>,Twessie,One-Piece,"architectural swimsuit, minimalist one-piece, minimalist luxury, luxury Stone Gray swimwear, Crinkled Seersucker bikini",TRUE,Color,Chalk White,Size,L,TWESSIE_NA_OP_0303-Chalk White-L,168.0,,10
twessie-na-op-0303,Stone Gray Architectural One-Piece Swimsuit,<p>Crafted in premium Crinkled Seersucker with Matte Ribbed Knit accents. This one-piece epitomizes intelligent aesthetic luxury. Featuring color-blocking in Stone Gray and Chalk White. Perfect for the discerning swimmer who refuses the obvious.</p>,Twessie,One-Piece,"architectural swimsuit, minimalist one-piece, minimalist luxury, luxury Stone Gray swimwear, Crinkled Seersucker bikini",TRUE,Color,Chalk White,Size,XL,TWESSIE_NA_OP_0303-Chalk White-XL,168.0,,10
twessie-na-op-0303,Stone Gray Architectural One-Piece Swimsuit,<p>Crafted in premium Crinkled Seersucker with Matte Ribbed Knit accents. This one-piece epitomizes intelligent aesthetic luxury. Featuring color-blocking in Stone Gray and Chalk White. Perfect for the discerning swimmer who refuses the obvious.</p>,Twessie,One-Piece,"architectural swimsuit, minimalist one-piece, minimalist luxury, luxury Stone Gray swimwear, Crinkled Seersucker bikini",TRUE,Color,Chalk White,Size,XXL,TWESSIE_NA_OP_0303-Chalk White-XXL,168.0,,10
twessie-au-bb-0304,Structural Crinkled Seersucker Bikini Bottom,<p>Crafted in premium Crinkled Seersucker with Matte Ribbed Knit accents. This bikini bottom epitomizes minimalist luxury luxury. Featuring color-blocking in Stone Gray and Chalk White. Perfect for the discerning swimmer who refuses the obvious.</p>,Twessie,Bikini Bottom,"minimalist luxury, Crinkled Seersucker bikini, minimalist bikini bottom, high-end swimwear, architectural swimsuit",TRUE,Color,Stone Gray,Size,XS,TWESSIE_AU_BB_0304-Stone Gray-XS,168.0,,10
twessie-au-bb-0304,Structural Crinkled Seersucker Bikini Bottom,<p>Crafted in premium Crinkled Seersucker with Matte Ribbed Knit accents. This bikini bottom epitomizes minimalist luxury luxury. Featuring color-blocking in Stone Gray and Chalk White. Perfect for the discerning swimmer who refuses the obvious.</p>,Twessie,Bikini Bottom,"minimalist luxury, Crinkled Seersucker bikini, minimalist bikini bottom, high-end swimwear, architectural swimsuit",TRUE,Color,Stone Gray,Size,S,TWESSIE_AU_BB_0304-Stone Gray-S,168.0,,10
twessie-au-bb-0304,Structural Crinkled Seersucker Bikini Bottom,<p>Crafted in premium Crinkled Seersucker with Matte Ribbed Knit accents. This bikini bottom epitomizes minimalist luxury luxury. Featuring color-blocking in Stone Gray and Chalk White. Perfect for the discerning swimmer who refuses the obvious.</p>,Twessie,Bikini Bottom,"minimalist luxury, Crinkled Seersucker bikini, minimalist bikini bottom, high-end swimwear, architectural swimsuit",TRUE,Color,Stone Gray,Size,M,TWESSIE_AU_BB_0304-Stone Gray-M,168.0,,10
twessie-au-bb-0304,Structural Crinkled Seersucker Bikini Bottom,<p>Crafted in premium Crinkled Seersucker with Matte Ribbed Knit accents. This bikini bottom epitomizes minimalist luxury luxury. Featuring color-blocking in Stone Gray and Chalk White. Perfect for the discerning swimmer who refuses the obvious.</p>,Twessie,Bikini Bottom,"minimalist luxury, Crinkled Seersucker bikini, minimalist bikini bottom, high-end swimwear, architectural swimsuit",TRUE,Color,Stone Gray,Size,L,TWESSIE_AU_BB_0304-Stone Gray-L,168.0,,10
twessie-au-bb-0304,Structural Crinkled Seersucker Bikini Bottom,<p>Crafted in premium Crinkled Seersucker with Matte Ribbed Knit accents. This bikini bottom epitomizes minimalist luxury luxury. Featuring color-blocking in Stone Gray and Chalk White. Perfect for the discerning swimmer who refuses the obvious.</p>,Twessie,Bikini Bottom,"minimalist luxury, Crinkled Seersucker bikini, minimalist bikini bottom, high-end swimwear, architectural swimsuit",TRUE,Color,Stone Gray,Size,XL,TWESSIE_AU_BB_0304-Stone Gray-XL,168.0,,10
twessie-au-bb-0304,Structural Crinkled Seersucker Bikini Bottom,<p>Crafted in premium Crinkled Seersucker with Matte Ribbed Knit accents. This bikini bottom epitomizes minimalist luxury luxury. Featuring color-blocking in Stone Gray and Chalk White. Perfect for the discerning swimmer who refuses the obvious.</p>,Twessie,Bikini Bottom,"minimalist luxury, Crinkled Seersucker bikini, minimalist bikini bottom, high-end swimwear, architectural swimsuit",TRUE,Color,Stone Gray,Size,XXL,TWESSIE_AU_BB_0304-Stone Gray-XXL,168.0,,10
twessie-au-bb-0304,Structural Crinkled Seersucker Bikini Bottom,<p>Crafted in premium Crinkled Seersucker with Matte Ribbed Knit accents. This bikini bottom epitomizes minimalist luxury luxury. Featuring color-blocking in Stone Gray and Chalk White. Perfect for the discerning swimmer who refuses the obvious.</p>,Twessie,Bikini Bottom,"minimalist luxury, Crinkled Seersucker bikini, minimalist bikini bottom, high-end swimwear, architectural swimsuit",TRUE,Color,Chalk White,Size,XS,TWESSIE_AU_BB_0304-Chalk White-XS,168.0,,10
twessie-au-bb-0304,Structural Crinkled Seersucker Bikini Bottom,<p>Crafted in premium Crinkled Seersucker with Matte Ribbed Knit accents. This bikini bottom epitomizes minimalist luxury luxury. Featuring color-blocking in Stone Gray and Chalk White. Perfect for the discerning swimmer who refuses the obvious.</p>,Twessie,Bikini Bottom,"minimalist luxury, Crinkled Seersucker bikini, minimalist bikini bottom, high-end swimwear, architectural swimsuit",TRUE,Color,Chalk White,Size,S,TWESSIE_AU_BB_0304-Chalk White-S,168.0,,10
twessie-au-bb-0304,Structural Crinkled Seersucker Bikini Bottom,<p>Crafted in premium Crinkled Seersucker with Matte Ribbed Knit accents. This bikini bottom epitomizes minimalist luxury luxury. Featuring color-blocking in Stone Gray and Chalk White. Perfect for the discerning swimmer who refuses the obvious.</p>,Twessie,Bikini Bottom,"minimalist luxury, Crinkled Seersucker bikini, minimalist bikini bottom, high-end swimwear, architectural swimsuit",TRUE,Color,Chalk White,Size,M,TWESSIE_AU_BB_0304-Chalk White-M,168.0,,10
twessie-au-bb-0304,Structural Crinkled Seersucker Bikini Bottom,<p>Crafted in premium Crinkled Seersucker with Matte Ribbed Knit accents. This bikini bottom epitomizes minimalist luxury luxury. Featuring color-blocking in Stone Gray and Chalk White. Perfect for the discerning swimmer who refuses the obvious.</p>,Twessie,Bikini Bottom,"minimalist luxury, Crinkled Seersucker bikini, minimalist bikini bottom, high-end swimwear, architectural swimsuit",TRUE,Color,Chalk White,Size,L,TWESSIE_AU_BB_0304-Chalk White-L,168.0,,10
twessie-au-bb-0304,Structural Crinkled Seersucker Bikini Bottom,<p>Crafted in premium Crinkled Seersucker with Matte Ribbed Knit accents. This bikini bottom epitomizes minimalist luxury luxury. Featuring color-blocking in Stone Gray and Chalk White. Perfect for the discerning swimmer who refuses the obvious.</p>,Twessie,Bikini Bottom,"minimalist luxury, Crinkled Seersucker bikini, minimalist bikini bottom, high-end swimwear, architectural swimsuit",TRUE,Color,Chalk White,Size,XL,TWESSIE_AU_BB_0304-Chalk White-XL,168.0,,10
twessie-au-bb-0304,Structural Crinkled Seersucker Bikini Bottom,<p>Crafted in premium Crinkled Seersucker with Matte Ribbed Knit accents. This bikini bottom epitomizes minimalist luxury luxury. Featuring color-blocking in Stone Gray and Chalk White. Perfect for the discerning swimmer who refuses the obvious.</p>,Twessie,Bikini Bottom,"minimalist luxury, Crinkled Seersucker bikini, minimalist bikini bottom, high-end swimwear, architectural swimsuit",TRUE,Color,Chalk White,Size,XXL,TWESSIE_AU_BB_0304-Chalk White-XXL,168.0,,10
twessie-jp-ha-0305,Architectural Halter Strap System - Obsidian Black,<p>Crafted in premium Econyl Sleek Satin with Crinkled Seersucker accents. This halter strap accessory epitomizes minimalist luxury luxury. Featuring color-blocking in Obsidian Black and Chalk White. Perfect for the discerning swimmer who refuses the obvious.</p>,Twessie,Halter Strap Accessory,"independent fashion, architectural swimsuit, high-end swimwear, luxury Obsidian Black swimwear, Econyl Sleek Satin bikini",TRUE,Color,Obsidian Black,Size,XS,TWESSIE_JP_HA_0305-Obsidian Black-XS,168.0,,10
twessie-jp-ha-0305,Architectural Halter Strap System - Obsidian Black,<p>Crafted in premium Econyl Sleek Satin with Crinkled Seersucker accents. This halter strap accessory epitomizes minimalist luxury luxury. Featuring color-blocking in Obsidian Black and Chalk White. Perfect for the discerning swimmer who refuses the obvious.</p>,Twessie,Halter Strap Accessory,"independent fashion, architectural swimsuit, high-end swimwear, luxury Obsidian Black swimwear, Econyl Sleek Satin bikini",TRUE,Color,Obsidian Black,Size,S,TWESSIE_JP_HA_0305-Obsidian Black-S,168.0,,10
twessie-jp-ha-0305,Architectural Halter Strap System - Obsidian Black,<p>Crafted in premium Econyl Sleek Satin with Crinkled Seersucker accents. This halter strap accessory epitomizes minimalist luxury luxury. Featuring color-blocking in Obsidian Black and Chalk White. Perfect for the discerning swimmer who refuses the obvious.</p>,Twessie,Halter Strap Accessory,"independent fashion, architectural swimsuit, high-end swimwear, luxury Obsidian Black swimwear, Econyl Sleek Satin bikini",TRUE,Color,Obsidian Black,Size,M,TWESSIE_JP_HA_0305-Obsidian Black-M,168.0,,10
twessie-jp-ha-0305,Architectural Halter Strap System - Obsidian Black,<p>Crafted in premium Econyl Sleek Satin with Crinkled Seersucker accents. This halter strap accessory epitomizes minimalist luxury luxury. Featuring color-blocking in Obsidian Black and Chalk White. Perfect for the discerning swimmer who refuses the obvious.</p>,Twessie,Halter Strap Accessory,"independent fashion, architectural swimsuit, high-end swimwear, luxury Obsidian Black swimwear, Econyl Sleek Satin bikini",TRUE,Color,Obsidian Black,Size,L,TWESSIE_JP_HA_0305-Obsidian Black-L,168.0,,10
twessie-jp-ha-0305,Architectural Halter Strap System - Obsidian Black,<p>Crafted in premium Econyl Sleek Satin with Crinkled Seersucker accents. This halter strap accessory epitomizes minimalist luxury luxury. Featuring color-blocking in Obsidian Black and Chalk White. Perfect for the discerning swimmer who refuses the obvious.</p>,Twessie,Halter Strap Accessory,"independent fashion, architectural swimsuit, high-end swimwear, luxury Obsidian Black swimwear, Econyl Sleek Satin bikini",TRUE,Color,Obsidian Black,Size,XL,TWESSIE_JP_HA_0305-Obsidian Black-XL,168.0,,10
twessie-jp-ha-0305,Architectural Halter Strap System - Obsidian Black,<p>Crafted in premium Econyl Sleek Satin with Crinkled Seersucker accents. This halter strap accessory epitomizes minimalist luxury luxury. Featuring color-blocking in Obsidian Black and Chalk White. Perfect for the discerning swimmer who refuses the obvious.</p>,Twessie,Halter Strap Accessory,"independent fashion, architectural swimsuit, high-end swimwear, luxury Obsidian Black swimwear, Econyl Sleek Satin bikini",TRUE,Color,Obsidian Black,Size,XXL,TWESSIE_JP_HA_0305-Obsidian Black-XXL,168.0,,10
twessie-jp-ha-0305,Architectural Halter Strap System - Obsidian Black,<p>Crafted in premium Econyl Sleek Satin with Crinkled Seersucker accents. This halter strap accessory epitomizes minimalist luxury luxury. Featuring color-blocking in Obsidian Black and Chalk White. Perfect for the discerning swimmer who refuses the obvious.</p>,Twessie,Halter Strap Accessory,"independent fashion, architectural swimsuit, high-end swimwear, luxury Obsidian Black swimwear, Econyl Sleek Satin bikini",TRUE,Color,Chalk White,Size,XS,TWESSIE_JP_HA_0305-Chalk White-XS,168.0,,10
twessie-jp-ha-0305,Architectural Halter Strap System - Obsidian Black,<p>Crafted in premium Econyl Sleek Satin with Crinkled Seersucker accents. This halter strap accessory epitomizes minimalist luxury luxury. Featuring color-blocking in Obsidian Black and Chalk White. Perfect for the discerning swimmer who refuses the obvious.</p>,Twessie,Halter Strap Accessory,"independent fashion, architectural swimsuit, high-end swimwear, luxury Obsidian Black swimwear, Econyl Sleek Satin bikini",TRUE,Color,Chalk White,Size,S,TWESSIE_JP_HA_0305-Chalk White-S,168.0,,10
twessie-jp-ha-0305,Architectural Halter Strap System - Obsidian Black,<p>Crafted in premium Econyl Sleek Satin with Crinkled Seersucker accents. This halter strap accessory epitomizes minimalist luxury luxury. Featuring color-blocking in Obsidian Black and Chalk White. Perfect for the discerning swimmer who refuses the obvious.</p>,Twessie,Halter Strap Accessory,"independent fashion, architectural swimsuit, high-end swimwear, luxury Obsidian Black swimwear, Econyl Sleek Satin bikini",TRUE,Color,Chalk White,Size,M,TWESSIE_JP_HA_0305-Chalk White-M,168.0,,10
twessie-jp-ha-0305,Architectural Halter Strap System - Obsidian Black,<p>Crafted in premium Econyl Sleek Satin with Crinkled Seersucker accents. This halter strap accessory epitomizes minimalist luxury luxury. Featuring color-blocking in Obsidian Black and Chalk White. Perfect for the discerning swimmer who refuses the obvious.</p>,Twessie,Halter Strap Accessory,"independent fashion, architectural swimsuit, high-end swimwear, luxury Obsidian Black swimwear, Econyl Sleek Satin bikini",TRUE,Color,Chalk White,Size,L,TWESSIE_JP_HA_0305-Chalk White-L,168.0,,10
twessie-jp-ha-0305,Architectural Halter Strap System - Obsidian Black,<p>Crafted in premium Econyl Sleek Satin with Crinkled Seersucker accents. This halter strap accessory epitomizes minimalist luxury luxury. Featuring color-blocking in Obsidian Black and Chalk White. Perfect for the discerning swimmer who refuses the obvious.</p>,Twessie,Halter Strap Accessory,"independent fashion, architectural swimsuit, high-end swimwear, luxury Obsidian Black swimwear, Econyl Sleek Satin bikini",TRUE,Color,Chalk White,Size,XL,TWESSIE_JP_HA_0305-Chalk White-XL,168.0,,10
twessie-jp-ha-0305,Architectural Halter Strap System - Obsidian Black,<p>Crafted in premium Econyl Sleek Satin with Crinkled Seersucker accents. This halter strap accessory epitomizes minimalist luxury luxury. Featuring color-blocking in Obsidian Black and Chalk White. Perfect for the discerning swimmer who refuses the obvious.</p>,Twessie,Halter Strap Accessory,"independent fashion, architectural swimsuit, high-end swimwear, luxury Obsidian Black swimwear, Econyl Sleek Satin bikini",TRUE,Color,Chalk White,Size,XXL,TWESSIE_JP_HA_0305-Chalk White-XXL,168.0,,10
twessie-jp-bb-0306,Structural Crinkled Seersucker Bikini Bottom,<p>Crafted in premium Crinkled Seersucker with Matte Ribbed Knit accents. This bikini bottom epitomizes rebellious yet refined luxury. Featuring color-blocking in Chalk White and Stone Gray. Perfect for the discerning swimmer who refuses the obvious.</p>,Twessie,Bikini Bottom,"luxury Chalk White swimwear, minimalist luxury, Crinkled Seersucker bikini, independent fashion, high-end swimwear",TRUE,Color,Chalk White,Size,XS,TWESSIE_JP_BB_0306-Chalk White-XS,168.0,,10
twessie-jp-bb-0306,Structural Crinkled Seersucker Bikini Bottom,<p>Crafted in premium Crinkled Seersucker with Matte Ribbed Knit accents. This bikini bottom epitomizes rebellious yet refined luxury. Featuring color-blocking in Chalk White and Stone Gray. Perfect for the discerning swimmer who refuses the obvious.</p>,Twessie,Bikini Bottom,"luxury Chalk White swimwear, minimalist luxury, Crinkled Seersucker bikini, independent fashion, high-end swimwear",TRUE,Color,Chalk White,Size,S,TWESSIE_JP_BB_0306-Chalk White-S,168.0,,10
twessie-jp-bb-0306,Structural Crinkled Seersucker Bikini Bottom,<p>Crafted in premium Crinkled Seersucker with Matte Ribbed Knit accents. This bikini bottom epitomizes rebellious yet refined luxury. Featuring color-blocking in Chalk White and Stone Gray. Perfect for the discerning swimmer who refuses the obvious.</p>,Twessie,Bikini Bottom,"luxury Chalk White swimwear, minimalist luxury, Crinkled Seersucker bikini, independent fashion, high-end swimwear",TRUE,Color,Chalk White,Size,M,TWESSIE_JP_BB_0306-Chalk White-M,168.0,,10
twessie-jp-bb-0306,Structural Crinkled Seersucker Bikini Bottom,<p>Crafted in premium Crinkled Seersucker with Matte Ribbed Knit accents. This bikini bottom epitomizes rebellious yet refined luxury. Featuring color-blocking in Chalk White and Stone Gray. Perfect for the discerning swimmer who refuses the obvious.</p>,Twessie,Bikini Bottom,"luxury Chalk White swimwear, minimalist luxury, Crinkled Seersucker bikini, independent fashion, high-end swimwear",TRUE,Color,Chalk White,Size,L,TWESSIE_JP_BB_0306-Chalk White-L,168.0,,10
twessie-jp-bb-0306,Structural Crinkled Seersucker Bikini Bottom,<p>Crafted in premium Crinkled Seersucker with Matte Ribbed Knit accents. This bikini bottom epitomizes rebellious yet refined luxury. Featuring color-blocking in Chalk White and Stone Gray. Perfect for the discerning swimmer who refuses the obvious.</p>,Twessie,Bikini Bottom,"luxury Chalk White swimwear, minimalist luxury, Crinkled Seersucker bikini, independent fashion, high-end swimwear",TRUE,Color,Chalk White,Size,XL,TWESSIE_JP_BB_0306-Chalk White-XL,168.0,,10
twessie-jp-bb-0306,Structural Crinkled Seersucker Bikini Bottom,<p>Crafted in premium Crinkled Seersucker with Matte Ribbed Knit accents. This bikini bottom epitomizes rebellious yet refined luxury. Featuring color-blocking in Chalk White and Stone Gray. Perfect for the discerning swimmer who refuses the obvious.</p>,Twessie,Bikini Bottom,"luxury Chalk White swimwear, minimalist luxury, Crinkled Seersucker bikini, independent fashion, high-end swimwear",TRUE,Color,Chalk White,Size,XXL,TWESSIE_JP_BB_0306-Chalk White-XXL,168.0,,10
twessie-jp-bb-0306,Structural Crinkled Seersucker Bikini Bottom,<p>Crafted in premium Crinkled Seersucker with Matte Ribbed Knit accents. This bikini bottom epitomizes rebellious yet refined luxury. Featuring color-blocking in Chalk White and Stone Gray. Perfect for the discerning swimmer who refuses the obvious.</p>,Twessie,Bikini Bottom,"luxury Chalk White swimwear, minimalist luxury, Crinkled Seersucker bikini, independent fashion, high-end swimwear",TRUE,Color,Stone Gray,Size,XS,TWESSIE_JP_BB_0306-Stone Gray-XS,168.0,,10
twessie-jp-bb-0306,Structural Crinkled Seersucker Bikini Bottom,<p>Crafted in premium Crinkled Seersucker with Matte Ribbed Knit accents. This bikini bottom epitomizes rebellious yet refined luxury. Featuring color-blocking in Chalk White and Stone Gray. Perfect for the discerning swimmer who refuses the obvious.</p>,Twessie,Bikini Bottom,"luxury Chalk White swimwear, minimalist luxury, Crinkled Seersucker bikini, independent fashion, high-end swimwear",TRUE,Color,Stone Gray,Size,S,TWESSIE_JP_BB_0306-Stone Gray-S,168.0,,10
twessie-jp-bb-0306,Structural Crinkled Seersucker Bikini Bottom,<p>Crafted in premium Crinkled Seersucker with Matte Ribbed Knit accents. This bikini bottom epitomizes rebellious yet refined luxury. Featuring color-blocking in Chalk White and Stone Gray. Perfect for the discerning swimmer who refuses the obvious.</p>,Twessie,Bikini Bottom,"luxury Chalk White swimwear, minimalist luxury, Crinkled Seersucker bikini, independent fashion, high-end swimwear",TRUE,Color,Stone Gray,Size,M,TWESSIE_JP_BB_0306-Stone Gray-M,168.0,,10
twessie-jp-bb-0306,Structural Crinkled Seersucker Bikini Bottom,<p>Crafted in premium Crinkled Seersucker with Matte Ribbed Knit accents. This bikini bottom epitomizes rebellious yet refined luxury. Featuring color-blocking in Chalk White and Stone Gray. Perfect for the discerning swimmer who refuses the obvious.</p>,Twessie,Bikini Bottom,"luxury Chalk White swimwear, minimalist luxury, Crinkled Seersucker bikini, independent fashion, high-end swimwear",TRUE,Color,Stone Gray,Size,L,TWESSIE_JP_BB_0306-Stone Gray-L,168.0,,10
twessie-jp-bb-0306,Structural Crinkled Seersucker Bikini Bottom,<p>Crafted in premium Crinkled Seersucker with Matte Ribbed Knit accents. This bikini bottom epitomizes rebellious yet refined luxury. Featuring color-blocking in Chalk White and Stone Gray. Perfect for the discerning swimmer who refuses the obvious.</p>,Twessie,Bikini Bottom,"luxury Chalk White swimwear, minimalist luxury, Crinkled Seersucker bikini, independent fashion, high-end swimwear",TRUE,Color,Stone Gray,Size,XL,TWESSIE_JP_BB_0306-Stone Gray-XL,168.0,,10
twessie-jp-bb-0306,Structural Crinkled Seersucker Bikini Bottom,<p>Crafted in premium Crinkled Seersucker with Matte Ribbed Knit accents. This bikini bottom epitomizes rebellious yet refined luxury. Featuring color-blocking in Chalk White and Stone Gray. Perfect for the discerning swimmer who refuses the obvious.</p>,Twessie,Bikini Bottom,"luxury Chalk White swimwear, minimalist luxury, Crinkled Seersucker bikini, independent fashion, high-end swimwear",TRUE,Color,Stone Gray,Size,XXL,TWESSIE_JP_BB_0306-Stone Gray-XXL,168.0,,10
twessie-na-bt-0307,Minimalist Olive Drab Textured Bikini Top,"<p>Matte Ribbed Knit construction meets architectural precision in this bikini top. Designed for the intelligent, independent woman. The Olive Drab colorway with Burnt Terracotta accents creates a sophisticated palette. Pure anti-fashion statement elegance.</p>",Twessie,Bikini Top,"high-end swimwear, Matte Ribbed Knit bikini, luxury Olive Drab swimwear, architectural swimsuit, minimalist bikini top",TRUE,Color,Olive Drab,Size,XS,TWESSIE_NA_BT_0307-Olive Drab-XS,168.0,,10
twessie-na-bt-0307,Minimalist Olive Drab Textured Bikini Top,"<p>Matte Ribbed Knit construction meets architectural precision in this bikini top. Designed for the intelligent, independent woman. The Olive Drab colorway with Burnt Terracotta accents creates a sophisticated palette. Pure anti-fashion statement elegance.</p>",Twessie,Bikini Top,"high-end swimwear, Matte Ribbed Knit bikini, luxury Olive Drab swimwear, architectural swimsuit, minimalist bikini top",TRUE,Color,Olive Drab,Size,S,TWESSIE_NA_BT_0307-Olive Drab-S,168.0,,10
twessie-na-bt-0307,Minimalist Olive Drab Textured Bikini Top,"<p>Matte Ribbed Knit construction meets architectural precision in this bikini top. Designed for the intelligent, independent woman. The Olive Drab colorway with Burnt Terracotta accents creates a sophisticated palette. Pure anti-fashion statement elegance.</p>",Twessie,Bikini Top,"high-end swimwear, Matte Ribbed Knit bikini, luxury Olive Drab swimwear, architectural swimsuit, minimalist bikini top",TRUE,Color,Olive Drab,Size,M,TWESSIE_NA_BT_0307-Olive Drab-M,168.0,,10
twessie-na-bt-0307,Minimalist Olive Drab Textured Bikini Top,"<p>Matte Ribbed Knit construction meets architectural precision in this bikini top. Designed for the intelligent, independent woman. The Olive Drab colorway with Burnt Terracotta accents creates a sophisticated palette. Pure anti-fashion statement elegance.</p>",Twessie,Bikini Top,"high-end swimwear, Matte Ribbed Knit bikini, luxury Olive Drab swimwear, architectural swimsuit, minimalist bikini top",TRUE,Color,Olive Drab,Size,L,TWESSIE_NA_BT_0307-Olive Drab-L,168.0,,10
twessie-na-bt-0307,Minimalist Olive Drab Textured Bikini Top,"<p>Matte Ribbed Knit construction meets architectural precision in this bikini top. Designed for the intelligent, independent woman. The Olive Drab colorway with Burnt Terracotta accents creates a sophisticated palette. Pure anti-fashion statement elegance.</p>",Twessie,Bikini Top,"high-end swimwear, Matte Ribbed Knit bikini, luxury Olive Drab swimwear, architectural swimsuit, minimalist bikini top",TRUE,Color,Olive Drab,Size,XL,TWESSIE_NA_BT_0307-Olive Drab-XL,168.0,,10
twessie-na-bt-0307,Minimalist Olive Drab Textured Bikini Top,"<p>Matte Ribbed Knit construction meets architectural precision in this bikini top. Designed for the intelligent, independent woman. The Olive Drab colorway with Burnt Terracotta accents creates a sophisticated palette. Pure anti-fashion statement elegance.</p>",Twessie,Bikini Top,"high-end swimwear, Matte Ribbed Knit bikini, luxury Olive Drab swimwear, architectural swimsuit, minimalist bikini top",TRUE,Color,Olive Drab,Size,XXL,TWESSIE_NA_BT_0307-Olive Drab-XXL,168.0,,10
twessie-na-bt-0307,Minimalist Olive Drab Textured Bikini Top,"<p>Matte Ribbed Knit construction meets architectural precision in this bikini top. Designed for the intelligent, independent woman. The Olive Drab colorway with Burnt Terracotta accents creates a sophisticated palette. Pure anti-fashion statement elegance.</p>",Twessie,Bikini Top,"high-end swimwear, Matte Ribbed Knit bikini, luxury Olive Drab swimwear, architectural swimsuit, minimalist bikini top",TRUE,Color,Burnt Terracotta,Size,XS,TWESSIE_NA_BT_0307-Burnt Terracotta-XS,168.0,,10
twessie-na-bt-0307,Minimalist Olive Drab Textured Bikini Top,"<p>Matte Ribbed Knit construction meets architectural precision in this bikini top. Designed for the intelligent, independent woman. The Olive Drab colorway with Burnt Terracotta accents creates a sophisticated palette. Pure anti-fashion statement elegance.</p>",Twessie,Bikini Top,"high-end swimwear, Matte Ribbed Knit bikini, luxury Olive Drab swimwear, architectural swimsuit, minimalist bikini top",TRUE,Color,Burnt Terracotta,Size,S,TWESSIE_NA_BT_0307-Burnt Terracotta-S,168.0,,10
twessie-na-bt-0307,Minimalist Olive Drab Textured Bikini Top,"<p>Matte Ribbed Knit construction meets architectural precision in this bikini top. Designed for the intelligent, independent woman. The Olive Drab colorway with Burnt Terracotta accents creates a sophisticated palette. Pure anti-fashion statement elegance.</p>",Twessie,Bikini Top,"high-end swimwear, Matte Ribbed Knit bikini, luxury Olive Drab swimwear, architectural swimsuit, minimalist bikini top",TRUE,Color,Burnt Terracotta,Size,M,TWESSIE_NA_BT_0307-Burnt Terracotta-M,168.0,,10
twessie-na-bt-0307,Minimalist Olive Drab Textured Bikini Top,"<p>Matte Ribbed Knit construction meets architectural precision in this bikini top. Designed for the intelligent, independent woman. The Olive Drab colorway with Burnt Terracotta accents creates a sophisticated palette. Pure anti-fashion statement elegance.</p>",Twessie,Bikini Top,"high-end swimwear, Matte Ribbed Knit bikini, luxury Olive Drab swimwear, architectural swimsuit, minimalist bikini top",TRUE,Color,Burnt Terracotta,Size,L,TWESSIE_NA_BT_0307-Burnt Terracotta-L,168.0,,10
twessie-na-bt-0307,Minimalist Olive Drab Textured Bikini Top,"<p>Matte Ribbed Knit construction meets architectural precision in this bikini top. Designed for the intelligent, independent woman. The Olive Drab colorway with Burnt Terracotta accents creates a sophisticated palette. Pure anti-fashion statement elegance.</p>",Twessie,Bikini Top,"high-end swimwear, Matte Ribbed Knit bikini, luxury Olive Drab swimwear, architectural swimsuit, minimalist bikini top",TRUE,Color,Burnt Terracotta,Size,XL,TWESSIE_NA_BT_0307-Burnt Terracotta-XL,168.0,,10
twessie-na-bt-0307,Minimalist Olive Drab Textured Bikini Top,"<p>Matte Ribbed Knit construction meets architectural precision in this bikini top. Designed for the intelligent, independent woman. The Olive Drab colorway with Burnt Terracotta accents creates a sophisticated palette. Pure anti-fashion statement elegance.</p>",Twessie,Bikini Top,"high-end swimwear, Matte Ribbed Knit bikini, luxury Olive Drab swimwear, architectural swimsuit, minimalist bikini top",TRUE,Color,Burnt Terracotta,Size,XXL,TWESSIE_NA_BT_0307-Burnt Terracotta-XXL,168.0,,10
twessie-jp-bt-0308,Minimalist Obsidian Black Textured Bikini Top,<p>Crafted in premium Econyl Sleek Satin with Matte Ribbed Knit accents. This bikini top epitomizes intelligent aesthetic luxury. Featuring color-blocking in Obsidian Black and Olive Drab. Perfect for the discerning swimmer who refuses the obvious.</p>,Twessie,Bikini Top,"luxury Obsidian Black swimwear, Econyl Sleek Satin bikini, minimalist bikini top, independent fashion, minimalist luxury",TRUE,Color,Obsidian Black,Size,XS,TWESSIE_JP_BT_0308-Obsidian Black-XS,168.0,,10
twessie-jp-bt-0308,Minimalist Obsidian Black Textured Bikini Top,<p>Crafted in premium Econyl Sleek Satin with Matte Ribbed Knit accents. This bikini top epitomizes intelligent aesthetic luxury. Featuring color-blocking in Obsidian Black and Olive Drab. Perfect for the discerning swimmer who refuses the obvious.</p>,Twessie,Bikini Top,"luxury Obsidian Black swimwear, Econyl Sleek Satin bikini, minimalist bikini top, independent fashion, minimalist luxury",TRUE,Color,Obsidian Black,Size,S,TWESSIE_JP_BT_0308-Obsidian Black-S,168.0,,10
twessie-jp-bt-0308,Minimalist Obsidian Black Textured Bikini Top,<p>Crafted in premium Econyl Sleek Satin with Matte Ribbed Knit accents. This bikini top epitomizes intelligent aesthetic luxury. Featuring color-blocking in Obsidian Black and Olive Drab. Perfect for the discerning swimmer who refuses the obvious.</p>,Twessie,Bikini Top,"luxury Obsidian Black swimwear, Econyl Sleek Satin bikini, minimalist bikini top, independent fashion, minimalist luxury",TRUE,Color,Obsidian Black,Size,M,TWESSIE_JP_BT_0308-Obsidian Black-M,168.0,,10
twessie-jp-bt-0308,Minimalist Obsidian Black Textured Bikini Top,<p>Crafted in premium Econyl Sleek Satin with Matte Ribbed Knit accents. This bikini top epitomizes intelligent aesthetic luxury. Featuring color-blocking in Obsidian Black and Olive Drab. Perfect for the discerning swimmer who refuses the obvious.</p>,Twessie,Bikini Top,"luxury Obsidian Black swimwear, Econyl Sleek Satin bikini, minimalist bikini top, independent fashion, minimalist luxury",TRUE,Color,Obsidian Black,Size,L,TWESSIE_JP_BT_0308-Obsidian Black-L,168.0,,10
twessie-jp-bt-0308,Minimalist Obsidian Black Textured Bikini Top,<p>Crafted in premium Econyl Sleek Satin with Matte Ribbed Knit accents. This bikini top epitomizes intelligent aesthetic luxury. Featuring color-blocking in Obsidian Black and Olive Drab. Perfect for the discerning swimmer who refuses the obvious.</p>,Twessie,Bikini Top,"luxury Obsidian Black swimwear, Econyl Sleek Satin bikini, minimalist bikini top, independent fashion, minimalist luxury",TRUE,Color,Obsidian Black,Size,XL,TWESSIE_JP_BT_0308-Obsidian Black-XL,168.0,,10
twessie-jp-bt-0308,Minimalist Obsidian Black Textured Bikini Top,<p>Crafted in premium Econyl Sleek Satin with Matte Ribbed Knit accents. This bikini top epitomizes intelligent aesthetic luxury. Featuring color-blocking in Obsidian Black and Olive Drab. Perfect for the discerning swimmer who refuses the obvious.</p>,Twessie,Bikini Top,"luxury Obsidian Black swimwear, Econyl Sleek Satin bikini, minimalist bikini top, independent fashion, minimalist luxury",TRUE,Color,Obsidian Black,Size,XXL,TWESSIE_JP_BT_0308-Obsidian Black-XXL,168.0,,10
twessie-jp-bt-0308,Minimalist Obsidian Black Textured Bikini Top,<p>Crafted in premium Econyl Sleek Satin with Matte Ribbed Knit accents. This bikini top epitomizes intelligent aesthetic luxury. Featuring color-blocking in Obsidian Black and Olive Drab. Perfect for the discerning swimmer who refuses the obvious.</p>,Twessie,Bikini Top,"luxury Obsidian Black swimwear, Econyl Sleek Satin bikini, minimalist bikini top, independent fashion, minimalist luxury",TRUE,Color,Olive Drab,Size,XS,TWESSIE_JP_BT_0308-Olive Drab-XS,168.0,,10
twessie-jp-bt-0308,Minimalist Obsidian Black Textured Bikini Top,<p>Crafted in premium Econyl Sleek Satin with Matte Ribbed Knit accents. This bikini top epitomizes intelligent aesthetic luxury. Featuring color-blocking in Obsidian Black and Olive Drab. Perfect for the discerning swimmer who refuses the obvious.</p>,Twessie,Bikini Top,"luxury Obsidian Black swimwear, Econyl Sleek Satin bikini, minimalist bikini top, independent fashion, minimalist luxury",TRUE,Color,Olive Drab,Size,S,TWESSIE_JP_BT_0308-Olive Drab-S,168.0,,10
twessie-jp-bt-0308,Minimalist Obsidian Black Textured Bikini Top,<p>Crafted in premium Econyl Sleek Satin with Matte Ribbed Knit accents. This bikini top epitomizes intelligent aesthetic luxury. Featuring color-blocking in Obsidian Black and Olive Drab. Perfect for the discerning swimmer who refuses the obvious.</p>,Twessie,Bikini Top,"luxury Obsidian Black swimwear, Econyl Sleek Satin bikini, minimalist bikini top, independent fashion, minimalist luxury",TRUE,Color,Olive Drab,Size,M,TWESSIE_JP_BT_0308-Olive Drab-M,168.0,,10
twessie-jp-bt-0308,Minimalist Obsidian Black Textured Bikini Top,<p>Crafted in premium Econyl Sleek Satin with Matte Ribbed Knit accents. This bikini top epitomizes intelligent aesthetic luxury. Featuring color-blocking in Obsidian Black and Olive Drab. Perfect for the discerning swimmer who refuses the obvious.</p>,Twessie,Bikini Top,"luxury Obsidian Black swimwear, Econyl Sleek Satin bikini, minimalist bikini top, independent fashion, minimalist luxury",TRUE,Color,Olive Drab,Size,L,TWESSIE_JP_BT_0308-Olive Drab-L,168.0,,10
twessie-jp-bt-0308,Minimalist Obsidian Black Textured Bikini Top,<p>Crafted in premium Econyl Sleek Satin with Matte Ribbed Knit accents. This bikini top epitomizes intelligent aesthetic luxury. Featuring color-blocking in Obsidian Black and Olive Drab. Perfect for the discerning swimmer who refuses the obvious.</p>,Twessie,Bikini Top,"luxury Obsidian Black swimwear, Econyl Sleek Satin bikini, minimalist bikini top, independent fashion, minimalist luxury",TRUE,Color,Olive Drab,Size,XL,TWESSIE_JP_BT_0308-Olive Drab-XL,168.0,,10
twessie-jp-bt-0308,Minimalist Obsidian Black Textured Bikini Top,<p>Crafted in premium Econyl Sleek Satin with Matte Ribbed Knit accents. This bikini top epitomizes intelligent aesthetic luxury. Featuring color-blocking in Obsidian Black and Olive Drab. Perfect for the discerning swimmer who refuses the obvious.</p>,Twessie,Bikini Top,"luxury Obsidian Black swimwear, Econyl Sleek Satin bikini, minimalist bikini top, independent fashion, minimalist luxury",TRUE,Color,Olive Drab,Size,XXL,TWESSIE_JP_BT_0308-Olive Drab-XXL,168.0,,10
twessie-sg-bb-0309,Obsidian Black Minimalist Econyl Sleek Satin Bikini Bottom,<p>Crafted in premium Econyl Sleek Satin with Crinkled Seersucker accents. This bikini bottom epitomizes intelligent aesthetic luxury. Featuring color-blocking in Obsidian Black and Chalk White. Perfect for the discerning swimmer who refuses the obvious.</p>,Twessie,Bikini Bottom,"luxury Obsidian Black swimwear, Econyl Sleek Satin bikini, minimalist luxury, high-end swimwear, independent fashion",TRUE,Color,Obsidian Black,Size,XS,TWESSIE_SG_BB_0309-Obsidian Black-XS,168.0,,10
twessie-sg-bb-0309,Obsidian Black Minimalist Econyl Sleek Satin Bikini Bottom,<p>Crafted in premium Econyl Sleek Satin with Crinkled Seersucker accents. This bikini bottom epitomizes intelligent aesthetic luxury. Featuring color-blocking in Obsidian Black and Chalk White. Perfect for the discerning swimmer who refuses the obvious.</p>,Twessie,Bikini Bottom,"luxury Obsidian Black swimwear, Econyl Sleek Satin bikini, minimalist luxury, high-end swimwear, independent fashion",TRUE,Color,Obsidian Black,Size,S,TWESSIE_SG_BB_0309-Obsidian Black-S,168.0,,10
twessie-sg-bb-0309,Obsidian Black Minimalist Econyl Sleek Satin Bikini Bottom,<p>Crafted in premium Econyl Sleek Satin with Crinkled Seersucker accents. This bikini bottom epitomizes intelligent aesthetic luxury. Featuring color-blocking in Obsidian Black and Chalk White. Perfect for the discerning swimmer who refuses the obvious.</p>,Twessie,Bikini Bottom,"luxury Obsidian Black swimwear, Econyl Sleek Satin bikini, minimalist luxury, high-end swimwear, independent fashion",TRUE,Color,Obsidian Black,Size,M,TWESSIE_SG_BB_0309-Obsidian Black-M,168.0,,10
twessie-sg-bb-0309,Obsidian Black Minimalist Econyl Sleek Satin Bikini Bottom,<p>Crafted in premium Econyl Sleek Satin with Crinkled Seersucker accents. This bikini bottom epitomizes intelligent aesthetic luxury. Featuring color-blocking in Obsidian Black and Chalk White. Perfect for the discerning swimmer who refuses the obvious.</p>,Twessie,Bikini Bottom,"luxury Obsidian Black swimwear, Econyl Sleek Satin bikini, minimalist luxury, high-end swimwear, independent fashion",TRUE,Color,Obsidian Black,Size,L,TWESSIE_SG_BB_0309-Obsidian Black-L,168.0,,10
twessie-sg-bb-0309,Obsidian Black Minimalist Econyl Sleek Satin Bikini Bottom,<p>Crafted in premium Econyl Sleek Satin with Crinkled Seersucker accents. This bikini bottom epitomizes intelligent aesthetic luxury. Featuring color-blocking in Obsidian Black and Chalk White. Perfect for the discerning swimmer who refuses the obvious.</p>,Twessie,Bikini Bottom,"luxury Obsidian Black swimwear, Econyl Sleek Satin bikini, minimalist luxury, high-end swimwear, independent fashion",TRUE,Color,Obsidian Black,Size,XL,TWESSIE_SG_BB_0309-Obsidian Black-XL,168.0,,10
twessie-sg-bb-0309,Obsidian Black Minimalist Econyl Sleek Satin Bikini Bottom,<p>Crafted in premium Econyl Sleek Satin with Crinkled Seersucker accents. This bikini bottom epitomizes intelligent aesthetic luxury. Featuring color-blocking in Obsidian Black and Chalk White. Perfect for the discerning swimmer who refuses the obvious.</p>,Twessie,Bikini Bottom,"luxury Obsidian Black swimwear, Econyl Sleek Satin bikini, minimalist luxury, high-end swimwear, independent fashion",TRUE,Color,Obsidian Black,Size,XXL,TWESSIE_SG_BB_0309-Obsidian Black-XXL,168.0,,10
twessie-sg-bb-0309,Obsidian Black Minimalist Econyl Sleek Satin Bikini Bottom,<p>Crafted in premium Econyl Sleek Satin with Crinkled Seersucker accents. This bikini bottom epitomizes intelligent aesthetic luxury. Featuring color-blocking in Obsidian Black and Chalk White. Perfect for the discerning swimmer who refuses the obvious.</p>,Twessie,Bikini Bottom,"luxury Obsidian Black swimwear, Econyl Sleek Satin bikini, minimalist luxury, high-end swimwear, independent fashion",TRUE,Color,Chalk White,Size,XS,TWESSIE_SG_BB_0309-Chalk White-XS,168.0,,10
twessie-sg-bb-0309,Obsidian Black Minimalist Econyl Sleek Satin Bikini Bottom,<p>Crafted in premium Econyl Sleek Satin with Crinkled Seersucker accents. This bikini bottom epitomizes intelligent aesthetic luxury. Featuring color-blocking in Obsidian Black and Chalk White. Perfect for the discerning swimmer who refuses the obvious.</p>,Twessie,Bikini Bottom,"luxury Obsidian Black swimwear, Econyl Sleek Satin bikini, minimalist luxury, high-end swimwear, independent fashion",TRUE,Color,Chalk White,Size,S,TWESSIE_SG_BB_0309-Chalk White-S,168.0,,10
twessie-sg-bb-0309,Obsidian Black Minimalist Econyl Sleek Satin Bikini Bottom,<p>Crafted in premium Econyl Sleek Satin with Crinkled Seersucker accents. This bikini bottom epitomizes intelligent aesthetic luxury. Featuring color-blocking in Obsidian Black and Chalk White. Perfect for the discerning swimmer who refuses the obvious.</p>,Twessie,Bikini Bottom,"luxury Obsidian Black swimwear, Econyl Sleek Satin bikini, minimalist luxury, high-end swimwear, independent fashion",TRUE,Color,Chalk White,Size,M,TWESSIE_SG_BB_0309-Chalk White-M,168.0,,10
twessie-sg-bb-0309,Obsidian Black Minimalist Econyl Sleek Satin Bikini Bottom,<p>Crafted in premium Econyl Sleek Satin with Crinkled Seersucker accents. This bikini bottom epitomizes intelligent aesthetic luxury. Featuring color-blocking in Obsidian Black and Chalk White. Perfect for the discerning swimmer who refuses the obvious.</p>,Twessie,Bikini Bottom,"luxury Obsidian Black swimwear, Econyl Sleek Satin bikini, minimalist luxury, high-end swimwear, independent fashion",TRUE,Color,Chalk White,Size,L,TWESSIE_SG_BB_0309-Chalk White-L,168.0,,10
twessie-sg-bb-0309,Obsidian Black Minimalist Econyl Sleek Satin Bikini Bottom,<p>Crafted in premium Econyl Sleek Satin with Crinkled Seersucker accents. This bikini bottom epitomizes intelligent aesthetic luxury. Featuring color-blocking in Obsidian Black and Chalk White. Perfect for the discerning swimmer who refuses the obvious.</p>,Twessie,Bikini Bottom,"luxury Obsidian Black swimwear, Econyl Sleek Satin bikini, minimalist luxury, high-end swimwear, independent fashion",TRUE,Color,Chalk White,Size,XL,TWESSIE_SG_BB_0309-Chalk White-XL,168.0,,10
twessie-sg-bb-0309,Obsidian Black Minimalist Econyl Sleek Satin Bikini Bottom,<p>Crafted in premium Econyl Sleek Satin with Crinkled Seersucker accents. This bikini bottom epitomizes intelligent aesthetic luxury. Featuring color-blocking in Obsidian Black and Chalk White. Perfect for the discerning swimmer who refuses the obvious.</p>,Twessie,Bikini Bottom,"luxury Obsidian Black swimwear, Econyl Sleek Satin bikini, minimalist luxury, high-end swimwear, independent fashion",TRUE,Color,Chalk White,Size,XXL,TWESSIE_SG_BB_0309-Chalk White-XXL,168.0,,10
twessie-eu-op-0310,Stone Gray Architectural One-Piece Swimsuit,<p>Crafted in premium Crinkled Seersucker with Matte Ribbed Knit accents. This one-piece epitomizes minimalist luxury luxury. Featuring color-blocking in Stone Gray and Chalk White. Perfect for the discerning swimmer who refuses the obvious.</p>,Twessie,One-Piece,"architectural swimsuit, luxury Stone Gray swimwear, independent fashion, minimalist one-piece, minimalist luxury",TRUE,Color,Stone Gray,Size,XS,TWESSIE_EU_OP_0310-Stone Gray-XS,168.0,,10
twessie-eu-op-0310,Stone Gray Architectural One-Piece Swimsuit,<p>Crafted in premium Crinkled Seersucker with Matte Ribbed Knit accents. This one-piece epitomizes minimalist luxury luxury. Featuring color-blocking in Stone Gray and Chalk White. Perfect for the discerning swimmer who refuses the obvious.</p>,Twessie,One-Piece,"architectural swimsuit, luxury Stone Gray swimwear, independent fashion, minimalist one-piece, minimalist luxury",TRUE,Color,Stone Gray,Size,S,TWESSIE_EU_OP_0310-Stone Gray-S,168.0,,10
twessie-eu-op-0310,Stone Gray Architectural One-Piece Swimsuit,<p>Crafted in premium Crinkled Seersucker with Matte Ribbed Knit accents. This one-piece epitomizes minimalist luxury luxury. Featuring color-blocking in Stone Gray and Chalk White. Perfect for the discerning swimmer who refuses the obvious.</p>,Twessie,One-Piece,"architectural swimsuit, luxury Stone Gray swimwear, independent fashion, minimalist one-piece, minimalist luxury",TRUE,Color,Stone Gray,Size,M,TWESSIE_EU_OP_0310-Stone Gray-M,168.0,,10
twessie-eu-op-0310,Stone Gray Architectural One-Piece Swimsuit,<p>Crafted in premium Crinkled Seersucker with Matte Ribbed Knit accents. This one-piece epitomizes minimalist luxury luxury. Featuring color-blocking in Stone Gray and Chalk White. Perfect for the discerning swimmer who refuses the obvious.</p>,Twessie,One-Piece,"architectural swimsuit, luxury Stone Gray swimwear, independent fashion, minimalist one-piece, minimalist luxury",TRUE,Color,Stone Gray,Size,L,TWESSIE_EU_OP_0310-Stone Gray-L,168.0,,10
twessie-eu-op-0310,Stone Gray Architectural One-Piece Swimsuit,<p>Crafted in premium Crinkled Seersucker with Matte Ribbed Knit accents. This one-piece epitomizes minimalist luxury luxury. Featuring color-blocking in Stone Gray and Chalk White. Perfect for the discerning swimmer who refuses the obvious.</p>,Twessie,One-Piece,"architectural swimsuit, luxury Stone Gray swimwear, independent fashion, minimalist one-piece, minimalist luxury",TRUE,Color,Stone Gray,Size,XL,TWESSIE_EU_OP_0310-Stone Gray-XL,168.0,,10
twessie-eu-op-0310,Stone Gray Architectural One-Piece Swimsuit,<p>Crafted in premium Crinkled Seersucker with Matte Ribbed Knit accents. This one-piece epitomizes minimalist luxury luxury. Featuring color-blocking in Stone Gray and Chalk White. Perfect for the discerning swimmer who refuses the obvious.</p>,Twessie,One-Piece,"architectural swimsuit, luxury Stone Gray swimwear, independent fashion, minimalist one-piece, minimalist luxury",TRUE,Color,Stone Gray,Size,XXL,TWESSIE_EU_OP_0310-Stone Gray-XXL,168.0,,10
twessie-eu-op-0310,Stone Gray Architectural One-Piece Swimsuit,<p>Crafted in premium Crinkled Seersucker with Matte Ribbed Knit accents. This one-piece epitomizes minimalist luxury luxury. Featuring color-blocking in Stone Gray and Chalk White. Perfect for the discerning swimmer who refuses the obvious.</p>,Twessie,One-Piece,"architectural swimsuit, luxury Stone Gray swimwear, independent fashion, minimalist one-piece, minimalist luxury",TRUE,Color,Chalk White,Size,XS,TWESSIE_EU_OP_0310-Chalk White-XS,168.0,,10
twessie-eu-op-0310,Stone Gray Architectural One-Piece Swimsuit,<p>Crafted in premium Crinkled Seersucker with Matte Ribbed Knit accents. This one-piece epitomizes minimalist luxury luxury. Featuring color-blocking in Stone Gray and Chalk White. Perfect for the discerning swimmer who refuses the obvious.</p>,Twessie,One-Piece,"architectural swimsuit, luxury Stone Gray swimwear, independent fashion, minimalist one-piece, minimalist luxury",TRUE,Color,Chalk White,Size,S,TWESSIE_EU_OP_0310-Chalk White-S,168.0,,10
twessie-eu-op-0310,Stone Gray Architectural One-Piece Swimsuit,<p>Crafted in premium Crinkled Seersucker with Matte Ribbed Knit accents. This one-piece epitomizes minimalist luxury luxury. Featuring color-blocking in Stone Gray and Chalk White. Perfect for the discerning swimmer who refuses the obvious.</p>,Twessie,One-Piece,"architectural swimsuit, luxury Stone Gray swimwear, independent fashion, minimalist one-piece, minimalist luxury",TRUE,Color,Chalk White,Size,M,TWESSIE_EU_OP_0310-Chalk White-M,168.0,,10
twessie-eu-op-0310,Stone Gray Architectural One-Piece Swimsuit,<p>Crafted in premium Crinkled Seersucker with Matte Ribbed Knit accents. This one-piece epitomizes minimalist luxury luxury. Featuring color-blocking in Stone Gray and Chalk White. Perfect for the discerning swimmer who refuses the obvious.</p>,Twessie,One-Piece,"architectural swimsuit, luxury Stone Gray swimwear, independent fashion, minimalist one-piece, minimalist luxury",TRUE,Color,Chalk White,Size,L,TWESSIE_EU_OP_0310-Chalk White-L,168.0,,10
twessie-eu-op-0310,Stone Gray Architectural One-Piece Swimsuit,<p>Crafted in premium Crinkled Seersucker with Matte Ribbed Knit accents. This one-piece epitomizes minimalist luxury luxury. Featuring color-blocking in Stone Gray and Chalk White. Perfect for the discerning swimmer who refuses the obvious.</p>,Twessie,One-Piece,"architectural swimsuit, luxury Stone Gray swimwear, independent fashion, minimalist one-piece, minimalist luxury",TRUE,Color,Chalk White,Size,XL,TWESSIE_EU_OP_0310-Chalk White-XL,168.0,,10
twessie-eu-op-0310,Stone Gray Architectural One-Piece Swimsuit,<p>Crafted in premium Crinkled Seersucker with Matte Ribbed Knit accents. This one-piece epitomizes minimalist luxury luxury. Featuring color-blocking in Stone Gray and Chalk White. Perfect for the discerning swimmer who refuses the obvious.</p>,Twessie,One-Piece,"architectural swimsuit, luxury Stone Gray swimwear, independent fashion, minimalist one-piece, minimalist luxury",TRUE,Color,Chalk White,Size,XXL,TWESSIE_EU_OP_0310-Chalk White-XXL,168.0,,10
twessie-na-op-0401,Stone Gray Architectural One-Piece Swimsuit,<p>A statement piece in Crinkled Seersucker. This one-piece combines intelligent aesthetic design with impeccable craftsmanship. Available in Stone Gray with Chalk White detailing. Not loud. Not obvious. Unmistakably Twessie.</p>,Twessie,One-Piece,"high-end swimwear, luxury Stone Gray swimwear, minimalist one-piece, independent fashion, minimalist luxury",TRUE,Color,Stone Gray,Size,XS,TWESSIE_NA_OP_0401-Stone Gray-XS,168.0,,10
twessie-na-op-0401,Stone Gray Architectural One-Piece Swimsuit,<p>A statement piece in Crinkled Seersucker. This one-piece combines intelligent aesthetic design with impeccable craftsmanship. Available in Stone Gray with Chalk White detailing. Not loud. Not obvious. Unmistakably Twessie.</p>,Twessie,One-Piece,"high-end swimwear, luxury Stone Gray swimwear, minimalist one-piece, independent fashion, minimalist luxury",TRUE,Color,Stone Gray,Size,S,TWESSIE_NA_OP_0401-Stone Gray-S,168.0,,10
twessie-na-op-0401,Stone Gray Architectural One-Piece Swimsuit,<p>A statement piece in Crinkled Seersucker. This one-piece combines intelligent aesthetic design with impeccable craftsmanship. Available in Stone Gray with Chalk White detailing. Not loud. Not obvious. Unmistakably Twessie.</p>,Twessie,One-Piece,"high-end swimwear, luxury Stone Gray swimwear, minimalist one-piece, independent fashion, minimalist luxury",TRUE,Color,Stone Gray,Size,M,TWESSIE_NA_OP_0401-Stone Gray-M,168.0,,10
twessie-na-op-0401,Stone Gray Architectural One-Piece Swimsuit,<p>A statement piece in Crinkled Seersucker. This one-piece combines intelligent aesthetic design with impeccable craftsmanship. Available in Stone Gray with Chalk White detailing. Not loud. Not obvious. Unmistakably Twessie.</p>,Twessie,One-Piece,"high-end swimwear, luxury Stone Gray swimwear, minimalist one-piece, independent fashion, minimalist luxury",TRUE,Color,Stone Gray,Size,L,TWESSIE_NA_OP_0401-Stone Gray-L,168.0,,10
twessie-na-op-0401,Stone Gray Architectural One-Piece Swimsuit,<p>A statement piece in Crinkled Seersucker. This one-piece combines intelligent aesthetic design with impeccable craftsmanship. Available in Stone Gray with Chalk White detailing. Not loud. Not obvious. Unmistakably Twessie.</p>,Twessie,One-Piece,"high-end swimwear, luxury Stone Gray swimwear, minimalist one-piece, independent fashion, minimalist luxury",TRUE,Color,Stone Gray,Size,XL,TWESSIE_NA_OP_0401-Stone Gray-XL,168.0,,10
twessie-na-op-0401,Stone Gray Architectural One-Piece Swimsuit,<p>A statement piece in Crinkled Seersucker. This one-piece combines intelligent aesthetic design with impeccable craftsmanship. Available in Stone Gray with Chalk White detailing. Not loud. Not obvious. Unmistakably Twessie.</p>,Twessie,One-Piece,"high-end swimwear, luxury Stone Gray swimwear, minimalist one-piece, independent fashion, minimalist luxury",TRUE,Color,Stone Gray,Size,XXL,TWESSIE_NA_OP_0401-Stone Gray-XXL,168.0,,10
twessie-na-op-0401,Stone Gray Architectural One-Piece Swimsuit,<p>A statement piece in Crinkled Seersucker. This one-piece combines intelligent aesthetic design with impeccable craftsmanship. Available in Stone Gray with Chalk White detailing. Not loud. Not obvious. Unmistakably Twessie.</p>,Twessie,One-Piece,"high-end swimwear, luxury Stone Gray swimwear, minimalist one-piece, independent fashion, minimalist luxury",TRUE,Color,Chalk White,Size,XS,TWESSIE_NA_OP_0401-Chalk White-XS,168.0,,10
twessie-na-op-0401,Stone Gray Architectural One-Piece Swimsuit,<p>A statement piece in Crinkled Seersucker. This one-piece combines intelligent aesthetic design with impeccable craftsmanship. Available in Stone Gray with Chalk White detailing. Not loud. Not obvious. Unmistakably Twessie.</p>,Twessie,One-Piece,"high-end swimwear, luxury Stone Gray swimwear, minimalist one-piece, independent fashion, minimalist luxury",TRUE,Color,Chalk White,Size,S,TWESSIE_NA_OP_0401-Chalk White-S,168.0,,10
twessie-na-op-0401,Stone Gray Architectural One-Piece Swimsuit,<p>A statement piece in Crinkled Seersucker. This one-piece combines intelligent aesthetic design with impeccable craftsmanship. Available in Stone Gray with Chalk White detailing. Not loud. Not obvious. Unmistakably Twessie.</p>,Twessie,One-Piece,"high-end swimwear, luxury Stone Gray swimwear, minimalist one-piece, independent fashion, minimalist luxury",TRUE,Color,Chalk White,Size,M,TWESSIE_NA_OP_0401-Chalk White-M,168.0,,10
twessie-na-op-0401,Stone Gray Architectural One-Piece Swimsuit,<p>A statement piece in Crinkled Seersucker. This one-piece combines intelligent aesthetic design with impeccable craftsmanship. Available in Stone Gray with Chalk White detailing. Not loud. Not obvious. Unmistakably Twessie.</p>,Twessie,One-Piece,"high-end swimwear, luxury Stone Gray swimwear, minimalist one-piece, independent fashion, minimalist luxury",TRUE,Color,Chalk White,Size,L,TWESSIE_NA_OP_0401-Chalk White-L,168.0,,10
twessie-na-op-0401,Stone Gray Architectural One-Piece Swimsuit,<p>A statement piece in Crinkled Seersucker. This one-piece combines intelligent aesthetic design with impeccable craftsmanship. Available in Stone Gray with Chalk White detailing. Not loud. Not obvious. Unmistakably Twessie.</p>,Twessie,One-Piece,"high-end swimwear, luxury Stone Gray swimwear, minimalist one-piece, independent fashion, minimalist luxury",TRUE,Color,Chalk White,Size,XL,TWESSIE_NA_OP_0401-Chalk White-XL,168.0,,10
twessie-na-op-0401,Stone Gray Architectural One-Piece Swimsuit,<p>A statement piece in Crinkled Seersucker. This one-piece combines intelligent aesthetic design with impeccable craftsmanship. Available in Stone Gray with Chalk White detailing. Not loud. Not obvious. Unmistakably Twessie.</p>,Twessie,One-Piece,"high-end swimwear, luxury Stone Gray swimwear, minimalist one-piece, independent fashion, minimalist luxury",TRUE,Color,Chalk White,Size,XXL,TWESSIE_NA_OP_0401-Chalk White-XXL,168.0,,10
twessie-jp-bb-0402,Structural Crinkled Seersucker Bikini Bottom,<p>A statement piece in Crinkled Seersucker. This bikini bottom combines intelligent aesthetic design with impeccable craftsmanship. Available in Stone Gray with Chalk White detailing. Not loud. Not obvious. Unmistakably Twessie.</p>,Twessie,Bikini Bottom,"luxury Stone Gray swimwear, Crinkled Seersucker bikini, architectural swimsuit, independent fashion, minimalist luxury",TRUE,Color,Stone Gray,Size,XS,TWESSIE_JP_BB_0402-Stone Gray-XS,168.0,,10
twessie-jp-bb-0402,Structural Crinkled Seersucker Bikini Bottom,<p>A statement piece in Crinkled Seersucker. This bikini bottom combines intelligent aesthetic design with impeccable craftsmanship. Available in Stone Gray with Chalk White detailing. Not loud. Not obvious. Unmistakably Twessie.</p>,Twessie,Bikini Bottom,"luxury Stone Gray swimwear, Crinkled Seersucker bikini, architectural swimsuit, independent fashion, minimalist luxury",TRUE,Color,Stone Gray,Size,S,TWESSIE_JP_BB_0402-Stone Gray-S,168.0,,10
twessie-jp-bb-0402,Structural Crinkled Seersucker Bikini Bottom,<p>A statement piece in Crinkled Seersucker. This bikini bottom combines intelligent aesthetic design with impeccable craftsmanship. Available in Stone Gray with Chalk White detailing. Not loud. Not obvious. Unmistakably Twessie.</p>,Twessie,Bikini Bottom,"luxury Stone Gray swimwear, Crinkled Seersucker bikini, architectural swimsuit, independent fashion, minimalist luxury",TRUE,Color,Stone Gray,Size,M,TWESSIE_JP_BB_0402-Stone Gray-M,168.0,,10
twessie-jp-bb-0402,Structural Crinkled Seersucker Bikini Bottom,<p>A statement piece in Crinkled Seersucker. This bikini bottom combines intelligent aesthetic design with impeccable craftsmanship. Available in Stone Gray with Chalk White detailing. Not loud. Not obvious. Unmistakably Twessie.</p>,Twessie,Bikini Bottom,"luxury Stone Gray swimwear, Crinkled Seersucker bikini, architectural swimsuit, independent fashion, minimalist luxury",TRUE,Color,Stone Gray,Size,L,TWESSIE_JP_BB_0402-Stone Gray-L,168.0,,10
twessie-jp-bb-0402,Structural Crinkled Seersucker Bikini Bottom,<p>A statement piece in Crinkled Seersucker. This bikini bottom combines intelligent aesthetic design with impeccable craftsmanship. Available in Stone Gray with Chalk White detailing. Not loud. Not obvious. Unmistakably Twessie.</p>,Twessie,Bikini Bottom,"luxury Stone Gray swimwear, Crinkled Seersucker bikini, architectural swimsuit, independent fashion, minimalist luxury",TRUE,Color,Stone Gray,Size,XL,TWESSIE_JP_BB_0402-Stone Gray-XL,168.0,,10
twessie-jp-bb-0402,Structural Crinkled Seersucker Bikini Bottom,<p>A statement piece in Crinkled Seersucker. This bikini bottom combines intelligent aesthetic design with impeccable craftsmanship. Available in Stone Gray with Chalk White detailing. Not loud. Not obvious. Unmistakably Twessie.</p>,Twessie,Bikini Bottom,"luxury Stone Gray swimwear, Crinkled Seersucker bikini, architectural swimsuit, independent fashion, minimalist luxury",TRUE,Color,Stone Gray,Size,XXL,TWESSIE_JP_BB_0402-Stone Gray-XXL,168.0,,10
twessie-jp-bb-0402,Structural Crinkled Seersucker Bikini Bottom,<p>A statement piece in Crinkled Seersucker. This bikini bottom combines intelligent aesthetic design with impeccable craftsmanship. Available in Stone Gray with Chalk White detailing. Not loud. Not obvious. Unmistakably Twessie.</p>,Twessie,Bikini Bottom,"luxury Stone Gray swimwear, Crinkled Seersucker bikini, architectural swimsuit, independent fashion, minimalist luxury",TRUE,Color,Chalk White,Size,XS,TWESSIE_JP_BB_0402-Chalk White-XS,168.0,,10
twessie-jp-bb-0402,Structural Crinkled Seersucker Bikini Bottom,<p>A statement piece in Crinkled Seersucker. This bikini bottom combines intelligent aesthetic design with impeccable craftsmanship. Available in Stone Gray with Chalk White detailing. Not loud. Not obvious. Unmistakably Twessie.</p>,Twessie,Bikini Bottom,"luxury Stone Gray swimwear, Crinkled Seersucker bikini, architectural swimsuit, independent fashion, minimalist luxury",TRUE,Color,Chalk White,Size,S,TWESSIE_JP_BB_0402-Chalk White-S,168.0,,10
twessie-jp-bb-0402,Structural Crinkled Seersucker Bikini Bottom,<p>A statement piece in Crinkled Seersucker. This bikini bottom combines intelligent aesthetic design with impeccable craftsmanship. Available in Stone Gray with Chalk White detailing. Not loud. Not obvious. Unmistakably Twessie.</p>,Twessie,Bikini Bottom,"luxury Stone Gray swimwear, Crinkled Seersucker bikini, architectural swimsuit, independent fashion, minimalist luxury",TRUE,Color,Chalk White,Size,M,TWESSIE_JP_BB_0402-Chalk White-M,168.0,,10
twessie-jp-bb-0402,Structural Crinkled Seersucker Bikini Bottom,<p>A statement piece in Crinkled Seersucker. This bikini bottom combines intelligent aesthetic design with impeccable craftsmanship. Available in Stone Gray with Chalk White detailing. Not loud. Not obvious. Unmistakably Twessie.</p>,Twessie,Bikini Bottom,"luxury Stone Gray swimwear, Crinkled Seersucker bikini, architectural swimsuit, independent fashion, minimalist luxury",TRUE,Color,Chalk White,Size,L,TWESSIE_JP_BB_0402-Chalk White-L,168.0,,10
twessie-jp-bb-0402,Structural Crinkled Seersucker Bikini Bottom,<p>A statement piece in Crinkled Seersucker. This bikini bottom combines intelligent aesthetic design with impeccable craftsmanship. Available in Stone Gray with Chalk White detailing. Not loud. Not obvious. Unmistakably Twessie.</p>,Twessie,Bikini Bottom,"luxury Stone Gray swimwear, Crinkled Seersucker bikini, architectural swimsuit, independent fashion, minimalist luxury",TRUE,Color,Chalk White,Size,XL,TWESSIE_JP_BB_0402-Chalk White-XL,168.0,,10
twessie-jp-bb-0402,Structural Crinkled Seersucker Bikini Bottom,<p>A statement piece in Crinkled Seersucker. This bikini bottom combines intelligent aesthetic design with impeccable craftsmanship. Available in Stone Gray with Chalk White detailing. Not loud. Not obvious. Unmistakably Twessie.</p>,Twessie,Bikini Bottom,"luxury Stone Gray swimwear, Crinkled Seersucker bikini, architectural swimsuit, independent fashion, minimalist luxury",TRUE,Color,Chalk White,Size,XXL,TWESSIE_JP_BB_0402-Chalk White-XXL,168.0,,10
twessie-jp-op-0403,High-Fashion Obsidian Black One-Piece Suit,<p>A statement piece in Econyl Sleek Satin. This one-piece combines anti-fashion statement design with impeccable craftsmanship. Available in Obsidian Black with Chalk White detailing. Not loud. Not obvious. Unmistakably Twessie.</p>,Twessie,One-Piece,"luxury Obsidian Black swimwear, architectural swimsuit, minimalist one-piece, independent fashion, high-end swimwear",TRUE,Color,Obsidian Black,Size,XS,TWESSIE_JP_OP_0403-Obsidian Black-XS,168.0,,10
twessie-jp-op-0403,High-Fashion Obsidian Black One-Piece Suit,<p>A statement piece in Econyl Sleek Satin. This one-piece combines anti-fashion statement design with impeccable craftsmanship. Available in Obsidian Black with Chalk White detailing. Not loud. Not obvious. Unmistakably Twessie.</p>,Twessie,One-Piece,"luxury Obsidian Black swimwear, architectural swimsuit, minimalist one-piece, independent fashion, high-end swimwear",TRUE,Color,Obsidian Black,Size,S,TWESSIE_JP_OP_0403-Obsidian Black-S,168.0,,10
twessie-jp-op-0403,High-Fashion Obsidian Black One-Piece Suit,<p>A statement piece in Econyl Sleek Satin. This one-piece combines anti-fashion statement design with impeccable craftsmanship. Available in Obsidian Black with Chalk White detailing. Not loud. Not obvious. Unmistakably Twessie.</p>,Twessie,One-Piece,"luxury Obsidian Black swimwear, architectural swimsuit, minimalist one-piece, independent fashion, high-end swimwear",TRUE,Color,Obsidian Black,Size,M,TWESSIE_JP_OP_0403-Obsidian Black-M,168.0,,10
twessie-jp-op-0403,High-Fashion Obsidian Black One-Piece Suit,<p>A statement piece in Econyl Sleek Satin. This one-piece combines anti-fashion statement design with impeccable craftsmanship. Available in Obsidian Black with Chalk White detailing. Not loud. Not obvious. Unmistakably Twessie.</p>,Twessie,One-Piece,"luxury Obsidian Black swimwear, architectural swimsuit, minimalist one-piece, independent fashion, high-end swimwear",TRUE,Color,Obsidian Black,Size,L,TWESSIE_JP_OP_0403-Obsidian Black-L,168.0,,10
twessie-jp-op-0403,High-Fashion Obsidian Black One-Piece Suit,<p>A statement piece in Econyl Sleek Satin. This one-piece combines anti-fashion statement design with impeccable craftsmanship. Available in Obsidian Black with Chalk White detailing. Not loud. Not obvious. Unmistakably Twessie.</p>,Twessie,One-Piece,"luxury Obsidian Black swimwear, architectural swimsuit, minimalist one-piece, independent fashion, high-end swimwear",TRUE,Color,Obsidian Black,Size,XL,TWESSIE_JP_OP_0403-Obsidian Black-XL,168.0,,10
twessie-jp-op-0403,High-Fashion Obsidian Black One-Piece Suit,<p>A statement piece in Econyl Sleek Satin. This one-piece combines anti-fashion statement design with impeccable craftsmanship. Available in Obsidian Black with Chalk White detailing. Not loud. Not obvious. Unmistakably Twessie.</p>,Twessie,One-Piece,"luxury Obsidian Black swimwear, architectural swimsuit, minimalist one-piece, independent fashion, high-end swimwear",TRUE,Color,Obsidian Black,Size,XXL,TWESSIE_JP_OP_0403-Obsidian Black-XXL,168.0,,10
twessie-jp-op-0403,High-Fashion Obsidian Black One-Piece Suit,<p>A statement piece in Econyl Sleek Satin. This one-piece combines anti-fashion statement design with impeccable craftsmanship. Available in Obsidian Black with Chalk White detailing. Not loud. Not obvious. Unmistakably Twessie.</p>,Twessie,One-Piece,"luxury Obsidian Black swimwear, architectural swimsuit, minimalist one-piece, independent fashion, high-end swimwear",TRUE,Color,Chalk White,Size,XS,TWESSIE_JP_OP_0403-Chalk White-XS,168.0,,10
twessie-jp-op-0403,High-Fashion Obsidian Black One-Piece Suit,<p>A statement piece in Econyl Sleek Satin. This one-piece combines anti-fashion statement design with impeccable craftsmanship. Available in Obsidian Black with Chalk White detailing. Not loud. Not obvious. Unmistakably Twessie.</p>,Twessie,One-Piece,"luxury Obsidian Black swimwear, architectural swimsuit, minimalist one-piece, independent fashion, high-end swimwear",TRUE,Color,Chalk White,Size,S,TWESSIE_JP_OP_0403-Chalk White-S,168.0,,10
twessie-jp-op-0403,High-Fashion Obsidian Black One-Piece Suit,<p>A statement piece in Econyl Sleek Satin. This one-piece combines anti-fashion statement design with impeccable craftsmanship. Available in Obsidian Black with Chalk White detailing. Not loud. Not obvious. Unmistakably Twessie.</p>,Twessie,One-Piece,"luxury Obsidian Black swimwear, architectural swimsuit, minimalist one-piece, independent fashion, high-end swimwear",TRUE,Color,Chalk White,Size,M,TWESSIE_JP_OP_0403-Chalk White-M,168.0,,10
twessie-jp-op-0403,High-Fashion Obsidian Black One-Piece Suit,<p>A statement piece in Econyl Sleek Satin. This one-piece combines anti-fashion statement design with impeccable craftsmanship. Available in Obsidian Black with Chalk White detailing. Not loud. Not obvious. Unmistakably Twessie.</p>,Twessie,One-Piece,"luxury Obsidian Black swimwear, architectural swimsuit, minimalist one-piece, independent fashion, high-end swimwear",TRUE,Color,Chalk White,Size,L,TWESSIE_JP_OP_0403-Chalk White-L,168.0,,10
twessie-jp-op-0403,High-Fashion Obsidian Black One-Piece Suit,<p>A statement piece in Econyl Sleek Satin. This one-piece combines anti-fashion statement design with impeccable craftsmanship. Available in Obsidian Black with Chalk White detailing. Not loud. Not obvious. Unmistakably Twessie.</p>,Twessie,One-Piece,"luxury Obsidian Black swimwear, architectural swimsuit, minimalist one-piece, independent fashion, high-end swimwear",TRUE,Color,Chalk White,Size,XL,TWESSIE_JP_OP_0403-Chalk White-XL,168.0,,10
twessie-jp-op-0403,High-Fashion Obsidian Black One-Piece Suit,<p>A statement piece in Econyl Sleek Satin. This one-piece combines anti-fashion statement design with impeccable craftsmanship. Available in Obsidian Black with Chalk White detailing. Not loud. Not obvious. Unmistakably Twessie.</p>,Twessie,One-Piece,"luxury Obsidian Black swimwear, architectural swimsuit, minimalist one-piece, independent fashion, high-end swimwear",TRUE,Color,Chalk White,Size,XXL,TWESSIE_JP_OP_0403-Chalk White-XXL,168.0,,10
twessie-na-op-0404,High-Fashion Burnt Terracotta One-Piece Suit,<p>A statement piece in Matte Ribbed Knit. This one-piece combines intelligent aesthetic design with impeccable craftsmanship. Available in Burnt Terracotta with Olive Drab detailing. Not loud. Not obvious. Unmistakably Twessie.</p>,Twessie,One-Piece,"architectural swimsuit, luxury Burnt Terracotta swimwear, high-end swimwear, independent fashion, minimalist one-piece",TRUE,Color,Burnt Terracotta,Size,XS,TWESSIE_NA_OP_0404-Burnt Terracotta-XS,168.0,,10
twessie-na-op-0404,High-Fashion Burnt Terracotta One-Piece Suit,<p>A statement piece in Matte Ribbed Knit. This one-piece combines intelligent aesthetic design with impeccable craftsmanship. Available in Burnt Terracotta with Olive Drab detailing. Not loud. Not obvious. Unmistakably Twessie.</p>,Twessie,One-Piece,"architectural swimsuit, luxury Burnt Terracotta swimwear, high-end swimwear, independent fashion, minimalist one-piece",TRUE,Color,Burnt Terracotta,Size,S,TWESSIE_NA_OP_0404-Burnt Terracotta-S,168.0,,10
twessie-na-op-0404,High-Fashion Burnt Terracotta One-Piece Suit,<p>A statement piece in Matte Ribbed Knit. This one-piece combines intelligent aesthetic design with impeccable craftsmanship. Available in Burnt Terracotta with Olive Drab detailing. Not loud. Not obvious. Unmistakably Twessie.</p>,Twessie,One-Piece,"architectural swimsuit, luxury Burnt Terracotta swimwear, high-end swimwear, independent fashion, minimalist one-piece",TRUE,Color,Burnt Terracotta,Size,M,TWESSIE_NA_OP_0404-Burnt Terracotta-M,168.0,,10
twessie-na-op-0404,High-Fashion Burnt Terracotta One-Piece Suit,<p>A statement piece in Matte Ribbed Knit. This one-piece combines intelligent aesthetic design with impeccable craftsmanship. Available in Burnt Terracotta with Olive Drab detailing. Not loud. Not obvious. Unmistakably Twessie.</p>,Twessie,One-Piece,"architectural swimsuit, luxury Burnt Terracotta swimwear, high-end swimwear, independent fashion, minimalist one-piece",TRUE,Color,Burnt Terracotta,Size,L,TWESSIE_NA_OP_0404-Burnt Terracotta-L,168.0,,10
twessie-na-op-0404,High-Fashion Burnt Terracotta One-Piece Suit,<p>A statement piece in Matte Ribbed Knit. This one-piece combines intelligent aesthetic design with impeccable craftsmanship. Available in Burnt Terracotta with Olive Drab detailing. Not loud. Not obvious. Unmistakably Twessie.</p>,Twessie,One-Piece,"architectural swimsuit, luxury Burnt Terracotta swimwear, high-end swimwear, independent fashion, minimalist one-piece",TRUE,Color,Burnt Terracotta,Size,XL,TWESSIE_NA_OP_0404-Burnt Terracotta-XL,168.0,,10
twessie-na-op-0404,High-Fashion Burnt Terracotta One-Piece Suit,<p>A statement piece in Matte Ribbed Knit. This one-piece combines intelligent aesthetic design with impeccable craftsmanship. Available in Burnt Terracotta with Olive Drab detailing. Not loud. Not obvious. Unmistakably Twessie.</p>,Twessie,One-Piece,"architectural swimsuit, luxury Burnt Terracotta swimwear, high-end swimwear, independent fashion, minimalist one-piece",TRUE,Color,Burnt Terracotta,Size,XXL,TWESSIE_NA_OP_0404-Burnt Terracotta-XXL,168.0,,10
twessie-na-op-0404,High-Fashion Burnt Terracotta One-Piece Suit,<p>A statement piece in Matte Ribbed Knit. This one-piece combines intelligent aesthetic design with impeccable craftsmanship. Available in Burnt Terracotta with Olive Drab detailing. Not loud. Not obvious. Unmistakably Twessie.</p>,Twessie,One-Piece,"architectural swimsuit, luxury Burnt Terracotta swimwear, high-end swimwear, independent fashion, minimalist one-piece",TRUE,Color,Olive Drab,Size,XS,TWESSIE_NA_OP_0404-Olive Drab-XS,168.0,,10
twessie-na-op-0404,High-Fashion Burnt Terracotta One-Piece Suit,<p>A statement piece in Matte Ribbed Knit. This one-piece combines intelligent aesthetic design with impeccable craftsmanship. Available in Burnt Terracotta with Olive Drab detailing. Not loud. Not obvious. Unmistakably Twessie.</p>,Twessie,One-Piece,"architectural swimsuit, luxury Burnt Terracotta swimwear, high-end swimwear, independent fashion, minimalist one-piece",TRUE,Color,Olive Drab,Size,S,TWESSIE_NA_OP_0404-Olive Drab-S,168.0,,10
twessie-na-op-0404,High-Fashion Burnt Terracotta One-Piece Suit,<p>A statement piece in Matte Ribbed Knit. This one-piece combines intelligent aesthetic design with impeccable craftsmanship. Available in Burnt Terracotta with Olive Drab detailing. Not loud. Not obvious. Unmistakably Twessie.</p>,Twessie,One-Piece,"architectural swimsuit, luxury Burnt Terracotta swimwear, high-end swimwear, independent fashion, minimalist one-piece",TRUE,Color,Olive Drab,Size,M,TWESSIE_NA_OP_0404-Olive Drab-M,168.0,,10
twessie-na-op-0404,High-Fashion Burnt Terracotta One-Piece Suit,<p>A statement piece in Matte Ribbed Knit. This one-piece combines intelligent aesthetic design with impeccable craftsmanship. Available in Burnt Terracotta with Olive Drab detailing. Not loud. Not obvious. Unmistakably Twessie.</p>,Twessie,One-Piece,"architectural swimsuit, luxury Burnt Terracotta swimwear, high-end swimwear, independent fashion, minimalist one-piece",TRUE,Color,Olive Drab,Size,L,TWESSIE_NA_OP_0404-Olive Drab-L,168.0,,10
twessie-na-op-0404,High-Fashion Burnt Terracotta One-Piece Suit,<p>A statement piece in Matte Ribbed Knit. This one-piece combines intelligent aesthetic design with impeccable craftsmanship. Available in Burnt Terracotta with Olive Drab detailing. Not loud. Not obvious. Unmistakably Twessie.</p>,Twessie,One-Piece,"architectural swimsuit, luxury Burnt Terracotta swimwear, high-end swimwear, independent fashion, minimalist one-piece",TRUE,Color,Olive Drab,Size,XL,TWESSIE_NA_OP_0404-Olive Drab-XL,168.0,,10
twessie-na-op-0404,High-Fashion Burnt Terracotta One-Piece Suit,<p>A statement piece in Matte Ribbed Knit. This one-piece combines intelligent aesthetic design with impeccable craftsmanship. Available in Burnt Terracotta with Olive Drab detailing. Not loud. Not obvious. Unmistakably Twessie.</p>,Twessie,One-Piece,"architectural swimsuit, luxury Burnt Terracotta swimwear, high-end swimwear, independent fashion, minimalist one-piece",TRUE,Color,Olive Drab,Size,XXL,TWESSIE_NA_OP_0404-Olive Drab-XXL,168.0,,10
twessie-jp-bb-0405,Obsidian Black Minimalist Econyl Sleek Satin Bikini Bottom,<p>A statement piece in Econyl Sleek Satin. This bikini bottom combines minimalist luxury design with impeccable craftsmanship. Available in Obsidian Black with Olive Drab detailing. Not loud. Not obvious. Unmistakably Twessie.</p>,Twessie,Bikini Bottom,"minimalist bikini bottom, high-end swimwear, architectural swimsuit, Econyl Sleek Satin bikini, independent fashion",TRUE,Color,Obsidian Black,Size,XS,TWESSIE_JP_BB_0405-Obsidian Black-XS,168.0,,10
twessie-jp-bb-0405,Obsidian Black Minimalist Econyl Sleek Satin Bikini Bottom,<p>A statement piece in Econyl Sleek Satin. This bikini bottom combines minimalist luxury design with impeccable craftsmanship. Available in Obsidian Black with Olive Drab detailing. Not loud. Not obvious. Unmistakably Twessie.</p>,Twessie,Bikini Bottom,"minimalist bikini bottom, high-end swimwear, architectural swimsuit, Econyl Sleek Satin bikini, independent fashion",TRUE,Color,Obsidian Black,Size,S,TWESSIE_JP_BB_0405-Obsidian Black-S,168.0,,10
twessie-jp-bb-0405,Obsidian Black Minimalist Econyl Sleek Satin Bikini Bottom,<p>A statement piece in Econyl Sleek Satin. This bikini bottom combines minimalist luxury design with impeccable craftsmanship. Available in Obsidian Black with Olive Drab detailing. Not loud. Not obvious. Unmistakably Twessie.</p>,Twessie,Bikini Bottom,"minimalist bikini bottom, high-end swimwear, architectural swimsuit, Econyl Sleek Satin bikini, independent fashion",TRUE,Color,Obsidian Black,Size,M,TWESSIE_JP_BB_0405-Obsidian Black-M,168.0,,10
twessie-jp-bb-0405,Obsidian Black Minimalist Econyl Sleek Satin Bikini Bottom,<p>A statement piece in Econyl Sleek Satin. This bikini bottom combines minimalist luxury design with impeccable craftsmanship. Available in Obsidian Black with Olive Drab detailing. Not loud. Not obvious. Unmistakably Twessie.</p>,Twessie,Bikini Bottom,"minimalist bikini bottom, high-end swimwear, architectural swimsuit, Econyl Sleek Satin bikini, independent fashion",TRUE,Color,Obsidian Black,Size,L,TWESSIE_JP_BB_0405-Obsidian Black-L,168.0,,10
twessie-jp-bb-0405,Obsidian Black Minimalist Econyl Sleek Satin Bikini Bottom,<p>A statement piece in Econyl Sleek Satin. This bikini bottom combines minimalist luxury design with impeccable craftsmanship. Available in Obsidian Black with Olive Drab detailing. Not loud. Not obvious. Unmistakably Twessie.</p>,Twessie,Bikini Bottom,"minimalist bikini bottom, high-end swimwear, architectural swimsuit, Econyl Sleek Satin bikini, independent fashion",TRUE,Color,Obsidian Black,Size,XL,TWESSIE_JP_BB_0405-Obsidian Black-XL,168.0,,10
twessie-jp-bb-0405,Obsidian Black Minimalist Econyl Sleek Satin Bikini Bottom,<p>A statement piece in Econyl Sleek Satin. This bikini bottom combines minimalist luxury design with impeccable craftsmanship. Available in Obsidian Black with Olive Drab detailing. Not loud. Not obvious. Unmistakably Twessie.</p>,Twessie,Bikini Bottom,"minimalist bikini bottom, high-end swimwear, architectural swimsuit, Econyl Sleek Satin bikini, independent fashion",TRUE,Color,Obsidian Black,Size,XXL,TWESSIE_JP_BB_0405-Obsidian Black-XXL,168.0,,10
twessie-jp-bb-0405,Obsidian Black Minimalist Econyl Sleek Satin Bikini Bottom,<p>A statement piece in Econyl Sleek Satin. This bikini bottom combines minimalist luxury design with impeccable craftsmanship. Available in Obsidian Black with Olive Drab detailing. Not loud. Not obvious. Unmistakably Twessie.</p>,Twessie,Bikini Bottom,"minimalist bikini bottom, high-end swimwear, architectural swimsuit, Econyl Sleek Satin bikini, independent fashion",TRUE,Color,Olive Drab,Size,XS,TWESSIE_JP_BB_0405-Olive Drab-XS,168.0,,10
twessie-jp-bb-0405,Obsidian Black Minimalist Econyl Sleek Satin Bikini Bottom,<p>A statement piece in Econyl Sleek Satin. This bikini bottom combines minimalist luxury design with impeccable craftsmanship. Available in Obsidian Black with Olive Drab detailing. Not loud. Not obvious. Unmistakably Twessie.</p>,Twessie,Bikini Bottom,"minimalist bikini bottom, high-end swimwear, architectural swimsuit, Econyl Sleek Satin bikini, independent fashion",TRUE,Color,Olive Drab,Size,S,TWESSIE_JP_BB_0405-Olive Drab-S,168.0,,10
twessie-jp-bb-0405,Obsidian Black Minimalist Econyl Sleek Satin Bikini Bottom,<p>A statement piece in Econyl Sleek Satin. This bikini bottom combines minimalist luxury design with impeccable craftsmanship. Available in Obsidian Black with Olive Drab detailing. Not loud. Not obvious. Unmistakably Twessie.</p>,Twessie,Bikini Bottom,"minimalist bikini bottom, high-end swimwear, architectural swimsuit, Econyl Sleek Satin bikini, independent fashion",TRUE,Color,Olive Drab,Size,M,TWESSIE_JP_BB_0405-Olive Drab-M,168.0,,10
twessie-jp-bb-0405,Obsidian Black Minimalist Econyl Sleek Satin Bikini Bottom,<p>A statement piece in Econyl Sleek Satin. This bikini bottom combines minimalist luxury design with impeccable craftsmanship. Available in Obsidian Black with Olive Drab detailing. Not loud. Not obvious. Unmistakably Twessie.</p>,Twessie,Bikini Bottom,"minimalist bikini bottom, high-end swimwear, architectural swimsuit, Econyl Sleek Satin bikini, independent fashion",TRUE,Color,Olive Drab,Size,L,TWESSIE_JP_BB_0405-Olive Drab-L,168.0,,10
twessie-jp-bb-0405,Obsidian Black Minimalist Econyl Sleek Satin Bikini Bottom,<p>A statement piece in Econyl Sleek Satin. This bikini bottom combines minimalist luxury design with impeccable craftsmanship. Available in Obsidian Black with Olive Drab detailing. Not loud. Not obvious. Unmistakably Twessie.</p>,Twessie,Bikini Bottom,"minimalist bikini bottom, high-end swimwear, architectural swimsuit, Econyl Sleek Satin bikini, independent fashion",TRUE,Color,Olive Drab,Size,XL,TWESSIE_JP_BB_0405-Olive Drab-XL,168.0,,10
twessie-jp-bb-0405,Obsidian Black Minimalist Econyl Sleek Satin Bikini Bottom,<p>A statement piece in Econyl Sleek Satin. This bikini bottom combines minimalist luxury design with impeccable craftsmanship. Available in Obsidian Black with Olive Drab detailing. Not loud. Not obvious. Unmistakably Twessie.</p>,Twessie,Bikini Bottom,"minimalist bikini bottom, high-end swimwear, architectural swimsuit, Econyl Sleek Satin bikini, independent fashion",TRUE,Color,Olive Drab,Size,XXL,TWESSIE_JP_BB_0405-Olive Drab-XXL,168.0,,10
twessie-au-op-0406,Minimalist Matte Ribbed Knit One-Piece,"<p>Matte Ribbed Knit construction meets architectural precision in this one-piece. Designed for the intelligent, independent woman. The Burnt Terracotta colorway with Olive Drab accents creates a sophisticated palette. Pure rebellious yet refined elegance.</p>",Twessie,One-Piece,"architectural swimsuit, minimalist luxury, independent fashion, Matte Ribbed Knit bikini, luxury Burnt Terracotta swimwear",TRUE,Color,Burnt Terracotta,Size,XS,TWESSIE_AU_OP_0406-Burnt Terracotta-XS,168.0,,10
twessie-au-op-0406,Minimalist Matte Ribbed Knit One-Piece,"<p>Matte Ribbed Knit construction meets architectural precision in this one-piece. Designed for the intelligent, independent woman. The Burnt Terracotta colorway with Olive Drab accents creates a sophisticated palette. Pure rebellious yet refined elegance.</p>",Twessie,One-Piece,"architectural swimsuit, minimalist luxury, independent fashion, Matte Ribbed Knit bikini, luxury Burnt Terracotta swimwear",TRUE,Color,Burnt Terracotta,Size,S,TWESSIE_AU_OP_0406-Burnt Terracotta-S,168.0,,10
twessie-au-op-0406,Minimalist Matte Ribbed Knit One-Piece,"<p>Matte Ribbed Knit construction meets architectural precision in this one-piece. Designed for the intelligent, independent woman. The Burnt Terracotta colorway with Olive Drab accents creates a sophisticated palette. Pure rebellious yet refined elegance.</p>",Twessie,One-Piece,"architectural swimsuit, minimalist luxury, independent fashion, Matte Ribbed Knit bikini, luxury Burnt Terracotta swimwear",TRUE,Color,Burnt Terracotta,Size,M,TWESSIE_AU_OP_0406-Burnt Terracotta-M,168.0,,10
twessie-au-op-0406,Minimalist Matte Ribbed Knit One-Piece,"<p>Matte Ribbed Knit construction meets architectural precision in this one-piece. Designed for the intelligent, independent woman. The Burnt Terracotta colorway with Olive Drab accents creates a sophisticated palette. Pure rebellious yet refined elegance.</p>",Twessie,One-Piece,"architectural swimsuit, minimalist luxury, independent fashion, Matte Ribbed Knit bikini, luxury Burnt Terracotta swimwear",TRUE,Color,Burnt Terracotta,Size,L,TWESSIE_AU_OP_0406-Burnt Terracotta-L,168.0,,10
twessie-au-op-0406,Minimalist Matte Ribbed Knit One-Piece,"<p>Matte Ribbed Knit construction meets architectural precision in this one-piece. Designed for the intelligent, independent woman. The Burnt Terracotta colorway with Olive Drab accents creates a sophisticated palette. Pure rebellious yet refined elegance.</p>",Twessie,One-Piece,"architectural swimsuit, minimalist luxury, independent fashion, Matte Ribbed Knit bikini, luxury Burnt Terracotta swimwear",TRUE,Color,Burnt Terracotta,Size,XL,TWESSIE_AU_OP_0406-Burnt Terracotta-XL,168.0,,10
twessie-au-op-0406,Minimalist Matte Ribbed Knit One-Piece,"<p>Matte Ribbed Knit construction meets architectural precision in this one-piece. Designed for the intelligent, independent woman. The Burnt Terracotta colorway with Olive Drab accents creates a sophisticated palette. Pure rebellious yet refined elegance.</p>",Twessie,One-Piece,"architectural swimsuit, minimalist luxury, independent fashion, Matte Ribbed Knit bikini, luxury Burnt Terracotta swimwear",TRUE,Color,Burnt Terracotta,Size,XXL,TWESSIE_AU_OP_0406-Burnt Terracotta-XXL,168.0,,10
twessie-au-op-0406,Minimalist Matte Ribbed Knit One-Piece,"<p>Matte Ribbed Knit construction meets architectural precision in this one-piece. Designed for the intelligent, independent woman. The Burnt Terracotta colorway with Olive Drab accents creates a sophisticated palette. Pure rebellious yet refined elegance.</p>",Twessie,One-Piece,"architectural swimsuit, minimalist luxury, independent fashion, Matte Ribbed Knit bikini, luxury Burnt Terracotta swimwear",TRUE,Color,Olive Drab,Size,XS,TWESSIE_AU_OP_0406-Olive Drab-XS,168.0,,10
twessie-au-op-0406,Minimalist Matte Ribbed Knit One-Piece,"<p>Matte Ribbed Knit construction meets architectural precision in this one-piece. Designed for the intelligent, independent woman. The Burnt Terracotta colorway with Olive Drab accents creates a sophisticated palette. Pure rebellious yet refined elegance.</p>",Twessie,One-Piece,"architectural swimsuit, minimalist luxury, independent fashion, Matte Ribbed Knit bikini, luxury Burnt Terracotta swimwear",TRUE,Color,Olive Drab,Size,S,TWESSIE_AU_OP_0406-Olive Drab-S,168.0,,10
twessie-au-op-0406,Minimalist Matte Ribbed Knit One-Piece,"<p>Matte Ribbed Knit construction meets architectural precision in this one-piece. Designed for the intelligent, independent woman. The Burnt Terracotta colorway with Olive Drab accents creates a sophisticated palette. Pure rebellious yet refined elegance.</p>",Twessie,One-Piece,"architectural swimsuit, minimalist luxury, independent fashion, Matte Ribbed Knit bikini, luxury Burnt Terracotta swimwear",TRUE,Color,Olive Drab,Size,M,TWESSIE_AU_OP_0406-Olive Drab-M,168.0,,10
twessie-au-op-0406,Minimalist Matte Ribbed Knit One-Piece,"<p>Matte Ribbed Knit construction meets architectural precision in this one-piece. Designed for the intelligent, independent woman. The Burnt Terracotta colorway with Olive Drab accents creates a sophisticated palette. Pure rebellious yet refined elegance.</p>",Twessie,One-Piece,"architectural swimsuit, minimalist luxury, independent fashion, Matte Ribbed Knit bikini, luxury Burnt Terracotta swimwear",TRUE,Color,Olive Drab,Size,L,TWESSIE_AU_OP_0406-Olive Drab-L,168.0,,10
twessie-au-op-0406,Minimalist Matte Ribbed Knit One-Piece,"<p>Matte Ribbed Knit construction meets architectural precision in this one-piece. Designed for the intelligent, independent woman. The Burnt Terracotta colorway with Olive Drab accents creates a sophisticated palette. Pure rebellious yet refined elegance.</p>",Twessie,One-Piece,"architectural swimsuit, minimalist luxury, independent fashion, Matte Ribbed Knit bikini, luxury Burnt Terracotta swimwear",TRUE,Color,Olive Drab,Size,XL,TWESSIE_AU_OP_0406-Olive Drab-XL,168.0,,10
twessie-au-op-0406,Minimalist Matte Ribbed Knit One-Piece,"<p>Matte Ribbed Knit construction meets architectural precision in this one-piece. Designed for the intelligent, independent woman. The Burnt Terracotta colorway with Olive Drab accents creates a sophisticated palette. Pure rebellious yet refined elegance.</p>",Twessie,One-Piece,"architectural swimsuit, minimalist luxury, independent fashion, Matte Ribbed Knit bikini, luxury Burnt Terracotta swimwear",TRUE,Color,Olive Drab,Size,XXL,TWESSIE_AU_OP_0406-Olive Drab-XXL,168.0,,10
twessie-sg-bt-0407,Matte Ribbed Knit High-Waist Bikini Top in Olive Drab,<p>Crafted in premium Matte Ribbed Knit with Crinkled Seersucker accents. This bikini top epitomizes architectural elegance luxury. Featuring color-blocking in Olive Drab and Burnt Terracotta. Perfect for the discerning swimmer who refuses the obvious.</p>,Twessie,Bikini Top,"architectural swimsuit, minimalist luxury, independent fashion, Matte Ribbed Knit bikini, minimalist bikini top",TRUE,Color,Olive Drab,Size,XS,TWESSIE_SG_BT_0407-Olive Drab-XS,168.0,,10
twessie-sg-bt-0407,Matte Ribbed Knit High-Waist Bikini Top in Olive Drab,<p>Crafted in premium Matte Ribbed Knit with Crinkled Seersucker accents. This bikini top epitomizes architectural elegance luxury. Featuring color-blocking in Olive Drab and Burnt Terracotta. Perfect for the discerning swimmer who refuses the obvious.</p>,Twessie,Bikini Top,"architectural swimsuit, minimalist luxury, independent fashion, Matte Ribbed Knit bikini, minimalist bikini top",TRUE,Color,Olive Drab,Size,S,TWESSIE_SG_BT_0407-Olive Drab-S,168.0,,10
twessie-sg-bt-0407,Matte Ribbed Knit High-Waist Bikini Top in Olive Drab,<p>Crafted in premium Matte Ribbed Knit with Crinkled Seersucker accents. This bikini top epitomizes architectural elegance luxury. Featuring color-blocking in Olive Drab and Burnt Terracotta. Perfect for the discerning swimmer who refuses the obvious.</p>,Twessie,Bikini Top,"architectural swimsuit, minimalist luxury, independent fashion, Matte Ribbed Knit bikini, minimalist bikini top",TRUE,Color,Olive Drab,Size,M,TWESSIE_SG_BT_0407-Olive Drab-M,168.0,,10
twessie-sg-bt-0407,Matte Ribbed Knit High-Waist Bikini Top in Olive Drab,<p>Crafted in premium Matte Ribbed Knit with Crinkled Seersucker accents. This bikini top epitomizes architectural elegance luxury. Featuring color-blocking in Olive Drab and Burnt Terracotta. Perfect for the discerning swimmer who refuses the obvious.</p>,Twessie,Bikini Top,"architectural swimsuit, minimalist luxury, independent fashion, Matte Ribbed Knit bikini, minimalist bikini top",TRUE,Color,Olive Drab,Size,L,TWESSIE_SG_BT_0407-Olive Drab-L,168.0,,10
twessie-sg-bt-0407,Matte Ribbed Knit High-Waist Bikini Top in Olive Drab,<p>Crafted in premium Matte Ribbed Knit with Crinkled Seersucker accents. This bikini top epitomizes architectural elegance luxury. Featuring color-blocking in Olive Drab and Burnt Terracotta. Perfect for the discerning swimmer who refuses the obvious.</p>,Twessie,Bikini Top,"architectural swimsuit, minimalist luxury, independent fashion, Matte Ribbed Knit bikini, minimalist bikini top",TRUE,Color,Olive Drab,Size,XL,TWESSIE_SG_BT_0407-Olive Drab-XL,168.0,,10
twessie-sg-bt-0407,Matte Ribbed Knit High-Waist Bikini Top in Olive Drab,<p>Crafted in premium Matte Ribbed Knit with Crinkled Seersucker accents. This bikini top epitomizes architectural elegance luxury. Featuring color-blocking in Olive Drab and Burnt Terracotta. Perfect for the discerning swimmer who refuses the obvious.</p>,Twessie,Bikini Top,"architectural swimsuit, minimalist luxury, independent fashion, Matte Ribbed Knit bikini, minimalist bikini top",TRUE,Color,Olive Drab,Size,XXL,TWESSIE_SG_BT_0407-Olive Drab-XXL,168.0,,10
twessie-sg-bt-0407,Matte Ribbed Knit High-Waist Bikini Top in Olive Drab,<p>Crafted in premium Matte Ribbed Knit with Crinkled Seersucker accents. This bikini top epitomizes architectural elegance luxury. Featuring color-blocking in Olive Drab and Burnt Terracotta. Perfect for the discerning swimmer who refuses the obvious.</p>,Twessie,Bikini Top,"architectural swimsuit, minimalist luxury, independent fashion, Matte Ribbed Knit bikini, minimalist bikini top",TRUE,Color,Burnt Terracotta,Size,XS,TWESSIE_SG_BT_0407-Burnt Terracotta-XS,168.0,,10
twessie-sg-bt-0407,Matte Ribbed Knit High-Waist Bikini Top in Olive Drab,<p>Crafted in premium Matte Ribbed Knit with Crinkled Seersucker accents. This bikini top epitomizes architectural elegance luxury. Featuring color-blocking in Olive Drab and Burnt Terracotta. Perfect for the discerning swimmer who refuses the obvious.</p>,Twessie,Bikini Top,"architectural swimsuit, minimalist luxury, independent fashion, Matte Ribbed Knit bikini, minimalist bikini top",TRUE,Color,Burnt Terracotta,Size,S,TWESSIE_SG_BT_0407-Burnt Terracotta-S,168.0,,10
twessie-sg-bt-0407,Matte Ribbed Knit High-Waist Bikini Top in Olive Drab,<p>Crafted in premium Matte Ribbed Knit with Crinkled Seersucker accents. This bikini top epitomizes architectural elegance luxury. Featuring color-blocking in Olive Drab and Burnt Terracotta. Perfect for the discerning swimmer who refuses the obvious.</p>,Twessie,Bikini Top,"architectural swimsuit, minimalist luxury, independent fashion, Matte Ribbed Knit bikini, minimalist bikini top",TRUE,Color,Burnt Terracotta,Size,M,TWESSIE_SG_BT_0407-Burnt Terracotta-M,168.0,,10
twessie-sg-bt-0407,Matte Ribbed Knit High-Waist Bikini Top in Olive Drab,<p>Crafted in premium Matte Ribbed Knit with Crinkled Seersucker accents. This bikini top epitomizes architectural elegance luxury. Featuring color-blocking in Olive Drab and Burnt Terracotta. Perfect for the discerning swimmer who refuses the obvious.</p>,Twessie,Bikini Top,"architectural swimsuit, minimalist luxury, independent fashion, Matte Ribbed Knit bikini, minimalist bikini top",TRUE,Color,Burnt Terracotta,Size,L,TWESSIE_SG_BT_0407-Burnt Terracotta-L,168.0,,10
twessie-sg-bt-0407,Matte Ribbed Knit High-Waist Bikini Top in Olive Drab,<p>Crafted in premium Matte Ribbed Knit with Crinkled Seersucker accents. This bikini top epitomizes architectural elegance luxury. Featuring color-blocking in Olive Drab and Burnt Terracotta. Perfect for the discerning swimmer who refuses the obvious.</p>,Twessie,Bikini Top,"architectural swimsuit, minimalist luxury, independent fashion, Matte Ribbed Knit bikini, minimalist bikini top",TRUE,Color,Burnt Terracotta,Size,XL,TWESSIE_SG_BT_0407-Burnt Terracotta-XL,168.0,,10
twessie-sg-bt-0407,Matte Ribbed Knit High-Waist Bikini Top in Olive Drab,<p>Crafted in premium Matte Ribbed Knit with Crinkled Seersucker accents. This bikini top epitomizes architectural elegance luxury. Featuring color-blocking in Olive Drab and Burnt Terracotta. Perfect for the discerning swimmer who refuses the obvious.</p>,Twessie,Bikini Top,"architectural swimsuit, minimalist luxury, independent fashion, Matte Ribbed Knit bikini, minimalist bikini top",TRUE,Color,Burnt Terracotta,Size,XXL,TWESSIE_SG_BT_0407-Burnt Terracotta-XXL,168.0,,10
twessie-au-bb-0408,Burnt Terracotta Minimalist Matte Ribbed Knit Bikini Bottom,"<p>Matte Ribbed Knit construction meets architectural precision in this bikini bottom. Designed for the intelligent, independent woman. The Burnt Terracotta colorway with Olive Drab accents creates a sophisticated palette. Pure rebellious yet refined elegance.</p>",Twessie,Bikini Bottom,"independent fashion, minimalist luxury, luxury Burnt Terracotta swimwear, architectural swimsuit, Matte Ribbed Knit bikini",TRUE,Color,Burnt Terracotta,Size,XS,TWESSIE_AU_BB_0408-Burnt Terracotta-XS,168.0,,10
twessie-au-bb-0408,Burnt Terracotta Minimalist Matte Ribbed Knit Bikini Bottom,"<p>Matte Ribbed Knit construction meets architectural precision in this bikini bottom. Designed for the intelligent, independent woman. The Burnt Terracotta colorway with Olive Drab accents creates a sophisticated palette. Pure rebellious yet refined elegance.</p>",Twessie,Bikini Bottom,"independent fashion, minimalist luxury, luxury Burnt Terracotta swimwear, architectural swimsuit, Matte Ribbed Knit bikini",TRUE,Color,Burnt Terracotta,Size,S,TWESSIE_AU_BB_0408-Burnt Terracotta-S,168.0,,10
twessie-au-bb-0408,Burnt Terracotta Minimalist Matte Ribbed Knit Bikini Bottom,"<p>Matte Ribbed Knit construction meets architectural precision in this bikini bottom. Designed for the intelligent, independent woman. The Burnt Terracotta colorway with Olive Drab accents creates a sophisticated palette. Pure rebellious yet refined elegance.</p>",Twessie,Bikini Bottom,"independent fashion, minimalist luxury, luxury Burnt Terracotta swimwear, architectural swimsuit, Matte Ribbed Knit bikini",TRUE,Color,Burnt Terracotta,Size,M,TWESSIE_AU_BB_0408-Burnt Terracotta-M,168.0,,10
twessie-au-bb-0408,Burnt Terracotta Minimalist Matte Ribbed Knit Bikini Bottom,"<p>Matte Ribbed Knit construction meets architectural precision in this bikini bottom. Designed for the intelligent, independent woman. The Burnt Terracotta colorway with Olive Drab accents creates a sophisticated palette. Pure rebellious yet refined elegance.</p>",Twessie,Bikini Bottom,"independent fashion, minimalist luxury, luxury Burnt Terracotta swimwear, architectural swimsuit, Matte Ribbed Knit bikini",TRUE,Color,Burnt Terracotta,Size,L,TWESSIE_AU_BB_0408-Burnt Terracotta-L,168.0,,10
twessie-au-bb-0408,Burnt Terracotta Minimalist Matte Ribbed Knit Bikini Bottom,"<p>Matte Ribbed Knit construction meets architectural precision in this bikini bottom. Designed for the intelligent, independent woman. The Burnt Terracotta colorway with Olive Drab accents creates a sophisticated palette. Pure rebellious yet refined elegance.</p>",Twessie,Bikini Bottom,"independent fashion, minimalist luxury, luxury Burnt Terracotta swimwear, architectural swimsuit, Matte Ribbed Knit bikini",TRUE,Color,Burnt Terracotta,Size,XL,TWESSIE_AU_BB_0408-Burnt Terracotta-XL,168.0,,10
twessie-au-bb-0408,Burnt Terracotta Minimalist Matte Ribbed Knit Bikini Bottom,"<p>Matte Ribbed Knit construction meets architectural precision in this bikini bottom. Designed for the intelligent, independent woman. The Burnt Terracotta colorway with Olive Drab accents creates a sophisticated palette. Pure rebellious yet refined elegance.</p>",Twessie,Bikini Bottom,"independent fashion, minimalist luxury, luxury Burnt Terracotta swimwear, architectural swimsuit, Matte Ribbed Knit bikini",TRUE,Color,Burnt Terracotta,Size,XXL,TWESSIE_AU_BB_0408-Burnt Terracotta-XXL,168.0,,10
twessie-au-bb-0408,Burnt Terracotta Minimalist Matte Ribbed Knit Bikini Bottom,"<p>Matte Ribbed Knit construction meets architectural precision in this bikini bottom. Designed for the intelligent, independent woman. The Burnt Terracotta colorway with Olive Drab accents creates a sophisticated palette. Pure rebellious yet refined elegance.</p>",Twessie,Bikini Bottom,"independent fashion, minimalist luxury, luxury Burnt Terracotta swimwear, architectural swimsuit, Matte Ribbed Knit bikini",TRUE,Color,Olive Drab,Size,XS,TWESSIE_AU_BB_0408-Olive Drab-XS,168.0,,10
twessie-au-bb-0408,Burnt Terracotta Minimalist Matte Ribbed Knit Bikini Bottom,"<p>Matte Ribbed Knit construction meets architectural precision in this bikini bottom. Designed for the intelligent, independent woman. The Burnt Terracotta colorway with Olive Drab accents creates a sophisticated palette. Pure rebellious yet refined elegance.</p>",Twessie,Bikini Bottom,"independent fashion, minimalist luxury, luxury Burnt Terracotta swimwear, architectural swimsuit, Matte Ribbed Knit bikini",TRUE,Color,Olive Drab,Size,S,TWESSIE_AU_BB_0408-Olive Drab-S,168.0,,10
twessie-au-bb-0408,Burnt Terracotta Minimalist Matte Ribbed Knit Bikini Bottom,"<p>Matte Ribbed Knit construction meets architectural precision in this bikini bottom. Designed for the intelligent, independent woman. The Burnt Terracotta colorway with Olive Drab accents creates a sophisticated palette. Pure rebellious yet refined elegance.</p>",Twessie,Bikini Bottom,"independent fashion, minimalist luxury, luxury Burnt Terracotta swimwear, architectural swimsuit, Matte Ribbed Knit bikini",TRUE,Color,Olive Drab,Size,M,TWESSIE_AU_BB_0408-Olive Drab-M,168.0,,10
twessie-au-bb-0408,Burnt Terracotta Minimalist Matte Ribbed Knit Bikini Bottom,"<p>Matte Ribbed Knit construction meets architectural precision in this bikini bottom. Designed for the intelligent, independent woman. The Burnt Terracotta colorway with Olive Drab accents creates a sophisticated palette. Pure rebellious yet refined elegance.</p>",Twessie,Bikini Bottom,"independent fashion, minimalist luxury, luxury Burnt Terracotta swimwear, architectural swimsuit, Matte Ribbed Knit bikini",TRUE,Color,Olive Drab,Size,L,TWESSIE_AU_BB_0408-Olive Drab-L,168.0,,10
twessie-au-bb-0408,Burnt Terracotta Minimalist Matte Ribbed Knit Bikini Bottom,"<p>Matte Ribbed Knit construction meets architectural precision in this bikini bottom. Designed for the intelligent, independent woman. The Burnt Terracotta colorway with Olive Drab accents creates a sophisticated palette. Pure rebellious yet refined elegance.</p>",Twessie,Bikini Bottom,"independent fashion, minimalist luxury, luxury Burnt Terracotta swimwear, architectural swimsuit, Matte Ribbed Knit bikini",TRUE,Color,Olive Drab,Size,XL,TWESSIE_AU_BB_0408-Olive Drab-XL,168.0,,10
twessie-au-bb-0408,Burnt Terracotta Minimalist Matte Ribbed Knit Bikini Bottom,"<p>Matte Ribbed Knit construction meets architectural precision in this bikini bottom. Designed for the intelligent, independent woman. The Burnt Terracotta colorway with Olive Drab accents creates a sophisticated palette. Pure rebellious yet refined elegance.</p>",Twessie,Bikini Bottom,"independent fashion, minimalist luxury, luxury Burnt Terracotta swimwear, architectural swimsuit, Matte Ribbed Knit bikini",TRUE,Color,Olive Drab,Size,XXL,TWESSIE_AU_BB_0408-Olive Drab-XXL,168.0,,10
twessie-jp-bt-0409,Obsidian Black Sculptural Econyl Sleek Satin Bikini Top,"<p>Econyl Sleek Satin construction meets architectural precision in this bikini top. Designed for the intelligent, independent woman. The Obsidian Black colorway with Olive Drab accents creates a sophisticated palette. Pure anti-fashion statement elegance.</p>",Twessie,Bikini Top,"minimalist bikini top, high-end swimwear, independent fashion, luxury Obsidian Black swimwear, minimalist luxury",TRUE,Color,Obsidian Black,Size,XS,TWESSIE_JP_BT_0409-Obsidian Black-XS,168.0,,10
twessie-jp-bt-0409,Obsidian Black Sculptural Econyl Sleek Satin Bikini Top,"<p>Econyl Sleek Satin construction meets architectural precision in this bikini top. Designed for the intelligent, independent woman. The Obsidian Black colorway with Olive Drab accents creates a sophisticated palette. Pure anti-fashion statement elegance.</p>",Twessie,Bikini Top,"minimalist bikini top, high-end swimwear, independent fashion, luxury Obsidian Black swimwear, minimalist luxury",TRUE,Color,Obsidian Black,Size,S,TWESSIE_JP_BT_0409-Obsidian Black-S,168.0,,10
twessie-jp-bt-0409,Obsidian Black Sculptural Econyl Sleek Satin Bikini Top,"<p>Econyl Sleek Satin construction meets architectural precision in this bikini top. Designed for the intelligent, independent woman. The Obsidian Black colorway with Olive Drab accents creates a sophisticated palette. Pure anti-fashion statement elegance.</p>",Twessie,Bikini Top,"minimalist bikini top, high-end swimwear, independent fashion, luxury Obsidian Black swimwear, minimalist luxury",TRUE,Color,Obsidian Black,Size,M,TWESSIE_JP_BT_0409-Obsidian Black-M,168.0,,10
twessie-jp-bt-0409,Obsidian Black Sculptural Econyl Sleek Satin Bikini Top,"<p>Econyl Sleek Satin construction meets architectural precision in this bikini top. Designed for the intelligent, independent woman. The Obsidian Black colorway with Olive Drab accents creates a sophisticated palette. Pure anti-fashion statement elegance.</p>",Twessie,Bikini Top,"minimalist bikini top, high-end swimwear, independent fashion, luxury Obsidian Black swimwear, minimalist luxury",TRUE,Color,Obsidian Black,Size,L,TWESSIE_JP_BT_0409-Obsidian Black-L,168.0,,10
twessie-jp-bt-0409,Obsidian Black Sculptural Econyl Sleek Satin Bikini Top,"<p>Econyl Sleek Satin construction meets architectural precision in this bikini top. Designed for the intelligent, independent woman. The Obsidian Black colorway with Olive Drab accents creates a sophisticated palette. Pure anti-fashion statement elegance.</p>",Twessie,Bikini Top,"minimalist bikini top, high-end swimwear, independent fashion, luxury Obsidian Black swimwear, minimalist luxury",TRUE,Color,Obsidian Black,Size,XL,TWESSIE_JP_BT_0409-Obsidian Black-XL,168.0,,10
twessie-jp-bt-0409,Obsidian Black Sculptural Econyl Sleek Satin Bikini Top,"<p>Econyl Sleek Satin construction meets architectural precision in this bikini top. Designed for the intelligent, independent woman. The Obsidian Black colorway with Olive Drab accents creates a sophisticated palette. Pure anti-fashion statement elegance.</p>",Twessie,Bikini Top,"minimalist bikini top, high-end swimwear, independent fashion, luxury Obsidian Black swimwear, minimalist luxury",TRUE,Color,Obsidian Black,Size,XXL,TWESSIE_JP_BT_0409-Obsidian Black-XXL,168.0,,10
twessie-jp-bt-0409,Obsidian Black Sculptural Econyl Sleek Satin Bikini Top,"<p>Econyl Sleek Satin construction meets architectural precision in this bikini top. Designed for the intelligent, independent woman. The Obsidian Black colorway with Olive Drab accents creates a sophisticated palette. Pure anti-fashion statement elegance.</p>",Twessie,Bikini Top,"minimalist bikini top, high-end swimwear, independent fashion, luxury Obsidian Black swimwear, minimalist luxury",TRUE,Color,Olive Drab,Size,XS,TWESSIE_JP_BT_0409-Olive Drab-XS,168.0,,10
twessie-jp-bt-0409,Obsidian Black Sculptural Econyl Sleek Satin Bikini Top,"<p>Econyl Sleek Satin construction meets architectural precision in this bikini top. Designed for the intelligent, independent woman. The Obsidian Black colorway with Olive Drab accents creates a sophisticated palette. Pure anti-fashion statement elegance.</p>",Twessie,Bikini Top,"minimalist bikini top, high-end swimwear, independent fashion, luxury Obsidian Black swimwear, minimalist luxury",TRUE,Color,Olive Drab,Size,S,TWESSIE_JP_BT_0409-Olive Drab-S,168.0,,10
twessie-jp-bt-0409,Obsidian Black Sculptural Econyl Sleek Satin Bikini Top,"<p>Econyl Sleek Satin construction meets architectural precision in this bikini top. Designed for the intelligent, independent woman. The Obsidian Black colorway with Olive Drab accents creates a sophisticated palette. Pure anti-fashion statement elegance.</p>",Twessie,Bikini Top,"minimalist bikini top, high-end swimwear, independent fashion, luxury Obsidian Black swimwear, minimalist luxury",TRUE,Color,Olive Drab,Size,M,TWESSIE_JP_BT_0409-Olive Drab-M,168.0,,10
twessie-jp-bt-0409,Obsidian Black Sculptural Econyl Sleek Satin Bikini Top,"<p>Econyl Sleek Satin construction meets architectural precision in this bikini top. Designed for the intelligent, independent woman. The Obsidian Black colorway with Olive Drab accents creates a sophisticated palette. Pure anti-fashion statement elegance.</p>",Twessie,Bikini Top,"minimalist bikini top, high-end swimwear, independent fashion, luxury Obsidian Black swimwear, minimalist luxury",TRUE,Color,Olive Drab,Size,L,TWESSIE_JP_BT_0409-Olive Drab-L,168.0,,10
twessie-jp-bt-0409,Obsidian Black Sculptural Econyl Sleek Satin Bikini Top,"<p>Econyl Sleek Satin construction meets architectural precision in this bikini top. Designed for the intelligent, independent woman. The Obsidian Black colorway with Olive Drab accents creates a sophisticated palette. Pure anti-fashion statement elegance.</p>",Twessie,Bikini Top,"minimalist bikini top, high-end swimwear, independent fashion, luxury Obsidian Black swimwear, minimalist luxury",TRUE,Color,Olive Drab,Size,XL,TWESSIE_JP_BT_0409-Olive Drab-XL,168.0,,10
twessie-jp-bt-0409,Obsidian Black Sculptural Econyl Sleek Satin Bikini Top,"<p>Econyl Sleek Satin construction meets architectural precision in this bikini top. Designed for the intelligent, independent woman. The Obsidian Black colorway with Olive Drab accents creates a sophisticated palette. Pure anti-fashion statement elegance.</p>",Twessie,Bikini Top,"minimalist bikini top, high-end swimwear, independent fashion, luxury Obsidian Black swimwear, minimalist luxury",TRUE,Color,Olive Drab,Size,XXL,TWESSIE_JP_BT_0409-Olive Drab-XXL,168.0,,10
twessie-eu-bt-0410,Obsidian Black Sculptural Econyl Sleek Satin Bikini Top,<p>A statement piece in Econyl Sleek Satin. This bikini top combines anti-fashion statement design with impeccable craftsmanship. Available in Obsidian Black with Olive Drab detailing. Not loud. Not obvious. Unmistakably Twessie.</p>,Twessie,Bikini Top,"minimalist bikini top, luxury Obsidian Black swimwear, minimalist luxury, independent fashion, high-end swimwear",TRUE,Color,Obsidian Black,Size,XS,TWESSIE_EU_BT_0410-Obsidian Black-XS,168.0,,10
twessie-eu-bt-0410,Obsidian Black Sculptural Econyl Sleek Satin Bikini Top,<p>A statement piece in Econyl Sleek Satin. This bikini top combines anti-fashion statement design with impeccable craftsmanship. Available in Obsidian Black with Olive Drab detailing. Not loud. Not obvious. Unmistakably Twessie.</p>,Twessie,Bikini Top,"minimalist bikini top, luxury Obsidian Black swimwear, minimalist luxury, independent fashion, high-end swimwear",TRUE,Color,Obsidian Black,Size,S,TWESSIE_EU_BT_0410-Obsidian Black-S,168.0,,10
twessie-eu-bt-0410,Obsidian Black Sculptural Econyl Sleek Satin Bikini Top,<p>A statement piece in Econyl Sleek Satin. This bikini top combines anti-fashion statement design with impeccable craftsmanship. Available in Obsidian Black with Olive Drab detailing. Not loud. Not obvious. Unmistakably Twessie.</p>,Twessie,Bikini Top,"minimalist bikini top, luxury Obsidian Black swimwear, minimalist luxury, independent fashion, high-end swimwear",TRUE,Color,Obsidian Black,Size,M,TWESSIE_EU_BT_0410-Obsidian Black-M,168.0,,10
twessie-eu-bt-0410,Obsidian Black Sculptural Econyl Sleek Satin Bikini Top,<p>A statement piece in Econyl Sleek Satin. This bikini top combines anti-fashion statement design with impeccable craftsmanship. Available in Obsidian Black with Olive Drab detailing. Not loud. Not obvious. Unmistakably Twessie.</p>,Twessie,Bikini Top,"minimalist bikini top, luxury Obsidian Black swimwear, minimalist luxury, independent fashion, high-end swimwear",TRUE,Color,Obsidian Black,Size,L,TWESSIE_EU_BT_0410-Obsidian Black-L,168.0,,10
twessie-eu-bt-0410,Obsidian Black Sculptural Econyl Sleek Satin Bikini Top,<p>A statement piece in Econyl Sleek Satin. This bikini top combines anti-fashion statement design with impeccable craftsmanship. Available in Obsidian Black with Olive Drab detailing. Not loud. Not obvious. Unmistakably Twessie.</p>,Twessie,Bikini Top,"minimalist bikini top, luxury Obsidian Black swimwear, minimalist luxury, independent fashion, high-end swimwear",TRUE,Color,Obsidian Black,Size,XL,TWESSIE_EU_BT_0410-Obsidian Black-XL,168.0,,10
twessie-eu-bt-0410,Obsidian Black Sculptural Econyl Sleek Satin Bikini Top,<p>A statement piece in Econyl Sleek Satin. This bikini top combines anti-fashion statement design with impeccable craftsmanship. Available in Obsidian Black with Olive Drab detailing. Not loud. Not obvious. Unmistakably Twessie.</p>,Twessie,Bikini Top,"minimalist bikini top, luxury Obsidian Black swimwear, minimalist luxury, independent fashion, high-end swimwear",TRUE,Color,Obsidian Black,Size,XXL,TWESSIE_EU_BT_0410-Obsidian Black-XXL,168.0,,10
twessie-eu-bt-0410,Obsidian Black Sculptural Econyl Sleek Satin Bikini Top,<p>A statement piece in Econyl Sleek Satin. This bikini top combines anti-fashion statement design with impeccable craftsmanship. Available in Obsidian Black with Olive Drab detailing. Not loud. Not obvious. Unmistakably Twessie.</p>,Twessie,Bikini Top,"minimalist bikini top, luxury Obsidian Black swimwear, minimalist luxury, independent fashion, high-end swimwear",TRUE,Color,Olive Drab,Size,XS,TWESSIE_EU_BT_0410-Olive Drab-XS,168.0,,10
twessie-eu-bt-0410,Obsidian Black Sculptural Econyl Sleek Satin Bikini Top,<p>A statement piece in Econyl Sleek Satin. This bikini top combines anti-fashion statement design with impeccable craftsmanship. Available in Obsidian Black with Olive Drab detailing. Not loud. Not obvious. Unmistakably Twessie.</p>,Twessie,Bikini Top,"minimalist bikini top, luxury Obsidian Black swimwear, minimalist luxury, independent fashion, high-end swimwear",TRUE,Color,Olive Drab,Size,S,TWESSIE_EU_BT_0410-Olive Drab-S,168.0,,10
twessie-eu-bt-0410,Obsidian Black Sculptural Econyl Sleek Satin Bikini Top,<p>A statement piece in Econyl Sleek Satin. This bikini top combines anti-fashion statement design with impeccable craftsmanship. Available in Obsidian Black with Olive Drab detailing. Not loud. Not obvious. Unmistakably Twessie.</p>,Twessie,Bikini Top,"minimalist bikini top, luxury Obsidian Black swimwear, minimalist luxury, independent fashion, high-end swimwear",TRUE,Color,Olive Drab,Size,M,TWESSIE_EU_BT_0410-Olive Drab-M,168.0,,10
twessie-eu-bt-0410,Obsidian Black Sculptural Econyl Sleek Satin Bikini Top,<p>A statement piece in Econyl Sleek Satin. This bikini top combines anti-fashion statement design with impeccable craftsmanship. Available in Obsidian Black with Olive Drab detailing. Not loud. Not obvious. Unmistakably Twessie.</p>,Twessie,Bikini Top,"minimalist bikini top, luxury Obsidian Black swimwear, minimalist luxury, independent fashion, high-end swimwear",TRUE,Color,Olive Drab,Size,L,TWESSIE_EU_BT_0410-Olive Drab-L,168.0,,10
twessie-eu-bt-0410,Obsidian Black Sculptural Econyl Sleek Satin Bikini Top,<p>A statement piece in Econyl Sleek Satin. This bikini top combines anti-fashion statement design with impeccable craftsmanship. Available in Obsidian Black with Olive Drab detailing. Not loud. Not obvious. Unmistakably Twessie.</p>,Twessie,Bikini Top,"minimalist bikini top, luxury Obsidian Black swimwear, minimalist luxury, independent fashion, high-end swimwear",TRUE,Color,Olive Drab,Size,XL,TWESSIE_EU_BT_0410-Olive Drab-XL,168.0,,10
twessie-eu-bt-0410,Obsidian Black Sculptural Econyl Sleek Satin Bikini Top,<p>A statement piece in Econyl Sleek Satin. This bikini top combines anti-fashion statement design with impeccable craftsmanship. Available in Obsidian Black with Olive Drab detailing. Not loud. Not obvious. Unmistakably Twessie.</p>,Twessie,Bikini Top,"minimalist bikini top, luxury Obsidian Black swimwear, minimalist luxury, independent fashion, high-end swimwear",TRUE,Color,Olive Drab,Size,XXL,TWESSIE_EU_BT_0410-Olive Drab-XXL,168.0,,10
twessie-na-bt-0501,Architecture-Cut Obsidian Black Bikini Top,<p>A statement piece in Econyl Sleek Satin. This bikini top combines anti-fashion statement design with impeccable craftsmanship. Available in Obsidian Black with Stone Gray detailing. Not loud. Not obvious. Unmistakably Twessie.</p>,Twessie,Bikini Top,"luxury Obsidian Black swimwear, Econyl Sleek Satin bikini, minimalist luxury, independent fashion, architectural swimsuit",TRUE,Color,Obsidian Black,Size,XS,TWESSIE_NA_BT_0501-Obsidian Black-XS,168.0,,10
twessie-na-bt-0501,Architecture-Cut Obsidian Black Bikini Top,<p>A statement piece in Econyl Sleek Satin. This bikini top combines anti-fashion statement design with impeccable craftsmanship. Available in Obsidian Black with Stone Gray detailing. Not loud. Not obvious. Unmistakably Twessie.</p>,Twessie,Bikini Top,"luxury Obsidian Black swimwear, Econyl Sleek Satin bikini, minimalist luxury, independent fashion, architectural swimsuit",TRUE,Color,Obsidian Black,Size,S,TWESSIE_NA_BT_0501-Obsidian Black-S,168.0,,10
twessie-na-bt-0501,Architecture-Cut Obsidian Black Bikini Top,<p>A statement piece in Econyl Sleek Satin. This bikini top combines anti-fashion statement design with impeccable craftsmanship. Available in Obsidian Black with Stone Gray detailing. Not loud. Not obvious. Unmistakably Twessie.</p>,Twessie,Bikini Top,"luxury Obsidian Black swimwear, Econyl Sleek Satin bikini, minimalist luxury, independent fashion, architectural swimsuit",TRUE,Color,Obsidian Black,Size,M,TWESSIE_NA_BT_0501-Obsidian Black-M,168.0,,10
twessie-na-bt-0501,Architecture-Cut Obsidian Black Bikini Top,<p>A statement piece in Econyl Sleek Satin. This bikini top combines anti-fashion statement design with impeccable craftsmanship. Available in Obsidian Black with Stone Gray detailing. Not loud. Not obvious. Unmistakably Twessie.</p>,Twessie,Bikini Top,"luxury Obsidian Black swimwear, Econyl Sleek Satin bikini, minimalist luxury, independent fashion, architectural swimsuit",TRUE,Color,Obsidian Black,Size,L,TWESSIE_NA_BT_0501-Obsidian Black-L,168.0,,10
twessie-na-bt-0501,Architecture-Cut Obsidian Black Bikini Top,<p>A statement piece in Econyl Sleek Satin. This bikini top combines anti-fashion statement design with impeccable craftsmanship. Available in Obsidian Black with Stone Gray detailing. Not loud. Not obvious. Unmistakably Twessie.</p>,Twessie,Bikini Top,"luxury Obsidian Black swimwear, Econyl Sleek Satin bikini, minimalist luxury, independent fashion, architectural swimsuit",TRUE,Color,Obsidian Black,Size,XL,TWESSIE_NA_BT_0501-Obsidian Black-XL,168.0,,10
twessie-na-bt-0501,Architecture-Cut Obsidian Black Bikini Top,<p>A statement piece in Econyl Sleek Satin. This bikini top combines anti-fashion statement design with impeccable craftsmanship. Available in Obsidian Black with Stone Gray detailing. Not loud. Not obvious. Unmistakably Twessie.</p>,Twessie,Bikini Top,"luxury Obsidian Black swimwear, Econyl Sleek Satin bikini, minimalist luxury, independent fashion, architectural swimsuit",TRUE,Color,Obsidian Black,Size,XXL,TWESSIE_NA_BT_0501-Obsidian Black-XXL,168.0,,10
twessie-na-bt-0501,Architecture-Cut Obsidian Black Bikini Top,<p>A statement piece in Econyl Sleek Satin. This bikini top combines anti-fashion statement design with impeccable craftsmanship. Available in Obsidian Black with Stone Gray detailing. Not loud. Not obvious. Unmistakably Twessie.</p>,Twessie,Bikini Top,"luxury Obsidian Black swimwear, Econyl Sleek Satin bikini, minimalist luxury, independent fashion, architectural swimsuit",TRUE,Color,Stone Gray,Size,XS,TWESSIE_NA_BT_0501-Stone Gray-XS,168.0,,10
twessie-na-bt-0501,Architecture-Cut Obsidian Black Bikini Top,<p>A statement piece in Econyl Sleek Satin. This bikini top combines anti-fashion statement design with impeccable craftsmanship. Available in Obsidian Black with Stone Gray detailing. Not loud. Not obvious. Unmistakably Twessie.</p>,Twessie,Bikini Top,"luxury Obsidian Black swimwear, Econyl Sleek Satin bikini, minimalist luxury, independent fashion, architectural swimsuit",TRUE,Color,Stone Gray,Size,S,TWESSIE_NA_BT_0501-Stone Gray-S,168.0,,10
twessie-na-bt-0501,Architecture-Cut Obsidian Black Bikini Top,<p>A statement piece in Econyl Sleek Satin. This bikini top combines anti-fashion statement design with impeccable craftsmanship. Available in Obsidian Black with Stone Gray detailing. Not loud. Not obvious. Unmistakably Twessie.</p>,Twessie,Bikini Top,"luxury Obsidian Black swimwear, Econyl Sleek Satin bikini, minimalist luxury, independent fashion, architectural swimsuit",TRUE,Color,Stone Gray,Size,M,TWESSIE_NA_BT_0501-Stone Gray-M,168.0,,10
twessie-na-bt-0501,Architecture-Cut Obsidian Black Bikini Top,<p>A statement piece in Econyl Sleek Satin. This bikini top combines anti-fashion statement design with impeccable craftsmanship. Available in Obsidian Black with Stone Gray detailing. Not loud. Not obvious. Unmistakably Twessie.</p>,Twessie,Bikini Top,"luxury Obsidian Black swimwear, Econyl Sleek Satin bikini, minimalist luxury, independent fashion, architectural swimsuit",TRUE,Color,Stone Gray,Size,L,TWESSIE_NA_BT_0501-Stone Gray-L,168.0,,10
twessie-na-bt-0501,Architecture-Cut Obsidian Black Bikini Top,<p>A statement piece in Econyl Sleek Satin. This bikini top combines anti-fashion statement design with impeccable craftsmanship. Available in Obsidian Black with Stone Gray detailing. Not loud. Not obvious. Unmistakably Twessie.</p>,Twessie,Bikini Top,"luxury Obsidian Black swimwear, Econyl Sleek Satin bikini, minimalist luxury, independent fashion, architectural swimsuit",TRUE,Color,Stone Gray,Size,XL,TWESSIE_NA_BT_0501-Stone Gray-XL,168.0,,10
twessie-na-bt-0501,Architecture-Cut Obsidian Black Bikini Top,<p>A statement piece in Econyl Sleek Satin. This bikini top combines anti-fashion statement design with impeccable craftsmanship. Available in Obsidian Black with Stone Gray detailing. Not loud. Not obvious. Unmistakably Twessie.</p>,Twessie,Bikini Top,"luxury Obsidian Black swimwear, Econyl Sleek Satin bikini, minimalist luxury, independent fashion, architectural swimsuit",TRUE,Color,Stone Gray,Size,XXL,TWESSIE_NA_BT_0501-Stone Gray-XXL,168.0,,10
twessie-eu-bb-0502,Structural Matte Ribbed Knit Bikini Bottom,<p>Crafted in premium Matte Ribbed Knit with Econyl Sleek Satin accents. This bikini bottom epitomizes intelligent aesthetic luxury. Featuring color-blocking in Burnt Terracotta and Olive Drab. Perfect for the discerning swimmer who refuses the obvious.</p>,Twessie,Bikini Bottom,"high-end swimwear, minimalist luxury, independent fashion, architectural swimsuit, Matte Ribbed Knit bikini",TRUE,Color,Burnt Terracotta,Size,XS,TWESSIE_EU_BB_0502-Burnt Terracotta-XS,168.0,,10
twessie-eu-bb-0502,Structural Matte Ribbed Knit Bikini Bottom,<p>Crafted in premium Matte Ribbed Knit with Econyl Sleek Satin accents. This bikini bottom epitomizes intelligent aesthetic luxury. Featuring color-blocking in Burnt Terracotta and Olive Drab. Perfect for the discerning swimmer who refuses the obvious.</p>,Twessie,Bikini Bottom,"high-end swimwear, minimalist luxury, independent fashion, architectural swimsuit, Matte Ribbed Knit bikini",TRUE,Color,Burnt Terracotta,Size,S,TWESSIE_EU_BB_0502-Burnt Terracotta-S,168.0,,10
twessie-eu-bb-0502,Structural Matte Ribbed Knit Bikini Bottom,<p>Crafted in premium Matte Ribbed Knit with Econyl Sleek Satin accents. This bikini bottom epitomizes intelligent aesthetic luxury. Featuring color-blocking in Burnt Terracotta and Olive Drab. Perfect for the discerning swimmer who refuses the obvious.</p>,Twessie,Bikini Bottom,"high-end swimwear, minimalist luxury, independent fashion, architectural swimsuit, Matte Ribbed Knit bikini",TRUE,Color,Burnt Terracotta,Size,M,TWESSIE_EU_BB_0502-Burnt Terracotta-M,168.0,,10
twessie-eu-bb-0502,Structural Matte Ribbed Knit Bikini Bottom,<p>Crafted in premium Matte Ribbed Knit with Econyl Sleek Satin accents. This bikini bottom epitomizes intelligent aesthetic luxury. Featuring color-blocking in Burnt Terracotta and Olive Drab. Perfect for the discerning swimmer who refuses the obvious.</p>,Twessie,Bikini Bottom,"high-end swimwear, minimalist luxury, independent fashion, architectural swimsuit, Matte Ribbed Knit bikini",TRUE,Color,Burnt Terracotta,Size,L,TWESSIE_EU_BB_0502-Burnt Terracotta-L,168.0,,10
twessie-eu-bb-0502,Structural Matte Ribbed Knit Bikini Bottom,<p>Crafted in premium Matte Ribbed Knit with Econyl Sleek Satin accents. This bikini bottom epitomizes intelligent aesthetic luxury. Featuring color-blocking in Burnt Terracotta and Olive Drab. Perfect for the discerning swimmer who refuses the obvious.</p>,Twessie,Bikini Bottom,"high-end swimwear, minimalist luxury, independent fashion, architectural swimsuit, Matte Ribbed Knit bikini",TRUE,Color,Burnt Terracotta,Size,XL,TWESSIE_EU_BB_0502-Burnt Terracotta-XL,168.0,,10
twessie-eu-bb-0502,Structural Matte Ribbed Knit Bikini Bottom,<p>Crafted in premium Matte Ribbed Knit with Econyl Sleek Satin accents. This bikini bottom epitomizes intelligent aesthetic luxury. Featuring color-blocking in Burnt Terracotta and Olive Drab. Perfect for the discerning swimmer who refuses the obvious.</p>,Twessie,Bikini Bottom,"high-end swimwear, minimalist luxury, independent fashion, architectural swimsuit, Matte Ribbed Knit bikini",TRUE,Color,Burnt Terracotta,Size,XXL,TWESSIE_EU_BB_0502-Burnt Terracotta-XXL,168.0,,10
twessie-eu-bb-0502,Structural Matte Ribbed Knit Bikini Bottom,<p>Crafted in premium Matte Ribbed Knit with Econyl Sleek Satin accents. This bikini bottom epitomizes intelligent aesthetic luxury. Featuring color-blocking in Burnt Terracotta and Olive Drab. Perfect for the discerning swimmer who refuses the obvious.</p>,Twessie,Bikini Bottom,"high-end swimwear, minimalist luxury, independent fashion, architectural swimsuit, Matte Ribbed Knit bikini",TRUE,Color,Olive Drab,Size,XS,TWESSIE_EU_BB_0502-Olive Drab-XS,168.0,,10
twessie-eu-bb-0502,Structural Matte Ribbed Knit Bikini Bottom,<p>Crafted in premium Matte Ribbed Knit with Econyl Sleek Satin accents. This bikini bottom epitomizes intelligent aesthetic luxury. Featuring color-blocking in Burnt Terracotta and Olive Drab. Perfect for the discerning swimmer who refuses the obvious.</p>,Twessie,Bikini Bottom,"high-end swimwear, minimalist luxury, independent fashion, architectural swimsuit, Matte Ribbed Knit bikini",TRUE,Color,Olive Drab,Size,S,TWESSIE_EU_BB_0502-Olive Drab-S,168.0,,10
twessie-eu-bb-0502,Structural Matte Ribbed Knit Bikini Bottom,<p>Crafted in premium Matte Ribbed Knit with Econyl Sleek Satin accents. This bikini bottom epitomizes intelligent aesthetic luxury. Featuring color-blocking in Burnt Terracotta and Olive Drab. Perfect for the discerning swimmer who refuses the obvious.</p>,Twessie,Bikini Bottom,"high-end swimwear, minimalist luxury, independent fashion, architectural swimsuit, Matte Ribbed Knit bikini",TRUE,Color,Olive Drab,Size,M,TWESSIE_EU_BB_0502-Olive Drab-M,168.0,,10
twessie-eu-bb-0502,Structural Matte Ribbed Knit Bikini Bottom,<p>Crafted in premium Matte Ribbed Knit with Econyl Sleek Satin accents. This bikini bottom epitomizes intelligent aesthetic luxury. Featuring color-blocking in Burnt Terracotta and Olive Drab. Perfect for the discerning swimmer who refuses the obvious.</p>,Twessie,Bikini Bottom,"high-end swimwear, minimalist luxury, independent fashion, architectural swimsuit, Matte Ribbed Knit bikini",TRUE,Color,Olive Drab,Size,L,TWESSIE_EU_BB_0502-Olive Drab-L,168.0,,10
twessie-eu-bb-0502,Structural Matte Ribbed Knit Bikini Bottom,<p>Crafted in premium Matte Ribbed Knit with Econyl Sleek Satin accents. This bikini bottom epitomizes intelligent aesthetic luxury. Featuring color-blocking in Burnt Terracotta and Olive Drab. Perfect for the discerning swimmer who refuses the obvious.</p>,Twessie,Bikini Bottom,"high-end swimwear, minimalist luxury, independent fashion, architectural swimsuit, Matte Ribbed Knit bikini",TRUE,Color,Olive Drab,Size,XL,TWESSIE_EU_BB_0502-Olive Drab-XL,168.0,,10
twessie-eu-bb-0502,Structural Matte Ribbed Knit Bikini Bottom,<p>Crafted in premium Matte Ribbed Knit with Econyl Sleek Satin accents. This bikini bottom epitomizes intelligent aesthetic luxury. Featuring color-blocking in Burnt Terracotta and Olive Drab. Perfect for the discerning swimmer who refuses the obvious.</p>,Twessie,Bikini Bottom,"high-end swimwear, minimalist luxury, independent fashion, architectural swimsuit, Matte Ribbed Knit bikini",TRUE,Color,Olive Drab,Size,XXL,TWESSIE_EU_BB_0502-Olive Drab-XXL,168.0,,10
twessie-jp-ha-0503,Minimalist Halter Extension - Chalk White,"<p>Crinkled Seersucker construction meets architectural precision in this halter strap accessory. Designed for the intelligent, independent woman. The Chalk White colorway with Stone Gray accents creates a sophisticated palette. Pure architectural elegance elegance.</p>",Twessie,Halter Strap Accessory,"Crinkled Seersucker bikini, architectural swimsuit, high-end swimwear, minimalist luxury, luxury Chalk White swimwear",TRUE,Color,Chalk White,Size,XS,TWESSIE_JP_HA_0503-Chalk White-XS,168.0,,10
twessie-jp-ha-0503,Minimalist Halter Extension - Chalk White,"<p>Crinkled Seersucker construction meets architectural precision in this halter strap accessory. Designed for the intelligent, independent woman. The Chalk White colorway with Stone Gray accents creates a sophisticated palette. Pure architectural elegance elegance.</p>",Twessie,Halter Strap Accessory,"Crinkled Seersucker bikini, architectural swimsuit, high-end swimwear, minimalist luxury, luxury Chalk White swimwear",TRUE,Color,Chalk White,Size,S,TWESSIE_JP_HA_0503-Chalk White-S,168.0,,10
twessie-jp-ha-0503,Minimalist Halter Extension - Chalk White,"<p>Crinkled Seersucker construction meets architectural precision in this halter strap accessory. Designed for the intelligent, independent woman. The Chalk White colorway with Stone Gray accents creates a sophisticated palette. Pure architectural elegance elegance.</p>",Twessie,Halter Strap Accessory,"Crinkled Seersucker bikini, architectural swimsuit, high-end swimwear, minimalist luxury, luxury Chalk White swimwear",TRUE,Color,Chalk White,Size,M,TWESSIE_JP_HA_0503-Chalk White-M,168.0,,10
twessie-jp-ha-0503,Minimalist Halter Extension - Chalk White,"<p>Crinkled Seersucker construction meets architectural precision in this halter strap accessory. Designed for the intelligent, independent woman. The Chalk White colorway with Stone Gray accents creates a sophisticated palette. Pure architectural elegance elegance.</p>",Twessie,Halter Strap Accessory,"Crinkled Seersucker bikini, architectural swimsuit, high-end swimwear, minimalist luxury, luxury Chalk White swimwear",TRUE,Color,Chalk White,Size,L,TWESSIE_JP_HA_0503-Chalk White-L,168.0,,10
twessie-jp-ha-0503,Minimalist Halter Extension - Chalk White,"<p>Crinkled Seersucker construction meets architectural precision in this halter strap accessory. Designed for the intelligent, independent woman. The Chalk White colorway with Stone Gray accents creates a sophisticated palette. Pure architectural elegance elegance.</p>",Twessie,Halter Strap Accessory,"Crinkled Seersucker bikini, architectural swimsuit, high-end swimwear, minimalist luxury, luxury Chalk White swimwear",TRUE,Color,Chalk White,Size,XL,TWESSIE_JP_HA_0503-Chalk White-XL,168.0,,10
twessie-jp-ha-0503,Minimalist Halter Extension - Chalk White,"<p>Crinkled Seersucker construction meets architectural precision in this halter strap accessory. Designed for the intelligent, independent woman. The Chalk White colorway with Stone Gray accents creates a sophisticated palette. Pure architectural elegance elegance.</p>",Twessie,Halter Strap Accessory,"Crinkled Seersucker bikini, architectural swimsuit, high-end swimwear, minimalist luxury, luxury Chalk White swimwear",TRUE,Color,Chalk White,Size,XXL,TWESSIE_JP_HA_0503-Chalk White-XXL,168.0,,10
twessie-jp-ha-0503,Minimalist Halter Extension - Chalk White,"<p>Crinkled Seersucker construction meets architectural precision in this halter strap accessory. Designed for the intelligent, independent woman. The Chalk White colorway with Stone Gray accents creates a sophisticated palette. Pure architectural elegance elegance.</p>",Twessie,Halter Strap Accessory,"Crinkled Seersucker bikini, architectural swimsuit, high-end swimwear, minimalist luxury, luxury Chalk White swimwear",TRUE,Color,Stone Gray,Size,XS,TWESSIE_JP_HA_0503-Stone Gray-XS,168.0,,10
twessie-jp-ha-0503,Minimalist Halter Extension - Chalk White,"<p>Crinkled Seersucker construction meets architectural precision in this halter strap accessory. Designed for the intelligent, independent woman. The Chalk White colorway with Stone Gray accents creates a sophisticated palette. Pure architectural elegance elegance.</p>",Twessie,Halter Strap Accessory,"Crinkled Seersucker bikini, architectural swimsuit, high-end swimwear, minimalist luxury, luxury Chalk White swimwear",TRUE,Color,Stone Gray,Size,S,TWESSIE_JP_HA_0503-Stone Gray-S,168.0,,10
twessie-jp-ha-0503,Minimalist Halter Extension - Chalk White,"<p>Crinkled Seersucker construction meets architectural precision in this halter strap accessory. Designed for the intelligent, independent woman. The Chalk White colorway with Stone Gray accents creates a sophisticated palette. Pure architectural elegance elegance.</p>",Twessie,Halter Strap Accessory,"Crinkled Seersucker bikini, architectural swimsuit, high-end swimwear, minimalist luxury, luxury Chalk White swimwear",TRUE,Color,Stone Gray,Size,M,TWESSIE_JP_HA_0503-Stone Gray-M,168.0,,10
twessie-jp-ha-0503,Minimalist Halter Extension - Chalk White,"<p>Crinkled Seersucker construction meets architectural precision in this halter strap accessory. Designed for the intelligent, independent woman. The Chalk White colorway with Stone Gray accents creates a sophisticated palette. Pure architectural elegance elegance.</p>",Twessie,Halter Strap Accessory,"Crinkled Seersucker bikini, architectural swimsuit, high-end swimwear, minimalist luxury, luxury Chalk White swimwear",TRUE,Color,Stone Gray,Size,L,TWESSIE_JP_HA_0503-Stone Gray-L,168.0,,10
twessie-jp-ha-0503,Minimalist Halter Extension - Chalk White,"<p>Crinkled Seersucker construction meets architectural precision in this halter strap accessory. Designed for the intelligent, independent woman. The Chalk White colorway with Stone Gray accents creates a sophisticated palette. Pure architectural elegance elegance.</p>",Twessie,Halter Strap Accessory,"Crinkled Seersucker bikini, architectural swimsuit, high-end swimwear, minimalist luxury, luxury Chalk White swimwear",TRUE,Color,Stone Gray,Size,XL,TWESSIE_JP_HA_0503-Stone Gray-XL,168.0,,10
twessie-jp-ha-0503,Minimalist Halter Extension - Chalk White,"<p>Crinkled Seersucker construction meets architectural precision in this halter strap accessory. Designed for the intelligent, independent woman. The Chalk White colorway with Stone Gray accents creates a sophisticated palette. Pure architectural elegance elegance.</p>",Twessie,Halter Strap Accessory,"Crinkled Seersucker bikini, architectural swimsuit, high-end swimwear, minimalist luxury, luxury Chalk White swimwear",TRUE,Color,Stone Gray,Size,XXL,TWESSIE_JP_HA_0503-Stone Gray-XXL,168.0,,10
twessie-jp-bt-0504,Architecture-Cut Olive Drab Bikini Top,<p>Crafted in premium Matte Ribbed Knit with Crinkled Seersucker accents. This bikini top epitomizes rebellious yet refined luxury. Featuring color-blocking in Olive Drab and Burnt Terracotta. Perfect for the discerning swimmer who refuses the obvious.</p>,Twessie,Bikini Top,"architectural swimsuit, minimalist luxury, high-end swimwear, minimalist bikini top, independent fashion",TRUE,Color,Olive Drab,Size,XS,TWESSIE_JP_BT_0504-Olive Drab-XS,168.0,,10
twessie-jp-bt-0504,Architecture-Cut Olive Drab Bikini Top,<p>Crafted in premium Matte Ribbed Knit with Crinkled Seersucker accents. This bikini top epitomizes rebellious yet refined luxury. Featuring color-blocking in Olive Drab and Burnt Terracotta. Perfect for the discerning swimmer who refuses the obvious.</p>,Twessie,Bikini Top,"architectural swimsuit, minimalist luxury, high-end swimwear, minimalist bikini top, independent fashion",TRUE,Color,Olive Drab,Size,S,TWESSIE_JP_BT_0504-Olive Drab-S,168.0,,10
twessie-jp-bt-0504,Architecture-Cut Olive Drab Bikini Top,<p>Crafted in premium Matte Ribbed Knit with Crinkled Seersucker accents. This bikini top epitomizes rebellious yet refined luxury. Featuring color-blocking in Olive Drab and Burnt Terracotta. Perfect for the discerning swimmer who refuses the obvious.</p>,Twessie,Bikini Top,"architectural swimsuit, minimalist luxury, high-end swimwear, minimalist bikini top, independent fashion",TRUE,Color,Olive Drab,Size,M,TWESSIE_JP_BT_0504-Olive Drab-M,168.0,,10
twessie-jp-bt-0504,Architecture-Cut Olive Drab Bikini Top,<p>Crafted in premium Matte Ribbed Knit with Crinkled Seersucker accents. This bikini top epitomizes rebellious yet refined luxury. Featuring color-blocking in Olive Drab and Burnt Terracotta. Perfect for the discerning swimmer who refuses the obvious.</p>,Twessie,Bikini Top,"architectural swimsuit, minimalist luxury, high-end swimwear, minimalist bikini top, independent fashion",TRUE,Color,Olive Drab,Size,L,TWESSIE_JP_BT_0504-Olive Drab-L,168.0,,10
twessie-jp-bt-0504,Architecture-Cut Olive Drab Bikini Top,<p>Crafted in premium Matte Ribbed Knit with Crinkled Seersucker accents. This bikini top epitomizes rebellious yet refined luxury. Featuring color-blocking in Olive Drab and Burnt Terracotta. Perfect for the discerning swimmer who refuses the obvious.</p>,Twessie,Bikini Top,"architectural swimsuit, minimalist luxury, high-end swimwear, minimalist bikini top, independent fashion",TRUE,Color,Olive Drab,Size,XL,TWESSIE_JP_BT_0504-Olive Drab-XL,168.0,,10
twessie-jp-bt-0504,Architecture-Cut Olive Drab Bikini Top,<p>Crafted in premium Matte Ribbed Knit with Crinkled Seersucker accents. This bikini top epitomizes rebellious yet refined luxury. Featuring color-blocking in Olive Drab and Burnt Terracotta. Perfect for the discerning swimmer who refuses the obvious.</p>,Twessie,Bikini Top,"architectural swimsuit, minimalist luxury, high-end swimwear, minimalist bikini top, independent fashion",TRUE,Color,Olive Drab,Size,XXL,TWESSIE_JP_BT_0504-Olive Drab-XXL,168.0,,10
twessie-jp-bt-0504,Architecture-Cut Olive Drab Bikini Top,<p>Crafted in premium Matte Ribbed Knit with Crinkled Seersucker accents. This bikini top epitomizes rebellious yet refined luxury. Featuring color-blocking in Olive Drab and Burnt Terracotta. Perfect for the discerning swimmer who refuses the obvious.</p>,Twessie,Bikini Top,"architectural swimsuit, minimalist luxury, high-end swimwear, minimalist bikini top, independent fashion",TRUE,Color,Burnt Terracotta,Size,XS,TWESSIE_JP_BT_0504-Burnt Terracotta-XS,168.0,,10
twessie-jp-bt-0504,Architecture-Cut Olive Drab Bikini Top,<p>Crafted in premium Matte Ribbed Knit with Crinkled Seersucker accents. This bikini top epitomizes rebellious yet refined luxury. Featuring color-blocking in Olive Drab and Burnt Terracotta. Perfect for the discerning swimmer who refuses the obvious.</p>,Twessie,Bikini Top,"architectural swimsuit, minimalist luxury, high-end swimwear, minimalist bikini top, independent fashion",TRUE,Color,Burnt Terracotta,Size,S,TWESSIE_JP_BT_0504-Burnt Terracotta-S,168.0,,10
twessie-jp-bt-0504,Architecture-Cut Olive Drab Bikini Top,<p>Crafted in premium Matte Ribbed Knit with Crinkled Seersucker accents. This bikini top epitomizes rebellious yet refined luxury. Featuring color-blocking in Olive Drab and Burnt Terracotta. Perfect for the discerning swimmer who refuses the obvious.</p>,Twessie,Bikini Top,"architectural swimsuit, minimalist luxury, high-end swimwear, minimalist bikini top, independent fashion",TRUE,Color,Burnt Terracotta,Size,M,TWESSIE_JP_BT_0504-Burnt Terracotta-M,168.0,,10
twessie-jp-bt-0504,Architecture-Cut Olive Drab Bikini Top,<p>Crafted in premium Matte Ribbed Knit with Crinkled Seersucker accents. This bikini top epitomizes rebellious yet refined luxury. Featuring color-blocking in Olive Drab and Burnt Terracotta. Perfect for the discerning swimmer who refuses the obvious.</p>,Twessie,Bikini Top,"architectural swimsuit, minimalist luxury, high-end swimwear, minimalist bikini top, independent fashion",TRUE,Color,Burnt Terracotta,Size,L,TWESSIE_JP_BT_0504-Burnt Terracotta-L,168.0,,10
twessie-jp-bt-0504,Architecture-Cut Olive Drab Bikini Top,<p>Crafted in premium Matte Ribbed Knit with Crinkled Seersucker accents. This bikini top epitomizes rebellious yet refined luxury. Featuring color-blocking in Olive Drab and Burnt Terracotta. Perfect for the discerning swimmer who refuses the obvious.</p>,Twessie,Bikini Top,"architectural swimsuit, minimalist luxury, high-end swimwear, minimalist bikini top, independent fashion",TRUE,Color,Burnt Terracotta,Size,XL,TWESSIE_JP_BT_0504-Burnt Terracotta-XL,168.0,,10
twessie-jp-bt-0504,Architecture-Cut Olive Drab Bikini Top,<p>Crafted in premium Matte Ribbed Knit with Crinkled Seersucker accents. This bikini top epitomizes rebellious yet refined luxury. Featuring color-blocking in Olive Drab and Burnt Terracotta. Perfect for the discerning swimmer who refuses the obvious.</p>,Twessie,Bikini Top,"architectural swimsuit, minimalist luxury, high-end swimwear, minimalist bikini top, independent fashion",TRUE,Color,Burnt Terracotta,Size,XXL,TWESSIE_JP_BT_0504-Burnt Terracotta-XXL,168.0,,10
twessie-jp-bt-0505,Architecture-Cut Stone Gray Bikini Top,"<p>Crinkled Seersucker construction meets architectural precision in this bikini top. Designed for the intelligent, independent woman. The Stone Gray colorway with Chalk White accents creates a sophisticated palette. Pure anti-fashion statement elegance.</p>",Twessie,Bikini Top,"independent fashion, minimalist bikini top, architectural swimsuit, Crinkled Seersucker bikini, minimalist luxury",TRUE,Color,Stone Gray,Size,XS,TWESSIE_JP_BT_0505-Stone Gray-XS,168.0,,10
twessie-jp-bt-0505,Architecture-Cut Stone Gray Bikini Top,"<p>Crinkled Seersucker construction meets architectural precision in this bikini top. Designed for the intelligent, independent woman. The Stone Gray colorway with Chalk White accents creates a sophisticated palette. Pure anti-fashion statement elegance.</p>",Twessie,Bikini Top,"independent fashion, minimalist bikini top, architectural swimsuit, Crinkled Seersucker bikini, minimalist luxury",TRUE,Color,Stone Gray,Size,S,TWESSIE_JP_BT_0505-Stone Gray-S,168.0,,10
twessie-jp-bt-0505,Architecture-Cut Stone Gray Bikini Top,"<p>Crinkled Seersucker construction meets architectural precision in this bikini top. Designed for the intelligent, independent woman. The Stone Gray colorway with Chalk White accents creates a sophisticated palette. Pure anti-fashion statement elegance.</p>",Twessie,Bikini Top,"independent fashion, minimalist bikini top, architectural swimsuit, Crinkled Seersucker bikini, minimalist luxury",TRUE,Color,Stone Gray,Size,M,TWESSIE_JP_BT_0505-Stone Gray-M,168.0,,10
twessie-jp-bt-0505,Architecture-Cut Stone Gray Bikini Top,"<p>Crinkled Seersucker construction meets architectural precision in this bikini top. Designed for the intelligent, independent woman. The Stone Gray colorway with Chalk White accents creates a sophisticated palette. Pure anti-fashion statement elegance.</p>",Twessie,Bikini Top,"independent fashion, minimalist bikini top, architectural swimsuit, Crinkled Seersucker bikini, minimalist luxury",TRUE,Color,Stone Gray,Size,L,TWESSIE_JP_BT_0505-Stone Gray-L,168.0,,10
twessie-jp-bt-0505,Architecture-Cut Stone Gray Bikini Top,"<p>Crinkled Seersucker construction meets architectural precision in this bikini top. Designed for the intelligent, independent woman. The Stone Gray colorway with Chalk White accents creates a sophisticated palette. Pure anti-fashion statement elegance.</p>",Twessie,Bikini Top,"independent fashion, minimalist bikini top, architectural swimsuit, Crinkled Seersucker bikini, minimalist luxury",TRUE,Color,Stone Gray,Size,XL,TWESSIE_JP_BT_0505-Stone Gray-XL,168.0,,10
twessie-jp-bt-0505,Architecture-Cut Stone Gray Bikini Top,"<p>Crinkled Seersucker construction meets architectural precision in this bikini top. Designed for the intelligent, independent woman. The Stone Gray colorway with Chalk White accents creates a sophisticated palette. Pure anti-fashion statement elegance.</p>",Twessie,Bikini Top,"independent fashion, minimalist bikini top, architectural swimsuit, Crinkled Seersucker bikini, minimalist luxury",TRUE,Color,Stone Gray,Size,XXL,TWESSIE_JP_BT_0505-Stone Gray-XXL,168.0,,10
twessie-jp-bt-0505,Architecture-Cut Stone Gray Bikini Top,"<p>Crinkled Seersucker construction meets architectural precision in this bikini top. Designed for the intelligent, independent woman. The Stone Gray colorway with Chalk White accents creates a sophisticated palette. Pure anti-fashion statement elegance.</p>",Twessie,Bikini Top,"independent fashion, minimalist bikini top, architectural swimsuit, Crinkled Seersucker bikini, minimalist luxury",TRUE,Color,Chalk White,Size,XS,TWESSIE_JP_BT_0505-Chalk White-XS,168.0,,10
twessie-jp-bt-0505,Architecture-Cut Stone Gray Bikini Top,"<p>Crinkled Seersucker construction meets architectural precision in this bikini top. Designed for the intelligent, independent woman. The Stone Gray colorway with Chalk White accents creates a sophisticated palette. Pure anti-fashion statement elegance.</p>",Twessie,Bikini Top,"independent fashion, minimalist bikini top, architectural swimsuit, Crinkled Seersucker bikini, minimalist luxury",TRUE,Color,Chalk White,Size,S,TWESSIE_JP_BT_0505-Chalk White-S,168.0,,10
twessie-jp-bt-0505,Architecture-Cut Stone Gray Bikini Top,"<p>Crinkled Seersucker construction meets architectural precision in this bikini top. Designed for the intelligent, independent woman. The Stone Gray colorway with Chalk White accents creates a sophisticated palette. Pure anti-fashion statement elegance.</p>",Twessie,Bikini Top,"independent fashion, minimalist bikini top, architectural swimsuit, Crinkled Seersucker bikini, minimalist luxury",TRUE,Color,Chalk White,Size,M,TWESSIE_JP_BT_0505-Chalk White-M,168.0,,10
twessie-jp-bt-0505,Architecture-Cut Stone Gray Bikini Top,"<p>Crinkled Seersucker construction meets architectural precision in this bikini top. Designed for the intelligent, independent woman. The Stone Gray colorway with Chalk White accents creates a sophisticated palette. Pure anti-fashion statement elegance.</p>",Twessie,Bikini Top,"independent fashion, minimalist bikini top, architectural swimsuit, Crinkled Seersucker bikini, minimalist luxury",TRUE,Color,Chalk White,Size,L,TWESSIE_JP_BT_0505-Chalk White-L,168.0,,10
twessie-jp-bt-0505,Architecture-Cut Stone Gray Bikini Top,"<p>Crinkled Seersucker construction meets architectural precision in this bikini top. Designed for the intelligent, independent woman. The Stone Gray colorway with Chalk White accents creates a sophisticated palette. Pure anti-fashion statement elegance.</p>",Twessie,Bikini Top,"independent fashion, minimalist bikini top, architectural swimsuit, Crinkled Seersucker bikini, minimalist luxury",TRUE,Color,Chalk White,Size,XL,TWESSIE_JP_BT_0505-Chalk White-XL,168.0,,10
twessie-jp-bt-0505,Architecture-Cut Stone Gray Bikini Top,"<p>Crinkled Seersucker construction meets architectural precision in this bikini top. Designed for the intelligent, independent woman. The Stone Gray colorway with Chalk White accents creates a sophisticated palette. Pure anti-fashion statement elegance.</p>",Twessie,Bikini Top,"independent fashion, minimalist bikini top, architectural swimsuit, Crinkled Seersucker bikini, minimalist luxury",TRUE,Color,Chalk White,Size,XXL,TWESSIE_JP_BT_0505-Chalk White-XXL,168.0,,10
twessie-sg-bt-0506,Architecture-Cut Olive Drab Bikini Top,<p>Crafted in premium Matte Ribbed Knit with Econyl Sleek Satin accents. This bikini top epitomizes minimalist luxury luxury. Featuring color-blocking in Olive Drab and Burnt Terracotta. Perfect for the discerning swimmer who refuses the obvious.</p>,Twessie,Bikini Top,"independent fashion, minimalist bikini top, high-end swimwear, luxury Olive Drab swimwear, Matte Ribbed Knit bikini",TRUE,Color,Olive Drab,Size,XS,TWESSIE_SG_BT_0506-Olive Drab-XS,168.0,,10
twessie-sg-bt-0506,Architecture-Cut Olive Drab Bikini Top,<p>Crafted in premium Matte Ribbed Knit with Econyl Sleek Satin accents. This bikini top epitomizes minimalist luxury luxury. Featuring color-blocking in Olive Drab and Burnt Terracotta. Perfect for the discerning swimmer who refuses the obvious.</p>,Twessie,Bikini Top,"independent fashion, minimalist bikini top, high-end swimwear, luxury Olive Drab swimwear, Matte Ribbed Knit bikini",TRUE,Color,Olive Drab,Size,S,TWESSIE_SG_BT_0506-Olive Drab-S,168.0,,10
twessie-sg-bt-0506,Architecture-Cut Olive Drab Bikini Top,<p>Crafted in premium Matte Ribbed Knit with Econyl Sleek Satin accents. This bikini top epitomizes minimalist luxury luxury. Featuring color-blocking in Olive Drab and Burnt Terracotta. Perfect for the discerning swimmer who refuses the obvious.</p>,Twessie,Bikini Top,"independent fashion, minimalist bikini top, high-end swimwear, luxury Olive Drab swimwear, Matte Ribbed Knit bikini",TRUE,Color,Olive Drab,Size,M,TWESSIE_SG_BT_0506-Olive Drab-M,168.0,,10
twessie-sg-bt-0506,Architecture-Cut Olive Drab Bikini Top,<p>Crafted in premium Matte Ribbed Knit with Econyl Sleek Satin accents. This bikini top epitomizes minimalist luxury luxury. Featuring color-blocking in Olive Drab and Burnt Terracotta. Perfect for the discerning swimmer who refuses the obvious.</p>,Twessie,Bikini Top,"independent fashion, minimalist bikini top, high-end swimwear, luxury Olive Drab swimwear, Matte Ribbed Knit bikini",TRUE,Color,Olive Drab,Size,L,TWESSIE_SG_BT_0506-Olive Drab-L,168.0,,10
twessie-sg-bt-0506,Architecture-Cut Olive Drab Bikini Top,<p>Crafted in premium Matte Ribbed Knit with Econyl Sleek Satin accents. This bikini top epitomizes minimalist luxury luxury. Featuring color-blocking in Olive Drab and Burnt Terracotta. Perfect for the discerning swimmer who refuses the obvious.</p>,Twessie,Bikini Top,"independent fashion, minimalist bikini top, high-end swimwear, luxury Olive Drab swimwear, Matte Ribbed Knit bikini",TRUE,Color,Olive Drab,Size,XL,TWESSIE_SG_BT_0506-Olive Drab-XL,168.0,,10
twessie-sg-bt-0506,Architecture-Cut Olive Drab Bikini Top,<p>Crafted in premium Matte Ribbed Knit with Econyl Sleek Satin accents. This bikini top epitomizes minimalist luxury luxury. Featuring color-blocking in Olive Drab and Burnt Terracotta. Perfect for the discerning swimmer who refuses the obvious.</p>,Twessie,Bikini Top,"independent fashion, minimalist bikini top, high-end swimwear, luxury Olive Drab swimwear, Matte Ribbed Knit bikini",TRUE,Color,Olive Drab,Size,XXL,TWESSIE_SG_BT_0506-Olive Drab-XXL,168.0,,10
twessie-sg-bt-0506,Architecture-Cut Olive Drab Bikini Top,<p>Crafted in premium Matte Ribbed Knit with Econyl Sleek Satin accents. This bikini top epitomizes minimalist luxury luxury. Featuring color-blocking in Olive Drab and Burnt Terracotta. Perfect for the discerning swimmer who refuses the obvious.</p>,Twessie,Bikini Top,"independent fashion, minimalist bikini top, high-end swimwear, luxury Olive Drab swimwear, Matte Ribbed Knit bikini",TRUE,Color,Burnt Terracotta,Size,XS,TWESSIE_SG_BT_0506-Burnt Terracotta-XS,168.0,,10
twessie-sg-bt-0506,Architecture-Cut Olive Drab Bikini Top,<p>Crafted in premium Matte Ribbed Knit with Econyl Sleek Satin accents. This bikini top epitomizes minimalist luxury luxury. Featuring color-blocking in Olive Drab and Burnt Terracotta. Perfect for the discerning swimmer who refuses the obvious.</p>,Twessie,Bikini Top,"independent fashion, minimalist bikini top, high-end swimwear, luxury Olive Drab swimwear, Matte Ribbed Knit bikini",TRUE,Color,Burnt Terracotta,Size,S,TWESSIE_SG_BT_0506-Burnt Terracotta-S,168.0,,10
twessie-sg-bt-0506,Architecture-Cut Olive Drab Bikini Top,<p>Crafted in premium Matte Ribbed Knit with Econyl Sleek Satin accents. This bikini top epitomizes minimalist luxury luxury. Featuring color-blocking in Olive Drab and Burnt Terracotta. Perfect for the discerning swimmer who refuses the obvious.</p>,Twessie,Bikini Top,"independent fashion, minimalist bikini top, high-end swimwear, luxury Olive Drab swimwear, Matte Ribbed Knit bikini",TRUE,Color,Burnt Terracotta,Size,M,TWESSIE_SG_BT_0506-Burnt Terracotta-M,168.0,,10
twessie-sg-bt-0506,Architecture-Cut Olive Drab Bikini Top,<p>Crafted in premium Matte Ribbed Knit with Econyl Sleek Satin accents. This bikini top epitomizes minimalist luxury luxury. Featuring color-blocking in Olive Drab and Burnt Terracotta. Perfect for the discerning swimmer who refuses the obvious.</p>,Twessie,Bikini Top,"independent fashion, minimalist bikini top, high-end swimwear, luxury Olive Drab swimwear, Matte Ribbed Knit bikini",TRUE,Color,Burnt Terracotta,Size,L,TWESSIE_SG_BT_0506-Burnt Terracotta-L,168.0,,10
twessie-sg-bt-0506,Architecture-Cut Olive Drab Bikini Top,<p>Crafted in premium Matte Ribbed Knit with Econyl Sleek Satin accents. This bikini top epitomizes minimalist luxury luxury. Featuring color-blocking in Olive Drab and Burnt Terracotta. Perfect for the discerning swimmer who refuses the obvious.</p>,Twessie,Bikini Top,"independent fashion, minimalist bikini top, high-end swimwear, luxury Olive Drab swimwear, Matte Ribbed Knit bikini",TRUE,Color,Burnt Terracotta,Size,XL,TWESSIE_SG_BT_0506-Burnt Terracotta-XL,168.0,,10
twessie-sg-bt-0506,Architecture-Cut Olive Drab Bikini Top,<p>Crafted in premium Matte Ribbed Knit with Econyl Sleek Satin accents. This bikini top epitomizes minimalist luxury luxury. Featuring color-blocking in Olive Drab and Burnt Terracotta. Perfect for the discerning swimmer who refuses the obvious.</p>,Twessie,Bikini Top,"independent fashion, minimalist bikini top, high-end swimwear, luxury Olive Drab swimwear, Matte Ribbed Knit bikini",TRUE,Color,Burnt Terracotta,Size,XXL,TWESSIE_SG_BT_0506-Burnt Terracotta-XXL,168.0,,10
twessie-au-bt-0507,Burnt Terracotta Sculptural Matte Ribbed Knit Bikini Top,<p>A statement piece in Matte Ribbed Knit. This bikini top combines anti-fashion statement design with impeccable craftsmanship. Available in Burnt Terracotta with Olive Drab detailing. Not loud. Not obvious. Unmistakably Twessie.</p>,Twessie,Bikini Top,"Matte Ribbed Knit bikini, architectural swimsuit, independent fashion, minimalist bikini top, minimalist luxury",TRUE,Color,Burnt Terracotta,Size,XS,TWESSIE_AU_BT_0507-Burnt Terracotta-XS,168.0,,10
twessie-au-bt-0507,Burnt Terracotta Sculptural Matte Ribbed Knit Bikini Top,<p>A statement piece in Matte Ribbed Knit. This bikini top combines anti-fashion statement design with impeccable craftsmanship. Available in Burnt Terracotta with Olive Drab detailing. Not loud. Not obvious. Unmistakably Twessie.</p>,Twessie,Bikini Top,"Matte Ribbed Knit bikini, architectural swimsuit, independent fashion, minimalist bikini top, minimalist luxury",TRUE,Color,Burnt Terracotta,Size,S,TWESSIE_AU_BT_0507-Burnt Terracotta-S,168.0,,10
twessie-au-bt-0507,Burnt Terracotta Sculptural Matte Ribbed Knit Bikini Top,<p>A statement piece in Matte Ribbed Knit. This bikini top combines anti-fashion statement design with impeccable craftsmanship. Available in Burnt Terracotta with Olive Drab detailing. Not loud. Not obvious. Unmistakably Twessie.</p>,Twessie,Bikini Top,"Matte Ribbed Knit bikini, architectural swimsuit, independent fashion, minimalist bikini top, minimalist luxury",TRUE,Color,Burnt Terracotta,Size,M,TWESSIE_AU_BT_0507-Burnt Terracotta-M,168.0,,10
twessie-au-bt-0507,Burnt Terracotta Sculptural Matte Ribbed Knit Bikini Top,<p>A statement piece in Matte Ribbed Knit. This bikini top combines anti-fashion statement design with impeccable craftsmanship. Available in Burnt Terracotta with Olive Drab detailing. Not loud. Not obvious. Unmistakably Twessie.</p>,Twessie,Bikini Top,"Matte Ribbed Knit bikini, architectural swimsuit, independent fashion, minimalist bikini top, minimalist luxury",TRUE,Color,Burnt Terracotta,Size,L,TWESSIE_AU_BT_0507-Burnt Terracotta-L,168.0,,10
twessie-au-bt-0507,Burnt Terracotta Sculptural Matte Ribbed Knit Bikini Top,<p>A statement piece in Matte Ribbed Knit. This bikini top combines anti-fashion statement design with impeccable craftsmanship. Available in Burnt Terracotta with Olive Drab detailing. Not loud. Not obvious. Unmistakably Twessie.</p>,Twessie,Bikini Top,"Matte Ribbed Knit bikini, architectural swimsuit, independent fashion, minimalist bikini top, minimalist luxury",TRUE,Color,Burnt Terracotta,Size,XL,TWESSIE_AU_BT_0507-Burnt Terracotta-XL,168.0,,10
twessie-au-bt-0507,Burnt Terracotta Sculptural Matte Ribbed Knit Bikini Top,<p>A statement piece in Matte Ribbed Knit. This bikini top combines anti-fashion statement design with impeccable craftsmanship. Available in Burnt Terracotta with Olive Drab detailing. Not loud. Not obvious. Unmistakably Twessie.</p>,Twessie,Bikini Top,"Matte Ribbed Knit bikini, architectural swimsuit, independent fashion, minimalist bikini top, minimalist luxury",TRUE,Color,Burnt Terracotta,Size,XXL,TWESSIE_AU_BT_0507-Burnt Terracotta-XXL,168.0,,10
twessie-au-bt-0507,Burnt Terracotta Sculptural Matte Ribbed Knit Bikini Top,<p>A statement piece in Matte Ribbed Knit. This bikini top combines anti-fashion statement design with impeccable craftsmanship. Available in Burnt Terracotta with Olive Drab detailing. Not loud. Not obvious. Unmistakably Twessie.</p>,Twessie,Bikini Top,"Matte Ribbed Knit bikini, architectural swimsuit, independent fashion, minimalist bikini top, minimalist luxury",TRUE,Color,Olive Drab,Size,XS,TWESSIE_AU_BT_0507-Olive Drab-XS,168.0,,10
twessie-au-bt-0507,Burnt Terracotta Sculptural Matte Ribbed Knit Bikini Top,<p>A statement piece in Matte Ribbed Knit. This bikini top combines anti-fashion statement design with impeccable craftsmanship. Available in Burnt Terracotta with Olive Drab detailing. Not loud. Not obvious. Unmistakably Twessie.</p>,Twessie,Bikini Top,"Matte Ribbed Knit bikini, architectural swimsuit, independent fashion, minimalist bikini top, minimalist luxury",TRUE,Color,Olive Drab,Size,S,TWESSIE_AU_BT_0507-Olive Drab-S,168.0,,10
twessie-au-bt-0507,Burnt Terracotta Sculptural Matte Ribbed Knit Bikini Top,<p>A statement piece in Matte Ribbed Knit. This bikini top combines anti-fashion statement design with impeccable craftsmanship. Available in Burnt Terracotta with Olive Drab detailing. Not loud. Not obvious. Unmistakably Twessie.</p>,Twessie,Bikini Top,"Matte Ribbed Knit bikini, architectural swimsuit, independent fashion, minimalist bikini top, minimalist luxury",TRUE,Color,Olive Drab,Size,M,TWESSIE_AU_BT_0507-Olive Drab-M,168.0,,10
twessie-au-bt-0507,Burnt Terracotta Sculptural Matte Ribbed Knit Bikini Top,<p>A statement piece in Matte Ribbed Knit. This bikini top combines anti-fashion statement design with impeccable craftsmanship. Available in Burnt Terracotta with Olive Drab detailing. Not loud. Not obvious. Unmistakably Twessie.</p>,Twessie,Bikini Top,"Matte Ribbed Knit bikini, architectural swimsuit, independent fashion, minimalist bikini top, minimalist luxury",TRUE,Color,Olive Drab,Size,L,TWESSIE_AU_BT_0507-Olive Drab-L,168.0,,10
twessie-au-bt-0507,Burnt Terracotta Sculptural Matte Ribbed Knit Bikini Top,<p>A statement piece in Matte Ribbed Knit. This bikini top combines anti-fashion statement design with impeccable craftsmanship. Available in Burnt Terracotta with Olive Drab detailing. Not loud. Not obvious. Unmistakably Twessie.</p>,Twessie,Bikini Top,"Matte Ribbed Knit bikini, architectural swimsuit, independent fashion, minimalist bikini top, minimalist luxury",TRUE,Color,Olive Drab,Size,XL,TWESSIE_AU_BT_0507-Olive Drab-XL,168.0,,10
twessie-au-bt-0507,Burnt Terracotta Sculptural Matte Ribbed Knit Bikini Top,<p>A statement piece in Matte Ribbed Knit. This bikini top combines anti-fashion statement design with impeccable craftsmanship. Available in Burnt Terracotta with Olive Drab detailing. Not loud. Not obvious. Unmistakably Twessie.</p>,Twessie,Bikini Top,"Matte Ribbed Knit bikini, architectural swimsuit, independent fashion, minimalist bikini top, minimalist luxury",TRUE,Color,Olive Drab,Size,XXL,TWESSIE_AU_BT_0507-Olive Drab-XXL,168.0,,10
twessie-au-bb-0508,High-Cut Burnt Terracotta Bikini Brief,<p>Crafted in premium Matte Ribbed Knit with Crinkled Seersucker accents. This bikini bottom epitomizes anti-fashion statement luxury. Featuring color-blocking in Burnt Terracotta and Olive Drab. Perfect for the discerning swimmer who refuses the obvious.</p>,Twessie,Bikini Bottom,"architectural swimsuit, minimalist bikini bottom, luxury Burnt Terracotta swimwear, Matte Ribbed Knit bikini, independent fashion",TRUE,Color,Burnt Terracotta,Size,XS,TWESSIE_AU_BB_0508-Burnt Terracotta-XS,168.0,,10
twessie-au-bb-0508,High-Cut Burnt Terracotta Bikini Brief,<p>Crafted in premium Matte Ribbed Knit with Crinkled Seersucker accents. This bikini bottom epitomizes anti-fashion statement luxury. Featuring color-blocking in Burnt Terracotta and Olive Drab. Perfect for the discerning swimmer who refuses the obvious.</p>,Twessie,Bikini Bottom,"architectural swimsuit, minimalist bikini bottom, luxury Burnt Terracotta swimwear, Matte Ribbed Knit bikini, independent fashion",TRUE,Color,Burnt Terracotta,Size,S,TWESSIE_AU_BB_0508-Burnt Terracotta-S,168.0,,10
twessie-au-bb-0508,High-Cut Burnt Terracotta Bikini Brief,<p>Crafted in premium Matte Ribbed Knit with Crinkled Seersucker accents. This bikini bottom epitomizes anti-fashion statement luxury. Featuring color-blocking in Burnt Terracotta and Olive Drab. Perfect for the discerning swimmer who refuses the obvious.</p>,Twessie,Bikini Bottom,"architectural swimsuit, minimalist bikini bottom, luxury Burnt Terracotta swimwear, Matte Ribbed Knit bikini, independent fashion",TRUE,Color,Burnt Terracotta,Size,M,TWESSIE_AU_BB_0508-Burnt Terracotta-M,168.0,,10
twessie-au-bb-0508,High-Cut Burnt Terracotta Bikini Brief,<p>Crafted in premium Matte Ribbed Knit with Crinkled Seersucker accents. This bikini bottom epitomizes anti-fashion statement luxury. Featuring color-blocking in Burnt Terracotta and Olive Drab. Perfect for the discerning swimmer who refuses the obvious.</p>,Twessie,Bikini Bottom,"architectural swimsuit, minimalist bikini bottom, luxury Burnt Terracotta swimwear, Matte Ribbed Knit bikini, independent fashion",TRUE,Color,Burnt Terracotta,Size,L,TWESSIE_AU_BB_0508-Burnt Terracotta-L,168.0,,10
twessie-au-bb-0508,High-Cut Burnt Terracotta Bikini Brief,<p>Crafted in premium Matte Ribbed Knit with Crinkled Seersucker accents. This bikini bottom epitomizes anti-fashion statement luxury. Featuring color-blocking in Burnt Terracotta and Olive Drab. Perfect for the discerning swimmer who refuses the obvious.</p>,Twessie,Bikini Bottom,"architectural swimsuit, minimalist bikini bottom, luxury Burnt Terracotta swimwear, Matte Ribbed Knit bikini, independent fashion",TRUE,Color,Burnt Terracotta,Size,XL,TWESSIE_AU_BB_0508-Burnt Terracotta-XL,168.0,,10
twessie-au-bb-0508,High-Cut Burnt Terracotta Bikini Brief,<p>Crafted in premium Matte Ribbed Knit with Crinkled Seersucker accents. This bikini bottom epitomizes anti-fashion statement luxury. Featuring color-blocking in Burnt Terracotta and Olive Drab. Perfect for the discerning swimmer who refuses the obvious.</p>,Twessie,Bikini Bottom,"architectural swimsuit, minimalist bikini bottom, luxury Burnt Terracotta swimwear, Matte Ribbed Knit bikini, independent fashion",TRUE,Color,Burnt Terracotta,Size,XXL,TWESSIE_AU_BB_0508-Burnt Terracotta-XXL,168.0,,10
twessie-au-bb-0508,High-Cut Burnt Terracotta Bikini Brief,<p>Crafted in premium Matte Ribbed Knit with Crinkled Seersucker accents. This bikini bottom epitomizes anti-fashion statement luxury. Featuring color-blocking in Burnt Terracotta and Olive Drab. Perfect for the discerning swimmer who refuses the obvious.</p>,Twessie,Bikini Bottom,"architectural swimsuit, minimalist bikini bottom, luxury Burnt Terracotta swimwear, Matte Ribbed Knit bikini, independent fashion",TRUE,Color,Olive Drab,Size,XS,TWESSIE_AU_BB_0508-Olive Drab-XS,168.0,,10
twessie-au-bb-0508,High-Cut Burnt Terracotta Bikini Brief,<p>Crafted in premium Matte Ribbed Knit with Crinkled Seersucker accents. This bikini bottom epitomizes anti-fashion statement luxury. Featuring color-blocking in Burnt Terracotta and Olive Drab. Perfect for the discerning swimmer who refuses the obvious.</p>,Twessie,Bikini Bottom,"architectural swimsuit, minimalist bikini bottom, luxury Burnt Terracotta swimwear, Matte Ribbed Knit bikini, independent fashion",TRUE,Color,Olive Drab,Size,S,TWESSIE_AU_BB_0508-Olive Drab-S,168.0,,10
twessie-au-bb-0508,High-Cut Burnt Terracotta Bikini Brief,<p>Crafted in premium Matte Ribbed Knit with Crinkled Seersucker accents. This bikini bottom epitomizes anti-fashion statement luxury. Featuring color-blocking in Burnt Terracotta and Olive Drab. Perfect for the discerning swimmer who refuses the obvious.</p>,Twessie,Bikini Bottom,"architectural swimsuit, minimalist bikini bottom, luxury Burnt Terracotta swimwear, Matte Ribbed Knit bikini, independent fashion",TRUE,Color,Olive Drab,Size,M,TWESSIE_AU_BB_0508-Olive Drab-M,168.0,,10
twessie-au-bb-0508,High-Cut Burnt Terracotta Bikini Brief,<p>Crafted in premium Matte Ribbed Knit with Crinkled Seersucker accents. This bikini bottom epitomizes anti-fashion statement luxury. Featuring color-blocking in Burnt Terracotta and Olive Drab. Perfect for the discerning swimmer who refuses the obvious.</p>,Twessie,Bikini Bottom,"architectural swimsuit, minimalist bikini bottom, luxury Burnt Terracotta swimwear, Matte Ribbed Knit bikini, independent fashion",TRUE,Color,Olive Drab,Size,L,TWESSIE_AU_BB_0508-Olive Drab-L,168.0,,10
twessie-au-bb-0508,High-Cut Burnt Terracotta Bikini Brief,<p>Crafted in premium Matte Ribbed Knit with Crinkled Seersucker accents. This bikini bottom epitomizes anti-fashion statement luxury. Featuring color-blocking in Burnt Terracotta and Olive Drab. Perfect for the discerning swimmer who refuses the obvious.</p>,Twessie,Bikini Bottom,"architectural swimsuit, minimalist bikini bottom, luxury Burnt Terracotta swimwear, Matte Ribbed Knit bikini, independent fashion",TRUE,Color,Olive Drab,Size,XL,TWESSIE_AU_BB_0508-Olive Drab-XL,168.0,,10
twessie-au-bb-0508,High-Cut Burnt Terracotta Bikini Brief,<p>Crafted in premium Matte Ribbed Knit with Crinkled Seersucker accents. This bikini bottom epitomizes anti-fashion statement luxury. Featuring color-blocking in Burnt Terracotta and Olive Drab. Perfect for the discerning swimmer who refuses the obvious.</p>,Twessie,Bikini Bottom,"architectural swimsuit, minimalist bikini bottom, luxury Burnt Terracotta swimwear, Matte Ribbed Knit bikini, independent fashion",TRUE,Color,Olive Drab,Size,XXL,TWESSIE_AU_BB_0508-Olive Drab-XXL,168.0,,10
twessie-eu-bb-0509,Raw-Edge Olive Drab Bikini Bottom,<p>Crafted in premium Matte Ribbed Knit with Crinkled Seersucker accents. This bikini bottom epitomizes anti-fashion statement luxury. Featuring color-blocking in Olive Drab and Burnt Terracotta. Perfect for the discerning swimmer who refuses the obvious.</p>,Twessie,Bikini Bottom,"luxury Olive Drab swimwear, independent fashion, minimalist luxury, minimalist bikini bottom, high-end swimwear",TRUE,Color,Olive Drab,Size,XS,TWESSIE_EU_BB_0509-Olive Drab-XS,168.0,,10
twessie-eu-bb-0509,Raw-Edge Olive Drab Bikini Bottom,<p>Crafted in premium Matte Ribbed Knit with Crinkled Seersucker accents. This bikini bottom epitomizes anti-fashion statement luxury. Featuring color-blocking in Olive Drab and Burnt Terracotta. Perfect for the discerning swimmer who refuses the obvious.</p>,Twessie,Bikini Bottom,"luxury Olive Drab swimwear, independent fashion, minimalist luxury, minimalist bikini bottom, high-end swimwear",TRUE,Color,Olive Drab,Size,S,TWESSIE_EU_BB_0509-Olive Drab-S,168.0,,10
twessie-eu-bb-0509,Raw-Edge Olive Drab Bikini Bottom,<p>Crafted in premium Matte Ribbed Knit with Crinkled Seersucker accents. This bikini bottom epitomizes anti-fashion statement luxury. Featuring color-blocking in Olive Drab and Burnt Terracotta. Perfect for the discerning swimmer who refuses the obvious.</p>,Twessie,Bikini Bottom,"luxury Olive Drab swimwear, independent fashion, minimalist luxury, minimalist bikini bottom, high-end swimwear",TRUE,Color,Olive Drab,Size,M,TWESSIE_EU_BB_0509-Olive Drab-M,168.0,,10
twessie-eu-bb-0509,Raw-Edge Olive Drab Bikini Bottom,<p>Crafted in premium Matte Ribbed Knit with Crinkled Seersucker accents. This bikini bottom epitomizes anti-fashion statement luxury. Featuring color-blocking in Olive Drab and Burnt Terracotta. Perfect for the discerning swimmer who refuses the obvious.</p>,Twessie,Bikini Bottom,"luxury Olive Drab swimwear, independent fashion, minimalist luxury, minimalist bikini bottom, high-end swimwear",TRUE,Color,Olive Drab,Size,L,TWESSIE_EU_BB_0509-Olive Drab-L,168.0,,10
twessie-eu-bb-0509,Raw-Edge Olive Drab Bikini Bottom,<p>Crafted in premium Matte Ribbed Knit with Crinkled Seersucker accents. This bikini bottom epitomizes anti-fashion statement luxury. Featuring color-blocking in Olive Drab and Burnt Terracotta. Perfect for the discerning swimmer who refuses the obvious.</p>,Twessie,Bikini Bottom,"luxury Olive Drab swimwear, independent fashion, minimalist luxury, minimalist bikini bottom, high-end swimwear",TRUE,Color,Olive Drab,Size,XL,TWESSIE_EU_BB_0509-Olive Drab-XL,168.0,,10
twessie-eu-bb-0509,Raw-Edge Olive Drab Bikini Bottom,<p>Crafted in premium Matte Ribbed Knit with Crinkled Seersucker accents. This bikini bottom epitomizes anti-fashion statement luxury. Featuring color-blocking in Olive Drab and Burnt Terracotta. Perfect for the discerning swimmer who refuses the obvious.</p>,Twessie,Bikini Bottom,"luxury Olive Drab swimwear, independent fashion, minimalist luxury, minimalist bikini bottom, high-end swimwear",TRUE,Color,Olive Drab,Size,XXL,TWESSIE_EU_BB_0509-Olive Drab-XXL,168.0,,10
twessie-eu-bb-0509,Raw-Edge Olive Drab Bikini Bottom,<p>Crafted in premium Matte Ribbed Knit with Crinkled Seersucker accents. This bikini bottom epitomizes anti-fashion statement luxury. Featuring color-blocking in Olive Drab and Burnt Terracotta. Perfect for the discerning swimmer who refuses the obvious.</p>,Twessie,Bikini Bottom,"luxury Olive Drab swimwear, independent fashion, minimalist luxury, minimalist bikini bottom, high-end swimwear",TRUE,Color,Burnt Terracotta,Size,XS,TWESSIE_EU_BB_0509-Burnt Terracotta-XS,168.0,,10
twessie-eu-bb-0509,Raw-Edge Olive Drab Bikini Bottom,<p>Crafted in premium Matte Ribbed Knit with Crinkled Seersucker accents. This bikini bottom epitomizes anti-fashion statement luxury. Featuring color-blocking in Olive Drab and Burnt Terracotta. Perfect for the discerning swimmer who refuses the obvious.</p>,Twessie,Bikini Bottom,"luxury Olive Drab swimwear, independent fashion, minimalist luxury, minimalist bikini bottom, high-end swimwear",TRUE,Color,Burnt Terracotta,Size,S,TWESSIE_EU_BB_0509-Burnt Terracotta-S,168.0,,10
twessie-eu-bb-0509,Raw-Edge Olive Drab Bikini Bottom,<p>Crafted in premium Matte Ribbed Knit with Crinkled Seersucker accents. This bikini bottom epitomizes anti-fashion statement luxury. Featuring color-blocking in Olive Drab and Burnt Terracotta. Perfect for the discerning swimmer who refuses the obvious.</p>,Twessie,Bikini Bottom,"luxury Olive Drab swimwear, independent fashion, minimalist luxury, minimalist bikini bottom, high-end swimwear",TRUE,Color,Burnt Terracotta,Size,M,TWESSIE_EU_BB_0509-Burnt Terracotta-M,168.0,,10
twessie-eu-bb-0509,Raw-Edge Olive Drab Bikini Bottom,<p>Crafted in premium Matte Ribbed Knit with Crinkled Seersucker accents. This bikini bottom epitomizes anti-fashion statement luxury. Featuring color-blocking in Olive Drab and Burnt Terracotta. Perfect for the discerning swimmer who refuses the obvious.</p>,Twessie,Bikini Bottom,"luxury Olive Drab swimwear, independent fashion, minimalist luxury, minimalist bikini bottom, high-end swimwear",TRUE,Color,Burnt Terracotta,Size,L,TWESSIE_EU_BB_0509-Burnt Terracotta-L,168.0,,10
twessie-eu-bb-0509,Raw-Edge Olive Drab Bikini Bottom,<p>Crafted in premium Matte Ribbed Knit with Crinkled Seersucker accents. This bikini bottom epitomizes anti-fashion statement luxury. Featuring color-blocking in Olive Drab and Burnt Terracotta. Perfect for the discerning swimmer who refuses the obvious.</p>,Twessie,Bikini Bottom,"luxury Olive Drab swimwear, independent fashion, minimalist luxury, minimalist bikini bottom, high-end swimwear",TRUE,Color,Burnt Terracotta,Size,XL,TWESSIE_EU_BB_0509-Burnt Terracotta-XL,168.0,,10
twessie-eu-bb-0509,Raw-Edge Olive Drab Bikini Bottom,<p>Crafted in premium Matte Ribbed Knit with Crinkled Seersucker accents. This bikini bottom epitomizes anti-fashion statement luxury. Featuring color-blocking in Olive Drab and Burnt Terracotta. Perfect for the discerning swimmer who refuses the obvious.</p>,Twessie,Bikini Bottom,"luxury Olive Drab swimwear, independent fashion, minimalist luxury, minimalist bikini bottom, high-end swimwear",TRUE,Color,Burnt Terracotta,Size,XXL,TWESSIE_EU_BB_0509-Burnt Terracotta-XXL,168.0,,10
twessie-jp-bb-0510,Raw-Edge Stone Gray Bikini Bottom,<p>A statement piece in Crinkled Seersucker. This bikini bottom combines intelligent aesthetic design with impeccable craftsmanship. Available in Stone Gray with Chalk White detailing. Not loud. Not obvious. Unmistakably Twessie.</p>,Twessie,Bikini Bottom,"high-end swimwear, architectural swimsuit, luxury Stone Gray swimwear, Crinkled Seersucker bikini, independent fashion",TRUE,Color,Stone Gray,Size,XS,TWESSIE_JP_BB_0510-Stone Gray-XS,168.0,,10
twessie-jp-bb-0510,Raw-Edge Stone Gray Bikini Bottom,<p>A statement piece in Crinkled Seersucker. This bikini bottom combines intelligent aesthetic design with impeccable craftsmanship. Available in Stone Gray with Chalk White detailing. Not loud. Not obvious. Unmistakably Twessie.</p>,Twessie,Bikini Bottom,"high-end swimwear, architectural swimsuit, luxury Stone Gray swimwear, Crinkled Seersucker bikini, independent fashion",TRUE,Color,Stone Gray,Size,S,TWESSIE_JP_BB_0510-Stone Gray-S,168.0,,10
twessie-jp-bb-0510,Raw-Edge Stone Gray Bikini Bottom,<p>A statement piece in Crinkled Seersucker. This bikini bottom combines intelligent aesthetic design with impeccable craftsmanship. Available in Stone Gray with Chalk White detailing. Not loud. Not obvious. Unmistakably Twessie.</p>,Twessie,Bikini Bottom,"high-end swimwear, architectural swimsuit, luxury Stone Gray swimwear, Crinkled Seersucker bikini, independent fashion",TRUE,Color,Stone Gray,Size,M,TWESSIE_JP_BB_0510-Stone Gray-M,168.0,,10
twessie-jp-bb-0510,Raw-Edge Stone Gray Bikini Bottom,<p>A statement piece in Crinkled Seersucker. This bikini bottom combines intelligent aesthetic design with impeccable craftsmanship. Available in Stone Gray with Chalk White detailing. Not loud. Not obvious. Unmistakably Twessie.</p>,Twessie,Bikini Bottom,"high-end swimwear, architectural swimsuit, luxury Stone Gray swimwear, Crinkled Seersucker bikini, independent fashion",TRUE,Color,Stone Gray,Size,L,TWESSIE_JP_BB_0510-Stone Gray-L,168.0,,10
twessie-jp-bb-0510,Raw-Edge Stone Gray Bikini Bottom,<p>A statement piece in Crinkled Seersucker. This bikini bottom combines intelligent aesthetic design with impeccable craftsmanship. Available in Stone Gray with Chalk White detailing. Not loud. Not obvious. Unmistakably Twessie.</p>,Twessie,Bikini Bottom,"high-end swimwear, architectural swimsuit, luxury Stone Gray swimwear, Crinkled Seersucker bikini, independent fashion",TRUE,Color,Stone Gray,Size,XL,TWESSIE_JP_BB_0510-Stone Gray-XL,168.0,,10
twessie-jp-bb-0510,Raw-Edge Stone Gray Bikini Bottom,<p>A statement piece in Crinkled Seersucker. This bikini bottom combines intelligent aesthetic design with impeccable craftsmanship. Available in Stone Gray with Chalk White detailing. Not loud. Not obvious. Unmistakably Twessie.</p>,Twessie,Bikini Bottom,"high-end swimwear, architectural swimsuit, luxury Stone Gray swimwear, Crinkled Seersucker bikini, independent fashion",TRUE,Color,Stone Gray,Size,XXL,TWESSIE_JP_BB_0510-Stone Gray-XXL,168.0,,10
twessie-jp-bb-0510,Raw-Edge Stone Gray Bikini Bottom,<p>A statement piece in Crinkled Seersucker. This bikini bottom combines intelligent aesthetic design with impeccable craftsmanship. Available in Stone Gray with Chalk White detailing. Not loud. Not obvious. Unmistakably Twessie.</p>,Twessie,Bikini Bottom,"high-end swimwear, architectural swimsuit, luxury Stone Gray swimwear, Crinkled Seersucker bikini, independent fashion",TRUE,Color,Chalk White,Size,XS,TWESSIE_JP_BB_0510-Chalk White-XS,168.0,,10
twessie-jp-bb-0510,Raw-Edge Stone Gray Bikini Bottom,<p>A statement piece in Crinkled Seersucker. This bikini bottom combines intelligent aesthetic design with impeccable craftsmanship. Available in Stone Gray with Chalk White detailing. Not loud. Not obvious. Unmistakably Twessie.</p>,Twessie,Bikini Bottom,"high-end swimwear, architectural swimsuit, luxury Stone Gray swimwear, Crinkled Seersucker bikini, independent fashion",TRUE,Color,Chalk White,Size,S,TWESSIE_JP_BB_0510-Chalk White-S,168.0,,10
twessie-jp-bb-0510,Raw-Edge Stone Gray Bikini Bottom,<p>A statement piece in Crinkled Seersucker. This bikini bottom combines intelligent aesthetic design with impeccable craftsmanship. Available in Stone Gray with Chalk White detailing. Not loud. Not obvious. Unmistakably Twessie.</p>,Twessie,Bikini Bottom,"high-end swimwear, architectural swimsuit, luxury Stone Gray swimwear, Crinkled Seersucker bikini, independent fashion",TRUE,Color,Chalk White,Size,M,TWESSIE_JP_BB_0510-Chalk White-M,168.0,,10
twessie-jp-bb-0510,Raw-Edge Stone Gray Bikini Bottom,<p>A statement piece in Crinkled Seersucker. This bikini bottom combines intelligent aesthetic design with impeccable craftsmanship. Available in Stone Gray with Chalk White detailing. Not loud. Not obvious. Unmistakably Twessie.</p>,Twessie,Bikini Bottom,"high-end swimwear, architectural swimsuit, luxury Stone Gray swimwear, Crinkled Seersucker bikini, independent fashion",TRUE,Color,Chalk White,Size,L,TWESSIE_JP_BB_0510-Chalk White-L,168.0,,10
twessie-jp-bb-0510,Raw-Edge Stone Gray Bikini Bottom,<p>A statement piece in Crinkled Seersucker. This bikini bottom combines intelligent aesthetic design with impeccable craftsmanship. Available in Stone Gray with Chalk White detailing. Not loud. Not obvious. Unmistakably Twessie.</p>,Twessie,Bikini Bottom,"high-end swimwear, architectural swimsuit, luxury Stone Gray swimwear, Crinkled Seersucker bikini, independent fashion",TRUE,Color,Chalk White,Size,XL,TWESSIE_JP_BB_0510-Chalk White-XL,168.0,,10
twessie-jp-bb-0510,Raw-Edge Stone Gray Bikini Bottom,<p>A statement piece in Crinkled Seersucker. This bikini bottom combines intelligent aesthetic design with impeccable craftsmanship. Available in Stone Gray with Chalk White detailing. Not loud. Not obvious. Unmistakably Twessie.</p>,Twessie,Bikini Bottom,"high-end swimwear, architectural swimsuit, luxury Stone Gray swimwear, Crinkled Seersucker bikini, independent fashion",TRUE,Color,Chalk White,Size,XXL,TWESSIE_JP_BB_0510-Chalk White-XXL,168.0,,10
