Handle,Title,Body (HTML),Vendor,Product Type,Tags,Published,Option1 Name,Option1 Value,Option2 Name,Option2 Value,Variant SKU,Variant Price,Variant Compare At Price,Variant Inventory Qty
twessie-sg-op-0101,Sculptural Obsidian Black Monokini,<p>A statement piece in Econyl Sleek Satin. This one-piece combines anti-fashion statement design with impeccable craftsmanship. Available in Obsidian Black with Chalk White detailing. Not loud. Not obvious. Unmistakably Twessie.</p>,Twessie,One-Piece,"high-end swimwear, independent fashion, Econyl Sleek Satin bikini, minimalist one-piece, architectural swimsuit",TRUE,Color,Obsidian Black,Size,XS,TWESSIE_SG_OP_0101-Obsidian Black-XS,168.0,,10
twessie-sg-op-0101,Sculptural Obsidian Black Monokini,<p>A statement piece in Econyl Sleek Satin. This one-piece combines anti-fashion statement design with impeccable craftsmanship. Available in Obsidian Black with Chalk White detailing. Not loud. Not obvious. Unmistakably Twessie.</p>,Twessie,One-Piece,"high-end swimwear, independent fashion, Econyl Sleek Satin bikini, minimalist one-piece, architectural swimsuit",TRUE,Color,Obsidian Black,Size,S,TWESSIE_SG_OP_0101-Obsidian Black-S,168.0,,10
twessie-sg-op-0101,Sculptural Obsidian Black Monokini,<p>A statement piece in Econyl Sleek Satin. This one-piece combines anti-fashion statement design with impeccable craftsmanship. Available in Obsidian Black with Chalk White detailing. Not loud. Not obvious. Unmistakably Twessie.</p>,Twessie,One-Piece,"high-end swimwear, independent fashion, Econyl Sleek Satin bikini, minimalist one-piece, architectural swimsuit",TRUE,Color,Obsidian Black,Size,M,TWESSIE_SG_OP_0101-Obsidian Black-M,168.0,,10
twessie-sg-op-0101,Sculptural Obsidian Black Monokini,<p>A statement piece in Econyl Sleek Satin. This one-piece combines anti-fashion statement design with impeccable craftsmanship. Available in Obsidian Black with Chalk White detailing. Not loud. Not obvious. Unmistakably Twessie.</p>,Twessie,One-Piece,"high-end swimwear, independent fashion, Econyl Sleek Satin bikini, minimalist one-piece, architectural swimsuit",TRUE,Color,Obsidian Black,Size,L,TWESSIE_SG_OP_0101-Obsidian Black-L,168.0,,10
twessie-sg-op-0101,Sculptural Obsidian Black Monokini,<p>A statement piece in Econyl Sleek Satin. This one-piece combines anti-fashion statement design with impeccable craftsmanship. Available in Obsidian Black with Chalk White detailing. Not loud. Not obvious. Unmistakably Twessie.</p>,Twessie,One-Piece,"high-end swimwear, independent fashion, Econyl Sleek Satin bikini, minimalist one-piece, architectural swimsuit",TRUE,Color,Obsidian Black,Size,XL,TWESSIE_SG_OP_0101-Obsidian Black-XL,168.0,,10
twessie-sg-op-0101,Sculptural Obsidian Black Monokini,<p>A statement piece in Econyl Sleek Satin. This one-piece combines anti-fashion statement design with impeccable craftsmanship. Available in Obsidian Black with Chalk White detailing. Not loud. Not obvious. Unmistakably Twessie.</p>,Twessie,One-Piece,"high-end swimwear, independent fashion, Econyl Sleek Satin bikini, minimalist one-piece, architectural swimsuit",TRUE,Color,Obsidian Black,Size,XXL,TWESSIE_SG_OP_0101-Obsidian Black-XXL,168.0,,10
twessie-sg-op-0101,Sculptural Obsidian Black Monokini,<p>A statement piece in Econyl Sleek Satin. This one-piece combines anti-fashion statement design with impeccable craftsmanship. Available in Obsidian Black with Chalk White detailing. Not loud. Not obvious. Unmistakably Twessie.</p>,Twessie,One-Piece,"high-end swimwear, independent fashion, Econyl Sleek Satin bikini, minimalist one-piece, architectural swimsuit",TRUE,Color,Chalk White,Size,XS,TWESSIE_SG_OP_0101-Chalk White-XS,168.0,,10
twessie-sg-op-0101,Sculptural Obsidian Black Monokini,<p>A statement piece in Econyl Sleek Satin. This one-piece combines anti-fashion statement design with impeccable craftsmanship. Available in Obsidian Black with Chalk White detailing. Not loud. Not obvious. Unmistakably Twessie.</p>,Twessie,One-Piece,"high-end swimwear, independent fashion, Econyl Sleek Satin bikini, minimalist one-piece, architectural swimsuit",TRUE,Color,Chalk White,Size,S,TWESSIE_SG_OP_0101-Chalk White-S,168.0,,10
twessie-sg-op-0101,Sculptural Obsidian Black Monokini,<p>A statement piece in Econyl Sleek Satin. This one-piece combines anti-fashion statement design with impeccable craftsmanship. Available in Obsidian Black with Chalk White detailing. Not loud. Not obvious. Unmistakably Twessie.</p>,Twessie,One-Piece,"high-end swimwear, independent fashion, Econyl Sleek Satin bikini, minimalist one-piece, architectural swimsuit",TRUE,Color,Chalk White,Size,M,TWESSIE_SG_OP_0101-Chalk White-M,168.0,,10
twessie-sg-op-0101,Sculptural Obsidian Black Monokini,<p>A statement piece in Econyl Sleek Satin. This one-piece combines anti-fashion statement design with impeccable craftsmanship. Available in Obsidian Black with Chalk White detailing. Not loud. Not obvious. Unmistakably Twessie.</p>,Twessie,One-Piece,"high-end swimwear, independent fashion, Econyl Sleek Satin bikini, minimalist one-piece, architectural swimsuit",TRUE,Color,Chalk White,Size,L,TWESSIE_SG_OP_0101-Chalk White-L,168.0,,10
twessie-sg-op-0101,Sculptural Obsidian Black Monokini,<p>A statement piece in Econyl Sleek Satin. This one-piece combines anti-fashion statement design with impeccable craftsmanship. Available in Obsidian Black with Chalk White detailing. Not loud. Not obvious. Unmistakably Twessie.</p>,Twessie,One-Piece,"high-end swimwear, independent fashion, Econyl Sleek Satin bikini, minimalist one-piece, architectural swimsuit",TRUE,Color,Chalk White,Size,XL,TWESSIE_SG_OP_0101-Chalk White-XL,168.0,,10
twessie-sg-op-0101,Sculptural Obsidian Black Monokini,<p>A statement piece in Econyl Sleek Satin. This one-piece combines anti-fashion statement design with impeccable craftsmanship. Available in Obsidian Black with Chalk White detailing. Not loud. Not obvious. Unmistakably Twessie.</p>,Twessie,One-Piece,"high-end swimwear, independent fashion, Econyl Sleek Satin bikini, minimalist one-piece, architectural swimsuit",TRUE,Color,Chalk White,Size,XXL,TWESSIE_SG_OP_0101-Chalk White-XXL,168.0,,10
twessie-au-bb-0102,Structural Econyl Sleek Satin Bikini Bottom,<p>A statement piece in Econyl Sleek Satin. This bikini bottom combines rebellious yet refined design with impeccable craftsmanship. Available in Obsidian Black with Stone Gray detailing. Not loud. Not obvious. Unmistakably Twessie.</p>,Twessie,Bikini Bottom,"Econyl Sleek Satin bikini, minimalist luxury, independent fashion, high-end swimwear, architectural swimsuit",TRUE,Color,Obsidian Black,Size,XS,TWESSIE_AU_BB_0102-Obsidian Black-XS,168.0,,10
twessie-au-bb-0102,Structural Econyl Sleek Satin Bikini Bottom,<p>A statement piece in Econyl Sleek Satin. This bikini bottom combines rebellious yet refined design with impeccable craftsmanship. Available in Obsidian Black with Stone Gray detailing. Not loud. Not obvious. Unmistakably Twessie.</p>,Twessie,Bikini Bottom,"Econyl Sleek Satin bikini, minimalist luxury, independent fashion, high-end swimwear, architectural swimsuit",TRUE,Color,Obsidian Black,Size,S,TWESSIE_AU_BB_0102-Obsidian Black-S,168.0,,10
twessie-au-bb-0102,Structural Econyl Sleek Satin Bikini Bottom,<p>A statement piece in Econyl Sleek Satin. This bikini bottom combines rebellious yet refined design with impeccable craftsmanship. Available in Obsidian Black with Stone Gray detailing. Not loud. Not obvious. Unmistakably Twessie.</p>,Twessie,Bikini Bottom,"Econyl Sleek Satin bikini, minimalist luxury, independent fashion, high-end swimwear, architectural swimsuit",TRUE,Color,Obsidian Black,Size,M,TWESSIE_AU_BB_0102-Obsidian Black-M,168.0,,10
twessie-au-bb-0102,Structural Econyl Sleek Satin Bikini Bottom,<p>A statement piece in Econyl Sleek Satin. This bikini bottom combines rebellious yet refined design with impeccable craftsmanship. Available in Obsidian Black with Stone Gray detailing. Not loud. Not obvious. Unmistakably Twessie.</p>,Twessie,Bikini Bottom,"Econyl Sleek Satin bikini, minimalist luxury, independent fashion, high-end swimwear, architectural swimsuit",TRUE,Color,Obsidian Black,Size,L,TWESSIE_AU_BB_0102-Obsidian Black-L,168.0,,10
twessie-au-bb-0102,Structural Econyl Sleek Satin Bikini Bottom,<p>A statement piece in Econyl Sleek Satin. This bikini bottom combines rebellious yet refined design with impeccable craftsmanship. Available in Obsidian Black with Stone Gray detailing. Not loud. Not obvious. Unmistakably Twessie.</p>,Twessie,Bikini Bottom,"Econyl Sleek Satin bikini, minimalist luxury, independent fashion, high-end swimwear, architectural swimsuit",TRUE,Color,Obsidian Black,Size,XL,TWESSIE_AU_BB_0102-Obsidian Black-XL,168.0,,10
twessie-au-bb-0102,Structural Econyl Sleek Satin Bikini Bottom,<p>A statement piece in Econyl Sleek Satin. This bikini bottom combines rebellious yet refined design with impeccable craftsmanship. Available in Obsidian Black with Stone Gray detailing. Not loud. Not obvious. Unmistakably Twessie.</p>,Twessie,Bikini Bottom,"Econyl Sleek Satin bikini, minimalist luxury, independent fashion, high-end swimwear, architectural swimsuit",TRUE,Color,Obsidian Black,Size,XXL,TWESSIE_AU_BB_0102-Obsidian Black-XXL,168.0,,10
twessie-au-bb-0102,Structural Econyl Sleek Satin Bikini Bottom,<p>A statement piece in Econyl Sleek Satin. This bikini bottom combines rebellious yet refined design with impeccable craftsmanship. Available in Obsidian Black with Stone Gray detailing. Not loud. Not obvious. Unmistakably Twessie.</p>,Twessie,Bikini Bottom,"Econyl Sleek Satin bikini, minimalist luxury, independent fashion, high-end swimwear, architectural swimsuit",TRUE,Color,Stone Gray,Size,XS,TWESSIE_AU_BB_0102-Stone Gray-XS,168.0,,10
twessie-au-bb-0102,Structural Econyl Sleek Satin Bikini Bottom,<p>A statement piece in Econyl Sleek Satin. This bikini bottom combines rebellious yet refined design with impeccable craftsmanship. Available in Obsidian Black with Stone Gray detailing. Not loud. Not obvious. Unmistakably Twessie.</p>,Twessie,Bikini Bottom,"Econyl Sleek Satin bikini, minimalist luxury, independent fashion, high-end swimwear, architectural swimsuit",TRUE,Color,Stone Gray,Size,S,TWESSIE_AU_BB_0102-Stone Gray-S,168.0,,10
twessie-au-bb-0102,Structural Econyl Sleek Satin Bikini Bottom,<p>A statement piece in Econyl Sleek Satin. This bikini bottom combines rebellious yet refined design with impeccable craftsmanship. Available in Obsidian Black with Stone Gray detailing. Not loud. Not obvious. Unmistakably Twessie.</p>,Twessie,Bikini Bottom,"Econyl Sleek Satin bikini, minimalist luxury, independent fashion, high-end swimwear, architectural swimsuit",TRUE,Color,Stone Gray,Size,M,TWESSIE_AU_BB_0102-Stone Gray-M,168.0,,10
twessie-au-bb-0102,Structural Econyl Sleek Satin Bikini Bottom,<p>A statement piece in Econyl Sleek Satin. This bikini bottom combines rebellious yet refined design with impeccable craftsmanship. Available in Obsidian Black with Stone Gray detailing. Not loud. Not obvious. Unmistakably Twessie.</p>,Twessie,Bikini Bottom,"Econyl Sleek Satin bikini, minimalist luxury, independent fashion, high-end swimwear, architectural swimsuit",TRUE,Color,Stone Gray,Size,L,TWESSIE_AU_BB_0102-Stone Gray-L,168.0,,10
twessie-au-bb-0102,Structural Econyl Sleek Satin Bikini Bottom,<p>A statement piece in Econyl Sleek Satin. This bikini bottom combines rebellious yet refined design with impeccable craftsmanship. Available in Obsidian Black with Stone Gray detailing. Not loud. Not obvious. Unmistakably Twessie.</p>,Twessie,Bikini Bottom,"Econyl Sleek Satin bikini, minimalist luxury, independent fashion, high-end swimwear, architectural swimsuit",TRUE,Color,Stone Gray,Size,XL,TWESSIE_AU_BB_0102-Stone Gray-XL,168.0,,10
twessie-au-bb-0102,Structural Econyl Sleek Satin Bikini Bottom,<p>A statement piece in Econyl Sleek Satin. This bikini bottom combines rebellious yet refined design with impeccable craftsmanship. Available in Obsidian Black with Stone Gray detailing. Not loud. Not obvious. Unmistakably Twessie.</p>,Twessie,Bikini Bottom,"Econyl Sleek Satin bikini, minimalist luxury, independent fashion, high-end swimwear, architectural swimsuit",TRUE,Color,Stone Gray,Size,XXL,TWESSIE_AU_BB_0102-Stone Gray-XXL,168.0,,10
twessie-sg-op-0103,Chalk White Architectural One-Piece Swimsuit,<p>Crafted in premium Crinkled Seersucker with Matte Ribbed Knit accents. This one-piece epitomizes anti-fashion statement luxury. Featuring color-blocking in Chalk White and Stone Gray. Perfect for the discerning swimmer who refuses the obvious.</p>,Twessie,One-Piece,"minimalist luxury, luxury Chalk White swimwear, independent fashion, Crinkled Seersucker bikini, architectural swimsuit",TRUE,Color,Chalk White,Size,XS,TWESSIE_SG_OP_0103-Chalk White-XS,168.0,,10
twessie-sg-op-0103,Chalk White Architectural One-Piece Swimsuit,<p>Crafted in premium Crinkled Seersucker with Matte Ribbed Knit accents. This one-piece epitomizes anti-fashion statement luxury. Featuring color-blocking in Chalk White and Stone Gray. Perfect for the discerning swimmer who refuses the obvious.</p>,Twessie,One-Piece,"minimalist luxury, luxury Chalk White swimwear, independent fashion, Crinkled Seersucker bikini, architectural swimsuit",TRUE,Color,Chalk White,Size,S,TWESSIE_SG_OP_0103-Chalk White-S,168.0,,10
twessie-sg-op-0103,Chalk White Architectural One-Piece Swimsuit,<p>Crafted in premium Crinkled Seersucker with Matte Ribbed Knit accents. This one-piece epitomizes anti-fashion statement luxury. Featuring color-blocking in Chalk White and Stone Gray. Perfect for the discerning swimmer who refuses the obvious.</p>,Twessie,One-Piece,"minimalist luxury, luxury Chalk White swimwear, independent fashion, Crinkled Seersucker bikini, architectural swimsuit",TRUE,Color,Chalk White,Size,M,TWESSIE_SG_OP_0103-Chalk White-M,168.0,,10
twessie-sg-op-0103,Chalk White Architectural One-Piece Swimsuit,<p>Crafted in premium Crinkled Seersucker with Matte Ribbed Knit accents. This one-piece epitomizes anti-fashion statement luxury. Featuring color-blocking in Chalk White and Stone Gray. Perfect for the discerning swimmer who refuses the obvious.</p>,Twessie,One-Piece,"minimalist luxury, luxury Chalk White swimwear, independent fashion, Crinkled Seersucker bikini, architectural swimsuit",TRUE,Color,Chalk White,Size,L,TWESSIE_SG_OP_0103-Chalk White-L,168.0,,10
twessie-sg-op-0103,Chalk White Architectural One-Piece Swimsuit,<p>Crafted in premium Crinkled Seersucker with Matte Ribbed Knit accents. This one-piece epitomizes anti-fashion statement luxury. Featuring color-blocking in Chalk White and Stone Gray. Perfect for the discerning swimmer who refuses the obvious.</p>,Twessie,One-Piece,"minimalist luxury, luxury Chalk White swimwear, independent fashion, Crinkled Seersucker bikini, architectural swimsuit",TRUE,Color,Chalk White,Size,XL,TWESSIE_SG_OP_0103-Chalk White-XL,168.0,,10
twessie-sg-op-0103,Chalk White Architectural One-Piece Swimsuit,<p>Crafted in premium Crinkled Seersucker with Matte Ribbed Knit accents. This one-piece epitomizes anti-fashion statement luxury. Featuring color-blocking in Chalk White and Stone Gray. Perfect for the discerning swimmer who refuses the obvious.</p>,Twessie,One-Piece,"minimalist luxury, luxury Chalk White swimwear, independent fashion, Crinkled Seersucker bikini, architectural swimsuit",TRUE,Color,Chalk White,Size,XXL,TWESSIE_SG_OP_0103-Chalk White-XXL,168.0,,10
twessie-sg-op-0103,Chalk White Architectural One-Piece Swimsuit,<p>Crafted in premium Crinkled Seersucker with Matte Ribbed Knit accents. This one-piece epitomizes anti-fashion statement luxury. Featuring color-blocking in Chalk White and Stone Gray. Perfect for the discerning swimmer who refuses the obvious.</p>,Twessie,One-Piece,"minimalist luxury, luxury Chalk White swimwear, independent fashion, Crinkled Seersucker bikini, architectural swimsuit",TRUE,Color,Stone Gray,Size,XS,TWESSIE_SG_OP_0103-Stone Gray-XS,168.0,,10
twessie-sg-op-0103,Chalk White Architectural One-Piece Swimsuit,<p>Crafted in premium Crinkled Seersucker with Matte Ribbed Knit accents. This one-piece epitomizes anti-fashion statement luxury. Featuring color-blocking in Chalk White and Stone Gray. Perfect for the discerning swimmer who refuses the obvious.</p>,Twessie,One-Piece,"minimalist luxury, luxury Chalk White swimwear, independent fashion, Crinkled Seersucker bikini, architectural swimsuit",TRUE,Color,Stone Gray,Size,S,TWESSIE_SG_OP_0103-Stone Gray-S,168.0,,10
twessie-sg-op-0103,Chalk White Architectural One-Piece Swimsuit,<p>Crafted in premium Crinkled Seersucker with Matte Ribbed Knit accents. This one-piece epitomizes anti-fashion statement luxury. Featuring color-blocking in Chalk White and Stone Gray. Perfect for the discerning swimmer who refuses the obvious.</p>,Twessie,One-Piece,"minimalist luxury, luxury Chalk White swimwear, independent fashion, Crinkled Seersucker bikini, architectural swimsuit",TRUE,Color,Stone Gray,Size,M,TWESSIE_SG_OP_0103-Stone Gray-M,168.0,,10
twessie-sg-op-0103,Chalk White Architectural One-Piece Swimsuit,<p>Crafted in premium Crinkled Seersucker with Matte Ribbed Knit accents. This one-piece epitomizes anti-fashion statement luxury. Featuring color-blocking in Chalk White and Stone Gray. Perfect for the discerning swimmer who refuses the obvious.</p>,Twessie,One-Piece,"minimalist luxury, luxury Chalk White swimwear, independent fashion, Crinkled Seersucker bikini, architectural swimsuit",TRUE,Color,Stone Gray,Size,L,TWESSIE_SG_OP_0103-Stone Gray-L,168.0,,10
twessie-sg-op-0103,Chalk White Architectural One-Piece Swimsuit,<p>Crafted in premium Crinkled Seersucker with Matte Ribbed Knit accents. This one-piece epitomizes anti-fashion statement luxury. Featuring color-blocking in Chalk White and Stone Gray. Perfect for the discerning swimmer who refuses the obvious.</p>,Twessie,One-Piece,"minimalist luxury, luxury Chalk White swimwear, independent fashion, Crinkled Seersucker bikini, architectural swimsuit",TRUE,Color,Stone Gray,Size,XL,TWESSIE_SG_OP_0103-Stone Gray-XL,168.0,,10
twessie-sg-op-0103,Chalk White Architectural One-Piece Swimsuit,<p>Crafted in premium Crinkled Seersucker with Matte Ribbed Knit accents. This one-piece epitomizes anti-fashion statement luxury. Featuring color-blocking in Chalk White and Stone Gray. Perfect for the discerning swimmer who refuses the obvious.</p>,Twessie,One-Piece,"minimalist luxury, luxury Chalk White swimwear, independent fashion, Crinkled Seersucker bikini, architectural swimsuit",TRUE,Color,Stone Gray,Size,XXL,TWESSIE_SG_OP_0103-Stone Gray-XXL,168.0,,10
twessie-eu-bb-0104,Structural Matte Ribbed Knit Bikini Bottom,"<p>Matte Ribbed Knit construction meets architectural precision in this bikini bottom. Designed for the intelligent, independent woman. The Burnt Terracotta colorway with Olive Drab accents creates a sophisticated palette. Pure intelligent aesthetic elegance.</p>",Twessie,Bikini Bottom,"luxury Burnt Terracotta swimwear, minimalist luxury, Matte Ribbed Knit bikini, minimalist bikini bottom, high-end swimwear",TRUE,Color,Burnt Terracotta,Size,XS,TWESSIE_EU_BB_0104-Burnt Terracotta-XS,168.0,,10
twessie-eu-bb-0104,Structural Matte Ribbed Knit Bikini Bottom,"<p>Matte Ribbed Knit construction meets architectural precision in this bikini bottom. Designed for the intelligent, independent woman. The Burnt Terracotta colorway with Olive Drab accents creates a sophisticated palette. Pure intelligent aesthetic elegance.</p>",Twessie,Bikini Bottom,"luxury Burnt Terracotta swimwear, minimalist luxury, Matte Ribbed Knit bikini, minimalist bikini bottom, high-end swimwear",TRUE,Color,Burnt Terracotta,Size,S,TWESSIE_EU_BB_0104-Burnt Terracotta-S,168.0,,10
twessie-eu-bb-0104,Structural Matte Ribbed Knit Bikini Bottom,"<p>Matte Ribbed Knit construction meets architectural precision in this bikini bottom. Designed for the intelligent, independent woman. The Burnt Terracotta colorway with Olive Drab accents creates a sophisticated palette. Pure intelligent aesthetic elegance.</p>",Twessie,Bikini Bottom,"luxury Burnt Terracotta swimwear, minimalist luxury, Matte Ribbed Knit bikini, minimalist bikini bottom, high-end swimwear",TRUE,Color,Burnt Terracotta,Size,M,TWESSIE_EU_BB_0104-Burnt Terracotta-M,168.0,,10
twessie-eu-bb-0104,Structural Matte Ribbed Knit Bikini Bottom,"<p>Matte Ribbed Knit construction meets architectural precision in this bikini bottom. Designed for the intelligent, independent woman. The Burnt Terracotta colorway with Olive Drab accents creates a sophisticated palette. Pure intelligent aesthetic elegance.</p>",Twessie,Bikini Bottom,"luxury Burnt Terracotta swimwear, minimalist luxury, Matte Ribbed Knit bikini, minimalist bikini bottom, high-end swimwear",TRUE,Color,Burnt Terracotta,Size,L,TWESSIE_EU_BB_0104-Burnt Terracotta-L,168.0,,10
twessie-eu-bb-0104,Structural Matte Ribbed Knit Bikini Bottom,"<p>Matte Ribbed Knit construction meets architectural precision in this bikini bottom. Designed for the intelligent, independent woman. The Burnt Terracotta colorway with Olive Drab accents creates a sophisticated palette. Pure intelligent aesthetic elegance.</p>",Twessie,Bikini Bottom,"luxury Burnt Terracotta swimwear, minimalist luxury, Matte Ribbed Knit bikini, minimalist bikini bottom, high-end swimwear",TRUE,Color,Burnt Terracotta,Size,XL,TWESSIE_EU_BB_0104-Burnt Terracotta-XL,168.0,,10
twessie-eu-bb-0104,Structural Matte Ribbed Knit Bikini Bottom,"<p>Matte Ribbed Knit construction meets architectural precision in this bikini bottom. Designed for the intelligent, independent woman. The Burnt Terracotta colorway with Olive Drab accents creates a sophisticated palette. Pure intelligent aesthetic elegance.</p>",Twessie,Bikini Bottom,"luxury Burnt Terracotta swimwear, minimalist luxury, Matte Ribbed Knit bikini, minimalist bikini bottom, high-end swimwear",TRUE,Color,Burnt Terracotta,Size,XXL,TWESSIE_EU_BB_0104-Burnt Terracotta-XXL,168.0,,10
twessie-eu-bb-0104,Structural Matte Ribbed Knit Bikini Bottom,"<p>Matte Ribbed Knit construction meets architectural precision in this bikini bottom. Designed for the intelligent, independent woman. The Burnt Terracotta colorway with Olive Drab accents creates a sophisticated palette. Pure intelligent aesthetic elegance.</p>",Twessie,Bikini Bottom,"luxury Burnt Terracotta swimwear, minimalist luxury, Matte Ribbed Knit bikini, minimalist bikini bottom, high-end swimwear",TRUE,Color,Olive Drab,Size,XS,TWESSIE_EU_BB_0104-Olive Drab-XS,168.0,,10
twessie-eu-bb-0104,Structural Matte Ribbed Knit Bikini Bottom,"<p>Matte Ribbed Knit construction meets architectural precision in this bikini bottom. Designed for the intelligent, independent woman. The Burnt Terracotta colorway with Olive Drab accents creates a sophisticated palette. Pure intelligent aesthetic elegance.</p>",Twessie,Bikini Bottom,"luxury Burnt Terracotta swimwear, minimalist luxury, Matte Ribbed Knit bikini, minimalist bikini bottom, high-end swimwear",TRUE,Color,Olive Drab,Size,S,TWESSIE_EU_BB_0104-Olive Drab-S,168.0,,10
twessie-eu-bb-0104,Structural Matte Ribbed Knit Bikini Bottom,"<p>Matte Ribbed Knit construction meets architectural precision in this bikini bottom. Designed for the intelligent, independent woman. The Burnt Terracotta colorway with Olive Drab accents creates a sophisticated palette. Pure intelligent aesthetic elegance.</p>",Twessie,Bikini Bottom,"luxury Burnt Terracotta swimwear, minimalist luxury, Matte Ribbed Knit bikini, minimalist bikini bottom, high-end swimwear",TRUE,Color,Olive Drab,Size,M,TWESSIE_EU_BB_0104-Olive Drab-M,168.0,,10
twessie-eu-bb-0104,Structural Matte Ribbed Knit Bikini Bottom,"<p>Matte Ribbed Knit construction meets architectural precision in this bikini bottom. Designed for the intelligent, independent woman. The Burnt Terracotta colorway with Olive Drab accents creates a sophisticated palette. Pure intelligent aesthetic elegance.</p>",Twessie,Bikini Bottom,"luxury Burnt Terracotta swimwear, minimalist luxury, Matte Ribbed Knit bikini, minimalist bikini bottom, high-end swimwear",TRUE,Color,Olive Drab,Size,L,TWESSIE_EU_BB_0104-Olive Drab-L,168.0,,10
twessie-eu-bb-0104,Structural Matte Ribbed Knit Bikini Bottom,"<p>Matte Ribbed Knit construction meets architectural precision in this bikini bottom. Designed for the intelligent, independent woman. The Burnt Terracotta colorway with Olive Drab accents creates a sophisticated palette. Pure intelligent aesthetic elegance.</p>",Twessie,Bikini Bottom,"luxury Burnt Terracotta swimwear, minimalist luxury, Matte Ribbed Knit bikini, minimalist bikini bottom, high-end swimwear",TRUE,Color,Olive Drab,Size,XL,TWESSIE_EU_BB_0104-Olive Drab-XL,168.0,,10
twessie-eu-bb-0104,Structural Matte Ribbed Knit Bikini Bottom,"<p>Matte Ribbed Knit construction meets architectural precision in this bikini bottom. Designed for the intelligent, independent woman. The Burnt Terracotta colorway with Olive Drab accents creates a sophisticated palette. Pure intelligent aesthetic elegance.</p>",Twessie,Bikini Bottom,"luxury Burnt Terracotta swimwear, minimalist luxury, Matte Ribbed Knit bikini, minimalist bikini bottom, high-end swimwear",TRUE,Color,Olive Drab,Size,XXL,TWESSIE_EU_BB_0104-Olive Drab-XXL,168.0,,10
twessie-au-bb-0105,Chalk White Minimalist Crinkled Seersucker Bikini Bottom,"<p>Crinkled Seersucker construction meets architectural precision in this bikini bottom. Designed for the intelligent, independent woman. The Chalk White colorway with Stone Gray accents creates a sophisticated palette. Pure rebellious yet refined elegance.</p>",Twessie,Bikini Bottom,"minimalist luxury, high-end swimwear, architectural swimsuit, minimalist bikini bottom, luxury Chalk White swimwear",TRUE,Color,Chalk White,Size,XS,TWESSIE_AU_BB_0105-Chalk White-XS,168.0,,10
twessie-au-bb-0105,Chalk White Minimalist Crinkled Seersucker Bikini Bottom,"<p>Crinkled Seersucker construction meets architectural precision in this bikini bottom. Designed for the intelligent, independent woman. The Chalk White colorway with Stone Gray accents creates a sophisticated palette. Pure rebellious yet refined elegance.</p>",Twessie,Bikini Bottom,"minimalist luxury, high-end swimwear, architectural swimsuit, minimalist bikini bottom, luxury Chalk White swimwear",TRUE,Color,Chalk White,Size,S,TWESSIE_AU_BB_0105-Chalk White-S,168.0,,10
twessie-au-bb-0105,Chalk White Minimalist Crinkled Seersucker Bikini Bottom,"<p>Crinkled Seersucker construction meets architectural precision in this bikini bottom. Designed for the intelligent, independent woman. The Chalk White colorway with Stone Gray accents creates a sophisticated palette. Pure rebellious yet refined elegance.</p>",Twessie,Bikini Bottom,"minimalist luxury, high-end swimwear, architectural swimsuit, minimalist bikini bottom, luxury Chalk White swimwear",TRUE,Color,Chalk White,Size,M,TWESSIE_AU_BB_0105-Chalk White-M,168.0,,10
twessie-au-bb-0105,Chalk White Minimalist Crinkled Seersucker Bikini Bottom,"<p>Crinkled Seersucker construction meets architectural precision in this bikini bottom. Designed for the intelligent, independent woman. The Chalk White colorway with Stone Gray accents creates a sophisticated palette. Pure rebellious yet refined elegance.</p>",Twessie,Bikini Bottom,"minimalist luxury, high-end swimwear, architectural swimsuit, minimalist bikini bottom, luxury Chalk White swimwear",TRUE,Color,Chalk White,Size,L,TWESSIE_AU_BB_0105-Chalk White-L,168.0,,10
twessie-au-bb-0105,Chalk White Minimalist Crinkled Seersucker Bikini Bottom,"<p>Crinkled Seersucker construction meets architectural precision in this bikini bottom. Designed for the intelligent, independent woman. The Chalk White colorway with Stone Gray accents creates a sophisticated palette. Pure rebellious yet refined elegance.</p>",Twessie,Bikini Bottom,"minimalist luxury, high-end swimwear, architectural swimsuit, minimalist bikini bottom, luxury Chalk White swimwear",TRUE,Color,Chalk White,Size,XL,TWESSIE_AU_BB_0105-Chalk White-XL,168.0,,10
twessie-au-bb-0105,Chalk White Minimalist Crinkled Seersucker Bikini Bottom,"<p>Crinkled Seersucker construction meets architectural precision in this bikini bottom. Designed for the intelligent, independent woman. The Chalk White colorway with Stone Gray accents creates a sophisticated palette. Pure rebellious yet refined elegance.</p>",Twessie,Bikini Bottom,"minimalist luxury, high-end swimwear, architectural swimsuit, minimalist bikini bottom, luxury Chalk White swimwear",TRUE,Color,Chalk White,Size,XXL,TWESSIE_AU_BB_0105-Chalk White-XXL,168.0,,10
twessie-au-bb-0105,Chalk White Minimalist Crinkled Seersucker Bikini Bottom,"<p>Crinkled Seersucker construction meets architectural precision in this bikini bottom. Designed for the intelligent, independent woman. The Chalk White colorway with Stone Gray accents creates a sophisticated palette. Pure rebellious yet refined elegance.</p>",Twessie,Bikini Bottom,"minimalist luxury, high-end swimwear, architectural swimsuit, minimalist bikini bottom, luxury Chalk White swimwear",TRUE,Color,Stone Gray,Size,XS,TWESSIE_AU_BB_0105-Stone Gray-XS,168.0,,10
twessie-au-bb-0105,Chalk White Minimalist Crinkled Seersucker Bikini Bottom,"<p>Crinkled Seersucker construction meets architectural precision in this bikini bottom. Designed for the intelligent, independent woman. The Chalk White colorway with Stone Gray accents creates a sophisticated palette. Pure rebellious yet refined elegance.</p>",Twessie,Bikini Bottom,"minimalist luxury, high-end swimwear, architectural swimsuit, minimalist bikini bottom, luxury Chalk White swimwear",TRUE,Color,Stone Gray,Size,S,TWESSIE_AU_BB_0105-Stone Gray-S,168.0,,10
twessie-au-bb-0105,Chalk White Minimalist Crinkled Seersucker Bikini Bottom,"<p>Crinkled Seersucker construction meets architectural precision in this bikini bottom. Designed for the intelligent, independent woman. The Chalk White colorway with Stone Gray accents creates a sophisticated palette. Pure rebellious yet refined elegance.</p>",Twessie,Bikini Bottom,"minimalist luxury, high-end swimwear, architectural swimsuit, minimalist bikini bottom, luxury Chalk White swimwear",TRUE,Color,Stone Gray,Size,M,TWESSIE_AU_BB_0105-Stone Gray-M,168.0,,10
twessie-au-bb-0105,Chalk White Minimalist Crinkled Seersucker Bikini Bottom,"<p>Crinkled Seersucker construction meets architectural precision in this bikini bottom. Designed for the intelligent, independent woman. The Chalk White colorway with Stone Gray accents creates a sophisticated palette. Pure rebellious yet refined elegance.</p>",Twessie,Bikini Bottom,"minimalist luxury, high-end swimwear, architectural swimsuit, minimalist bikini bottom, luxury Chalk White swimwear",TRUE,Color,Stone Gray,Size,L,TWESSIE_AU_BB_0105-Stone Gray-L,168.0,,10
twessie-au-bb-0105,Chalk White Minimalist Crinkled Seersucker Bikini Bottom,"<p>Crinkled Seersucker construction meets architectural precision in this bikini bottom. Designed for the intelligent, independent woman. The Chalk White colorway with Stone Gray accents creates a sophisticated palette. Pure rebellious yet refined elegance.</p>",Twessie,Bikini Bottom,"minimalist luxury, high-end swimwear, architectural swimsuit, minimalist bikini bottom, luxury Chalk White swimwear",TRUE,Color,Stone Gray,Size,XL,TWESSIE_AU_BB_0105-Stone Gray-XL,168.0,,10
twessie-au-bb-0105,Chalk White Minimalist Crinkled Seersucker Bikini Bottom,"<p>Crinkled Seersucker construction meets architectural precision in this bikini bottom. Designed for the intelligent, independent woman. The Chalk White colorway with Stone Gray accents creates a sophisticated palette. Pure rebellious yet refined elegance.</p>",Twessie,Bikini Bottom,"minimalist luxury, high-end swimwear, architectural swimsuit, minimalist bikini bottom, luxury Chalk White swimwear",TRUE,Color,Stone Gray,Size,XXL,TWESSIE_AU_BB_0105-Stone Gray-XXL,168.0,,10
twessie-sg-bb-0106,Stone Gray Minimalist Crinkled Seersucker Bikini Bottom,"<p>Crinkled Seersucker construction meets architectural precision in this bikini bottom. Designed for the intelligent, independent woman. The Stone Gray colorway with Chalk White accents creates a sophisticated palette. Pure rebellious yet refined elegance.</p>",Twessie,Bikini Bottom,"architectural swimsuit, Crinkled Seersucker bikini, luxury Stone Gray swimwear, minimalist luxury, high-end swimwear",TRUE,Color,Stone Gray,Size,XS,TWESSIE_SG_BB_0106-Stone Gray-XS,168.0,,10
twessie-sg-bb-0106,Stone Gray Minimalist Crinkled Seersucker Bikini Bottom,"<p>Crinkled Seersucker construction meets architectural precision in this bikini bottom. Designed for the intelligent, independent woman. The Stone Gray colorway with Chalk White accents creates a sophisticated palette. Pure rebellious yet refined elegance.</p>",Twessie,Bikini Bottom,"architectural swimsuit, Crinkled Seersucker bikini, luxury Stone Gray swimwear, minimalist luxury, high-end swimwear",TRUE,Color,Stone Gray,Size,S,TWESSIE_SG_BB_0106-Stone Gray-S,168.0,,10
twessie-sg-bb-0106,Stone Gray Minimalist Crinkled Seersucker Bikini Bottom,"<p>Crinkled Seersucker construction meets architectural precision in this bikini bottom. Designed for the intelligent, independent woman. The Stone Gray colorway with Chalk White accents creates a sophisticated palette. Pure rebellious yet refined elegance.</p>",Twessie,Bikini Bottom,"architectural swimsuit, Crinkled Seersucker bikini, luxury Stone Gray swimwear, minimalist luxury, high-end swimwear",TRUE,Color,Stone Gray,Size,M,TWESSIE_SG_BB_0106-Stone Gray-M,168.0,,10
twessie-sg-bb-0106,Stone Gray Minimalist Crinkled Seersucker Bikini Bottom,"<p>Crinkled Seersucker construction meets architectural precision in this bikini bottom. Designed for the intelligent, independent woman. The Stone Gray colorway with Chalk White accents creates a sophisticated palette. Pure rebellious yet refined elegance.</p>",Twessie,Bikini Bottom,"architectural swimsuit, Crinkled Seersucker bikini, luxury Stone Gray swimwear, minimalist luxury, high-end swimwear",TRUE,Color,Stone Gray,Size,L,TWESSIE_SG_BB_0106-Stone Gray-L,168.0,,10
twessie-sg-bb-0106,Stone Gray Minimalist Crinkled Seersucker Bikini Bottom,"<p>Crinkled Seersucker construction meets architectural precision in this bikini bottom. Designed for the intelligent, independent woman. The Stone Gray colorway with Chalk White accents creates a sophisticated palette. Pure rebellious yet refined elegance.</p>",Twessie,Bikini Bottom,"architectural swimsuit, Crinkled Seersucker bikini, luxury Stone Gray swimwear, minimalist luxury, high-end swimwear",TRUE,Color,Stone Gray,Size,XL,TWESSIE_SG_BB_0106-Stone Gray-XL,168.0,,10
twessie-sg-bb-0106,Stone Gray Minimalist Crinkled Seersucker Bikini Bottom,"<p>Crinkled Seersucker construction meets architectural precision in this bikini bottom. Designed for the intelligent, independent woman. The Stone Gray colorway with Chalk White accents creates a sophisticated palette. Pure rebellious yet refined elegance.</p>",Twessie,Bikini Bottom,"architectural swimsuit, Crinkled Seersucker bikini, luxury Stone Gray swimwear, minimalist luxury, high-end swimwear",TRUE,Color,Stone Gray,Size,XXL,TWESSIE_SG_BB_0106-Stone Gray-XXL,168.0,,10
twessie-sg-bb-0106,Stone Gray Minimalist Crinkled Seersucker Bikini Bottom,"<p>Crinkled Seersucker construction meets architectural precision in this bikini bottom. Designed for the intelligent, independent woman. The Stone Gray colorway with Chalk White accents creates a sophisticated palette. Pure rebellious yet refined elegance.</p>",Twessie,Bikini Bottom,"architectural swimsuit, Crinkled Seersucker bikini, luxury Stone Gray swimwear, minimalist luxury, high-end swimwear",TRUE,Color,Chalk White,Size,XS,TWESSIE_SG_BB_0106-Chalk White-XS,168.0,,10
twessie-sg-bb-0106,Stone Gray Minimalist Crinkled Seersucker Bikini Bottom,"<p>Crinkled Seersucker construction meets architectural precision in this bikini bottom. Designed for the intelligent, independent woman. The Stone Gray colorway with Chalk White accents creates a sophisticated palette. Pure rebellious yet refined elegance.</p>",Twessie,Bikini Bottom,"architectural swimsuit, Crinkled Seersucker bikini, luxury Stone Gray swimwear, minimalist luxury, high-end swimwear",TRUE,Color,Chalk White,Size,S,TWESSIE_SG_BB_0106-Chalk White-S,168.0,,10
twessie-sg-bb-0106,Stone Gray Minimalist Crinkled Seersucker Bikini Bottom,"<p>Crinkled Seersucker construction meets architectural precision in this bikini bottom. Designed for the intelligent, independent woman. The Stone Gray colorway with Chalk White accents creates a sophisticated palette. Pure rebellious yet refined elegance.</p>",Twessie,Bikini Bottom,"architectural swimsuit, Crinkled Seersucker bikini, luxury Stone Gray swimwear, minimalist luxury, high-end swimwear",TRUE,Color,Chalk White,Size,M,TWESSIE_SG_BB_0106-Chalk White-M,168.0,,10
twessie-sg-bb-0106,Stone Gray Minimalist Crinkled Seersucker Bikini Bottom,"<p>Crinkled Seersucker construction meets architectural precision in this bikini bottom. Designed for the intelligent, independent woman. The Stone Gray colorway with Chalk White accents creates a sophisticated palette. Pure rebellious yet refined elegance.</p>",Twessie,Bikini Bottom,"architectural swimsuit, Crinkled Seersucker bikini, luxury Stone Gray swimwear, minimalist luxury, high-end swimwear",TRUE,Color,Chalk White,Size,L,TWESSIE_SG_BB_0106-Chalk White-L,168.0,,10
twessie-sg-bb-0106,Stone Gray Minimalist Crinkled Seersucker Bikini Bottom,"<p>Crinkled Seersucker construction meets architectural precision in this bikini bottom. Designed for the intelligent, independent woman. The Stone Gray colorway with Chalk White accents creates a sophisticated palette. Pure rebellious yet refined elegance.</p>",Twessie,Bikini Bottom,"architectural swimsuit, Crinkled Seersucker bikini, luxury Stone Gray swimwear, minimalist luxury, high-end swimwear",TRUE,Color,Chalk White,Size,XL,TWESSIE_SG_BB_0106-Chalk White-XL,168.0,,10
twessie-sg-bb-0106,Stone Gray Minimalist Crinkled Seersucker Bikini Bottom,"<p>Crinkled Seersucker construction meets architectural precision in this bikini bottom. Designed for the intelligent, independent woman. The Stone Gray colorway with Chalk White accents creates a sophisticated palette. Pure rebellious yet refined elegance.</p>",Twessie,Bikini Bottom,"architectural swimsuit, Crinkled Seersucker bikini, luxury Stone Gray swimwear, minimalist luxury, high-end swimwear",TRUE,Color,Chalk White,Size,XXL,TWESSIE_SG_BB_0106-Chalk White-XXL,168.0,,10
twessie-eu-bt-0107,Obsidian Black Sculptural Econyl Sleek Satin Bikini Top,"<p>Econyl Sleek Satin construction meets architectural precision in this bikini top. Designed for the intelligent, independent woman. The Obsidian Black colorway with Burnt Terracotta accents creates a sophisticated palette. Pure anti-fashion statement elegance.</p>",Twessie,Bikini Top,"luxury Obsidian Black swimwear, minimalist bikini top, high-end swimwear, minimalist luxury, independent fashion",TRUE,Color,Obsidian Black,Size,XS,TWESSIE_EU_BT_0107-Obsidian Black-XS,168.0,,10
twessie-eu-bt-0107,Obsidian Black Sculptural Econyl Sleek Satin Bikini Top,"<p>Econyl Sleek Satin construction meets architectural precision in this bikini top. Designed for the intelligent, independent woman. The Obsidian Black colorway with Burnt Terracotta accents creates a sophisticated palette. Pure anti-fashion statement elegance.</p>",Twessie,Bikini Top,"luxury Obsidian Black swimwear, minimalist bikini top, high-end swimwear, minimalist luxury, independent fashion",TRUE,Color,Obsidian Black,Size,S,TWESSIE_EU_BT_0107-Obsidian Black-S,168.0,,10
twessie-eu-bt-0107,Obsidian Black Sculptural Econyl Sleek Satin Bikini Top,"<p>Econyl Sleek Satin construction meets architectural precision in this bikini top. Designed for the intelligent, independent woman. The Obsidian Black colorway with Burnt Terracotta accents creates a sophisticated palette. Pure anti-fashion statement elegance.</p>",Twessie,Bikini Top,"luxury Obsidian Black swimwear, minimalist bikini top, high-end swimwear, minimalist luxury, independent fashion",TRUE,Color,Obsidian Black,Size,M,TWESSIE_EU_BT_0107-Obsidian Black-M,168.0,,10
twessie-eu-bt-0107,Obsidian Black Sculptural Econyl Sleek Satin Bikini Top,"<p>Econyl Sleek Satin construction meets architectural precision in this bikini top. Designed for the intelligent, independent woman. The Obsidian Black colorway with Burnt Terracotta accents creates a sophisticated palette. Pure anti-fashion statement elegance.</p>",Twessie,Bikini Top,"luxury Obsidian Black swimwear, minimalist bikini top, high-end swimwear, minimalist luxury, independent fashion",TRUE,Color,Obsidian Black,Size,L,TWESSIE_EU_BT_0107-Obsidian Black-L,168.0,,10
twessie-eu-bt-0107,Obsidian Black Sculptural Econyl Sleek Satin Bikini Top,"<p>Econyl Sleek Satin construction meets architectural precision in this bikini top. Designed for the intelligent, independent woman. The Obsidian Black colorway with Burnt Terracotta accents creates a sophisticated palette. Pure anti-fashion statement elegance.</p>",Twessie,Bikini Top,"luxury Obsidian Black swimwear, minimalist bikini top, high-end swimwear, minimalist luxury, independent fashion",TRUE,Color,Obsidian Black,Size,XL,TWESSIE_EU_BT_0107-Obsidian Black-XL,168.0,,10
twessie-eu-bt-0107,Obsidian Black Sculptural Econyl Sleek Satin Bikini Top,"<p>Econyl Sleek Satin construction meets architectural precision in this bikini top. Designed for the intelligent, independent woman. The Obsidian Black colorway with Burnt Terracotta accents creates a sophisticated palette. Pure anti-fashion statement elegance.</p>",Twessie,Bikini Top,"luxury Obsidian Black swimwear, minimalist bikini top, high-end swimwear, minimalist luxury, independent fashion",TRUE,Color,Obsidian Black,Size,XXL,TWESSIE_EU_BT_0107-Obsidian Black-XXL,168.0,,10
twessie-eu-bt-0107,Obsidian Black Sculptural Econyl Sleek Satin Bikini Top,"<p>Econyl Sleek Satin construction meets architectural precision in this bikini top. Designed for the intelligent, independent woman. The Obsidian Black colorway with Burnt Terracotta accents creates a sophisticated palette. Pure anti-fashion statement elegance.</p>",Twessie,Bikini Top,"luxury Obsidian Black swimwear, minimalist bikini top, high-end swimwear, minimalist luxury, independent fashion",TRUE,Color,Burnt Terracotta,Size,XS,TWESSIE_EU_BT_0107-Burnt Terracotta-XS,168.0,,10
twessie-eu-bt-0107,Obsidian Black Sculptural Econyl Sleek Satin Bikini Top,"<p>Econyl Sleek Satin construction meets architectural precision in this bikini top. Designed for the intelligent, independent woman. The Obsidian Black colorway with Burnt Terracotta accents creates a sophisticated palette. Pure anti-fashion statement elegance.</p>",Twessie,Bikini Top,"luxury Obsidian Black swimwear, minimalist bikini top, high-end swimwear, minimalist luxury, independent fashion",TRUE,Color,Burnt Terracotta,Size,S,TWESSIE_EU_BT_0107-Burnt Terracotta-S,168.0,,10
twessie-eu-bt-0107,Obsidian Black Sculptural Econyl Sleek Satin Bikini Top,"<p>Econyl Sleek Satin construction meets architectural precision in this bikini top. Designed for the intelligent, independent woman. The Obsidian Black colorway with Burnt Terracotta accents creates a sophisticated palette. Pure anti-fashion statement elegance.</p>",Twessie,Bikini Top,"luxury Obsidian Black swimwear, minimalist bikini top, high-end swimwear, minimalist luxury, independent fashion",TRUE,Color,Burnt Terracotta,Size,M,TWESSIE_EU_BT_0107-Burnt Terracotta-M,168.0,,10
twessie-eu-bt-0107,Obsidian Black Sculptural Econyl Sleek Satin Bikini Top,"<p>Econyl Sleek Satin construction meets architectural precision in this bikini top. Designed for the intelligent, independent woman. The Obsidian Black colorway with Burnt Terracotta accents creates a sophisticated palette. Pure anti-fashion statement elegance.</p>",Twessie,Bikini Top,"luxury Obsidian Black swimwear, minimalist bikini top, high-end swimwear, minimalist luxury, independent fashion",TRUE,Color,Burnt Terracotta,Size,L,TWESSIE_EU_BT_0107-Burnt Terracotta-L,168.0,,10
twessie-eu-bt-0107,Obsidian Black Sculptural Econyl Sleek Satin Bikini Top,"<p>Econyl Sleek Satin construction meets architectural precision in this bikini top. Designed for the intelligent, independent woman. The Obsidian Black colorway with Burnt Terracotta accents creates a sophisticated palette. Pure anti-fashion statement elegance.</p>",Twessie,Bikini Top,"luxury Obsidian Black swimwear, minimalist bikini top, high-end swimwear, minimalist luxury, independent fashion",TRUE,Color,Burnt Terracotta,Size,XL,TWESSIE_EU_BT_0107-Burnt Terracotta-XL,168.0,,10
twessie-eu-bt-0107,Obsidian Black Sculptural Econyl Sleek Satin Bikini Top,"<p>Econyl Sleek Satin construction meets architectural precision in this bikini top. Designed for the intelligent, independent woman. The Obsidian Black colorway with Burnt Terracotta accents creates a sophisticated palette. Pure anti-fashion statement elegance.</p>",Twessie,Bikini Top,"luxury Obsidian Black swimwear, minimalist bikini top, high-end swimwear, minimalist luxury, independent fashion",TRUE,Color,Burnt Terracotta,Size,XXL,TWESSIE_EU_BT_0107-Burnt Terracotta-XXL,168.0,,10
twessie-eu-bb-0108,Chalk White Minimalist Crinkled Seersucker Bikini Bottom,<p>A statement piece in Crinkled Seersucker. This bikini bottom combines rebellious yet refined design with impeccable craftsmanship. Available in Chalk White with Stone Gray detailing. Not loud. Not obvious. Unmistakably Twessie.</p>,Twessie,Bikini Bottom,"independent fashion, high-end swimwear, architectural swimsuit, minimalist luxury, luxury Chalk White swimwear",TRUE,Color,Chalk White,Size,XS,TWESSIE_EU_BB_0108-Chalk White-XS,168.0,,10
twessie-eu-bb-0108,Chalk White Minimalist Crinkled Seersucker Bikini Bottom,<p>A statement piece in Crinkled Seersucker. This bikini bottom combines rebellious yet refined design with impeccable craftsmanship. Available in Chalk White with Stone Gray detailing. Not loud. Not obvious. Unmistakably Twessie.</p>,Twessie,Bikini Bottom,"independent fashion, high-end swimwear, architectural swimsuit, minimalist luxury, luxury Chalk White swimwear",TRUE,Color,Chalk White,Size,S,TWESSIE_EU_BB_0108-Chalk White-S,168.0,,10
twessie-eu-bb-0108,Chalk White Minimalist Crinkled Seersucker Bikini Bottom,<p>A statement piece in Crinkled Seersucker. This bikini bottom combines rebellious yet refined design with impeccable craftsmanship. Available in Chalk White with Stone Gray detailing. Not loud. Not obvious. Unmistakably Twessie.</p>,Twessie,Bikini Bottom,"independent fashion, high-end swimwear, architectural swimsuit, minimalist luxury, luxury Chalk White swimwear",TRUE,Color,Chalk White,Size,M,TWESSIE_EU_BB_0108-Chalk White-M,168.0,,10
twessie-eu-bb-0108,Chalk White Minimalist Crinkled Seersucker Bikini Bottom,<p>A statement piece in Crinkled Seersucker. This bikini bottom combines rebellious yet refined design with impeccable craftsmanship. Available in Chalk White with Stone Gray detailing. Not loud. Not obvious. Unmistakably Twessie.</p>,Twessie,Bikini Bottom,"independent fashion, high-end swimwear, architectural swimsuit, minimalist luxury, luxury Chalk White swimwear",TRUE,Color,Chalk White,Size,L,TWESSIE_EU_BB_0108-Chalk White-L,168.0,,10
twessie-eu-bb-0108,Chalk White Minimalist Crinkled Seersucker Bikini Bottom,<p>A statement piece in Crinkled Seersucker. This bikini bottom combines rebellious yet refined design with impeccable craftsmanship. Available in Chalk White with Stone Gray detailing. Not loud. Not obvious. Unmistakably Twessie.</p>,Twessie,Bikini Bottom,"independent fashion, high-end swimwear, architectural swimsuit, minimalist luxury, luxury Chalk White swimwear",TRUE,Color,Chalk White,Size,XL,TWESSIE_EU_BB_0108-Chalk White-XL,168.0,,10
twessie-eu-bb-0108,Chalk White Minimalist Crinkled Seersucker Bikini Bottom,<p>A statement piece in Crinkled Seersucker. This bikini bottom combines rebellious yet refined design with impeccable craftsmanship. Available in Chalk White with Stone Gray detailing. Not loud. Not obvious. Unmistakably Twessie.</p>,Twessie,Bikini Bottom,"independent fashion, high-end swimwear, architectural swimsuit, minimalist luxury, luxury Chalk White swimwear",TRUE,Color,Chalk White,Size,XXL,TWESSIE_EU_BB_0108-Chalk White-XXL,168.0,,10
twessie-eu-bb-0108,Chalk White Minimalist Crinkled Seersucker Bikini Bottom,<p>A statement piece in Crinkled Seersucker. This bikini bottom combines rebellious yet refined design with impeccable craftsmanship. Available in Chalk White with Stone Gray detailing. Not loud. Not obvious. Unmistakably Twessie.</p>,Twessie,Bikini Bottom,"independent fashion, high-end swimwear, architectural swimsuit, minimalist luxury, luxury Chalk White swimwear",TRUE,Color,Stone Gray,Size,XS,TWESSIE_EU_BB_0108-Stone Gray-XS,168.0,,10
twessie-eu-bb-0108,Chalk White Minimalist Crinkled Seersucker Bikini Bottom,<p>A statement piece in Crinkled Seersucker. This bikini bottom combines rebellious yet refined design with impeccable craftsmanship. Available in Chalk White with Stone Gray detailing. Not loud. Not obvious. Unmistakably Twessie.</p>,Twessie,Bikini Bottom,"independent fashion, high-end swimwear, architectural swimsuit, minimalist luxury, luxury Chalk White swimwear",TRUE,Color,Stone Gray,Size,S,TWESSIE_EU_BB_0108-Stone Gray-S,168.0,,10
twessie-eu-bb-0108,Chalk White Minimalist Crinkled Seersucker Bikini Bottom,<p>A statement piece in Crinkled Seersucker. This bikini bottom combines rebellious yet refined design with impeccable craftsmanship. Available in Chalk White with Stone Gray detailing. Not loud. Not obvious. Unmistakably Twessie.</p>,Twessie,Bikini Bottom,"independent fashion, high-end swimwear, architectural swimsuit, minimalist luxury, luxury Chalk White swimwear",TRUE,Color,Stone Gray,Size,M,TWESSIE_EU_BB_0108-Stone Gray-M,168.0,,10
twessie-eu-bb-0108,Chalk White Minimalist Crinkled Seersucker Bikini Bottom,<p>A statement piece in Crinkled Seersucker. This bikini bottom combines rebellious yet refined design with impeccable craftsmanship. Available in Chalk White with Stone Gray detailing. Not loud. Not obvious. Unmistakably Twessie.</p>,Twessie,Bikini Bottom,"independent fashion, high-end swimwear, architectural swimsuit, minimalist luxury, luxury Chalk White swimwear",TRUE,Color,Stone Gray,Size,L,TWESSIE_EU_BB_0108-Stone Gray-L,168.0,,10
twessie-eu-bb-0108,Chalk White Minimalist Crinkled Seersucker Bikini Bottom,<p>A statement piece in Crinkled Seersucker. This bikini bottom combines rebellious yet refined design with impeccable craftsmanship. Available in Chalk White with Stone Gray detailing. Not loud. Not obvious. Unmistakably Twessie.</p>,Twessie,Bikini Bottom,"independent fashion, high-end swimwear, architectural swimsuit, minimalist luxury, luxury Chalk White swimwear",TRUE,Color,Stone Gray,Size,XL,TWESSIE_EU_BB_0108-Stone Gray-XL,168.0,,10
twessie-eu-bb-0108,Chalk White Minimalist Crinkled Seersucker Bikini Bottom,<p>A statement piece in Crinkled Seersucker. This bikini bottom combines rebellious yet refined design with impeccable craftsmanship. Available in Chalk White with Stone Gray detailing. Not loud. Not obvious. Unmistakably Twessie.</p>,Twessie,Bikini Bottom,"independent fashion, high-end swimwear, architectural swimsuit, minimalist luxury, luxury Chalk White swimwear",TRUE,Color,Stone Gray,Size,XXL,TWESSIE_EU_BB_0108-Stone Gray-XXL,168.0,,10
twessie-au-bb-0109,High-Cut Burnt Terracotta Bikini Brief,<p>A statement piece in Matte Ribbed Knit. This bikini bottom combines anti-fashion statement design with impeccable craftsmanship. Available in Burnt Terracotta with Olive Drab detailing. Not loud. Not obvious. Unmistakably Twessie.</p>,Twessie,Bikini Bottom,"independent fashion, Matte Ribbed Knit bikini, minimalist luxury, luxury Burnt Terracotta swimwear, high-end swimwear",TRUE,Color,Burnt Terracotta,Size,XS,TWESSIE_AU_BB_0109-Burnt Terracotta-XS,168.0,,10
twessie-au-bb-0109,High-Cut Burnt Terracotta Bikini Brief,<p>A statement piece in Matte Ribbed Knit. This bikini bottom combines anti-fashion statement design with impeccable craftsmanship. Available in Burnt Terracotta with Olive Drab detailing. Not loud. Not obvious. Unmistakably Twessie.</p>,Twessie,Bikini Bottom,"independent fashion, Matte Ribbed Knit bikini, minimalist luxury, luxury Burnt Terracotta swimwear, high-end swimwear",TRUE,Color,Burnt Terracotta,Size,S,TWESSIE_AU_BB_0109-Burnt Terracotta-S,168.0,,10
twessie-au-bb-0109,High-Cut Burnt Terracotta Bikini Brief,<p>A statement piece in Matte Ribbed Knit. This bikini bottom combines anti-fashion statement design with impeccable craftsmanship. Available in Burnt Terracotta with Olive Drab detailing. Not loud. Not obvious. Unmistakably Twessie.</p>,Twessie,Bikini Bottom,"independent fashion, Matte Ribbed Knit bikini, minimalist luxury, luxury Burnt Terracotta swimwear, high-end swimwear",TRUE,Color,Burnt Terracotta,Size,M,TWESSIE_AU_BB_0109-Burnt Terracotta-M,168.0,,10
twessie-au-bb-0109,High-Cut Burnt Terracotta Bikini Brief,<p>A statement piece in Matte Ribbed Knit. This bikini bottom combines anti-fashion statement design with impeccable craftsmanship. Available in Burnt Terracotta with Olive Drab detailing. Not loud. Not obvious. Unmistakably Twessie.</p>,Twessie,Bikini Bottom,"independent fashion, Matte Ribbed Knit bikini, minimalist luxury, luxury Burnt Terracotta swimwear, high-end swimwear",TRUE,Color,Burnt Terracotta,Size,L,TWESSIE_AU_BB_0109-Burnt Terracotta-L,168.0,,10
twessie-au-bb-0109,High-Cut Burnt Terracotta Bikini Brief,<p>A statement piece in Matte Ribbed Knit. This bikini bottom combines anti-fashion statement design with impeccable craftsmanship. Available in Burnt Terracotta with Olive Drab detailing. Not loud. Not obvious. Unmistakably Twessie.</p>,Twessie,Bikini Bottom,"independent fashion, Matte Ribbed Knit bikini, minimalist luxury, luxury Burnt Terracotta swimwear, high-end swimwear",TRUE,Color,Burnt Terracotta,Size,XL,TWESSIE_AU_BB_0109-Burnt Terracotta-XL,168.0,,10
twessie-au-bb-0109,High-Cut Burnt Terracotta Bikini Brief,<p>A statement piece in Matte Ribbed Knit. This bikini bottom combines anti-fashion statement design with impeccable craftsmanship. Available in Burnt Terracotta with Olive Drab detailing. Not loud. Not obvious. Unmistakably Twessie.</p>,Twessie,Bikini Bottom,"independent fashion, Matte Ribbed Knit bikini, minimalist luxury, luxury Burnt Terracotta swimwear, high-end swimwear",TRUE,Color,Burnt Terracotta,Size,XXL,TWESSIE_AU_BB_0109-Burnt Terracotta-XXL,168.0,,10
twessie-au-bb-0109,High-Cut Burnt Terracotta Bikini Brief,<p>A statement piece in Matte Ribbed Knit. This bikini bottom combines anti-fashion statement design with impeccable craftsmanship. Available in Burnt Terracotta with Olive Drab detailing. Not loud. Not obvious. Unmistakably Twessie.</p>,Twessie,Bikini Bottom,"independent fashion, Matte Ribbed Knit bikini, minimalist luxury, luxury Burnt Terracotta swimwear, high-end swimwear",TRUE,Color,Olive Drab,Size,XS,TWESSIE_AU_BB_0109-Olive Drab-XS,168.0,,10
twessie-au-bb-0109,High-Cut Burnt Terracotta Bikini Brief,<p>A statement piece in Matte Ribbed Knit. This bikini bottom combines anti-fashion statement design with impeccable craftsmanship. Available in Burnt Terracotta with Olive Drab detailing. Not loud. Not obvious. Unmistakably Twessie.</p>,Twessie,Bikini Bottom,"independent fashion, Matte Ribbed Knit bikini, minimalist luxury, luxury Burnt Terracotta swimwear, high-end swimwear",TRUE,Color,Olive Drab,Size,S,TWESSIE_AU_BB_0109-Olive Drab-S,168.0,,10
twessie-au-bb-0109,High-Cut Burnt Terracotta Bikini Brief,<p>A statement piece in Matte Ribbed Knit. This bikini bottom combines anti-fashion statement design with impeccable craftsmanship. Available in Burnt Terracotta with Olive Drab detailing. Not loud. Not obvious. Unmistakably Twessie.</p>,Twessie,Bikini Bottom,"independent fashion, Matte Ribbed Knit bikini, minimalist luxury, luxury Burnt Terracotta swimwear, high-end swimwear",TRUE,Color,Olive Drab,Size,M,TWESSIE_AU_BB_0109-Olive Drab-M,168.0,,10
twessie-au-bb-0109,High-Cut Burnt Terracotta Bikini Brief,<p>A statement piece in Matte Ribbed Knit. This bikini bottom combines anti-fashion statement design with impeccable craftsmanship. Available in Burnt Terracotta with Olive Drab detailing. Not loud. Not obvious. Unmistakably Twessie.</p>,Twessie,Bikini Bottom,"independent fashion, Matte Ribbed Knit bikini, minimalist luxury, luxury Burnt Terracotta swimwear, high-end swimwear",TRUE,Color,Olive Drab,Size,L,TWESSIE_AU_BB_0109-Olive Drab-L,168.0,,10
twessie-au-bb-0109,High-Cut Burnt Terracotta Bikini Brief,<p>A statement piece in Matte Ribbed Knit. This bikini bottom combines anti-fashion statement design with impeccable craftsmanship. Available in Burnt Terracotta with Olive Drab detailing. Not loud. Not obvious. Unmistakably Twessie.</p>,Twessie,Bikini Bottom,"independent fashion, Matte Ribbed Knit bikini, minimalist luxury, luxury Burnt Terracotta swimwear, high-end swimwear",TRUE,Color,Olive Drab,Size,XL,TWESSIE_AU_BB_0109-Olive Drab-XL,168.0,,10
twessie-au-bb-0109,High-Cut Burnt Terracotta Bikini Brief,<p>A statement piece in Matte Ribbed Knit. This bikini bottom combines anti-fashion statement design with impeccable craftsmanship. Available in Burnt Terracotta with Olive Drab detailing. Not loud. Not obvious. Unmistakably Twessie.</p>,Twessie,Bikini Bottom,"independent fashion, Matte Ribbed Knit bikini, minimalist luxury, luxury Burnt Terracotta swimwear, high-end swimwear",TRUE,Color,Olive Drab,Size,XXL,TWESSIE_AU_BB_0109-Olive Drab-XXL,168.0,,10
twessie-sg-bt-0110,Minimalist Burnt Terracotta Textured Bikini Top,<p>Crafted in premium Matte Ribbed Knit with Crinkled Seersucker accents. This bikini top epitomizes intelligent aesthetic luxury. Featuring color-blocking in Burnt Terracotta and Olive Drab. Perfect for the discerning swimmer who refuses the obvious.</p>,Twessie,Bikini Top,"architectural swimsuit, independent fashion, minimalist bikini top, Matte Ribbed Knit bikini, minimalist luxury",TRUE,Color,Burnt Terracotta,Size,XS,TWESSIE_SG_BT_0110-Burnt Terracotta-XS,168.0,,10
twessie-sg-bt-0110,Minimalist Burnt Terracotta Textured Bikini Top,<p>Crafted in premium Matte Ribbed Knit with Crinkled Seersucker accents. This bikini top epitomizes intelligent aesthetic luxury. Featuring color-blocking in Burnt Terracotta and Olive Drab. Perfect for the discerning swimmer who refuses the obvious.</p>,Twessie,Bikini Top,"architectural swimsuit, independent fashion, minimalist bikini top, Matte Ribbed Knit bikini, minimalist luxury",TRUE,Color,Burnt Terracotta,Size,S,TWESSIE_SG_BT_0110-Burnt Terracotta-S,168.0,,10
twessie-sg-bt-0110,Minimalist Burnt Terracotta Textured Bikini Top,<p>Crafted in premium Matte Ribbed Knit with Crinkled Seersucker accents. This bikini top epitomizes intelligent aesthetic luxury. Featuring color-blocking in Burnt Terracotta and Olive Drab. Perfect for the discerning swimmer who refuses the obvious.</p>,Twessie,Bikini Top,"architectural swimsuit, independent fashion, minimalist bikini top, Matte Ribbed Knit bikini, minimalist luxury",TRUE,Color,Burnt Terracotta,Size,M,TWESSIE_SG_BT_0110-Burnt Terracotta-M,168.0,,10
twessie-sg-bt-0110,Minimalist Burnt Terracotta Textured Bikini Top,<p>Crafted in premium Matte Ribbed Knit with Crinkled Seersucker accents. This bikini top epitomizes intelligent aesthetic luxury. Featuring color-blocking in Burnt Terracotta and Olive Drab. Perfect for the discerning swimmer who refuses the obvious.</p>,Twessie,Bikini Top,"architectural swimsuit, independent fashion, minimalist bikini top, Matte Ribbed Knit bikini, minimalist luxury",TRUE,Color,Burnt Terracotta,Size,L,TWESSIE_SG_BT_0110-Burnt Terracotta-L,168.0,,10
twessie-sg-bt-0110,Minimalist Burnt Terracotta Textured Bikini Top,<p>Crafted in premium Matte Ribbed Knit with Crinkled Seersucker accents. This bikini top epitomizes intelligent aesthetic luxury. Featuring color-blocking in Burnt Terracotta and Olive Drab. Perfect for the discerning swimmer who refuses the obvious.</p>,Twessie,Bikini Top,"architectural swimsuit, independent fashion, minimalist bikini top, Matte Ribbed Knit bikini, minimalist luxury",TRUE,Color,Burnt Terracotta,Size,XL,TWESSIE_SG_BT_0110-Burnt Terracotta-XL,168.0,,10
twessie-sg-bt-0110,Minimalist Burnt Terracotta Textured Bikini Top,<p>Crafted in premium Matte Ribbed Knit with Crinkled Seersucker accents. This bikini top epitomizes intelligent aesthetic luxury. Featuring color-blocking in Burnt Terracotta and Olive Drab. Perfect for the discerning swimmer who refuses the obvious.</p>,Twessie,Bikini Top,"architectural swimsuit, independent fashion, minimalist bikini top, Matte Ribbed Knit bikini, minimalist luxury",TRUE,Color,Burnt Terracotta,Size,XXL,TWESSIE_SG_BT_0110-Burnt Terracotta-XXL,168.0,,10
twessie-sg-bt-0110,Minimalist Burnt Terracotta Textured Bikini Top,<p>Crafted in premium Matte Ribbed Knit with Crinkled Seersucker accents. This bikini top epitomizes intelligent aesthetic luxury. Featuring color-blocking in Burnt Terracotta and Olive Drab. Perfect for the discerning swimmer who refuses the obvious.</p>,Twessie,Bikini Top,"architectural swimsuit, independent fashion, minimalist bikini top, Matte Ribbed Knit bikini, minimalist luxury",TRUE,Color,Olive Drab,Size,XS,TWESSIE_SG_BT_0110-Olive Drab-XS,168.0,,10
twessie-sg-bt-0110,Minimalist Burnt Terracotta Textured Bikini Top,<p>Crafted in premium Matte Ribbed Knit with Crinkled Seersucker accents. This bikini top epitomizes intelligent aesthetic luxury. Featuring color-blocking in Burnt Terracotta and Olive Drab. Perfect for the discerning swimmer who refuses the obvious.</p>,Twessie,Bikini Top,"architectural swimsuit, independent fashion, minimalist bikini top, Matte Ribbed Knit bikini, minimalist luxury",TRUE,Color,Olive Drab,Size,S,TWESSIE_SG_BT_0110-Olive Drab-S,168.0,,10
twessie-sg-bt-0110,Minimalist Burnt Terracotta Textured Bikini Top,<p>Crafted in premium Matte Ribbed Knit with Crinkled Seersucker accents. This bikini top epitomizes intelligent aesthetic luxury. Featuring color-blocking in Burnt Terracotta and Olive Drab. Perfect for the discerning swimmer who refuses the obvious.</p>,Twessie,Bikini Top,"architectural swimsuit, independent fashion, minimalist bikini top, Matte Ribbed Knit bikini, minimalist luxury",TRUE,Color,Olive Drab,Size,M,TWESSIE_SG_BT_0110-Olive Drab-M,168.0,,10
twessie-sg-bt-0110,Minimalist Burnt Terracotta Textured Bikini Top,<p>Crafted in premium Matte Ribbed Knit with Crinkled Seersucker accents. This bikini top epitomizes intelligent aesthetic luxury. Featuring color-blocking in Burnt Terracotta and Olive Drab. Perfect for the discerning swimmer who refuses the obvious.</p>,Twessie,Bikini Top,"architectural swimsuit, independent fashion, minimalist bikini top, Matte Ribbed Knit bikini, minimalist luxury",TRUE,Color,Olive Drab,Size,L,TWESSIE_SG_BT_0110-Olive Drab-L,168.0,,10
twessie-sg-bt-0110,Minimalist Burnt Terracotta Textured Bikini Top,<p>Crafted in premium Matte Ribbed Knit with Crinkled Seersucker accents. This bikini top epitomizes intelligent aesthetic luxury. Featuring color-blocking in Burnt Terracotta and Olive Drab. Perfect for the discerning swimmer who refuses the obvious.</p>,Twessie,Bikini Top,"architectural swimsuit, independent fashion, minimalist bikini top, Matte Ribbed Knit bikini, minimalist luxury",TRUE,Color,Olive Drab,Size,XL,TWESSIE_SG_BT_0110-Olive Drab-XL,168.0,,10
twessie-sg-bt-0110,Minimalist Burnt Terracotta Textured Bikini Top,<p>Crafted in premium Matte Ribbed Knit with Crinkled Seersucker accents. This bikini top epitomizes intelligent aesthetic luxury. Featuring color-blocking in Burnt Terracotta and Olive Drab. Perfect for the discerning swimmer who refuses the obvious.</p>,Twessie,Bikini Top,"architectural swimsuit, independent fashion, minimalist bikini top, Matte Ribbed Knit bikini, minimalist luxury",TRUE,Color,Olive Drab,Size,XXL,TWESSIE_SG_BT_0110-Olive Drab-XXL,168.0,,10
twessie-na-bt-0201,Architecture-Cut Chalk White Bikini Top,"<p>Crinkled Seersucker construction meets architectural precision in this bikini top. Designed for the intelligent, independent woman. The Chalk White colorway with Stone Gray accents creates a sophisticated palette. Pure rebellious yet refined elegance.</p>",Twessie,Bikini Top,"minimalist luxury, luxury Chalk White swimwear, high-end swimwear, minimalist bikini top, independent fashion",TRUE,Color,Chalk White,Size,XS,TWESSIE_NA_BT_0201-Chalk White-XS,168.0,,10
twessie-na-bt-0201,Architecture-Cut Chalk White Bikini Top,"<p>Crinkled Seersucker construction meets architectural precision in this bikini top. Designed for the intelligent, independent woman. The Chalk White colorway with Stone Gray accents creates a sophisticated palette. Pure rebellious yet refined elegance.</p>",Twessie,Bikini Top,"minimalist luxury, luxury Chalk White swimwear, high-end swimwear, minimalist bikini top, independent fashion",TRUE,Color,Chalk White,Size,S,TWESSIE_NA_BT_0201-Chalk White-S,168.0,,10
twessie-na-bt-0201,Architecture-Cut Chalk White Bikini Top,"<p>Crinkled Seersucker construction meets architectural precision in this bikini top. Designed for the intelligent, independent woman. The Chalk White colorway with Stone Gray accents creates a sophisticated palette. Pure rebellious yet refined elegance.</p>",Twessie,Bikini Top,"minimalist luxury, luxury Chalk White swimwear, high-end swimwear, minimalist bikini top, independent fashion",TRUE,Color,Chalk White,Size,M,TWESSIE_NA_BT_0201-Chalk White-M,168.0,,10
twessie-na-bt-0201,Architecture-Cut Chalk White Bikini Top,"<p>Crinkled Seersucker construction meets architectural precision in this bikini top. Designed for the intelligent, independent woman. The Chalk White colorway with Stone Gray accents creates a sophisticated palette. Pure rebellious yet refined elegance.</p>",Twessie,Bikini Top,"minimalist luxury, luxury Chalk White swimwear, high-end swimwear, minimalist bikini top, independent fashion",TRUE,Color,Chalk White,Size,L,TWESSIE_NA_BT_0201-Chalk White-L,168.0,,10
twessie-na-bt-0201,Architecture-Cut Chalk White Bikini Top,"<p>Crinkled Seersucker construction meets architectural precision in this bikini top. Designed for the intelligent, independent woman. The Chalk White colorway with Stone Gray accents creates a sophisticated palette. Pure rebellious yet refined elegance.</p>",Twessie,Bikini Top,"minimalist luxury, luxury Chalk White swimwear, high-end swimwear, minimalist bikini top, independent fashion",TRUE,Color,Chalk White,Size,XL,TWESSIE_NA_BT_0201-Chalk White-XL,168.0,,10
twessie-na-bt-0201,Architecture-Cut Chalk White Bikini Top,"<p>Crinkled Seersucker construction meets architectural precision in this bikini top. Designed for the intelligent, independent woman. The Chalk White colorway with Stone Gray accents creates a sophisticated palette. Pure rebellious yet refined elegance.</p>",Twessie,Bikini Top,"minimalist luxury, luxury Chalk White swimwear, high-end swimwear, minimalist bikini top, independent fashion",TRUE,Color,Chalk White,Size,XXL,TWESSIE_NA_BT_0201-Chalk White-XXL,168.0,,10
twessie-na-bt-0201,Architecture-Cut Chalk White Bikini Top,"<p>Crinkled Seersucker construction meets architectural precision in this bikini top. Designed for the intelligent, independent woman. The Chalk White colorway with Stone Gray accents creates a sophisticated palette. Pure rebellious yet refined elegance.</p>",Twessie,Bikini Top,"minimalist luxury, luxury Chalk White swimwear, high-end swimwear, minimalist bikini top, independent fashion",TRUE,Color,Stone Gray,Size,XS,TWESSIE_NA_BT_0201-Stone Gray-XS,168.0,,10
twessie-na-bt-0201,Architecture-Cut Chalk White Bikini Top,"<p>Crinkled Seersucker construction meets architectural precision in this bikini top. Designed for the intelligent, independent woman. The Chalk White colorway with Stone Gray accents creates a sophisticated palette. Pure rebellious yet refined elegance.</p>",Twessie,Bikini Top,"minimalist luxury, luxury Chalk White swimwear, high-end swimwear, minimalist bikini top, independent fashion",TRUE,Color,Stone Gray,Size,S,TWESSIE_NA_BT_0201-Stone Gray-S,168.0,,10
twessie-na-bt-0201,Architecture-Cut Chalk White Bikini Top,"<p>Crinkled Seersucker construction meets architectural precision in this bikini top. Designed for the intelligent, independent woman. The Chalk White colorway with Stone Gray accents creates a sophisticated palette. Pure rebellious yet refined elegance.</p>",Twessie,Bikini Top,"minimalist luxury, luxury Chalk White swimwear, high-end swimwear, minimalist bikini top, independent fashion",TRUE,Color,Stone Gray,Size,M,TWESSIE_NA_BT_0201-Stone Gray-M,168.0,,10
twessie-na-bt-0201,Architecture-Cut Chalk White Bikini Top,"<p>Crinkled Seersucker construction meets architectural precision in this bikini top. Designed for the intelligent, independent woman. The Chalk White colorway with Stone Gray accents creates a sophisticated palette. Pure rebellious yet refined elegance.</p>",Twessie,Bikini Top,"minimalist luxury, luxury Chalk White swimwear, high-end swimwear, minimalist bikini top, independent fashion",TRUE,Color,Stone Gray,Size,L,TWESSIE_NA_BT_0201-Stone Gray-L,168.0,,10
twessie-na-bt-0201,Architecture-Cut Chalk White Bikini Top,"<p>Crinkled Seersucker construction meets architectural precision in this bikini top. Designed for the intelligent, independent woman. The Chalk White colorway with Stone Gray accents creates a sophisticated palette. Pure rebellious yet refined elegance.</p>",Twessie,Bikini Top,"minimalist luxury, luxury Chalk White swimwear, high-end swimwear, minimalist bikini top, independent fashion",TRUE,Color,Stone Gray,Size,XL,TWESSIE_NA_BT_0201-Stone Gray-XL,168.0,,10
twessie-na-bt-0201,Architecture-Cut Chalk White Bikini Top,"<p>Crinkled Seersucker construction meets architectural precision in this bikini top. Designed for the intelligent, independent woman. The Chalk White colorway with Stone Gray accents creates a sophisticated palette. Pure rebellious yet refined elegance.</p>",Twessie,Bikini Top,"minimalist luxury, luxury Chalk White swimwear, high-end swimwear, minimalist bikini top, independent fashion",TRUE,Color,Stone Gray,Size,XXL,TWESSIE_NA_BT_0201-Stone Gray-XXL,168.0,,10
twessie-au-bb-0202,High-Cut Chalk White Bikini Brief,<p>A statement piece in Crinkled Seersucker. This bikini bottom combines minimalist luxury design with impeccable craftsmanship. Available in Chalk White with Stone Gray detailing. Not loud. Not obvious. Unmistakably Twessie.</p>,Twessie,Bikini Bottom,"independent fashion, Crinkled Seersucker bikini, minimalist bikini bottom, minimalist luxury, architectural swimsuit",TRUE,Color,Chalk White,Size,XS,TWESSIE_AU_BB_0202-Chalk White-XS,168.0,,10
twessie-au-bb-0202,High-Cut Chalk White Bikini Brief,<p>A statement piece in Crinkled Seersucker. This bikini bottom combines minimalist luxury design with impeccable craftsmanship. Available in Chalk White with Stone Gray detailing. Not loud. Not obvious. Unmistakably Twessie.</p>,Twessie,Bikini Bottom,"independent fashion, Crinkled Seersucker bikini, minimalist bikini bottom, minimalist luxury, architectural swimsuit",TRUE,Color,Chalk White,Size,S,TWESSIE_AU_BB_0202-Chalk White-S,168.0,,10
twessie-au-bb-0202,High-Cut Chalk White Bikini Brief,<p>A statement piece in Crinkled Seersucker. This bikini bottom combines minimalist luxury design with impeccable craftsmanship. Available in Chalk White with Stone Gray detailing. Not loud. Not obvious. Unmistakably Twessie.</p>,Twessie,Bikini Bottom,"independent fashion, Crinkled Seersucker bikini, minimalist bikini bottom, minimalist luxury, architectural swimsuit",TRUE,Color,Chalk White,Size,M,TWESSIE_AU_BB_0202-Chalk White-M,168.0,,10
twessie-au-bb-0202,High-Cut Chalk White Bikini Brief,<p>A statement piece in Crinkled Seersucker. This bikini bottom combines minimalist luxury design with impeccable craftsmanship. Available in Chalk White with Stone Gray detailing. Not loud. Not obvious. Unmistakably Twessie.</p>,Twessie,Bikini Bottom,"independent fashion, Crinkled Seersucker bikini, minimalist bikini bottom, minimalist luxury, architectural swimsuit",TRUE,Color,Chalk White,Size,L,TWESSIE_AU_BB_0202-Chalk White-L,168.0,,10
twessie-au-bb-0202,High-Cut Chalk White Bikini Brief,<p>A statement piece in Crinkled Seersucker. This bikini bottom combines minimalist luxury design with impeccable craftsmanship. Available in Chalk White with Stone Gray detailing. Not loud. Not obvious. Unmistakably Twessie.</p>,Twessie,Bikini Bottom,"independent fashion, Crinkled Seersucker bikini, minimalist bikini bottom, minimalist luxury, architectural swimsuit",TRUE,Color,Chalk White,Size,XL,TWESSIE_AU_BB_0202-Chalk White-XL,168.0,,10
twessie-au-bb-0202,High-Cut Chalk White Bikini Brief,<p>A statement piece in Crinkled Seersucker. This bikini bottom combines minimalist luxury design with impeccable craftsmanship. Available in Chalk White with Stone Gray detailing. Not loud. Not obvious. Unmistakably Twessie.</p>,Twessie,Bikini Bottom,"independent fashion, Crinkled Seersucker bikini, minimalist bikini bottom, minimalist luxury, architectural swimsuit",TRUE,Color,Chalk White,Size,XXL,TWESSIE_AU_BB_0202-Chalk White-XXL,168.0,,10
twessie-au-bb-0202,High-Cut Chalk White Bikini Brief,<p>A statement piece in Crinkled Seersucker. This bikini bottom combines minimalist luxury design with impeccable craftsmanship. Available in Chalk White with Stone Gray detailing. Not loud. Not obvious. Unmistakably Twessie.</p>,Twessie,Bikini Bottom,"independent fashion, Crinkled Seersucker bikini, minimalist bikini bottom, minimalist luxury, architectural swimsuit",TRUE,Color,Stone Gray,Size,XS,TWESSIE_AU_BB_0202-Stone Gray-XS,168.0,,10
twessie-au-bb-0202,High-Cut Chalk White Bikini Brief,<p>A statement piece in Crinkled Seersucker. This bikini bottom combines minimalist luxury design with impeccable craftsmanship. Available in Chalk White with Stone Gray detailing. Not loud. Not obvious. Unmistakably Twessie.</p>,Twessie,Bikini Bottom,"independent fashion, Crinkled Seersucker bikini, minimalist bikini bottom, minimalist luxury, architectural swimsuit",TRUE,Color,Stone Gray,Size,S,TWESSIE_AU_BB_0202-Stone Gray-S,168.0,,10
twessie-au-bb-0202,High-Cut Chalk White Bikini Brief,<p>A statement piece in Crinkled Seersucker. This bikini bottom combines minimalist luxury design with impeccable craftsmanship. Available in Chalk White with Stone Gray detailing. Not loud. Not obvious. Unmistakably Twessie.</p>,Twessie,Bikini Bottom,"independent fashion, Crinkled Seersucker bikini, minimalist bikini bottom, minimalist luxury, architectural swimsuit",TRUE,Color,Stone Gray,Size,M,TWESSIE_AU_BB_0202-Stone Gray-M,168.0,,10
twessie-au-bb-0202,High-Cut Chalk White Bikini Brief,<p>A statement piece in Crinkled Seersucker. This bikini bottom combines minimalist luxury design with impeccable craftsmanship. Available in Chalk White with Stone Gray detailing. Not loud. Not obvious. Unmistakably Twessie.</p>,Twessie,Bikini Bottom,"independent fashion, Crinkled Seersucker bikini, minimalist bikini bottom, minimalist luxury, architectural swimsuit",TRUE,Color,Stone Gray,Size,L,TWESSIE_AU_BB_0202-Stone Gray-L,168.0,,10
twessie-au-bb-0202,High-Cut Chalk White Bikini Brief,<p>A statement piece in Crinkled Seersucker. This bikini bottom combines minimalist luxury design with impeccable craftsmanship. Available in Chalk White with Stone Gray detailing. Not loud. Not obvious. Unmistakably Twessie.</p>,Twessie,Bikini Bottom,"independent fashion, Crinkled Seersucker bikini, minimalist bikini bottom, minimalist luxury, architectural swimsuit",TRUE,Color,Stone Gray,Size,XL,TWESSIE_AU_BB_0202-Stone Gray-XL,168.0,,10
twessie-au-bb-0202,High-Cut Chalk White Bikini Brief,<p>A statement piece in Crinkled Seersucker. This bikini bottom combines minimalist luxury design with impeccable craftsmanship. Available in Chalk White with Stone Gray detailing. Not loud. Not obvious. Unmistakably Twessie.</p>,Twessie,Bikini Bottom,"independent fashion, Crinkled Seersucker bikini, minimalist bikini bottom, minimalist luxury, architectural swimsuit",TRUE,Color,Stone Gray,Size,XXL,TWESSIE_AU_BB_0202-Stone Gray-XXL,168.0,,10
twessie-eu-bb-0203,Stone Gray Minimalist Crinkled Seersucker Bikini Bottom,<p>A statement piece in Crinkled Seersucker. This bikini bottom combines architectural elegance design with impeccable craftsmanship. Available in Stone Gray with Chalk White detailing. Not loud. Not obvious. Unmistakably Twessie.</p>,Twessie,Bikini Bottom,"independent fashion, luxury Stone Gray swimwear, minimalist luxury, architectural swimsuit, Crinkled Seersucker bikini",TRUE,Color,Stone Gray,Size,XS,TWESSIE_EU_BB_0203-Stone Gray-XS,168.0,,10
twessie-eu-bb-0203,Stone Gray Minimalist Crinkled Seersucker Bikini Bottom,<p>A statement piece in Crinkled Seersucker. This bikini bottom combines architectural elegance design with impeccable craftsmanship. Available in Stone Gray with Chalk White detailing. Not loud. Not obvious. Unmistakably Twessie.</p>,Twessie,Bikini Bottom,"independent fashion, luxury Stone Gray swimwear, minimalist luxury, architectural swimsuit, Crinkled Seersucker bikini",TRUE,Color,Stone Gray,Size,S,TWESSIE_EU_BB_0203-Stone Gray-S,168.0,,10
twessie-eu-bb-0203,Stone Gray Minimalist Crinkled Seersucker Bikini Bottom,<p>A statement piece in Crinkled Seersucker. This bikini bottom combines architectural elegance design with impeccable craftsmanship. Available in Stone Gray with Chalk White detailing. Not loud. Not obvious. Unmistakably Twessie.</p>,Twessie,Bikini Bottom,"independent fashion, luxury Stone Gray swimwear, minimalist luxury, architectural swimsuit, Crinkled Seersucker bikini",TRUE,Color,Stone Gray,Size,M,TWESSIE_EU_BB_0203-Stone Gray-M,168.0,,10
twessie-eu-bb-0203,Stone Gray Minimalist Crinkled Seersucker Bikini Bottom,<p>A statement piece in Crinkled Seersucker. This bikini bottom combines architectural elegance design with impeccable craftsmanship. Available in Stone Gray with Chalk White detailing. Not loud. Not obvious. Unmistakably Twessie.</p>,Twessie,Bikini Bottom,"independent fashion, luxury Stone Gray swimwear, minimalist luxury, architectural swimsuit, Crinkled Seersucker bikini",TRUE,Color,Stone Gray,Size,L,TWESSIE_EU_BB_0203-Stone Gray-L,168.0,,10
twessie-eu-bb-0203,Stone Gray Minimalist Crinkled Seersucker Bikini Bottom,<p>A statement piece in Crinkled Seersucker. This bikini bottom combines architectural elegance design with impeccable craftsmanship. Available in Stone Gray with Chalk White detailing. Not loud. Not obvious. Unmistakably Twessie.</p>,Twessie,Bikini Bottom,"independent fashion, luxury Stone Gray swimwear, minimalist luxury, architectural swimsuit, Crinkled Seersucker bikini",TRUE,Color,Stone Gray,Size,XL,TWESSIE_EU_BB_0203-Stone Gray-XL,168.0,,10
twessie-eu-bb-0203,Stone Gray Minimalist Crinkled Seersucker Bikini Bottom,<p>A statement piece in Crinkled Seersucker. This bikini bottom combines architectural elegance design with impeccable craftsmanship. Available in Stone Gray with Chalk White detailing. Not loud. Not obvious. Unmistakably Twessie.</p>,Twessie,Bikini Bottom,"independent fashion, luxury Stone Gray swimwear, minimalist luxury, architectural swimsuit, Crinkled Seersucker bikini",TRUE,Color,Stone Gray,Size,XXL,TWESSIE_EU_BB_0203-Stone Gray-XXL,168.0,,10
twessie-eu-bb-0203,Stone Gray Minimalist Crinkled Seersucker Bikini Bottom,<p>A statement piece in Crinkled Seersucker. This bikini bottom combines architectural elegance design with impeccable craftsmanship. Available in Stone Gray with Chalk White detailing. Not loud. Not obvious. Unmistakably Twessie.</p>,Twessie,Bikini Bottom,"independent fashion, luxury Stone Gray swimwear, minimalist luxury, architectural swimsuit, Crinkled Seersucker bikini",TRUE,Color,Chalk White,Size,XS,TWESSIE_EU_BB_0203-Chalk White-XS,168.0,,10
twessie-eu-bb-0203,Stone Gray Minimalist Crinkled Seersucker Bikini Bottom,<p>A statement piece in Crinkled Seersucker. This bikini bottom combines architectural elegance design with impeccable craftsmanship. Available in Stone Gray with Chalk White detailing. Not loud. Not obvious. Unmistakably Twessie.</p>,Twessie,Bikini Bottom,"independent fashion, luxury Stone Gray swimwear, minimalist luxury, architectural swimsuit, Crinkled Seersucker bikini",TRUE,Color,Chalk White,Size,S,TWESSIE_EU_BB_0203-Chalk White-S,168.0,,10
twessie-eu-bb-0203,Stone Gray Minimalist Crinkled Seersucker Bikini Bottom,<p>A statement piece in Crinkled Seersucker. This bikini bottom combines architectural elegance design with impeccable craftsmanship. Available in Stone Gray with Chalk White detailing. Not loud. Not obvious. Unmistakably Twessie.</p>,Twessie,Bikini Bottom,"independent fashion, luxury Stone Gray swimwear, minimalist luxury, architectural swimsuit, Crinkled Seersucker bikini",TRUE,Color,Chalk White,Size,M,TWESSIE_EU_BB_0203-Chalk White-M,168.0,,10
twessie-eu-bb-0203,Stone Gray Minimalist Crinkled Seersucker Bikini Bottom,<p>A statement piece in Crinkled Seersucker. This bikini bottom combines architectural elegance design with impeccable craftsmanship. Available in Stone Gray with Chalk White detailing. Not loud. Not obvious. Unmistakably Twessie.</p>,Twessie,Bikini Bottom,"independent fashion, luxury Stone Gray swimwear, minimalist luxury, architectural swimsuit, Crinkled Seersucker bikini",TRUE,Color,Chalk White,Size,L,TWESSIE_EU_BB_0203-Chalk White-L,168.0,,10
twessie-eu-bb-0203,Stone Gray Minimalist Crinkled Seersucker Bikini Bottom,<p>A statement piece in Crinkled Seersucker. This bikini bottom combines architectural elegance design with impeccable craftsmanship. Available in Stone Gray with Chalk White detailing. Not loud. Not obvious. Unmistakably Twessie.</p>,Twessie,Bikini Bottom,"independent fashion, luxury Stone Gray swimwear, minimalist luxury, architectural swimsuit, Crinkled Seersucker bikini",TRUE,Color,Chalk White,Size,XL,TWESSIE_EU_BB_0203-Chalk White-XL,168.0,,10
twessie-eu-bb-0203,Stone Gray Minimalist Crinkled Seersucker Bikini Bottom,<p>A statement piece in Crinkled Seersucker. This bikini bottom combines architectural elegance design with impeccable craftsmanship. Available in Stone Gray with Chalk White detailing. Not loud. Not obvious. Unmistakably Twessie.</p>,Twessie,Bikini Bottom,"independent fashion, luxury Stone Gray swimwear, minimalist luxury, architectural swimsuit, Crinkled Seersucker bikini",TRUE,Color,Chalk White,Size,XXL,TWESSIE_EU_BB_0203-Chalk White-XXL,168.0,,10
twessie-au-bb-0204,Raw-Edge Obsidian Black Bikini Bottom,"<p>Econyl Sleek Satin construction meets architectural precision in this bikini bottom. Designed for the intelligent, independent woman. The Obsidian Black colorway with Stone Gray accents creates a sophisticated palette. Pure anti-fashion statement elegance.</p>",Twessie,Bikini Bottom,"minimalist luxury, Econyl Sleek Satin bikini, minimalist bikini bottom, high-end swimwear, independent fashion",TRUE,Color,Obsidian Black,Size,XS,TWESSIE_AU_BB_0204-Obsidian Black-XS,168.0,,10
twessie-au-bb-0204,Raw-Edge Obsidian Black Bikini Bottom,"<p>Econyl Sleek Satin construction meets architectural precision in this bikini bottom. Designed for the intelligent, independent woman. The Obsidian Black colorway with Stone Gray accents creates a sophisticated palette. Pure anti-fashion statement elegance.</p>",Twessie,Bikini Bottom,"minimalist luxury, Econyl Sleek Satin bikini, minimalist bikini bottom, high-end swimwear, independent fashion",TRUE,Color,Obsidian Black,Size,S,TWESSIE_AU_BB_0204-Obsidian Black-S,168.0,,10
twessie-au-bb-0204,Raw-Edge Obsidian Black Bikini Bottom,"<p>Econyl Sleek Satin construction meets architectural precision in this bikini bottom. Designed for the intelligent, independent woman. The Obsidian Black colorway with Stone Gray accents creates a sophisticated palette. Pure anti-fashion statement elegance.</p>",Twessie,Bikini Bottom,"minimalist luxury, Econyl Sleek Satin bikini, minimalist bikini bottom, high-end swimwear, independent fashion",TRUE,Color,Obsidian Black,Size,M,TWESSIE_AU_BB_0204-Obsidian Black-M,168.0,,10
twessie-au-bb-0204,Raw-Edge Obsidian Black Bikini Bottom,"<p>Econyl Sleek Satin construction meets architectural precision in this bikini bottom. Designed for the intelligent, independent woman. The Obsidian Black colorway with Stone Gray accents creates a sophisticated palette. Pure anti-fashion statement elegance.</p>",Twessie,Bikini Bottom,"minimalist luxury, Econyl Sleek Satin bikini, minimalist bikini bottom, high-end swimwear, independent fashion",TRUE,Color,Obsidian Black,Size,L,TWESSIE_AU_BB_0204-Obsidian Black-L,168.0,,10
twessie-au-bb-0204,Raw-Edge Obsidian Black Bikini Bottom,"<p>Econyl Sleek Satin construction meets architectural precision in this bikini bottom. Designed for the intelligent, independent woman. The Obsidian Black colorway with Stone Gray accents creates a sophisticated palette. Pure anti-fashion statement elegance.</p>",Twessie,Bikini Bottom,"minimalist luxury, Econyl Sleek Satin bikini, minimalist bikini bottom, high-end swimwear, independent fashion",TRUE,Color,Obsidian Black,Size,XL,TWESSIE_AU_BB_0204-Obsidian Black-XL,168.0,,10
twessie-au-bb-0204,Raw-Edge Obsidian Black Bikini Bottom,"<p>Econyl Sleek Satin construction meets architectural precision in this bikini bottom. Designed for the intelligent, independent woman. The Obsidian Black colorway with Stone Gray accents creates a sophisticated palette. Pure anti-fashion statement elegance.</p>",Twessie,Bikini Bottom,"minimalist luxury, Econyl Sleek Satin bikini, minimalist bikini bottom, high-end swimwear, independent fashion",TRUE,Color,Obsidian Black,Size,XXL,TWESSIE_AU_BB_0204-Obsidian Black-XXL,168.0,,10
twessie-au-bb-0204,Raw-Edge Obsidian Black Bikini Bottom,"<p>Econyl Sleek Satin construction meets architectural precision in this bikini bottom. Designed for the intelligent, independent woman. The Obsidian Black colorway with Stone Gray accents creates a sophisticated palette. Pure anti-fashion statement elegance.</p>",Twessie,Bikini Bottom,"minimalist luxury, Econyl Sleek Satin bikini, minimalist bikini bottom, high-end swimwear, independent fashion",TRUE,Color,Stone Gray,Size,XS,TWESSIE_AU_BB_0204-Stone Gray-XS,168.0,,10
twessie-au-bb-0204,Raw-Edge Obsidian Black Bikini Bottom,"<p>Econyl Sleek Satin construction meets architectural precision in this bikini bottom. Designed for the intelligent, independent woman. The Obsidian Black colorway with Stone Gray accents creates a sophisticated palette. Pure anti-fashion statement elegance.</p>",Twessie,Bikini Bottom,"minimalist luxury, Econyl Sleek Satin bikini, minimalist bikini bottom, high-end swimwear, independent fashion",TRUE,Color,Stone Gray,Size,S,TWESSIE_AU_BB_0204-Stone Gray-S,168.0,,10
twessie-au-bb-0204,Raw-Edge Obsidian Black Bikini Bottom,"<p>Econyl Sleek Satin construction meets architectural precision in this bikini bottom. Designed for the intelligent, independent woman. The Obsidian Black colorway with Stone Gray accents creates a sophisticated palette. Pure anti-fashion statement elegance.</p>",Twessie,Bikini Bottom,"minimalist luxury, Econyl Sleek Satin bikini, minimalist bikini bottom, high-end swimwear, independent fashion",TRUE,Color,Stone Gray,Size,M,TWESSIE_AU_BB_0204-Stone Gray-M,168.0,,10
twessie-au-bb-0204,Raw-Edge Obsidian Black Bikini Bottom,"<p>Econyl Sleek Satin construction meets architectural precision in this bikini bottom. Designed for the intelligent, independent woman. The Obsidian Black colorway with Stone Gray accents creates a sophisticated palette. Pure anti-fashion statement elegance.</p>",Twessie,Bikini Bottom,"minimalist luxury, Econyl Sleek Satin bikini, minimalist bikini bottom, high-end swimwear, independent fashion",TRUE,Color,Stone Gray,Size,L,TWESSIE_AU_BB_0204-Stone Gray-L,168.0,,10
twessie-au-bb-0204,Raw-Edge Obsidian Black Bikini Bottom,"<p>Econyl Sleek Satin construction meets architectural precision in this bikini bottom. Designed for the intelligent, independent woman. The Obsidian Black colorway with Stone Gray accents creates a sophisticated palette. Pure anti-fashion statement elegance.</p>",Twessie,Bikini Bottom,"minimalist luxury, Econyl Sleek Satin bikini, minimalist bikini bottom, high-end swimwear, independent fashion",TRUE,Color,Stone Gray,Size,XL,TWESSIE_AU_BB_0204-Stone Gray-XL,168.0,,10
twessie-au-bb-0204,Raw-Edge Obsidian Black Bikini Bottom,"<p>Econyl Sleek Satin construction meets architectural precision in this bikini bottom. Designed for the intelligent, independent woman. The Obsidian Black colorway with Stone Gray accents creates a sophisticated palette. Pure anti-fashion statement elegance.</p>",Twessie,Bikini Bottom,"minimalist luxury, Econyl Sleek Satin bikini, minimalist bikini bottom, high-end swimwear, independent fashion",TRUE,Color,Stone Gray,Size,XXL,TWESSIE_AU_BB_0204-Stone Gray-XXL,168.0,,10
twessie-au-bt-0205,Minimalist Chalk White Textured Bikini Top,"<p>Crinkled Seersucker construction meets architectural precision in this bikini top. Designed for the intelligent, independent woman. The Chalk White colorway with Stone Gray accents creates a sophisticated palette. Pure minimalist luxury elegance.</p>",Twessie,Bikini Top,"architectural swimsuit, luxury Chalk White swimwear, minimalist luxury, minimalist bikini top, high-end swimwear",TRUE,Color,Chalk White,Size,XS,TWESSIE_AU_BT_0205-Chalk White-XS,168.0,,10
twessie-au-bt-0205,Minimalist Chalk White Textured Bikini Top,"<p>Crinkled Seersucker construction meets architectural precision in this bikini top. Designed for the intelligent, independent woman. The Chalk White colorway with Stone Gray accents creates a sophisticated palette. Pure minimalist luxury elegance.</p>",Twessie,Bikini Top,"architectural swimsuit, luxury Chalk White swimwear, minimalist luxury, minimalist bikini top, high-end swimwear",TRUE,Color,Chalk White,Size,S,TWESSIE_AU_BT_0205-Chalk White-S,168.0,,10
twessie-au-bt-0205,Minimalist Chalk White Textured Bikini Top,"<p>Crinkled Seersucker construction meets architectural precision in this bikini top. Designed for the intelligent, independent woman. The Chalk White colorway with Stone Gray accents creates a sophisticated palette. Pure minimalist luxury elegance.</p>",Twessie,Bikini Top,"architectural swimsuit, luxury Chalk White swimwear, minimalist luxury, minimalist bikini top, high-end swimwear",TRUE,Color,Chalk White,Size,M,TWESSIE_AU_BT_0205-Chalk White-M,168.0,,10
twessie-au-bt-0205,Minimalist Chalk White Textured Bikini Top,"<p>Crinkled Seersucker construction meets architectural precision in this bikini top. Designed for the intelligent, independent woman. The Chalk White colorway with Stone Gray accents creates a sophisticated palette. Pure minimalist luxury elegance.</p>",Twessie,Bikini Top,"architectural swimsuit, luxury Chalk White swimwear, minimalist luxury, minimalist bikini top, high-end swimwear",TRUE,Color,Chalk White,Size,L,TWESSIE_AU_BT_0205-Chalk White-L,168.0,,10
twessie-au-bt-0205,Minimalist Chalk White Textured Bikini Top,"<p>Crinkled Seersucker construction meets architectural precision in this bikini top. Designed for the intelligent, independent woman. The Chalk White colorway with Stone Gray accents creates a sophisticated palette. Pure minimalist luxury elegance.</p>",Twessie,Bikini Top,"architectural swimsuit, luxury Chalk White swimwear, minimalist luxury, minimalist bikini top, high-end swimwear",TRUE,Color,Chalk White,Size,XL,TWESSIE_AU_BT_0205-Chalk White-XL,168.0,,10
twessie-au-bt-0205,Minimalist Chalk White Textured Bikini Top,"<p>Crinkled Seersucker construction meets architectural precision in this bikini top. Designed for the intelligent, independent woman. The Chalk White colorway with Stone Gray accents creates a sophisticated palette. Pure minimalist luxury elegance.</p>",Twessie,Bikini Top,"architectural swimsuit, luxury Chalk White swimwear, minimalist luxury, minimalist bikini top, high-end swimwear",TRUE,Color,Chalk White,Size,XXL,TWESSIE_AU_BT_0205-Chalk White-XXL,168.0,,10
twessie-au-bt-0205,Minimalist Chalk White Textured Bikini Top,"<p>Crinkled Seersucker construction meets architectural precision in this bikini top. Designed for the intelligent, independent woman. The Chalk White colorway with Stone Gray accents creates a sophisticated palette. Pure minimalist luxury elegance.</p>",Twessie,Bikini Top,"architectural swimsuit, luxury Chalk White swimwear, minimalist luxury, minimalist bikini top, high-end swimwear",TRUE,Color,Stone Gray,Size,XS,TWESSIE_AU_BT_0205-Stone Gray-XS,168.0,,10
twessie-au-bt-0205,Minimalist Chalk White Textured Bikini Top,"<p>Crinkled Seersucker construction meets architectural precision in this bikini top. Designed for the intelligent, independent woman. The Chalk White colorway with Stone Gray accents creates a sophisticated palette. Pure minimalist luxury elegance.</p>",Twessie,Bikini Top,"architectural swimsuit, luxury Chalk White swimwear, minimalist luxury, minimalist bikini top, high-end swimwear",TRUE,Color,Stone Gray,Size,S,TWESSIE_AU_BT_0205-Stone Gray-S,168.0,,10
twessie-au-bt-0205,Minimalist Chalk White Textured Bikini Top,"<p>Crinkled Seersucker construction meets architectural precision in this bikini top. Designed for the intelligent, independent woman. The Chalk White colorway with Stone Gray accents creates a sophisticated palette. Pure minimalist luxury elegance.</p>",Twessie,Bikini Top,"architectural swimsuit, luxury Chalk White swimwear, minimalist luxury, minimalist bikini top, high-end swimwear",TRUE,Color,Stone Gray,Size,M,TWESSIE_AU_BT_0205-Stone Gray-M,168.0,,10
twessie-au-bt-0205,Minimalist Chalk White Textured Bikini Top,"<p>Crinkled Seersucker construction meets architectural precision in this bikini top. Designed for the intelligent, independent woman. The Chalk White colorway with Stone Gray accents creates a sophisticated palette. Pure minimalist luxury elegance.</p>",Twessie,Bikini Top,"architectural swimsuit, luxury Chalk White swimwear, minimalist luxury, minimalist bikini top, high-end swimwear",TRUE,Color,Stone Gray,Size,L,TWESSIE_AU_BT_0205-Stone Gray-L,168.0,,10
twessie-au-bt-0205,Minimalist Chalk White Textured Bikini Top,"<p>Crinkled Seersucker construction meets architectural precision in this bikini top. Designed for the intelligent, independent woman. The Chalk White colorway with Stone Gray accents creates a sophisticated palette. Pure minimalist luxury elegance.</p>",Twessie,Bikini Top,"architectural swimsuit, luxury Chalk White swimwear, minimalist luxury, minimalist bikini top, high-end swimwear",TRUE,Color,Stone Gray,Size,XL,TWESSIE_AU_BT_0205-Stone Gray-XL,168.0,,10
twessie-au-bt-0205,Minimalist Chalk White Textured Bikini Top,"<p>Crinkled Seersucker construction meets architectural precision in this bikini top. Designed for the intelligent, independent woman. The Chalk White colorway with Stone Gray accents creates a sophisticated palette. Pure minimalist luxury elegance.</p>",Twessie,Bikini Top,"architectural swimsuit, luxury Chalk White swimwear, minimalist luxury, minimalist bikini top, high-end swimwear",TRUE,Color,Stone Gray,Size,XXL,TWESSIE_AU_BT_0205-Stone Gray-XXL,168.0,,10
twessie-au-op-0206,Minimalist Matte Ribbed Knit One-Piece,"<p>Matte Ribbed Knit construction meets architectural precision in this one-piece. Designed for the intelligent, independent woman. The Burnt Terracotta colorway with Olive Drab accents creates a sophisticated palette. Pure architectural elegance elegance.</p>",Twessie,One-Piece,"minimalist one-piece, minimalist luxury, independent fashion, high-end swimwear, luxury Burnt Terracotta swimwear",TRUE,Color,Burnt Terracotta,Size,XS,TWESSIE_AU_OP_0206-Burnt Terracotta-XS,168.0,,10
twessie-au-op-0206,Minimalist Matte Ribbed Knit One-Piece,"<p>Matte Ribbed Knit construction meets architectural precision in this one-piece. Designed for the intelligent, independent woman. The Burnt Terracotta colorway with Olive Drab accents creates a sophisticated palette. Pure architectural elegance elegance.</p>",Twessie,One-Piece,"minimalist one-piece, minimalist luxury, independent fashion, high-end swimwear, luxury Burnt Terracotta swimwear",TRUE,Color,Burnt Terracotta,Size,S,TWESSIE_AU_OP_0206-Burnt Terracotta-S,168.0,,10
twessie-au-op-0206,Minimalist Matte Ribbed Knit One-Piece,"<p>Matte Ribbed Knit construction meets architectural precision in this one-piece. Designed for the intelligent, independent woman. The Burnt Terracotta colorway with Olive Drab accents creates a sophisticated palette. Pure architectural elegance elegance.</p>",Twessie,One-Piece,"minimalist one-piece, minimalist luxury, independent fashion, high-end swimwear, luxury Burnt Terracotta swimwear",TRUE,Color,Burnt Terracotta,Size,M,TWESSIE_AU_OP_0206-Burnt Terracotta-M,168.0,,10
twessie-au-op-0206,Minimalist Matte Ribbed Knit One-Piece,"<p>Matte Ribbed Knit construction meets architectural precision in this one-piece. Designed for the intelligent, independent woman. The Burnt Terracotta colorway with Olive Drab accents creates a sophisticated palette. Pure architectural elegance elegance.</p>",Twessie,One-Piece,"minimalist one-piece, minimalist luxury, independent fashion, high-end swimwear, luxury Burnt Terracotta swimwear",TRUE,Color,Burnt Terracotta,Size,L,TWESSIE_AU_OP_0206-Burnt Terracotta-L,168.0,,10
twessie-au-op-0206,Minimalist Matte Ribbed Knit One-Piece,"<p>Matte Ribbed Knit construction meets architectural precision in this one-piece. Designed for the intelligent, independent woman. The Burnt Terracotta colorway with Olive Drab accents creates a sophisticated palette. Pure architectural elegance elegance.</p>",Twessie,One-Piece,"minimalist one-piece, minimalist luxury, independent fashion, high-end swimwear, luxury Burnt Terracotta swimwear",TRUE,Color,Burnt Terracotta,Size,XL,TWESSIE_AU_OP_0206-Burnt Terracotta-XL,168.0,,10
twessie-au-op-0206,Minimalist Matte Ribbed Knit One-Piece,"<p>Matte Ribbed Knit construction meets architectural precision in this one-piece. Designed for the intelligent, independent woman. The Burnt Terracotta colorway with Olive Drab accents creates a sophisticated palette. Pure architectural elegance elegance.</p>",Twessie,One-Piece,"minimalist one-piece, minimalist luxury, independent fashion, high-end swimwear, luxury Burnt Terracotta swimwear",TRUE,Color,Burnt Terracotta,Size,XXL,TWESSIE_AU_OP_0206-Burnt Terracotta-XXL,168.0,,10
twessie-au-op-0206,Minimalist Matte Ribbed Knit One-Piece,"<p>Matte Ribbed Knit construction meets architectural precision in this one-piece. Designed for the intelligent, independent woman. The Burnt Terracotta colorway with Olive Drab accents creates a sophisticated palette. Pure architectural elegance elegance.</p>",Twessie,One-Piece,"minimalist one-piece, minimalist luxury, independent fashion, high-end swimwear, luxury Burnt Terracotta swimwear",TRUE,Color,Olive Drab,Size,XS,TWESSIE_AU_OP_0206-Olive Drab-XS,168.0,,10
twessie-au-op-0206,Minimalist Matte Ribbed Knit One-Piece,"<p>Matte Ribbed Knit construction meets architectural precision in this one-piece. Designed for the intelligent, independent woman. The Burnt Terracotta colorway with Olive Drab accents creates a sophisticated palette. Pure architectural elegance elegance.</p>",Twessie,One-Piece,"minimalist one-piece, minimalist luxury, independent fashion, high-end swimwear, luxury Burnt Terracotta swimwear",TRUE,Color,Olive Drab,Size,S,TWESSIE_AU_OP_0206-Olive Drab-S,168.0,,10
twessie-au-op-0206,Minimalist Matte Ribbed Knit One-Piece,"<p>Matte Ribbed Knit construction meets architectural precision in this one-piece. Designed for the intelligent, independent woman. The Burnt Terracotta colorway with Olive Drab accents creates a sophisticated palette. Pure architectural elegance elegance.</p>",Twessie,One-Piece,"minimalist one-piece, minimalist luxury, independent fashion, high-end swimwear, luxury Burnt Terracotta swimwear",TRUE,Color,Olive Drab,Size,M,TWESSIE_AU_OP_0206-Olive Drab-M,168.0,,10
twessie-au-op-0206,Minimalist Matte Ribbed Knit One-Piece,"<p>Matte Ribbed Knit construction meets architectural precision in this one-piece. Designed for the intelligent, independent woman. The Burnt Terracotta colorway with Olive Drab accents creates a sophisticated palette. Pure architectural elegance elegance.</p>",Twessie,One-Piece,"minimalist one-piece, minimalist luxury, independent fashion, high-end swimwear, luxury Burnt Terracotta swimwear",TRUE,Color,Olive Drab,Size,L,TWESSIE_AU_OP_0206-Olive Drab-L,168.0,,10
twessie-au-op-0206,Minimalist Matte Ribbed Knit One-Piece,"<p>Matte Ribbed Knit construction meets architectural precision in this one-piece. Designed for the intelligent, independent woman. The Burnt Terracotta colorway with Olive Drab accents creates a sophisticated palette. Pure architectural elegance elegance.</p>",Twessie,One-Piece,"minimalist one-piece, minimalist luxury, independent fashion, high-end swimwear, luxury Burnt Terracotta swimwear",TRUE,Color,Olive Drab,Size,XL,TWESSIE_AU_OP_0206-Olive Drab-XL,168.0,,10
twessie-au-op-0206,Minimalist Matte Ribbed Knit One-Piece,"<p>Matte Ribbed Knit construction meets architectural precision in this one-piece. Designed for the intelligent, independent woman. The Burnt Terracotta colorway with Olive Drab accents creates a sophisticated palette. Pure architectural elegance elegance.</p>",Twessie,One-Piece,"minimalist one-piece, minimalist luxury, independent fashion, high-end swimwear, luxury Burnt Terracotta swimwear",TRUE,Color,Olive Drab,Size,XXL,TWESSIE_AU_OP_0206-Olive Drab-XXL,168.0,,10
twessie-au-bb-0207,Structural Matte Ribbed Knit Bikini Bottom,<p>A statement piece in Matte Ribbed Knit. This bikini bottom combines architectural elegance design with impeccable craftsmanship. Available in Olive Drab with Burnt Terracotta detailing. Not loud. Not obvious. Unmistakably Twessie.</p>,Twessie,Bikini Bottom,"architectural swimsuit, luxury Olive Drab swimwear, minimalist bikini bottom, high-end swimwear, Matte Ribbed Knit bikini",TRUE,Color,Olive Drab,Size,XS,TWESSIE_AU_BB_0207-Olive Drab-XS,168.0,,10
twessie-au-bb-0207,Structural Matte Ribbed Knit Bikini Bottom,<p>A statement piece in Matte Ribbed Knit. This bikini bottom combines architectural elegance design with impeccable craftsmanship. Available in Olive Drab with Burnt Terracotta detailing. Not loud. Not obvious. Unmistakably Twessie.</p>,Twessie,Bikini Bottom,"architectural swimsuit, luxury Olive Drab swimwear, minimalist bikini bottom, high-end swimwear, Matte Ribbed Knit bikini",TRUE,Color,Olive Drab,Size,S,TWESSIE_AU_BB_0207-Olive Drab-S,168.0,,10
twessie-au-bb-0207,Structural Matte Ribbed Knit Bikini Bottom,<p>A statement piece in Matte Ribbed Knit. This bikini bottom combines architectural elegance design with impeccable craftsmanship. Available in Olive Drab with Burnt Terracotta detailing. Not loud. Not obvious. Unmistakably Twessie.</p>,Twessie,Bikini Bottom,"architectural swimsuit, luxury Olive Drab swimwear, minimalist bikini bottom, high-end swimwear, Matte Ribbed Knit bikini",TRUE,Color,Olive Drab,Size,M,TWESSIE_AU_BB_0207-Olive Drab-M,168.0,,10
twessie-au-bb-0207,Structural Matte Ribbed Knit Bikini Bottom,<p>A statement piece in Matte Ribbed Knit. This bikini bottom combines architectural elegance design with impeccable craftsmanship. Available in Olive Drab with Burnt Terracotta detailing. Not loud. Not obvious. Unmistakably Twessie.</p>,Twessie,Bikini Bottom,"architectural swimsuit, luxury Olive Drab swimwear, minimalist bikini bottom, high-end swimwear, Matte Ribbed Knit bikini",TRUE,Color,Olive Drab,Size,L,TWESSIE_AU_BB_0207-Olive Drab-L,168.0,,10
twessie-au-bb-0207,Structural Matte Ribbed Knit Bikini Bottom,<p>A statement piece in Matte Ribbed Knit. This bikini bottom combines architectural elegance design with impeccable craftsmanship. Available in Olive Drab with Burnt Terracotta detailing. Not loud. Not obvious. Unmistakably Twessie.</p>,Twessie,Bikini Bottom,"architectural swimsuit, luxury Olive Drab swimwear, minimalist bikini bottom, high-end swimwear, Matte Ribbed Knit bikini",TRUE,Color,Olive Drab,Size,XL,TWESSIE_AU_BB_0207-Olive Drab-XL,168.0,,10
twessie-au-bb-0207,Structural Matte Ribbed Knit Bikini Bottom,<p>A statement piece in Matte Ribbed Knit. This bikini bottom combines architectural elegance design with impeccable craftsmanship. Available in Olive Drab with Burnt Terracotta detailing. Not loud. Not obvious. Unmistakably Twessie.</p>,Twessie,Bikini Bottom,"architectural swimsuit, luxury Olive Drab swimwear, minimalist bikini bottom, high-end swimwear, Matte Ribbed Knit bikini",TRUE,Color,Olive Drab,Size,XXL,TWESSIE_AU_BB_0207-Olive Drab-XXL,168.0,,10
twessie-au-bb-0207,Structural Matte Ribbed Knit Bikini Bottom,<p>A statement piece in Matte Ribbed Knit. This bikini bottom combines architectural elegance design with impeccable craftsmanship. Available in Olive Drab with Burnt Terracotta detailing. Not loud. Not obvious. Unmistakably Twessie.</p>,Twessie,Bikini Bottom,"architectural swimsuit, luxury Olive Drab swimwear, minimalist bikini bottom, high-end swimwear, Matte Ribbed Knit bikini",TRUE,Color,Burnt Terracotta,Size,XS,TWESSIE_AU_BB_0207-Burnt Terracotta-XS,168.0,,10
twessie-au-bb-0207,Structural Matte Ribbed Knit Bikini Bottom,<p>A statement piece in Matte Ribbed Knit. This bikini bottom combines architectural elegance design with impeccable craftsmanship. Available in Olive Drab with Burnt Terracotta detailing. Not loud. Not obvious. Unmistakably Twessie.</p>,Twessie,Bikini Bottom,"architectural swimsuit, luxury Olive Drab swimwear, minimalist bikini bottom, high-end swimwear, Matte Ribbed Knit bikini",TRUE,Color,Burnt Terracotta,Size,S,TWESSIE_AU_BB_0207-Burnt Terracotta-S,168.0,,10
twessie-au-bb-0207,Structural Matte Ribbed Knit Bikini Bottom,<p>A statement piece in Matte Ribbed Knit. This bikini bottom combines architectural elegance design with impeccable craftsmanship. Available in Olive Drab with Burnt Terracotta detailing. Not loud. Not obvious. Unmistakably Twessie.</p>,Twessie,Bikini Bottom,"architectural swimsuit, luxury Olive Drab swimwear, minimalist bikini bottom, high-end swimwear, Matte Ribbed Knit bikini",TRUE,Color,Burnt Terracotta,Size,M,TWESSIE_AU_BB_0207-Burnt Terracotta-M,168.0,,10
twessie-au-bb-0207,Structural Matte Ribbed Knit Bikini Bottom,<p>A statement piece in Matte Ribbed Knit. This bikini bottom combines architectural elegance design with impeccable craftsmanship. Available in Olive Drab with Burnt Terracotta detailing. Not loud. Not obvious. Unmistakably Twessie.</p>,Twessie,Bikini Bottom,"architectural swimsuit, luxury Olive Drab swimwear, minimalist bikini bottom, high-end swimwear, Matte Ribbed Knit bikini",TRUE,Color,Burnt Terracotta,Size,L,TWESSIE_AU_BB_0207-Burnt Terracotta-L,168.0,,10
twessie-au-bb-0207,Structural Matte Ribbed Knit Bikini Bottom,<p>A statement piece in Matte Ribbed Knit. This bikini bottom combines architectural elegance design with impeccable craftsmanship. Available in Olive Drab with Burnt Terracotta detailing. Not loud. Not obvious. Unmistakably Twessie.</p>,Twessie,Bikini Bottom,"architectural swimsuit, luxury Olive Drab swimwear, minimalist bikini bottom, high-end swimwear, Matte Ribbed Knit bikini",TRUE,Color,Burnt Terracotta,Size,XL,TWESSIE_AU_BB_0207-Burnt Terracotta-XL,168.0,,10
twessie-au-bb-0207,Structural Matte Ribbed Knit Bikini Bottom,<p>A statement piece in Matte Ribbed Knit. This bikini bottom combines architectural elegance design with impeccable craftsmanship. Available in Olive Drab with Burnt Terracotta detailing. Not loud. Not obvious. Unmistakably Twessie.</p>,Twessie,Bikini Bottom,"architectural swimsuit, luxury Olive Drab swimwear, minimalist bikini bottom, high-end swimwear, Matte Ribbed Knit bikini",TRUE,Color,Burnt Terracotta,Size,XXL,TWESSIE_AU_BB_0207-Burnt Terracotta-XXL,168.0,,10
twessie-na-op-0208,Obsidian Black Architectural One-Piece Swimsuit,<p>A statement piece in Econyl Sleek Satin. This one-piece combines minimalist luxury design with impeccable craftsmanship. Available in Obsidian Black with Chalk White detailing. Not loud. Not obvious. Unmistakably Twessie.</p>,Twessie,One-Piece,"minimalist luxury, high-end swimwear, luxury Obsidian Black swimwear, minimalist one-piece, independent fashion",TRUE,Color,Obsidian Black,Size,XS,TWESSIE_NA_OP_0208-Obsidian Black-XS,168.0,,10
twessie-na-op-0208,Obsidian Black Architectural One-Piece Swimsuit,<p>A statement piece in Econyl Sleek Satin. This one-piece combines minimalist luxury design with impeccable craftsmanship. Available in Obsidian Black with Chalk White detailing. Not loud. Not obvious. Unmistakably Twessie.</p>,Twessie,One-Piece,"minimalist luxury, high-end swimwear, luxury Obsidian Black swimwear, minimalist one-piece, independent fashion",TRUE,Color,Obsidian Black,Size,S,TWESSIE_NA_OP_0208-Obsidian Black-S,168.0,,10
twessie-na-op-0208,Obsidian Black Architectural One-Piece Swimsuit,<p>A statement piece in Econyl Sleek Satin. This one-piece combines minimalist luxury design with impeccable craftsmanship. Available in Obsidian Black with Chalk White detailing. Not loud. Not obvious. Unmistakably Twessie.</p>,Twessie,One-Piece,"minimalist luxury, high-end swimwear, luxury Obsidian Black swimwear, minimalist one-piece, independent fashion",TRUE,Color,Obsidian Black,Size,M,TWESSIE_NA_OP_0208-Obsidian Black-M,168.0,,10
twessie-na-op-0208,Obsidian Black Architectural One-Piece Swimsuit,<p>A statement piece in Econyl Sleek Satin. This one-piece combines minimalist luxury design with impeccable craftsmanship. Available in Obsidian Black with Chalk White detailing. Not loud. Not obvious. Unmistakably Twessie.</p>,Twessie,One-Piece,"minimalist luxury, high-end swimwear, luxury Obsidian Black swimwear, minimalist one-piece, independent fashion",TRUE,Color,Obsidian Black,Size,L,TWESSIE_NA_OP_0208-Obsidian Black-L,168.0,,10
twessie-na-op-0208,Obsidian Black Architectural One-Piece Swimsuit,<p>A statement piece in Econyl Sleek Satin. This one-piece combines minimalist luxury design with impeccable craftsmanship. Available in Obsidian Black with Chalk White detailing. Not loud. Not obvious. Unmistakably Twessie.</p>,Twessie,One-Piece,"minimalist luxury, high-end swimwear, luxury Obsidian Black swimwear, minimalist one-piece, independent fashion",TRUE,Color,Obsidian Black,Size,XL,TWESSIE_NA_OP_0208-Obsidian Black-XL,168.0,,10
twessie-na-op-0208,Obsidian Black Architectural One-Piece Swimsuit,<p>A statement piece in Econyl Sleek Satin. This one-piece combines minimalist luxury design with impeccable craftsmanship. Available in Obsidian Black with Chalk White detailing. Not loud. Not obvious. Unmistakably Twessie.</p>,Twessie,One-Piece,"minimalist luxury, high-end swimwear, luxury Obsidian Black swimwear, minimalist one-piece, independent fashion",TRUE,Color,Obsidian Black,Size,XXL,TWESSIE_NA_OP_0208-Obsidian Black-XXL,168.0,,10
twessie-na-op-0208,Obsidian Black Architectural One-Piece Swimsuit,<p>A statement piece in Econyl Sleek Satin. This one-piece combines minimalist luxury design with impeccable craftsmanship. Available in Obsidian Black with Chalk White detailing. Not loud. Not obvious. Unmistakably Twessie.</p>,Twessie,One-Piece,"minimalist luxury, high-end swimwear, luxury Obsidian Black swimwear, minimalist one-piece, independent fashion",TRUE,Color,Chalk White,Size,XS,TWESSIE_NA_OP_0208-Chalk White-XS,168.0,,10
twessie-na-op-0208,Obsidian Black Architectural One-Piece Swimsuit,<p>A statement piece in Econyl Sleek Satin. This one-piece combines minimalist luxury design with impeccable craftsmanship. Available in Obsidian Black with Chalk White detailing. Not loud. Not obvious. Unmistakably Twessie.</p>,Twessie,One-Piece,"minimalist luxury, high-end swimwear, luxury Obsidian Black swimwear, minimalist one-piece, independent fashion",TRUE,Color,Chalk White,Size,S,TWESSIE_NA_OP_0208-Chalk White-S,168.0,,10
twessie-na-op-0208,Obsidian Black Architectural One-Piece Swimsuit,<p>A statement piece in Econyl Sleek Satin. This one-piece combines minimalist luxury design with impeccable craftsmanship. Available in Obsidian Black with Chalk White detailing. Not loud. Not obvious. Unmistakably Twessie.</p>,Twessie,One-Piece,"minimalist luxury, high-end swimwear, luxury Obsidian Black swimwear, minimalist one-piece, independent fashion",TRUE,Color,Chalk White,Size,M,TWESSIE_NA_OP_0208-Chalk White-M,168.0,,10
twessie-na-op-0208,Obsidian Black Architectural One-Piece Swimsuit,<p>A statement piece in Econyl Sleek Satin. This one-piece combines minimalist luxury design with impeccable craftsmanship. Available in Obsidian Black with Chalk White detailing. Not loud. Not obvious. Unmistakably Twessie.</p>,Twessie,One-Piece,"minimalist luxury, high-end swimwear, luxury Obsidian Black swimwear, minimalist one-piece, independent fashion",TRUE,Color,Chalk White,Size,L,TWESSIE_NA_OP_0208-Chalk White-L,168.0,,10
twessie-na-op-0208,Obsidian Black Architectural One-Piece Swimsuit,<p>A statement piece in Econyl Sleek Satin. This one-piece combines minimalist luxury design with impeccable craftsmanship. Available in Obsidian Black with Chalk White detailing. Not loud. Not obvious. Unmistakably Twessie.</p>,Twessie,One-Piece,"minimalist luxury, high-end swimwear, luxury Obsidian Black swimwear, minimalist one-piece, independent fashion",TRUE,Color,Chalk White,Size,XL,TWESSIE_NA_OP_0208-Chalk White-XL,168.0,,10
twessie-na-op-0208,Obsidian Black Architectural One-Piece Swimsuit,<p>A statement piece in Econyl Sleek Satin. This one-piece combines minimalist luxury design with impeccable craftsmanship. Available in Obsidian Black with Chalk White detailing. Not loud. Not obvious. Unmistakably Twessie.</p>,Twessie,One-Piece,"minimalist luxury, high-end swimwear, luxury Obsidian Black swimwear, minimalist one-piece, independent fashion",TRUE,Color,Chalk White,Size,XXL,TWESSIE_NA_OP_0208-Chalk White-XXL,168.0,,10
twessie-jp-bb-0209,Stone Gray Minimalist Crinkled Seersucker Bikini Bottom,<p>Crafted in premium Crinkled Seersucker with Econyl Sleek Satin accents. This bikini bottom epitomizes architectural elegance luxury. Featuring color-blocking in Stone Gray and Chalk White. Perfect for the discerning swimmer who refuses the obvious.</p>,Twessie,Bikini Bottom,"minimalist luxury, luxury Stone Gray swimwear, architectural swimsuit, high-end swimwear, Crinkled Seersucker bikini",TRUE,Color,Stone Gray,Size,XS,TWESSIE_JP_BB_0209-Stone Gray-XS,168.0,,10
twessie-jp-bb-0209,Stone Gray Minimalist Crinkled Seersucker Bikini Bottom,<p>Crafted in premium Crinkled Seersucker with Econyl Sleek Satin accents. This bikini bottom epitomizes architectural elegance luxury. Featuring color-blocking in Stone Gray and Chalk White. Perfect for the discerning swimmer who refuses the obvious.</p>,Twessie,Bikini Bottom,"minimalist luxury, luxury Stone Gray swimwear, architectural swimsuit, high-end swimwear, Crinkled Seersucker bikini",TRUE,Color,Stone Gray,Size,S,TWESSIE_JP_BB_0209-Stone Gray-S,168.0,,10
twessie-jp-bb-0209,Stone Gray Minimalist Crinkled Seersucker Bikini Bottom,<p>Crafted in premium Crinkled Seersucker with Econyl Sleek Satin accents. This bikini bottom epitomizes architectural elegance luxury. Featuring color-blocking in Stone Gray and Chalk White. Perfect for the discerning swimmer who refuses the obvious.</p>,Twessie,Bikini Bottom,"minimalist luxury, luxury Stone Gray swimwear, architectural swimsuit, high-end swimwear, Crinkled Seersucker bikini",TRUE,Color,Stone Gray,Size,M,TWESSIE_JP_BB_0209-Stone Gray-M,168.0,,10
twessie-jp-bb-0209,Stone Gray Minimalist Crinkled Seersucker Bikini Bottom,<p>Crafted in premium Crinkled Seersucker with Econyl Sleek Satin accents. This bikini bottom epitomizes architectural elegance luxury. Featuring color-blocking in Stone Gray and Chalk White. Perfect for the discerning swimmer who refuses the obvious.</p>,Twessie,Bikini Bottom,"minimalist luxury, luxury Stone Gray swimwear, architectural swimsuit, high-end swimwear, Crinkled Seersucker bikini",TRUE,Color,Stone Gray,Size,L,TWESSIE_JP_BB_0209-Stone Gray-L,168.0,,10
twessie-jp-bb-0209,Stone Gray Minimalist Crinkled Seersucker Bikini Bottom,<p>Crafted in premium Crinkled Seersucker with Econyl Sleek Satin accents. This bikini bottom epitomizes architectural elegance luxury. Featuring color-blocking in Stone Gray and Chalk White. Perfect for the discerning swimmer who refuses the obvious.</p>,Twessie,Bikini Bottom,"minimalist luxury, luxury Stone Gray swimwear, architectural swimsuit, high-end swimwear, Crinkled Seersucker bikini",TRUE,Color,Stone Gray,Size,XL,TWESSIE_JP_BB_0209-Stone Gray-XL,168.0,,10
twessie-jp-bb-0209,Stone Gray Minimalist Crinkled Seersucker Bikini Bottom,<p>Crafted in premium Crinkled Seersucker with Econyl Sleek Satin accents. This bikini bottom epitomizes architectural elegance luxury. Featuring color-blocking in Stone Gray and Chalk White. Perfect for the discerning swimmer who refuses the obvious.</p>,Twessie,Bikini Bottom,"minimalist luxury, luxury Stone Gray swimwear, architectural swimsuit, high-end swimwear, Crinkled Seersucker bikini",TRUE,Color,Stone Gray,Size,XXL,TWESSIE_JP_BB_0209-Stone Gray-XXL,168.0,,10
twessie-jp-bb-0209,Stone Gray Minimalist Crinkled Seersucker Bikini Bottom,<p>Crafted in premium Crinkled Seersucker with Econyl Sleek Satin accents. This bikini bottom epitomizes architectural elegance luxury. Featuring color-blocking in Stone Gray and Chalk White. Perfect for the discerning swimmer who refuses the obvious.</p>,Twessie,Bikini Bottom,"minimalist luxury, luxury Stone Gray swimwear, architectural swimsuit, high-end swimwear, Crinkled Seersucker bikini",TRUE,Color,Chalk White,Size,XS,TWESSIE_JP_BB_0209-Chalk White-XS,168.0,,10
twessie-jp-bb-0209,Stone Gray Minimalist Crinkled Seersucker Bikini Bottom,<p>Crafted in premium Crinkled Seersucker with Econyl Sleek Satin accents. This bikini bottom epitomizes architectural elegance luxury. Featuring color-blocking in Stone Gray and Chalk White. Perfect for the discerning swimmer who refuses the obvious.</p>,Twessie,Bikini Bottom,"minimalist luxury, luxury Stone Gray swimwear, architectural swimsuit, high-end swimwear, Crinkled Seersucker bikini",TRUE,Color,Chalk White,Size,S,TWESSIE_JP_BB_0209-Chalk White-S,168.0,,10
twessie-jp-bb-0209,Stone Gray Minimalist Crinkled Seersucker Bikini Bottom,<p>Crafted in premium Crinkled Seersucker with Econyl Sleek Satin accents. This bikini bottom epitomizes architectural elegance luxury. Featuring color-blocking in Stone Gray and Chalk White. Perfect for the discerning swimmer who refuses the obvious.</p>,Twessie,Bikini Bottom,"minimalist luxury, luxury Stone Gray swimwear, architectural swimsuit, high-end swimwear, Crinkled Seersucker bikini",TRUE,Color,Chalk White,Size,M,TWESSIE_JP_BB_0209-Chalk White-M,168.0,,10
twessie-jp-bb-0209,Stone Gray Minimalist Crinkled Seersucker Bikini Bottom,<p>Crafted in premium Crinkled Seersucker with Econyl Sleek Satin accents. This bikini bottom epitomizes architectural elegance luxury. Featuring color-blocking in Stone Gray and Chalk White. Perfect for the discerning swimmer who refuses the obvious.</p>,Twessie,Bikini Bottom,"minimalist luxury, luxury Stone Gray swimwear, architectural swimsuit, high-end swimwear, Crinkled Seersucker bikini",TRUE,Color,Chalk White,Size,L,TWESSIE_JP_BB_0209-Chalk White-L,168.0,,10
twessie-jp-bb-0209,Stone Gray Minimalist Crinkled Seersucker Bikini Bottom,<p>Crafted in premium Crinkled Seersucker with Econyl Sleek Satin accents. This bikini bottom epitomizes architectural elegance luxury. Featuring color-blocking in Stone Gray and Chalk White. Perfect for the discerning swimmer who refuses the obvious.</p>,Twessie,Bikini Bottom,"minimalist luxury, luxury Stone Gray swimwear, architectural swimsuit, high-end swimwear, Crinkled Seersucker bikini",TRUE,Color,Chalk White,Size,XL,TWESSIE_JP_BB_0209-Chalk White-XL,168.0,,10
twessie-jp-bb-0209,Stone Gray Minimalist Crinkled Seersucker Bikini Bottom,<p>Crafted in premium Crinkled Seersucker with Econyl Sleek Satin accents. This bikini bottom epitomizes architectural elegance luxury. Featuring color-blocking in Stone Gray and Chalk White. Perfect for the discerning swimmer who refuses the obvious.</p>,Twessie,Bikini Bottom,"minimalist luxury, luxury Stone Gray swimwear, architectural swimsuit, high-end swimwear, Crinkled Seersucker bikini",TRUE,Color,Chalk White,Size,XXL,TWESSIE_JP_BB_0209-Chalk White-XXL,168.0,,10
twessie-sg-op-0210,Minimalist Matte Ribbed Knit One-Piece,<p>Crafted in premium Matte Ribbed Knit with Econyl Sleek Satin accents. This one-piece epitomizes rebellious yet refined luxury. Featuring color-blocking in Olive Drab and Burnt Terracotta. Perfect for the discerning swimmer who refuses the obvious.</p>,Twessie,One-Piece,"luxury Olive Drab swimwear, high-end swimwear, architectural swimsuit, minimalist one-piece, Matte Ribbed Knit bikini",TRUE,Color,Olive Drab,Size,XS,TWESSIE_SG_OP_0210-Olive Drab-XS,168.0,,10
twessie-sg-op-0210,Minimalist Matte Ribbed Knit One-Piece,<p>Crafted in premium Matte Ribbed Knit with Econyl Sleek Satin accents. This one-piece epitomizes rebellious yet refined luxury. Featuring color-blocking in Olive Drab and Burnt Terracotta. Perfect for the discerning swimmer who refuses the obvious.</p>,Twessie,One-Piece,"luxury Olive Drab swimwear, high-end swimwear, architectural swimsuit, minimalist one-piece, Matte Ribbed Knit bikini",TRUE,Color,Olive Drab,Size,S,TWESSIE_SG_OP_0210-Olive Drab-S,168.0,,10
twessie-sg-op-0210,Minimalist Matte Ribbed Knit One-Piece,<p>Crafted in premium Matte Ribbed Knit with Econyl Sleek Satin accents. This one-piece epitomizes rebellious yet refined luxury. Featuring color-blocking in Olive Drab and Burnt Terracotta. Perfect for the discerning swimmer who refuses the obvious.</p>,Twessie,One-Piece,"luxury Olive Drab swimwear, high-end swimwear, architectural swimsuit, minimalist one-piece, Matte Ribbed Knit bikini",TRUE,Color,Olive Drab,Size,M,TWESSIE_SG_OP_0210-Olive Drab-M,168.0,,10
twessie-sg-op-0210,Minimalist Matte Ribbed Knit One-Piece,<p>Crafted in premium Matte Ribbed Knit with Econyl Sleek Satin accents. This one-piece epitomizes rebellious yet refined luxury. Featuring color-blocking in Olive Drab and Burnt Terracotta. Perfect for the discerning swimmer who refuses the obvious.</p>,Twessie,One-Piece,"luxury Olive Drab swimwear, high-end swimwear, architectural swimsuit, minimalist one-piece, Matte Ribbed Knit bikini",TRUE,Color,Olive Drab,Size,L,TWESSIE_SG_OP_0210-Olive Drab-L,168.0,,10
twessie-sg-op-0210,Minimalist Matte Ribbed Knit One-Piece,<p>Crafted in premium Matte Ribbed Knit with Econyl Sleek Satin accents. This one-piece epitomizes rebellious yet refined luxury. Featuring color-blocking in Olive Drab and Burnt Terracotta. Perfect for the discerning swimmer who refuses the obvious.</p>,Twessie,One-Piece,"luxury Olive Drab swimwear, high-end swimwear, architectural swimsuit, minimalist one-piece, Matte Ribbed Knit bikini",TRUE,Color,Olive Drab,Size,XL,TWESSIE_SG_OP_0210-Olive Drab-XL,168.0,,10
twessie-sg-op-0210,Minimalist Matte Ribbed Knit One-Piece,<p>Crafted in premium Matte Ribbed Knit with Econyl Sleek Satin accents. This one-piece epitomizes rebellious yet refined luxury. Featuring color-blocking in Olive Drab and Burnt Terracotta. Perfect for the discerning swimmer who refuses the obvious.</p>,Twessie,One-Piece,"luxury Olive Drab swimwear, high-end swimwear, architectural swimsuit, minimalist one-piece, Matte Ribbed Knit bikini",TRUE,Color,Olive Drab,Size,XXL,TWESSIE_SG_OP_0210-Olive Drab-XXL,168.0,,10
twessie-sg-op-0210,Minimalist Matte Ribbed Knit One-Piece,<p>Crafted in premium Matte Ribbed Knit with Econyl Sleek Satin accents. This one-piece epitomizes rebellious yet refined luxury. Featuring color-blocking in Olive Drab and Burnt Terracotta. Perfect for the discerning swimmer who refuses the obvious.</p>,Twessie,One-Piece,"luxury Olive Drab swimwear, high-end swimwear, architectural swimsuit, minimalist one-piece, Matte Ribbed Knit bikini",TRUE,Color,Burnt Terracotta,Size,XS,TWESSIE_SG_OP_0210-Burnt Terracotta-XS,168.0,,10
twessie-sg-op-0210,Minimalist Matte Ribbed Knit One-Piece,<p>Crafted in premium Matte Ribbed Knit with Econyl Sleek Satin accents. This one-piece epitomizes rebellious yet refined luxury. Featuring color-blocking in Olive Drab and Burnt Terracotta. Perfect for the discerning swimmer who refuses the obvious.</p>,Twessie,One-Piece,"luxury Olive Drab swimwear, high-end swimwear, architectural swimsuit, minimalist one-piece, Matte Ribbed Knit bikini",TRUE,Color,Burnt Terracotta,Size,S,TWESSIE_SG_OP_0210-Burnt Terracotta-S,168.0,,10
twessie-sg-op-0210,Minimalist Matte Ribbed Knit One-Piece,<p>Crafted in premium Matte Ribbed Knit with Econyl Sleek Satin accents. This one-piece epitomizes rebellious yet refined luxury. Featuring color-blocking in Olive Drab and Burnt Terracotta. Perfect for the discerning swimmer who refuses the obvious.</p>,Twessie,One-Piece,"luxury Olive Drab swimwear, high-end swimwear, architectural swimsuit, minimalist one-piece, Matte Ribbed Knit bikini",TRUE,Color,Burnt Terracotta,Size,M,TWESSIE_SG_OP_0210-Burnt Terracotta-M,168.0,,10
twessie-sg-op-0210,Minimalist Matte Ribbed Knit One-Piece,<p>Crafted in premium Matte Ribbed Knit with Econyl Sleek Satin accents. This one-piece epitomizes rebellious yet refined luxury. Featuring color-blocking in Olive Drab and Burnt Terracotta. Perfect for the discerning swimmer who refuses the obvious.</p>,Twessie,One-Piece,"luxury Olive Drab swimwear, high-end swimwear, architectural swimsuit, minimalist one-piece, Matte Ribbed Knit bikini",TRUE,Color,Burnt Terracotta,Size,L,TWESSIE_SG_OP_0210-Burnt Terracotta-L,168.0,,10
twessie-sg-op-0210,Minimalist Matte Ribbed Knit One-Piece,<p>Crafted in premium Matte Ribbed Knit with Econyl Sleek Satin accents. This one-piece epitomizes rebellious yet refined luxury. Featuring color-blocking in Olive Drab and Burnt Terracotta. Perfect for the discerning swimmer who refuses the obvious.</p>,Twessie,One-Piece,"luxury Olive Drab swimwear, high-end swimwear, architectural swimsuit, minimalist one-piece, Matte Ribbed Knit bikini",TRUE,Color,Burnt Terracotta,Size,XL,TWESSIE_SG_OP_0210-Burnt Terracotta-XL,168.0,,10
twessie-sg-op-0210,Minimalist Matte Ribbed Knit One-Piece,<p>Crafted in premium Matte Ribbed Knit with Econyl Sleek Satin accents. This one-piece epitomizes rebellious yet refined luxury. Featuring color-blocking in Olive Drab and Burnt Terracotta. Perfect for the discerning swimmer who refuses the obvious.</p>,Twessie,One-Piece,"luxury Olive Drab swimwear, high-end swimwear, architectural swimsuit, minimalist one-piece, Matte Ribbed Knit bikini",TRUE,Color,Burnt Terracotta,Size,XXL,TWESSIE_SG_OP_0210-Burnt Terracotta-XXL,168.0,,10
twessie-au-bt-0301,Minimalist Olive Drab Textured Bikini Top,<p>A statement piece in Matte Ribbed Knit. This bikini top combines minimalist luxury design with impeccable craftsmanship. Available in Olive Drab with Burnt Terracotta detailing. Not loud. Not obvious. Unmistakably Twessie.</p>,Twessie,Bikini Top,"Matte Ribbed Knit bikini, minimalist bikini top, minimalist luxury, independent fashion, architectural swimsuit",TRUE,Color,Olive Drab,Size,XS,TWESSIE_AU_BT_0301-Olive Drab-XS,168.0,,10
twessie-au-bt-0301,Minimalist Olive Drab Textured Bikini Top,<p>A statement piece in Matte Ribbed Knit. This bikini top combines minimalist luxury design with impeccable craftsmanship. Available in Olive Drab with Burnt Terracotta detailing. Not loud. Not obvious. Unmistakably Twessie.</p>,Twessie,Bikini Top,"Matte Ribbed Knit bikini, minimalist bikini top, minimalist luxury, independent fashion, architectural swimsuit",TRUE,Color,Olive Drab,Size,S,TWESSIE_AU_BT_0301-Olive Drab-S,168.0,,10
twessie-au-bt-0301,Minimalist Olive Drab Textured Bikini Top,<p>A statement piece in Matte Ribbed Knit. This bikini top combines minimalist luxury design with impeccable craftsmanship. Available in Olive Drab with Burnt Terracotta detailing. Not loud. Not obvious. Unmistakably Twessie.</p>,Twessie,Bikini Top,"Matte Ribbed Knit bikini, minimalist bikini top, minimalist luxury, independent fashion, architectural swimsuit",TRUE,Color,Olive Drab,Size,M,TWESSIE_AU_BT_0301-Olive Drab-M,168.0,,10
twessie-au-bt-0301,Minimalist Olive Drab Textured Bikini Top,<p>A statement piece in Matte Ribbed Knit. This bikini top combines minimalist luxury design with impeccable craftsmanship. Available in Olive Drab with Burnt Terracotta detailing. Not loud. Not obvious. Unmistakably Twessie.</p>,Twessie,Bikini Top,"Matte Ribbed Knit bikini, minimalist bikini top, minimalist luxury, independent fashion, architectural swimsuit",TRUE,Color,Olive Drab,Size,L,TWESSIE_AU_BT_0301-Olive Drab-L,168.0,,10
twessie-au-bt-0301,Minimalist Olive Drab Textured Bikini Top,<p>A statement piece in Matte Ribbed Knit. This bikini top combines minimalist luxury design with impeccable craftsmanship. Available in Olive Drab with Burnt Terracotta detailing. Not loud. Not obvious. Unmistakably Twessie.</p>,Twessie,Bikini Top,"Matte Ribbed Knit bikini, minimalist bikini top, minimalist luxury, independent fashion, architectural swimsuit",TRUE,Color,Olive Drab,Size,XL,TWESSIE_AU_BT_0301-Olive Drab-XL,168.0,,10
twessie-au-bt-0301,Minimalist Olive Drab Textured Bikini Top,<p>A statement piece in Matte Ribbed Knit. This bikini top combines minimalist luxury design with impeccable craftsmanship. Available in Olive Drab with Burnt Terracotta detailing. Not loud. Not obvious. Unmistakably Twessie.</p>,Twessie,Bikini Top,"Matte Ribbed Knit bikini, minimalist bikini top, minimalist luxury, independent fashion, architectural swimsuit",TRUE,Color,Olive Drab,Size,XXL,TWESSIE_AU_BT_0301-Olive Drab-XXL,168.0,,10
twessie-au-bt-0301,Minimalist Olive Drab Textured Bikini Top,<p>A statement piece in Matte Ribbed Knit. This bikini top combines minimalist luxury design with impeccable craftsmanship. Available in Olive Drab with Burnt Terracotta detailing. Not loud. Not obvious. Unmistakably Twessie.</p>,Twessie,Bikini Top,"Matte Ribbed Knit bikini, minimalist bikini top, minimalist luxury, independent fashion, architectural swimsuit",TRUE,Color,Burnt Terracotta,Size,XS,TWESSIE_AU_BT_0301-Burnt Terracotta-XS,168.0,,10
twessie-au-bt-0301,Minimalist Olive Drab Textured Bikini Top,<p>A statement piece in Matte Ribbed Knit. This bikini top combines minimalist luxury design with impeccable craftsmanship. Available in Olive Drab with Burnt Terracotta detailing. Not loud. Not obvious. Unmistakably Twessie.</p>,Twessie,Bikini Top,"Matte Ribbed Knit bikini, minimalist bikini top, minimalist luxury, independent fashion, architectural swimsuit",TRUE,Color,Burnt Terracotta,Size,S,TWESSIE_AU_BT_0301-Burnt Terracotta-S,168.0,,10
twessie-au-bt-0301,Minimalist Olive Drab Textured Bikini Top,<p>A statement piece in Matte Ribbed Knit. This bikini top combines minimalist luxury design with impeccable craftsmanship. Available in Olive Drab with Burnt Terracotta detailing. Not loud. Not obvious. Unmistakably Twessie.</p>,Twessie,Bikini Top,"Matte Ribbed Knit bikini, minimalist bikini top, minimalist luxury, independent fashion, architectural swimsuit",TRUE,Color,Burnt Terracotta,Size,M,TWESSIE_AU_BT_0301-Burnt Terracotta-M,168.0,,10
twessie-au-bt-0301,Minimalist Olive Drab Textured Bikini Top,<p>A statement piece in Matte Ribbed Knit. This bikini top combines minimalist luxury design with impeccable craftsmanship. Available in Olive Drab with Burnt Terracotta detailing. Not loud. Not obvious. Unmistakably Twessie.</p>,Twessie,Bikini Top,"Matte Ribbed Knit bikini, minimalist bikini top, minimalist luxury, independent fashion, architectural swimsuit",TRUE,Color,Burnt Terracotta,Size,L,TWESSIE_AU_BT_0301-Burnt Terracotta-L,168.0,,10
twessie-au-bt-0301,Minimalist Olive Drab Textured Bikini Top,<p>A statement piece in Matte Ribbed Knit. This bikini top combines minimalist luxury design with impeccable craftsmanship. Available in Olive Drab with Burnt Terracotta detailing. Not loud. Not obvious. Unmistakably Twessie.</p>,Twessie,Bikini Top,"Matte Ribbed Knit bikini, minimalist bikini top, minimalist luxury, independent fashion, architectural swimsuit",TRUE,Color,Burnt Terracotta,Size,XL,TWESSIE_AU_BT_0301-Burnt Terracotta-XL,168.0,,10
twessie-au-bt-0301,Minimalist Olive Drab Textured Bikini Top,<p>A statement piece in Matte Ribbed Knit. This bikini top combines minimalist luxury design with impeccable craftsmanship. Available in Olive Drab with Burnt Terracotta detailing. Not loud. Not obvious. Unmistakably Twessie.</p>,Twessie,Bikini Top,"Matte Ribbed Knit bikini, minimalist bikini top, minimalist luxury, independent fashion, architectural swimsuit",TRUE,Color,Burnt Terracotta,Size,XXL,TWESSIE_AU_BT_0301-Burnt Terracotta-XXL,168.0,,10
twessie-jp-bt-0302,Architecture-Cut Olive Drab Bikini Top,"<p>Matte Ribbed Knit construction meets architectural precision in this bikini top. Designed for the intelligent, independent woman. The Olive Drab colorway with Burnt Terracotta accents creates a sophisticated palette. Pure architectural elegance elegance.</p>",Twessie,Bikini Top,"Matte Ribbed Knit bikini, high-end swimwear, luxury Olive Drab swimwear, minimalist bikini top, independent fashion",TRUE,Color,Olive Drab,Size,XS,TWESSIE_JP_BT_0302-Olive Drab-XS,168.0,,10
twessie-jp-bt-0302,Architecture-Cut Olive Drab Bikini Top,"<p>Matte Ribbed Knit construction meets architectural precision in this bikini top. Designed for the intelligent, independent woman. The Olive Drab colorway with Burnt Terracotta accents creates a sophisticated palette. Pure architectural elegance elegance.</p>",Twessie,Bikini Top,"Matte Ribbed Knit bikini, high-end swimwear, luxury Olive Drab swimwear, minimalist bikini top, independent fashion",TRUE,Color,Olive Drab,Size,S,TWESSIE_JP_BT_0302-Olive Drab-S,168.0,,10
twessie-jp-bt-0302,Architecture-Cut Olive Drab Bikini Top,"<p>Matte Ribbed Knit construction meets architectural precision in this bikini top. Designed for the intelligent, independent woman. The Olive Drab colorway with Burnt Terracotta accents creates a sophisticated palette. Pure architectural elegance elegance.</p>",Twessie,Bikini Top,"Matte Ribbed Knit bikini, high-end swimwear, luxury Olive Drab swimwear, minimalist bikini top, independent fashion",TRUE,Color,Olive Drab,Size,M,TWESSIE_JP_BT_0302-Olive Drab-M,168.0,,10
twessie-jp-bt-0302,Architecture-Cut Olive Drab Bikini Top,"<p>Matte Ribbed Knit construction meets architectural precision in this bikini top. Designed for the intelligent, independent woman. The Olive Drab colorway with Burnt Terracotta accents creates a sophisticated palette. Pure architectural elegance elegance.</p>",Twessie,Bikini Top,"Matte Ribbed Knit bikini, high-end swimwear, luxury Olive Drab swimwear, minimalist bikini top, independent fashion",TRUE,Color,Olive Drab,Size,L,TWESSIE_JP_BT_0302-Olive Drab-L,168.0,,10
twessie-jp-bt-0302,Architecture-Cut Olive Drab Bikini Top,"<p>Matte Ribbed Knit construction meets architectural precision in this bikini top. Designed for the intelligent, independent woman. The Olive Drab colorway with Burnt Terracotta accents creates a sophisticated palette. Pure architectural elegance elegance.</p>",Twessie,Bikini Top,"Matte Ribbed Knit bikini, high-end swimwear, luxury Olive Drab swimwear, minimalist bikini top, independent fashion",TRUE,Color,Olive Drab,Size,XL,TWESSIE_JP_BT_0302-Olive Drab-XL,168.0,,10
twessie-jp-bt-0302,Architecture-Cut Olive Drab Bikini Top,"<p>Matte Ribbed Knit construction meets architectural precision in this bikini top. Designed for the intelligent, independent woman. The Olive Drab colorway with Burnt Terracotta accents creates a sophisticated palette. Pure architectural elegance elegance.</p>",Twessie,Bikini Top,"Matte Ribbed Knit bikini, high-end swimwear, luxury Olive Drab swimwear, minimalist bikini top, independent fashion",TRUE,Color,Olive Drab,Size,XXL,TWESSIE_JP_BT_0302-Olive Drab-XXL,168.0,,10
twessie-jp-bt-0302,Architecture-Cut Olive Drab Bikini Top,"<p>Matte Ribbed Knit construction meets architectural precision in this bikini top. Designed for the intelligent, independent woman. The Olive Drab colorway with Burnt Terracotta accents creates a sophisticated palette. Pure architectural elegance elegance.</p>",Twessie,Bikini Top,"Matte Ribbed Knit bikini, high-end swimwear, luxury Olive Drab swimwear, minimalist bikini top, independent fashion",TRUE,Color,Burnt Terracotta,Size,XS,TWESSIE_JP_BT_0302-Burnt Terracotta-XS,168.0,,10
twessie-jp-bt-0302,Architecture-Cut Olive Drab Bikini Top,"<p>Matte Ribbed Knit construction meets architectural precision in this bikini top. Designed for the intelligent, independent woman. The Olive Drab colorway with Burnt Terracotta accents creates a sophisticated palette. Pure architectural elegance elegance.</p>",Twessie,Bikini Top,"Matte Ribbed Knit bikini, high-end swimwear, luxury Olive Drab swimwear, minimalist bikini top, independent fashion",TRUE,Color,Burnt Terracotta,Size,S,TWESSIE_JP_BT_0302-Burnt Terracotta-S,168.0,,10
twessie-jp-bt-0302,Architecture-Cut Olive Drab Bikini Top,"<p>Matte Ribbed Knit construction meets architectural precision in this bikini top. Designed for the intelligent, independent woman. The Olive Drab colorway with Burnt Terracotta accents creates a sophisticated palette. Pure architectural elegance elegance.</p>",Twessie,Bikini Top,"Matte Ribbed Knit bikini, high-end swimwear, luxury Olive Drab swimwear, minimalist bikini top, independent fashion",TRUE,Color,Burnt Terracotta,Size,M,TWESSIE_JP_BT_0302-Burnt Terracotta-M,168.0,,10
twessie-jp-bt-0302,Architecture-Cut Olive Drab Bikini Top,"<p>Matte Ribbed Knit construction meets architectural precision in this bikini top. Designed for the intelligent, independent woman. The Olive Drab colorway with Burnt Terracotta accents creates a sophisticated palette. Pure architectural elegance elegance.</p>",Twessie,Bikini Top,"Matte Ribbed Knit bikini, high-end swimwear, luxury Olive Drab swimwear, minimalist bikini top, independent fashion",TRUE,Color,Burnt Terracotta,Size,L,TWESSIE_JP_BT_0302-Burnt Terracotta-L,168.0,,10
twessie-jp-bt-0302,Architecture-Cut Olive Drab Bikini Top,"<p>Matte Ribbed Knit construction meets architectural precision in this bikini top. Designed for the intelligent, independent woman. The Olive Drab colorway with Burnt Terracotta accents creates a sophisticated palette. Pure architectural elegance elegance.</p>",Twessie,Bikini Top,"Matte Ribbed Knit bikini, high-end swimwear, luxury Olive Drab swimwear, minimalist bikini top, independent fashion",TRUE,Color,Burnt Terracotta,Size,XL,TWESSIE_JP_BT_0302-Burnt Terracotta-XL,168.0,,10
twessie-jp-bt-0302,Architecture-Cut Olive Drab Bikini Top,"<p>Matte Ribbed Knit construction meets architectural precision in this bikini top. Designed for the intelligent, independent woman. The Olive Drab colorway with Burnt Terracotta accents creates a sophisticated palette. Pure architectural elegance elegance.</p>",Twessie,Bikini Top,"Matte Ribbed Knit bikini, high-end swimwear, luxury Olive Drab swimwear, minimalist bikini top, independent fashion",TRUE,Color,Burnt Terracotta,Size,XXL,TWESSIE_JP_BT_0302-Burnt Terracotta-XXL,168.0,,10
twessie-na-bt-0303,Minimalist Olive Drab Textured Bikini Top,"<p>Matte Ribbed Knit construction meets architectural precision in this bikini top. Designed for the intelligent, independent woman. The Olive Drab colorway with Burnt Terracotta accents creates a sophisticated palette. Pure anti-fashion statement elegance.</p>",Twessie,Bikini Top,"independent fashion, minimalist bikini top, minimalist luxury, luxury Olive Drab swimwear, high-end swimwear",TRUE,Color,Olive Drab,Size,XS,TWESSIE_NA_BT_0303-Olive Drab-XS,168.0,,10
twessie-na-bt-0303,Minimalist Olive Drab Textured Bikini Top,"<p>Matte Ribbed Knit construction meets architectural precision in this bikini top. Designed for the intelligent, independent woman. The Olive Drab colorway with Burnt Terracotta accents creates a sophisticated palette. Pure anti-fashion statement elegance.</p>",Twessie,Bikini Top,"independent fashion, minimalist bikini top, minimalist luxury, luxury Olive Drab swimwear, high-end swimwear",TRUE,Color,Olive Drab,Size,S,TWESSIE_NA_BT_0303-Olive Drab-S,168.0,,10
twessie-na-bt-0303,Minimalist Olive Drab Textured Bikini Top,"<p>Matte Ribbed Knit construction meets architectural precision in this bikini top. Designed for the intelligent, independent woman. The Olive Drab colorway with Burnt Terracotta accents creates a sophisticated palette. Pure anti-fashion statement elegance.</p>",Twessie,Bikini Top,"independent fashion, minimalist bikini top, minimalist luxury, luxury Olive Drab swimwear, high-end swimwear",TRUE,Color,Olive Drab,Size,M,TWESSIE_NA_BT_0303-Olive Drab-M,168.0,,10
twessie-na-bt-0303,Minimalist Olive Drab Textured Bikini Top,"<p>Matte Ribbed Knit construction meets architectural precision in this bikini top. Designed for the intelligent, independent woman. The Olive Drab colorway with Burnt Terracotta accents creates a sophisticated palette. Pure anti-fashion statement elegance.</p>",Twessie,Bikini Top,"independent fashion, minimalist bikini top, minimalist luxury, luxury Olive Drab swimwear, high-end swimwear",TRUE,Color,Olive Drab,Size,L,TWESSIE_NA_BT_0303-Olive Drab-L,168.0,,10
twessie-na-bt-0303,Minimalist Olive Drab Textured Bikini Top,"<p>Matte Ribbed Knit construction meets architectural precision in this bikini top. Designed for the intelligent, independent woman. The Olive Drab colorway with Burnt Terracotta accents creates a sophisticated palette. Pure anti-fashion statement elegance.</p>",Twessie,Bikini Top,"independent fashion, minimalist bikini top, minimalist luxury, luxury Olive Drab swimwear, high-end swimwear",TRUE,Color,Olive Drab,Size,XL,TWESSIE_NA_BT_0303-Olive Drab-XL,168.0,,10
twessie-na-bt-0303,Minimalist Olive Drab Textured Bikini Top,"<p>Matte Ribbed Knit construction meets architectural precision in this bikini top. Designed for the intelligent, independent woman. The Olive Drab colorway with Burnt Terracotta accents creates a sophisticated palette. Pure anti-fashion statement elegance.</p>",Twessie,Bikini Top,"independent fashion, minimalist bikini top, minimalist luxury, luxury Olive Drab swimwear, high-end swimwear",TRUE,Color,Olive Drab,Size,XXL,TWESSIE_NA_BT_0303-Olive Drab-XXL,168.0,,10
twessie-na-bt-0303,Minimalist Olive Drab Textured Bikini Top,"<p>Matte Ribbed Knit construction meets architectural precision in this bikini top. Designed for the intelligent, independent woman. The Olive Drab colorway with Burnt Terracotta accents creates a sophisticated palette. Pure anti-fashion statement elegance.</p>",Twessie,Bikini Top,"independent fashion, minimalist bikini top, minimalist luxury, luxury Olive Drab swimwear, high-end swimwear",TRUE,Color,Burnt Terracotta,Size,XS,TWESSIE_NA_BT_0303-Burnt Terracotta-XS,168.0,,10
twessie-na-bt-0303,Minimalist Olive Drab Textured Bikini Top,"<p>Matte Ribbed Knit construction meets architectural precision in this bikini top. Designed for the intelligent, independent woman. The Olive Drab colorway with Burnt Terracotta accents creates a sophisticated palette. Pure anti-fashion statement elegance.</p>",Twessie,Bikini Top,"independent fashion, minimalist bikini top, minimalist luxury, luxury Olive Drab swimwear, high-end swimwear",TRUE,Color,Burnt Terracotta,Size,S,TWESSIE_NA_BT_0303-Burnt Terracotta-S,168.0,,10
twessie-na-bt-0303,Minimalist Olive Drab Textured Bikini Top,"<p>Matte Ribbed Knit construction meets architectural precision in this bikini top. Designed for the intelligent, independent woman. The Olive Drab colorway with Burnt Terracotta accents creates a sophisticated palette. Pure anti-fashion statement elegance.</p>",Twessie,Bikini Top,"independent fashion, minimalist bikini top, minimalist luxury, luxury Olive Drab swimwear, high-end swimwear",TRUE,Color,Burnt Terracotta,Size,M,TWESSIE_NA_BT_0303-Burnt Terracotta-M,168.0,,10
twessie-na-bt-0303,Minimalist Olive Drab Textured Bikini Top,"<p>Matte Ribbed Knit construction meets architectural precision in this bikini top. Designed for the intelligent, independent woman. The Olive Drab colorway with Burnt Terracotta accents creates a sophisticated palette. Pure anti-fashion statement elegance.</p>",Twessie,Bikini Top,"independent fashion, minimalist bikini top, minimalist luxury, luxury Olive Drab swimwear, high-end swimwear",TRUE,Color,Burnt Terracotta,Size,L,TWESSIE_NA_BT_0303-Burnt Terracotta-L,168.0,,10
twessie-na-bt-0303,Minimalist Olive Drab Textured Bikini Top,"<p>Matte Ribbed Knit construction meets architectural precision in this bikini top. Designed for the intelligent, independent woman. The Olive Drab colorway with Burnt Terracotta accents creates a sophisticated palette. Pure anti-fashion statement elegance.</p>",Twessie,Bikini Top,"independent fashion, minimalist bikini top, minimalist luxury, luxury Olive Drab swimwear, high-end swimwear",TRUE,Color,Burnt Terracotta,Size,XL,TWESSIE_NA_BT_0303-Burnt Terracotta-XL,168.0,,10
twessie-na-bt-0303,Minimalist Olive Drab Textured Bikini Top,"<p>Matte Ribbed Knit construction meets architectural precision in this bikini top. Designed for the intelligent, independent woman. The Olive Drab colorway with Burnt Terracotta accents creates a sophisticated palette. Pure anti-fashion statement elegance.</p>",Twessie,Bikini Top,"independent fashion, minimalist bikini top, minimalist luxury, luxury Olive Drab swimwear, high-end swimwear",TRUE,Color,Burnt Terracotta,Size,XXL,TWESSIE_NA_BT_0303-Burnt Terracotta-XXL,168.0,,10
twessie-eu-bb-0304,Burnt Terracotta Minimalist Matte Ribbed Knit Bikini Bottom,<p>A statement piece in Matte Ribbed Knit. This bikini bottom combines architectural elegance design with impeccable craftsmanship. Available in Burnt Terracotta with Olive Drab detailing. Not loud. Not obvious. Unmistakably Twessie.</p>,Twessie,Bikini Bottom,"minimalist luxury, independent fashion, architectural swimsuit, minimalist bikini bottom, high-end swimwear",TRUE,Color,Burnt Terracotta,Size,XS,TWESSIE_EU_BB_0304-Burnt Terracotta-XS,168.0,,10
twessie-eu-bb-0304,Burnt Terracotta Minimalist Matte Ribbed Knit Bikini Bottom,<p>A statement piece in Matte Ribbed Knit. This bikini bottom combines architectural elegance design with impeccable craftsmanship. Available in Burnt Terracotta with Olive Drab detailing. Not loud. Not obvious. Unmistakably Twessie.</p>,Twessie,Bikini Bottom,"minimalist luxury, independent fashion, architectural swimsuit, minimalist bikini bottom, high-end swimwear",TRUE,Color,Burnt Terracotta,Size,S,TWESSIE_EU_BB_0304-Burnt Terracotta-S,168.0,,10
twessie-eu-bb-0304,Burnt Terracotta Minimalist Matte Ribbed Knit Bikini Bottom,<p>A statement piece in Matte Ribbed Knit. This bikini bottom combines architectural elegance design with impeccable craftsmanship. Available in Burnt Terracotta with Olive Drab detailing. Not loud. Not obvious. Unmistakably Twessie.</p>,Twessie,Bikini Bottom,"minimalist luxury, independent fashion, architectural swimsuit, minimalist bikini bottom, high-end swimwear",TRUE,Color,Burnt Terracotta,Size,M,TWESSIE_EU_BB_0304-Burnt Terracotta-M,168.0,,10
twessie-eu-bb-0304,Burnt Terracotta Minimalist Matte Ribbed Knit Bikini Bottom,<p>A statement piece in Matte Ribbed Knit. This bikini bottom combines architectural elegance design with impeccable craftsmanship. Available in Burnt Terracotta with Olive Drab detailing. Not loud. Not obvious. Unmistakably Twessie.</p>,Twessie,Bikini Bottom,"minimalist luxury, independent fashion, architectural swimsuit, minimalist bikini bottom, high-end swimwear",TRUE,Color,Burnt Terracotta,Size,L,TWESSIE_EU_BB_0304-Burnt Terracotta-L,168.0,,10
twessie-eu-bb-0304,Burnt Terracotta Minimalist Matte Ribbed Knit Bikini Bottom,<p>A statement piece in Matte Ribbed Knit. This bikini bottom combines architectural elegance design with impeccable craftsmanship. Available in Burnt Terracotta with Olive Drab detailing. Not loud. Not obvious. Unmistakably Twessie.</p>,Twessie,Bikini Bottom,"minimalist luxury, independent fashion, architectural swimsuit, minimalist bikini bottom, high-end swimwear",TRUE,Color,Burnt Terracotta,Size,XL,TWESSIE_EU_BB_0304-Burnt Terracotta-XL,168.0,,10
twessie-eu-bb-0304,Burnt Terracotta Minimalist Matte Ribbed Knit Bikini Bottom,<p>A statement piece in Matte Ribbed Knit. This bikini bottom combines architectural elegance design with impeccable craftsmanship. Available in Burnt Terracotta with Olive Drab detailing. Not loud. Not obvious. Unmistakably Twessie.</p>,Twessie,Bikini Bottom,"minimalist luxury, independent fashion, architectural swimsuit, minimalist bikini bottom, high-end swimwear",TRUE,Color,Burnt Terracotta,Size,XXL,TWESSIE_EU_BB_0304-Burnt Terracotta-XXL,168.0,,10
twessie-eu-bb-0304,Burnt Terracotta Minimalist Matte Ribbed Knit Bikini Bottom,<p>A statement piece in Matte Ribbed Knit. This bikini bottom combines architectural elegance design with impeccable craftsmanship. Available in Burnt Terracotta with Olive Drab detailing. Not loud. Not obvious. Unmistakably Twessie.</p>,Twessie,Bikini Bottom,"minimalist luxury, independent fashion, architectural swimsuit, minimalist bikini bottom, high-end swimwear",TRUE,Color,Olive Drab,Size,XS,TWESSIE_EU_BB_0304-Olive Drab-XS,168.0,,10
twessie-eu-bb-0304,Burnt Terracotta Minimalist Matte Ribbed Knit Bikini Bottom,<p>A statement piece in Matte Ribbed Knit. This bikini bottom combines architectural elegance design with impeccable craftsmanship. Available in Burnt Terracotta with Olive Drab detailing. Not loud. Not obvious. Unmistakably Twessie.</p>,Twessie,Bikini Bottom,"minimalist luxury, independent fashion, architectural swimsuit, minimalist bikini bottom, high-end swimwear",TRUE,Color,Olive Drab,Size,S,TWESSIE_EU_BB_0304-Olive Drab-S,168.0,,10
twessie-eu-bb-0304,Burnt Terracotta Minimalist Matte Ribbed Knit Bikini Bottom,<p>A statement piece in Matte Ribbed Knit. This bikini bottom combines architectural elegance design with impeccable craftsmanship. Available in Burnt Terracotta with Olive Drab detailing. Not loud. Not obvious. Unmistakably Twessie.</p>,Twessie,Bikini Bottom,"minimalist luxury, independent fashion, architectural swimsuit, minimalist bikini bottom, high-end swimwear",TRUE,Color,Olive Drab,Size,M,TWESSIE_EU_BB_0304-Olive Drab-M,168.0,,10
twessie-eu-bb-0304,Burnt Terracotta Minimalist Matte Ribbed Knit Bikini Bottom,<p>A statement piece in Matte Ribbed Knit. This bikini bottom combines architectural elegance design with impeccable craftsmanship. Available in Burnt Terracotta with Olive Drab detailing. Not loud. Not obvious. Unmistakably Twessie.</p>,Twessie,Bikini Bottom,"minimalist luxury, independent fashion, architectural swimsuit, minimalist bikini bottom, high-end swimwear",TRUE,Color,Olive Drab,Size,L,TWESSIE_EU_BB_0304-Olive Drab-L,168.0,,10
twessie-eu-bb-0304,Burnt Terracotta Minimalist Matte Ribbed Knit Bikini Bottom,<p>A statement piece in Matte Ribbed Knit. This bikini bottom combines architectural elegance design with impeccable craftsmanship. Available in Burnt Terracotta with Olive Drab detailing. Not loud. Not obvious. Unmistakably Twessie.</p>,Twessie,Bikini Bottom,"minimalist luxury, independent fashion, architectural swimsuit, minimalist bikini bottom, high-end swimwear",TRUE,Color,Olive Drab,Size,XL,TWESSIE_EU_BB_0304-Olive Drab-XL,168.0,,10
twessie-eu-bb-0304,Burnt Terracotta Minimalist Matte Ribbed Knit Bikini Bottom,<p>A statement piece in Matte Ribbed Knit. This bikini bottom combines architectural elegance design with impeccable craftsmanship. Available in Burnt Terracotta with Olive Drab detailing. Not loud. Not obvious. Unmistakably Twessie.</p>,Twessie,Bikini Bottom,"minimalist luxury, independent fashion, architectural swimsuit, minimalist bikini bottom, high-end swimwear",TRUE,Color,Olive Drab,Size,XXL,TWESSIE_EU_BB_0304-Olive Drab-XXL,168.0,,10
twessie-eu-bt-0305,Stone Gray Sculptural Crinkled Seersucker Bikini Top,<p>Crafted in premium Crinkled Seersucker with Matte Ribbed Knit accents. This bikini top epitomizes architectural elegance luxury. Featuring color-blocking in Stone Gray and Chalk White. Perfect for the discerning swimmer who refuses the obvious.</p>,Twessie,Bikini Top,"minimalist bikini top, high-end swimwear, minimalist luxury, independent fashion, Crinkled Seersucker bikini",TRUE,Color,Stone Gray,Size,XS,TWESSIE_EU_BT_0305-Stone Gray-XS,168.0,,10
twessie-eu-bt-0305,Stone Gray Sculptural Crinkled Seersucker Bikini Top,<p>Crafted in premium Crinkled Seersucker with Matte Ribbed Knit accents. This bikini top epitomizes architectural elegance luxury. Featuring color-blocking in Stone Gray and Chalk White. Perfect for the discerning swimmer who refuses the obvious.</p>,Twessie,Bikini Top,"minimalist bikini top, high-end swimwear, minimalist luxury, independent fashion, Crinkled Seersucker bikini",TRUE,Color,Stone Gray,Size,S,TWESSIE_EU_BT_0305-Stone Gray-S,168.0,,10
twessie-eu-bt-0305,Stone Gray Sculptural Crinkled Seersucker Bikini Top,<p>Crafted in premium Crinkled Seersucker with Matte Ribbed Knit accents. This bikini top epitomizes architectural elegance luxury. Featuring color-blocking in Stone Gray and Chalk White. Perfect for the discerning swimmer who refuses the obvious.</p>,Twessie,Bikini Top,"minimalist bikini top, high-end swimwear, minimalist luxury, independent fashion, Crinkled Seersucker bikini",TRUE,Color,Stone Gray,Size,M,TWESSIE_EU_BT_0305-Stone Gray-M,168.0,,10
twessie-eu-bt-0305,Stone Gray Sculptural Crinkled Seersucker Bikini Top,<p>Crafted in premium Crinkled Seersucker with Matte Ribbed Knit accents. This bikini top epitomizes architectural elegance luxury. Featuring color-blocking in Stone Gray and Chalk White. Perfect for the discerning swimmer who refuses the obvious.</p>,Twessie,Bikini Top,"minimalist bikini top, high-end swimwear, minimalist luxury, independent fashion, Crinkled Seersucker bikini",TRUE,Color,Stone Gray,Size,L,TWESSIE_EU_BT_0305-Stone Gray-L,168.0,,10
twessie-eu-bt-0305,Stone Gray Sculptural Crinkled Seersucker Bikini Top,<p>Crafted in premium Crinkled Seersucker with Matte Ribbed Knit accents. This bikini top epitomizes architectural elegance luxury. Featuring color-blocking in Stone Gray and Chalk White. Perfect for the discerning swimmer who refuses the obvious.</p>,Twessie,Bikini Top,"minimalist bikini top, high-end swimwear, minimalist luxury, independent fashion, Crinkled Seersucker bikini",TRUE,Color,Stone Gray,Size,XL,TWESSIE_EU_BT_0305-Stone Gray-XL,168.0,,10
twessie-eu-bt-0305,Stone Gray Sculptural Crinkled Seersucker Bikini Top,<p>Crafted in premium Crinkled Seersucker with Matte Ribbed Knit accents. This bikini top epitomizes architectural elegance luxury. Featuring color-blocking in Stone Gray and Chalk White. Perfect for the discerning swimmer who refuses the obvious.</p>,Twessie,Bikini Top,"minimalist bikini top, high-end swimwear, minimalist luxury, independent fashion, Crinkled Seersucker bikini",TRUE,Color,Stone Gray,Size,XXL,TWESSIE_EU_BT_0305-Stone Gray-XXL,168.0,,10
twessie-eu-bt-0305,Stone Gray Sculptural Crinkled Seersucker Bikini Top,<p>Crafted in premium Crinkled Seersucker with Matte Ribbed Knit accents. This bikini top epitomizes architectural elegance luxury. Featuring color-blocking in Stone Gray and Chalk White. Perfect for the discerning swimmer who refuses the obvious.</p>,Twessie,Bikini Top,"minimalist bikini top, high-end swimwear, minimalist luxury, independent fashion, Crinkled Seersucker bikini",TRUE,Color,Chalk White,Size,XS,TWESSIE_EU_BT_0305-Chalk White-XS,168.0,,10
twessie-eu-bt-0305,Stone Gray Sculptural Crinkled Seersucker Bikini Top,<p>Crafted in premium Crinkled Seersucker with Matte Ribbed Knit accents. This bikini top epitomizes architectural elegance luxury. Featuring color-blocking in Stone Gray and Chalk White. Perfect for the discerning swimmer who refuses the obvious.</p>,Twessie,Bikini Top,"minimalist bikini top, high-end swimwear, minimalist luxury, independent fashion, Crinkled Seersucker bikini",TRUE,Color,Chalk White,Size,S,TWESSIE_EU_BT_0305-Chalk White-S,168.0,,10
twessie-eu-bt-0305,Stone Gray Sculptural Crinkled Seersucker Bikini Top,<p>Crafted in premium Crinkled Seersucker with Matte Ribbed Knit accents. This bikini top epitomizes architectural elegance luxury. Featuring color-blocking in Stone Gray and Chalk White. Perfect for the discerning swimmer who refuses the obvious.</p>,Twessie,Bikini Top,"minimalist bikini top, high-end swimwear, minimalist luxury, independent fashion, Crinkled Seersucker bikini",TRUE,Color,Chalk White,Size,M,TWESSIE_EU_BT_0305-Chalk White-M,168.0,,10
twessie-eu-bt-0305,Stone Gray Sculptural Crinkled Seersucker Bikini Top,<p>Crafted in premium Crinkled Seersucker with Matte Ribbed Knit accents. This bikini top epitomizes architectural elegance luxury. Featuring color-blocking in Stone Gray and Chalk White. Perfect for the discerning swimmer who refuses the obvious.</p>,Twessie,Bikini Top,"minimalist bikini top, high-end swimwear, minimalist luxury, independent fashion, Crinkled Seersucker bikini",TRUE,Color,Chalk White,Size,L,TWESSIE_EU_BT_0305-Chalk White-L,168.0,,10
twessie-eu-bt-0305,Stone Gray Sculptural Crinkled Seersucker Bikini Top,<p>Crafted in premium Crinkled Seersucker with Matte Ribbed Knit accents. This bikini top epitomizes architectural elegance luxury. Featuring color-blocking in Stone Gray and Chalk White. Perfect for the discerning swimmer who refuses the obvious.</p>,Twessie,Bikini Top,"minimalist bikini top, high-end swimwear, minimalist luxury, independent fashion, Crinkled Seersucker bikini",TRUE,Color,Chalk White,Size,XL,TWESSIE_EU_BT_0305-Chalk White-XL,168.0,,10
twessie-eu-bt-0305,Stone Gray Sculptural Crinkled Seersucker Bikini Top,<p>Crafted in premium Crinkled Seersucker with Matte Ribbed Knit accents. This bikini top epitomizes architectural elegance luxury. Featuring color-blocking in Stone Gray and Chalk White. Perfect for the discerning swimmer who refuses the obvious.</p>,Twessie,Bikini Top,"minimalist bikini top, high-end swimwear, minimalist luxury, independent fashion, Crinkled Seersucker bikini",TRUE,Color,Chalk White,Size,XXL,TWESSIE_EU_BT_0305-Chalk White-XXL,168.0,,10
twessie-jp-bb-0306,Raw-Edge Obsidian Black Bikini Bottom,"<p>Econyl Sleek Satin construction meets architectural precision in this bikini bottom. Designed for the intelligent, independent woman. The Obsidian Black colorway with Chalk White accents creates a sophisticated palette. Pure anti-fashion statement elegance.</p>",Twessie,Bikini Bottom,"Econyl Sleek Satin bikini, architectural swimsuit, independent fashion, high-end swimwear, luxury Obsidian Black swimwear",TRUE,Color,Obsidian Black,Size,XS,TWESSIE_JP_BB_0306-Obsidian Black-XS,168.0,,10
twessie-jp-bb-0306,Raw-Edge Obsidian Black Bikini Bottom,"<p>Econyl Sleek Satin construction meets architectural precision in this bikini bottom. Designed for the intelligent, independent woman. The Obsidian Black colorway with Chalk White accents creates a sophisticated palette. Pure anti-fashion statement elegance.</p>",Twessie,Bikini Bottom,"Econyl Sleek Satin bikini, architectural swimsuit, independent fashion, high-end swimwear, luxury Obsidian Black swimwear",TRUE,Color,Obsidian Black,Size,S,TWESSIE_JP_BB_0306-Obsidian Black-S,168.0,,10
twessie-jp-bb-0306,Raw-Edge Obsidian Black Bikini Bottom,"<p>Econyl Sleek Satin construction meets architectural precision in this bikini bottom. Designed for the intelligent, independent woman. The Obsidian Black colorway with Chalk White accents creates a sophisticated palette. Pure anti-fashion statement elegance.</p>",Twessie,Bikini Bottom,"Econyl Sleek Satin bikini, architectural swimsuit, independent fashion, high-end swimwear, luxury Obsidian Black swimwear",TRUE,Color,Obsidian Black,Size,M,TWESSIE_JP_BB_0306-Obsidian Black-M,168.0,,10
twessie-jp-bb-0306,Raw-Edge Obsidian Black Bikini Bottom,"<p>Econyl Sleek Satin construction meets architectural precision in this bikini bottom. Designed for the intelligent, independent woman. The Obsidian Black colorway with Chalk White accents creates a sophisticated palette. Pure anti-fashion statement elegance.</p>",Twessie,Bikini Bottom,"Econyl Sleek Satin bikini, architectural swimsuit, independent fashion, high-end swimwear, luxury Obsidian Black swimwear",TRUE,Color,Obsidian Black,Size,L,TWESSIE_JP_BB_0306-Obsidian Black-L,168.0,,10
twessie-jp-bb-0306,Raw-Edge Obsidian Black Bikini Bottom,"<p>Econyl Sleek Satin construction meets architectural precision in this bikini bottom. Designed for the intelligent, independent woman. The Obsidian Black colorway with Chalk White accents creates a sophisticated palette. Pure anti-fashion statement elegance.</p>",Twessie,Bikini Bottom,"Econyl Sleek Satin bikini, architectural swimsuit, independent fashion, high-end swimwear, luxury Obsidian Black swimwear",TRUE,Color,Obsidian Black,Size,XL,TWESSIE_JP_BB_0306-Obsidian Black-XL,168.0,,10
twessie-jp-bb-0306,Raw-Edge Obsidian Black Bikini Bottom,"<p>Econyl Sleek Satin construction meets architectural precision in this bikini bottom. Designed for the intelligent, independent woman. The Obsidian Black colorway with Chalk White accents creates a sophisticated palette. Pure anti-fashion statement elegance.</p>",Twessie,Bikini Bottom,"Econyl Sleek Satin bikini, architectural swimsuit, independent fashion, high-end swimwear, luxury Obsidian Black swimwear",TRUE,Color,Obsidian Black,Size,XXL,TWESSIE_JP_BB_0306-Obsidian Black-XXL,168.0,,10
twessie-jp-bb-0306,Raw-Edge Obsidian Black Bikini Bottom,"<p>Econyl Sleek Satin construction meets architectural precision in this bikini bottom. Designed for the intelligent, independent woman. The Obsidian Black colorway with Chalk White accents creates a sophisticated palette. Pure anti-fashion statement elegance.</p>",Twessie,Bikini Bottom,"Econyl Sleek Satin bikini, architectural swimsuit, independent fashion, high-end swimwear, luxury Obsidian Black swimwear",TRUE,Color,Chalk White,Size,XS,TWESSIE_JP_BB_0306-Chalk White-XS,168.0,,10
twessie-jp-bb-0306,Raw-Edge Obsidian Black Bikini Bottom,"<p>Econyl Sleek Satin construction meets architectural precision in this bikini bottom. Designed for the intelligent, independent woman. The Obsidian Black colorway with Chalk White accents creates a sophisticated palette. Pure anti-fashion statement elegance.</p>",Twessie,Bikini Bottom,"Econyl Sleek Satin bikini, architectural swimsuit, independent fashion, high-end swimwear, luxury Obsidian Black swimwear",TRUE,Color,Chalk White,Size,S,TWESSIE_JP_BB_0306-Chalk White-S,168.0,,10
twessie-jp-bb-0306,Raw-Edge Obsidian Black Bikini Bottom,"<p>Econyl Sleek Satin construction meets architectural precision in this bikini bottom. Designed for the intelligent, independent woman. The Obsidian Black colorway with Chalk White accents creates a sophisticated palette. Pure anti-fashion statement elegance.</p>",Twessie,Bikini Bottom,"Econyl Sleek Satin bikini, architectural swimsuit, independent fashion, high-end swimwear, luxury Obsidian Black swimwear",TRUE,Color,Chalk White,Size,M,TWESSIE_JP_BB_0306-Chalk White-M,168.0,,10
twessie-jp-bb-0306,Raw-Edge Obsidian Black Bikini Bottom,"<p>Econyl Sleek Satin construction meets architectural precision in this bikini bottom. Designed for the intelligent, independent woman. The Obsidian Black colorway with Chalk White accents creates a sophisticated palette. Pure anti-fashion statement elegance.</p>",Twessie,Bikini Bottom,"Econyl Sleek Satin bikini, architectural swimsuit, independent fashion, high-end swimwear, luxury Obsidian Black swimwear",TRUE,Color,Chalk White,Size,L,TWESSIE_JP_BB_0306-Chalk White-L,168.0,,10
twessie-jp-bb-0306,Raw-Edge Obsidian Black Bikini Bottom,"<p>Econyl Sleek Satin construction meets architectural precision in this bikini bottom. Designed for the intelligent, independent woman. The Obsidian Black colorway with Chalk White accents creates a sophisticated palette. Pure anti-fashion statement elegance.</p>",Twessie,Bikini Bottom,"Econyl Sleek Satin bikini, architectural swimsuit, independent fashion, high-end swimwear, luxury Obsidian Black swimwear",TRUE,Color,Chalk White,Size,XL,TWESSIE_JP_BB_0306-Chalk White-XL,168.0,,10
twessie-jp-bb-0306,Raw-Edge Obsidian Black Bikini Bottom,"<p>Econyl Sleek Satin construction meets architectural precision in this bikini bottom. Designed for the intelligent, independent woman. The Obsidian Black colorway with Chalk White accents creates a sophisticated palette. Pure anti-fashion statement elegance.</p>",Twessie,Bikini Bottom,"Econyl Sleek Satin bikini, architectural swimsuit, independent fashion, high-end swimwear, luxury Obsidian Black swimwear",TRUE,Color,Chalk White,Size,XXL,TWESSIE_JP_BB_0306-Chalk White-XXL,168.0,,10
twessie-na-bt-0307,Obsidian Black Sculptural Econyl Sleek Satin Bikini Top,"<p>Econyl Sleek Satin construction meets architectural precision in this bikini top. Designed for the intelligent, independent woman. The Obsidian Black colorway with Chalk White accents creates a sophisticated palette. Pure anti-fashion statement elegance.</p>",Twessie,Bikini Top,"independent fashion, minimalist luxury, Econyl Sleek Satin bikini, architectural swimsuit, minimalist bikini top",TRUE,Color,Obsidian Black,Size,XS,TWESSIE_NA_BT_0307-Obsidian Black-XS,168.0,,10
twessie-na-bt-0307,Obsidian Black Sculptural Econyl Sleek Satin Bikini Top,"<p>Econyl Sleek Satin construction meets architectural precision in this bikini top. Designed for the intelligent, independent woman. The Obsidian Black colorway with Chalk White accents creates a sophisticated palette. Pure anti-fashion statement elegance.</p>",Twessie,Bikini Top,"independent fashion, minimalist luxury, Econyl Sleek Satin bikini, architectural swimsuit, minimalist bikini top",TRUE,Color,Obsidian Black,Size,S,TWESSIE_NA_BT_0307-Obsidian Black-S,168.0,,10
twessie-na-bt-0307,Obsidian Black Sculptural Econyl Sleek Satin Bikini Top,"<p>Econyl Sleek Satin construction meets architectural precision in this bikini top. Designed for the intelligent, independent woman. The Obsidian Black colorway with Chalk White accents creates a sophisticated palette. Pure anti-fashion statement elegance.</p>",Twessie,Bikini Top,"independent fashion, minimalist luxury, Econyl Sleek Satin bikini, architectural swimsuit, minimalist bikini top",TRUE,Color,Obsidian Black,Size,M,TWESSIE_NA_BT_0307-Obsidian Black-M,168.0,,10
twessie-na-bt-0307,Obsidian Black Sculptural Econyl Sleek Satin Bikini Top,"<p>Econyl Sleek Satin construction meets architectural precision in this bikini top. Designed for the intelligent, independent woman. The Obsidian Black colorway with Chalk White accents creates a sophisticated palette. Pure anti-fashion statement elegance.</p>",Twessie,Bikini Top,"independent fashion, minimalist luxury, Econyl Sleek Satin bikini, architectural swimsuit, minimalist bikini top",TRUE,Color,Obsidian Black,Size,L,TWESSIE_NA_BT_0307-Obsidian Black-L,168.0,,10
twessie-na-bt-0307,Obsidian Black Sculptural Econyl Sleek Satin Bikini Top,"<p>Econyl Sleek Satin construction meets architectural precision in this bikini top. Designed for the intelligent, independent woman. The Obsidian Black colorway with Chalk White accents creates a sophisticated palette. Pure anti-fashion statement elegance.</p>",Twessie,Bikini Top,"independent fashion, minimalist luxury, Econyl Sleek Satin bikini, architectural swimsuit, minimalist bikini top",TRUE,Color,Obsidian Black,Size,XL,TWESSIE_NA_BT_0307-Obsidian Black-XL,168.0,,10
twessie-na-bt-0307,Obsidian Black Sculptural Econyl Sleek Satin Bikini Top,"<p>Econyl Sleek Satin construction meets architectural precision in this bikini top. Designed for the intelligent, independent woman. The Obsidian Black colorway with Chalk White accents creates a sophisticated palette. Pure anti-fashion statement elegance.</p>",Twessie,Bikini Top,"independent fashion, minimalist luxury, Econyl Sleek Satin bikini, architectural swimsuit, minimalist bikini top",TRUE,Color,Obsidian Black,Size,XXL,TWESSIE_NA_BT_0307-Obsidian Black-XXL,168.0,,10
twessie-na-bt-0307,Obsidian Black Sculptural Econyl Sleek Satin Bikini Top,"<p>Econyl Sleek Satin construction meets architectural precision in this bikini top. Designed for the intelligent, independent woman. The Obsidian Black colorway with Chalk White accents creates a sophisticated palette. Pure anti-fashion statement elegance.</p>",Twessie,Bikini Top,"independent fashion, minimalist luxury, Econyl Sleek Satin bikini, architectural swimsuit, minimalist bikini top",TRUE,Color,Chalk White,Size,XS,TWESSIE_NA_BT_0307-Chalk White-XS,168.0,,10
twessie-na-bt-0307,Obsidian Black Sculptural Econyl Sleek Satin Bikini Top,"<p>Econyl Sleek Satin construction meets architectural precision in this bikini top. Designed for the intelligent, independent woman. The Obsidian Black colorway with Chalk White accents creates a sophisticated palette. Pure anti-fashion statement elegance.</p>",Twessie,Bikini Top,"independent fashion, minimalist luxury, Econyl Sleek Satin bikini, architectural swimsuit, minimalist bikini top",TRUE,Color,Chalk White,Size,S,TWESSIE_NA_BT_0307-Chalk White-S,168.0,,10
twessie-na-bt-0307,Obsidian Black Sculptural Econyl Sleek Satin Bikini Top,"<p>Econyl Sleek Satin construction meets architectural precision in this bikini top. Designed for the intelligent, independent woman. The Obsidian Black colorway with Chalk White accents creates a sophisticated palette. Pure anti-fashion statement elegance.</p>",Twessie,Bikini Top,"independent fashion, minimalist luxury, Econyl Sleek Satin bikini, architectural swimsuit, minimalist bikini top",TRUE,Color,Chalk White,Size,M,TWESSIE_NA_BT_0307-Chalk White-M,168.0,,10
twessie-na-bt-0307,Obsidian Black Sculptural Econyl Sleek Satin Bikini Top,"<p>Econyl Sleek Satin construction meets architectural precision in this bikini top. Designed for the intelligent, independent woman. The Obsidian Black colorway with Chalk White accents creates a sophisticated palette. Pure anti-fashion statement elegance.</p>",Twessie,Bikini Top,"independent fashion, minimalist luxury, Econyl Sleek Satin bikini, architectural swimsuit, minimalist bikini top",TRUE,Color,Chalk White,Size,L,TWESSIE_NA_BT_0307-Chalk White-L,168.0,,10
twessie-na-bt-0307,Obsidian Black Sculptural Econyl Sleek Satin Bikini Top,"<p>Econyl Sleek Satin construction meets architectural precision in this bikini top. Designed for the intelligent, independent woman. The Obsidian Black colorway with Chalk White accents creates a sophisticated palette. Pure anti-fashion statement elegance.</p>",Twessie,Bikini Top,"independent fashion, minimalist luxury, Econyl Sleek Satin bikini, architectural swimsuit, minimalist bikini top",TRUE,Color,Chalk White,Size,XL,TWESSIE_NA_BT_0307-Chalk White-XL,168.0,,10
twessie-na-bt-0307,Obsidian Black Sculptural Econyl Sleek Satin Bikini Top,"<p>Econyl Sleek Satin construction meets architectural precision in this bikini top. Designed for the intelligent, independent woman. The Obsidian Black colorway with Chalk White accents creates a sophisticated palette. Pure anti-fashion statement elegance.</p>",Twessie,Bikini Top,"independent fashion, minimalist luxury, Econyl Sleek Satin bikini, architectural swimsuit, minimalist bikini top",TRUE,Color,Chalk White,Size,XXL,TWESSIE_NA_BT_0307-Chalk White-XXL,168.0,,10
twessie-na-bb-0308,Structural Econyl Sleek Satin Bikini Bottom,<p>Crafted in premium Econyl Sleek Satin with Matte Ribbed Knit accents. This bikini bottom epitomizes intelligent aesthetic luxury. Featuring color-blocking in Obsidian Black and Olive Drab. Perfect for the discerning swimmer who refuses the obvious.</p>,Twessie,Bikini Bottom,"minimalist luxury, Econyl Sleek Satin bikini, minimalist bikini bottom, architectural swimsuit, high-end swimwear",TRUE,Color,Obsidian Black,Size,XS,TWESSIE_NA_BB_0308-Obsidian Black-XS,168.0,,10
twessie-na-bb-0308,Structural Econyl Sleek Satin Bikini Bottom,<p>Crafted in premium Econyl Sleek Satin with Matte Ribbed Knit accents. This bikini bottom epitomizes intelligent aesthetic luxury. Featuring color-blocking in Obsidian Black and Olive Drab. Perfect for the discerning swimmer who refuses the obvious.</p>,Twessie,Bikini Bottom,"minimalist luxury, Econyl Sleek Satin bikini, minimalist bikini bottom, architectural swimsuit, high-end swimwear",TRUE,Color,Obsidian Black,Size,S,TWESSIE_NA_BB_0308-Obsidian Black-S,168.0,,10
twessie-na-bb-0308,Structural Econyl Sleek Satin Bikini Bottom,<p>Crafted in premium Econyl Sleek Satin with Matte Ribbed Knit accents. This bikini bottom epitomizes intelligent aesthetic luxury. Featuring color-blocking in Obsidian Black and Olive Drab. Perfect for the discerning swimmer who refuses the obvious.</p>,Twessie,Bikini Bottom,"minimalist luxury, Econyl Sleek Satin bikini, minimalist bikini bottom, architectural swimsuit, high-end swimwear",TRUE,Color,Obsidian Black,Size,M,TWESSIE_NA_BB_0308-Obsidian Black-M,168.0,,10
twessie-na-bb-0308,Structural Econyl Sleek Satin Bikini Bottom,<p>Crafted in premium Econyl Sleek Satin with Matte Ribbed Knit accents. This bikini bottom epitomizes intelligent aesthetic luxury. Featuring color-blocking in Obsidian Black and Olive Drab. Perfect for the discerning swimmer who refuses the obvious.</p>,Twessie,Bikini Bottom,"minimalist luxury, Econyl Sleek Satin bikini, minimalist bikini bottom, architectural swimsuit, high-end swimwear",TRUE,Color,Obsidian Black,Size,L,TWESSIE_NA_BB_0308-Obsidian Black-L,168.0,,10
twessie-na-bb-0308,Structural Econyl Sleek Satin Bikini Bottom,<p>Crafted in premium Econyl Sleek Satin with Matte Ribbed Knit accents. This bikini bottom epitomizes intelligent aesthetic luxury. Featuring color-blocking in Obsidian Black and Olive Drab. Perfect for the discerning swimmer who refuses the obvious.</p>,Twessie,Bikini Bottom,"minimalist luxury, Econyl Sleek Satin bikini, minimalist bikini bottom, architectural swimsuit, high-end swimwear",TRUE,Color,Obsidian Black,Size,XL,TWESSIE_NA_BB_0308-Obsidian Black-XL,168.0,,10
twessie-na-bb-0308,Structural Econyl Sleek Satin Bikini Bottom,<p>Crafted in premium Econyl Sleek Satin with Matte Ribbed Knit accents. This bikini bottom epitomizes intelligent aesthetic luxury. Featuring color-blocking in Obsidian Black and Olive Drab. Perfect for the discerning swimmer who refuses the obvious.</p>,Twessie,Bikini Bottom,"minimalist luxury, Econyl Sleek Satin bikini, minimalist bikini bottom, architectural swimsuit, high-end swimwear",TRUE,Color,Obsidian Black,Size,XXL,TWESSIE_NA_BB_0308-Obsidian Black-XXL,168.0,,10
twessie-na-bb-0308,Structural Econyl Sleek Satin Bikini Bottom,<p>Crafted in premium Econyl Sleek Satin with Matte Ribbed Knit accents. This bikini bottom epitomizes intelligent aesthetic luxury. Featuring color-blocking in Obsidian Black and Olive Drab. Perfect for the discerning swimmer who refuses the obvious.</p>,Twessie,Bikini Bottom,"minimalist luxury, Econyl Sleek Satin bikini, minimalist bikini bottom, architectural swimsuit, high-end swimwear",TRUE,Color,Olive Drab,Size,XS,TWESSIE_NA_BB_0308-Olive Drab-XS,168.0,,10
twessie-na-bb-0308,Structural Econyl Sleek Satin Bikini Bottom,<p>Crafted in premium Econyl Sleek Satin with Matte Ribbed Knit accents. This bikini bottom epitomizes intelligent aesthetic luxury. Featuring color-blocking in Obsidian Black and Olive Drab. Perfect for the discerning swimmer who refuses the obvious.</p>,Twessie,Bikini Bottom,"minimalist luxury, Econyl Sleek Satin bikini, minimalist bikini bottom, architectural swimsuit, high-end swimwear",TRUE,Color,Olive Drab,Size,S,TWESSIE_NA_BB_0308-Olive Drab-S,168.0,,10
twessie-na-bb-0308,Structural Econyl Sleek Satin Bikini Bottom,<p>Crafted in premium Econyl Sleek Satin with Matte Ribbed Knit accents. This bikini bottom epitomizes intelligent aesthetic luxury. Featuring color-blocking in Obsidian Black and Olive Drab. Perfect for the discerning swimmer who refuses the obvious.</p>,Twessie,Bikini Bottom,"minimalist luxury, Econyl Sleek Satin bikini, minimalist bikini bottom, architectural swimsuit, high-end swimwear",TRUE,Color,Olive Drab,Size,M,TWESSIE_NA_BB_0308-Olive Drab-M,168.0,,10
twessie-na-bb-0308,Structural Econyl Sleek Satin Bikini Bottom,<p>Crafted in premium Econyl Sleek Satin with Matte Ribbed Knit accents. This bikini bottom epitomizes intelligent aesthetic luxury. Featuring color-blocking in Obsidian Black and Olive Drab. Perfect for the discerning swimmer who refuses the obvious.</p>,Twessie,Bikini Bottom,"minimalist luxury, Econyl Sleek Satin bikini, minimalist bikini bottom, architectural swimsuit, high-end swimwear",TRUE,Color,Olive Drab,Size,L,TWESSIE_NA_BB_0308-Olive Drab-L,168.0,,10
twessie-na-bb-0308,Structural Econyl Sleek Satin Bikini Bottom,<p>Crafted in premium Econyl Sleek Satin with Matte Ribbed Knit accents. This bikini bottom epitomizes intelligent aesthetic luxury. Featuring color-blocking in Obsidian Black and Olive Drab. Perfect for the discerning swimmer who refuses the obvious.</p>,Twessie,Bikini Bottom,"minimalist luxury, Econyl Sleek Satin bikini, minimalist bikini bottom, architectural swimsuit, high-end swimwear",TRUE,Color,Olive Drab,Size,XL,TWESSIE_NA_BB_0308-Olive Drab-XL,168.0,,10
twessie-na-bb-0308,Structural Econyl Sleek Satin Bikini Bottom,<p>Crafted in premium Econyl Sleek Satin with Matte Ribbed Knit accents. This bikini bottom epitomizes intelligent aesthetic luxury. Featuring color-blocking in Obsidian Black and Olive Drab. Perfect for the discerning swimmer who refuses the obvious.</p>,Twessie,Bikini Bottom,"minimalist luxury, Econyl Sleek Satin bikini, minimalist bikini bottom, architectural swimsuit, high-end swimwear",TRUE,Color,Olive Drab,Size,XXL,TWESSIE_NA_BB_0308-Olive Drab-XXL,168.0,,10
twessie-jp-bt-0309,Stone Gray Sculptural Crinkled Seersucker Bikini Top,"<p>Crinkled Seersucker construction meets architectural precision in this bikini top. Designed for the intelligent, independent woman. The Stone Gray colorway with Chalk White accents creates a sophisticated palette. Pure architectural elegance elegance.</p>",Twessie,Bikini Top,"minimalist luxury, architectural swimsuit, independent fashion, minimalist bikini top, Crinkled Seersucker bikini",TRUE,Color,Stone Gray,Size,XS,TWESSIE_JP_BT_0309-Stone Gray-XS,168.0,,10
twessie-jp-bt-0309,Stone Gray Sculptural Crinkled Seersucker Bikini Top,"<p>Crinkled Seersucker construction meets architectural precision in this bikini top. Designed for the intelligent, independent woman. The Stone Gray colorway with Chalk White accents creates a sophisticated palette. Pure architectural elegance elegance.</p>",Twessie,Bikini Top,"minimalist luxury, architectural swimsuit, independent fashion, minimalist bikini top, Crinkled Seersucker bikini",TRUE,Color,Stone Gray,Size,S,TWESSIE_JP_BT_0309-Stone Gray-S,168.0,,10
twessie-jp-bt-0309,Stone Gray Sculptural Crinkled Seersucker Bikini Top,"<p>Crinkled Seersucker construction meets architectural precision in this bikini top. Designed for the intelligent, independent woman. The Stone Gray colorway with Chalk White accents creates a sophisticated palette. Pure architectural elegance elegance.</p>",Twessie,Bikini Top,"minimalist luxury, architectural swimsuit, independent fashion, minimalist bikini top, Crinkled Seersucker bikini",TRUE,Color,Stone Gray,Size,M,TWESSIE_JP_BT_0309-Stone Gray-M,168.0,,10
twessie-jp-bt-0309,Stone Gray Sculptural Crinkled Seersucker Bikini Top,"<p>Crinkled Seersucker construction meets architectural precision in this bikini top. Designed for the intelligent, independent woman. The Stone Gray colorway with Chalk White accents creates a sophisticated palette. Pure architectural elegance elegance.</p>",Twessie,Bikini Top,"minimalist luxury, architectural swimsuit, independent fashion, minimalist bikini top, Crinkled Seersucker bikini",TRUE,Color,Stone Gray,Size,L,TWESSIE_JP_BT_0309-Stone Gray-L,168.0,,10
twessie-jp-bt-0309,Stone Gray Sculptural Crinkled Seersucker Bikini Top,"<p>Crinkled Seersucker construction meets architectural precision in this bikini top. Designed for the intelligent, independent woman. The Stone Gray colorway with Chalk White accents creates a sophisticated palette. Pure architectural elegance elegance.</p>",Twessie,Bikini Top,"minimalist luxury, architectural swimsuit, independent fashion, minimalist bikini top, Crinkled Seersucker bikini",TRUE,Color,Stone Gray,Size,XL,TWESSIE_JP_BT_0309-Stone Gray-XL,168.0,,10
twessie-jp-bt-0309,Stone Gray Sculptural Crinkled Seersucker Bikini Top,"<p>Crinkled Seersucker construction meets architectural precision in this bikini top. Designed for the intelligent, independent woman. The Stone Gray colorway with Chalk White accents creates a sophisticated palette. Pure architectural elegance elegance.</p>",Twessie,Bikini Top,"minimalist luxury, architectural swimsuit, independent fashion, minimalist bikini top, Crinkled Seersucker bikini",TRUE,Color,Stone Gray,Size,XXL,TWESSIE_JP_BT_0309-Stone Gray-XXL,168.0,,10
twessie-jp-bt-0309,Stone Gray Sculptural Crinkled Seersucker Bikini Top,"<p>Crinkled Seersucker construction meets architectural precision in this bikini top. Designed for the intelligent, independent woman. The Stone Gray colorway with Chalk White accents creates a sophisticated palette. Pure architectural elegance elegance.</p>",Twessie,Bikini Top,"minimalist luxury, architectural swimsuit, independent fashion, minimalist bikini top, Crinkled Seersucker bikini",TRUE,Color,Chalk White,Size,XS,TWESSIE_JP_BT_0309-Chalk White-XS,168.0,,10
twessie-jp-bt-0309,Stone Gray Sculptural Crinkled Seersucker Bikini Top,"<p>Crinkled Seersucker construction meets architectural precision in this bikini top. Designed for the intelligent, independent woman. The Stone Gray colorway with Chalk White accents creates a sophisticated palette. Pure architectural elegance elegance.</p>",Twessie,Bikini Top,"minimalist luxury, architectural swimsuit, independent fashion, minimalist bikini top, Crinkled Seersucker bikini",TRUE,Color,Chalk White,Size,S,TWESSIE_JP_BT_0309-Chalk White-S,168.0,,10
twessie-jp-bt-0309,Stone Gray Sculptural Crinkled Seersucker Bikini Top,"<p>Crinkled Seersucker construction meets architectural precision in this bikini top. Designed for the intelligent, independent woman. The Stone Gray colorway with Chalk White accents creates a sophisticated palette. Pure architectural elegance elegance.</p>",Twessie,Bikini Top,"minimalist luxury, architectural swimsuit, independent fashion, minimalist bikini top, Crinkled Seersucker bikini",TRUE,Color,Chalk White,Size,M,TWESSIE_JP_BT_0309-Chalk White-M,168.0,,10
twessie-jp-bt-0309,Stone Gray Sculptural Crinkled Seersucker Bikini Top,"<p>Crinkled Seersucker construction meets architectural precision in this bikini top. Designed for the intelligent, independent woman. The Stone Gray colorway with Chalk White accents creates a sophisticated palette. Pure architectural elegance elegance.</p>",Twessie,Bikini Top,"minimalist luxury, architectural swimsuit, independent fashion, minimalist bikini top, Crinkled Seersucker bikini",TRUE,Color,Chalk White,Size,L,TWESSIE_JP_BT_0309-Chalk White-L,168.0,,10
twessie-jp-bt-0309,Stone Gray Sculptural Crinkled Seersucker Bikini Top,"<p>Crinkled Seersucker construction meets architectural precision in this bikini top. Designed for the intelligent, independent woman. The Stone Gray colorway with Chalk White accents creates a sophisticated palette. Pure architectural elegance elegance.</p>",Twessie,Bikini Top,"minimalist luxury, architectural swimsuit, independent fashion, minimalist bikini top, Crinkled Seersucker bikini",TRUE,Color,Chalk White,Size,XL,TWESSIE_JP_BT_0309-Chalk White-XL,168.0,,10
twessie-jp-bt-0309,Stone Gray Sculptural Crinkled Seersucker Bikini Top,"<p>Crinkled Seersucker construction meets architectural precision in this bikini top. Designed for the intelligent, independent woman. The Stone Gray colorway with Chalk White accents creates a sophisticated palette. Pure architectural elegance elegance.</p>",Twessie,Bikini Top,"minimalist luxury, architectural swimsuit, independent fashion, minimalist bikini top, Crinkled Seersucker bikini",TRUE,Color,Chalk White,Size,XXL,TWESSIE_JP_BT_0309-Chalk White-XXL,168.0,,10
twessie-sg-ha-0310,Convertible Halter Strap - Burnt Terracotta,<p>Crafted in premium Matte Ribbed Knit with Econyl Sleek Satin accents. This halter strap accessory epitomizes anti-fashion statement luxury. Featuring color-blocking in Burnt Terracotta and Olive Drab. Perfect for the discerning swimmer who refuses the obvious.</p>,Twessie,Halter Strap Accessory,"architectural swimsuit, minimalist halter strap accessory, luxury Burnt Terracotta swimwear, minimalist luxury, high-end swimwear",TRUE,Color,Burnt Terracotta,Size,XS,TWESSIE_SG_HA_0310-Burnt Terracotta-XS,168.0,,10
twessie-sg-ha-0310,Convertible Halter Strap - Burnt Terracotta,<p>Crafted in premium Matte Ribbed Knit with Econyl Sleek Satin accents. This halter strap accessory epitomizes anti-fashion statement luxury. Featuring color-blocking in Burnt Terracotta and Olive Drab. Perfect for the discerning swimmer who refuses the obvious.</p>,Twessie,Halter Strap Accessory,"architectural swimsuit, minimalist halter strap accessory, luxury Burnt Terracotta swimwear, minimalist luxury, high-end swimwear",TRUE,Color,Burnt Terracotta,Size,S,TWESSIE_SG_HA_0310-Burnt Terracotta-S,168.0,,10
twessie-sg-ha-0310,Convertible Halter Strap - Burnt Terracotta,<p>Crafted in premium Matte Ribbed Knit with Econyl Sleek Satin accents. This halter strap accessory epitomizes anti-fashion statement luxury. Featuring color-blocking in Burnt Terracotta and Olive Drab. Perfect for the discerning swimmer who refuses the obvious.</p>,Twessie,Halter Strap Accessory,"architectural swimsuit, minimalist halter strap accessory, luxury Burnt Terracotta swimwear, minimalist luxury, high-end swimwear",TRUE,Color,Burnt Terracotta,Size,M,TWESSIE_SG_HA_0310-Burnt Terracotta-M,168.0,,10
twessie-sg-ha-0310,Convertible Halter Strap - Burnt Terracotta,<p>Crafted in premium Matte Ribbed Knit with Econyl Sleek Satin accents. This halter strap accessory epitomizes anti-fashion statement luxury. Featuring color-blocking in Burnt Terracotta and Olive Drab. Perfect for the discerning swimmer who refuses the obvious.</p>,Twessie,Halter Strap Accessory,"architectural swimsuit, minimalist halter strap accessory, luxury Burnt Terracotta swimwear, minimalist luxury, high-end swimwear",TRUE,Color,Burnt Terracotta,Size,L,TWESSIE_SG_HA_0310-Burnt Terracotta-L,168.0,,10
twessie-sg-ha-0310,Convertible Halter Strap - Burnt Terracotta,<p>Crafted in premium Matte Ribbed Knit with Econyl Sleek Satin accents. This halter strap accessory epitomizes anti-fashion statement luxury. Featuring color-blocking in Burnt Terracotta and Olive Drab. Perfect for the discerning swimmer who refuses the obvious.</p>,Twessie,Halter Strap Accessory,"architectural swimsuit, minimalist halter strap accessory, luxury Burnt Terracotta swimwear, minimalist luxury, high-end swimwear",TRUE,Color,Burnt Terracotta,Size,XL,TWESSIE_SG_HA_0310-Burnt Terracotta-XL,168.0,,10
twessie-sg-ha-0310,Convertible Halter Strap - Burnt Terracotta,<p>Crafted in premium Matte Ribbed Knit with Econyl Sleek Satin accents. This halter strap accessory epitomizes anti-fashion statement luxury. Featuring color-blocking in Burnt Terracotta and Olive Drab. Perfect for the discerning swimmer who refuses the obvious.</p>,Twessie,Halter Strap Accessory,"architectural swimsuit, minimalist halter strap accessory, luxury Burnt Terracotta swimwear, minimalist luxury, high-end swimwear",TRUE,Color,Burnt Terracotta,Size,XXL,TWESSIE_SG_HA_0310-Burnt Terracotta-XXL,168.0,,10
twessie-sg-ha-0310,Convertible Halter Strap - Burnt Terracotta,<p>Crafted in premium Matte Ribbed Knit with Econyl Sleek Satin accents. This halter strap accessory epitomizes anti-fashion statement luxury. Featuring color-blocking in Burnt Terracotta and Olive Drab. Perfect for the discerning swimmer who refuses the obvious.</p>,Twessie,Halter Strap Accessory,"architectural swimsuit, minimalist halter strap accessory, luxury Burnt Terracotta swimwear, minimalist luxury, high-end swimwear",TRUE,Color,Olive Drab,Size,XS,TWESSIE_SG_HA_0310-Olive Drab-XS,168.0,,10
twessie-sg-ha-0310,Convertible Halter Strap - Burnt Terracotta,<p>Crafted in premium Matte Ribbed Knit with Econyl Sleek Satin accents. This halter strap accessory epitomizes anti-fashion statement luxury. Featuring color-blocking in Burnt Terracotta and Olive Drab. Perfect for the discerning swimmer who refuses the obvious.</p>,Twessie,Halter Strap Accessory,"architectural swimsuit, minimalist halter strap accessory, luxury Burnt Terracotta swimwear, minimalist luxury, high-end swimwear",TRUE,Color,Olive Drab,Size,S,TWESSIE_SG_HA_0310-Olive Drab-S,168.0,,10
twessie-sg-ha-0310,Convertible Halter Strap - Burnt Terracotta,<p>Crafted in premium Matte Ribbed Knit with Econyl Sleek Satin accents. This halter strap accessory epitomizes anti-fashion statement luxury. Featuring color-blocking in Burnt Terracotta and Olive Drab. Perfect for the discerning swimmer who refuses the obvious.</p>,Twessie,Halter Strap Accessory,"architectural swimsuit, minimalist halter strap accessory, luxury Burnt Terracotta swimwear, minimalist luxury, high-end swimwear",TRUE,Color,Olive Drab,Size,M,TWESSIE_SG_HA_0310-Olive Drab-M,168.0,,10
twessie-sg-ha-0310,Convertible Halter Strap - Burnt Terracotta,<p>Crafted in premium Matte Ribbed Knit with Econyl Sleek Satin accents. This halter strap accessory epitomizes anti-fashion statement luxury. Featuring color-blocking in Burnt Terracotta and Olive Drab. Perfect for the discerning swimmer who refuses the obvious.</p>,Twessie,Halter Strap Accessory,"architectural swimsuit, minimalist halter strap accessory, luxury Burnt Terracotta swimwear, minimalist luxury, high-end swimwear",TRUE,Color,Olive Drab,Size,L,TWESSIE_SG_HA_0310-Olive Drab-L,168.0,,10
twessie-sg-ha-0310,Convertible Halter Strap - Burnt Terracotta,<p>Crafted in premium Matte Ribbed Knit with Econyl Sleek Satin accents. This halter strap accessory epitomizes anti-fashion statement luxury. Featuring color-blocking in Burnt Terracotta and Olive Drab. Perfect for the discerning swimmer who refuses the obvious.</p>,Twessie,Halter Strap Accessory,"architectural swimsuit, minimalist halter strap accessory, luxury Burnt Terracotta swimwear, minimalist luxury, high-end swimwear",TRUE,Color,Olive Drab,Size,XL,TWESSIE_SG_HA_0310-Olive Drab-XL,168.0,,10
twessie-sg-ha-0310,Convertible Halter Strap - Burnt Terracotta,<p>Crafted in premium Matte Ribbed Knit with Econyl Sleek Satin accents. This halter strap accessory epitomizes anti-fashion statement luxury. Featuring color-blocking in Burnt Terracotta and Olive Drab. Perfect for the discerning swimmer who refuses the obvious.</p>,Twessie,Halter Strap Accessory,"architectural swimsuit, minimalist halter strap accessory, luxury Burnt Terracotta swimwear, minimalist luxury, high-end swimwear",TRUE,Color,Olive Drab,Size,XXL,TWESSIE_SG_HA_0310-Olive Drab-XXL,168.0,,10
twessie-jp-bb-0401,High-Cut Stone Gray Bikini Brief,<p>A statement piece in Crinkled Seersucker. This bikini bottom combines anti-fashion statement design with impeccable craftsmanship. Available in Stone Gray with Chalk White detailing. Not loud. Not obvious. Unmistakably Twessie.</p>,Twessie,Bikini Bottom,"Crinkled Seersucker bikini, luxury Stone Gray swimwear, minimalist luxury, minimalist bikini bottom, independent fashion",TRUE,Color,Stone Gray,Size,XS,TWESSIE_JP_BB_0401-Stone Gray-XS,168.0,,10
twessie-jp-bb-0401,High-Cut Stone Gray Bikini Brief,<p>A statement piece in Crinkled Seersucker. This bikini bottom combines anti-fashion statement design with impeccable craftsmanship. Available in Stone Gray with Chalk White detailing. Not loud. Not obvious. Unmistakably Twessie.</p>,Twessie,Bikini Bottom,"Crinkled Seersucker bikini, luxury Stone Gray swimwear, minimalist luxury, minimalist bikini bottom, independent fashion",TRUE,Color,Stone Gray,Size,S,TWESSIE_JP_BB_0401-Stone Gray-S,168.0,,10
twessie-jp-bb-0401,High-Cut Stone Gray Bikini Brief,<p>A statement piece in Crinkled Seersucker. This bikini bottom combines anti-fashion statement design with impeccable craftsmanship. Available in Stone Gray with Chalk White detailing. Not loud. Not obvious. Unmistakably Twessie.</p>,Twessie,Bikini Bottom,"Crinkled Seersucker bikini, luxury Stone Gray swimwear, minimalist luxury, minimalist bikini bottom, independent fashion",TRUE,Color,Stone Gray,Size,M,TWESSIE_JP_BB_0401-Stone Gray-M,168.0,,10
twessie-jp-bb-0401,High-Cut Stone Gray Bikini Brief,<p>A statement piece in Crinkled Seersucker. This bikini bottom combines anti-fashion statement design with impeccable craftsmanship. Available in Stone Gray with Chalk White detailing. Not loud. Not obvious. Unmistakably Twessie.</p>,Twessie,Bikini Bottom,"Crinkled Seersucker bikini, luxury Stone Gray swimwear, minimalist luxury, minimalist bikini bottom, independent fashion",TRUE,Color,Stone Gray,Size,L,TWESSIE_JP_BB_0401-Stone Gray-L,168.0,,10
twessie-jp-bb-0401,High-Cut Stone Gray Bikini Brief,<p>A statement piece in Crinkled Seersucker. This bikini bottom combines anti-fashion statement design with impeccable craftsmanship. Available in Stone Gray with Chalk White detailing. Not loud. Not obvious. Unmistakably Twessie.</p>,Twessie,Bikini Bottom,"Crinkled Seersucker bikini, luxury Stone Gray swimwear, minimalist luxury, minimalist bikini bottom, independent fashion",TRUE,Color,Stone Gray,Size,XL,TWESSIE_JP_BB_0401-Stone Gray-XL,168.0,,10
twessie-jp-bb-0401,High-Cut Stone Gray Bikini Brief,<p>A statement piece in Crinkled Seersucker. This bikini bottom combines anti-fashion statement design with impeccable craftsmanship. Available in Stone Gray with Chalk White detailing. Not loud. Not obvious. Unmistakably Twessie.</p>,Twessie,Bikini Bottom,"Crinkled Seersucker bikini, luxury Stone Gray swimwear, minimalist luxury, minimalist bikini bottom, independent fashion",TRUE,Color,Stone Gray,Size,XXL,TWESSIE_JP_BB_0401-Stone Gray-XXL,168.0,,10
twessie-jp-bb-0401,High-Cut Stone Gray Bikini Brief,<p>A statement piece in Crinkled Seersucker. This bikini bottom combines anti-fashion statement design with impeccable craftsmanship. Available in Stone Gray with Chalk White detailing. Not loud. Not obvious. Unmistakably Twessie.</p>,Twessie,Bikini Bottom,"Crinkled Seersucker bikini, luxury Stone Gray swimwear, minimalist luxury, minimalist bikini bottom, independent fashion",TRUE,Color,Chalk White,Size,XS,TWESSIE_JP_BB_0401-Chalk White-XS,168.0,,10
twessie-jp-bb-0401,High-Cut Stone Gray Bikini Brief,<p>A statement piece in Crinkled Seersucker. This bikini bottom combines anti-fashion statement design with impeccable craftsmanship. Available in Stone Gray with Chalk White detailing. Not loud. Not obvious. Unmistakably Twessie.</p>,Twessie,Bikini Bottom,"Crinkled Seersucker bikini, luxury Stone Gray swimwear, minimalist luxury, minimalist bikini bottom, independent fashion",TRUE,Color,Chalk White,Size,S,TWESSIE_JP_BB_0401-Chalk White-S,168.0,,10
twessie-jp-bb-0401,High-Cut Stone Gray Bikini Brief,<p>A statement piece in Crinkled Seersucker. This bikini bottom combines anti-fashion statement design with impeccable craftsmanship. Available in Stone Gray with Chalk White detailing. Not loud. Not obvious. Unmistakably Twessie.</p>,Twessie,Bikini Bottom,"Crinkled Seersucker bikini, luxury Stone Gray swimwear, minimalist luxury, minimalist bikini bottom, independent fashion",TRUE,Color,Chalk White,Size,M,TWESSIE_JP_BB_0401-Chalk White-M,168.0,,10
twessie-jp-bb-0401,High-Cut Stone Gray Bikini Brief,<p>A statement piece in Crinkled Seersucker. This bikini bottom combines anti-fashion statement design with impeccable craftsmanship. Available in Stone Gray with Chalk White detailing. Not loud. Not obvious. Unmistakably Twessie.</p>,Twessie,Bikini Bottom,"Crinkled Seersucker bikini, luxury Stone Gray swimwear, minimalist luxury, minimalist bikini bottom, independent fashion",TRUE,Color,Chalk White,Size,L,TWESSIE_JP_BB_0401-Chalk White-L,168.0,,10
twessie-jp-bb-0401,High-Cut Stone Gray Bikini Brief,<p>A statement piece in Crinkled Seersucker. This bikini bottom combines anti-fashion statement design with impeccable craftsmanship. Available in Stone Gray with Chalk White detailing. Not loud. Not obvious. Unmistakably Twessie.</p>,Twessie,Bikini Bottom,"Crinkled Seersucker bikini, luxury Stone Gray swimwear, minimalist luxury, minimalist bikini bottom, independent fashion",TRUE,Color,Chalk White,Size,XL,TWESSIE_JP_BB_0401-Chalk White-XL,168.0,,10
twessie-jp-bb-0401,High-Cut Stone Gray Bikini Brief,<p>A statement piece in Crinkled Seersucker. This bikini bottom combines anti-fashion statement design with impeccable craftsmanship. Available in Stone Gray with Chalk White detailing. Not loud. Not obvious. Unmistakably Twessie.</p>,Twessie,Bikini Bottom,"Crinkled Seersucker bikini, luxury Stone Gray swimwear, minimalist luxury, minimalist bikini bottom, independent fashion",TRUE,Color,Chalk White,Size,XXL,TWESSIE_JP_BB_0401-Chalk White-XXL,168.0,,10
twessie-eu-bb-0402,Structural Crinkled Seersucker Bikini Bottom,"<p>Crinkled Seersucker construction meets architectural precision in this bikini bottom. Designed for the intelligent, independent woman. The Chalk White colorway with Stone Gray accents creates a sophisticated palette. Pure architectural elegance elegance.</p>",Twessie,Bikini Bottom,"luxury Chalk White swimwear, independent fashion, minimalist luxury, minimalist bikini bottom, architectural swimsuit",TRUE,Color,Chalk White,Size,XS,TWESSIE_EU_BB_0402-Chalk White-XS,168.0,,10
twessie-eu-bb-0402,Structural Crinkled Seersucker Bikini Bottom,"<p>Crinkled Seersucker construction meets architectural precision in this bikini bottom. Designed for the intelligent, independent woman. The Chalk White colorway with Stone Gray accents creates a sophisticated palette. Pure architectural elegance elegance.</p>",Twessie,Bikini Bottom,"luxury Chalk White swimwear, independent fashion, minimalist luxury, minimalist bikini bottom, architectural swimsuit",TRUE,Color,Chalk White,Size,S,TWESSIE_EU_BB_0402-Chalk White-S,168.0,,10
twessie-eu-bb-0402,Structural Crinkled Seersucker Bikini Bottom,"<p>Crinkled Seersucker construction meets architectural precision in this bikini bottom. Designed for the intelligent, independent woman. The Chalk White colorway with Stone Gray accents creates a sophisticated palette. Pure architectural elegance elegance.</p>",Twessie,Bikini Bottom,"luxury Chalk White swimwear, independent fashion, minimalist luxury, minimalist bikini bottom, architectural swimsuit",TRUE,Color,Chalk White,Size,M,TWESSIE_EU_BB_0402-Chalk White-M,168.0,,10
twessie-eu-bb-0402,Structural Crinkled Seersucker Bikini Bottom,"<p>Crinkled Seersucker construction meets architectural precision in this bikini bottom. Designed for the intelligent, independent woman. The Chalk White colorway with Stone Gray accents creates a sophisticated palette. Pure architectural elegance elegance.</p>",Twessie,Bikini Bottom,"luxury Chalk White swimwear, independent fashion, minimalist luxury, minimalist bikini bottom, architectural swimsuit",TRUE,Color,Chalk White,Size,L,TWESSIE_EU_BB_0402-Chalk White-L,168.0,,10
twessie-eu-bb-0402,Structural Crinkled Seersucker Bikini Bottom,"<p>Crinkled Seersucker construction meets architectural precision in this bikini bottom. Designed for the intelligent, independent woman. The Chalk White colorway with Stone Gray accents creates a sophisticated palette. Pure architectural elegance elegance.</p>",Twessie,Bikini Bottom,"luxury Chalk White swimwear, independent fashion, minimalist luxury, minimalist bikini bottom, architectural swimsuit",TRUE,Color,Chalk White,Size,XL,TWESSIE_EU_BB_0402-Chalk White-XL,168.0,,10
twessie-eu-bb-0402,Structural Crinkled Seersucker Bikini Bottom,"<p>Crinkled Seersucker construction meets architectural precision in this bikini bottom. Designed for the intelligent, independent woman. The Chalk White colorway with Stone Gray accents creates a sophisticated palette. Pure architectural elegance elegance.</p>",Twessie,Bikini Bottom,"luxury Chalk White swimwear, independent fashion, minimalist luxury, minimalist bikini bottom, architectural swimsuit",TRUE,Color,Chalk White,Size,XXL,TWESSIE_EU_BB_0402-Chalk White-XXL,168.0,,10
twessie-eu-bb-0402,Structural Crinkled Seersucker Bikini Bottom,"<p>Crinkled Seersucker construction meets architectural precision in this bikini bottom. Designed for the intelligent, independent woman. The Chalk White colorway with Stone Gray accents creates a sophisticated palette. Pure architectural elegance elegance.</p>",Twessie,Bikini Bottom,"luxury Chalk White swimwear, independent fashion, minimalist luxury, minimalist bikini bottom, architectural swimsuit",TRUE,Color,Stone Gray,Size,XS,TWESSIE_EU_BB_0402-Stone Gray-XS,168.0,,10
twessie-eu-bb-0402,Structural Crinkled Seersucker Bikini Bottom,"<p>Crinkled Seersucker construction meets architectural precision in this bikini bottom. Designed for the intelligent, independent woman. The Chalk White colorway with Stone Gray accents creates a sophisticated palette. Pure architectural elegance elegance.</p>",Twessie,Bikini Bottom,"luxury Chalk White swimwear, independent fashion, minimalist luxury, minimalist bikini bottom, architectural swimsuit",TRUE,Color,Stone Gray,Size,S,TWESSIE_EU_BB_0402-Stone Gray-S,168.0,,10
twessie-eu-bb-0402,Structural Crinkled Seersucker Bikini Bottom,"<p>Crinkled Seersucker construction meets architectural precision in this bikini bottom. Designed for the intelligent, independent woman. The Chalk White colorway with Stone Gray accents creates a sophisticated palette. Pure architectural elegance elegance.</p>",Twessie,Bikini Bottom,"luxury Chalk White swimwear, independent fashion, minimalist luxury, minimalist bikini bottom, architectural swimsuit",TRUE,Color,Stone Gray,Size,M,TWESSIE_EU_BB_0402-Stone Gray-M,168.0,,10
twessie-eu-bb-0402,Structural Crinkled Seersucker Bikini Bottom,"<p>Crinkled Seersucker construction meets architectural precision in this bikini bottom. Designed for the intelligent, independent woman. The Chalk White colorway with Stone Gray accents creates a sophisticated palette. Pure architectural elegance elegance.</p>",Twessie,Bikini Bottom,"luxury Chalk White swimwear, independent fashion, minimalist luxury, minimalist bikini bottom, architectural swimsuit",TRUE,Color,Stone Gray,Size,L,TWESSIE_EU_BB_0402-Stone Gray-L,168.0,,10
twessie-eu-bb-0402,Structural Crinkled Seersucker Bikini Bottom,"<p>Crinkled Seersucker construction meets architectural precision in this bikini bottom. Designed for the intelligent, independent woman. The Chalk White colorway with Stone Gray accents creates a sophisticated palette. Pure architectural elegance elegance.</p>",Twessie,Bikini Bottom,"luxury Chalk White swimwear, independent fashion, minimalist luxury, minimalist bikini bottom, architectural swimsuit",TRUE,Color,Stone Gray,Size,XL,TWESSIE_EU_BB_0402-Stone Gray-XL,168.0,,10
twessie-eu-bb-0402,Structural Crinkled Seersucker Bikini Bottom,"<p>Crinkled Seersucker construction meets architectural precision in this bikini bottom. Designed for the intelligent, independent woman. The Chalk White colorway with Stone Gray accents creates a sophisticated palette. Pure architectural elegance elegance.</p>",Twessie,Bikini Bottom,"luxury Chalk White swimwear, independent fashion, minimalist luxury, minimalist bikini bottom, architectural swimsuit",TRUE,Color,Stone Gray,Size,XXL,TWESSIE_EU_BB_0402-Stone Gray-XXL,168.0,,10
twessie-sg-bb-0403,Raw-Edge Stone Gray Bikini Bottom,"<p>Crinkled Seersucker construction meets architectural precision in this bikini bottom. Designed for the intelligent, independent woman. The Stone Gray colorway with Chalk White accents creates a sophisticated palette. Pure anti-fashion statement elegance.</p>",Twessie,Bikini Bottom,"Crinkled Seersucker bikini, minimalist luxury, minimalist bikini bottom, architectural swimsuit, high-end swimwear",TRUE,Color,Stone Gray,Size,XS,TWESSIE_SG_BB_0403-Stone Gray-XS,168.0,,10
twessie-sg-bb-0403,Raw-Edge Stone Gray Bikini Bottom,"<p>Crinkled Seersucker construction meets architectural precision in this bikini bottom. Designed for the intelligent, independent woman. The Stone Gray colorway with Chalk White accents creates a sophisticated palette. Pure anti-fashion statement elegance.</p>",Twessie,Bikini Bottom,"Crinkled Seersucker bikini, minimalist luxury, minimalist bikini bottom, architectural swimsuit, high-end swimwear",TRUE,Color,Stone Gray,Size,S,TWESSIE_SG_BB_0403-Stone Gray-S,168.0,,10
twessie-sg-bb-0403,Raw-Edge Stone Gray Bikini Bottom,"<p>Crinkled Seersucker construction meets architectural precision in this bikini bottom. Designed for the intelligent, independent woman. The Stone Gray colorway with Chalk White accents creates a sophisticated palette. Pure anti-fashion statement elegance.</p>",Twessie,Bikini Bottom,"Crinkled Seersucker bikini, minimalist luxury, minimalist bikini bottom, architectural swimsuit, high-end swimwear",TRUE,Color,Stone Gray,Size,M,TWESSIE_SG_BB_0403-Stone Gray-M,168.0,,10
twessie-sg-bb-0403,Raw-Edge Stone Gray Bikini Bottom,"<p>Crinkled Seersucker construction meets architectural precision in this bikini bottom. Designed for the intelligent, independent woman. The Stone Gray colorway with Chalk White accents creates a sophisticated palette. Pure anti-fashion statement elegance.</p>",Twessie,Bikini Bottom,"Crinkled Seersucker bikini, minimalist luxury, minimalist bikini bottom, architectural swimsuit, high-end swimwear",TRUE,Color,Stone Gray,Size,L,TWESSIE_SG_BB_0403-Stone Gray-L,168.0,,10
twessie-sg-bb-0403,Raw-Edge Stone Gray Bikini Bottom,"<p>Crinkled Seersucker construction meets architectural precision in this bikini bottom. Designed for the intelligent, independent woman. The Stone Gray colorway with Chalk White accents creates a sophisticated palette. Pure anti-fashion statement elegance.</p>",Twessie,Bikini Bottom,"Crinkled Seersucker bikini, minimalist luxury, minimalist bikini bottom, architectural swimsuit, high-end swimwear",TRUE,Color,Stone Gray,Size,XL,TWESSIE_SG_BB_0403-Stone Gray-XL,168.0,,10
twessie-sg-bb-0403,Raw-Edge Stone Gray Bikini Bottom,"<p>Crinkled Seersucker construction meets architectural precision in this bikini bottom. Designed for the intelligent, independent woman. The Stone Gray colorway with Chalk White accents creates a sophisticated palette. Pure anti-fashion statement elegance.</p>",Twessie,Bikini Bottom,"Crinkled Seersucker bikini, minimalist luxury, minimalist bikini bottom, architectural swimsuit, high-end swimwear",TRUE,Color,Stone Gray,Size,XXL,TWESSIE_SG_BB_0403-Stone Gray-XXL,168.0,,10
twessie-sg-bb-0403,Raw-Edge Stone Gray Bikini Bottom,"<p>Crinkled Seersucker construction meets architectural precision in this bikini bottom. Designed for the intelligent, independent woman. The Stone Gray colorway with Chalk White accents creates a sophisticated palette. Pure anti-fashion statement elegance.</p>",Twessie,Bikini Bottom,"Crinkled Seersucker bikini, minimalist luxury, minimalist bikini bottom, architectural swimsuit, high-end swimwear",TRUE,Color,Chalk White,Size,XS,TWESSIE_SG_BB_0403-Chalk White-XS,168.0,,10
twessie-sg-bb-0403,Raw-Edge Stone Gray Bikini Bottom,"<p>Crinkled Seersucker construction meets architectural precision in this bikini bottom. Designed for the intelligent, independent woman. The Stone Gray colorway with Chalk White accents creates a sophisticated palette. Pure anti-fashion statement elegance.</p>",Twessie,Bikini Bottom,"Crinkled Seersucker bikini, minimalist luxury, minimalist bikini bottom, architectural swimsuit, high-end swimwear",TRUE,Color,Chalk White,Size,S,TWESSIE_SG_BB_0403-Chalk White-S,168.0,,10
twessie-sg-bb-0403,Raw-Edge Stone Gray Bikini Bottom,"<p>Crinkled Seersucker construction meets architectural precision in this bikini bottom. Designed for the intelligent, independent woman. The Stone Gray colorway with Chalk White accents creates a sophisticated palette. Pure anti-fashion statement elegance.</p>",Twessie,Bikini Bottom,"Crinkled Seersucker bikini, minimalist luxury, minimalist bikini bottom, architectural swimsuit, high-end swimwear",TRUE,Color,Chalk White,Size,M,TWESSIE_SG_BB_0403-Chalk White-M,168.0,,10
twessie-sg-bb-0403,Raw-Edge Stone Gray Bikini Bottom,"<p>Crinkled Seersucker construction meets architectural precision in this bikini bottom. Designed for the intelligent, independent woman. The Stone Gray colorway with Chalk White accents creates a sophisticated palette. Pure anti-fashion statement elegance.</p>",Twessie,Bikini Bottom,"Crinkled Seersucker bikini, minimalist luxury, minimalist bikini bottom, architectural swimsuit, high-end swimwear",TRUE,Color,Chalk White,Size,L,TWESSIE_SG_BB_0403-Chalk White-L,168.0,,10
twessie-sg-bb-0403,Raw-Edge Stone Gray Bikini Bottom,"<p>Crinkled Seersucker construction meets architectural precision in this bikini bottom. Designed for the intelligent, independent woman. The Stone Gray colorway with Chalk White accents creates a sophisticated palette. Pure anti-fashion statement elegance.</p>",Twessie,Bikini Bottom,"Crinkled Seersucker bikini, minimalist luxury, minimalist bikini bottom, architectural swimsuit, high-end swimwear",TRUE,Color,Chalk White,Size,XL,TWESSIE_SG_BB_0403-Chalk White-XL,168.0,,10
twessie-sg-bb-0403,Raw-Edge Stone Gray Bikini Bottom,"<p>Crinkled Seersucker construction meets architectural precision in this bikini bottom. Designed for the intelligent, independent woman. The Stone Gray colorway with Chalk White accents creates a sophisticated palette. Pure anti-fashion statement elegance.</p>",Twessie,Bikini Bottom,"Crinkled Seersucker bikini, minimalist luxury, minimalist bikini bottom, architectural swimsuit, high-end swimwear",TRUE,Color,Chalk White,Size,XXL,TWESSIE_SG_BB_0403-Chalk White-XXL,168.0,,10
twessie-jp-bt-0404,Architecture-Cut Chalk White Bikini Top,"<p>Crinkled Seersucker construction meets architectural precision in this bikini top. Designed for the intelligent, independent woman. The Chalk White colorway with Stone Gray accents creates a sophisticated palette. Pure anti-fashion statement elegance.</p>",Twessie,Bikini Top,"Crinkled Seersucker bikini, minimalist luxury, luxury Chalk White swimwear, minimalist bikini top, high-end swimwear",TRUE,Color,Chalk White,Size,XS,TWESSIE_JP_BT_0404-Chalk White-XS,168.0,,10
twessie-jp-bt-0404,Architecture-Cut Chalk White Bikini Top,"<p>Crinkled Seersucker construction meets architectural precision in this bikini top. Designed for the intelligent, independent woman. The Chalk White colorway with Stone Gray accents creates a sophisticated palette. Pure anti-fashion statement elegance.</p>",Twessie,Bikini Top,"Crinkled Seersucker bikini, minimalist luxury, luxury Chalk White swimwear, minimalist bikini top, high-end swimwear",TRUE,Color,Chalk White,Size,S,TWESSIE_JP_BT_0404-Chalk White-S,168.0,,10
twessie-jp-bt-0404,Architecture-Cut Chalk White Bikini Top,"<p>Crinkled Seersucker construction meets architectural precision in this bikini top. Designed for the intelligent, independent woman. The Chalk White colorway with Stone Gray accents creates a sophisticated palette. Pure anti-fashion statement elegance.</p>",Twessie,Bikini Top,"Crinkled Seersucker bikini, minimalist luxury, luxury Chalk White swimwear, minimalist bikini top, high-end swimwear",TRUE,Color,Chalk White,Size,M,TWESSIE_JP_BT_0404-Chalk White-M,168.0,,10
twessie-jp-bt-0404,Architecture-Cut Chalk White Bikini Top,"<p>Crinkled Seersucker construction meets architectural precision in this bikini top. Designed for the intelligent, independent woman. The Chalk White colorway with Stone Gray accents creates a sophisticated palette. Pure anti-fashion statement elegance.</p>",Twessie,Bikini Top,"Crinkled Seersucker bikini, minimalist luxury, luxury Chalk White swimwear, minimalist bikini top, high-end swimwear",TRUE,Color,Chalk White,Size,L,TWESSIE_JP_BT_0404-Chalk White-L,168.0,,10
twessie-jp-bt-0404,Architecture-Cut Chalk White Bikini Top,"<p>Crinkled Seersucker construction meets architectural precision in this bikini top. Designed for the intelligent, independent woman. The Chalk White colorway with Stone Gray accents creates a sophisticated palette. Pure anti-fashion statement elegance.</p>",Twessie,Bikini Top,"Crinkled Seersucker bikini, minimalist luxury, luxury Chalk White swimwear, minimalist bikini top, high-end swimwear",TRUE,Color,Chalk White,Size,XL,TWESSIE_JP_BT_0404-Chalk White-XL,168.0,,10
twessie-jp-bt-0404,Architecture-Cut Chalk White Bikini Top,"<p>Crinkled Seersucker construction meets architectural precision in this bikini top. Designed for the intelligent, independent woman. The Chalk White colorway with Stone Gray accents creates a sophisticated palette. Pure anti-fashion statement elegance.</p>",Twessie,Bikini Top,"Crinkled Seersucker bikini, minimalist luxury, luxury Chalk White swimwear, minimalist bikini top, high-end swimwear",TRUE,Color,Chalk White,Size,XXL,TWESSIE_JP_BT_0404-Chalk White-XXL,168.0,,10
twessie-jp-bt-0404,Architecture-Cut Chalk White Bikini Top,"<p>Crinkled Seersucker construction meets architectural precision in this bikini top. Designed for the intelligent, independent woman. The Chalk White colorway with Stone Gray accents creates a sophisticated palette. Pure anti-fashion statement elegance.</p>",Twessie,Bikini Top,"Crinkled Seersucker bikini, minimalist luxury, luxury Chalk White swimwear, minimalist bikini top, high-end swimwear",TRUE,Color,Stone Gray,Size,XS,TWESSIE_JP_BT_0404-Stone Gray-XS,168.0,,10
twessie-jp-bt-0404,Architecture-Cut Chalk White Bikini Top,"<p>Crinkled Seersucker construction meets architectural precision in this bikini top. Designed for the intelligent, independent woman. The Chalk White colorway with Stone Gray accents creates a sophisticated palette. Pure anti-fashion statement elegance.</p>",Twessie,Bikini Top,"Crinkled Seersucker bikini, minimalist luxury, luxury Chalk White swimwear, minimalist bikini top, high-end swimwear",TRUE,Color,Stone Gray,Size,S,TWESSIE_JP_BT_0404-Stone Gray-S,168.0,,10
twessie-jp-bt-0404,Architecture-Cut Chalk White Bikini Top,"<p>Crinkled Seersucker construction meets architectural precision in this bikini top. Designed for the intelligent, independent woman. The Chalk White colorway with Stone Gray accents creates a sophisticated palette. Pure anti-fashion statement elegance.</p>",Twessie,Bikini Top,"Crinkled Seersucker bikini, minimalist luxury, luxury Chalk White swimwear, minimalist bikini top, high-end swimwear",TRUE,Color,Stone Gray,Size,M,TWESSIE_JP_BT_0404-Stone Gray-M,168.0,,10
twessie-jp-bt-0404,Architecture-Cut Chalk White Bikini Top,"<p>Crinkled Seersucker construction meets architectural precision in this bikini top. Designed for the intelligent, independent woman. The Chalk White colorway with Stone Gray accents creates a sophisticated palette. Pure anti-fashion statement elegance.</p>",Twessie,Bikini Top,"Crinkled Seersucker bikini, minimalist luxury, luxury Chalk White swimwear, minimalist bikini top, high-end swimwear",TRUE,Color,Stone Gray,Size,L,TWESSIE_JP_BT_0404-Stone Gray-L,168.0,,10
twessie-jp-bt-0404,Architecture-Cut Chalk White Bikini Top,"<p>Crinkled Seersucker construction meets architectural precision in this bikini top. Designed for the intelligent, independent woman. The Chalk White colorway with Stone Gray accents creates a sophisticated palette. Pure anti-fashion statement elegance.</p>",Twessie,Bikini Top,"Crinkled Seersucker bikini, minimalist luxury, luxury Chalk White swimwear, minimalist bikini top, high-end swimwear",TRUE,Color,Stone Gray,Size,XL,TWESSIE_JP_BT_0404-Stone Gray-XL,168.0,,10
twessie-jp-bt-0404,Architecture-Cut Chalk White Bikini Top,"<p>Crinkled Seersucker construction meets architectural precision in this bikini top. Designed for the intelligent, independent woman. The Chalk White colorway with Stone Gray accents creates a sophisticated palette. Pure anti-fashion statement elegance.</p>",Twessie,Bikini Top,"Crinkled Seersucker bikini, minimalist luxury, luxury Chalk White swimwear, minimalist bikini top, high-end swimwear",TRUE,Color,Stone Gray,Size,XXL,TWESSIE_JP_BT_0404-Stone Gray-XXL,168.0,,10
twessie-au-bt-0405,Crinkled Seersucker High-Waist Bikini Top in Chalk White,<p>A statement piece in Crinkled Seersucker. This bikini top combines anti-fashion statement design with impeccable craftsmanship. Available in Chalk White with Stone Gray detailing. Not loud. Not obvious. Unmistakably Twessie.</p>,Twessie,Bikini Top,"independent fashion, luxury Chalk White swimwear, minimalist luxury, high-end swimwear, minimalist bikini top",TRUE,Color,Chalk White,Size,XS,TWESSIE_AU_BT_0405-Chalk White-XS,168.0,,10
twessie-au-bt-0405,Crinkled Seersucker High-Waist Bikini Top in Chalk White,<p>A statement piece in Crinkled Seersucker. This bikini top combines anti-fashion statement design with impeccable craftsmanship. Available in Chalk White with Stone Gray detailing. Not loud. Not obvious. Unmistakably Twessie.</p>,Twessie,Bikini Top,"independent fashion, luxury Chalk White swimwear, minimalist luxury, high-end swimwear, minimalist bikini top",TRUE,Color,Chalk White,Size,S,TWESSIE_AU_BT_0405-Chalk White-S,168.0,,10
twessie-au-bt-0405,Crinkled Seersucker High-Waist Bikini Top in Chalk White,<p>A statement piece in Crinkled Seersucker. This bikini top combines anti-fashion statement design with impeccable craftsmanship. Available in Chalk White with Stone Gray detailing. Not loud. Not obvious. Unmistakably Twessie.</p>,Twessie,Bikini Top,"independent fashion, luxury Chalk White swimwear, minimalist luxury, high-end swimwear, minimalist bikini top",TRUE,Color,Chalk White,Size,M,TWESSIE_AU_BT_0405-Chalk White-M,168.0,,10
twessie-au-bt-0405,Crinkled Seersucker High-Waist Bikini Top in Chalk White,<p>A statement piece in Crinkled Seersucker. This bikini top combines anti-fashion statement design with impeccable craftsmanship. Available in Chalk White with Stone Gray detailing. Not loud. Not obvious. Unmistakably Twessie.</p>,Twessie,Bikini Top,"independent fashion, luxury Chalk White swimwear, minimalist luxury, high-end swimwear, minimalist bikini top",TRUE,Color,Chalk White,Size,L,TWESSIE_AU_BT_0405-Chalk White-L,168.0,,10
twessie-au-bt-0405,Crinkled Seersucker High-Waist Bikini Top in Chalk White,<p>A statement piece in Crinkled Seersucker. This bikini top combines anti-fashion statement design with impeccable craftsmanship. Available in Chalk White with Stone Gray detailing. Not loud. Not obvious. Unmistakably Twessie.</p>,Twessie,Bikini Top,"independent fashion, luxury Chalk White swimwear, minimalist luxury, high-end swimwear, minimalist bikini top",TRUE,Color,Chalk White,Size,XL,TWESSIE_AU_BT_0405-Chalk White-XL,168.0,,10
twessie-au-bt-0405,Crinkled Seersucker High-Waist Bikini Top in Chalk White,<p>A statement piece in Crinkled Seersucker. This bikini top combines anti-fashion statement design with impeccable craftsmanship. Available in Chalk White with Stone Gray detailing. Not loud. Not obvious. Unmistakably Twessie.</p>,Twessie,Bikini Top,"independent fashion, luxury Chalk White swimwear, minimalist luxury, high-end swimwear, minimalist bikini top",TRUE,Color,Chalk White,Size,XXL,TWESSIE_AU_BT_0405-Chalk White-XXL,168.0,,10
twessie-au-bt-0405,Crinkled Seersucker High-Waist Bikini Top in Chalk White,<p>A statement piece in Crinkled Seersucker. This bikini top combines anti-fashion statement design with impeccable craftsmanship. Available in Chalk White with Stone Gray detailing. Not loud. Not obvious. Unmistakably Twessie.</p>,Twessie,Bikini Top,"independent fashion, luxury Chalk White swimwear, minimalist luxury, high-end swimwear, minimalist bikini top",TRUE,Color,Stone Gray,Size,XS,TWESSIE_AU_BT_0405-Stone Gray-XS,168.0,,10
twessie-au-bt-0405,Crinkled Seersucker High-Waist Bikini Top in Chalk White,<p>A statement piece in Crinkled Seersucker. This bikini top combines anti-fashion statement design with impeccable craftsmanship. Available in Chalk White with Stone Gray detailing. Not loud. Not obvious. Unmistakably Twessie.</p>,Twessie,Bikini Top,"independent fashion, luxury Chalk White swimwear, minimalist luxury, high-end swimwear, minimalist bikini top",TRUE,Color,Stone Gray,Size,S,TWESSIE_AU_BT_0405-Stone Gray-S,168.0,,10
twessie-au-bt-0405,Crinkled Seersucker High-Waist Bikini Top in Chalk White,<p>A statement piece in Crinkled Seersucker. This bikini top combines anti-fashion statement design with impeccable craftsmanship. Available in Chalk White with Stone Gray detailing. Not loud. Not obvious. Unmistakably Twessie.</p>,Twessie,Bikini Top,"independent fashion, luxury Chalk White swimwear, minimalist luxury, high-end swimwear, minimalist bikini top",TRUE,Color,Stone Gray,Size,M,TWESSIE_AU_BT_0405-Stone Gray-M,168.0,,10
twessie-au-bt-0405,Crinkled Seersucker High-Waist Bikini Top in Chalk White,<p>A statement piece in Crinkled Seersucker. This bikini top combines anti-fashion statement design with impeccable craftsmanship. Available in Chalk White with Stone Gray detailing. Not loud. Not obvious. Unmistakably Twessie.</p>,Twessie,Bikini Top,"independent fashion, luxury Chalk White swimwear, minimalist luxury, high-end swimwear, minimalist bikini top",TRUE,Color,Stone Gray,Size,L,TWESSIE_AU_BT_0405-Stone Gray-L,168.0,,10
twessie-au-bt-0405,Crinkled Seersucker High-Waist Bikini Top in Chalk White,<p>A statement piece in Crinkled Seersucker. This bikini top combines anti-fashion statement design with impeccable craftsmanship. Available in Chalk White with Stone Gray detailing. Not loud. Not obvious. Unmistakably Twessie.</p>,Twessie,Bikini Top,"independent fashion, luxury Chalk White swimwear, minimalist luxury, high-end swimwear, minimalist bikini top",TRUE,Color,Stone Gray,Size,XL,TWESSIE_AU_BT_0405-Stone Gray-XL,168.0,,10
twessie-au-bt-0405,Crinkled Seersucker High-Waist Bikini Top in Chalk White,<p>A statement piece in Crinkled Seersucker. This bikini top combines anti-fashion statement design with impeccable craftsmanship. Available in Chalk White with Stone Gray detailing. Not loud. Not obvious. Unmistakably Twessie.</p>,Twessie,Bikini Top,"independent fashion, luxury Chalk White swimwear, minimalist luxury, high-end swimwear, minimalist bikini top",TRUE,Color,Stone Gray,Size,XXL,TWESSIE_AU_BT_0405-Stone Gray-XXL,168.0,,10
twessie-eu-op-0406,Minimalist Matte Ribbed Knit One-Piece,<p>Crafted in premium Matte Ribbed Knit with Crinkled Seersucker accents. This one-piece epitomizes minimalist luxury luxury. Featuring color-blocking in Burnt Terracotta and Olive Drab. Perfect for the discerning swimmer who refuses the obvious.</p>,Twessie,One-Piece,"luxury Burnt Terracotta swimwear, high-end swimwear, minimalist luxury, minimalist one-piece, architectural swimsuit",TRUE,Color,Burnt Terracotta,Size,XS,TWESSIE_EU_OP_0406-Burnt Terracotta-XS,168.0,,10
twessie-eu-op-0406,Minimalist Matte Ribbed Knit One-Piece,<p>Crafted in premium Matte Ribbed Knit with Crinkled Seersucker accents. This one-piece epitomizes minimalist luxury luxury. Featuring color-blocking in Burnt Terracotta and Olive Drab. Perfect for the discerning swimmer who refuses the obvious.</p>,Twessie,One-Piece,"luxury Burnt Terracotta swimwear, high-end swimwear, minimalist luxury, minimalist one-piece, architectural swimsuit",TRUE,Color,Burnt Terracotta,Size,S,TWESSIE_EU_OP_0406-Burnt Terracotta-S,168.0,,10
twessie-eu-op-0406,Minimalist Matte Ribbed Knit One-Piece,<p>Crafted in premium Matte Ribbed Knit with Crinkled Seersucker accents. This one-piece epitomizes minimalist luxury luxury. Featuring color-blocking in Burnt Terracotta and Olive Drab. Perfect for the discerning swimmer who refuses the obvious.</p>,Twessie,One-Piece,"luxury Burnt Terracotta swimwear, high-end swimwear, minimalist luxury, minimalist one-piece, architectural swimsuit",TRUE,Color,Burnt Terracotta,Size,M,TWESSIE_EU_OP_0406-Burnt Terracotta-M,168.0,,10
twessie-eu-op-0406,Minimalist Matte Ribbed Knit One-Piece,<p>Crafted in premium Matte Ribbed Knit with Crinkled Seersucker accents. This one-piece epitomizes minimalist luxury luxury. Featuring color-blocking in Burnt Terracotta and Olive Drab. Perfect for the discerning swimmer who refuses the obvious.</p>,Twessie,One-Piece,"luxury Burnt Terracotta swimwear, high-end swimwear, minimalist luxury, minimalist one-piece, architectural swimsuit",TRUE,Color,Burnt Terracotta,Size,L,TWESSIE_EU_OP_0406-Burnt Terracotta-L,168.0,,10
twessie-eu-op-0406,Minimalist Matte Ribbed Knit One-Piece,<p>Crafted in premium Matte Ribbed Knit with Crinkled Seersucker accents. This one-piece epitomizes minimalist luxury luxury. Featuring color-blocking in Burnt Terracotta and Olive Drab. Perfect for the discerning swimmer who refuses the obvious.</p>,Twessie,One-Piece,"luxury Burnt Terracotta swimwear, high-end swimwear, minimalist luxury, minimalist one-piece, architectural swimsuit",TRUE,Color,Burnt Terracotta,Size,XL,TWESSIE_EU_OP_0406-Burnt Terracotta-XL,168.0,,10
twessie-eu-op-0406,Minimalist Matte Ribbed Knit One-Piece,<p>Crafted in premium Matte Ribbed Knit with Crinkled Seersucker accents. This one-piece epitomizes minimalist luxury luxury. Featuring color-blocking in Burnt Terracotta and Olive Drab. Perfect for the discerning swimmer who refuses the obvious.</p>,Twessie,One-Piece,"luxury Burnt Terracotta swimwear, high-end swimwear, minimalist luxury, minimalist one-piece, architectural swimsuit",TRUE,Color,Burnt Terracotta,Size,XXL,TWESSIE_EU_OP_0406-Burnt Terracotta-XXL,168.0,,10
twessie-eu-op-0406,Minimalist Matte Ribbed Knit One-Piece,<p>Crafted in premium Matte Ribbed Knit with Crinkled Seersucker accents. This one-piece epitomizes minimalist luxury luxury. Featuring color-blocking in Burnt Terracotta and Olive Drab. Perfect for the discerning swimmer who refuses the obvious.</p>,Twessie,One-Piece,"luxury Burnt Terracotta swimwear, high-end swimwear, minimalist luxury, minimalist one-piece, architectural swimsuit",TRUE,Color,Olive Drab,Size,XS,TWESSIE_EU_OP_0406-Olive Drab-XS,168.0,,10
twessie-eu-op-0406,Minimalist Matte Ribbed Knit One-Piece,<p>Crafted in premium Matte Ribbed Knit with Crinkled Seersucker accents. This one-piece epitomizes minimalist luxury luxury. Featuring color-blocking in Burnt Terracotta and Olive Drab. Perfect for the discerning swimmer who refuses the obvious.</p>,Twessie,One-Piece,"luxury Burnt Terracotta swimwear, high-end swimwear, minimalist luxury, minimalist one-piece, architectural swimsuit",TRUE,Color,Olive Drab,Size,S,TWESSIE_EU_OP_0406-Olive Drab-S,168.0,,10
twessie-eu-op-0406,Minimalist Matte Ribbed Knit One-Piece,<p>Crafted in premium Matte Ribbed Knit with Crinkled Seersucker accents. This one-piece epitomizes minimalist luxury luxury. Featuring color-blocking in Burnt Terracotta and Olive Drab. Perfect for the discerning swimmer who refuses the obvious.</p>,Twessie,One-Piece,"luxury Burnt Terracotta swimwear, high-end swimwear, minimalist luxury, minimalist one-piece, architectural swimsuit",TRUE,Color,Olive Drab,Size,M,TWESSIE_EU_OP_0406-Olive Drab-M,168.0,,10
twessie-eu-op-0406,Minimalist Matte Ribbed Knit One-Piece,<p>Crafted in premium Matte Ribbed Knit with Crinkled Seersucker accents. This one-piece epitomizes minimalist luxury luxury. Featuring color-blocking in Burnt Terracotta and Olive Drab. Perfect for the discerning swimmer who refuses the obvious.</p>,Twessie,One-Piece,"luxury Burnt Terracotta swimwear, high-end swimwear, minimalist luxury, minimalist one-piece, architectural swimsuit",TRUE,Color,Olive Drab,Size,L,TWESSIE_EU_OP_0406-Olive Drab-L,168.0,,10
twessie-eu-op-0406,Minimalist Matte Ribbed Knit One-Piece,<p>Crafted in premium Matte Ribbed Knit with Crinkled Seersucker accents. This one-piece epitomizes minimalist luxury luxury. Featuring color-blocking in Burnt Terracotta and Olive Drab. Perfect for the discerning swimmer who refuses the obvious.</p>,Twessie,One-Piece,"luxury Burnt Terracotta swimwear, high-end swimwear, minimalist luxury, minimalist one-piece, architectural swimsuit",TRUE,Color,Olive Drab,Size,XL,TWESSIE_EU_OP_0406-Olive Drab-XL,168.0,,10
twessie-eu-op-0406,Minimalist Matte Ribbed Knit One-Piece,<p>Crafted in premium Matte Ribbed Knit with Crinkled Seersucker accents. This one-piece epitomizes minimalist luxury luxury. Featuring color-blocking in Burnt Terracotta and Olive Drab. Perfect for the discerning swimmer who refuses the obvious.</p>,Twessie,One-Piece,"luxury Burnt Terracotta swimwear, high-end swimwear, minimalist luxury, minimalist one-piece, architectural swimsuit",TRUE,Color,Olive Drab,Size,XXL,TWESSIE_EU_OP_0406-Olive Drab-XXL,168.0,,10
twessie-na-bb-0407,Structural Matte Ribbed Knit Bikini Bottom,"<p>Matte Ribbed Knit construction meets architectural precision in this bikini bottom. Designed for the intelligent, independent woman. The Burnt Terracotta colorway with Olive Drab accents creates a sophisticated palette. Pure minimalist luxury elegance.</p>",Twessie,Bikini Bottom,"Matte Ribbed Knit bikini, minimalist bikini bottom, high-end swimwear, architectural swimsuit, independent fashion",TRUE,Color,Burnt Terracotta,Size,XS,TWESSIE_NA_BB_0407-Burnt Terracotta-XS,168.0,,10
twessie-na-bb-0407,Structural Matte Ribbed Knit Bikini Bottom,"<p>Matte Ribbed Knit construction meets architectural precision in this bikini bottom. Designed for the intelligent, independent woman. The Burnt Terracotta colorway with Olive Drab accents creates a sophisticated palette. Pure minimalist luxury elegance.</p>",Twessie,Bikini Bottom,"Matte Ribbed Knit bikini, minimalist bikini bottom, high-end swimwear, architectural swimsuit, independent fashion",TRUE,Color,Burnt Terracotta,Size,S,TWESSIE_NA_BB_0407-Burnt Terracotta-S,168.0,,10
twessie-na-bb-0407,Structural Matte Ribbed Knit Bikini Bottom,"<p>Matte Ribbed Knit construction meets architectural precision in this bikini bottom. Designed for the intelligent, independent woman. The Burnt Terracotta colorway with Olive Drab accents creates a sophisticated palette. Pure minimalist luxury elegance.</p>",Twessie,Bikini Bottom,"Matte Ribbed Knit bikini, minimalist bikini bottom, high-end swimwear, architectural swimsuit, independent fashion",TRUE,Color,Burnt Terracotta,Size,M,TWESSIE_NA_BB_0407-Burnt Terracotta-M,168.0,,10
twessie-na-bb-0407,Structural Matte Ribbed Knit Bikini Bottom,"<p>Matte Ribbed Knit construction meets architectural precision in this bikini bottom. Designed for the intelligent, independent woman. The Burnt Terracotta colorway with Olive Drab accents creates a sophisticated palette. Pure minimalist luxury elegance.</p>",Twessie,Bikini Bottom,"Matte Ribbed Knit bikini, minimalist bikini bottom, high-end swimwear, architectural swimsuit, independent fashion",TRUE,Color,Burnt Terracotta,Size,L,TWESSIE_NA_BB_0407-Burnt Terracotta-L,168.0,,10
twessie-na-bb-0407,Structural Matte Ribbed Knit Bikini Bottom,"<p>Matte Ribbed Knit construction meets architectural precision in this bikini bottom. Designed for the intelligent, independent woman. The Burnt Terracotta colorway with Olive Drab accents creates a sophisticated palette. Pure minimalist luxury elegance.</p>",Twessie,Bikini Bottom,"Matte Ribbed Knit bikini, minimalist bikini bottom, high-end swimwear, architectural swimsuit, independent fashion",TRUE,Color,Burnt Terracotta,Size,XL,TWESSIE_NA_BB_0407-Burnt Terracotta-XL,168.0,,10
twessie-na-bb-0407,Structural Matte Ribbed Knit Bikini Bottom,"<p>Matte Ribbed Knit construction meets architectural precision in this bikini bottom. Designed for the intelligent, independent woman. The Burnt Terracotta colorway with Olive Drab accents creates a sophisticated palette. Pure minimalist luxury elegance.</p>",Twessie,Bikini Bottom,"Matte Ribbed Knit bikini, minimalist bikini bottom, high-end swimwear, architectural swimsuit, independent fashion",TRUE,Color,Burnt Terracotta,Size,XXL,TWESSIE_NA_BB_0407-Burnt Terracotta-XXL,168.0,,10
twessie-na-bb-0407,Structural Matte Ribbed Knit Bikini Bottom,"<p>Matte Ribbed Knit construction meets architectural precision in this bikini bottom. Designed for the intelligent, independent woman. The Burnt Terracotta colorway with Olive Drab accents creates a sophisticated palette. Pure minimalist luxury elegance.</p>",Twessie,Bikini Bottom,"Matte Ribbed Knit bikini, minimalist bikini bottom, high-end swimwear, architectural swimsuit, independent fashion",TRUE,Color,Olive Drab,Size,XS,TWESSIE_NA_BB_0407-Olive Drab-XS,168.0,,10
twessie-na-bb-0407,Structural Matte Ribbed Knit Bikini Bottom,"<p>Matte Ribbed Knit construction meets architectural precision in this bikini bottom. Designed for the intelligent, independent woman. The Burnt Terracotta colorway with Olive Drab accents creates a sophisticated palette. Pure minimalist luxury elegance.</p>",Twessie,Bikini Bottom,"Matte Ribbed Knit bikini, minimalist bikini bottom, high-end swimwear, architectural swimsuit, independent fashion",TRUE,Color,Olive Drab,Size,S,TWESSIE_NA_BB_0407-Olive Drab-S,168.0,,10
twessie-na-bb-0407,Structural Matte Ribbed Knit Bikini Bottom,"<p>Matte Ribbed Knit construction meets architectural precision in this bikini bottom. Designed for the intelligent, independent woman. The Burnt Terracotta colorway with Olive Drab accents creates a sophisticated palette. Pure minimalist luxury elegance.</p>",Twessie,Bikini Bottom,"Matte Ribbed Knit bikini, minimalist bikini bottom, high-end swimwear, architectural swimsuit, independent fashion",TRUE,Color,Olive Drab,Size,M,TWESSIE_NA_BB_0407-Olive Drab-M,168.0,,10
twessie-na-bb-0407,Structural Matte Ribbed Knit Bikini Bottom,"<p>Matte Ribbed Knit construction meets architectural precision in this bikini bottom. Designed for the intelligent, independent woman. The Burnt Terracotta colorway with Olive Drab accents creates a sophisticated palette. Pure minimalist luxury elegance.</p>",Twessie,Bikini Bottom,"Matte Ribbed Knit bikini, minimalist bikini bottom, high-end swimwear, architectural swimsuit, independent fashion",TRUE,Color,Olive Drab,Size,L,TWESSIE_NA_BB_0407-Olive Drab-L,168.0,,10
twessie-na-bb-0407,Structural Matte Ribbed Knit Bikini Bottom,"<p>Matte Ribbed Knit construction meets architectural precision in this bikini bottom. Designed for the intelligent, independent woman. The Burnt Terracotta colorway with Olive Drab accents creates a sophisticated palette. Pure minimalist luxury elegance.</p>",Twessie,Bikini Bottom,"Matte Ribbed Knit bikini, minimalist bikini bottom, high-end swimwear, architectural swimsuit, independent fashion",TRUE,Color,Olive Drab,Size,XL,TWESSIE_NA_BB_0407-Olive Drab-XL,168.0,,10
twessie-na-bb-0407,Structural Matte Ribbed Knit Bikini Bottom,"<p>Matte Ribbed Knit construction meets architectural precision in this bikini bottom. Designed for the intelligent, independent woman. The Burnt Terracotta colorway with Olive Drab accents creates a sophisticated palette. Pure minimalist luxury elegance.</p>",Twessie,Bikini Bottom,"Matte Ribbed Knit bikini, minimalist bikini bottom, high-end swimwear, architectural swimsuit, independent fashion",TRUE,Color,Olive Drab,Size,XXL,TWESSIE_NA_BB_0407-Olive Drab-XXL,168.0,,10
twessie-au-bb-0408,High-Cut Stone Gray Bikini Brief,"<p>Crinkled Seersucker construction meets architectural precision in this bikini bottom. Designed for the intelligent, independent woman. The Stone Gray colorway with Chalk White accents creates a sophisticated palette. Pure architectural elegance elegance.</p>",Twessie,Bikini Bottom,"architectural swimsuit, independent fashion, luxury Stone Gray swimwear, minimalist luxury, high-end swimwear",TRUE,Color,Stone Gray,Size,XS,TWESSIE_AU_BB_0408-Stone Gray-XS,168.0,,10
twessie-au-bb-0408,High-Cut Stone Gray Bikini Brief,"<p>Crinkled Seersucker construction meets architectural precision in this bikini bottom. Designed for the intelligent, independent woman. The Stone Gray colorway with Chalk White accents creates a sophisticated palette. Pure architectural elegance elegance.</p>",Twessie,Bikini Bottom,"architectural swimsuit, independent fashion, luxury Stone Gray swimwear, minimalist luxury, high-end swimwear",TRUE,Color,Stone Gray,Size,S,TWESSIE_AU_BB_0408-Stone Gray-S,168.0,,10
twessie-au-bb-0408,High-Cut Stone Gray Bikini Brief,"<p>Crinkled Seersucker construction meets architectural precision in this bikini bottom. Designed for the intelligent, independent woman. The Stone Gray colorway with Chalk White accents creates a sophisticated palette. Pure architectural elegance elegance.</p>",Twessie,Bikini Bottom,"architectural swimsuit, independent fashion, luxury Stone Gray swimwear, minimalist luxury, high-end swimwear",TRUE,Color,Stone Gray,Size,M,TWESSIE_AU_BB_0408-Stone Gray-M,168.0,,10
twessie-au-bb-0408,High-Cut Stone Gray Bikini Brief,"<p>Crinkled Seersucker construction meets architectural precision in this bikini bottom. Designed for the intelligent, independent woman. The Stone Gray colorway with Chalk White accents creates a sophisticated palette. Pure architectural elegance elegance.</p>",Twessie,Bikini Bottom,"architectural swimsuit, independent fashion, luxury Stone Gray swimwear, minimalist luxury, high-end swimwear",TRUE,Color,Stone Gray,Size,L,TWESSIE_AU_BB_0408-Stone Gray-L,168.0,,10
twessie-au-bb-0408,High-Cut Stone Gray Bikini Brief,"<p>Crinkled Seersucker construction meets architectural precision in this bikini bottom. Designed for the intelligent, independent woman. The Stone Gray colorway with Chalk White accents creates a sophisticated palette. Pure architectural elegance elegance.</p>",Twessie,Bikini Bottom,"architectural swimsuit, independent fashion, luxury Stone Gray swimwear, minimalist luxury, high-end swimwear",TRUE,Color,Stone Gray,Size,XL,TWESSIE_AU_BB_0408-Stone Gray-XL,168.0,,10
twessie-au-bb-0408,High-Cut Stone Gray Bikini Brief,"<p>Crinkled Seersucker construction meets architectural precision in this bikini bottom. Designed for the intelligent, independent woman. The Stone Gray colorway with Chalk White accents creates a sophisticated palette. Pure architectural elegance elegance.</p>",Twessie,Bikini Bottom,"architectural swimsuit, independent fashion, luxury Stone Gray swimwear, minimalist luxury, high-end swimwear",TRUE,Color,Stone Gray,Size,XXL,TWESSIE_AU_BB_0408-Stone Gray-XXL,168.0,,10
twessie-au-bb-0408,High-Cut Stone Gray Bikini Brief,"<p>Crinkled Seersucker construction meets architectural precision in this bikini bottom. Designed for the intelligent, independent woman. The Stone Gray colorway with Chalk White accents creates a sophisticated palette. Pure architectural elegance elegance.</p>",Twessie,Bikini Bottom,"architectural swimsuit, independent fashion, luxury Stone Gray swimwear, minimalist luxury, high-end swimwear",TRUE,Color,Chalk White,Size,XS,TWESSIE_AU_BB_0408-Chalk White-XS,168.0,,10
twessie-au-bb-0408,High-Cut Stone Gray Bikini Brief,"<p>Crinkled Seersucker construction meets architectural precision in this bikini bottom. Designed for the intelligent, independent woman. The Stone Gray colorway with Chalk White accents creates a sophisticated palette. Pure architectural elegance elegance.</p>",Twessie,Bikini Bottom,"architectural swimsuit, independent fashion, luxury Stone Gray swimwear, minimalist luxury, high-end swimwear",TRUE,Color,Chalk White,Size,S,TWESSIE_AU_BB_0408-Chalk White-S,168.0,,10
twessie-au-bb-0408,High-Cut Stone Gray Bikini Brief,"<p>Crinkled Seersucker construction meets architectural precision in this bikini bottom. Designed for the intelligent, independent woman. The Stone Gray colorway with Chalk White accents creates a sophisticated palette. Pure architectural elegance elegance.</p>",Twessie,Bikini Bottom,"architectural swimsuit, independent fashion, luxury Stone Gray swimwear, minimalist luxury, high-end swimwear",TRUE,Color,Chalk White,Size,M,TWESSIE_AU_BB_0408-Chalk White-M,168.0,,10
twessie-au-bb-0408,High-Cut Stone Gray Bikini Brief,"<p>Crinkled Seersucker construction meets architectural precision in this bikini bottom. Designed for the intelligent, independent woman. The Stone Gray colorway with Chalk White accents creates a sophisticated palette. Pure architectural elegance elegance.</p>",Twessie,Bikini Bottom,"architectural swimsuit, independent fashion, luxury Stone Gray swimwear, minimalist luxury, high-end swimwear",TRUE,Color,Chalk White,Size,L,TWESSIE_AU_BB_0408-Chalk White-L,168.0,,10
twessie-au-bb-0408,High-Cut Stone Gray Bikini Brief,"<p>Crinkled Seersucker construction meets architectural precision in this bikini bottom. Designed for the intelligent, independent woman. The Stone Gray colorway with Chalk White accents creates a sophisticated palette. Pure architectural elegance elegance.</p>",Twessie,Bikini Bottom,"architectural swimsuit, independent fashion, luxury Stone Gray swimwear, minimalist luxury, high-end swimwear",TRUE,Color,Chalk White,Size,XL,TWESSIE_AU_BB_0408-Chalk White-XL,168.0,,10
twessie-au-bb-0408,High-Cut Stone Gray Bikini Brief,"<p>Crinkled Seersucker construction meets architectural precision in this bikini bottom. Designed for the intelligent, independent woman. The Stone Gray colorway with Chalk White accents creates a sophisticated palette. Pure architectural elegance elegance.</p>",Twessie,Bikini Bottom,"architectural swimsuit, independent fashion, luxury Stone Gray swimwear, minimalist luxury, high-end swimwear",TRUE,Color,Chalk White,Size,XXL,TWESSIE_AU_BB_0408-Chalk White-XXL,168.0,,10
twessie-na-bt-0409,Obsidian Black Sculptural Econyl Sleek Satin Bikini Top,<p>Crafted in premium Econyl Sleek Satin with Matte Ribbed Knit accents. This bikini top epitomizes intelligent aesthetic luxury. Featuring color-blocking in Obsidian Black and Olive Drab. Perfect for the discerning swimmer who refuses the obvious.</p>,Twessie,Bikini Top,"minimalist bikini top, architectural swimsuit, luxury Obsidian Black swimwear, Econyl Sleek Satin bikini, independent fashion",TRUE,Color,Obsidian Black,Size,XS,TWESSIE_NA_BT_0409-Obsidian Black-XS,168.0,,10
twessie-na-bt-0409,Obsidian Black Sculptural Econyl Sleek Satin Bikini Top,<p>Crafted in premium Econyl Sleek Satin with Matte Ribbed Knit accents. This bikini top epitomizes intelligent aesthetic luxury. Featuring color-blocking in Obsidian Black and Olive Drab. Perfect for the discerning swimmer who refuses the obvious.</p>,Twessie,Bikini Top,"minimalist bikini top, architectural swimsuit, luxury Obsidian Black swimwear, Econyl Sleek Satin bikini, independent fashion",TRUE,Color,Obsidian Black,Size,S,TWESSIE_NA_BT_0409-Obsidian Black-S,168.0,,10
twessie-na-bt-0409,Obsidian Black Sculptural Econyl Sleek Satin Bikini Top,<p>Crafted in premium Econyl Sleek Satin with Matte Ribbed Knit accents. This bikini top epitomizes intelligent aesthetic luxury. Featuring color-blocking in Obsidian Black and Olive Drab. Perfect for the discerning swimmer who refuses the obvious.</p>,Twessie,Bikini Top,"minimalist bikini top, architectural swimsuit, luxury Obsidian Black swimwear, Econyl Sleek Satin bikini, independent fashion",TRUE,Color,Obsidian Black,Size,M,TWESSIE_NA_BT_0409-Obsidian Black-M,168.0,,10
twessie-na-bt-0409,Obsidian Black Sculptural Econyl Sleek Satin Bikini Top,<p>Crafted in premium Econyl Sleek Satin with Matte Ribbed Knit accents. This bikini top epitomizes intelligent aesthetic luxury. Featuring color-blocking in Obsidian Black and Olive Drab. Perfect for the discerning swimmer who refuses the obvious.</p>,Twessie,Bikini Top,"minimalist bikini top, architectural swimsuit, luxury Obsidian Black swimwear, Econyl Sleek Satin bikini, independent fashion",TRUE,Color,Obsidian Black,Size,L,TWESSIE_NA_BT_0409-Obsidian Black-L,168.0,,10
twessie-na-bt-0409,Obsidian Black Sculptural Econyl Sleek Satin Bikini Top,<p>Crafted in premium Econyl Sleek Satin with Matte Ribbed Knit accents. This bikini top epitomizes intelligent aesthetic luxury. Featuring color-blocking in Obsidian Black and Olive Drab. Perfect for the discerning swimmer who refuses the obvious.</p>,Twessie,Bikini Top,"minimalist bikini top, architectural swimsuit, luxury Obsidian Black swimwear, Econyl Sleek Satin bikini, independent fashion",TRUE,Color,Obsidian Black,Size,XL,TWESSIE_NA_BT_0409-Obsidian Black-XL,168.0,,10
twessie-na-bt-0409,Obsidian Black Sculptural Econyl Sleek Satin Bikini Top,<p>Crafted in premium Econyl Sleek Satin with Matte Ribbed Knit accents. This bikini top epitomizes intelligent aesthetic luxury. Featuring color-blocking in Obsidian Black and Olive Drab. Perfect for the discerning swimmer who refuses the obvious.</p>,Twessie,Bikini Top,"minimalist bikini top, architectural swimsuit, luxury Obsidian Black swimwear, Econyl Sleek Satin bikini, independent fashion",TRUE,Color,Obsidian Black,Size,XXL,TWESSIE_NA_BT_0409-Obsidian Black-XXL,168.0,,10
twessie-na-bt-0409,Obsidian Black Sculptural Econyl Sleek Satin Bikini Top,<p>Crafted in premium Econyl Sleek Satin with Matte Ribbed Knit accents. This bikini top epitomizes intelligent aesthetic luxury. Featuring color-blocking in Obsidian Black and Olive Drab. Perfect for the discerning swimmer who refuses the obvious.</p>,Twessie,Bikini Top,"minimalist bikini top, architectural swimsuit, luxury Obsidian Black swimwear, Econyl Sleek Satin bikini, independent fashion",TRUE,Color,Olive Drab,Size,XS,TWESSIE_NA_BT_0409-Olive Drab-XS,168.0,,10
twessie-na-bt-0409,Obsidian Black Sculptural Econyl Sleek Satin Bikini Top,<p>Crafted in premium Econyl Sleek Satin with Matte Ribbed Knit accents. This bikini top epitomizes intelligent aesthetic luxury. Featuring color-blocking in Obsidian Black and Olive Drab. Perfect for the discerning swimmer who refuses the obvious.</p>,Twessie,Bikini Top,"minimalist bikini top, architectural swimsuit, luxury Obsidian Black swimwear, Econyl Sleek Satin bikini, independent fashion",TRUE,Color,Olive Drab,Size,S,TWESSIE_NA_BT_0409-Olive Drab-S,168.0,,10
twessie-na-bt-0409,Obsidian Black Sculptural Econyl Sleek Satin Bikini Top,<p>Crafted in premium Econyl Sleek Satin with Matte Ribbed Knit accents. This bikini top epitomizes intelligent aesthetic luxury. Featuring color-blocking in Obsidian Black and Olive Drab. Perfect for the discerning swimmer who refuses the obvious.</p>,Twessie,Bikini Top,"minimalist bikini top, architectural swimsuit, luxury Obsidian Black swimwear, Econyl Sleek Satin bikini, independent fashion",TRUE,Color,Olive Drab,Size,M,TWESSIE_NA_BT_0409-Olive Drab-M,168.0,,10
twessie-na-bt-0409,Obsidian Black Sculptural Econyl Sleek Satin Bikini Top,<p>Crafted in premium Econyl Sleek Satin with Matte Ribbed Knit accents. This bikini top epitomizes intelligent aesthetic luxury. Featuring color-blocking in Obsidian Black and Olive Drab. Perfect for the discerning swimmer who refuses the obvious.</p>,Twessie,Bikini Top,"minimalist bikini top, architectural swimsuit, luxury Obsidian Black swimwear, Econyl Sleek Satin bikini, independent fashion",TRUE,Color,Olive Drab,Size,L,TWESSIE_NA_BT_0409-Olive Drab-L,168.0,,10
twessie-na-bt-0409,Obsidian Black Sculptural Econyl Sleek Satin Bikini Top,<p>Crafted in premium Econyl Sleek Satin with Matte Ribbed Knit accents. This bikini top epitomizes intelligent aesthetic luxury. Featuring color-blocking in Obsidian Black and Olive Drab. Perfect for the discerning swimmer who refuses the obvious.</p>,Twessie,Bikini Top,"minimalist bikini top, architectural swimsuit, luxury Obsidian Black swimwear, Econyl Sleek Satin bikini, independent fashion",TRUE,Color,Olive Drab,Size,XL,TWESSIE_NA_BT_0409-Olive Drab-XL,168.0,,10
twessie-na-bt-0409,Obsidian Black Sculptural Econyl Sleek Satin Bikini Top,<p>Crafted in premium Econyl Sleek Satin with Matte Ribbed Knit accents. This bikini top epitomizes intelligent aesthetic luxury. Featuring color-blocking in Obsidian Black and Olive Drab. Perfect for the discerning swimmer who refuses the obvious.</p>,Twessie,Bikini Top,"minimalist bikini top, architectural swimsuit, luxury Obsidian Black swimwear, Econyl Sleek Satin bikini, independent fashion",TRUE,Color,Olive Drab,Size,XXL,TWESSIE_NA_BT_0409-Olive Drab-XXL,168.0,,10
twessie-au-bt-0410,Minimalist Obsidian Black Textured Bikini Top,<p>A statement piece in Econyl Sleek Satin. This bikini top combines architectural elegance design with impeccable craftsmanship. Available in Obsidian Black with Chalk White detailing. Not loud. Not obvious. Unmistakably Twessie.</p>,Twessie,Bikini Top,"high-end swimwear, luxury Obsidian Black swimwear, minimalist bikini top, architectural swimsuit, independent fashion",TRUE,Color,Obsidian Black,Size,XS,TWESSIE_AU_BT_0410-Obsidian Black-XS,168.0,,10
twessie-au-bt-0410,Minimalist Obsidian Black Textured Bikini Top,<p>A statement piece in Econyl Sleek Satin. This bikini top combines architectural elegance design with impeccable craftsmanship. Available in Obsidian Black with Chalk White detailing. Not loud. Not obvious. Unmistakably Twessie.</p>,Twessie,Bikini Top,"high-end swimwear, luxury Obsidian Black swimwear, minimalist bikini top, architectural swimsuit, independent fashion",TRUE,Color,Obsidian Black,Size,S,TWESSIE_AU_BT_0410-Obsidian Black-S,168.0,,10
twessie-au-bt-0410,Minimalist Obsidian Black Textured Bikini Top,<p>A statement piece in Econyl Sleek Satin. This bikini top combines architectural elegance design with impeccable craftsmanship. Available in Obsidian Black with Chalk White detailing. Not loud. Not obvious. Unmistakably Twessie.</p>,Twessie,Bikini Top,"high-end swimwear, luxury Obsidian Black swimwear, minimalist bikini top, architectural swimsuit, independent fashion",TRUE,Color,Obsidian Black,Size,M,TWESSIE_AU_BT_0410-Obsidian Black-M,168.0,,10
twessie-au-bt-0410,Minimalist Obsidian Black Textured Bikini Top,<p>A statement piece in Econyl Sleek Satin. This bikini top combines architectural elegance design with impeccable craftsmanship. Available in Obsidian Black with Chalk White detailing. Not loud. Not obvious. Unmistakably Twessie.</p>,Twessie,Bikini Top,"high-end swimwear, luxury Obsidian Black swimwear, minimalist bikini top, architectural swimsuit, independent fashion",TRUE,Color,Obsidian Black,Size,L,TWESSIE_AU_BT_0410-Obsidian Black-L,168.0,,10
twessie-au-bt-0410,Minimalist Obsidian Black Textured Bikini Top,<p>A statement piece in Econyl Sleek Satin. This bikini top combines architectural elegance design with impeccable craftsmanship. Available in Obsidian Black with Chalk White detailing. Not loud. Not obvious. Unmistakably Twessie.</p>,Twessie,Bikini Top,"high-end swimwear, luxury Obsidian Black swimwear, minimalist bikini top, architectural swimsuit, independent fashion",TRUE,Color,Obsidian Black,Size,XL,TWESSIE_AU_BT_0410-Obsidian Black-XL,168.0,,10
twessie-au-bt-0410,Minimalist Obsidian Black Textured Bikini Top,<p>A statement piece in Econyl Sleek Satin. This bikini top combines architectural elegance design with impeccable craftsmanship. Available in Obsidian Black with Chalk White detailing. Not loud. Not obvious. Unmistakably Twessie.</p>,Twessie,Bikini Top,"high-end swimwear, luxury Obsidian Black swimwear, minimalist bikini top, architectural swimsuit, independent fashion",TRUE,Color,Obsidian Black,Size,XXL,TWESSIE_AU_BT_0410-Obsidian Black-XXL,168.0,,10
twessie-au-bt-0410,Minimalist Obsidian Black Textured Bikini Top,<p>A statement piece in Econyl Sleek Satin. This bikini top combines architectural elegance design with impeccable craftsmanship. Available in Obsidian Black with Chalk White detailing. Not loud. Not obvious. Unmistakably Twessie.</p>,Twessie,Bikini Top,"high-end swimwear, luxury Obsidian Black swimwear, minimalist bikini top, architectural swimsuit, independent fashion",TRUE,Color,Chalk White,Size,XS,TWESSIE_AU_BT_0410-Chalk White-XS,168.0,,10
twessie-au-bt-0410,Minimalist Obsidian Black Textured Bikini Top,<p>A statement piece in Econyl Sleek Satin. This bikini top combines architectural elegance design with impeccable craftsmanship. Available in Obsidian Black with Chalk White detailing. Not loud. Not obvious. Unmistakably Twessie.</p>,Twessie,Bikini Top,"high-end swimwear, luxury Obsidian Black swimwear, minimalist bikini top, architectural swimsuit, independent fashion",TRUE,Color,Chalk White,Size,S,TWESSIE_AU_BT_0410-Chalk White-S,168.0,,10
twessie-au-bt-0410,Minimalist Obsidian Black Textured Bikini Top,<p>A statement piece in Econyl Sleek Satin. This bikini top combines architectural elegance design with impeccable craftsmanship. Available in Obsidian Black with Chalk White detailing. Not loud. Not obvious. Unmistakably Twessie.</p>,Twessie,Bikini Top,"high-end swimwear, luxury Obsidian Black swimwear, minimalist bikini top, architectural swimsuit, independent fashion",TRUE,Color,Chalk White,Size,M,TWESSIE_AU_BT_0410-Chalk White-M,168.0,,10
twessie-au-bt-0410,Minimalist Obsidian Black Textured Bikini Top,<p>A statement piece in Econyl Sleek Satin. This bikini top combines architectural elegance design with impeccable craftsmanship. Available in Obsidian Black with Chalk White detailing. Not loud. Not obvious. Unmistakably Twessie.</p>,Twessie,Bikini Top,"high-end swimwear, luxury Obsidian Black swimwear, minimalist bikini top, architectural swimsuit, independent fashion",TRUE,Color,Chalk White,Size,L,TWESSIE_AU_BT_0410-Chalk White-L,168.0,,10
twessie-au-bt-0410,Minimalist Obsidian Black Textured Bikini Top,<p>A statement piece in Econyl Sleek Satin. This bikini top combines architectural elegance design with impeccable craftsmanship. Available in Obsidian Black with Chalk White detailing. Not loud. Not obvious. Unmistakably Twessie.</p>,Twessie,Bikini Top,"high-end swimwear, luxury Obsidian Black swimwear, minimalist bikini top, architectural swimsuit, independent fashion",TRUE,Color,Chalk White,Size,XL,TWESSIE_AU_BT_0410-Chalk White-XL,168.0,,10
twessie-au-bt-0410,Minimalist Obsidian Black Textured Bikini Top,<p>A statement piece in Econyl Sleek Satin. This bikini top combines architectural elegance design with impeccable craftsmanship. Available in Obsidian Black with Chalk White detailing. Not loud. Not obvious. Unmistakably Twessie.</p>,Twessie,Bikini Top,"high-end swimwear, luxury Obsidian Black swimwear, minimalist bikini top, architectural swimsuit, independent fashion",TRUE,Color,Chalk White,Size,XXL,TWESSIE_AU_BT_0410-Chalk White-XXL,168.0,,10
twessie-sg-bt-0501,Olive Drab Sculptural Matte Ribbed Knit Bikini Top,<p>A statement piece in Matte Ribbed Knit. This bikini top combines intelligent aesthetic design with impeccable craftsmanship. Available in Olive Drab with Burnt Terracotta detailing. Not loud. Not obvious. Unmistakably Twessie.</p>,Twessie,Bikini Top,"independent fashion, minimalist bikini top, luxury Olive Drab swimwear, Matte Ribbed Knit bikini, architectural swimsuit",TRUE,Color,Olive Drab,Size,XS,TWESSIE_SG_BT_0501-Olive Drab-XS,168.0,,10
twessie-sg-bt-0501,Olive Drab Sculptural Matte Ribbed Knit Bikini Top,<p>A statement piece in Matte Ribbed Knit. This bikini top combines intelligent aesthetic design with impeccable craftsmanship. Available in Olive Drab with Burnt Terracotta detailing. Not loud. Not obvious. Unmistakably Twessie.</p>,Twessie,Bikini Top,"independent fashion, minimalist bikini top, luxury Olive Drab swimwear, Matte Ribbed Knit bikini, architectural swimsuit",TRUE,Color,Olive Drab,Size,S,TWESSIE_SG_BT_0501-Olive Drab-S,168.0,,10
twessie-sg-bt-0501,Olive Drab Sculptural Matte Ribbed Knit Bikini Top,<p>A statement piece in Matte Ribbed Knit. This bikini top combines intelligent aesthetic design with impeccable craftsmanship. Available in Olive Drab with Burnt Terracotta detailing. Not loud. Not obvious. Unmistakably Twessie.</p>,Twessie,Bikini Top,"independent fashion, minimalist bikini top, luxury Olive Drab swimwear, Matte Ribbed Knit bikini, architectural swimsuit",TRUE,Color,Olive Drab,Size,M,TWESSIE_SG_BT_0501-Olive Drab-M,168.0,,10
twessie-sg-bt-0501,Olive Drab Sculptural Matte Ribbed Knit Bikini Top,<p>A statement piece in Matte Ribbed Knit. This bikini top combines intelligent aesthetic design with impeccable craftsmanship. Available in Olive Drab with Burnt Terracotta detailing. Not loud. Not obvious. Unmistakably Twessie.</p>,Twessie,Bikini Top,"independent fashion, minimalist bikini top, luxury Olive Drab swimwear, Matte Ribbed Knit bikini, architectural swimsuit",TRUE,Color,Olive Drab,Size,L,TWESSIE_SG_BT_0501-Olive Drab-L,168.0,,10
twessie-sg-bt-0501,Olive Drab Sculptural Matte Ribbed Knit Bikini Top,<p>A statement piece in Matte Ribbed Knit. This bikini top combines intelligent aesthetic design with impeccable craftsmanship. Available in Olive Drab with Burnt Terracotta detailing. Not loud. Not obvious. Unmistakably Twessie.</p>,Twessie,Bikini Top,"independent fashion, minimalist bikini top, luxury Olive Drab swimwear, Matte Ribbed Knit bikini, architectural swimsuit",TRUE,Color,Olive Drab,Size,XL,TWESSIE_SG_BT_0501-Olive Drab-XL,168.0,,10
twessie-sg-bt-0501,Olive Drab Sculptural Matte Ribbed Knit Bikini Top,<p>A statement piece in Matte Ribbed Knit. This bikini top combines intelligent aesthetic design with impeccable craftsmanship. Available in Olive Drab with Burnt Terracotta detailing. Not loud. Not obvious. Unmistakably Twessie.</p>,Twessie,Bikini Top,"independent fashion, minimalist bikini top, luxury Olive Drab swimwear, Matte Ribbed Knit bikini, architectural swimsuit",TRUE,Color,Olive Drab,Size,XXL,TWESSIE_SG_BT_0501-Olive Drab-XXL,168.0,,10
twessie-sg-bt-0501,Olive Drab Sculptural Matte Ribbed Knit Bikini Top,<p>A statement piece in Matte Ribbed Knit. This bikini top combines intelligent aesthetic design with impeccable craftsmanship. Available in Olive Drab with Burnt Terracotta detailing. Not loud. Not obvious. Unmistakably Twessie.</p>,Twessie,Bikini Top,"independent fashion, minimalist bikini top, luxury Olive Drab swimwear, Matte Ribbed Knit bikini, architectural swimsuit",TRUE,Color,Burnt Terracotta,Size,XS,TWESSIE_SG_BT_0501-Burnt Terracotta-XS,168.0,,10
twessie-sg-bt-0501,Olive Drab Sculptural Matte Ribbed Knit Bikini Top,<p>A statement piece in Matte Ribbed Knit. This bikini top combines intelligent aesthetic design with impeccable craftsmanship. Available in Olive Drab with Burnt Terracotta detailing. Not loud. Not obvious. Unmistakably Twessie.</p>,Twessie,Bikini Top,"independent fashion, minimalist bikini top, luxury Olive Drab swimwear, Matte Ribbed Knit bikini, architectural swimsuit",TRUE,Color,Burnt Terracotta,Size,S,TWESSIE_SG_BT_0501-Burnt Terracotta-S,168.0,,10
twessie-sg-bt-0501,Olive Drab Sculptural Matte Ribbed Knit Bikini Top,<p>A statement piece in Matte Ribbed Knit. This bikini top combines intelligent aesthetic design with impeccable craftsmanship. Available in Olive Drab with Burnt Terracotta detailing. Not loud. Not obvious. Unmistakably Twessie.</p>,Twessie,Bikini Top,"independent fashion, minimalist bikini top, luxury Olive Drab swimwear, Matte Ribbed Knit bikini, architectural swimsuit",TRUE,Color,Burnt Terracotta,Size,M,TWESSIE_SG_BT_0501-Burnt Terracotta-M,168.0,,10
twessie-sg-bt-0501,Olive Drab Sculptural Matte Ribbed Knit Bikini Top,<p>A statement piece in Matte Ribbed Knit. This bikini top combines intelligent aesthetic design with impeccable craftsmanship. Available in Olive Drab with Burnt Terracotta detailing. Not loud. Not obvious. Unmistakably Twessie.</p>,Twessie,Bikini Top,"independent fashion, minimalist bikini top, luxury Olive Drab swimwear, Matte Ribbed Knit bikini, architectural swimsuit",TRUE,Color,Burnt Terracotta,Size,L,TWESSIE_SG_BT_0501-Burnt Terracotta-L,168.0,,10
twessie-sg-bt-0501,Olive Drab Sculptural Matte Ribbed Knit Bikini Top,<p>A statement piece in Matte Ribbed Knit. This bikini top combines intelligent aesthetic design with impeccable craftsmanship. Available in Olive Drab with Burnt Terracotta detailing. Not loud. Not obvious. Unmistakably Twessie.</p>,Twessie,Bikini Top,"independent fashion, minimalist bikini top, luxury Olive Drab swimwear, Matte Ribbed Knit bikini, architectural swimsuit",TRUE,Color,Burnt Terracotta,Size,XL,TWESSIE_SG_BT_0501-Burnt Terracotta-XL,168.0,,10
twessie-sg-bt-0501,Olive Drab Sculptural Matte Ribbed Knit Bikini Top,<p>A statement piece in Matte Ribbed Knit. This bikini top combines intelligent aesthetic design with impeccable craftsmanship. Available in Olive Drab with Burnt Terracotta detailing. Not loud. Not obvious. Unmistakably Twessie.</p>,Twessie,Bikini Top,"independent fashion, minimalist bikini top, luxury Olive Drab swimwear, Matte Ribbed Knit bikini, architectural swimsuit",TRUE,Color,Burnt Terracotta,Size,XXL,TWESSIE_SG_BT_0501-Burnt Terracotta-XXL,168.0,,10
twessie-sg-bt-0502,Architecture-Cut Chalk White Bikini Top,<p>A statement piece in Crinkled Seersucker. This bikini top combines architectural elegance design with impeccable craftsmanship. Available in Chalk White with Stone Gray detailing. Not loud. Not obvious. Unmistakably Twessie.</p>,Twessie,Bikini Top,"minimalist bikini top, architectural swimsuit, high-end swimwear, independent fashion, Crinkled Seersucker bikini",TRUE,Color,Chalk White,Size,XS,TWESSIE_SG_BT_0502-Chalk White-XS,168.0,,10
twessie-sg-bt-0502,Architecture-Cut Chalk White Bikini Top,<p>A statement piece in Crinkled Seersucker. This bikini top combines architectural elegance design with impeccable craftsmanship. Available in Chalk White with Stone Gray detailing. Not loud. Not obvious. Unmistakably Twessie.</p>,Twessie,Bikini Top,"minimalist bikini top, architectural swimsuit, high-end swimwear, independent fashion, Crinkled Seersucker bikini",TRUE,Color,Chalk White,Size,S,TWESSIE_SG_BT_0502-Chalk White-S,168.0,,10
twessie-sg-bt-0502,Architecture-Cut Chalk White Bikini Top,<p>A statement piece in Crinkled Seersucker. This bikini top combines architectural elegance design with impeccable craftsmanship. Available in Chalk White with Stone Gray detailing. Not loud. Not obvious. Unmistakably Twessie.</p>,Twessie,Bikini Top,"minimalist bikini top, architectural swimsuit, high-end swimwear, independent fashion, Crinkled Seersucker bikini",TRUE,Color,Chalk White,Size,M,TWESSIE_SG_BT_0502-Chalk White-M,168.0,,10
twessie-sg-bt-0502,Architecture-Cut Chalk White Bikini Top,<p>A statement piece in Crinkled Seersucker. This bikini top combines architectural elegance design with impeccable craftsmanship. Available in Chalk White with Stone Gray detailing. Not loud. Not obvious. Unmistakably Twessie.</p>,Twessie,Bikini Top,"minimalist bikini top, architectural swimsuit, high-end swimwear, independent fashion, Crinkled Seersucker bikini",TRUE,Color,Chalk White,Size,L,TWESSIE_SG_BT_0502-Chalk White-L,168.0,,10
twessie-sg-bt-0502,Architecture-Cut Chalk White Bikini Top,<p>A statement piece in Crinkled Seersucker. This bikini top combines architectural elegance design with impeccable craftsmanship. Available in Chalk White with Stone Gray detailing. Not loud. Not obvious. Unmistakably Twessie.</p>,Twessie,Bikini Top,"minimalist bikini top, architectural swimsuit, high-end swimwear, independent fashion, Crinkled Seersucker bikini",TRUE,Color,Chalk White,Size,XL,TWESSIE_SG_BT_0502-Chalk White-XL,168.0,,10
twessie-sg-bt-0502,Architecture-Cut Chalk White Bikini Top,<p>A statement piece in Crinkled Seersucker. This bikini top combines architectural elegance design with impeccable craftsmanship. Available in Chalk White with Stone Gray detailing. Not loud. Not obvious. Unmistakably Twessie.</p>,Twessie,Bikini Top,"minimalist bikini top, architectural swimsuit, high-end swimwear, independent fashion, Crinkled Seersucker bikini",TRUE,Color,Chalk White,Size,XXL,TWESSIE_SG_BT_0502-Chalk White-XXL,168.0,,10
twessie-sg-bt-0502,Architecture-Cut Chalk White Bikini Top,<p>A statement piece in Crinkled Seersucker. This bikini top combines architectural elegance design with impeccable craftsmanship. Available in Chalk White with Stone Gray detailing. Not loud. Not obvious. Unmistakably Twessie.</p>,Twessie,Bikini Top,"minimalist bikini top, architectural swimsuit, high-end swimwear, independent fashion, Crinkled Seersucker bikini",TRUE,Color,Stone Gray,Size,XS,TWESSIE_SG_BT_0502-Stone Gray-XS,168.0,,10
twessie-sg-bt-0502,Architecture-Cut Chalk White Bikini Top,<p>A statement piece in Crinkled Seersucker. This bikini top combines architectural elegance design with impeccable craftsmanship. Available in Chalk White with Stone Gray detailing. Not loud. Not obvious. Unmistakably Twessie.</p>,Twessie,Bikini Top,"minimalist bikini top, architectural swimsuit, high-end swimwear, independent fashion, Crinkled Seersucker bikini",TRUE,Color,Stone Gray,Size,S,TWESSIE_SG_BT_0502-Stone Gray-S,168.0,,10
twessie-sg-bt-0502,Architecture-Cut Chalk White Bikini Top,<p>A statement piece in Crinkled Seersucker. This bikini top combines architectural elegance design with impeccable craftsmanship. Available in Chalk White with Stone Gray detailing. Not loud. Not obvious. Unmistakably Twessie.</p>,Twessie,Bikini Top,"minimalist bikini top, architectural swimsuit, high-end swimwear, independent fashion, Crinkled Seersucker bikini",TRUE,Color,Stone Gray,Size,M,TWESSIE_SG_BT_0502-Stone Gray-M,168.0,,10
twessie-sg-bt-0502,Architecture-Cut Chalk White Bikini Top,<p>A statement piece in Crinkled Seersucker. This bikini top combines architectural elegance design with impeccable craftsmanship. Available in Chalk White with Stone Gray detailing. Not loud. Not obvious. Unmistakably Twessie.</p>,Twessie,Bikini Top,"minimalist bikini top, architectural swimsuit, high-end swimwear, independent fashion, Crinkled Seersucker bikini",TRUE,Color,Stone Gray,Size,L,TWESSIE_SG_BT_0502-Stone Gray-L,168.0,,10
twessie-sg-bt-0502,Architecture-Cut Chalk White Bikini Top,<p>A statement piece in Crinkled Seersucker. This bikini top combines architectural elegance design with impeccable craftsmanship. Available in Chalk White with Stone Gray detailing. Not loud. Not obvious. Unmistakably Twessie.</p>,Twessie,Bikini Top,"minimalist bikini top, architectural swimsuit, high-end swimwear, independent fashion, Crinkled Seersucker bikini",TRUE,Color,Stone Gray,Size,XL,TWESSIE_SG_BT_0502-Stone Gray-XL,168.0,,10
twessie-sg-bt-0502,Architecture-Cut Chalk White Bikini Top,<p>A statement piece in Crinkled Seersucker. This bikini top combines architectural elegance design with impeccable craftsmanship. Available in Chalk White with Stone Gray detailing. Not loud. Not obvious. Unmistakably Twessie.</p>,Twessie,Bikini Top,"minimalist bikini top, architectural swimsuit, high-end swimwear, independent fashion, Crinkled Seersucker bikini",TRUE,Color,Stone Gray,Size,XXL,TWESSIE_SG_BT_0502-Stone Gray-XXL,168.0,,10
twessie-na-op-0503,Minimalist Matte Ribbed Knit One-Piece,"<p>Matte Ribbed Knit construction meets architectural precision in this one-piece. Designed for the intelligent, independent woman. The Burnt Terracotta colorway with Olive Drab accents creates a sophisticated palette. Pure intelligent aesthetic elegance.</p>",Twessie,One-Piece,"architectural swimsuit, Matte Ribbed Knit bikini, high-end swimwear, luxury Burnt Terracotta swimwear, minimalist luxury",TRUE,Color,Burnt Terracotta,Size,XS,TWESSIE_NA_OP_0503-Burnt Terracotta-XS,168.0,,10
twessie-na-op-0503,Minimalist Matte Ribbed Knit One-Piece,"<p>Matte Ribbed Knit construction meets architectural precision in this one-piece. Designed for the intelligent, independent woman. The Burnt Terracotta colorway with Olive Drab accents creates a sophisticated palette. Pure intelligent aesthetic elegance.</p>",Twessie,One-Piece,"architectural swimsuit, Matte Ribbed Knit bikini, high-end swimwear, luxury Burnt Terracotta swimwear, minimalist luxury",TRUE,Color,Burnt Terracotta,Size,S,TWESSIE_NA_OP_0503-Burnt Terracotta-S,168.0,,10
twessie-na-op-0503,Minimalist Matte Ribbed Knit One-Piece,"<p>Matte Ribbed Knit construction meets architectural precision in this one-piece. Designed for the intelligent, independent woman. The Burnt Terracotta colorway with Olive Drab accents creates a sophisticated palette. Pure intelligent aesthetic elegance.</p>",Twessie,One-Piece,"architectural swimsuit, Matte Ribbed Knit bikini, high-end swimwear, luxury Burnt Terracotta swimwear, minimalist luxury",TRUE,Color,Burnt Terracotta,Size,M,TWESSIE_NA_OP_0503-Burnt Terracotta-M,168.0,,10
twessie-na-op-0503,Minimalist Matte Ribbed Knit One-Piece,"<p>Matte Ribbed Knit construction meets architectural precision in this one-piece. Designed for the intelligent, independent woman. The Burnt Terracotta colorway with Olive Drab accents creates a sophisticated palette. Pure intelligent aesthetic elegance.</p>",Twessie,One-Piece,"architectural swimsuit, Matte Ribbed Knit bikini, high-end swimwear, luxury Burnt Terracotta swimwear, minimalist luxury",TRUE,Color,Burnt Terracotta,Size,L,TWESSIE_NA_OP_0503-Burnt Terracotta-L,168.0,,10
twessie-na-op-0503,Minimalist Matte Ribbed Knit One-Piece,"<p>Matte Ribbed Knit construction meets architectural precision in this one-piece. Designed for the intelligent, independent woman. The Burnt Terracotta colorway with Olive Drab accents creates a sophisticated palette. Pure intelligent aesthetic elegance.</p>",Twessie,One-Piece,"architectural swimsuit, Matte Ribbed Knit bikini, high-end swimwear, luxury Burnt Terracotta swimwear, minimalist luxury",TRUE,Color,Burnt Terracotta,Size,XL,TWESSIE_NA_OP_0503-Burnt Terracotta-XL,168.0,,10
twessie-na-op-0503,Minimalist Matte Ribbed Knit One-Piece,"<p>Matte Ribbed Knit construction meets architectural precision in this one-piece. Designed for the intelligent, independent woman. The Burnt Terracotta colorway with Olive Drab accents creates a sophisticated palette. Pure intelligent aesthetic elegance.</p>",Twessie,One-Piece,"architectural swimsuit, Matte Ribbed Knit bikini, high-end swimwear, luxury Burnt Terracotta swimwear, minimalist luxury",TRUE,Color,Burnt Terracotta,Size,XXL,TWESSIE_NA_OP_0503-Burnt Terracotta-XXL,168.0,,10
twessie-na-op-0503,Minimalist Matte Ribbed Knit One-Piece,"<p>Matte Ribbed Knit construction meets architectural precision in this one-piece. Designed for the intelligent, independent woman. The Burnt Terracotta colorway with Olive Drab accents creates a sophisticated palette. Pure intelligent aesthetic elegance.</p>",Twessie,One-Piece,"architectural swimsuit, Matte Ribbed Knit bikini, high-end swimwear, luxury Burnt Terracotta swimwear, minimalist luxury",TRUE,Color,Olive Drab,Size,XS,TWESSIE_NA_OP_0503-Olive Drab-XS,168.0,,10
twessie-na-op-0503,Minimalist Matte Ribbed Knit One-Piece,"<p>Matte Ribbed Knit construction meets architectural precision in this one-piece. Designed for the intelligent, independent woman. The Burnt Terracotta colorway with Olive Drab accents creates a sophisticated palette. Pure intelligent aesthetic elegance.</p>",Twessie,One-Piece,"architectural swimsuit, Matte Ribbed Knit bikini, high-end swimwear, luxury Burnt Terracotta swimwear, minimalist luxury",TRUE,Color,Olive Drab,Size,S,TWESSIE_NA_OP_0503-Olive Drab-S,168.0,,10
twessie-na-op-0503,Minimalist Matte Ribbed Knit One-Piece,"<p>Matte Ribbed Knit construction meets architectural precision in this one-piece. Designed for the intelligent, independent woman. The Burnt Terracotta colorway with Olive Drab accents creates a sophisticated palette. Pure intelligent aesthetic elegance.</p>",Twessie,One-Piece,"architectural swimsuit, Matte Ribbed Knit bikini, high-end swimwear, luxury Burnt Terracotta swimwear, minimalist luxury",TRUE,Color,Olive Drab,Size,M,TWESSIE_NA_OP_0503-Olive Drab-M,168.0,,10
twessie-na-op-0503,Minimalist Matte Ribbed Knit One-Piece,"<p>Matte Ribbed Knit construction meets architectural precision in this one-piece. Designed for the intelligent, independent woman. The Burnt Terracotta colorway with Olive Drab accents creates a sophisticated palette. Pure intelligent aesthetic elegance.</p>",Twessie,One-Piece,"architectural swimsuit, Matte Ribbed Knit bikini, high-end swimwear, luxury Burnt Terracotta swimwear, minimalist luxury",TRUE,Color,Olive Drab,Size,L,TWESSIE_NA_OP_0503-Olive Drab-L,168.0,,10
twessie-na-op-0503,Minimalist Matte Ribbed Knit One-Piece,"<p>Matte Ribbed Knit construction meets architectural precision in this one-piece. Designed for the intelligent, independent woman. The Burnt Terracotta colorway with Olive Drab accents creates a sophisticated palette. Pure intelligent aesthetic elegance.</p>",Twessie,One-Piece,"architectural swimsuit, Matte Ribbed Knit bikini, high-end swimwear, luxury Burnt Terracotta swimwear, minimalist luxury",TRUE,Color,Olive Drab,Size,XL,TWESSIE_NA_OP_0503-Olive Drab-XL,168.0,,10
twessie-na-op-0503,Minimalist Matte Ribbed Knit One-Piece,"<p>Matte Ribbed Knit construction meets architectural precision in this one-piece. Designed for the intelligent, independent woman. The Burnt Terracotta colorway with Olive Drab accents creates a sophisticated palette. Pure intelligent aesthetic elegance.</p>",Twessie,One-Piece,"architectural swimsuit, Matte Ribbed Knit bikini, high-end swimwear, luxury Burnt Terracotta swimwear, minimalist luxury",TRUE,Color,Olive Drab,Size,XXL,TWESSIE_NA_OP_0503-Olive Drab-XXL,168.0,,10
twessie-eu-bt-0504,Architecture-Cut Stone Gray Bikini Top,"<p>Crinkled Seersucker construction meets architectural precision in this bikini top. Designed for the intelligent, independent woman. The Stone Gray colorway with Chalk White accents creates a sophisticated palette. Pure anti-fashion statement elegance.</p>",Twessie,Bikini Top,"high-end swimwear, independent fashion, minimalist bikini top, minimalist luxury, luxury Stone Gray swimwear",TRUE,Color,Stone Gray,Size,XS,TWESSIE_EU_BT_0504-Stone Gray-XS,168.0,,10
twessie-eu-bt-0504,Architecture-Cut Stone Gray Bikini Top,"<p>Crinkled Seersucker construction meets architectural precision in this bikini top. Designed for the intelligent, independent woman. The Stone Gray colorway with Chalk White accents creates a sophisticated palette. Pure anti-fashion statement elegance.</p>",Twessie,Bikini Top,"high-end swimwear, independent fashion, minimalist bikini top, minimalist luxury, luxury Stone Gray swimwear",TRUE,Color,Stone Gray,Size,S,TWESSIE_EU_BT_0504-Stone Gray-S,168.0,,10
twessie-eu-bt-0504,Architecture-Cut Stone Gray Bikini Top,"<p>Crinkled Seersucker construction meets architectural precision in this bikini top. Designed for the intelligent, independent woman. The Stone Gray colorway with Chalk White accents creates a sophisticated palette. Pure anti-fashion statement elegance.</p>",Twessie,Bikini Top,"high-end swimwear, independent fashion, minimalist bikini top, minimalist luxury, luxury Stone Gray swimwear",TRUE,Color,Stone Gray,Size,M,TWESSIE_EU_BT_0504-Stone Gray-M,168.0,,10
twessie-eu-bt-0504,Architecture-Cut Stone Gray Bikini Top,"<p>Crinkled Seersucker construction meets architectural precision in this bikini top. Designed for the intelligent, independent woman. The Stone Gray colorway with Chalk White accents creates a sophisticated palette. Pure anti-fashion statement elegance.</p>",Twessie,Bikini Top,"high-end swimwear, independent fashion, minimalist bikini top, minimalist luxury, luxury Stone Gray swimwear",TRUE,Color,Stone Gray,Size,L,TWESSIE_EU_BT_0504-Stone Gray-L,168.0,,10
twessie-eu-bt-0504,Architecture-Cut Stone Gray Bikini Top,"<p>Crinkled Seersucker construction meets architectural precision in this bikini top. Designed for the intelligent, independent woman. The Stone Gray colorway with Chalk White accents creates a sophisticated palette. Pure anti-fashion statement elegance.</p>",Twessie,Bikini Top,"high-end swimwear, independent fashion, minimalist bikini top, minimalist luxury, luxury Stone Gray swimwear",TRUE,Color,Stone Gray,Size,XL,TWESSIE_EU_BT_0504-Stone Gray-XL,168.0,,10
twessie-eu-bt-0504,Architecture-Cut Stone Gray Bikini Top,"<p>Crinkled Seersucker construction meets architectural precision in this bikini top. Designed for the intelligent, independent woman. The Stone Gray colorway with Chalk White accents creates a sophisticated palette. Pure anti-fashion statement elegance.</p>",Twessie,Bikini Top,"high-end swimwear, independent fashion, minimalist bikini top, minimalist luxury, luxury Stone Gray swimwear",TRUE,Color,Stone Gray,Size,XXL,TWESSIE_EU_BT_0504-Stone Gray-XXL,168.0,,10
twessie-eu-bt-0504,Architecture-Cut Stone Gray Bikini Top,"<p>Crinkled Seersucker construction meets architectural precision in this bikini top. Designed for the intelligent, independent woman. The Stone Gray colorway with Chalk White accents creates a sophisticated palette. Pure anti-fashion statement elegance.</p>",Twessie,Bikini Top,"high-end swimwear, independent fashion, minimalist bikini top, minimalist luxury, luxury Stone Gray swimwear",TRUE,Color,Chalk White,Size,XS,TWESSIE_EU_BT_0504-Chalk White-XS,168.0,,10
twessie-eu-bt-0504,Architecture-Cut Stone Gray Bikini Top,"<p>Crinkled Seersucker construction meets architectural precision in this bikini top. Designed for the intelligent, independent woman. The Stone Gray colorway with Chalk White accents creates a sophisticated palette. Pure anti-fashion statement elegance.</p>",Twessie,Bikini Top,"high-end swimwear, independent fashion, minimalist bikini top, minimalist luxury, luxury Stone Gray swimwear",TRUE,Color,Chalk White,Size,S,TWESSIE_EU_BT_0504-Chalk White-S,168.0,,10
twessie-eu-bt-0504,Architecture-Cut Stone Gray Bikini Top,"<p>Crinkled Seersucker construction meets architectural precision in this bikini top. Designed for the intelligent, independent woman. The Stone Gray colorway with Chalk White accents creates a sophisticated palette. Pure anti-fashion statement elegance.</p>",Twessie,Bikini Top,"high-end swimwear, independent fashion, minimalist bikini top, minimalist luxury, luxury Stone Gray swimwear",TRUE,Color,Chalk White,Size,M,TWESSIE_EU_BT_0504-Chalk White-M,168.0,,10
twessie-eu-bt-0504,Architecture-Cut Stone Gray Bikini Top,"<p>Crinkled Seersucker construction meets architectural precision in this bikini top. Designed for the intelligent, independent woman. The Stone Gray colorway with Chalk White accents creates a sophisticated palette. Pure anti-fashion statement elegance.</p>",Twessie,Bikini Top,"high-end swimwear, independent fashion, minimalist bikini top, minimalist luxury, luxury Stone Gray swimwear",TRUE,Color,Chalk White,Size,L,TWESSIE_EU_BT_0504-Chalk White-L,168.0,,10
twessie-eu-bt-0504,Architecture-Cut Stone Gray Bikini Top,"<p>Crinkled Seersucker construction meets architectural precision in this bikini top. Designed for the intelligent, independent woman. The Stone Gray colorway with Chalk White accents creates a sophisticated palette. Pure anti-fashion statement elegance.</p>",Twessie,Bikini Top,"high-end swimwear, independent fashion, minimalist bikini top, minimalist luxury, luxury Stone Gray swimwear",TRUE,Color,Chalk White,Size,XL,TWESSIE_EU_BT_0504-Chalk White-XL,168.0,,10
twessie-eu-bt-0504,Architecture-Cut Stone Gray Bikini Top,"<p>Crinkled Seersucker construction meets architectural precision in this bikini top. Designed for the intelligent, independent woman. The Stone Gray colorway with Chalk White accents creates a sophisticated palette. Pure anti-fashion statement elegance.</p>",Twessie,Bikini Top,"high-end swimwear, independent fashion, minimalist bikini top, minimalist luxury, luxury Stone Gray swimwear",TRUE,Color,Chalk White,Size,XXL,TWESSIE_EU_BT_0504-Chalk White-XXL,168.0,,10
twessie-au-bt-0505,Minimalist Obsidian Black Textured Bikini Top,<p>A statement piece in Econyl Sleek Satin. This bikini top combines architectural elegance design with impeccable craftsmanship. Available in Obsidian Black with Burnt Terracotta detailing. Not loud. Not obvious. Unmistakably Twessie.</p>,Twessie,Bikini Top,"architectural swimsuit, Econyl Sleek Satin bikini, minimalist bikini top, high-end swimwear, luxury Obsidian Black swimwear",TRUE,Color,Obsidian Black,Size,XS,TWESSIE_AU_BT_0505-Obsidian Black-XS,168.0,,10
twessie-au-bt-0505,Minimalist Obsidian Black Textured Bikini Top,<p>A statement piece in Econyl Sleek Satin. This bikini top combines architectural elegance design with impeccable craftsmanship. Available in Obsidian Black with Burnt Terracotta detailing. Not loud. Not obvious. Unmistakably Twessie.</p>,Twessie,Bikini Top,"architectural swimsuit, Econyl Sleek Satin bikini, minimalist bikini top, high-end swimwear, luxury Obsidian Black swimwear",TRUE,Color,Obsidian Black,Size,S,TWESSIE_AU_BT_0505-Obsidian Black-S,168.0,,10
twessie-au-bt-0505,Minimalist Obsidian Black Textured Bikini Top,<p>A statement piece in Econyl Sleek Satin. This bikini top combines architectural elegance design with impeccable craftsmanship. Available in Obsidian Black with Burnt Terracotta detailing. Not loud. Not obvious. Unmistakably Twessie.</p>,Twessie,Bikini Top,"architectural swimsuit, Econyl Sleek Satin bikini, minimalist bikini top, high-end swimwear, luxury Obsidian Black swimwear",TRUE,Color,Obsidian Black,Size,M,TWESSIE_AU_BT_0505-Obsidian Black-M,168.0,,10
twessie-au-bt-0505,Minimalist Obsidian Black Textured Bikini Top,<p>A statement piece in Econyl Sleek Satin. This bikini top combines architectural elegance design with impeccable craftsmanship. Available in Obsidian Black with Burnt Terracotta detailing. Not loud. Not obvious. Unmistakably Twessie.</p>,Twessie,Bikini Top,"architectural swimsuit, Econyl Sleek Satin bikini, minimalist bikini top, high-end swimwear, luxury Obsidian Black swimwear",TRUE,Color,Obsidian Black,Size,L,TWESSIE_AU_BT_0505-Obsidian Black-L,168.0,,10
twessie-au-bt-0505,Minimalist Obsidian Black Textured Bikini Top,<p>A statement piece in Econyl Sleek Satin. This bikini top combines architectural elegance design with impeccable craftsmanship. Available in Obsidian Black with Burnt Terracotta detailing. Not loud. Not obvious. Unmistakably Twessie.</p>,Twessie,Bikini Top,"architectural swimsuit, Econyl Sleek Satin bikini, minimalist bikini top, high-end swimwear, luxury Obsidian Black swimwear",TRUE,Color,Obsidian Black,Size,XL,TWESSIE_AU_BT_0505-Obsidian Black-XL,168.0,,10
twessie-au-bt-0505,Minimalist Obsidian Black Textured Bikini Top,<p>A statement piece in Econyl Sleek Satin. This bikini top combines architectural elegance design with impeccable craftsmanship. Available in Obsidian Black with Burnt Terracotta detailing. Not loud. Not obvious. Unmistakably Twessie.</p>,Twessie,Bikini Top,"architectural swimsuit, Econyl Sleek Satin bikini, minimalist bikini top, high-end swimwear, luxury Obsidian Black swimwear",TRUE,Color,Obsidian Black,Size,XXL,TWESSIE_AU_BT_0505-Obsidian Black-XXL,168.0,,10
twessie-au-bt-0505,Minimalist Obsidian Black Textured Bikini Top,<p>A statement piece in Econyl Sleek Satin. This bikini top combines architectural elegance design with impeccable craftsmanship. Available in Obsidian Black with Burnt Terracotta detailing. Not loud. Not obvious. Unmistakably Twessie.</p>,Twessie,Bikini Top,"architectural swimsuit, Econyl Sleek Satin bikini, minimalist bikini top, high-end swimwear, luxury Obsidian Black swimwear",TRUE,Color,Burnt Terracotta,Size,XS,TWESSIE_AU_BT_0505-Burnt Terracotta-XS,168.0,,10
twessie-au-bt-0505,Minimalist Obsidian Black Textured Bikini Top,<p>A statement piece in Econyl Sleek Satin. This bikini top combines architectural elegance design with impeccable craftsmanship. Available in Obsidian Black with Burnt Terracotta detailing. Not loud. Not obvious. Unmistakably Twessie.</p>,Twessie,Bikini Top,"architectural swimsuit, Econyl Sleek Satin bikini, minimalist bikini top, high-end swimwear, luxury Obsidian Black swimwear",TRUE,Color,Burnt Terracotta,Size,S,TWESSIE_AU_BT_0505-Burnt Terracotta-S,168.0,,10
twessie-au-bt-0505,Minimalist Obsidian Black Textured Bikini Top,<p>A statement piece in Econyl Sleek Satin. This bikini top combines architectural elegance design with impeccable craftsmanship. Available in Obsidian Black with Burnt Terracotta detailing. Not loud. Not obvious. Unmistakably Twessie.</p>,Twessie,Bikini Top,"architectural swimsuit, Econyl Sleek Satin bikini, minimalist bikini top, high-end swimwear, luxury Obsidian Black swimwear",TRUE,Color,Burnt Terracotta,Size,M,TWESSIE_AU_BT_0505-Burnt Terracotta-M,168.0,,10
twessie-au-bt-0505,Minimalist Obsidian Black Textured Bikini Top,<p>A statement piece in Econyl Sleek Satin. This bikini top combines architectural elegance design with impeccable craftsmanship. Available in Obsidian Black with Burnt Terracotta detailing. Not loud. Not obvious. Unmistakably Twessie.</p>,Twessie,Bikini Top,"architectural swimsuit, Econyl Sleek Satin bikini, minimalist bikini top, high-end swimwear, luxury Obsidian Black swimwear",TRUE,Color,Burnt Terracotta,Size,L,TWESSIE_AU_BT_0505-Burnt Terracotta-L,168.0,,10
twessie-au-bt-0505,Minimalist Obsidian Black Textured Bikini Top,<p>A statement piece in Econyl Sleek Satin. This bikini top combines architectural elegance design with impeccable craftsmanship. Available in Obsidian Black with Burnt Terracotta detailing. Not loud. Not obvious. Unmistakably Twessie.</p>,Twessie,Bikini Top,"architectural swimsuit, Econyl Sleek Satin bikini, minimalist bikini top, high-end swimwear, luxury Obsidian Black swimwear",TRUE,Color,Burnt Terracotta,Size,XL,TWESSIE_AU_BT_0505-Burnt Terracotta-XL,168.0,,10
twessie-au-bt-0505,Minimalist Obsidian Black Textured Bikini Top,<p>A statement piece in Econyl Sleek Satin. This bikini top combines architectural elegance design with impeccable craftsmanship. Available in Obsidian Black with Burnt Terracotta detailing. Not loud. Not obvious. Unmistakably Twessie.</p>,Twessie,Bikini Top,"architectural swimsuit, Econyl Sleek Satin bikini, minimalist bikini top, high-end swimwear, luxury Obsidian Black swimwear",TRUE,Color,Burnt Terracotta,Size,XXL,TWESSIE_AU_BT_0505-Burnt Terracotta-XXL,168.0,,10
twessie-na-op-0506,Minimalist Crinkled Seersucker One-Piece,"<p>Crinkled Seersucker construction meets architectural precision in this one-piece. Designed for the intelligent, independent woman. The Chalk White colorway with Stone Gray accents creates a sophisticated palette. Pure intelligent aesthetic elegance.</p>",Twessie,One-Piece,"architectural swimsuit, minimalist luxury, minimalist one-piece, Crinkled Seersucker bikini, high-end swimwear",TRUE,Color,Chalk White,Size,XS,TWESSIE_NA_OP_0506-Chalk White-XS,168.0,,10
twessie-na-op-0506,Minimalist Crinkled Seersucker One-Piece,"<p>Crinkled Seersucker construction meets architectural precision in this one-piece. Designed for the intelligent, independent woman. The Chalk White colorway with Stone Gray accents creates a sophisticated palette. Pure intelligent aesthetic elegance.</p>",Twessie,One-Piece,"architectural swimsuit, minimalist luxury, minimalist one-piece, Crinkled Seersucker bikini, high-end swimwear",TRUE,Color,Chalk White,Size,S,TWESSIE_NA_OP_0506-Chalk White-S,168.0,,10
twessie-na-op-0506,Minimalist Crinkled Seersucker One-Piece,"<p>Crinkled Seersucker construction meets architectural precision in this one-piece. Designed for the intelligent, independent woman. The Chalk White colorway with Stone Gray accents creates a sophisticated palette. Pure intelligent aesthetic elegance.</p>",Twessie,One-Piece,"architectural swimsuit, minimalist luxury, minimalist one-piece, Crinkled Seersucker bikini, high-end swimwear",TRUE,Color,Chalk White,Size,M,TWESSIE_NA_OP_0506-Chalk White-M,168.0,,10
twessie-na-op-0506,Minimalist Crinkled Seersucker One-Piece,"<p>Crinkled Seersucker construction meets architectural precision in this one-piece. Designed for the intelligent, independent woman. The Chalk White colorway with Stone Gray accents creates a sophisticated palette. Pure intelligent aesthetic elegance.</p>",Twessie,One-Piece,"architectural swimsuit, minimalist luxury, minimalist one-piece, Crinkled Seersucker bikini, high-end swimwear",TRUE,Color,Chalk White,Size,L,TWESSIE_NA_OP_0506-Chalk White-L,168.0,,10
twessie-na-op-0506,Minimalist Crinkled Seersucker One-Piece,"<p>Crinkled Seersucker construction meets architectural precision in this one-piece. Designed for the intelligent, independent woman. The Chalk White colorway with Stone Gray accents creates a sophisticated palette. Pure intelligent aesthetic elegance.</p>",Twessie,One-Piece,"architectural swimsuit, minimalist luxury, minimalist one-piece, Crinkled Seersucker bikini, high-end swimwear",TRUE,Color,Chalk White,Size,XL,TWESSIE_NA_OP_0506-Chalk White-XL,168.0,,10
twessie-na-op-0506,Minimalist Crinkled Seersucker One-Piece,"<p>Crinkled Seersucker construction meets architectural precision in this one-piece. Designed for the intelligent, independent woman. The Chalk White colorway with Stone Gray accents creates a sophisticated palette. Pure intelligent aesthetic elegance.</p>",Twessie,One-Piece,"architectural swimsuit, minimalist luxury, minimalist one-piece, Crinkled Seersucker bikini, high-end swimwear",TRUE,Color,Chalk White,Size,XXL,TWESSIE_NA_OP_0506-Chalk White-XXL,168.0,,10
twessie-na-op-0506,Minimalist Crinkled Seersucker One-Piece,"<p>Crinkled Seersucker construction meets architectural precision in this one-piece. Designed for the intelligent, independent woman. The Chalk White colorway with Stone Gray accents creates a sophisticated palette. Pure intelligent aesthetic elegance.</p>",Twessie,One-Piece,"architectural swimsuit, minimalist luxury, minimalist one-piece, Crinkled Seersucker bikini, high-end swimwear",TRUE,Color,Stone Gray,Size,XS,TWESSIE_NA_OP_0506-Stone Gray-XS,168.0,,10
twessie-na-op-0506,Minimalist Crinkled Seersucker One-Piece,"<p>Crinkled Seersucker construction meets architectural precision in this one-piece. Designed for the intelligent, independent woman. The Chalk White colorway with Stone Gray accents creates a sophisticated palette. Pure intelligent aesthetic elegance.</p>",Twessie,One-Piece,"architectural swimsuit, minimalist luxury, minimalist one-piece, Crinkled Seersucker bikini, high-end swimwear",TRUE,Color,Stone Gray,Size,S,TWESSIE_NA_OP_0506-Stone Gray-S,168.0,,10
twessie-na-op-0506,Minimalist Crinkled Seersucker One-Piece,"<p>Crinkled Seersucker construction meets architectural precision in this one-piece. Designed for the intelligent, independent woman. The Chalk White colorway with Stone Gray accents creates a sophisticated palette. Pure intelligent aesthetic elegance.</p>",Twessie,One-Piece,"architectural swimsuit, minimalist luxury, minimalist one-piece, Crinkled Seersucker bikini, high-end swimwear",TRUE,Color,Stone Gray,Size,M,TWESSIE_NA_OP_0506-Stone Gray-M,168.0,,10
twessie-na-op-0506,Minimalist Crinkled Seersucker One-Piece,"<p>Crinkled Seersucker construction meets architectural precision in this one-piece. Designed for the intelligent, independent woman. The Chalk White colorway with Stone Gray accents creates a sophisticated palette. Pure intelligent aesthetic elegance.</p>",Twessie,One-Piece,"architectural swimsuit, minimalist luxury, minimalist one-piece, Crinkled Seersucker bikini, high-end swimwear",TRUE,Color,Stone Gray,Size,L,TWESSIE_NA_OP_0506-Stone Gray-L,168.0,,10
twessie-na-op-0506,Minimalist Crinkled Seersucker One-Piece,"<p>Crinkled Seersucker construction meets architectural precision in this one-piece. Designed for the intelligent, independent woman. The Chalk White colorway with Stone Gray accents creates a sophisticated palette. Pure intelligent aesthetic elegance.</p>",Twessie,One-Piece,"architectural swimsuit, minimalist luxury, minimalist one-piece, Crinkled Seersucker bikini, high-end swimwear",TRUE,Color,Stone Gray,Size,XL,TWESSIE_NA_OP_0506-Stone Gray-XL,168.0,,10
twessie-na-op-0506,Minimalist Crinkled Seersucker One-Piece,"<p>Crinkled Seersucker construction meets architectural precision in this one-piece. Designed for the intelligent, independent woman. The Chalk White colorway with Stone Gray accents creates a sophisticated palette. Pure intelligent aesthetic elegance.</p>",Twessie,One-Piece,"architectural swimsuit, minimalist luxury, minimalist one-piece, Crinkled Seersucker bikini, high-end swimwear",TRUE,Color,Stone Gray,Size,XXL,TWESSIE_NA_OP_0506-Stone Gray-XXL,168.0,,10
twessie-sg-bb-0507,Structural Matte Ribbed Knit Bikini Bottom,<p>A statement piece in Matte Ribbed Knit. This bikini bottom combines rebellious yet refined design with impeccable craftsmanship. Available in Olive Drab with Burnt Terracotta detailing. Not loud. Not obvious. Unmistakably Twessie.</p>,Twessie,Bikini Bottom,"Matte Ribbed Knit bikini, independent fashion, high-end swimwear, minimalist luxury, minimalist bikini bottom",TRUE,Color,Olive Drab,Size,XS,TWESSIE_SG_BB_0507-Olive Drab-XS,168.0,,10
twessie-sg-bb-0507,Structural Matte Ribbed Knit Bikini Bottom,<p>A statement piece in Matte Ribbed Knit. This bikini bottom combines rebellious yet refined design with impeccable craftsmanship. Available in Olive Drab with Burnt Terracotta detailing. Not loud. Not obvious. Unmistakably Twessie.</p>,Twessie,Bikini Bottom,"Matte Ribbed Knit bikini, independent fashion, high-end swimwear, minimalist luxury, minimalist bikini bottom",TRUE,Color,Olive Drab,Size,S,TWESSIE_SG_BB_0507-Olive Drab-S,168.0,,10
twessie-sg-bb-0507,Structural Matte Ribbed Knit Bikini Bottom,<p>A statement piece in Matte Ribbed Knit. This bikini bottom combines rebellious yet refined design with impeccable craftsmanship. Available in Olive Drab with Burnt Terracotta detailing. Not loud. Not obvious. Unmistakably Twessie.</p>,Twessie,Bikini Bottom,"Matte Ribbed Knit bikini, independent fashion, high-end swimwear, minimalist luxury, minimalist bikini bottom",TRUE,Color,Olive Drab,Size,M,TWESSIE_SG_BB_0507-Olive Drab-M,168.0,,10
twessie-sg-bb-0507,Structural Matte Ribbed Knit Bikini Bottom,<p>A statement piece in Matte Ribbed Knit. This bikini bottom combines rebellious yet refined design with impeccable craftsmanship. Available in Olive Drab with Burnt Terracotta detailing. Not loud. Not obvious. Unmistakably Twessie.</p>,Twessie,Bikini Bottom,"Matte Ribbed Knit bikini, independent fashion, high-end swimwear, minimalist luxury, minimalist bikini bottom",TRUE,Color,Olive Drab,Size,L,TWESSIE_SG_BB_0507-Olive Drab-L,168.0,,10
twessie-sg-bb-0507,Structural Matte Ribbed Knit Bikini Bottom,<p>A statement piece in Matte Ribbed Knit. This bikini bottom combines rebellious yet refined design with impeccable craftsmanship. Available in Olive Drab with Burnt Terracotta detailing. Not loud. Not obvious. Unmistakably Twessie.</p>,Twessie,Bikini Bottom,"Matte Ribbed Knit bikini, independent fashion, high-end swimwear, minimalist luxury, minimalist bikini bottom",TRUE,Color,Olive Drab,Size,XL,TWESSIE_SG_BB_0507-Olive Drab-XL,168.0,,10
twessie-sg-bb-0507,Structural Matte Ribbed Knit Bikini Bottom,<p>A statement piece in Matte Ribbed Knit. This bikini bottom combines rebellious yet refined design with impeccable craftsmanship. Available in Olive Drab with Burnt Terracotta detailing. Not loud. Not obvious. Unmistakably Twessie.</p>,Twessie,Bikini Bottom,"Matte Ribbed Knit bikini, independent fashion, high-end swimwear, minimalist luxury, minimalist bikini bottom",TRUE,Color,Olive Drab,Size,XXL,TWESSIE_SG_BB_0507-Olive Drab-XXL,168.0,,10
twessie-sg-bb-0507,Structural Matte Ribbed Knit Bikini Bottom,<p>A statement piece in Matte Ribbed Knit. This bikini bottom combines rebellious yet refined design with impeccable craftsmanship. Available in Olive Drab with Burnt Terracotta detailing. Not loud. Not obvious. Unmistakably Twessie.</p>,Twessie,Bikini Bottom,"Matte Ribbed Knit bikini, independent fashion, high-end swimwear, minimalist luxury, minimalist bikini bottom",TRUE,Color,Burnt Terracotta,Size,XS,TWESSIE_SG_BB_0507-Burnt Terracotta-XS,168.0,,10
twessie-sg-bb-0507,Structural Matte Ribbed Knit Bikini Bottom,<p>A statement piece in Matte Ribbed Knit. This bikini bottom combines rebellious yet refined design with impeccable craftsmanship. Available in Olive Drab with Burnt Terracotta detailing. Not loud. Not obvious. Unmistakably Twessie.</p>,Twessie,Bikini Bottom,"Matte Ribbed Knit bikini, independent fashion, high-end swimwear, minimalist luxury, minimalist bikini bottom",TRUE,Color,Burnt Terracotta,Size,S,TWESSIE_SG_BB_0507-Burnt Terracotta-S,168.0,,10
twessie-sg-bb-0507,Structural Matte Ribbed Knit Bikini Bottom,<p>A statement piece in Matte Ribbed Knit. This bikini bottom combines rebellious yet refined design with impeccable craftsmanship. Available in Olive Drab with Burnt Terracotta detailing. Not loud. Not obvious. Unmistakably Twessie.</p>,Twessie,Bikini Bottom,"Matte Ribbed Knit bikini, independent fashion, high-end swimwear, minimalist luxury, minimalist bikini bottom",TRUE,Color,Burnt Terracotta,Size,M,TWESSIE_SG_BB_0507-Burnt Terracotta-M,168.0,,10
twessie-sg-bb-0507,Structural Matte Ribbed Knit Bikini Bottom,<p>A statement piece in Matte Ribbed Knit. This bikini bottom combines rebellious yet refined design with impeccable craftsmanship. Available in Olive Drab with Burnt Terracotta detailing. Not loud. Not obvious. Unmistakably Twessie.</p>,Twessie,Bikini Bottom,"Matte Ribbed Knit bikini, independent fashion, high-end swimwear, minimalist luxury, minimalist bikini bottom",TRUE,Color,Burnt Terracotta,Size,L,TWESSIE_SG_BB_0507-Burnt Terracotta-L,168.0,,10
twessie-sg-bb-0507,Structural Matte Ribbed Knit Bikini Bottom,<p>A statement piece in Matte Ribbed Knit. This bikini bottom combines rebellious yet refined design with impeccable craftsmanship. Available in Olive Drab with Burnt Terracotta detailing. Not loud. Not obvious. Unmistakably Twessie.</p>,Twessie,Bikini Bottom,"Matte Ribbed Knit bikini, independent fashion, high-end swimwear, minimalist luxury, minimalist bikini bottom",TRUE,Color,Burnt Terracotta,Size,XL,TWESSIE_SG_BB_0507-Burnt Terracotta-XL,168.0,,10
twessie-sg-bb-0507,Structural Matte Ribbed Knit Bikini Bottom,<p>A statement piece in Matte Ribbed Knit. This bikini bottom combines rebellious yet refined design with impeccable craftsmanship. Available in Olive Drab with Burnt Terracotta detailing. Not loud. Not obvious. Unmistakably Twessie.</p>,Twessie,Bikini Bottom,"Matte Ribbed Knit bikini, independent fashion, high-end swimwear, minimalist luxury, minimalist bikini bottom",TRUE,Color,Burnt Terracotta,Size,XXL,TWESSIE_SG_BB_0507-Burnt Terracotta-XXL,168.0,,10
twessie-eu-bt-0508,Crinkled Seersucker High-Waist Bikini Top in Stone Gray,"<p>Crinkled Seersucker construction meets architectural precision in this bikini top. Designed for the intelligent, independent woman. The Stone Gray colorway with Chalk White accents creates a sophisticated palette. Pure rebellious yet refined elegance.</p>",Twessie,Bikini Top,"independent fashion, minimalist bikini top, architectural swimsuit, minimalist luxury, high-end swimwear",TRUE,Color,Stone Gray,Size,XS,TWESSIE_EU_BT_0508-Stone Gray-XS,168.0,,10
twessie-eu-bt-0508,Crinkled Seersucker High-Waist Bikini Top in Stone Gray,"<p>Crinkled Seersucker construction meets architectural precision in this bikini top. Designed for the intelligent, independent woman. The Stone Gray colorway with Chalk White accents creates a sophisticated palette. Pure rebellious yet refined elegance.</p>",Twessie,Bikini Top,"independent fashion, minimalist bikini top, architectural swimsuit, minimalist luxury, high-end swimwear",TRUE,Color,Stone Gray,Size,S,TWESSIE_EU_BT_0508-Stone Gray-S,168.0,,10
twessie-eu-bt-0508,Crinkled Seersucker High-Waist Bikini Top in Stone Gray,"<p>Crinkled Seersucker construction meets architectural precision in this bikini top. Designed for the intelligent, independent woman. The Stone Gray colorway with Chalk White accents creates a sophisticated palette. Pure rebellious yet refined elegance.</p>",Twessie,Bikini Top,"independent fashion, minimalist bikini top, architectural swimsuit, minimalist luxury, high-end swimwear",TRUE,Color,Stone Gray,Size,M,TWESSIE_EU_BT_0508-Stone Gray-M,168.0,,10
twessie-eu-bt-0508,Crinkled Seersucker High-Waist Bikini Top in Stone Gray,"<p>Crinkled Seersucker construction meets architectural precision in this bikini top. Designed for the intelligent, independent woman. The Stone Gray colorway with Chalk White accents creates a sophisticated palette. Pure rebellious yet refined elegance.</p>",Twessie,Bikini Top,"independent fashion, minimalist bikini top, architectural swimsuit, minimalist luxury, high-end swimwear",TRUE,Color,Stone Gray,Size,L,TWESSIE_EU_BT_0508-Stone Gray-L,168.0,,10
twessie-eu-bt-0508,Crinkled Seersucker High-Waist Bikini Top in Stone Gray,"<p>Crinkled Seersucker construction meets architectural precision in this bikini top. Designed for the intelligent, independent woman. The Stone Gray colorway with Chalk White accents creates a sophisticated palette. Pure rebellious yet refined elegance.</p>",Twessie,Bikini Top,"independent fashion, minimalist bikini top, architectural swimsuit, minimalist luxury, high-end swimwear",TRUE,Color,Stone Gray,Size,XL,TWESSIE_EU_BT_0508-Stone Gray-XL,168.0,,10
twessie-eu-bt-0508,Crinkled Seersucker High-Waist Bikini Top in Stone Gray,"<p>Crinkled Seersucker construction meets architectural precision in this bikini top. Designed for the intelligent, independent woman. The Stone Gray colorway with Chalk White accents creates a sophisticated palette. Pure rebellious yet refined elegance.</p>",Twessie,Bikini Top,"independent fashion, minimalist bikini top, architectural swimsuit, minimalist luxury, high-end swimwear",TRUE,Color,Stone Gray,Size,XXL,TWESSIE_EU_BT_0508-Stone Gray-XXL,168.0,,10
twessie-eu-bt-0508,Crinkled Seersucker High-Waist Bikini Top in Stone Gray,"<p>Crinkled Seersucker construction meets architectural precision in this bikini top. Designed for the intelligent, independent woman. The Stone Gray colorway with Chalk White accents creates a sophisticated palette. Pure rebellious yet refined elegance.</p>",Twessie,Bikini Top,"independent fashion, minimalist bikini top, architectural swimsuit, minimalist luxury, high-end swimwear",TRUE,Color,Chalk White,Size,XS,TWESSIE_EU_BT_0508-Chalk White-XS,168.0,,10
twessie-eu-bt-0508,Crinkled Seersucker High-Waist Bikini Top in Stone Gray,"<p>Crinkled Seersucker construction meets architectural precision in this bikini top. Designed for the intelligent, independent woman. The Stone Gray colorway with Chalk White accents creates a sophisticated palette. Pure rebellious yet refined elegance.</p>",Twessie,Bikini Top,"independent fashion, minimalist bikini top, architectural swimsuit, minimalist luxury, high-end swimwear",TRUE,Color,Chalk White,Size,S,TWESSIE_EU_BT_0508-Chalk White-S,168.0,,10
twessie-eu-bt-0508,Crinkled Seersucker High-Waist Bikini Top in Stone Gray,"<p>Crinkled Seersucker construction meets architectural precision in this bikini top. Designed for the intelligent, independent woman. The Stone Gray colorway with Chalk White accents creates a sophisticated palette. Pure rebellious yet refined elegance.</p>",Twessie,Bikini Top,"independent fashion, minimalist bikini top, architectural swimsuit, minimalist luxury, high-end swimwear",TRUE,Color,Chalk White,Size,M,TWESSIE_EU_BT_0508-Chalk White-M,168.0,,10
twessie-eu-bt-0508,Crinkled Seersucker High-Waist Bikini Top in Stone Gray,"<p>Crinkled Seersucker construction meets architectural precision in this bikini top. Designed for the intelligent, independent woman. The Stone Gray colorway with Chalk White accents creates a sophisticated palette. Pure rebellious yet refined elegance.</p>",Twessie,Bikini Top,"independent fashion, minimalist bikini top, architectural swimsuit, minimalist luxury, high-end swimwear",TRUE,Color,Chalk White,Size,L,TWESSIE_EU_BT_0508-Chalk White-L,168.0,,10
twessie-eu-bt-0508,Crinkled Seersucker High-Waist Bikini Top in Stone Gray,"<p>Crinkled Seersucker construction meets architectural precision in this bikini top. Designed for the intelligent, independent woman. The Stone Gray colorway with Chalk White accents creates a sophisticated palette. Pure rebellious yet refined elegance.</p>",Twessie,Bikini Top,"independent fashion, minimalist bikini top, architectural swimsuit, minimalist luxury, high-end swimwear",TRUE,Color,Chalk White,Size,XL,TWESSIE_EU_BT_0508-Chalk White-XL,168.0,,10
twessie-eu-bt-0508,Crinkled Seersucker High-Waist Bikini Top in Stone Gray,"<p>Crinkled Seersucker construction meets architectural precision in this bikini top. Designed for the intelligent, independent woman. The Stone Gray colorway with Chalk White accents creates a sophisticated palette. Pure rebellious yet refined elegance.</p>",Twessie,Bikini Top,"independent fashion, minimalist bikini top, architectural swimsuit, minimalist luxury, high-end swimwear",TRUE,Color,Chalk White,Size,XXL,TWESSIE_EU_BT_0508-Chalk White-XXL,168.0,,10
twessie-na-ha-0509,Minimalist Halter Extension - Obsidian Black,<p>A statement piece in Econyl Sleek Satin. This halter strap accessory combines minimalist luxury design with impeccable craftsmanship. Available in Obsidian Black with Chalk White detailing. Not loud. Not obvious. Unmistakably Twessie.</p>,Twessie,Halter Strap Accessory,"independent fashion, luxury Obsidian Black swimwear, Econyl Sleek Satin bikini, architectural swimsuit, minimalist luxury",TRUE,Color,Obsidian Black,Size,XS,TWESSIE_NA_HA_0509-Obsidian Black-XS,168.0,,10
twessie-na-ha-0509,Minimalist Halter Extension - Obsidian Black,<p>A statement piece in Econyl Sleek Satin. This halter strap accessory combines minimalist luxury design with impeccable craftsmanship. Available in Obsidian Black with Chalk White detailing. Not loud. Not obvious. Unmistakably Twessie.</p>,Twessie,Halter Strap Accessory,"independent fashion, luxury Obsidian Black swimwear, Econyl Sleek Satin bikini, architectural swimsuit, minimalist luxury",TRUE,Color,Obsidian Black,Size,S,TWESSIE_NA_HA_0509-Obsidian Black-S,168.0,,10
twessie-na-ha-0509,Minimalist Halter Extension - Obsidian Black,<p>A statement piece in Econyl Sleek Satin. This halter strap accessory combines minimalist luxury design with impeccable craftsmanship. Available in Obsidian Black with Chalk White detailing. Not loud. Not obvious. Unmistakably Twessie.</p>,Twessie,Halter Strap Accessory,"independent fashion, luxury Obsidian Black swimwear, Econyl Sleek Satin bikini, architectural swimsuit, minimalist luxury",TRUE,Color,Obsidian Black,Size,M,TWESSIE_NA_HA_0509-Obsidian Black-M,168.0,,10
twessie-na-ha-0509,Minimalist Halter Extension - Obsidian Black,<p>A statement piece in Econyl Sleek Satin. This halter strap accessory combines minimalist luxury design with impeccable craftsmanship. Available in Obsidian Black with Chalk White detailing. Not loud. Not obvious. Unmistakably Twessie.</p>,Twessie,Halter Strap Accessory,"independent fashion, luxury Obsidian Black swimwear, Econyl Sleek Satin bikini, architectural swimsuit, minimalist luxury",TRUE,Color,Obsidian Black,Size,L,TWESSIE_NA_HA_0509-Obsidian Black-L,168.0,,10
twessie-na-ha-0509,Minimalist Halter Extension - Obsidian Black,<p>A statement piece in Econyl Sleek Satin. This halter strap accessory combines minimalist luxury design with impeccable craftsmanship. Available in Obsidian Black with Chalk White detailing. Not loud. Not obvious. Unmistakably Twessie.</p>,Twessie,Halter Strap Accessory,"independent fashion, luxury Obsidian Black swimwear, Econyl Sleek Satin bikini, architectural swimsuit, minimalist luxury",TRUE,Color,Obsidian Black,Size,XL,TWESSIE_NA_HA_0509-Obsidian Black-XL,168.0,,10
twessie-na-ha-0509,Minimalist Halter Extension - Obsidian Black,<p>A statement piece in Econyl Sleek Satin. This halter strap accessory combines minimalist luxury design with impeccable craftsmanship. Available in Obsidian Black with Chalk White detailing. Not loud. Not obvious. Unmistakably Twessie.</p>,Twessie,Halter Strap Accessory,"independent fashion, luxury Obsidian Black swimwear, Econyl Sleek Satin bikini, architectural swimsuit, minimalist luxury",TRUE,Color,Obsidian Black,Size,XXL,TWESSIE_NA_HA_0509-Obsidian Black-XXL,168.0,,10
twessie-na-ha-0509,Minimalist Halter Extension - Obsidian Black,<p>A statement piece in Econyl Sleek Satin. This halter strap accessory combines minimalist luxury design with impeccable craftsmanship. Available in Obsidian Black with Chalk White detailing. Not loud. Not obvious. Unmistakably Twessie.</p>,Twessie,Halter Strap Accessory,"independent fashion, luxury Obsidian Black swimwear, Econyl Sleek Satin bikini, architectural swimsuit, minimalist luxury",TRUE,Color,Chalk White,Size,XS,TWESSIE_NA_HA_0509-Chalk White-XS,168.0,,10
twessie-na-ha-0509,Minimalist Halter Extension - Obsidian Black,<p>A statement piece in Econyl Sleek Satin. This halter strap accessory combines minimalist luxury design with impeccable craftsmanship. Available in Obsidian Black with Chalk White detailing. Not loud. Not obvious. Unmistakably Twessie.</p>,Twessie,Halter Strap Accessory,"independent fashion, luxury Obsidian Black swimwear, Econyl Sleek Satin bikini, architectural swimsuit, minimalist luxury",TRUE,Color,Chalk White,Size,S,TWESSIE_NA_HA_0509-Chalk White-S,168.0,,10
twessie-na-ha-0509,Minimalist Halter Extension - Obsidian Black,<p>A statement piece in Econyl Sleek Satin. This halter strap accessory combines minimalist luxury design with impeccable craftsmanship. Available in Obsidian Black with Chalk White detailing. Not loud. Not obvious. Unmistakably Twessie.</p>,Twessie,Halter Strap Accessory,"independent fashion, luxury Obsidian Black swimwear, Econyl Sleek Satin bikini, architectural swimsuit, minimalist luxury",TRUE,Color,Chalk White,Size,M,TWESSIE_NA_HA_0509-Chalk White-M,168.0,,10
twessie-na-ha-0509,Minimalist Halter Extension - Obsidian Black,<p>A statement piece in Econyl Sleek Satin. This halter strap accessory combines minimalist luxury design with impeccable craftsmanship. Available in Obsidian Black with Chalk White detailing. Not loud. Not obvious. Unmistakably Twessie.</p>,Twessie,Halter Strap Accessory,"independent fashion, luxury Obsidian Black swimwear, Econyl Sleek Satin bikini, architectural swimsuit, minimalist luxury",TRUE,Color,Chalk White,Size,L,TWESSIE_NA_HA_0509-Chalk White-L,168.0,,10
twessie-na-ha-0509,Minimalist Halter Extension - Obsidian Black,<p>A statement piece in Econyl Sleek Satin. This halter strap accessory combines minimalist luxury design with impeccable craftsmanship. Available in Obsidian Black with Chalk White detailing. Not loud. Not obvious. Unmistakably Twessie.</p>,Twessie,Halter Strap Accessory,"independent fashion, luxury Obsidian Black swimwear, Econyl Sleek Satin bikini, architectural swimsuit, minimalist luxury",TRUE,Color,Chalk White,Size,XL,TWESSIE_NA_HA_0509-Chalk White-XL,168.0,,10
twessie-na-ha-0509,Minimalist Halter Extension - Obsidian Black,<p>A statement piece in Econyl Sleek Satin. This halter strap accessory combines minimalist luxury design with impeccable craftsmanship. Available in Obsidian Black with Chalk White detailing. Not loud. Not obvious. Unmistakably Twessie.</p>,Twessie,Halter Strap Accessory,"independent fashion, luxury Obsidian Black swimwear, Econyl Sleek Satin bikini, architectural swimsuit, minimalist luxury",TRUE,Color,Chalk White,Size,XXL,TWESSIE_NA_HA_0509-Chalk White-XXL,168.0,,10
twessie-jp-bt-0510,Minimalist Obsidian Black Textured Bikini Top,<p>Crafted in premium Econyl Sleek Satin with Matte Ribbed Knit accents. This bikini top epitomizes architectural elegance luxury. Featuring color-blocking in Obsidian Black and Olive Drab. Perfect for the discerning swimmer who refuses the obvious.</p>,Twessie,Bikini Top,"Econyl Sleek Satin bikini, luxury Obsidian Black swimwear, architectural swimsuit, high-end swimwear, minimalist luxury",TRUE,Color,Obsidian Black,Size,XS,TWESSIE_JP_BT_0510-Obsidian Black-XS,168.0,,10
twessie-jp-bt-0510,Minimalist Obsidian Black Textured Bikini Top,<p>Crafted in premium Econyl Sleek Satin with Matte Ribbed Knit accents. This bikini top epitomizes architectural elegance luxury. Featuring color-blocking in Obsidian Black and Olive Drab. Perfect for the discerning swimmer who refuses the obvious.</p>,Twessie,Bikini Top,"Econyl Sleek Satin bikini, luxury Obsidian Black swimwear, architectural swimsuit, high-end swimwear, minimalist luxury",TRUE,Color,Obsidian Black,Size,S,TWESSIE_JP_BT_0510-Obsidian Black-S,168.0,,10
twessie-jp-bt-0510,Minimalist Obsidian Black Textured Bikini Top,<p>Crafted in premium Econyl Sleek Satin with Matte Ribbed Knit accents. This bikini top epitomizes architectural elegance luxury. Featuring color-blocking in Obsidian Black and Olive Drab. Perfect for the discerning swimmer who refuses the obvious.</p>,Twessie,Bikini Top,"Econyl Sleek Satin bikini, luxury Obsidian Black swimwear, architectural swimsuit, high-end swimwear, minimalist luxury",TRUE,Color,Obsidian Black,Size,M,TWESSIE_JP_BT_0510-Obsidian Black-M,168.0,,10
twessie-jp-bt-0510,Minimalist Obsidian Black Textured Bikini Top,<p>Crafted in premium Econyl Sleek Satin with Matte Ribbed Knit accents. This bikini top epitomizes architectural elegance luxury. Featuring color-blocking in Obsidian Black and Olive Drab. Perfect for the discerning swimmer who refuses the obvious.</p>,Twessie,Bikini Top,"Econyl Sleek Satin bikini, luxury Obsidian Black swimwear, architectural swimsuit, high-end swimwear, minimalist luxury",TRUE,Color,Obsidian Black,Size,L,TWESSIE_JP_BT_0510-Obsidian Black-L,168.0,,10
twessie-jp-bt-0510,Minimalist Obsidian Black Textured Bikini Top,<p>Crafted in premium Econyl Sleek Satin with Matte Ribbed Knit accents. This bikini top epitomizes architectural elegance luxury. Featuring color-blocking in Obsidian Black and Olive Drab. Perfect for the discerning swimmer who refuses the obvious.</p>,Twessie,Bikini Top,"Econyl Sleek Satin bikini, luxury Obsidian Black swimwear, architectural swimsuit, high-end swimwear, minimalist luxury",TRUE,Color,Obsidian Black,Size,XL,TWESSIE_JP_BT_0510-Obsidian Black-XL,168.0,,10
twessie-jp-bt-0510,Minimalist Obsidian Black Textured Bikini Top,<p>Crafted in premium Econyl Sleek Satin with Matte Ribbed Knit accents. This bikini top epitomizes architectural elegance luxury. Featuring color-blocking in Obsidian Black and Olive Drab. Perfect for the discerning swimmer who refuses the obvious.</p>,Twessie,Bikini Top,"Econyl Sleek Satin bikini, luxury Obsidian Black swimwear, architectural swimsuit, high-end swimwear, minimalist luxury",TRUE,Color,Obsidian Black,Size,XXL,TWESSIE_JP_BT_0510-Obsidian Black-XXL,168.0,,10
twessie-jp-bt-0510,Minimalist Obsidian Black Textured Bikini Top,<p>Crafted in premium Econyl Sleek Satin with Matte Ribbed Knit accents. This bikini top epitomizes architectural elegance luxury. Featuring color-blocking in Obsidian Black and Olive Drab. Perfect for the discerning swimmer who refuses the obvious.</p>,Twessie,Bikini Top,"Econyl Sleek Satin bikini, luxury Obsidian Black swimwear, architectural swimsuit, high-end swimwear, minimalist luxury",TRUE,Color,Olive Drab,Size,XS,TWESSIE_JP_BT_0510-Olive Drab-XS,168.0,,10
twessie-jp-bt-0510,Minimalist Obsidian Black Textured Bikini Top,<p>Crafted in premium Econyl Sleek Satin with Matte Ribbed Knit accents. This bikini top epitomizes architectural elegance luxury. Featuring color-blocking in Obsidian Black and Olive Drab. Perfect for the discerning swimmer who refuses the obvious.</p>,Twessie,Bikini Top,"Econyl Sleek Satin bikini, luxury Obsidian Black swimwear, architectural swimsuit, high-end swimwear, minimalist luxury",TRUE,Color,Olive Drab,Size,S,TWESSIE_JP_BT_0510-Olive Drab-S,168.0,,10
twessie-jp-bt-0510,Minimalist Obsidian Black Textured Bikini Top,<p>Crafted in premium Econyl Sleek Satin with Matte Ribbed Knit accents. This bikini top epitomizes architectural elegance luxury. Featuring color-blocking in Obsidian Black and Olive Drab. Perfect for the discerning swimmer who refuses the obvious.</p>,Twessie,Bikini Top,"Econyl Sleek Satin bikini, luxury Obsidian Black swimwear, architectural swimsuit, high-end swimwear, minimalist luxury",TRUE,Color,Olive Drab,Size,M,TWESSIE_JP_BT_0510-Olive Drab-M,168.0,,10
twessie-jp-bt-0510,Minimalist Obsidian Black Textured Bikini Top,<p>Crafted in premium Econyl Sleek Satin with Matte Ribbed Knit accents. This bikini top epitomizes architectural elegance luxury. Featuring color-blocking in Obsidian Black and Olive Drab. Perfect for the discerning swimmer who refuses the obvious.</p>,Twessie,Bikini Top,"Econyl Sleek Satin bikini, luxury Obsidian Black swimwear, architectural swimsuit, high-end swimwear, minimalist luxury",TRUE,Color,Olive Drab,Size,L,TWESSIE_JP_BT_0510-Olive Drab-L,168.0,,10
twessie-jp-bt-0510,Minimalist Obsidian Black Textured Bikini Top,<p>Crafted in premium Econyl Sleek Satin with Matte Ribbed Knit accents. This bikini top epitomizes architectural elegance luxury. Featuring color-blocking in Obsidian Black and Olive Drab. Perfect for the discerning swimmer who refuses the obvious.</p>,Twessie,Bikini Top,"Econyl Sleek Satin bikini, luxury Obsidian Black swimwear, architectural swimsuit, high-end swimwear, minimalist luxury",TRUE,Color,Olive Drab,Size,XL,TWESSIE_JP_BT_0510-Olive Drab-XL,168.0,,10
twessie-jp-bt-0510,Minimalist Obsidian Black Textured Bikini Top,<p>Crafted in premium Econyl Sleek Satin with Matte Ribbed Knit accents. This bikini top epitomizes architectural elegance luxury. Featuring color-blocking in Obsidian Black and Olive Drab. Perfect for the discerning swimmer who refuses the obvious.</p>,Twessie,Bikini Top,"Econyl Sleek Satin bikini, luxury Obsidian Black swimwear, architectural swimsuit, high-end swimwear, minimalist luxury",TRUE,Color,Olive Drab,Size,XXL,TWESSIE_JP_BT_0510-Olive Drab-XXL,168.0,,10
